pub static GB_TO_BIG5: [u16; 8178] = [
    0xa140, 0xa142, 0xa143, 0xa150, 0xa3bc, 0xa3be, 0xa14c, 0xa1b2, 0x0000, 0xa277, 0xa1e3, 0xa1fc,
    0xa14b, 0xa1a5, 0xa1a6, 0xa1a7, 0xa1a8, 0xa165, 0xa166, 0xa171, 0xa172, 0xa16d, 0xa16e, 0xa175,
    0xa176, 0xa179, 0xa17a, 0x0000, 0x0000, 0xa169, 0xa16a, 0xa1d3, 0xa1d1, 0xa1d2, 0xa14a, 0xa173,
    0xa174, 0xa355, 0xa353, 0xa1e5, 0xa1e4, 0x0000, 0x0000, 0xa1d4, 0xa1e6, 0xa1fc, 0xa1e7, 0x0000,
    0xa1f3, 0xa1ec, 0xa1ed, 0xa1dd, 0x0000, 0xa1dc, 0x0000, 0x0000, 0xa1da, 0x0000, 0x0000, 0xa1d8,
    0xa1d9, 0xa1db, 0xa1ee, 0xa1ef, 0xa1f1, 0xa1f0, 0xa258, 0xa1ac, 0xa1aa, 0xa24a, 0xa243, 0x0000,
    0xa246, 0xa247, 0x0000, 0xa1b1, 0x0000, 0xa1b8, 0xa1b9, 0xa1b3, 0xa1b4, 0xa1b7, 0xa1ba, 0xa1bb,
    0xa1bc, 0xa1bd, 0xa1b5, 0xa1b6, 0xa1b0, 0xa1f7, 0xa1f6, 0xa1f4, 0xa1f5, 0x0000, 0x0000, 0x0000,
    0x0000, 0x0000, 0x0000, 0x0000, 0x0000, 0x0000, 0x0000, 0x0000, 0x0000, 0x0000, 0x0000, 0x0000,
    0x0000, 0x0000, 0x0000, 0x0000, 0x0000, 0x0000, 0x0000, 0x0000, 0x0000, 0x0000, 0x0000, 0x0000,
    0x0000, 0x0000, 0x0000, 0x0000, 0x0000, 0x0000, 0x0000, 0x0000, 0x0000, 0x0000, 0x0000, 0x0000,
    0x0000, 0x0000, 0x0000, 0x0000, 0x0000, 0x0000, 0x0000, 0x0000, 0x0000, 0x0000, 0x0000, 0x0000,
    0x0000, 0x0000, 0x0000, 0x0000, 0x0000, 0x0000, 0x0000, 0x0000, 0x0000, 0x0000, 0x0000, 0x0000,
    0x0000, 0x0000, 0x0000, 0x0000, 0x0000, 0x0000, 0x0000, 0x0000, 0x0000, 0x0000, 0x0000, 0x0000,
    0x0000, 0x0000, 0x0000, 0x0000, 0x0000, 0x0000, 0xa2b9, 0xa2ba, 0xa2bb, 0xa2bc, 0xa2bd, 0xa2be,
    0xa2bf, 0xa2c0, 0xa2c1, 0xa2c2, 0x0000, 0x0000, 0x0000, 0x0000, 0xa149, 0xa1aa, 0xa1ad, 0xa244,
    0xa248, 0xa1ae, 0x0000, 0xa15d, 0xa15e, 0xa1af, 0xa1cf, 0xa141, 0xa1d0, 0xa144, 0xa1fe, 0xa2af,
    0xa2b0, 0xa2b1, 0xa2b2, 0xa2b3, 0xa2b4, 0xa2b5, 0xa2b6, 0xa2b7, 0xa2b8, 0xa147, 0xa146, 0xa1d5,
    0xa1d7, 0xa1d6, 0xa148, 0xa249, 0xa2cf, 0xa2d0, 0xa2d1, 0xa2d2, 0xa2d3, 0xa2d4, 0xa2d5, 0xa2d6,
    0xa2d7, 0xa2d8, 0xa2d9, 0xa2da, 0xa2db, 0xa2dc, 0xa2dd, 0xa2de, 0xa2df, 0xa2e0, 0xa2e1, 0xa2e2,
    0xa2e3, 0xa2e4, 0xa2e5, 0xa2e6, 0xa2e7, 0xa2e8, 0xa1a3, 0xa240, 0xa1a4, 0x0000, 0xa1c4, 0xa1ab,
    0xa2e9, 0xa2ea, 0xa2eb, 0xa2ec, 0xa2ed, 0xa2ee, 0xa2ef, 0xa2f0, 0xa2f1, 0xa2f2, 0xa2f3, 0xa2f4,
    0xa2f5, 0xa2f6, 0xa2f7, 0xa2f8, 0xa2f9, 0xa2fa, 0xa2fb, 0xa2fc, 0xa2fd, 0xa2fe, 0xa340, 0xa341,
    0xa342, 0xa343, 0xa161, 0xa155, 0xa162, 0xa1c3, 0x0000, 0x0000, 0x0000, 0x0000, 0x0000, 0x0000,
    0x0000, 0x0000, 0x0000, 0x0000, 0x0000, 0x0000, 0x0000, 0x0000, 0x0000, 0x0000, 0x0000, 0x0000,
    0x0000, 0x0000, 0x0000, 0x0000, 0x0000, 0x0000, 0x0000, 0x0000, 0x0000, 0x0000, 0x0000, 0x0000,
    0x0000, 0x0000, 0x0000, 0x0000, 0x0000, 0x0000, 0x0000, 0x0000, 0x0000, 0x0000, 0x0000, 0x0000,
    0x0000, 0x0000, 0x0000, 0x0000, 0x0000, 0x0000, 0x0000, 0x0000, 0x0000, 0x0000, 0x0000, 0x0000,
    0x0000, 0x0000, 0x0000, 0x0000, 0x0000, 0x0000, 0x0000, 0x0000, 0x0000, 0x0000, 0x0000, 0x0000,
    0x0000, 0x0000, 0x0000, 0x0000, 0x0000, 0x0000, 0x0000, 0x0000, 0x0000, 0x0000, 0x0000, 0x0000,
    0x0000, 0x0000, 0x0000, 0x0000, 0x0000, 0x0000, 0x0000, 0x0000, 0x0000, 0x0000, 0x0000, 0x0000,
    0x0000, 0x0000, 0x0000, 0x0000, 0x0000, 0x0000, 0x0000, 0x0000, 0x0000, 0x0000, 0x0000, 0x0000,
    0x0000, 0x0000, 0x0000, 0x0000, 0x0000, 0x0000, 0x0000, 0x0000, 0x0000, 0x0000, 0x0000, 0x0000,
    0x0000, 0x0000, 0x0000, 0x0000, 0x0000, 0x0000, 0x0000, 0x0000, 0x0000, 0x0000, 0x0000, 0x0000,
    0x0000, 0x0000, 0x0000, 0x0000, 0x0000, 0x0000, 0x0000, 0x0000, 0x0000, 0x0000, 0x0000, 0x0000,
    0x0000, 0x0000, 0x0000, 0x0000, 0x0000, 0x0000, 0x0000, 0x0000, 0x0000, 0x0000, 0x0000, 0x0000,
    0x0000, 0x0000, 0x0000, 0x0000, 0x0000, 0x0000, 0x0000, 0x0000, 0x0000, 0x0000, 0x0000, 0x0000,
    0x0000, 0x0000, 0x0000, 0x0000, 0x0000, 0x0000, 0x0000, 0x0000, 0x0000, 0x0000, 0x0000, 0x0000,
    0x0000, 0x0000, 0x0000, 0x0000, 0x0000, 0x0000, 0x0000, 0x0000, 0x0000, 0x0000, 0x0000, 0x0000,
    0x0000, 0x0000, 0xa344, 0xa345, 0xa346, 0xa347, 0xa348, 0xa349, 0xa34a, 0xa34b, 0xa34c, 0xa34d,
    0xa34e, 0xa34f, 0xa350, 0xa351, 0xa352, 0xa353, 0xa354, 0xa355, 0xa356, 0xa357, 0xa358, 0xa359,
    0xa35a, 0xa35b, 0x0000, 0x0000, 0x0000, 0x0000, 0x0000, 0x0000, 0x0000, 0x0000, 0xa35c, 0xa35d,
    0xa35e, 0xa35f, 0xa360, 0xa361, 0xa362, 0xa363, 0xa364, 0xa365, 0xa366, 0xa367, 0xa368, 0xa369,
    0xa36a, 0xa36b, 0xa36c, 0xa36d, 0xa36e, 0xa36f, 0xa370, 0xa371, 0xa372, 0xa373, 0x0000, 0x0000,
    0x0000, 0x0000, 0x0000, 0x0000, 0x0000, 0x0000, 0x0000, 0x0000, 0x0000, 0x0000, 0x0000, 0x0000,
    0x0000, 0x0000, 0x0000, 0x0000, 0x0000, 0x0000, 0x0000, 0x0000, 0x0000, 0x0000, 0x0000, 0x0000,
    0x0000, 0x0000, 0x0000, 0x0000, 0x0000, 0x0000, 0x0000, 0x0000, 0x0000, 0x0000, 0x0000, 0x0000,
    0x0000, 0x0000, 0x0000, 0x0000, 0x0000, 0x0000, 0x0000, 0x0000, 0x0000, 0x0000, 0x0000, 0x0000,
    0x0000, 0x0000, 0x0000, 0x0000, 0x0000, 0x0000, 0x0000, 0x0000, 0x0000, 0x0000, 0x0000, 0x0000,
    0x0000, 0x0000, 0x0000, 0x0000, 0x0000, 0x0000, 0x0000, 0x0000, 0x0000, 0x0000, 0x0000, 0x0000,
    0x0000, 0x0000, 0x0000, 0x0000, 0x0000, 0x0000, 0x0000, 0x0000, 0x0000, 0x0000, 0x0000, 0x0000,
    0x0000, 0x0000, 0x0000, 0x0000, 0x0000, 0x0000, 0x0000, 0x0000, 0x0000, 0x0000, 0x0000, 0x0000,
    0x0000, 0x0000, 0x0000, 0x0000, 0x0000, 0x0000, 0x0000, 0x0000, 0x0000, 0x0000, 0x0000, 0x0000,
    0x0000, 0x0000, 0x0000, 0x0000, 0x0000, 0x0000, 0x0000, 0x0000, 0x0000, 0x0000, 0x0000, 0x0000,
    0x0000, 0x0000, 0x0000, 0x0000, 0x0000, 0x0000, 0x0000, 0x0000, 0x0000, 0x0000, 0x0000, 0x0000,
    0x0000, 0x0000, 0x0000, 0x0000, 0x0000, 0x0000, 0x0000, 0x0000, 0x0000, 0x0000, 0x0000, 0x0000,
    0x0000, 0x0000, 0x0000, 0x0000, 0x0000, 0x0000, 0x0000, 0x0000, 0x0000, 0x0000, 0x0000, 0x0000,
    0x0000, 0x0000, 0x0000, 0x0000, 0x0000, 0x0000, 0x0000, 0x0000, 0x0000, 0x0000, 0xa374, 0xa375,
    0xa376, 0xa377, 0xa378, 0xa379, 0xa37a, 0xa37b, 0xa37c, 0xa37d, 0xa37e, 0xa3a1, 0xa3a2, 0xa3a3,
    0xa3a4, 0xa3a5, 0xa3a6, 0xa3a7, 0xa3a8, 0xa3a9, 0xa3aa, 0xa3ab, 0xa3ac, 0xa3ad, 0xa3ae, 0xa3af,
    0xa3b0, 0xa3b1, 0xa3b2, 0xa3b3, 0xa3b4, 0xa3b5, 0xa3b6, 0xa3b7, 0xa3b8, 0xa3b9, 0xa3ba, 0x0000,
    0x0000, 0x0000, 0x0000, 0x0000, 0x0000, 0x0000, 0x0000, 0x0000, 0x0000, 0x0000, 0x0000, 0x0000,
    0x0000, 0x0000, 0x0000, 0x0000, 0x0000, 0x0000, 0x0000, 0x0000, 0x0000, 0x0000, 0x0000, 0xa277,
    0xa277, 0xa278, 0xa278, 0x0000, 0x0000, 0x0000, 0x0000, 0x0000, 0x0000, 0x0000, 0x0000, 0xa27a,
    0x0000, 0x0000, 0xa27a, 0xa27b, 0x0000, 0x0000, 0xa27b, 0xa27c, 0x0000, 0x0000, 0xa27c, 0xa27d,
    0x0000, 0x0000, 0xa27d, 0xa275, 0x0000, 0x0000, 0x0000, 0x0000, 0x0000, 0x0000, 0xa275, 0xa274,
    0x0000, 0x0000, 0x0000, 0x0000, 0x0000, 0x0000, 0xa274, 0xa273, 0x0000, 0x0000, 0x0000, 0x0000,
    0x0000, 0x0000, 0xa273, 0xa272, 0x0000, 0x0000, 0x0000, 0x0000, 0x0000, 0x0000, 0xa272, 0xa271,
    0x0000, 0x0000, 0x0000, 0x0000, 0x0000, 0x0000, 0x0000, 0x0000, 0x0000, 0x0000, 0x0000, 0x0000,
    0x0000, 0x0000, 0xa271, 0x0000, 0x0000, 0x0000, 0x0000, 0x0000, 0x0000, 0x0000, 0x0000, 0x0000,
    0x0000, 0x0000, 0x0000, 0x0000, 0x0000, 0x0000, 0x0000, 0x0000, 0x0000, 0x0000, 0x0000, 0x0000,
    0x0000, 0x0000, 0x0000, 0x0000, 0x0000, 0x0000, 0x0000, 0x0000, 0x0000, 0x0000, 0x0000, 0x0000,
    0x0000, 0x0000, 0x0000, 0x0000, 0x0000, 0x0000, 0x0000, 0x0000, 0x0000, 0x0000, 0x0000, 0x0000,
    0x0000, 0x0000, 0x0000, 0x0000, 0x0000, 0x0000, 0x0000, 0x0000, 0x0000, 0x0000, 0x0000, 0x0000,
    0x0000, 0x0000, 0x0000, 0x0000, 0x0000, 0x0000, 0x0000, 0x0000, 0x0000, 0x0000, 0x0000, 0x0000,
    0x0000, 0x0000, 0x0000, 0x0000, 0x0000, 0x0000, 0x0000, 0x0000, 0x0000, 0x0000, 0x0000, 0x0000,
    0x0000, 0x0000, 0x0000, 0x0000, 0x0000, 0x0000, 0x0000, 0x0000, 0x0000, 0x0000, 0x0000, 0x0000,
    0x0000, 0x0000, 0x0000, 0x0000, 0x0000, 0x0000, 0x0000, 0x0000, 0x0000, 0x0000, 0x0000, 0x0000,
    0x0000, 0x0000, 0x0000, 0x0000, 0x0000, 0x0000, 0x0000, 0x0000, 0x0000, 0x0000, 0x0000, 0x0000,
    0x0000, 0x0000, 0x0000, 0x0000, 0x0000, 0x0000, 0x0000, 0x0000, 0x0000, 0x0000, 0x0000, 0x0000,
    0x0000, 0x0000, 0x0000, 0x0000, 0x0000, 0x0000, 0x0000, 0x0000, 0x0000, 0x0000, 0x0000, 0x0000,
    0x0000, 0x0000, 0x0000, 0x0000, 0x0000, 0x0000, 0x0000, 0x0000, 0x0000, 0x0000, 0x0000, 0x0000,
    0x0000, 0x0000, 0x0000, 0x0000, 0x0000, 0x0000, 0x0000, 0x0000, 0x0000, 0x0000, 0x0000, 0x0000,
    0x0000, 0x0000, 0x0000, 0x0000, 0x0000, 0x0000, 0x0000, 0x0000, 0x0000, 0x0000, 0x0000, 0x0000,
    0x0000, 0x0000, 0x0000, 0x0000, 0x0000, 0x0000, 0x0000, 0x0000, 0x0000, 0x0000, 0x0000, 0x0000,
    0x0000, 0x0000, 0x0000, 0x0000, 0x0000, 0x0000, 0x0000, 0x0000, 0x0000, 0x0000, 0x0000, 0x0000,
    0x0000, 0x0000, 0x0000, 0x0000, 0x0000, 0x0000, 0x0000, 0x0000, 0x0000, 0x0000, 0x0000, 0x0000,
    0x0000, 0x0000, 0x0000, 0x0000, 0x0000, 0x0000, 0x0000, 0x0000, 0x0000, 0x0000, 0x0000, 0x0000,
    0x0000, 0x0000, 0x0000, 0x0000, 0x0000, 0x0000, 0x0000, 0x0000, 0x0000, 0x0000, 0x0000, 0x0000,
    0x0000, 0x0000, 0x0000, 0x0000, 0x0000, 0x0000, 0x0000, 0x0000, 0x0000, 0x0000, 0x0000, 0x0000,
    0x0000, 0x0000, 0x0000, 0x0000, 0x0000, 0x0000, 0x0000, 0x0000, 0x0000, 0x0000, 0x0000, 0x0000,
    0x0000, 0x0000, 0x0000, 0x0000, 0x0000, 0x0000, 0x0000, 0x0000, 0x0000, 0x0000, 0x0000, 0x0000,
    0x0000, 0x0000, 0x0000, 0x0000, 0x0000, 0x0000, 0x0000, 0x0000, 0x0000, 0x0000, 0x0000, 0x0000,
    0x0000, 0x0000, 0x0000, 0x0000, 0x0000, 0x0000, 0x0000, 0x0000, 0x0000, 0x0000, 0x0000, 0x0000,
    0x0000, 0x0000, 0x0000, 0x0000, 0x0000, 0x0000, 0x0000, 0x0000, 0x0000, 0x0000, 0x0000, 0x0000,
    0x0000, 0x0000, 0x0000, 0x0000, 0x0000, 0x0000, 0x0000, 0x0000, 0x0000, 0x0000, 0x0000, 0x0000,
    0x0000, 0x0000, 0x0000, 0x0000, 0x0000, 0x0000, 0x0000, 0x0000, 0x0000, 0x0000, 0x0000, 0x0000,
    0x0000, 0x0000, 0x0000, 0x0000, 0x0000, 0x0000, 0x0000, 0x0000, 0x0000, 0x0000, 0x0000, 0x0000,
    0x0000, 0x0000, 0x0000, 0x0000, 0x0000, 0x0000, 0x0000, 0x0000, 0x0000, 0x0000, 0x0000, 0x0000,
    0x0000, 0x0000, 0x0000, 0x0000, 0x0000, 0x0000, 0x0000, 0x0000, 0x0000, 0x0000, 0x0000, 0x0000,
    0x0000, 0x0000, 0x0000, 0x0000, 0x0000, 0x0000, 0x0000, 0x0000, 0x0000, 0x0000, 0x0000, 0x0000,
    0x0000, 0x0000, 0x0000, 0x0000, 0x0000, 0x0000, 0x0000, 0x0000, 0x0000, 0x0000, 0x0000, 0x0000,
    0x0000, 0x0000, 0x0000, 0x0000, 0x0000, 0x0000, 0x0000, 0x0000, 0x0000, 0x0000, 0x0000, 0x0000,
    0x0000, 0x0000, 0x0000, 0x0000, 0x0000, 0x0000, 0x0000, 0x0000, 0x0000, 0x0000, 0x0000, 0x0000,
    0x0000, 0x0000, 0x0000, 0x0000, 0x0000, 0x0000, 0x0000, 0x0000, 0x0000, 0x0000, 0x0000, 0x0000,
    0x0000, 0x0000, 0x0000, 0x0000, 0x0000, 0x0000, 0x0000, 0x0000, 0x0000, 0x0000, 0x0000, 0x0000,
    0x0000, 0x0000, 0x0000, 0x0000, 0x0000, 0x0000, 0x0000, 0x0000, 0x0000, 0x0000, 0x0000, 0x0000,
    0x0000, 0x0000, 0x0000, 0x0000, 0x0000, 0x0000, 0x0000, 0x0000, 0x0000, 0x0000, 0x0000, 0x0000,
    0x0000, 0x0000, 0x0000, 0x0000, 0x0000, 0x0000, 0x0000, 0x0000, 0x0000, 0x0000, 0x0000, 0x0000,
    0x0000, 0x0000, 0x0000, 0x0000, 0x0000, 0x0000, 0x0000, 0x0000, 0x0000, 0x0000, 0x0000, 0x0000,
    0x0000, 0x0000, 0x0000, 0x0000, 0x0000, 0x0000, 0x0000, 0x0000, 0x0000, 0x0000, 0x0000, 0x0000,
    0x0000, 0x0000, 0x0000, 0x0000, 0x0000, 0x0000, 0x0000, 0x0000, 0x0000, 0x0000, 0x0000, 0x0000,
    0x0000, 0x0000, 0x0000, 0x0000, 0x0000, 0x0000, 0x0000, 0x0000, 0x0000, 0x0000, 0x0000, 0x0000,
    0x0000, 0x0000, 0x0000, 0x0000, 0x0000, 0x0000, 0x0000, 0x0000, 0x0000, 0x0000, 0x0000, 0x0000,
    0x0000, 0x0000, 0x0000, 0x0000, 0x0000, 0x0000, 0x0000, 0x0000, 0x0000, 0x0000, 0x0000, 0x0000,
    0x0000, 0x0000, 0x0000, 0x0000, 0x0000, 0x0000, 0x0000, 0x0000, 0x0000, 0x0000, 0x0000, 0x0000,
    0x0000, 0x0000, 0x0000, 0x0000, 0x0000, 0x0000, 0x0000, 0x0000, 0x0000, 0x0000, 0x0000, 0x0000,
    0x0000, 0x0000, 0x0000, 0x0000, 0x0000, 0x0000, 0xb0da, 0xaafc, 0xae4a, 0xaec1, 0xab75, 0xadfc,
    0xab73, 0xbd4a, 0xc0f9, 0xc4a7, 0xb847, 0xa6e3, 0xc3aa, 0xb752, 0xb969, 0xbe62, 0xaef2, 0xa677,
    0xadcd, 0xabf6, 0xb774, 0xa9a4, 0xd369, 0xaed7, 0xbbea, 0xa9f9, 0xaf73, 0xa557, 0xb1ce, 0xbcf5,
    0xbfac, 0xc3cd, 0xb6c6, 0xb6f8, 0xbed2, 0xbf44, 0xaadd, 0xaec3, 0xa5b6, 0xa57a, 0xa761, 0xafb9,
    0xa44b, 0xaccd, 0xa4da, 0xa9de, 0xb65b, 0xb976, 0xa7e2, 0xafd2, 0xc5f2, 0xc551, 0xbd7d, 0xaaa8,
    0xa5d5, 0xac66, 0xa6ca, 0xc25c, 0xa8d5, 0xb1d1, 0xabf4, 0xdefb, 0xb4b3, 0xaf5a, 0xb768, 0xa7e6,
    0xafeb, 0xb97b, 0xaa4f, 0xaaa9, 0xa7ea, 0xa9d5, 0xa6f1, 0xc3a4, 0xa562, 0xbfec, 0xb2cc, 0xa8b9,
    0xc0b0, 0xb1f5, 0xba5d, 0xbb48, 0xb86a, 0xb4ce, 0xbd53, 0xb046, 0xc2e9, 0xb3c4, 0xc1bd, 0xad63,
    0xad4d, 0xa55d, 0xbdc7, 0xade9, 0xc1a1, 0xb972, 0xab4f, 0xb3f9, 0xb9a1, 0xc45f, 0xa9ea, 0xb3f8,
    0xbcc9, 0xb05c, 0xc06a, 0xc37a, 0xaa4d, 0xb84f, 0xb464, 0xa8f5, 0xa55f, 0xbdfa, 0xad49, 0xa8a9,
    0xbe58, 0xadbf, 0xaf56, 0xb3c6, 0xbece, 0xb548, 0xb351, 0xa962, 0xad66, 0xa5bb, 0xb2c2, 0xb159,
    0xc15e, 0xacc7, 0xaca6, 0xc2db, 0xb06e, 0xb947, 0xbbf3, 0xa4f1, 0xbbc0, 0xb5a7, 0xa9bc, 0xbad1,
    0xe3c9, 0xbdaa, 0xb2a6, 0xc0c5, 0xcf68, 0xb9f4, 0xa7c8, 0xb7f4, 0xb3ac, 0xb1cd, 0xb9fa, 0xa5b2,
    0xc550, 0xbec0, 0xc175, 0xc1d7, 0xb0a1, 0xc340, 0xc3e4, 0xbd73, 0xb653, 0xabf3, 0xab4b, 0xc5dc,
    0xa4cb, 0xbfeb, 0xc547, 0xc47c, 0xb94d, 0xbcd0, 0xb343, 0xbda8, 0xaaed, 0xc5be, 0xe578, 0xa74f,
    0xc3a7, 0xb16c, 0xd979, 0xc378, 0xc0d8, 0xbbab, 0xece8, 0xa74c, 0xa642, 0xac60, 0xa4fe, 0xaac3,
    0xbbe6, 0xacb1, 0xaf66, 0xa8c3, 0xacc1, 0xb5d4, 0xbcbd, 0xbcb7, 0xb2da, 0xaa69, 0xb3d5, 0xab6b,
    0xb769, 0xb960, 0xbae4, 0xa742, 0xa9ad, 0xb2ed, 0xb2e4, 0xbb4b, 0xb4f1, 0xaa79, 0xbbe9, 0xaeb7,
    0xa452, 0xadf7, 0xb8c9, 0xb0f0, 0xa4a3, 0xa5ac, 0xa842, 0xc3af, 0xb3a1, 0xa9c6, 0xc0bf, 0xb271,
    0xb5f4, 0xa7f7, 0xa47e, 0xb05d, 0xb842, 0xbdf2, 0xb1c4, 0xb16d, 0xb5e6, 0xbdb2, 0xc05c, 0xb0d1,
    0xc5fa, 0xb4dd, 0xba46, 0xba47, 0xc0e9, 0xbb61, 0xbfb5, 0xaddc, 0xb7c9, 0xc2c3, 0xbede, 0xc157,
    0xbcd1, 0xb1e4, 0xaff3, 0xb45a, 0xb5a6, 0xb0bc, 0xa555, 0xb4fa, 0xbc68, 0xf34f, 0xb4a1, 0xa465,
    0xd3b3, 0xaff9, 0xac64, 0xe2ed, 0xb767, 0xb9ee, 0xa7c3, 0xae74, 0xb8d2, 0xa9ee, 0xaee3, 0xb05b,
    0xc465, 0xba55, 0xc2cd, 0xc661, 0xc5fe, 0xc4f1, 0xc3ea, 0xb2a3, 0xc4c4, 0xc5b8, 0xa9f7, 0xb273,
    0xb3f5, 0xb9c1, 0xb160, 0xaaf8, 0xc076, 0xb87a, 0xbc74, 0xb4af, 0xba5a, 0xb0db, 0xadd2, 0xb657,
    0xa7db, 0xb672, 0xb4c2, 0xbc4a, 0xbce9, 0xb15f, 0xa76e, 0xaaa3, 0xa8ae, 0xa7e8, 0xba4d, 0xb477,
    0xb9fd, 0xbaab, 0xd7eb, 0xa6da, 0xa8b0, 0xb9d0, 0xb1e1, 0xa7d5, 0xa849, 0xb3af, 0xb658, 0xc5a8,
    0xbcb5, 0xbad9, 0xabb0, 0xbeed, 0xa6a8, 0xa765, 0xadbc, 0xb57b, 0xc367, 0xbce1, 0xb8db, 0xa9d3,
    0xb378, 0xc1fe, 0xafaf, 0xa659, 0xc3a8, 0xabf9, 0xb0cd, 0xa6c0, 0xbff0, 0xa6a2, 0xb9a3, 0xaea2,
    0xbea6, 0xa8d7, 0xa4d8, 0xa8aa, 0xafcd, 0xa5b8, 0xbf4b, 0xa552, 0xbdc4, 0xc2ce, 0xb152, 0xc364,
    0xa9e2, 0xb953, 0xc3a5, 0xc543, 0xb859, 0xb754, 0xc477, 0xa4b3, 0xbaf7, 0xe2e4, 0xc1e0, 0xafe4,
    0xaaec, 0xa558, 0xc36f, 0xbc70, 0xc3dc, 0xbe53, 0xc2fa, 0xde51, 0xb0a3, 0xb7a1, 0xc2a6, 0xc078,
    0xc5f7, 0xdd7a, 0xc4b2, 0xb342, 0xb4a2, 0xa474, 0xacef, 0xdddc, 0xb6c7, 0xb2ee, 0xb3dd, 0xa6ea,
    0xbd48, 0xb5a1, 0xbc6c, 0xa7c9, 0xc2f4, 0xb3d0, 0xa76a, 0xaaa4, 0xb4a8, 0xc2f1, 0xabab, 0xac4b,
    0xddcf, 0xbe4a, 0xae42, 0xb245, 0xafc2, 0xc4f8, 0xc257, 0xbaef, 0xb2ab, 0xaffd, 0xbacf, 0xbbdb,
    0xc3e3, 0xb74f, 0xb2a1, 0xb5fc, 0xa6b9, 0xa8eb, 0xbde7, 0xa6b8, 0xc16f, 0xbdb5, 0xa777, 0xa55e,
    0xb171, 0xc24f, 0xb4ea, 0xb2ca, 0xbe4c, 0xc14c, 0xab50, 0xf94f, 0xbf79, 0xc2ab, 0xba52, 0xb15a,
    0xb6ca, 0xafdc, 0xb7f1, 0xbae9, 0xb266, 0xbb41, 0xa7f8, 0xa673, 0xa46f, 0xbd52, 0xbcbc, 0xb762,
    0xb1b9, 0xaec0, 0xbff9, 0xb766, 0xb946, 0xb5aa, 0xbd44, 0xa5b4, 0xa46a, 0xa762, 0xa4ef, 0xd856,
    0xc0b9, 0xb161, 0xac70, 0xa54e, 0xb655, 0xb355, 0xabdd, 0xb665, 0xabe5, 0xafd4, 0xbee1, 0xa4a6,
    0xb3e6, 0xe858, 0xbcc2, 0xc178, 0xa5b9, 0xb4e1, 0xa6fd, 0xbcaa, 0xb248, 0xbdcf, 0xbc75, 0xb34a,
    0xb7ed, 0xbed7, 0xc4d2, 0xbfba, 0xc0c9, 0xa44d, 0xb76f, 0xc1d0, 0xadcb, 0xae71, 0xc3ab, 0xbec9,
    0xa8ec, 0xbd5f, 0xb1a5, 0xb944, 0xb573, 0xbc77, 0xb16f, 0xaaba, 0xc3de, 0xbf4f, 0xb56e, 0xb5a5,
    0xc0fc, 0xb9b9, 0xbe48, 0xb3f6, 0xa743, 0xba77, 0xad7d, 0xbcc4, 0xb2c3, 0xa866, 0xbab0, 0xbb43,
    0xb9de, 0xa9e8, 0xa9b3, 0xa661, 0xb8a6, 0xb2c4, 0xabd2, 0xa7cc, 0xbbbc, 0xbd6c, 0xc441, 0xd569,
    0xb7bf, 0xb84b, 0xc249, 0xa8e5, 0xc051, 0xb9d4, 0xb971, 0xa6fa, 0xa86c, 0xa9b1, 0xb17d, 0xb3fe,
    0xbefd, 0xb7b5, 0xb84d, 0xa570, 0xc04a, 0xade4, 0xa44e, 0xb1bc, 0xa651, 0xb3a8, 0xbdd5, 0xb65e,
    0xaf52, 0xbad0, 0xbdba, 0xada1, 0xbfd2, 0xc57c, 0xa442, 0xa86e, 0xa56d, 0xb076, 0xb3bb, 0xb9a9,
    0xbff5, 0xa977, 0xad71, 0xa5e1, 0xaa46, 0xa556, 0xb8b3, 0xc0b4, 0xb0ca, 0xb4c9, 0xcbbe, 0xabf0,
    0xade1, 0xac7d, 0xb0c2, 0xa7dd, 0xb0ab, 0xb07e, 0xa8a7, 0xb372, 0xb56b, 0xb3a3, 0xb7fe, 0xac72,
    0xc37d, 0xbf57, 0xc5aa, 0xb0f4, 0xb840, 0xbde4, 0xa7f9, 0xc1e1, 0xa87b, 0xabd7, 0xb4e7, 0xa7aa,
    0xbadd, 0xb575, 0xc1eb, 0xac71, 0xc25f, 0xbd76, 0xb0ef, 0xa749, 0xb6a4, 0xb9ef, 0xbc5b, 0xbeb7,
    0xc3db, 0xb4b0, 0xb979, 0xa779, 0xb677, 0xacde, 0xb950, 0xd573, 0xce47, 0xa668, 0xb9dc, 0xce57,
    0xb8fa, 0xa6b7, 0xb8f6, 0xb2eb, 0xa8ef, 0xb46b, 0xbc5a, 0xb8bf, 0xae6f, 0xc35a, 0xab58, 0xc342,
    0xb35f, 0xae5a, 0xb463, 0xa4cc, 0xa7e3, 0xb94b, 0xb66b, 0xbe6a, 0xaea6, 0xa6d3, 0xa8e0, 0xa6d5,
    0xbab8, 0xbbe7, 0xac7c, 0xa447, 0xb64c, 0xb56f, 0xbb40, 0xb5ad, 0xa5ef, 0xa546, 0xbbd6, 0xaa6b,
    0xb557, 0xc3bf, 0xa67c, 0xb566, 0xc2bd, 0xbcd4, 0xc473, 0xb3ab, 0xc163, 0xa45a, 0xb7d0, 0xa4cf,
    0xaaf0, 0xbd64, 0xb363, 0xa5c7, 0xb6ba, 0xaa78, 0xa77b, 0xaada, 0xa4e8, 0xaad5, 0xa9d0, 0xa8be,
    0xa7ab, 0xa5e9, 0xb358, 0xafbc, 0xa9f1, 0xb5e1, 0xab44, 0xb0d8, 0xadb8, 0xaace, 0xadea, 0xbdda,
    0xa770, 0xaacd, 0xbc6f, 0xaa6d, 0xb64f, 0xaae2, 0xd7f4, 0xa768, 0xaa5e, 0xa4c0, 0xafc9, 0xbc58,
    0xb549, 0xa857, 0xafbb, 0xbec4, 0xa5f7, 0xa9c1, 0xbcab, 0xc154, 0xc2d7, 0xabca, 0xb7ac, 0xb8c1,
    0xae70, 0xbe57, 0xadb7, 0xbac6, 0xb26c, 0xb37b, 0xb6be, 0xc15f, 0xbfd8, 0xa95e, 0xbbf1, 0xa6f2,
    0xa75f, 0xa4d2, 0xbcc5, 0xbda7, 0xb9e5, 0xa7df, 0xa9d8, 0xbfe7, 0xb454, 0xac74, 0xb2c5, 0xa5f1,
    0xab52, 0xaa41, 0xaf42, 0xb265, 0xbad6, 0xb5f6, 0xa5b1, 0xa86a, 0xbcbe, 0xbbb2, 0xadc1, 0xb079,
    0xa9f2, 0xb2e3, 0xb5c6, 0xa9b2, 0xbb47, 0xad75, 0xb0c6, 0xc2d0, 0xbde1, 0xb45f, 0xb3c5, 0xa549,
    0xaafa, 0xa4f7, 0xb8a1, 0xad74, 0xb449, 0xad72, 0xaafe, 0xb0fc, 0xbfa3, 0xa94a, 0xbebf, 0xb9c7,
    0xb8d3, 0xa7ef, 0xb7a7, 0xb674, 0xbb5c, 0xb540, 0xb746, 0xa5cc, 0xb1ec, 0xac61, 0xacf1, 0xa878,
    0xbbb0, 0xb750, 0xb57a, 0xb4b1, 0xc642, 0xa9a3, 0xade8, 0xbffb, 0xacfb, 0xa87a, 0xbaf5, 0xb15e,
    0xb4e4, 0xba62, 0xbf74, 0xaf6f, 0xb0aa, 0xbb49, 0xafcc, 0xbf7c, 0xb764, 0xc2ee, 0xbd5a, 0xa769,
    0xadf4, 0xba71, 0xc0c1, 0xa4e0, 0xc246, 0xafde, 0xaab8, 0xb3ce, 0xadb2, 0xb8af, 0xaee6, 0xb5f0,
    0xbbd5, 0xb96a, 0xbbcc, 0xadd3, 0xa655, 0xb5b9, 0xaeda, 0xb8f2, 0xafd1, 0xa7f3, 0xa9b0, 0xc3bc,
    0xae47, 0xafd5, 0xb1f0, 0xa475, 0xa7f0, 0xa55c, 0xaea5, 0xc5c7, 0xa8d1, 0xb060, 0xa4bd, 0xae63,
    0xa47d, 0xbe64, 0xa845, 0xabfd, 0xb05e, 0xa640, 0xb95f, 0xa4c4, 0xb7be, 0xad65, 0xaaaf, 0xabaf,
    0xba63, 0xc1ca, 0xb0f7, 0xb664, 0xdba3, 0xa942, 0xe354, 0xa6f4, 0xaa66, 0xa974, 0xa968, 0xb9aa,
    0xa56a, 0xc5db, 0xb0a9, 0xa8a6, 0xaad1, 0xac47, 0xc555, 0xa954, 0xb6b1, 0xa8ed, 0xa5ca, 0xd46c,
    0xb9e8, 0xb1be, 0xbb6f, 0xa8c4, 0xa9e4, 0xa9c7, 0xb4c3, 0xc3f6, 0xa978, 0xab61, 0xc65b, 0xbade,
    0xc05d, 0xc5f8, 0xba44, 0xc4e9, 0xb365, 0xa5fa, 0xbc73, 0xb37d, 0xbac0, 0xb357, 0xa663, 0xd6ba,
    0xc26b, 0xc074, 0xbbd3, 0xad79, 0xb0ad, 0xb8de, 0xacd1, 0xaedb, 0xc264, 0xb8f7, 0xb651, 0xbc44,
    0xbe40, 0xba75, 0xb4d2, 0xc1e7, 0xb3a2, 0xb0ea, 0xaa47, 0xbb71, 0xb94c, 0xaba2, 0xc065, 0xabc4,
    0xaefc, 0xaef3, 0xa5e8, 0xae60, 0xc062, 0xb66f, 0xe977, 0xcdd5, 0xc1fa, 0xa774, 0xb25b, 0xb448,
    0xa8e7, 0xb3db, 0xa875, 0xbfab, 0xbed9, 0xaec2, 0xa7f2, 0xbed1, 0xaeab, 0xb26b, 0xa6bd, 0xba7e,
    0xc971, 0xaa43, 0xafe8, 0xc0a2, 0xc07a, 0xbba8, 0xb240, 0xb071, 0xa66e, 0xafd3, 0xb8b9, 0xaf45,
    0xa8fe, 0xb3dc, 0xb2fc, 0xdb5d, 0xaed6, 0xa5dd, 0xa94d, 0xa6f3, 0xa658, 0xb2b0, 0xb8e8, 0xbbd2,
    0xaa65, 0xb255, 0xbbae, 0xbdc5, 0xc562, 0xb650, 0xbc4b, 0xb6c2, 0xb2aa, 0xabdc, 0xacbd, 0xabeb,
    0xadf3, 0xa6eb, 0xbeee, 0xbfc5, 0xabed, 0xc546, 0xaba1, 0xaf4d, 0xad69, 0xc245, 0xac78, 0xa7bb,
    0xa5b0, 0xacf5, 0xb3ef, 0xab4a, 0xb555, 0xa771, 0xab70, 0xadd4, 0xabe1, 0xa949, 0xa547, 0xa9bf,
    0xb7e4, 0xb3fd, 0xb8ac, 0xad4a, 0xbdb9, 0xaab0, 0xbd6b, 0xb4f2, 0xa9b7, 0xaaea, 0xb0e4, 0xc540,
    0xa4ac, 0xbaad, 0xa4e1, 0xaae1, 0xbc4d, 0xb5d8, 0xb7e2, 0xb7c6, 0xb565, 0xb9ba, 0xa4c6, 0xb8dc,
    0xba69, 0xabde, 0xc368, 0xb261, 0xc361, 0xc577, 0xc0f4, 0xaed9, 0xc1d9, 0xbd77, 0xb4ab, 0xb177,
    0xb3ea, 0xbac8, 0xb8e6, 0xb7d8, 0xb541, 0xabc6, 0xa4db, 0xafee, 0xb757, 0xb6c0, 0xc144, 0xbdc0,
    0xc2ae, 0xacd3, 0xb0c4, 0xb471, 0xb7d7, 0xaecc, 0xb745, 0xabe9, 0xc1c0, 0xa6c7, 0xb4a7, 0xbdf7,
    0xc0b2, 0xabec, 0xb5ee, 0xa65e, 0xb7b4, 0xaeac, 0xbc7a, 0xa563, 0xb466, 0xb1e2, 0xb8ec, 0xc2a9,
    0xb77c, 0xc0ed, 0xb6d7, 0xbfd0, 0xbba3, 0xc3b8, 0xb8a7, 0xa9fc, 0xb142, 0xbbee, 0xb4fd, 0xb256,
    0xc1c5, 0xaca1, 0xa5eb, 0xa4f5, 0xc0f2, 0xa9ce, 0xb462, 0xc04e, 0xb366, 0xbad7, 0xc0bb, 0xa7a3,
    0xb0f2, 0xbef7, 0xb7ee, 0xbd5d, 0xbf6e, 0xbadf, 0xa6d9, 0xb0a7, 0xc2dd, 0xbf45, 0xc3d5, 0xc2fb,
    0xae56, 0xc15a, 0xbd72, 0xa64e, 0xb7a5, 0xb4c6, 0xbfe8, 0xc479, 0xb6b0, 0xa4ce, 0xabe6, 0xaf65,
    0xa856, 0xa759, 0xb6fa, 0xafc5, 0xc0bd, 0xb458, 0xafe1, 0xa476, 0xc1aa, 0xa7de, 0xbeac, 0xa975,
    0xc9ab, 0xb2bd, 0xbeaf, 0xb1aa, 0xc0d9, 0xb148, 0xb149, 0xad70, 0xb04f, 0xac4a, 0xa7d2, 0xbbda,
    0xa7b2, 0xc47e, 0xacf6, 0xb9c5, 0xcf45, 0xa7a8, 0xa8ce, 0xae61, 0xa55b, 0xb2f3, 0xc055, 0xb8eb,
    0xa5d2, 0xb95b, 0xb0b2, 0xbd5b, 0xbbf9, 0xac5b, 0xbe72, 0xb6f9, 0xc4e8, 0xbaca, 0xb0ed, 0xa679,
    0xbae0, 0xb6a1, 0xb7ce, 0xaddd, 0xaad3, 0xc17d, 0xa66c, 0xbd70, 0xc3b5, 0xc0cb, 0xac5a, 0xd8ac,
    0xc650, 0xb47a, 0xbedf, 0xc2b2, 0xbbfc, 0xb0c5, 0xb4ee, 0xc2cb, 0xc265, 0xc5b2, 0xbdee, 0xbde2,
    0xa8a3, 0xc1e4, 0xbd62, 0xa5f3, 0xb0b7, 0xc4a5, 0xbc43, 0xc05e, 0xbaa5, 0xc271, 0xbcee, 0xabd8,
    0xbbf8, 0xabb8, 0xb14e, 0xbcdf, 0xa6bf, 0xc3a6, 0xbdb1, 0xbcd5, 0xbcfa, 0xc1bf, 0xa64b, 0xc2e6,
    0xadb0, 0xbfbc, 0xb4d4, 0xc147, 0xb54a, 0xbda6, 0xa5e6, 0xada5, 0xbce5, 0xc5ba, 0xbc62, 0xc45a,
    0xc5cd, 0xbbc7, 0xc142, 0xb9ae, 0xb87d, 0xacbe, 0xa8a4, 0xbbe5, 0xc3ba, 0xb5b1, 0xb6d3, 0xb1d0,
    0xbbc3, 0xc3e2, 0xb8fb, 0xa573, 0xb5a2, 0xb4a6, 0xb1b5, 0xacd2, 0xd6c5, 0xb5f3, 0xb6a5, 0xba49,
    0xa754, 0xb860, 0xaedc, 0xb3c7, 0xb1b6, 0xb7fb, 0xbadc, 0xbce4, 0xb5b2, 0xb8d1, 0xa96a, 0xa7d9,
    0xc2c7, 0xaae3, 0xacc9, 0xadc9, 0xa4b6, 0xacce, 0xbb7c, 0xa9a1, 0xa479, 0xb5ac, 0xa4e7, 0xaaf7,
    0xa4b5, 0xac7a, 0xc3cc, 0xbaf2, 0xc041, 0xb6c8, 0xc2d4, 0xb669, 0xe0da, 0xaeca, 0xb854, 0xaaf1,
    0xc275, 0xaefb, 0xbac9, 0xab6c, 0xaff0, 0xb9b8, 0xb2f4, 0xb7fa, 0xb4b9, 0xc448, 0xa8ca, 0xc5e5,
    0xbaeb, 0xb865, 0xb867, 0xa4ab, 0xc4b5, 0xb4ba, 0xc056, 0xc052, 0xb9d2, 0xb771, 0xc3e8, 0xae7c,
    0xb56a, 0xb974, 0xb3ba, 0xc476, 0xb262, 0xacb3, 0xb57e, 0xb4aa, 0xa873, 0xaac8, 0xa868, 0xadb4,
    0xa45b, 0xa862, 0xa445, 0xb073, 0xb45c, 0xb1cf, 0xc2c2, 0xa6dd, 0xb8a4, 0xa953, 0xb44e, 0xaab9,
    0xc1f9, 0xa9eb, 0xaaae, 0xaf6a, 0xa97e, 0xbe73, 0xb5e2, 0xa7bd, 0xa943, 0xaf78, 0xc17c, 0xaa71,
    0xbb45, 0xa9da, 0xbeda, 0xa5a8, 0xa8e3, 0xb65a, 0xbdf5, 0xbff7, 0xadd1, 0xa579, 0xc4df, 0xacb2,
    0xbc40, 0xaebd, 0xc359, 0xae53, 0xadc2, 0xb2b2, 0xa8f7, 0xb868, 0xe5b1, 0xc5cc, 0xa7e0, 0xb1b8,
    0xadcf, 0xc0ef, 0xc4b1, 0xa84d, 0xb35a, 0xb5b4, 0xa7a1, 0xb5df, 0xb676, 0xad78, 0xa767, 0xae6d,
    0xab54, 0xb5a4, 0xaf43, 0xb070, 0xc240, 0xb3d8, 0xa940, 0xa564, 0xaba3, 0xb67d, 0xb47b, 0xb7a2,
    0xb3cd, 0xb46e, 0xa55a, 0xb3f4, 0xb0c9, 0xa7a2, 0xace5, 0xacdd, 0xb164, 0xba42, 0xc152, 0xa6aa,
    0xa7dc, 0xa4ae, 0xaaa1, 0xa6d2, 0xabfe, 0xaf4e, 0xbe61, 0xa956, 0xad56, 0xac5f, 0xb4ca, 0xbd57,
    0xc1fb, 0xacec, 0xb4df, 0xab79, 0xa569, 0xb4f7, 0xa74a, 0xa8e8, 0xabc8, 0xbdd2, 0xaad6, 0xb0d9,
    0xbec1, 0xc0b5, 0xa77c, 0xa75c, 0xaac5, 0xaea3, 0xa4d5, 0xb1b1, 0xe1e0, 0xa466, 0xa6a9, 0xb146,
    0xac5c, 0xadfa, 0xb85d, 0xad57, 0xbbc5, 0xae77, 0xbfc7, 0xb8d8, 0xabb1, 0xced8, 0xb8f3, 0xafe3,
    0xb6f4, 0xb85f, 0xbbfb, 0xa7d6, 0xbc65, 0xb4da, 0xa64a, 0xb5a8, 0xa867, 0xaed8, 0xc471, 0xb2b5,
    0xc36d, 0xaa70, 0xc1ab, 0xb2af, 0xf5c9, 0xbf73, 0xb8aa, 0xabb6, 0xbbed, 0xb3c8, 0xf558, 0xb75c,
    0xbcec, 0xa95b, 0xa9f8, 0xaeb9, 0xa778, 0xac41, 0xc258, 0xb9f8, 0xc1ef, 0xa955, 0xa9d4, 0xb3e2,
    0xc4fa, 0xc3be, 0xbbb6, 0xb0d5, 0xb5dc, 0xa8d3, 0xbfe0, 0xc2c5, 0xb0fd, 0xc4e6, 0xc464, 0xc478,
    0xc1f1, 0xc4f5, 0xc469, 0xf8c2, 0xc5f3, 0xc4fd, 0xc369, 0xc66c, 0xc4ea, 0xc0dd, 0xb277, 0xb77d,
    0xaf54, 0xb459, 0xada6, 0xaed4, 0xaef6, 0xbcb4, 0xb3d2, 0xa863, 0xa6d1, 0xa8d0, 0xabbe, 0xb954,
    0xaf4f, 0xe5fc, 0xb0c7, 0xbcd6, 0xb970, 0xc54a, 0xc1a2, 0xbd55, 0xb2d6, 0xc077, 0xc253, 0xbedd,
    0xa6d8, 0xc3fe, 0xb25c, 0xb857, 0xb7ab, 0xa74e, 0xc2e7, 0xb1f9, 0xb270, 0xbea4, 0xc658, 0xaf57,
    0xc2f7, 0xba76, 0xb27a, 0xa7f5, 0xb8cc, 0xc355, 0xc2a7, 0xb2fa, 0xafef, 0xa64f, 0xaedf, 0xc452,
    0xbc46, 0xc079, 0xc474, 0xbefa, 0xa751, 0x0000, 0xa8d2, 0xab57, 0xb567, 0xa5df, 0xb2c9, 0xc377,
    0xc1f5, 0xa44f, 0xbcfe, 0xadf9, 0xadc7, 0xc170, 0xbdac, 0xb373, 0xc549, 0xb747, 0xbca6, 0xbaa7,
    0xc3ae, 0xc0c4, 0xc179, 0xc3ec, 0xc5ca, 0xc1e5, 0xbd6d, 0xc2b3, 0xb244, 0xb1e7, 0xb864, 0xa87d,
    0xa8e2, 0xbdf8, 0xb671, 0xb4bd, 0xab47, 0xbdcc, 0xbcba, 0xb2e1, 0xb9b1, 0xc0f8, 0xbf52, 0xb9e9,
    0xbff1, 0xbce3, 0xa446, 0xe1e6, 0xf4ef, 0xb9f9, 0xaec6, 0xa643, 0xb5f5, 0xaf50, 0xa648, 0xc279,
    0xb559, 0xaa4c, 0xc143, 0xc04d, 0xc17b, 0xbe46, 0xc5ec, 0xb24f, 0xbbfe, 0xb8ee, 0xa75b, 0xa9f0,
    0xacc2, 0xb5d9, 0xb973, 0xc4d6, 0xb961, 0xa744, 0xb2dc, 0xade2, 0xc646, 0xb3ae, 0xc0ad, 0xbbe2,
    0xa574, 0xa54f, 0xb7c8, 0xaf5b, 0xba68, 0xb2b8, 0xc348, 0xaf64, 0xbc42, 0xbd46, 0xac79, 0xac68,
    0xa4bb, 0xc073, 0xc5a4, 0xc456, 0xc5a2, 0xc14b, 0xb6a9, 0xc362, 0xc36c, 0xc3f7, 0xbcd3, 0xb0fa,
    0xba4f, 0xc14d, 0xba7c, 0xadae, 0xc4aa, 0xbf63, 0xc660, 0xc366, 0xc46c, 0xbedb, 0xbab1, 0xb8b8,
    0xbe7c, 0xc453, 0xb84c, 0xc553, 0xb8f4, 0xb8ef, 0xb3c0, 0xe9f0, 0xb853, 0xbffd, 0xb3b0, 0xbcae,
    0xc66a, 0xa766, 0xbe54, 0xab51, 0xaec8, 0xbc69, 0xb9f0, 0xc15c, 0xbc7b, 0xb4e2, 0xabdf, 0xb276,
    0xc26f, 0xbaf1, 0xc572, 0xc5cb, 0xc570, 0xc665, 0xa75a, 0xb6c3, 0xb1b0, 0xb2a4, 0xb1c1, 0xbdfc,
    0xaddb, 0xa8da, 0xb25f, 0xbafa, 0xbdd7, 0xc5da, 0xc1b3, 0xc3b9, 0xc5de, 0xc672, 0xc659, 0xc55b,
    0xbb72, 0xb8a8, 0xaca5, 0xc064, 0xb5b8, 0xb6fd, 0xb3c2, 0xbabf, 0xbd58, 0xbfc2, 0xb0a8, 0xbd7c,
    0xb9c0, 0xb6dc, 0xae49, 0xb652, 0xb3c1, 0xbde6, 0xc1da, 0xafdf, 0xbf66, 0xc443, 0xc65a, 0xbaa1,
    0xbdaf, 0xb0d2, 0xba43, 0xbaa9, 0xf0e3, 0xa87e, 0xafed, 0xaabc, 0xaa5d, 0xa6a3, 0xb2f5, 0xbfdf,
    0xad54, 0xc1e3, 0xa4f2, 0xa5d9, 0xb967, 0xa566, 0xad5a, 0xab5f, 0xb455, 0xbbaa, 0xb654, 0xbbf2,
    0xaab4, 0xaa54, 0xb1f6, 0x0000, 0xbe60, 0xb7d1, 0xa853, 0xacdc, 0xb443, 0xc1e2, 0xa843, 0xacfc,
    0xac4e, 0xb44b, 0xa966, 0xb441, 0xaaf9, 0xb465, 0xadcc, 0xb5de, 0xbb58, 0xc263, 0xb7f9, 0xbff8,
    0xb272, 0xb9da, 0xa973, 0xbd4e, 0xeec5, 0xc3fb, 0xc153, 0xb067, 0xc1bc, 0xc0b1, 0xa6cc, 0xafb5,
    0xb356, 0xaa63, 0xbb65, 0xb14b, 0xbead, 0xb4d6, 0xaf76, 0xbaf8, 0xb0c3, 0xa74b, 0xab6a, 0xae59,
    0xbd71, 0xadb1, 0xad5d, 0xb479, 0xbacb, 0xc2c6, 0xaced, 0xb4f9, 0xbc71, 0xa7ae, 0xbdb0, 0xb7c0,
    0xa5c1, 0xa9d7, 0xa5d7, 0xb1d3, 0xbca7, 0xbbd4, 0xa9fa, 0xbfc1, 0xbbef, 0xbbca, 0xa657, 0xa952,
    0xc2d5, 0xba4e, 0xbcb1, 0xc4a8, 0xbcd2, 0xbda4, 0xbf69, 0xbcaf, 0xc55d, 0xa9d9, 0xa5bd, 0xb2f6,
    0xbea5, 0xc071, 0xaa6a, 0xba7a, 0xb9e6, 0xadaf, 0xbfd1, 0xa6c8, 0xac59, 0xa9e6, 0xa864, 0xaf61,
    0xa969, 0xa5c0, 0xb9d3, 0xbcc7, 0xb9f5, 0xb6d2, 0xbc7d, 0xa4ec, 0xa5d8, 0xb7fc, 0xaaaa, 0xbf70,
    0xaeb3, 0xadfe, 0xa76f, 0xb675, 0xa8ba, 0xae52, 0xafc7, 0xa6bb, 0xa444, 0xa5a4, 0xad40, 0xa960,
    0xab6e, 0xa86b, 0xc3f8, 0xc56e, 0xbcb8, 0xb8a3, 0xb46f, 0xbe78, 0xd5ef, 0xa94f, 0xbe6b, 0xa4ba,
    0xb9e0, 0xafe0, 0xa967, 0xc04f, 0xadd9, 0xaa64, 0xa5a7, 0xc0c0, 0xa741, 0xb0ce, 0xbfb0, 0xb066,
    0xb7c4, 0xe759, 0xa9e0, 0xa67e, 0xbd56, 0xc25b, 0xb1c9, 0xa9c0, 0xae51, 0xc643, 0xb3be, 0xa7bf,
    0xaeba, 0xc2bf, 0xc45e, 0xf8a5, 0xc668, 0xc2ec, 0xaf49, 0xb17a, 0xc266, 0xc0f1, 0xbeae, 0xb9e7,
    0xc0be, 0xc0d7, 0xa4fb, 0xa7e1, 0xb673, 0xafc3, 0xc177, 0xbf40, 0xb941, 0xa7cb, 0xa5a3, 0xa756,
    0xabe3, 0xa46b, 0xb778, 0xad68, 0xbac4, 0xaebf, 0xc0b6, 0xc47a, 0xbfd5, 0xae40, 0xbcda, 0xc5c3,
    0xbcde, 0xc3c2, 0xb9c3, 0xb0b8, 0xe278, 0xb0d4, 0xad77, 0xaaa6, 0xa9ac, 0xa9c8, 0xb55d, 0xa9e7,
    0xb1c6, 0xb550, 0xb172, 0xb4fb, 0xaca3, 0xc36b, 0xbcef, 0xbd4c, 0xbd59, 0xacdf, 0xaf60, 0xa750,
    0xab71, 0xa5e3, 0xc365, 0xaec7, 0xeae5, 0xad44, 0xa9df, 0xa948, 0xa753, 0xafa5, 0xb354, 0xb65d,
    0xaa77, 0xa941, 0xad46, 0xb0f6, 0xbb70, 0xbddf, 0xb3ad, 0xb074, 0xa8d8, 0xa84b, 0xbc51, 0xacd6,
    0xaf79, 0xa9e1, 0xb269, 0xbcea, 0xb45e, 0xbdb4, 0xb4d7, 0xb84e, 0xc14f, 0xbfb1, 0xaa42, 0xc450,
    0xb1b7, 0xb849, 0xcbf2, 0xcfec, 0xc552, 0xa7e5, 0xa9dc, 0xbc41, 0xb55c, 0xac73, 0xb0e0, 0xb5ca,
    0xaf68, 0xa5d6, 0xa4c7, 0xb56c, 0xbbf7, 0xa7be, 0xc4b4, 0xbd67, 0xb0be, 0xa4f9, 0xc446, 0xc4c6,
    0xba7d, 0xbf5d, 0xb2bc, 0xba4a, 0xbf68, 0xabf7, 0xc057, 0xb368, 0xab7e, 0xb875, 0xa5e2, 0xa957,
    0xc4ab, 0xb5d3, 0xa5ad, 0xbecc, 0xb27e, 0xb5fb, 0xabcc, 0xa959, 0xbce2, 0xbbe1, 0xb143, 0xaf7d,
    0xbe7a, 0xada2, 0xb2cb, 0xade5, 0xbcb3, 0xbe51, 0xb9b2, 0xb340, 0xb8b2, 0xb5d0, 0xbb5a, 0xae48,
    0xbeeb, 0xae45, 0xb4b6, 0xaefa, 0xc3d0, 0xc36e, 0xc272, 0xb4c1, 0xb4db, 0xb4cf, 0xb1ad, 0xa964,
    0xa443, 0xb259, 0xbaa3, 0xac6d, 0xcb50, 0xa8e4, 0xb4d1, 0xa95f, 0xaa5b, 0xb2a5, 0xb154, 0xc2c0,
    0xbbf4, 0xba58, 0xace8, 0xaac2, 0xc34d, 0xb05f, 0xb05a, 0xa45e, 0xa5f8, 0xb1d2, 0xabb4, 0xace4,
    0xbeb9, 0xaef0, 0xa8b4, 0xb1f3, 0xa854, 0xaa5f, 0xb057, 0xd574, 0xabea, 0xaca2, 0xb26f, 0xc9e7,
    0xd7f7, 0xb95d, 0xa464, 0xbe45, 0xc3b1, 0xa561, 0xc1be, 0xb0ae, 0xc072, 0xbffa, 0xb958, 0xab65,
    0xbce7, 0xbbba, 0xb24c, 0xc4fe, 0xb9d5, 0xb44f, 0xa4ed, 0xba70, 0xba6a, 0xb6e6, 0xb5c4, 0xaaca,
    0xc0f0, 0xc1a5, 0xb16a, 0xb76d, 0xbef5, 0xc1ea, 0xba56, 0xaea8, 0xbef4, 0xc140, 0xb3ec, 0xb9b4,
    0xa5a9, 0xc054, 0xbcc0, 0xc2bc, 0xae6b, 0xab4e, 0xc2ac, 0xa4c1, 0xad58, 0xa542, 0xa9c4, 0xc5d1,
    0xb4dc, 0xab49, 0xbfcb, 0xafb3, 0xb55e, 0xb6d4, 0xaae0, 0xbee0, 0xb856, 0xb9ec, 0xa847, 0xab43,
    0xbbb4, 0xb242, 0xb6c9, 0xadeb, 0xb24d, 0xc0ba, 0xb4b8, 0xd9e6, 0xb1a1, 0xb3bc, 0xbdd0, 0xbc79,
    0xc3a3, 0xbd61, 0xacee, 0xa543, 0xaaf4, 0xb279, 0xa844, 0xa57d, 0xada9, 0xaa73, 0xc1cd, 0xb0cf,
    0xb349, 0xa6b1, 0xc2df, 0xa97d, 0xc558, 0xb4eb, 0xa8fa, 0xb0f9, 0xc654, 0xbdec, 0xa568, 0xb0e9,
    0xf9af, 0xc576, 0xeec7, 0xac75, 0xa5fe, 0xb2ac, 0xaeb1, 0xa4fc, 0xa8e9, 0xc455, 0xafca, 0xcd50,
    0xbf61, 0xab6f, 0xc44e, 0xba65, 0xbd54, 0xb3b6, 0xb8c8, 0xb873, 0xb54d, 0xbf55, 0xa554, 0xac56,
    0xc57b, 0xc45b, 0xc463, 0xc457, 0xc5fd, 0xc4c7, 0xc25a, 0xc2b6, 0xb753, 0xbcf6, 0xa4d0, 0xa4af,
    0xa448, 0xa7d4, 0xb6b4, 0xa5f4, 0xbb7b, 0xa462, 0xa7b3, 0xacf7, 0xa5b5, 0xa4b4, 0xa4e9, 0xa6a5,
    0xaff1, 0xbb54, 0xba61, 0xbfc4, 0xbab2, 0xb7bb, 0xae65, 0xb5b3, 0xa4be, 0xb47c, 0xac58, 0xa6d7,
    0xaff8, 0xc4af, 0xbea7, 0xc0a9, 0xa670, 0xb064, 0xa8c5, 0xa6bc, 0xa44a, 0xbfc8, 0xb36e, 0xa8bf,
    0xbfb6, 0xb7e7, 0xbe55, 0xb67c, 0xbced, 0xad59, 0xae7a, 0xbcbb, 0xc578, 0xc2c4, 0xb87c, 0xc4ce,
    0xb6eb, 0xc1c9, 0xa454, 0xb0d1, 0xb3ca, 0xb4b2, 0xaee1, 0xb6da, 0xb3e0, 0xb76b, 0xc4cc, 0xb1bd,
    0xb741, 0xb7e6, 0xa6e2, 0xc0df, 0xb4cb, 0xb9ac, 0xb2ef, 0xace2, 0xb1fe, 0xab62, 0xa846, 0xafbd,
    0xb6cc, 0xd4a3, 0xb7d9, 0xbf7a, 0xc5ce, 0xacc0, 0xd073, 0xa7fc, 0xa473, 0xa752, 0xbab4, 0xad6d,
    0xb07b, 0xb0a2, 0xbed5, 0xc4ba, 0xbfaf, 0xb5bd, 0xa6c2, 0xaeb0, 0xc2b5, 0xe161, 0xb6cb, 0xb0d3,
    0xbde0, 0xaece, 0xa457, 0xa97c, 0xbb6e, 0xb1e9, 0xaeb4, 0xb579, 0xbf4e, 0xa8a2, 0xa463, 0xbbe0,
    0xa4d6, 0xadef, 0xaaf2, 0xb2d0, 0xb0f8, 0xbbad, 0xb344, 0xa6de, 0xaad9, 0xb36a, 0xc4e1, 0xae67,
    0xc4e0, 0xaf41, 0xaac0, 0xb35d, 0xaf7e, 0xa5d3, 0xa944, 0xa6f9, 0xa8ad, 0xb260, 0xae57, 0xb2d4,
    0xafab, 0xa848, 0xbc66, 0xc254, 0xacc6, 0xb5c7, 0xb756, 0xbaaf, 0xc16e, 0xa5cd, 0xb563, 0xacb9,
    0xa4c9, 0xc3b7, 0xacd9, 0xb2b1, 0xb3d1, 0xb3d3, 0xb874, 0xae76, 0xa5a2, 0xb7e0, 0xac49, 0xc0e3,
    0xb8d6, 0xabcd, 0xaaeb, 0xa451, 0xa5db, 0xac42, 0xaec9, 0xa4b0, 0xadb9, 0xbb6b, 0xb9ea, 0xc3d1,
    0xa576, 0xa5da, 0xa8cf, 0xabcb, 0xbe70, 0xa96c, 0xa6a1, 0xa5dc, 0xa468, 0xa540, 0xac55, 0xa8c6,
    0xabf8, 0xbb7d, 0xb375, 0xb6d5, 0xac4f, 0xb6dd, 0xbebd, 0xbe41, 0xa54b, 0xa8cd, 0xc4c0, 0xb9a2,
    0xa4f3, 0xa5ab, 0xabee, 0xabc7, 0xb5f8, 0xb8d5, 0xa6ac, 0xa4e2, 0xadba, 0xa675, 0xb9d8, 0xb1c2,
    0xb0e2, 0xa8fc, 0xbd47, 0xc37e, 0xbdad, 0xbccf, 0xaede, 0xaeed, 0xa7e7, 0xbfe9, 0xa8fb, 0xb5ce,
    0xb251, 0xb2a8, 0xaed1, 0xc5ab, 0xb145, 0xbcf4, 0xc1a6, 0xb4bb, 0xc0c6, 0xb870, 0xb8be, 0xb6c1,
    0xb9ab, 0xc4dd, 0xb34e, 0xad7a, 0xbef0, 0xa7f4, 0xa6a7, 0xbddd, 0xb9d6, 0xb166, 0xbcc6, 0xbaa4,
    0xaea4, 0xa8ea, 0xad41, 0xba4c, 0xb049, 0xa5cf, 0xabd3, 0xaeea, 0xac43, 0xc1f7, 0xc2f9, 0xb26e,
    0xbdd6, 0xa4f4, 0xbace, 0xb57c, 0xa76d, 0xc0fe, 0xb6b6, 0xb5cf, 0xbba1, 0xbad3, 0xaed2, 0xc37b,
    0xb4b5, 0xbcb9, 0xbc52, 0xabe4, 0xa870, 0xa571, 0xb5b7, 0xa6ba, 0xb876, 0xa678, 0xb6e0, 0xa57c,
    0xa6f8, 0xa6fc, 0xb97d, 0xa478, 0xc350, 0xc171, 0xbca3, 0xb97c, 0xb065, 0xa7ba, 0xb35e, 0xbb77,
    0xb76a, 0xbfb4, 0xc25d, 0xb9c2, 0xc4ac, 0xb670, 0xab55, 0xafc0, 0xb374, 0xb5af, 0xe0f4, 0xb6ec,
    0xb7b9, 0xb14a, 0xb644, 0xb5c2, 0xbbc4, 0xbb5b, 0xbae2, 0xc1f6, 0xb6a6, 0xc048, 0xb86b, 0xc5e8,
    0xb848, 0xb7b3, 0xc14a, 0xb945, 0xc047, 0xafa9, 0xae5d, 0xb76c, 0xb5ab, 0xbf75, 0xb1f4, 0xadf6,
    0xc159, 0xbabe, 0xafc1, 0xc2ea, 0xa9d2, 0xb6f2, 0xa54c, 0xa5a6, 0xa66f, 0xb6f0, 0xc3a1, 0xbed8,
    0xc1cf, 0xbdf1, 0xad4c, 0xad61, 0xa9ef, 0xa578, 0xaef5, 0x0000, 0xa4d3, 0xba41, 0xa84f, 0xa77e,
    0xc575, 0xb367, 0xc5f5, 0xc579, 0xbec2, 0xc0c8, 0xb7f0, 0xbce6, 0xc3d3, 0xbdcd, 0xa95a, 0xb4e0,
    0xb352, 0xbad2, 0xb1b4, 0xb9c4, 0xacb4, 0xb4f6, 0xb6ed, 0xb765, 0xb0f3, 0xb4c5, 0xbda3, 0xadf0,
    0xbf7d, 0xadd5, 0xbdf6, 0xb249, 0xbdeb, 0xbf53, 0xb1c7, 0xc0dc, 0xb7ca, 0xb86c, 0xb5e5, 0xaee7,
    0xb06b, 0xb25e, 0xb3b3, 0xb051, 0xae4d, 0xaf53, 0xc3c3, 0xc4cb, 0xaf6b, 0xc1c3, 0xb1e8, 0xade7,
    0xbdf0, 0xbe4f, 0xb4a3, 0xc344, 0xbfe1, 0xb3da, 0xc5e9, 0xb4c0, 0xc0a1, 0xb1a7, 0xaef7, 0xab63,
    0xb150, 0xa4d1, 0xb24b, 0xb6f1, 0xa5d0, 0xb2a2, 0xabef, 0xbb51, 0xb5c9, 0xac44, 0xb1f8, 0xad7c,
    0xb2b7, 0xb8f5, 0xb64b, 0xc54b, 0xa9ab, 0xc655, 0xc5a5, 0xd64c, 0xa5c5, 0xa7ca, 0xb0b1, 0xab46,
    0xae78, 0xaebc, 0xb8a5, 0xb371, 0xaee4, 0xe0ac, 0xc0fb, 0xa650, 0xbbc9, 0xa7cd, 0xb5a3, 0xb1ed,
    0xd1b6, 0xb5a9, 0xb2ce, 0xb568, 0xb0bd, 0xa7eb, 0xc059, 0xb37a, 0xa559, 0xa872, 0xacf0, 0xb9cf,
    0xae7b, 0xb37e, 0xb6ee, 0xb14f, 0xa467, 0xa652, 0xa8df, 0xb4f8, 0xb9ce, 0xb1c0, 0xc05a, 0xbb4c,
    0xb8c0, 0xbfc6, 0xb068, 0xa75d, 0xa4d9, 0xc176, 0xa9ec, 0xb055, 0xb2e6, 0xc06b, 0xaafb, 0xb9a4,
    0xbe6d, 0xbef2, 0xa7b4, 0xa9dd, 0xb3e8, 0xabf5, 0xab7a, 0xb5ec, 0xbada, 0xabbd, 0xa5cb, 0xc4fb,
    0xac6e, 0xa57e, 0xbddc, 0xc573, 0xc657, 0xaab1, 0xb978, 0xa459, 0xd64a, 0xa7b9, 0xb84a, 0xaebe,
    0xb1df, 0xb570, 0xb17b, 0xa97b, 0xb0fb, 0xb855, 0xb5c3, 0xa84c, 0xa4fd, 0xa460, 0xaa50, 0xbaf4,
    0xa9b9, 0xa9f4, 0xb1e6, 0xa7d1, 0xa66b, 0xabc2, 0xc4de, 0xb74c, 0xa64d, 0xadb3, 0xb948, 0xaee9,
    0xb3f2, 0xb0df, 0xb1a9, 0xacb0, 0xc0e5, 0xbafb, 0xb8ab, 0xb5e4, 0xa965, 0xb0b6, 0xb0b0, 0xa7c0,
    0xbd6e, 0xa5bc, 0xbdab, 0xa8fd, 0xacc8, 0xad47, 0xb3de, 0xc351, 0xa6ec, 0xb4f4, 0xbfd7, 0xb14c,
    0xbca2, 0xbdc3, 0xbd45, 0xb7c5, 0xb041, 0xa4e5, 0xbb44, 0xafbe, 0xa76b, 0xc3ad, 0xafbf, 0xb0dd,
    0xb6e4, 0xafce, 0xc27c, 0xbee2, 0xbdbd, 0xb4f5, 0xbadb, 0xa7da, 0xba57, 0xaad7, 0xb4a4, 0xa855,
    0xa7c5, 0xb6e3, 0xc2eb, 0xaf51, 0xa6c3, 0xbb7a, 0xabce, 0xb54c, 0xbfbe, 0xb1ef, 0xa75e, 0xa764,
    0xa4f0, 0xaa5a, 0xa4ad, 0xddb3, 0xa4c8, 0xbb52, 0xa5ee, 0xab56, 0xb6f5, 0xa5b3, 0xc3fa, 0xb1e0,
    0xaaab, 0xa4c5, 0xb0c8, 0xaea9, 0xbb7e, 0xa9f5, 0xbab3, 0xaa52, 0xa6e8, 0xd6b4, 0xaabf, 0xb4b7,
    0xbc48, 0xa76c, 0xbffc, 0xc4eb, 0xb57d, 0xaea7, 0xa7c6, 0xb178, 0xbda5, 0xa469, 0xb1a4, 0xbab6,
    0xb26d, 0xb7cb, 0xa6c1, 0xb552, 0xc0ca, 0xc5a7, 0xae75, 0xb2df, 0xb740, 0xb3df, 0xbbd1, 0xac7e,
    0xa874, 0xbbd8, 0xc0b8, 0xb2d3, 0xbd4d, 0xbdbc, 0xa758, 0xc1f8, 0xc1d2, 0xb776, 0xae6c, 0xab4c,
    0xaf55, 0xa455, 0xb748, 0xae4c, 0xc07e, 0xb1c8, 0x0000, 0xa5fd, 0xa550, 0xc241, 0xc5d6, 0xc4d0,
    0xbde5, 0xbbce, 0xb2ec, 0xb6a2, 0xb243, 0xa9b6, 0xb6fb, 0xc5e3, 0xc049, 0xb27b, 0xc46d, 0xbfa4,
    0xb8a2, 0xc060, 0xb872, 0xbecb, 0xb3b4, 0xadad, 0xbd75, 0xacdb, 0xb45b, 0xc65e, 0xadbb, 0xbd63,
    0xc1b8, 0xb4f0, 0xb66d, 0xb5be, 0xb2bb, 0xb8d4, 0xb751, 0xc554, 0xa8c9, 0xb6b5, 0xabd1, 0xbef3,
    0xb9b3, 0xa656, 0xb648, 0xbfbd, 0xb576, 0xbe5d, 0xab64, 0xadfd, 0xc4db, 0xbe50, 0xaef8, 0xae64,
    0xb263, 0xbee5, 0xa470, 0xa7b5, 0xaed5, 0xa876, 0xbc53, 0xafba, 0xaec4, 0xb7a4, 0xa8c7, 0xb7b2,
    0xc3c8, 0xbe63, 0xa8f3, 0xaeb5, 0xc4e2, 0xa8b8, 0xb1d7, 0xafd9, 0xbfd3, 0xbc67, 0xb1f1, 0xa8f8,
    0xc3c9, 0xbed3, 0xacaa, 0xc26d, 0xc1c2, 0xae68, 0xc17e, 0xaae4, 0xbe4e, 0xaa59, 0xa8af, 0xb773,
    0xcae3, 0xa4df, 0xab48, 0xc65d, 0xac50, 0xb87b, 0xb556, 0xb469, 0xbfb3, 0xa644, 0xabac, 0xa7ce,
    0xa8b7, 0xa6e6, 0xbff4, 0xa9af, 0xa7f6, 0xa9ca, 0xa96d, 0xa553, 0xa5fb, 0xafdd, 0xa649, 0xaca4,
    0xb6af, 0xbab5, 0xa5f0, 0xadd7, 0xb2db, 0xa6b4, 0xb6e5, 0xc4c3, 0xa871, 0xb353, 0xc2b8, 0xbc56,
    0xa6a6, 0xbbdd, 0xb5ea, 0xbc4e, 0xb6b7, 0xae7d, 0xb35c, 0xbb57, 0xb3a4, 0xb1d4, 0xa6b0, 0xa7c7,
    0xaf62, 0xabf2, 0xb5b6, 0xb442, 0xbafc, 0xc4f2, 0xb061, 0xb3d9, 0xabc5, 0xc461, 0xb1db, 0xa5c8,
    0xbfef, 0xc57e, 0xaf74, 0xb5ba, 0xb975, 0xc1a7, 0xbec7, 0xa5de, 0xb3b7, 0xa6e5, 0xbeb1, 0xc274,
    0xb460, 0xa6af, 0xb8df, 0xb44d, 0xb9a5, 0xa8b5, 0xaeee, 0xa6c4, 0xb056, 0xb054, 0xbbb9, 0xa8b3,
    0xc0a3, 0xa9e3, 0xbe7e, 0xc06e, 0xa772, 0xa458, 0xaade, 0xa4fa, 0xb048, 0xb156, 0xb8c5, 0xb250,
    0xb6ae, 0xb0d7, 0xa8c8, 0xb359, 0xb26a, 0xab7c, 0xec49, 0xb7cf, 0xb254, 0xc651, 0xc459, 0xace3,
    0xe3e9, 0xa9a5, 0xa9b5, 0xa8a5, 0xc343, 0xc046, 0xaaa2, 0xaa75, 0xa961, 0xb1bb, 0xb2b4, 0xad6c,
    0xba74, 0xc676, 0xb3f7, 0xbf50, 0xb9bd, 0xb578, 0xb6ad, 0xadf1, 0xabdb, 0xbf56, 0xae62, 0xbfce,
    0xc5e7, 0xac6f, 0xa5a1, 0xc06d, 0xafb1, 0xb7a8, 0xb4ad, 0xa8cb, 0xbac5, 0xa6cf, 0xac76, 0xb6a7,
    0xaef1, 0xa5f5, 0xc46f, 0xbe69, 0xbccb, 0xba79, 0xc1dc, 0xb879, 0xa7af, 0xbabd, 0xb76e, 0xb3f3,
    0xbbbb, 0xbd60, 0xc1c1, 0xabc0, 0xab72, 0xafe6, 0xc3c4, 0xad6e, 0xc4a3, 0xb7a6, 0xbc4f, 0xad43,
    0xb7dd, 0xb3a5, 0xa74d, 0xa45d, 0xadb6, 0xb1b3, 0xb77e, 0xb8ad, 0xa6b2, 0xb5c5, 0xa95d, 0xb247,
    0xa440, 0xb3fc, 0xc2e5, 0xb4a5, 0xe476, 0xa8cc, 0xa5ec, 0xa6e7, 0xc05b, 0xa669, 0xbff2, 0xb2be,
    0xbbf6, 0xafd8, 0xbac3, 0xa85e, 0xa979, 0xabbc, 0xc255, 0xb4c8, 0xc3c6, 0xadca, 0xa477, 0xa441,
    0xa86f, 0xa548, 0xc3c0, 0xa7ed, 0xa9f6, 0xa8b6, 0xa67a, 0xbbf5, 0xa7d0, 0xc172, 0xb668, 0xb877,
    0xaccc, 0xa5e7, 0xb8c7, 0xb74e, 0xbcdd, 0xbed0, 0xb871, 0xaf71, 0xb7b8, 0xb8da, 0xc4b3, 0xbdcb,
    0xc4b6, 0xb2a7, 0xc16c, 0xb2dd, 0xc3b6, 0xaff4, 0xbdae, 0xa65d, 0xaeef, 0xadb5, 0xb3b1, 0xabc3,
    0xa775, 0xbbc8, 0xb25d, 0xb147, 0xb6bc, 0xa4a8, 0xa4de, 0xc1f4, 0xa64c, 0xad5e, 0xc4e5, 0xc0a6,
    0xc64e, 0xc0b3, 0xc5d5, 0xbcfc, 0xbfc3, 0xc0e7, 0xbab7, 0xc3c7, 0xaaef, 0xc4b9, 0xacd5, 0xbc76,
    0xbf6f, 0xb577, 0xac4d, 0xb3e9, 0xbed6, 0xb6c4, 0xc173, 0xf7ea, 0xb165, 0xb96c, 0xbfe3, 0xb8ba,
    0xb5fa, 0xaa61, 0xb4e9, 0xa5c3, 0xb176, 0xab69, 0xa5ce, 0xabd5, 0xc075, 0xb179, 0xbc7e, 0xa4d7,
    0xa5d1, 0xb66c, 0xb95c, 0xb553, 0xaa6f, 0xb943, 0xa8bb, 0xa6b3, 0xa4cd, 0xa56b, 0xa6f6, 0xb956,
    0xbba4, 0xa453, 0xa5ae, 0xa8b1, 0xb24a, 0xa45f, 0xaabb, 0xb7ae, 0xb8b7, 0xb74d, 0xc1d6, 0xbe6c,
    0xab5c, 0xb94f, 0xb3bd, 0xb472, 0xb4fc, 0xbaae, 0xb6a8, 0xa4a9, 0xae54, 0xab42, 0xbb50, 0xc0ac,
    0xacea, 0xa674, 0xbb79, 0xa6d0, 0xa5c9, 0xb0ec, 0xa8a1, 0xc67b, 0xc67e, 0xb94a, 0xb3eb, 0xae6e,
    0xbf6d, 0xb755, 0xb1fd, 0xbabb, 0xa87c, 0xc541, 0xaf44, 0xb44a, 0xb8ce, 0xb977, 0xbfdd, 0xb6bf,
    0xc070, 0xb257, 0xadde, 0xa4b8, 0xabae, 0xb04b, 0xadec, 0xb4a9, 0xc1d5, 0xb6e9, 0xadfb, 0xb6ea,
    0xb7e1, 0xb7bd, 0xbd74, 0xbbb7, 0xad62, 0xc440, 0xabe8, 0xb07c, 0xa4ea, 0xacf9, 0xb656, 0xc544,
    0xc65f, 0xa9a8, 0xb866, 0xa4eb, 0xaeae, 0xbe5c, 0xafd0, 0xb6b3, 0xe0a8, 0xa4c3, 0xb96b, 0xa4b9,
    0xb942, 0xc4ad, 0xc1df, 0xb777, 0xc3fd, 0xa5a5, 0xa560, 0xaf7b, 0xc2f8, 0xaee2, 0xab76, 0xa861,
    0xae5f, 0xb8fc, 0xa641, 0xa662, 0xaba5, 0xf6e3, 0xbcc8, 0xc3d9, 0xc542, 0xc5bc, 0xb8ae, 0xbe44,
    0xc156, 0xc677, 0xc4a6, 0xb4c7, 0xa6ad, 0xbefe, 0xb044, 0xc4bc, 0xbeb8, 0xb379, 0xa86d, 0xa85f,
    0xc0ea, 0xb364, 0xbedc, 0xab68, 0xbf41, 0xb8e9, 0xabe7, 0xbc57, 0xbca8, 0xb4bf, 0xc3d8, 0xa4e3,
    0xb3e5, 0xb4ed, 0xa5be, 0xaaee, 0xeed4, 0xb968, 0xaf77, 0xac5d, 0xba5e, 0xa951, 0xa545, 0xacb5,
    0xb642, 0xba4b, 0xc24e, 0xa676, 0xafb6, 0xb6c5, 0xb9eb, 0xc2a4, 0xc0d6, 0xb8e2, 0xd6df, 0xaa67,
    0xb7f8, 0xb1d9, 0xc1d3, 0xb9f1, 0xae69, 0xc5d9, 0xb4cc, 0xa6fb, 0xbed4, 0xafb8, 0xb4ef, 0xbaec,
    0xbccc, 0xb3b9, 0xb9fc, 0xba73, 0xb169, 0xb478, 0xbaa6, 0xa7fa, 0xa456, 0xb162, 0xbde3, 0xa54d,
    0xb5c8, 0xbf60, 0xbbd9, 0xa9db, 0xac4c, 0xa7e4, 0xaa68, 0xbbaf, 0xb7d3, 0xb86e, 0xa5fc, 0xbb46,
    0xa56c, 0xbe42, 0xa7e9, 0xadf5, 0xee68, 0xc2e1, 0xaacc, 0xebe3, 0xbda9, 0xb36f, 0xaefd, 0xacc3,
    0xb772, 0xaf75, 0xbac2, 0xaf7a, 0xbfb2, 0xad73, 0xb077, 0xb0bb, 0xaa45, 0xaf6c, 0xb645, 0xbe5f,
    0xaeb6, 0xc2ed, 0xb07d, 0xbb5d, 0xb1c3, 0xb843, 0xa9ba, 0xb275, 0xaaa7, 0xa9c3, 0xbee3, 0xac40,
    0xa5bf, 0xac46, 0xb456, 0xaf67, 0xbe47, 0xc3d2, 0xaadb, 0xaa4b, 0xa4e4, 0xa773, 0xbb6a, 0xaabe,
    0xaacf, 0xafd7, 0xa5c4, 0xa4a7, 0xc2b4, 0xc2be, 0xaabd, 0xb4d3, 0xb4de, 0xb0f5, 0xadc8, 0xabbf,
    0xa77d, 0xabfc, 0xa4ee, 0xb36b, 0xa575, 0xa6ae, 0xafc8, 0xa7d3, 0xbcb0, 0xc259, 0xa6dc, 0xad50,
    0xb86d, 0xbc6d, 0xabcf, 0xa8ee, 0xb4bc, 0xafb4, 0xb858, 0xbde8, 0xaaa5, 0xb2a9, 0xbaa2, 0xaa76,
    0xb2bf, 0xa4a4, 0xacd8, 0xa9be, 0xc4c1, 0xb04a, 0xb2d7, 0xbad8, 0xb87e, 0xadab, 0xa5f2, 0xb2b3,
    0xa6e0, 0xb667, 0xa67b, 0xac77, 0xeea4, 0xb5b0, 0xb662, 0xa879, 0xa9aa, 0xa947, 0xbd4b, 0xa97a,
    0xb1de, 0xc64a, 0xaf5d, 0xaee8, 0xb5ef, 0xa6b6, 0xbdde, 0xbdd1, 0xb8dd, 0xb376, 0xa6cb, 0xc0eb,
    0xb54e, 0xa9d6, 0xc666, 0xc5f1, 0xa544, 0xb5db, 0xac57, 0xa755, 0xb345, 0xb64a, 0xc5b1, 0xbf76,
    0xa6ed, 0xaa60, 0xafac, 0xbe6e, 0xa7ec, 0xa4f6, 0xabfb, 0xb14d, 0xbf6a, 0xc2e0, 0xbcb6, 0xc1c8,
    0xbd66, 0xbcce, 0xb2f8, 0xb8cb, 0xa7a9, 0xbcb2, 0xa7a7, 0xaaac, 0xb4d5, 0xc040, 0xb06c, 0xc2d8,
    0xbc59, 0xbaf3, 0xbdce, 0xb7c7, 0xaebb, 0xa9e5, 0xa8f4, 0xaee0, 0xb55a, 0xad5f, 0xb075, 0xb0d6,
    0xb5db, 0xa860, 0xbf42, 0xaff7, 0xab74, 0xb8ea, 0xabba, 0xb4fe, 0xb264, 0xa7b6, 0xb5b5, 0xa54a,
    0xacf3, 0xb7ba, 0xa46c, 0xa6db, 0xba7b, 0xa672, 0xc34f, 0xb4c4, 0xc2dc, 0xa976, 0xbaee, 0xc160,
    0xc161, 0xb951, 0xa8ab, 0xabb5, 0xb47e, 0xafb2, 0xa8ac, 0xa8f2, 0xb1da, 0xafaa, 0xb641, 0xaafd,
    0xb2d5, 0xc670, 0xc4a1, 0xbc4c, 0xbe4b, 0xb3cc, 0xb86f, 0xb44c, 0xbfed, 0xac51, 0xa5aa, 0xa6f5,
    0xac67, 0xb0b5, 0xa740, 0xa7a4, 0xae79, 0x0000, 0x0000, 0x0000, 0x0000, 0x0000, 0xc948, 0xc946,
    0xa461, 0xa4a2, 0xa4dc, 0xa4ca, 0xa541, 0xa5e5, 0xa5e0, 0xb0ac, 0xd165, 0xbeb5, 0x0000, 0xaceb,
    0x0000, 0xa450, 0xc947, 0xa4d4, 0xa4f8, 0xa567, 0xa5c2, 0xc9c7, 0xad4e, 0xd850, 0xb7b6, 0xb841,
    0x0000, 0x0000, 0xab45, 0xe8f3, 0xc941, 0xa5e4, 0xc951, 0xaacb, 0xa7b8, 0xb6de, 0xe14c, 0xa4b7,
    0xcdf8, 0xaded, 0xf1ef, 0xb3d6, 0xbc72, 0xc5e2, 0xc5ac, 0xc943, 0xa572, 0xd46f, 0xb9bc, 0xb0d0,
    0xf0f3, 0xa8f6, 0xca72, 0xa44d, 0xa4c2, 0xa646, 0xcdf0, 0xcbd2, 0xe4f3, 0xb3cf, 0xab66, 0xd0e9,
    0xd0e6, 0xade6, 0xe3c7, 0xb6d1, 0xb9bb, 0xe142, 0x0000, 0xbeb0, 0x0000, 0xaac9, 0xa448, 0xa4b1,
    0xc953, 0xc952, 0xc965, 0xc968, 0x0000, 0xa551, 0xdcba, 0xa5f6, 0xc9b7, 0xca5f, 0xc9ae, 0xadce,
    0xb3c9, 0xa5ea, 0xa6ee, 0xa6f0, 0xca61, 0xa7f1, 0xa748, 0xa746, 0xca63, 0xa6ef, 0xa741, 0xa6f7,
    0xcbb8, 0xcbb9, 0xa8dd, 0xcbba, 0xa8d4, 0xa8dc, 0xa8db, 0xa8d9, 0xbeab, 0xcbb3, 0xbbfa, 0xcbc6,
    0xbea9, 0xc56b, 0xc4d7, 0xcdde, 0xab5a, 0xcde3, 0xcde5, 0xab4d, 0xab53, 0xadc4, 0xadc5, 0xb0b4,
    0xadd6, 0xd0d3, 0xb0bf, 0xbb72, 0xadd8, 0xadda, 0xd0d7, 0xadbe, 0xadc3, 0xadd0, 0xe0f3, 0xb0b3,
    0xb0ba, 0xd455, 0xb0b9, 0xb6cd, 0xdcbc, 0xc56c, 0xbeaa, 0xf5c0, 0xdcbf, 0xb9af, 0xe4ea, 0xb9b0,
    0xe0fa, 0xe0f0, 0xb9ad, 0xe4eb, 0xe4ee, 0xc969, 0xc9f8, 0xca65, 0xdcc2, 0xab5b, 0xefb6, 0xc9f8,
    0xf740, 0xa4bc, 0xb453, 0xc664, 0xef55, 0xf6d8, 0xc4dc, 0x0000, 0xab6d, 0xd0b1, 0xb0cb, 0xe0ed,
    0xa667, 0xa8e1, 0x0000, 0xab5e, 0xadbd, 0xb34f, 0xd7c0, 0xc1b6, 0xf943, 0xb8cf, 0xb85b, 0xbec6,
    0xf2dd, 0xc3bd, 0x0000, 0xc9bc, 0xa8e6, 0xcbce, 0xb253, 0x0000, 0xb6ef, 0xaddf, 0xa8a5, 0xb050,
    0xb052, 0xb053, 0xf0dd, 0xdbd6, 0xb35b, 0xb5fe, 0xb646, 0xb643, 0xb640, 0xdbdc, 0xdbdf, 0xe046,
    0xe04c, 0xe047, 0xb8d7, 0xb8d9, 0xe04d, 0xb8e1, 0xb8e0, 0xbdd8, 0xeba1, 0xe048, 0xbba6, 0xbba2,
    0xbba5, 0xe44d, 0xe7d4, 0xe7d8, 0xbdd3, 0xbddb, 0xe7dc, 0xbdd4, 0xbdd9, 0xbfdb, 0xbfcf, 0xeba6,
    0xbfd6, 0xeba7, 0xbfd9, 0xbfdc, 0xbfda, 0xbfcd, 0xbfd4, 0xebab, 0xc2d3, 0xc66d, 0xeea2, 0xeeb0,
    0xc1c4, 0xc2d6, 0xf756, 0xf2fb, 0xc3d7, 0xc3d4, 0xf9a9, 0xc4b8, 0xc640, 0xb3a1, 0xceaf, 0xaafa,
    0xca56, 0xa6e9, 0xa8c0, 0xa8c1, 0xcdd9, 0xcdda, 0xab40, 0xb0a4, 0xd0c2, 0xd446, 0xdca1, 0xb3b5,
    0xb6ab, 0xb3b2, 0xdc7e, 0xb6aa, 0xe0d4, 0xeef5, 0xca52, 0xca54, 0xf14b, 0xca51, 0xe0a9, 0xcba8,
    0xcdd4, 0xcdd6, 0xaaf5, 0xbff3, 0xaaf3, 0xcdd7, 0xd3f7, 0xd0bb, 0xd0bc, 0xebd7, 0xbbd8, 0xd0bd,
    0xdc50, 0xc5b0, 0xb072, 0xd3fc, 0xd3fb, 0xd3fa, 0xd7ef, 0xd7e8, 0xb66e, 0xdc52, 0xe46b, 0xbbc2,
    0xe468, 0xbe49, 0xe854, 0xc1dd, 0xf4e1, 0xf65a, 0xafec, 0xabb7, 0xe4f4, 0xa757, 0xca6f, 0xa8f0,
    0xd0f8, 0x0000, 0xb1e5, 0xbc45, 0xadee, 0xc0e8, 0xf477, 0x0000, 0xc942, 0xabd5, 0xd44a, 0xa870,
    0xa5af, 0xaf63, 0xdd57, 0xcaac, 0xb0ee, 0x0000, 0xb9d1, 0xe94f, 0xbec3, 0xc0a4, 0xa666, 0xa664,
    0xc9c9, 0xa660, 0xc252, 0xc9c8, 0xa665, 0xc363, 0xa7a6, 0xa8c1, 0xa958, 0xc362, 0xcbf5, 0xf1f6,
    0xa95c, 0xcbfb, 0xcc40, 0xcbf4, 0xcbf8, 0xcbfc, 0xd4c1, 0xce53, 0xce54, 0xdce5, 0xd4ba, 0x0000,
    0x0000, 0xabb2, 0xabad, 0xd14c, 0xb6f6, 0xb3fa, 0xc0a5, 0xd14d, 0xd152, 0xd4b2, 0x0000, 0xd4b7,
    0xb0f1, 0x0000, 0xd4b8, 0xd4cb, 0xd4b5, 0xd4b4, 0xd4b3, 0xd8a2, 0xd8a1, 0x0000, 0xb3fb, 0xdced,
    0x0000, 0xe15b, 0xe156, 0x0000, 0xbc55, 0xc4c9, 0xc567, 0xc574, 0xca4a, 0xca4d, 0xca4e, 0xcb7a,
    0xcba1, 0xcdbf, 0xcba3, 0xcb7c, 0xcb7d, 0xeb52, 0xaadc, 0xcdb4, 0xaae5, 0xaae8, 0xaae7, 0xf4be,
    0x0000, 0xad55, 0xcdb6, 0xaae9, 0xcdba, 0xb341, 0xb5e7, 0xe776, 0xcdc1, 0xcdbe, 0xcdc0, 0x0000,
    0xaadf, 0x0000, 0xad52, 0xcdc3, 0xd077, 0xad5b, 0x0000, 0xd0a1, 0xf4b8, 0xd06e, 0xad60, 0xd075,
    0xad5c, 0x0000, 0xd07a, 0xd07b, 0xad64, 0xe772, 0x0000, 0xad67, 0xb6f7, 0xde72, 0xd0a2, 0xd071,
    0xd37d, 0xd377, 0xeafe, 0xe76e, 0xd3a5, 0xb2f7, 0xd3a6, 0xaff5, 0xaffc, 0xd76c, 0xeb4c, 0xd3ac,
    0xaff6, 0xd3ae, 0xaffe, 0xee50, 0xaffb, 0xaffa, 0xc2c9, 0xd374, 0xd072, 0xd373, 0xbaba, 0xe26c,
    0xeb43, 0xd3a3, 0xf0b0, 0xf2cc, 0xbb5e, 0xdfd2, 0x0000, 0xd774, 0xb2f2, 0xe3c2, 0xb8b1, 0xb2fb,
    0xd76d, 0xb2f9, 0x0000, 0xbb59, 0xb2fe, 0xee56, 0xd767, 0xd768, 0xeb4f, 0xb2fd, 0xb2f1, 0xb2f0,
    0xd75b, 0xc561, 0xe75d, 0xb5d7, 0xdb6d, 0xdb6f, 0xdb70, 0xd4bb, 0x0000, 0xb5d6, 0xdb6e, 0xb5e0,
    0xdb75, 0x0000, 0xb5e3, 0xdb7b, 0xdb7c, 0xb5e8, 0xb5e9, 0xdb79, 0xb5d1, 0xb5d2, 0xdb5e, 0xdba5,
    0xb5d5, 0xdb60, 0xbfa2, 0xb5dd, 0xdb72, 0x0000, 0xdfb1, 0xdfb8, 0xdfb9, 0xdfbb, 0xeb41, 0x0000,
    0xdfc2, 0xeb44, 0xdfc4, 0xb8b0, 0xb8b6, 0xb8b4, 0xdfac, 0xe76f, 0xdfd5, 0xb8a9, 0xb8b5, 0xe3b8,
    0xe3b9, 0xe3bd, 0xc55a, 0x0000, 0xbb5f, 0xbb63, 0xbb55, 0xe3b0, 0xf7f0, 0xe3ae, 0xe3b6, 0xe3b7,
    0xe3ac, 0xf16a, 0xee40, 0xe75c, 0xbf5f, 0x0000, 0xe775, 0xf5fd, 0xe754, 0xc4a9, 0xeaf8, 0xe74d,
    0xbdb6, 0xe764, 0xbfb7, 0xbfb8, 0xbfb9, 0xeb42, 0xbfbf, 0xee44, 0xea7b, 0xbfbb, 0xf4bf, 0xedfb,
    0xedfc, 0xc1a9, 0xc1a8, 0xedf5, 0xee52, 0xc3c1, 0xc1a3, 0xee51, 0xc2ca, 0xf0b8, 0xc2c8, 0xc4f6,
    0x0000, 0xf2d4, 0xf4b9, 0xf5f8, 0xf4c1, 0xf5fc, 0xc4f4, 0xf7f3, 0xa47b, 0xabd9, 0xc9cb, 0xb9dd,
    0xd055, 0xabb3, 0xae4f, 0xae4e, 0xb0cc, 0xa471, 0xc9d5, 0xa7bc, 0xc0aa, 0xa4e2, 0xb1bf, 0xe1de,
    0xccbd, 0xccb9, 0xa9e9, 0xa9ed, 0xabfa, 0xe5b9, 0xcedf, 0xd1ba, 0xd1bb, 0xd1b8, 0xd56d, 0xd95e,
    0xb1ba, 0xb1cc, 0xd571, 0xba51, 0xd579, 0xb1c5, 0xd568, 0xb1ca, 0xd57a, 0xe1e8, 0xd960, 0x0000,
    0xd95d, 0xbcc3, 0xd967, 0x0000, 0xd955, 0xb4ac, 0xb47d, 0xd964, 0xefd2, 0xddae, 0xddb6, 0xddb8,
    0xdd7d, 0xddaa, 0xddab, 0xddba, 0xe1e7, 0xf44c, 0xba54, 0xe5af, 0xba50, 0xc25e, 0xefd7, 0xbcc1,
    0xf5cd, 0xdda3, 0xe9a6, 0xe9a4, 0xecec, 0xc0c2, 0xf245, 0xf7dd, 0xf8ef, 0xa47c, 0xcad6, 0x0000,
    0xb749, 0x0000, 0xa577, 0xbc54, 0xa56e, 0xa56f, 0xa57b, 0xa65c, 0x0000, 0xa65b, 0x0000, 0xe546,
    0xc56d, 0xca79, 0xf1f2, 0xa763, 0x0000, 0xd0f9, 0xce4a, 0x0000, 0x0000, 0xcbdf, 0x0000, 0xa945,
    0xa94b, 0xcbef, 0xa94e, 0xc07b, 0xa946, 0xa94c, 0xcbe7, 0x0000, 0x0000, 0xcdfc, 0xab7b, 0x0000,
    0xe8fd, 0xaba8, 0xab78, 0xe4f9, 0xb9cd, 0xce4d, 0x0000, 0xe941, 0xaba6, 0xaba9, 0xa94b, 0xe944,
    0x0000, 0xecc1, 0xaba7, 0xab7d, 0x0000, 0xbeba, 0xcdfe, 0xce4e, 0xe14d, 0xd0f4, 0xbc47, 0xae43,
    0xadf8, 0xd0f5, 0xdcd4, 0x0000, 0xae44, 0xd0fc, 0xae41, 0xd477, 0xb9c9, 0xd86f, 0xd870, 0x0000,
    0xc4da, 0xb0e7, 0xb0de, 0x0000, 0xd475, 0xd473, 0xadf2, 0xb0dc, 0xd471, 0xd472, 0xd86a, 0xb0e6,
    0xd47c, 0xb0e3, 0xb3e3, 0xdcd6, 0xb3e4, 0xb3ed, 0x0000, 0xd86e, 0xd871, 0xb3e7, 0xb3ee, 0xdcdb,
    0xd866, 0xb3d7, 0xb6d8, 0xb9c6, 0xf441, 0xb3e1, 0xb3f1, 0x0000, 0xb9c8, 0xb6e8, 0xb9ca, 0xb6df,
    0xc4d9, 0xa8fe, 0xdcd2, 0xb6db, 0xdcd0, 0xdcd3, 0xb6e2, 0xb6e7, 0xdcdd, 0xbebc, 0xdccc, 0xdcde,
    0xb6d9, 0x0000, 0xb6e1, 0xc5af, 0x0000, 0xb9cb, 0xe149, 0xe14e, 0xc458, 0x0000, 0xb9be, 0xb9bf,
    0xe147, 0x0000, 0xe4fe, 0xbc49, 0xbc50, 0xe544, 0x0000, 0xbebe, 0xbeb2, 0xc250, 0xe4f8, 0x0000,
    0xecc3, 0xbeb6, 0xbebb, 0xbeb3, 0x0000, 0x0000, 0xc07d, 0xecc0, 0x0000, 0xf8ee, 0xc949, 0xa65f,
    0xc9c6, 0xd4ac, 0xa77a, 0xcbf1, 0xabaa, 0xae46, 0xd4ab, 0xb0eb, 0xe947, 0xb457, 0xcc6f, 0xcc6e,
    0xa9ae, 0xecdb, 0xe1b2, 0xb9f6, 0xb163, 0xd8f2, 0xb9f7, 0xb9f3, 0x0000, 0xbc6e, 0xa7c4, 0xc9d7,
    0xcac0, 0xa7c1, 0xb9f2, 0xcac2, 0xae73, 0x0000, 0xa7c2, 0xb450, 0x0000, 0xcc5e, 0xcc65, 0xd4f8,
    0xcc61, 0xa9a6, 0xa9a7, 0xcc63, 0x0000, 0xa9a2, 0xe961, 0xabd0, 0xe569, 0xce7d, 0xb157, 0xe563,
    0xd4fb, 0xb15d, 0xd4fc, 0xd544, 0xb15c, 0xd4f4, 0xb153, 0xb155, 0xc0af, 0x0000, 0xb451, 0xd8e6,
    0xdd52, 0xd8e3, 0xb744, 0xe1a8, 0xd8db, 0xd8dd, 0xdd4f, 0xb743, 0x0000, 0xe1a3, 0xe562, 0xbc6a,
    0xc1c7, 0xecda, 0xc571, 0xc94c, 0xa7cf, 0xcc75, 0xabe0, 0xabe2, 0xabe1, 0xb174, 0xb170, 0xb175,
    0xb461, 0xdd64, 0xbc78, 0xe975, 0xc5fc, 0x0000, 0xa4fc, 0xc9a6, 0xca43, 0xc278, 0x0000, 0xcb63,
    0xcb65, 0xaaad, 0x0000, 0xcd61, 0xcfc0, 0xea61, 0xacbc, 0xdeac, 0xd2a5, 0xaf58, 0xd2aa, 0xd2a8,
    0xea60, 0xd2a4, 0xd2a9, 0xd661, 0xb274, 0xc57a, 0xd665, 0xd669, 0xd660, 0xf46e, 0xda70, 0x0000,
    0xb554, 0xe7b3, 0x0000, 0xda71, 0xbabc, 0xe2cb, 0xbcfb, 0xe679, 0xea5e, 0xed65, 0xf5dd, 0xa6df,
    0xb9d9, 0xb6b8, 0xb9db, 0x0000, 0xadb9, 0xef4f, 0xb6bb, 0xf1ad, 0xb6b9, 0xdcae, 0xb6bd, 0xb97e,
    0xbbe8, 0xe8c1, 0xbe6c, 0xc05f, 0x0000, 0xc349, 0xc155, 0xf3af, 0xc444, 0x0000, 0xf557, 0x0000,
    0xc979, 0xe575, 0xcacd, 0xa9b4, 0xceba, 0xabd6, 0xd549, 0xb167, 0xb168, 0xd54b, 0xbde9, 0xe1bc,
    0xe1b6, 0xe573, 0xe972, 0xe96f, 0xc174, 0xa4df, 0xc97b, 0xa6a4, 0xc462, 0xbcad, 0xcadb, 0xe1d3,
    0xcadd, 0xcade, 0xb75a, 0xb1a3, 0xb75b, 0xa7d8, 0xcad9, 0xa7d7, 0xcc7c, 0xa9c5, 0xcc7b, 0xa9cd,
    0xa9c2, 0xcca9, 0xa9cb, 0xa9cc, 0xcca2, 0xe97d, 0xa9c9, 0xba45, 0xece6, 0xb46c, 0xb75f, 0xcecb,
    0xabf1, 0xd940, 0xaeaf, 0xaeaa, 0xe1c7, 0xd1a7, 0xd1a8, 0xd1a5, 0xaead, 0xd1aa, 0xb467, 0xb1a2,
    0xd55e, 0xd55c, 0xb1a6, 0xb1a8, 0xb1ab, 0xb17c, 0xb759, 0xe5a6, 0xb46a, 0xb468, 0xb46d, 0xb473,
    0xb470, 0xdd68, 0xdd67, 0xba48, 0xbca9, 0xbcac, 0xbca5, 0x0000, 0xbecf, 0xc36a, 0xa9bd, 0xf16f,
    0xadac, 0xd845, 0xc1f2, 0xb6a3, 0xb67b, 0xdc7a, 0xf66b, 0xbe5b, 0xe8a7, 0xf9c4, 0xe8a6, 0xec48,
    0xec4b, 0xf1be, 0xec4c, 0xec4e, 0xec46, 0xeef1, 0xc1f0, 0xc2f3, 0xc2f5, 0xc2f6, 0xf545, 0xc962,
    0xc962, 0xa9cf, 0xa4f4, 0xc9fd, 0xc9fa, 0xc9fc, 0xf5d3, 0xa84a, 0xa84e, 0xa85c, 0xa850, 0xa851,
    0xcb53, 0xa858, 0xa85a, 0xa859, 0xd9ec, 0xccf8, 0xccf4, 0xccf5, 0xf25d, 0xc379, 0xaa74, 0xaa72,
    0xaa62, 0xaa7e, 0xaa7d, 0xeff6, 0xccf0, 0xccf1, 0xaa62, 0xaa6c, 0xaa7b, 0xaef9, 0xaca7, 0xaca8,
    0xac7b, 0xaf48, 0xd9fe, 0xcfa7, 0xcf77, 0xcf78, 0xacad, 0xacae, 0xe9f8, 0xacab, 0xacac, 0xcf7a,
    0xc273, 0xe271, 0xbcf1, 0xcf76, 0xd250, 0xd24f, 0xd5e9, 0xe65c, 0xd255, 0xaefe, 0xaf4b, 0xc0d8,
    0xd257, 0xd25a, 0xd246, 0xb25a, 0xb24e, 0xb258, 0xb253, 0xc270, 0xb267, 0xd5ed, 0xbf49, 0xb268,
    0xd5f3, 0xb246, 0xc26e, 0xd5e1, 0xd5f1, 0xb252, 0xd9f1, 0xb4f3, 0xb542, 0xda47, 0xde59, 0xb547,
    0xe2a9, 0xda4b, 0xb4e6, 0xb4e8, 0xb4ec, 0xb544, 0xf9d0, 0xde4c, 0xb7c2, 0xf5d4, 0xe2a5, 0xefef,
    0xb7c1, 0xb7cc, 0xde50, 0x0000, 0xde54, 0xe65f, 0xb7cd, 0xde58, 0xde46, 0xb7bc, 0xde48, 0xe643,
    0xf25e, 0xc374, 0x0000, 0xbaa8, 0xe2a3, 0xbaaa, 0xe2a1, 0xc46b, 0xeff5, 0xbaac, 0xe275, 0xba78,
    0xe641, 0xe640, 0xe642, 0xbce8, 0xe64c, 0xbce0, 0xbceb, 0xc375, 0xea41, 0xbf43, 0xbf46, 0xbf47,
    0xbefc, 0xc0e1, 0xc0e4, 0xed57, 0xc0da, 0xc0de, 0xc376, 0xf263, 0xc373, 0xf465, 0xf45c, 0xf8af,
    0xc5f4, 0x0000, 0xc973, 0xcc58, 0xcc57, 0xabc9, 0xae66, 0xdaac, 0xc4ca, 0xba53, 0xb9ed, 0xbc64,
    0xeb72, 0xbec8, 0xeebf, 0xeeaa, 0x0000, 0xcdce, 0xcdd1, 0xad7e, 0xd0b5, 0xada3, 0xc2e2, 0xad7b,
    0xb377, 0xada4, 0xb06d, 0xd3ef, 0xd7e3, 0xc5dd, 0xd7e4, 0xb370, 0xb37c, 0xd7e7, 0xb666, 0xb66a,
    0xdc4d, 0xdc4f, 0xe0a1, 0xb94e, 0xe07d, 0xb949, 0xbe43, 0xbbb8, 0xbbbd, 0xbbbf, 0xbee6, 0xbfee,
    0xc1d8, 0xc1db, 0xc2e4, 0xc2e3, 0xc3e5, 0x0000, 0xb16b, 0xcebd, 0xd8f4, 0xc975, 0xaba4, 0xae6a,
    0xd4f3, 0xb447, 0xe1a2, 0xc0ab, 0xc4f3, 0xd179, 0xa9b8, 0xabda, 0xd758, 0xb45d, 0xf7a7, 0xc94b,
    0xa671, 0xa66d, 0xa7b0, 0xbc61, 0xb9e1, 0xa7ad, 0xcab5, 0xa96e, 0xd8b5, 0xa7ac, 0xa7b1, 0xa971,
    0xcc48, 0xa96f, 0xa96b, 0xa963, 0xd4d5, 0xbc63, 0xce67, 0xf6dc, 0xabbb, 0xabb9, 0x0000, 0xae5b,
    0xae5c, 0xb445, 0xbc5f, 0xae50, 0xae58, 0xae55, 0xb0fe, 0xd4d1, 0xb144, 0xd4d0, 0xb140, 0xb141,
    0xbc60, 0x0000, 0xb6fe, 0xb444, 0xb440, 0xd8b8, 0xb6fc, 0xe172, 0xb742, 0xe954, 0xc0a7, 0xdcf7,
    0xe175, 0xb9e4, 0xe952, 0xb9e2, 0xb9df, 0xb9e3, 0xe16b, 0xbc5e, 0xe951, 0xe958, 0xecd0, 0xc0a8,
    0xc45c, 0xc9d4, 0xb9c7, 0xa7b7, 0xcc56, 0xb446, 0xa46d, 0xa46e, 0xcc55, 0xe8ca, 0xbe6f, 0xbe74,
    0xf55f, 0xc5e6, 0xbe71, 0xe8ce, 0xc5bb, 0xf77e, 0xc063, 0xc67a, 0xf1af, 0xf1b2, 0xf1b6, 0xf67c,
    0xf563, 0xc445, 0xf67d, 0xf561, 0xf562, 0xc559, 0xf67b, 0xf77c, 0xc66b, 0xf9b3, 0xb5b7, 0xacfa,
    0xacf4, 0xacf8, 0xd04b, 0xf5e7, 0xafc6, 0xafc4, 0xd356, 0xd6e6, 0xb2d8, 0xb2d9, 0xbfa8, 0xb2d1,
    0xb2d2, 0xd6ed, 0xbfc7, 0xdafb, 0xb5bc, 0xdf58, 0xdf60, 0xdf57, 0xbaf0, 0xbaf6, 0xe36e, 0x0000,
    0xe36c, 0xbd78, 0xbafe, 0xe371, 0xe365, 0xbaed, 0xbafd, 0xbd79, 0xe6e7, 0xbd7b, 0xbd7a, 0xf072,
    0xe6eb, 0xe6ec, 0xe6ed, 0xead8, 0xe6e8, 0xbfa7, 0xbfa6, 0xead0, 0xbfa5, 0xedd0, 0xbf7e, 0xbfa1,
    0xc47d, 0xc165, 0xc167, 0xc15d, 0xc15b, 0xc162, 0xf5e9, 0xc2b7, 0xc2b9, 0xc5b7, 0xf4ad, 0xf2b2,
    0xf2b4, 0xf940, 0xa45c, 0xbd42, 0x0000, 0xcd72, 0xb06f, 0xca45, 0xbf59, 0xdeb3, 0xcd6a, 0xaab3,
    0xaab2, 0xcfc8, 0xc46e, 0xacbf, 0xacc5, 0xacc4, 0xaab3, 0xcfc9, 0xd2ad, 0xd2ac, 0xb97a, 0xb278,
    0xd2b2, 0xd2b0, 0xaf5f, 0xc3a2, 0xb7e9, 0xe6a3, 0xb558, 0xb7eb, 0xb561, 0xb55b, 0xb562, 0xda7c,
    0xda7a, 0xda7b, 0xb560, 0xdaa1, 0xb7e8, 0xb7ec, 0xdeb6, 0xb7e5, 0xb7ea, 0xc0f5, 0xbac1, 0xbd40,
    0xbf58, 0xc4ed, 0xbd41, 0xe6a6, 0xe6a2, 0xbcfd, 0xbf5c, 0xc0f6, 0xc0f3, 0xed69, 0xc27a, 0xc5d0,
    0xf46f, 0xf1a4, 0xf3a5, 0xc3fc, 0xcb42, 0xa840, 0xa7fb, 0xcb43, 0xe259, 0xf455, 0xaa4a, 0xaa57,
    0xaa48, 0xccd9, 0x0000, 0xaa53, 0xd9b3, 0xbcd7, 0xb1fa, 0xaa44, 0xaa49, 0xaa56, 0xcf55, 0xc0cd,
    0xcf43, 0xf453, 0xac5e, 0xac69, 0xf456, 0xac6a, 0xcf4a, 0xac63, 0xcf4c, 0xac6c, 0xb1f7, 0xcf61,
    0xac65, 0xac6b, 0xf252, 0xcefb, 0xecf7, 0xd1dc, 0xd1dd, 0xd9b2, 0xbef8, 0xd1e8, 0xb7a9, 0xd1e9,
    0xe24e, 0xb1f2, 0xd1eb, 0x0000, 0xbeec, 0xaeec, 0xc0cc, 0xaee5, 0xf7e1, 0x0000, 0xd1db, 0xaedd,
    0xb1eb, 0xd5c0, 0xd5be, 0xd5c1, 0xb1ea, 0xd5c4, 0xc4e7, 0xb4d8, 0xd9c8, 0xc370, 0xe5de, 0xb4cd,
    0xf7e2, 0xbd69, 0xd9ca, 0xbccd, 0xddd4, 0xb4d0, 0xd9b9, 0xddce, 0xddd2, 0xb7a3, 0xddd3, 0xb7af,
    0xc656, 0xb7aa, 0x0000, 0xaf78, 0xdddf, 0xdde0, 0xba6c, 0xc468, 0xc371, 0xe241, 0xf5d1, 0xddc9,
    0xb7b0, 0xb7ad, 0xba64, 0xe249, 0xba66, 0xba67, 0xba6b, 0xe252, 0xe1fc, 0xba60, 0xe254, 0xc262,
    0xba5f, 0xf24c, 0xe24a, 0xe5d3, 0xc0ce, 0xbcd8, 0xe5cc, 0xe5e8, 0xf255, 0xe5da, 0xbef1, 0xe9c4,
    0xc0d2, 0xe9d1, 0xe9c8, 0xbef6, 0xecfe, 0xc372, 0xbeea, 0xe9ca, 0xbeef, 0xf258, 0xed44, 0xc3b2,
    0xecf5, 0xc0d0, 0x0000, 0xb7df, 0xe676, 0xaa5c, 0xcf65, 0xbcdc, 0xcf66, 0xe266, 0xc0d4, 0xd5dc,
    0xe9e3, 0xddfb, 0xc26c, 0xe9e2, 0xb062, 0xb36d, 0x0000, 0xb661, 0xf847, 0xdc40, 0xb663, 0xdc48,
    0x0000, 0xf765, 0xdbfe, 0xb8fd, 0xb8fe, 0xe079, 0xe078, 0xbbb3, 0xbdfb, 0xbdfe, 0xbdf9, 0xbdfd,
    0xbfea, 0xf146, 0xc3e1, 0x0000, 0xccb1, 0xe1d7, 0xb1ae, 0xb475, 0xb761, 0xb760, 0xdd75, 0xdd76,
    0xe1d6, 0xbb4e, 0xbf5e, 0xd2be, 0xdec0, 0xed72, 0xed70, 0xf049, 0xbcb3, 0xc9ee, 0xc9ed, 0xcaf8,
    0xa9fe, 0xbee8, 0xaa58, 0xccca, 0xa9fd, 0xa9fb, 0xcd52, 0xac54, 0xcef5, 0xcef6, 0xac52, 0xceeb,
    0xbcca, 0xafcf, 0xd1d4, 0xbee7, 0xaed0, 0xaecb, 0xb775, 0xd5aa, 0x0000, 0xb4be, 0xb779, 0xddc0,
    0xc0c7, 0xba5c, 0xe9b4, 0xefdb, 0xc260, 0xc466, 0xc4e4, 0xb64e, 0xdbea, 0xdbe8, 0xb64d, 0xf0f4,
    0xb8ed, 0xb8f0, 0xf652, 0xbbac, 0xe7ec, 0xe453, 0xf6d2, 0xe7ee, 0xc1cc, 0xdbd1, 0xc1bb, 0xe444,
    0xf753, 0xbfcc, 0xee7a, 0xc2d1, 0xf2f3, 0xcfbd, 0x0000, 0xa6c9, 0xbcf9, 0xacba, 0xd65c, 0xd65f,
    0xb551, 0xda6c, 0xdea5, 0x0000, 0xbab9, 0xaeb2, 0xd566, 0xd954, 0xe1ee, 0xc0bc, 0xacfe, 0x0000,
    0xd9e5, 0xb7b7, 0xe5f7, 0xde40, 0xbefb, 0xf25b, 0xe9e8, 0xf6e7, 0xc97e, 0xc9f7, 0xcb49, 0xcb4a,
    0xcf6c, 0xb4e3, 0xaef4, 0xd5df, 0xba72, 0x0000, 0xb1d5, 0x0000, 0xc37c, 0xb7de, 0xbcf8, 0xacb8,
    0xe77e, 0xa647, 0x0000, 0xcb78, 0xa877, 0x0000, 0xccd2, 0x0000, 0xaad0, 0xaad2, 0xcdb0, 0xc061,
    0x0000, 0xc467, 0x0000, 0x0000, 0xc4a4, 0xad4b, 0xd05b, 0xab60, 0xd05f, 0xd067, 0xd065, 0xd061,
    0xad4f, 0xd748, 0xafd6, 0xafdb, 0xafda, 0xc17a, 0x0000, 0xd36a, 0xafe2, 0xaed3, 0x0000, 0xb362,
    0xdfa2, 0xd74c, 0xd74b, 0xd745, 0xa7bf, 0x0000, 0xbe4d, 0xb5cc, 0xb5cd, 0x0000, 0x0000, 0xb878,
    0xdf73, 0xdf76, 0xc053, 0xe3a6, 0xf8ed, 0xdf7d, 0xdce6, 0xdcf9, 0xbb4a, 0xbb4d, 0xc2c1, 0xbcf0,
    0xe6fd, 0x0000, 0xedea, 0xc261, 0xedeb, 0xede8, 0x0000, 0xeae9, 0xc26a, 0xd5d8, 0xd9da, 0xddf7,
    0xddf5, 0xbef9, 0xe4cd, 0xbbe3, 0xc1fc, 0xc442, 0xf674, 0x0000, 0xc95f, 0xdd62, 0xc1d4, 0xee7d,
    0xb4b4, 0xf87e, 0xc4e3, 0xa9f3, 0xd1cf, 0xd1d1, 0xd1d0, 0xb1dc, 0xb1dd, 0xd97e, 0xba59, 0xb7d5,
    0xde6d, 0xbf4c, 0xe2c4, 0x0000, 0x0000, 0xcfae, 0xacaf, 0xcfb1, 0xea4d, 0xaf4c, 0xd651, 0xd655,
    0xbf54, 0xda5a, 0xda5d, 0x0000, 0xb7d4, 0xb7db, 0xc1eb, 0xde73, 0x0000, 0xde74, 0x0000, 0x0000,
    0xe672, 0xe669, 0xbcf7, 0xe666, 0xc0ee, 0xea4f, 0xc0e6, 0xeffb, 0xf5da, 0xc679, 0xa4f5, 0xc276,
    0xb7d6, 0xbf51, 0xa9d1, 0xccb2, 0xced3, 0xb1af, 0xb476, 0xa5dc, 0xaac1, 0xace6, 0xace7, 0xd7b6,
    0xd2e9, 0xd2ea, 0xafae, 0xf2a5, 0xafad, 0xafa8, 0xbad5, 0xd6bd, 0xb852, 0xc149, 0xe2f9, 0xe6cb,
    0xc148, 0xc5a1, 0xcad7, 0xcad8, 0xefc8, 0xd17c, 0xd17d, 0xd17e, 0xd1a1, 0xae7e, 0xaea1, 0xe1c3,
    0xb75e, 0xb75d, 0xbc7c, 0xbecd, 0xe976, 0xc0b7, 0xc256, 0xf9ba, 0xa6d6, 0xa6d6, 0xccee, 0xed4f,
    0xd9e7, 0xc146, 0xcd7a, 0xe2ee, 0xcff1, 0xdacf, 0x0000, 0xcfeb, 0xac48, 0xafa2, 0x0000, 0xaf7c,
    0x0000, 0xc472, 0xf5e2, 0xafa4, 0x0000, 0xafa1, 0xd2da, 0xd2d9, 0xd2e2, 0xb2ba, 0xdac9, 0xdac6,
    0xeda6, 0xd6b9, 0xd6bb, 0x0000, 0xd6b8, 0xdacb, 0xbf6c, 0xb850, 0xdee5, 0xdee4, 0xeaa7, 0xdeec,
    0xbad4, 0xe2eb, 0x0000, 0xe2f3, 0xe6c6, 0x0000, 0xe6ca, 0xbf6b, 0xedaa, 0xedab, 0xc145, 0xf058,
    0xf47d, 0xf2a4, 0xf2a1, 0xf7ce, 0xdcb0, 0xefb0, 0xf3f5, 0xcd77, 0xcfe2, 0x0000, 0xacda, 0xace0,
    0xcfe0, 0xd2d6, 0xd2d7, 0xd2d5, 0xd6aa, 0xd6b0, 0xd6b2, 0xb2b6, 0xb7fd, 0xc2a5, 0xdabb, 0x0000,
    0xdedd, 0xb845, 0xb846, 0xb844, 0xe8fb, 0xe6bc, 0xbacc, 0xe2e7, 0xbd4f, 0xbd50, 0xbf67, 0xbf65,
    0xc0fd, 0xed7a, 0xc2a2, 0xcb6d, 0xcd71, 0xacca, 0xaccb, 0xcfdb, 0xd2c1, 0xdaae, 0xdec4, 0x0000,
    0xd04d, 0xd35c, 0xafcb, 0xdbe0, 0xdf6a, 0xf2bc, 0x0000, 0xbfa9, 0xc5f9, 0xede3, 0xaf72, 0xbf64,
    0xf7f8, 0xaaf7, 0xd0c1, 0xd0c0, 0xb07a, 0xb078, 0xd442, 0xd841, 0xb3a9, 0xd7fc, 0xebea, 0xb3a6,
    0xd7fd, 0x0000, 0xdc67, 0xb964, 0xb67a, 0xb678, 0xdc62, 0xdc70, 0xdc6f, 0xdc64, 0xdc6a, 0xe0b1,
    0xe0b2, 0xb957, 0xe0b3, 0x0000, 0xb95a, 0xb959, 0xe0b5, 0xe0bb, 0xe0ba, 0xb966, 0xc5e0, 0xe0b0,
    0xb962, 0xe0ae, 0xb963, 0xe0b7, 0xb965, 0xc54d, 0xbe52, 0xe47b, 0xe47a, 0xe47d, 0xe4a8, 0xe868,
    0xc4c2, 0x0000, 0xc54c, 0x0000, 0xe4a1, 0xf15a, 0xbbcb, 0xe86f, 0xe4b7, 0xf4f3, 0xbbcd, 0xe4a6,
    0xf36a, 0xe4a2, 0xbffe, 0xe4a3, 0xe0b6, 0xf4e7, 0xbbcf, 0xe4a7, 0xf4f9, 0xebe4, 0xe869, 0xc3f4,
    0x0000, 0xbe59, 0xe870, 0xe872, 0xbe56, 0xe86e, 0x0000, 0x0000, 0x0000, 0xe863, 0xe86a, 0xe876,
    0xebe8, 0xebe1, 0x0000, 0xebe6, 0x0000, 0xebe9, 0xc043, 0xc044, 0x0000, 0x0000, 0xebdf, 0xebe0,
    0xc045, 0xc1e6, 0xeed2, 0xeed6, 0xc1ee, 0xeed0, 0xf15c, 0xc1ec, 0x0000, 0xc3f3, 0xc3f2, 0xf4f0,
    0x0000, 0xf368, 0xc2f0, 0xc54f, 0x0000, 0xf15e, 0xc2ef, 0xf153, 0xf767, 0xc3f0, 0xc3ed, 0xc3ee,
    0xc3f1, 0xf360, 0xc3eb, 0xf361, 0xc3e9, 0xf4ec, 0x0000, 0xf4f5, 0x0000, 0xf4e8, 0xf953, 0xf4ea,
    0x0000, 0xf366, 0xf4f1, 0xf769, 0xc54e, 0xf65e, 0x0000, 0xc5df, 0xc1e9, 0xcfe8, 0xdac4, 0xb96e,
    0xcff9, 0xd2f1, 0xafb0, 0xd2ed, 0x0000, 0xb452, 0xdad8, 0xdad6, 0xb85c, 0xb85a, 0xe6d2, 0xbd5e,
    0xc2a8, 0xc248, 0xc34c, 0xf6f8, 0xacd4, 0xb2ae, 0xb571, 0xded5, 0xed78, 0xd2bc, 0xb27d, 0xa869,
    0xb9a7, 0xbbf0, 0xe8e9, 0xbe7d, 0xc06c, 0xf3f0, 0xf9b7, 0xeca9, 0xecae, 0xc5ee, 0xef7b, 0xf7c1,
    0xef7e, 0xefa2, 0xc67d, 0xf1d0, 0xf9cf, 0xc35b, 0xf1d9, 0xf870, 0xf1cf, 0xc44d, 0x0000, 0xc44f,
    0xf3ed, 0xc44c, 0xf57c, 0xf5a7, 0xf5ac, 0x0000, 0xf5ad, 0xc563, 0xf6b4, 0xc678, 0xc5c2, 0xf7ba,
    0xf863, 0xf86b, 0xf86c, 0xf866, 0x0000, 0xc64f, 0xc67c, 0x0000, 0xcb6f, 0xf04b, 0xc27e, 0xaab7,
    0x0000, 0xacd0, 0xaf69, 0xdecb, 0xaf6e, 0xd2c6, 0xaf70, 0xd2c3, 0x0000, 0xaf6d, 0x0000, 0xb2ad,
    0xb569, 0xc0f7, 0xdab2, 0xdab5, 0xed77, 0xdaaf, 0xdec9, 0xb7f3, 0xdecc, 0xb7f5, 0xdecf, 0xb7ef,
    0xed76, 0xe2dc, 0xe6b0, 0xe2df, 0xe6af, 0xbf62, 0xe2dd, 0xe6b1, 0xe6b7, 0xea70, 0xbd49, 0xbd43,
    0x0000, 0xea6c, 0xea73, 0xf6f4, 0xea71, 0xed74, 0xc57d, 0xea6f, 0x0000, 0xc4ee, 0x0000, 0xf04a,
    0xc27d, 0xc5f6, 0x0000, 0xd6f6, 0xdadc, 0xcda5, 0xaac6, 0xcffe, 0xd2f6, 0xafb7, 0xb2c0, 0xc475,
    0xb85e, 0xe34c, 0xe34a, 0xeab2, 0xe6d5, 0xa6e7, 0xd0ae, 0xd3d4, 0xb04d, 0xd3d7, 0xb04c, 0xd7b5,
    0xc3cb, 0xdbcb, 0xdbca, 0xdbcf, 0xee72, 0xdff4, 0xf2f0, 0xf0d9, 0xe3f7, 0xbb75, 0xe3fc, 0xbb74,
    0xe3fa, 0xe440, 0xbfca, 0xe7c8, 0xbdc8, 0xc1b9, 0xbdca, 0xc4b0, 0xbfc9, 0xc1b7, 0xee75, 0xf4cb,
    0xf94b, 0xa5d4, 0xad45, 0xe2e1, 0xb572, 0xace1, 0xa6d4, 0xd054, 0xd366, 0xb2e0, 0x0000, 0x0000,
    0x0000, 0xbda2, 0xede7, 0xeae6, 0xbfae, 0x0000, 0xb5c0, 0xcdaa, 0xd743, 0xb2e2, 0xf4b2, 0xb5c1,
    0xf07c, 0xc16d, 0xb5f7, 0xdcac, 0xe0e0, 0xe0de, 0xbe65, 0xbe67, 0xe5f9, 0xe8b8, 0xc058, 0xc345,
    0xc346, 0xf9ae, 0xf54f, 0xf3a8, 0xc556, 0x0000, 0xc649, 0xca4f, 0xb040, 0xcdc8, 0xf0ca, 0xf2e3,
    0xad6b, 0xd0a8, 0xad6a, 0xd3ba, 0xd3bc, 0xd3c2, 0xb8c3, 0xc4ae, 0xd3c8, 0xb047, 0xb042, 0xb043,
    0xb045, 0xb346, 0xb347, 0xb348, 0xc4f7, 0xd7a5, 0xd7a4, 0xb34b, 0xb34c, 0xb34d, 0xf2de, 0xd7ab,
    0xdbbc, 0xdfe6, 0xc2cc, 0xb5ed, 0xeb6b, 0xb5f1, 0xb8bb, 0xb5f2, 0xf4c5, 0xb5eb, 0xdbb1, 0xdbbf,
    0xb8c2, 0xb8bd, 0xdfea, 0xb8bc, 0xb8c4, 0xdfef, 0xdfec, 0xe3d6, 0xbb66, 0xe3db, 0xbb68, 0xe3da,
    0xe3f2, 0xe3e2, 0xc1b4, 0xbb69, 0xe3eb, 0xbb6d, 0xbb6c, 0xbb64, 0xbdb8, 0xbb67, 0x0000, 0xf4c6,
    0xe7bc, 0xbdbb, 0xad6b, 0xbdc1, 0xe7b8, 0x0000, 0xbdc2, 0xe7a2, 0xc1b2, 0xe7a3, 0xbdbf, 0xe7ba,
    0xeb5e, 0xee67, 0x0000, 0xc1af, 0xc1b0, 0xeb60, 0xeb67, 0xee5a, 0xeb5d, 0xbfc0, 0xc1b1, 0xf0c1,
    0xee5d, 0xee5f, 0xc1ae, 0xc1b5, 0xf0c7, 0xee6e, 0xc1ad, 0xc1ac, 0xee69, 0xf0be, 0xf0c0, 0xc2cf,
    0xf2dc, 0xf4c9, 0xf4c8, 0xc3ca, 0xf2e7, 0xf642, 0xc4f9, 0xc5fb, 0xf96e, 0xa6ce, 0xc4a2, 0xc16a,
    0xede1, 0xafe7, 0xaac7, 0xacf2, 0xd344, 0xbf77, 0xd340, 0xb863, 0xd345, 0xd6d7, 0xd343, 0xdadf,
    0xd6db, 0xd6d4, 0xb2c6, 0xb2c8, 0xd6d6, 0xb2c1, 0xd6ce, 0xd6d1, 0xd6d2, 0xf8fb, 0xb2c7, 0xdae5,
    0xedc3, 0xdae6, 0xbae1, 0xdae2, 0xbae5, 0xb861, 0xb862, 0x0000, 0x0000, 0xdf4b, 0xc151, 0xe352,
    0xedbd, 0xe6d7, 0xbae6, 0xe6d9, 0xbae3, 0xf6fb, 0xe358, 0xc2b0, 0xe34f, 0x0000, 0xc2ad, 0xbd65,
    0xc2b1, 0xbd68, 0xbd6a, 0xeaba, 0xeabd, 0xeabc, 0xbf7b, 0xeac1, 0xc150, 0xc14e, 0x0000, 0xedbb,
    0xf8b8, 0xedc2, 0xf065, 0xc2af, 0xf068, 0xc3b0, 0xc5a3, 0xc3b3, 0xaad8, 0xd370, 0xb2ea, 0xdb57,
    0xafe5, 0xd3d0, 0xd069, 0xad51, 0xf2c3, 0x0000, 0xd371, 0xafea, 0xafe9, 0xd753, 0xf746, 0xd754,
    0xd756, 0x0000, 0xdfa5, 0xdfa4, 0xbb53, 0xe746, 0xedf1, 0xf0a2, 0xf4b6, 0xd3da, 0xb8cd, 0xb350,
    0xb8ca, 0xb8c6, 0xc3ce, 0xd6f4, 0xdf6d, 0xdf6e, 0xbd7e, 0xe6f3, 0xbfaa, 0xaac4, 0xaec5, 0xd34a,
    0xf5e6, 0xf8fd, 0xdae8, 0xdae7, 0xdf54, 0xe360, 0xbaea, 0xc158, 0xef53, 0xe6e1, 0xe8bf, 0xe6e0,
    0xe6df, 0xeac9, 0xedcf, 0xa6e1, 0xba5b, 0xacfd, 0xb2de, 0xb5bf, 0xe37d, 0xbb42, 0xe6f9, 0xbda1,
    0xbfad, 0xc16b, 0xa6cd, 0xedde, 0xe375, 0xe376, 0xedd9, 0xf941, 0xbea2, 0xc454, 0xad76, 0xdbed,
    0xe064, 0xe05e, 0xf96f, 0xb369, 0xbdea, 0xd3de, 0xb361, 0xadaa, 0xd3fe, 0xd440, 0xd441, 0xdc5e,
    0xdc60, 0xdc5d, 0x0000, 0xb955, 0xe0ad, 0xc66f, 0xf971, 0xe473, 0xbbc6, 0xe474, 0x0000, 0xe85b,
    0xebd9, 0xebdb, 0xebda, 0xeec6, 0xc1de, 0xf152, 0xf35f, 0xc3e7, 0xf151, 0xf4e4, 0xc4bf, 0xc548,
    0xa8a8, 0xf6c9, 0xc4bb, 0xe072, 0xe460, 0xc2d9, 0xf144, 0xd3e5, 0xd7d9, 0xd7d6, 0xb36c, 0xeebe,
    0xdbf4, 0xdbfa, 0xb65c, 0xf760, 0xb659, 0xdbf6, 0xb65f, 0xb660, 0xe069, 0xc3df, 0xc2de, 0xe06e,
    0xf75f, 0xc545, 0xb8f8, 0xe457, 0xe45b, 0xe840, 0xbdef, 0xbdf3, 0xc5ae, 0xe7f7, 0xe7f4, 0xc5ad,
    0x0000, 0xebc0, 0xbfe5, 0xbfe6, 0xebc4, 0xbfe2, 0xc1ce, 0xebc5, 0xbfe4, 0xc65c, 0xc2da, 0xc1d1,
    0xf75d, 0xc3dd, 0xc3da, 0xf353, 0xc3e0, 0xc4bd, 0xc66e, 0xf75e, 0xf761, 0xf970, 0xf8c3, 0xcba4,
    0xb649, 0xb8e7, 0xe05a, 0xf0f1, 0xeeb7, 0xb1d8, 0xd7c6, 0xc2d2, 0xdbd4, 0xe043, 0xdffd, 0xe448,
    0xf2f5, 0xb8e4, 0xf0e7, 0xe8b0, 0xb3b8, 0xc645, 0xb6b2, 0xbe5e, 0xc5b4, 0xe8ae, 0xc050, 0xc04b,
    0xc3f9, 0xc647, 0xc4c5, 0xc5b5, 0xefb5, 0xc4d4, 0xf5be, 0xf5bb, 0xc568, 0xc569, 0xc5c5, 0xc5c6,
    0xc653, 0xe0ef, 0xefb1, 0xf965, 0xab41, 0xd447, 0xb96d, 0xe0d5, 0xbbdc, 0xc2a3, 0xf841, 0xe4a9,
    0xc671, 0xe874, 0xc3f5, 0xeede, 0xf36c, 0xeedc, 0x0000, 0xf8ca, 0xbe7b, 0xe8db, 0x0000, 0x0000,
    0xf3ce, 0xc674, 0xbf71, 0xec7b, 0xc64d, 0xec7c, 0xc244, 0xef6a, 0xc243, 0xef6c, 0xf95c, 0xc242,
    0xf3d0, 0xf858, 0xf1c7, 0xf9ce, 0xc5bf, 0xf7ae, 0xf6ad, 0xf7b2, 0xc358, 0xc354, 0xf1c3, 0xc356,
    0xc44a, 0xf3c7, 0xf3c8, 0xf3d6, 0xf3cb, 0xc449, 0x0000, 0xf3cd, 0xf3ce, 0xc44b, 0x0000, 0xf3cf,
    0x0000, 0xf56b, 0xc673, 0xc4cf, 0xf56e, 0xf576, 0x0000, 0x0000, 0xf7b4, 0xc55f, 0xf6ae, 0xc560,
    0xf6af, 0xf7af, 0xc5c0, 0xf7ab, 0xc5c1, 0x0000, 0x0000, 0xc5ed, 0xc5eb, 0xf857, 0xf8d7, 0xbbde,
    0xbbdf, 0xc5b6, 0xbef5, 0xec56, 0xc669, 0xf17c, 0xc2fd, 0x0000, 0x0000, 0xe4da, 0xbbeb, 0xbe75,
    0xf6bc, 0x0000, 0x0000, 0xc066, 0xc34e, 0xf1b9, 0xc55c, 0xf3c1, 0xc662, 0xf8d4, 0xc5ea, 0xbe79,
    0xe8d9, 0xc64c, 0xc352, 0xef69, 0xc353, 0xc55e, 0xc557, 0xc5e4, 0xc34b, 0xc5b9, 0xf776, 0xd449,
    0xb9a6, 0xbbec, 0xbe77, 0xe8d4, 0xc067, 0xc068, 0xec70, 0xf1bb, 0x0000, 0xc64b, 0xf855, 0xc663,
    0xbbf2, 0xbea3, 0xeddd, 0xb9a8, 0xecb1, 0xecaf, 0xc247, 0xc451, 0xc3ef, 0xc565, 0xc5ef, 0xc24c,
    0xc24a, 0xc24b, 0xc35c, 0xf1e0, 0x0000, 0xc675, 0xf5b6, 0xf5b4, 0xf876, 0xc566, 0xefb4, 0xc35e,
    0xc4d3, 0xc5c4, 0xf87b, 0xecb8, 0xc24d, 0x0000,
];

pub static BIG5_TO_GB: [u16; 13973] = [
    0xa1a1, 0xa3ac, 0xa1a2, 0xa1a3, 0xa3ae, 0xa1a4, 0xa3bb, 0xa3ba, 0xa3bf, 0xa3a1, 0xa1c3, 0xa1ad,
    0xa1a7, 0xa3ac, 0xa1a2, 0xa3ae, 0xa1a4, 0xa3bb, 0xa3ba, 0xa3bf, 0xa3a1, 0xa3fc, 0x0000, 0xa3fc,
    0x0000, 0xa3fc, 0xa3df, 0x0000, 0x0000, 0xa3a8, 0xa3a9, 0x0000, 0x0000, 0xa3fb, 0xa3fd, 0x0000,
    0x0000, 0xa1b2, 0xa1b3, 0x0000, 0x0000, 0xa1be, 0xa1bf, 0x0000, 0x0000, 0xa1b6, 0xa1b7, 0x0000,
    0x0000, 0xa1b4, 0xa1b5, 0xa1c4, 0xa1c5, 0xa1b8, 0xa1b9, 0x0000, 0x0000, 0xa1ba, 0xa1bb, 0x0000,
    0x0000, 0xa3a8, 0xa3a9, 0xa3fb, 0xa3fd, 0xa3db, 0xa3dd, 0xa1ae, 0xa1af, 0xa1b0, 0xa1b1, 0xa3a2,
    0xa1e5, 0xa3e0, 0xa1e4, 0xa3a3, 0xa3a6, 0xa3aa, 0xa1f9, 0xa1ec, 0xa1a8, 0xa1f0, 0xa1f1, 0xa1f7,
    0xa1f8, 0xa1f2, 0xa1ee, 0xa1ef, 0xa1f3, 0xa1f4, 0xa1f5, 0xa1f6, 0x0000, 0x0000, 0x0000, 0x0000,
    0xa1a5, 0xa3fe, 0xa3df, 0x0000, 0x0000, 0x0000, 0x0000, 0x0000, 0x0000, 0x0000, 0xa3a3, 0xa3a6,
    0xa3aa, 0xa3ab, 0xa3ad, 0xa1c1, 0xa1c2, 0xa1c0, 0xa1cc, 0xa3bc, 0xa3be, 0xa3bd, 0xa1dc, 0xa1dd,
    0xa1d9, 0xa1de, 0xa1d6, 0xa1d4, 0xa3ab, 0xa3ad, 0xa3bc, 0xa3be, 0xa3bd, 0xa1ab, 0xa1c9, 0xa1c8,
    0xa1cd, 0xa1cf, 0x0000, 0x0000, 0x0000, 0x0000, 0xa1d2, 0xa1d3, 0xa1df, 0xa1e0, 0xa1e2, 0xa1e1,
    0x0000, 0xa1d1, 0xa1fc, 0xa1fd, 0xa1fb, 0xa1fa, 0x0000, 0x0000, 0x0000, 0x0000, 0xa1ac, 0x0000,
    0xa3af, 0xa3dc, 0x0000, 0x0000, 0xa1e7, 0xa3a4, 0x0000, 0xa1e9, 0xa1ea, 0xa3a5, 0xa3c0, 0xa1e6,
    0x0000, 0xa1e7, 0xa3a5, 0xa3c0, 0x0000, 0x0000, 0x0000, 0x0000, 0x0000, 0x0000, 0x0000, 0x0000,
    0x0000, 0xa1e3, 0x0000, 0x0000, 0x0000, 0x0000, 0x0000, 0x0000, 0x0000, 0x0000, 0x0000, 0x0000,
    0x0000, 0x0000, 0x0000, 0x0000, 0x0000, 0x0000, 0x0000, 0x0000, 0x0000, 0x0000, 0x0000, 0x0000,
    0x0000, 0x0000, 0xa9e0, 0xa9d8, 0xa9d0, 0xa9c8, 0xa9c0, 0x0000, 0xa1aa, 0xa9a6, 0x0000, 0xa9b0,
    0xa9b4, 0xa9b8, 0xa9bc, 0x0000, 0x0000, 0x0000, 0x0000, 0x0000, 0x0000, 0x0000, 0x0000, 0x0000,
    0x0000, 0x0000, 0x0000, 0xa3af, 0xa3dc, 0x0000, 0xa3b0, 0xa3b1, 0xa3b2, 0xa3b3, 0xa3b4, 0xa3b5,
    0xa3b6, 0xa3b7, 0xa3b8, 0xa3b9, 0xa2f1, 0xa2f2, 0xa2f3, 0xa2f4, 0xa2f5, 0xa2f6, 0xa2f7, 0xa2f8,
    0xa2f9, 0xa2fa, 0x0000, 0x0000, 0x0000, 0x0000, 0x0000, 0x0000, 0x0000, 0x0000, 0x0000, 0x0000,
    0xd8a5, 0x0000, 0xa3c1, 0xa3c2, 0xa3c3, 0xa3c4, 0xa3c5, 0xa3c6, 0xa3c7, 0xa3c8, 0xa3c9, 0xa3ca,
    0xa3cb, 0xa3cc, 0xa3cd, 0xa3ce, 0xa3cf, 0xa3d0, 0xa3d1, 0xa3d2, 0xa3d3, 0xa3d4, 0xa3d5, 0xa3d6,
    0xa3d7, 0xa3d8, 0xa3d9, 0xa3da, 0xa3e1, 0xa3e2, 0xa3e3, 0xa3e4, 0xa3e5, 0xa3e6, 0xa3e7, 0xa3e8,
    0xa3e9, 0xa3ea, 0xa3eb, 0xa3ec, 0xa3ed, 0xa3ee, 0xa3ef, 0xa3f0, 0xa3f1, 0xa3f2, 0xa3f3, 0xa3f4,
    0xa3f5, 0xa3f6, 0xa3f7, 0xa3f8, 0xa3f9, 0xa3fa, 0xa6a1, 0xa6a2, 0xa6a3, 0xa6a4, 0xa6a5, 0xa6a6,
    0xa6a7, 0xa6a8, 0xa6a9, 0xa6aa, 0xa6ab, 0xa6ac, 0xa6ad, 0xa6ae, 0xa6af, 0xa1c7, 0xa6b1, 0xa1c6,
    0xa6b3, 0xa6b4, 0xa6b5, 0xa6b6, 0xa6b7, 0xa6b8, 0xa6c1, 0xa6c2, 0xa6c3, 0xa6c4, 0xa6c5, 0xa6c6,
    0xa6c7, 0xa6c8, 0xa6c9, 0xa6ca, 0xa6cb, 0xa6cc, 0xa6cd, 0xa6ce, 0xa6cf, 0xa6d0, 0xa6d1, 0xa6d2,
    0xa6d3, 0xa6d4, 0xa6d5, 0xa6d6, 0xa6d7, 0xa6d8, 0xa8c5, 0xa8c6, 0xa8c7, 0xa8c8, 0xa8c9, 0xa8ca,
    0xa8cb, 0xa8cc, 0xa8cd, 0xa8ce, 0xa8cf, 0xa8d0, 0xa8d1, 0xa8d2, 0xa8d3, 0xa8d4, 0xa8d5, 0xa8d6,
    0xa8d7, 0xa8d8, 0xa8d9, 0xa8da, 0xa8db, 0xa8dc, 0xa8dd, 0xa8de, 0xa8df, 0xa8e0, 0xa8e1, 0xa8e2,
    0xa8e3, 0xa8e4, 0xa8e5, 0xa8e6, 0xa8e7, 0xa8e8, 0xa8e9, 0x0000, 0xa1a5, 0x0000, 0xa1a6, 0x0000,
    0x0000, 0x0000, 0x0000, 0x0000, 0x0000, 0x0000, 0x0000, 0x0000, 0x0000, 0x0000, 0x0000, 0x0000,
    0x0000, 0x0000, 0x0000, 0x0000, 0x0000, 0x0000, 0x0000, 0x0000, 0x0000, 0x0000, 0x0000, 0x0000,
    0x0000, 0x0000, 0x0000, 0x0000, 0x0000, 0x0000, 0x0000, 0x0000, 0x0000, 0x0000, 0x0000, 0x0000,
    0x0000, 0x0000, 0x0000, 0x0000, 0x0000, 0x0000, 0x0000, 0x0000, 0x0000, 0x0000, 0x0000, 0x0000,
    0x0000, 0x0000, 0x0000, 0x0000, 0x0000, 0x0000, 0x0000, 0x0000, 0x0000, 0x0000, 0x0000, 0x0000,
    0x0000, 0x0000, 0x0000, 0xd2bb, 0xd2d2, 0xb6a1, 0xc6df, 0xc4cb, 0xbec5, 0xc1cb, 0xb6fe, 0xc8cb,
    0xb6f9, 0xc8eb, 0xb0cb, 0xbcb8, 0xb5b6, 0xb5f3, 0xc1a6, 0xd8b0, 0xcaae, 0xb2b7, 0xd3d6, 0xc8fd,
    0xcfc2, 0xd5c9, 0xc9cf, 0xd1be, 0xcde8, 0xb7b2, 0xbec3, 0xc3b4, 0xd2b2, 0xc6f2, 0xd3da, 0xcdf6,
    0xd8a3, 0xc8d0, 0xc9d7, 0xc7a7, 0xb2e6, 0xbfda, 0xcdc1, 0xcabf, 0xcfa6, 0xb4f3, 0xc5ae, 0xd7d3,
    0xe6dd, 0xe6de, 0xb4e7, 0xd0a1, 0xdecc, 0xcaac, 0xc9bd, 0xb4a8, 0xb9a4, 0xbcba, 0xd2d1, 0xcbc8,
    0xbded, 0xb8c9, 0xdec3, 0xdfae, 0xb9ad, 0xb2c5, 0xb3f3, 0xd8a4, 0xb2bb, 0xd6d0, 0xb7e1, 0xb5a4,
    0xd6ae, 0xd2fc, 0xd3e8, 0xd4c6, 0xbeae, 0xbba5, 0xcee5, 0xbfba, 0xc8ca, 0xcab2, 0xd8ea, 0xc6cd,
    0xb3f0, 0xc8d4, 0xbdf1, 0xbde9, 0xd8c6, 0xd4aa, 0xd4ca, 0xc4da, 0xc1f9, 0xd9e2, 0xb9ab, 0xc8df,
    0xd0d7, 0xb7d6, 0xc7d0, 0xd8d7, 0xd4c8, 0xb9b4, 0xcef0, 0xbbaf, 0xc6a5, 0xcee7, 0xc9fd, 0xd8a6,
    0xb1e5, 0xb6f2, 0xd3d1, 0xbcb0, 0xb7b4, 0xc8c9, 0xccec, 0xb7f2, 0xccab, 0xd8b2, 0xbfd7, 0xc9d9,
    0xd3c8, 0xb3df, 0xcdcd, 0xb0cd, 0xbbc3, 0xd8a5, 0xb5f5, 0xd2fd, 0xd0c4, 0xb8ea, 0xbba7, 0xcad6,
    0xd4fa, 0xd6a7, 0xcec4, 0xb6b7, 0xbdef, 0xb7bd, 0xc8d5, 0xd4bb, 0xd4c2, 0xc4be, 0xc7b7, 0xd6b9,
    0xb4f5, 0xcee3, 0xb1c8, 0xc3ab, 0xcacf, 0xcbae, 0xbbf0, 0xd7a6, 0xb8b8, 0xd8b3, 0xc6ac, 0xd1c0,
    0xc5a3, 0xc8ae, 0xcdf5, 0xb1fb, 0xcac0, 0xd8a7, 0xc7d2, 0xc7f0, 0xd6f7, 0xd5a7, 0xb7a6, 0xbaf5,
    0xd2d4, 0xb8b6, 0xd7d0, 0xcacb, 0xcbfb, 0xd5cc, 0xb4fa, 0xc1ee, 0xcfc9, 0xd8f0, 0xb3e4, 0xd0d6,
    0xc8bd, 0xb2e1, 0xb6ac, 0xb0bc, 0xb3f6, 0xcdb9, 0xbfaf, 0xbcd3, 0xb9a6, 0xb0fc, 0xb4d2, 0xb1b1,
    0xd4d1, 0xc7aa, 0xb0eb, 0xbbdc, 0xbfa8, 0xd5bc, 0xc3ae, 0xd8b4, 0xc8a5, 0xbfc9, 0xb9c5, 0xd3d2,
    0xd5d9, 0xb6a3, 0xdfb5, 0xdfb6, 0xb5f0, 0xcbbe, 0xd8cf, 0xbdd0, 0xc1ed, 0xd6bb, 0xcab7, 0xdfb3,
    0xcca8, 0xbee4, 0xb0c8, 0xdfb7, 0xcbc4, 0xc7f4, 0xcde2, 0xd1eb, 0xcaa7, 0xc5ab, 0xc4cc, 0xd4d0,
    0xcbfc, 0xc4e1, 0xbede, 0xc7c9, 0xd7f3, 0xcad0, 0xb2bc, 0xc6bd, 0xd3d7, 0xdbcd, 0xbaeb, 0xb8a5,
    0xb1d8, 0xceec, 0xb4f2, 0xc8d3, 0xb0c7, 0xc6cb, 0xb3e2, 0xb5a9, 0xcaf5, 0xb1be, 0xceb4, 0xc4a9,
    0xd4fd, 0xd5fd, 0xc4b8, 0xc3f1, 0xd8b5, 0xd3c0, 0xd6ad, 0xcda1, 0xb7ba, 0xb7b8, 0xd0fe, 0xd3f1,
    0xb9cf, 0xcddf, 0xb8ca, 0xc9fa, 0xd3c3, 0xcba6, 0xccef, 0xd3c9, 0xbcd7, 0xc9ea, 0xf1e2, 0xb0d7,
    0xc6a4, 0xc3f3, 0xc4bf, 0xc3ac, 0xcab8, 0xcaaf, 0xcabe, 0xbacc, 0xd1a8, 0xc1a2, 0xd8a9, 0xb6aa,
    0xc6b9, 0xc5d2, 0xd8c0, 0xd8a8, 0xbdbb, 0xd2e0, 0xbaa5, 0xb7c2, 0xd8f8, 0xbbef, 0xd2c1, 0xb7f2,
    0xcee9, 0xb7a5, 0xd0dd, 0xb7fc, 0xd6d9, 0xbcfe, 0xc8ce, 0xd1f6, 0xd8f2, 0xb7dd, 0xc6f3, 0x0000,
    0xb9e2, 0xd0d7, 0xd5d7, 0xcfc8, 0xc8ab, 0xb9b2, 0xd4d9, 0xb1f9, 0xc1d0, 0xd0cc, 0xbbae, 0xd8d8,
    0xebbe, 0xc1d3, 0xd0d9, 0xbfef, 0xbdb3, 0xd3a1, 0xcea3, 0xbcaa, 0xc0f4, 0xcdac, 0xb5f5, 0xcdc2,
    0xd3f5, 0xb4e7, 0xb8f7, 0xcff2, 0xc3fb, 0xbacf, 0xb3d4, 0xbaf3, 0xdfba, 0xdfb8, 0xd2f2, 0xbbd8,
    0xe0ee, 0xdbda, 0xb5d8, 0xd4da, 0xb9e7, 0xdbd8, 0xdbdd, 0xdbd7, 0xd9ed, 0xb6e0, 0xd2c4, 0xbfe4,
    0xcdfd, 0xbce9, 0xe5fa, 0xbac3, 0xcbfd, 0xc8e7, 0xe5f9, 0xd7d6, 0xb4e6, 0xd3ee, 0xcad8, 0xd5ac,
    0xb0b2, 0xcbc2, 0xbce2, 0xd2d9, 0xd6dd, 0xb7ab, 0xb2a2, 0xc4ea, 0xcabd, 0xb3da, 0xc3a6, 0xe2e2,
    0xc8d6, 0xd0e7, 0xcaf9, 0xb3c9, 0xbfdb, 0xbfb8, 0xcdd0, 0xcad5, 0xd4e7, 0xd6bc, 0xd1ae, 0xd0f1,
    0xc7fa, 0xd2b7, 0xd3d0, 0xd0e0, 0xc6d3, 0xd6ec, 0xb6e4, 0xb4ce, 0xb4cb, 0xcbc0, 0xc4ca, 0xc8ea,
    0xbab9, 0xcedb, 0xbdad, 0xb3d8, 0xcfab, 0xc9c7, 0xcedb, 0xd1b4, 0xcde8, 0xb7ba, 0xbbd2, 0xc4b2,
    0xeaf2, 0xb0d9, 0xd6f1, 0xc3d7, 0xf4e9, 0xf3be, 0xd1f2, 0xd3f0, 0xc0cf, 0xbfbc, 0xb6f8, 0xf1e7,
    0xb6fa, 0xedb2, 0xc8e2, 0xc0df, 0xbca1, 0xb3bc, 0xd7d4, 0xd6c1, 0xbeca, 0xc9e0, 0xe2b6, 0xd6db,
    0xf4de, 0xc9ab, 0xb0ac, 0xb3e6, 0xd1aa, 0xd0d0, 0xd2c2, 0xcef7, 0xdae4, 0xb4ae, 0xbae0, 0xcebb,
    0xd7a1, 0xd8f9, 0xd9a2, 0xd8fa, 0xb0e9, 0xb7f0, 0xbace, 0xb9c0, 0xd7f4, 0xd3d3, 0xd9a4, 0xcbc5,
    0xc9ec, 0xb5e8, 0xd5bc, 0xcbc6, 0xb5ab, 0xd3b6, 0xd7f7, 0xc4e3, 0xb2ae, 0xb5cd, 0xc1e6, 0xd3e0,
    0xd8fe, 0xb2bc, 0xd8fd, 0xb6d2, 0xbfcb, 0xc3e2, 0xb1f8, 0xd2b1, 0xc0e4, 0xb1f0, 0xc5d0, 0xc0fb,
    0xc9be, 0xc5d9, 0xbdd9, 0xd6fa, 0xc5ac, 0xdbbe, 0xcfbb, 0xbcb4, 0xc2d1, 0xc1df, 0xbfd4, 0xcdcc,
    0xcee1, 0xb7f1, 0xb3df, 0xb0c9, 0xb4f4, 0xdfc0, 0xcee2, 0xb3ca, 0xc2c0, 0xbefd, 0xb7d4, 0xb8e6,
    0xb4b5, 0xcec7, 0xcefc, 0xcbb1, 0xb3b3, 0xc4c5, 0xb7cd, 0xbaf0, 0xd1bd, 0xd6a8, 0xbaac, 0xd2f7,
    0xccfd, 0xb4d1, 0xc0a7, 0xb6da, 0xe0f1, 0xb7bb, 0xbfd3, 0xd6b7, 0xccae, 0xbef9, 0xbfb2, 0xbbf8,
    0xd7f8, 0xbbb5, 0xdbdf, 0xd7b3, 0xbcd0, 0xd7b1, 0xb6ca, 0xb7c1, 0xe6a4, 0xe5fe, 0xc3ee, 0xd1fd,
    0xe5fb, 0xe6a5, 0xbccb, 0xc8d1, 0xcdd7, 0xd0a2, 0xd7ce, 0xe6da, 0xd8c3, 0xcdea, 0xcbce, 0xbaea,
    0xdece, 0xbed6, 0xc6a8, 0xc4f2, 0xceb2, 0xe1aa, 0xe1af, 0xb2ed, 0xe1a7, 0xced7, 0xcfa3, 0xd0f2,
    0xb1d3, 0xb4b2, 0xcda2, 0xc5aa, 0xb5dc, 0xcdae, 0xd0ce, 0xe1dd, 0xd2db, 0xcdfc, 0xbcc9, 0xd6be,
    0xc8cc, 0xb3c0, 0xbfec, 0xe2ee, 0xe2ec, 0xbde4, 0xced2, 0xb3ad, 0xbfb9, 0xb6b6, 0xbcbc, 0xb7f6,
    0xbef1, 0xc5a4, 0xb0d1, 0xb6f3, 0xd5d2, 0xc5fa, 0xb0e2, 0xcae3, 0xb3b6, 0xd5db, 0xb0e7, 0xcdb6,
    0xd7a5, 0xd2d6, 0x0000, 0xb8c4, 0xb9a5, 0xd8fc, 0xbab5, 0xb8fc, 0xcaf8, 0xc0ee, 0xd0d3, 0xb2c4,
    0xb4e5, 0xb6c5, 0xd5c8, 0xe8bd, 0xc9bc, 0xb8cb, 0xb8dc, 0xe8bc, 0x0000, 0xb2bd, 0xc3bf, 0xc7f3,
    0xb9af, 0xc9b3, 0xc7df, 0xc9f2, 0xb3c1, 0xe3e4, 0xc5e6, 0xcdf4, 0xbef6, 0xe3e5, 0xccad, 0xe3e7,
    0xe3e8, 0xb3e5, 0xc3bb, 0xc6fb, 0xced6, 0xbcb3, 0xb7da, 0xe3ea, 0xe3ec, 0xe3eb, 0xd9fc, 0xe3e6,
    0x0000, 0xd2ca, 0xd4ee, 0xd7c6, 0xd4d6, 0xbec4, 0xc0ce, 0xc4b5, 0xcbfc, 0xb5d2, 0xbff1, 0xbec1,
    0xf0ae, 0xb8a6, 0xc4d0, 0xb5e9, 0xd4ed, 0xb6a2, 0xd2d3, 0xcbbd, 0xd0e3, 0xcdba, 0xbebf, 0xcfb5,
    0xbab1, 0xd0a4, 0xebc1, 0xb8ce, 0xd6e2, 0xb8d8, 0xb6c7, 0xd3fd, 0xc1bc, 0xc3a2, 0xd3f3, 0xc9d6,
    0xbcfb, 0xbdc7, 0xd1d4, 0xb9c8, 0xb6b9, 0xf5b9, 0xb1b4, 0xb3e0, 0xd7df, 0xd7e3, 0xc9ed, 0xb3b5,
    0xd0c1, 0xb3bd, 0xd3d8, 0xe5c6, 0xd1b8, 0xc6f9, 0xd1b2, 0xd2d8, 0xd0cf, 0xd0b0, 0xb0ee, 0xc4c7,
    0xd3cf, 0xb2c9, 0xc0ef, 0xb7c0, 0xc8ee, 0xdae5, 0xdae6, 0xbfd3, 0xb2a2, 0xb9d4, 0xc8e9, 0xcac2,
    0xd0a9, 0xd1c7, 0xcfed, 0xbea9, 0xd1f0, 0xd2c0, 0xcacc, 0xbcd1, 0xcab9, 0xc0d0, 0xb9a9, 0xc0fd,
    0xc0b4, 0xd9a9, 0xb0db, 0xb2a2, 0xb3de, 0xc5e5, 0xd9ac, 0xc2d8, 0xd9ab, 0xd9aa, 0xd9a7, 0x0000,
    0xcdc3, 0xb6f9, 0xd9ee, 0xc1bd, 0xbedf, 0xc6e4, 0xb5e4, 0xd9fd, 0xbaaf, 0xbfcc, 0xc8af, 0xcba2,
    0xb4cc, 0xb5bd, 0xb9ce, 0xd6c6, 0xb6e7, 0xdbc0, 0xbfef, 0xd7e4, 0xd0ad, 0xd7bf, 0xb1b0, 0xd8d4,
    0xbeed, 0xd0b6, 0xd0f4, 0xc8a1, 0xcae5, 0xcadc, 0xceb6, 0xbac7, 0xbfa7, 0xc5de, 0xb9be, 0xbed7,
    0xc9eb, 0xdfc8, 0xdfcd, 0xd6e4, 0xc5d8, 0xbaf4, 0xb8c0, 0xdfc9, 0xdfce, 0xbacd, 0xdfcb, 0xc4d8,
    0xd6dc, 0xd5a6, 0xc3fc, 0xbecc, 0xb9cc, 0xc0ac, 0xbfc0, 0xc6ba, 0xdbe1, 0xc6c2, 0xccb9, 0xc0a4,
    0xdbe5, 0xd2b9, 0xb7ee, 0xc6e6, 0xc4ce, 0xd1d9, 0xb1bc, 0xe6aa, 0xc6de, 0xceaf, 0xc3c3, 0xc4dd,
    0xb9c3, 0xc4b7, 0xbde3, 0xe6a9, 0xcabc, 0xd0d5, 0xe6a2, 0xe6a8, 0xc4e3, 0xe6a6, 0x0000, 0xc3cf,
    0xb9c2, 0xbcbe, 0xd7da, 0xb6a8, 0xb9d9, 0xd2cb, 0xd6e6, 0xcdf0, 0xc9d0, 0xc7fc, 0xbed3, 0xbdec,
    0xe1ba, 0xb8d4, 0xb0b6, 0xd1d2, 0xe1b6, 0xe1b7, 0xd4c0, 0xc1b1, 0xd6e3, 0xccfb, 0xc5c1, 0xb2af,
    0xe0fb, 0xd0d2, 0xb8fd, 0xb5ea, 0xb8ae, 0xb5d7, 0xe2d2, 0xd1d3, 0xcfd2, 0xbba1, 0xe5f3, 0xcdf9,
    0xd5f7, 0xb7f0, 0xb1cb, 0xe3c3, 0xd6d2, 0xbaf6, 0xc4ee, 0xb7de, 0xe2f3, 0xd5fa, 0xc7d3, 0xe2f0,
    0xb2c0, 0xb9d6, 0xc5c2, 0xe2f9, 0xd0d4, 0xe2f5, 0xe2f6, 0xe2f2, 0xbbf2, 0xe3de, 0xb7bf, 0xece5,
    0xcbf9, 0xb3d0, 0xc0ad, 0xb0e8, 0xd6f4, 0xc3f2, 0xb7f7, 0xc4a8, 0xbedc, 0xd5d0, 0xc5fb, 0xcdd8,
    0xb0ce, 0xc5d7, 0xc4e9, 0xc5ea, 0xb3e9, 0xd1ba, 0xb9d5, 0xd7be, 0xc4b4, 0xc5c4, 0xb5d6, 0xded5,
    0xb1a7, 0xbed0, 0xcdcf, 0xded6, 0xb2f0, 0xcca7, 0xc1e0, 0xb7c5, 0xb8ab, 0xecb6, 0xcdfa, 0xcef4,
    0xd2d7, 0xb2fd, 0xc0a5, 0xb0ba, 0xc3f7, 0xeac0, 0xbbe8, 0xeabf, 0xeabb, 0xc9fd, 0xb7fe, 0xc5f3,
    0xbabc, 0xe8ca, 0xd5ed, 0xb6ab, 0xb9fb, 0xe8c3, 0xe8cb, 0xe8c1, 0xd6a6, 0xc1d6, 0xb1ad, 0xbddc,
    0xb0e5, 0xcdf7, 0xcbc9, 0xcef6, 0xe8c6, 0xc3b6, 0x0000, 0xe8cc, 0xe8c2, 0xeabd, 0xd0c0, 0xcee4,
    0xc6e7, 0xe9e2, 0xc3a5, 0xb7d5, 0xc6fc, 0xd7a2, 0xd3be, 0xe3fb, 0xc3da, 0xc4e0, 0xbad3, 0xb9c1,
    0xd5b4, 0xd5d3, 0xb2a8, 0xc4ad, 0xb7a8, 0xe3fc, 0xb7d0, 0xd0b9, 0xd3cd, 0xbff6, 0xbeda, 0xe3f4,
    0xc7f6, 0xe3f3, 0xd1d8, 0xd6ce, 0xc5dd, 0xb7ba, 0xb2b4, 0x0000, 0xe3fd, 0x0000, 0xe3f7, 0xe3f6,
    0xbfbb, 0xd1d7, 0xb3b4, 0xb4b6, 0xd6cb, 0xc5c0, 0xd5f9, 0xb0d6, 0xb0e6, 0xc4c1, 0xceef, 0xd7b4,
    0xe1f2, 0xbed1, 0xb9b7, 0xbafc, 0xcde6, 0xe7e5, 0xe7e4, 0xc3b5, 0x0000, 0x0000, 0xf0de, 0xb8ed,
    0xbece, 0xb5c4, 0xd3db, 0xc3a4, 0xd6b1, 0xd6aa, 0xcef9, 0xc9e7, 0xeceb, 0xc6ee, 0xb1fc, 0xf4cc,
    0xbfd5, 0xf1b7, 0xf3c3, 0xbec0, 0xd8e8, 0xc7bc, 0xd8c2, 0xd5df, 0xb7ce, 0xb7ca, 0xd6ab, 0xebc5,
    0xb9c9, 0xebc6, 0xbce7, 0xebc8, 0xb7be, 0xbfcf, 0xced4, 0xf4a7, 0xc9e1, 0xb7bc, 0xd6a5, 0xdcbd,
    0xb0c5, 0xd1bf, 0xdccf, 0xc7db, 0xbba8, 0xb7d2, 0xbde6, 0xd0be, 0xdcbf, 0x0000, 0xdcc1, 0xdcc0,
    0xdcc6, 0xbba2, 0xcaad, 0xb3f5, 0xb1ed, 0xd4fe, 0xd3ad, 0xb7b5, 0xbdfc, 0xc9db, 0xdba1, 0xc7f1,
    0xdafd, 0xb2c9, 0xbdf0, 0xb3a4, 0xc3c5, 0xb8b7, 0xcdd3, 0xb0a2, 0xd7e8, 0xb8bd, 0xdae9, 0xf6bf,
    0xd3ea, 0xc7e0, 0xb7c7, 0xd8bd, 0xcda4, 0xc1c1, 0xd0c5, 0xc7d6, 0xbaee, 0xb1e3, 0xcfc0, 0xd9b8,
    0xc7ce, 0xb1a3, 0xb4d9, 0xc2c2, 0xb7fd, 0xd9b9, 0xbfa1, 0xcbd7, 0xceea, 0xc0fe, 0xb6ed, 0xcfb5,
    0xd9b5, 0xd9de, 0xd3e1, 0xbed6, 0xd9f0, 0xc3b0, 0xebd0, 0xb9da, 0xc9b2, 0xccea, 0xcff7, 0xc7b0,
    0xd8dd, 0xbfcb, 0xd4f2, 0xd3c2, 0xc3e3, 0xb2aa, 0xbea2, 0xd9e9, 0xc4cf, 0xc8b4, 0xbaf1, 0xc5d1,
    0xd2a7, 0xb0a7, 0xd7c9, 0xb0a5, 0xd4d5, 0xcfcc, 0xdfd7, 0xbfc8, 0xcddb, 0xdfd3, 0xd1ca, 0xdfe4,
    0xc6b7, 0xbae5, 0xb9fe, 0xbfa9, 0xe5eb, 0xd4db, 0xdfdd, 0xdfe3, 0xdfd6, 0xdfde, 0xe0f3, 0xb4b9,
    0xd0cd, 0xdbf3, 0xd4ab, 0xb9b8, 0xb3c7, 0xbfe5, 0xdbf2, 0xdec8, 0xc6f5, 0xd7e0, 0xbffc, 0xdbbc,
    0xbdaa, 0xe6b0, 0xd7cb, 0xe6af, 0xd2cc, 0xcdde, 0xc0d1, 0xd6b6, 0xd2a6, 0xbce9, 0xcdfe, 0xd2f6,
    0xbaa2, 0xd0fb, 0xbbc2, 0xcad2, 0xbfcd, 0xe5b6, 0xb7e2, 0xcaba, 0xc6c1, 0xcaac, 0xcedd, 0xd6c5,
    0xe1bc, 0xcfef, 0xb5db, 0xcba7, 0x0000, 0xd3c4, 0xe2d4, 0xb6c8, 0xbda8, 0xdec4, 0xe5f4, 0xd1e5,
    0xbadc, 0xb4fd, 0xbbb2, 0xc2c9, 0xe1df, 0xbaf3, 0xe1e0, 0xc5ad, 0xcbbc, 0xb5a1, 0xbcb1, 0xd4f5,
    0xd4b9, 0xbbd0, 0xc7a1, 0xbade, 0xbbd6, 0xbae3, 0xcad1, 0xccf1, 0xb6b2, 0xe3a1, 0xd0f4, 0xb1e2,
    0xb0dd, 0xcdda, 0xb0b4, 0xc6b4, 0xcac3, 0xb3d6, 0xded7, 0xd7a7, 0xd6b8, 0xb9b0, 0xbfbd, 0xd5fc,
    0xc0a8, 0xcab0, 0xcba9, 0xccf4, 0xb9d2, 0xd5fe, 0xb9ca, 0xedbd, 0xcaa9, 0xbcc8, 0xb4ba, 0xd5d1,
    0xd3b3, 0xc3c1, 0xcac7, 0xd0c7, 0xd7f2, 0xeac5, 0x0000, 0xeac2, 0xcac1, 0xc8be, 0xd6f9, 0xc8e1,
    0xc4b3, 0xbced, 0xbcdc, 0xbfdd, 0xd5a4, 0xe8d1, 0xbfc2, 0xb1fa, 0xb8cc, 0xb9d5, 0xe8d6, 0xb2e9,
    0xe8db, 0xb0d8, 0xd7f5, 0xc1f8, 0xe8d2, 0xe8d4, 0xe8dc, 0xe8d8, 0xc6e2, 0xcde1, 0xd1ea, 0xb4f9,
    0xb6ce, 0xb6be, 0xc5fe, 0xb7fa, 0xc8aa, 0xd1f3, 0xd6de, 0xbae9, 0xc1f7, 0xbdf2, 0xe4a3, 0xb6fd,
    0xb6b4, 0xcfb4, 0xbbee, 0xc7a2, 0xc5c9, 0xd0da, 0xc2e5, 0xb1c3, 0xe4a1, 0xe4a2, 0x0000, 0xd0b9,
    0xe4ac, 0xe4ad, 0xe4a9, 0xe4aa, 0xecc5, 0xceaa, 0xb1fe, 0xbee6, 0xbebc, 0xccbf, 0xd5a8, 0xc5da,
    0xd5d5, 0xebbc, 0xc9fc, 0xeaf4, 0xb5d6, 0xe1f7, 0xbadd, 0xbdc6, 0xe7e8, 0xc9ba, 0xb2a3, 0xc1e1,
    0xd5e4, 0xe7ea, 0xe7e9, 0xc9f5, 0xb1c2, 0xceb7, 0xbde7, 0xeeb0, 0xeeb1, 0xd2df, 0xb0cc, 0xbdea,
    0x0000, 0xf0e0, 0xb9ef, 0xbdd4, 0xbbca, 0xf0a7, 0xd3af, 0xc5e8, 0xb1ad, 0xd6d1, 0xcaa1, 0xedef,
    0xcfe0, 0xc3bc, 0xbfb4, 0xb6dc, 0xc5ce, 0xedf0, 0xf1e6, 0xc9b0, 0xd1d0, 0xc6f6, 0xbfb3, 0xecec,
    0xeced, 0xc6ed, 0xd6bb, 0xd3ed, 0xd8ae, 0xbfc6, 0xc3eb, 0xc7ef, 0xb4a9, 0xcdbb, 0xb8cd, 0xf3c4,
    0xd7d1, 0xe6fb, 0xbaec, 0xbccd, 0xc8d2, 0xe6fc, 0xd4bc, 0xe6fa, 0xb8d7, 0xc3c0, 0xf4e0, 0xeba3,
    0xc4cd, 0xcba3, 0xb6cb, 0xd2ae, 0xc5d6, 0xf1e3, 0xc5df, 0xceb8, 0xebd0, 0xb1b3, 0xbafa, 0xebce,
    0xcca5, 0xb0fb, 0xd8b7, 0xebd5, 0xd6c2, 0xf4ae, 0xdcd1, 0xb7b6, 0xc3a9, 0xdcc4, 0xbfc1, 0xbfe0,
    0xc7d1, 0xc8f4, 0xc3af, 0xdcd4, 0xdcdb, 0xc3e7, 0xd3a2, 0xd7c2, 0xdcd9, 0xcca6, 0xd4b7, 0xb0fa,
    0xdcdf, 0xb9b6, 0xb1bd, 0xdce2, 0xc5b0, 0xbae7, 0xf2b5, 0xf2b3, 0xd1dc, 0xc9c0, 0xd2aa, 0xbdee,
    0xbcc6, 0xb6a9, 0xb8bc, 0xd5ea, 0xb8ba, 0xb8b0, 0xf4f1, 0xc5bf, 0xbefc, 0xb9ec, 0xcaf6, 0xe5c8,
    0xccf6, 0xb5cf, 0xe5c4, 0xb5fc, 0xc6c8, 0xe5c6, 0xe5ca, 0xbdbc, 0xc0c9, 0xd3f4, 0x0000, 0xc7f5,
    0xf4fa, 0xd6d8, 0xe3c5, 0xcfde, 0xc2aa, 0xc4b0, 0xbdb5, 0xc3e6, 0xb8ef, 0xcea4, 0xbec2, 0xd2f4,
    0xd2b3, 0xb7e7, 0xb7c9, 0xcab3, 0xcad7, 0xcfe3, 0xb3cb, 0xd9f1, 0xd9c4, 0xb1b6, 0xb7c2, 0xb8a9,
    0xbeeb, 0xd9c5, 0xd9ba, 0xd9bb, 0xd0d2, 0xc1a9, 0xd6b5, 0xbde8, 0xd2d0, 0xb5b9, 0xc3c7, 0xb0b3,
    0xd8f6, 0xbef3, 0xd9c6, 0xbee3, 0xb3ab, 0xb8f6, 0xbaf2, 0xccc8, 0xd9bd, 0xd0de, 0xd9c1, 0xc4df,
    0xd9c2, 0xc2d7, 0xb2d6, 0xbce6, 0xd4a9, 0xdaa4, 0xdaa3, 0xb6b3, 0xc1e8, 0xd7bc, 0xb5f2, 0xc6ca,
    0xd8e0, 0xccde, 0xb8d5, 0xb0fe, 0xb7cb, 0xc7e4, 0xd4ad, 0xd8c8, 0xdbc5, 0xc9da, 0xccc6, 0xd1e4,
    0xe0a1, 0xbadf, 0xb8e7, 0xd5dc, 0xcbf4, 0xb2b8, 0xdfed, 0xc1a8, 0xbfde, 0xd4b1, 0xb0a6, 0xcff8,
    0xc4c4, 0xc5b6, 0xdff3, 0xb4bd, 0xdfec, 0xdff1, 0xc6d4, 0xe0f4, 0xb9a1, 0xc6d2, 0xc2f1, 0xb0a3,
    0x0000, 0xcfc4, 0xccd7, 0xdeca, 0xdec9, 0xe6b6, 0xc4ef, 0xc4c8, 0xbeea, 0xd3e9, 0xe6b8, 0xbca7,
    0xc9ef, 0xe6b7, 0xc3e4, 0xb6f0, 0xe6b2, 0xe6b3, 0xcbef, 0x0000, 0xd4d7, 0xbaa6, 0xbcd2, 0xd1e7,
    0xb9ac, 0xcffc, 0xc8dd, 0xe5b7, 0xc9e4, 0xd0bc, 0xd5b9, 0xe5ec, 0xc7cd, 0xcfbf, 0xbefe, 0xd3f8,
    0xb6eb, 0xb7e5, 0xb5ba, 0x0000, 0xe1ad, 0xb2ee, 0xcfaf, 0xcaa6, 0xbfe2, 0xcda5, 0xd7f9, 0xc8f5,
    0xcdbd, 0xbeb6, 0xd0ec, 0xeda6, 0xeda7, 0xb3dc, 0xbfd6, 0xcba1, 0xb9a7, 0xb6f7, 0xcfa2, 0xc7c4,
    0xcef2, 0xe3a4, 0xbab7, 0xbbda, 0xe3a9, 0xd4c3, 0xe3a3, 0xc9c8, 0xc8ad, 0xeafc, 0xc4c3, 0xc9d3,
    0xd0ae, 0xd5f1, 0xb2b6, 0xcee6, 0xc0a6, 0xc4f3, 0xd7bd, 0xcda6, 0xbee8, 0xcdec, 0xc5b2, 0xb4ec,
    0xb0a4, 0xbab4, 0xb0c6, 0xd0a7, 0xf4cd, 0xc1cf, 0xc5d4, 0xc2c3, 0xcab1, 0xbdfa, 0xeacc, 0xbbce,
    0xc9b9, 0xc9ce, 0x0000, 0xeacb, 0xcae9, 0xcbb7, 0xebde, 0xc0ca, 0xd0a3, 0xbacb, 0xb0b8, 0xbff2,
    0xbbb8, 0xb8f9, 0xb9f0, 0xbddb, 0xe8f2, 0xcae1, 0xc0f5, 0xd7c0, 0xc9a3, 0xd4d4, 0xb2f1, 0xcda9,
    0xe8ee, 0xb8f1, 0xccd2, 0xd6ea, 0xcea6, 0xcba8, 0x0000, 0xe8ec, 0xcae2, 0xd1b3, 0xd2f3, 0xc6f8,
    0xd1f5, 0xb0b1, 0xbaa4, 0xebb3, 0xcca9, 0xc0cb, 0xcce9, 0xcffb, 0xe3fe, 0xc6d6, 0xbdfe, 0xbaa3,
    0xd5e3, 0xe4b8, 0xc0ef, 0xc9e6, 0xb8a1, 0xbfa3, 0xd4a1, 0xbac6, 0xd3bf, 0x0000, 0xe4a4, 0xc4f9,
    0x0000, 0xe4b9, 0xecc8, 0xbae6, 0xbfbe, 0xc0d3, 0xc1d2, 0xceda, 0xb5f9, 0xccd8, 0xc0c7, 0xcfc1,
    0xb1b7, 0xc0ea, 0xe1fa, 0xd7c8, 0xb0e0, 0xc1f0, 0xc5e5, 0xd6e9, 0xb9e7, 0xe7f3, 0xc5cf, 0xc4b6,
    0xd0f3, 0xdbce, 0xc1f4, 0xbcb2, 0xb2a1, 0xd6a2, 0xc6a3, 0xf0e1, 0xbed2, 0xccdb, 0xd5ee, 0xf0e8,
    0xf0e3, 0xb8de, 0xf0e5, 0xd2e6, 0xeec1, 0xb0bb, 0xd1a3, 0xd5e6, 0xc3df, 0xd5a3, 0xbed8, 0xc5e9,
    0xd5e8, 0xd4d2, 0xedc0, 0xc6c6, 0xc9e9, 0xedc6, 0xedbe, 0x0000, 0xedc4, 0xc5da, 0xc3d8, 0xd3d3,
    0xecf4, 0xcbee, 0xd7e6, 0xc9f1, 0xd7a3, 0xecf3, 0xecf1, 0xb3d3, 0xeff7, 0xd1ed, 0xd7e2, 0xc7d8,
    0xd6c8, 0xc3d8, 0xd5ad, 0xf1ba, 0xd5be, 0xb0ca, 0xd0a6, 0xb7db, 0xb7c4, 0xc9b4, 0xcec6, 0xcec9,
    0xcbd8, 0xcbf7, 0xb4bf, 0xc5a6, 0xe7a2, 0xbcb6, 0xe7a1, 0xc4c9, 0xd6bd, 0xb7d7, 0xc8b1, 0xeeb9,
    0xb8e1, 0xb3e1, 0xcecc, 0xeac8, 0xd4c5, 0xb8fb, 0xb0d2, 0xbac4, 0xb5a2, 0xb9a2, 0xebd7, 0xd6ac,
    0xd2c8, 0xd0b2, 0xebd9, 0xebd8, 0xb4e0, 0xd0d8, 0xb8ec, 0xc2f6, 0xc4dc, 0xbcb9, 0xebdd, 0xbfe8,
    0xb3f4, 0xf4ab, 0xd2a8, 0xf3c2, 0xbabd, 0xf4b3, 0xf4b2, 0xb0e3, 0xdbbb, 0xc3a3, 0xbbc4, 0xc0f3,
    0xbea3, 0xc8d7, 0xbcf6, 0xb2dd, 0xd2f0, 0xdcee, 0xdcf3, 0xd7c8, 0xc8e3, 0xb2e8, 0xdcf8, 0xdcf7,
    0xdcef, 0xb4c4, 0xdcf5, 0xf2af, 0xcec3, 0xf2bd, 0xf2be, 0xd4e9, 0xf2bf, 0xb0f6, 0xf2bc, 0xd1c1,
    0xcba5, 0xd6d4, 0xd4ac, 0xf1c7, 0xf1c5, 0xd6bb, 0xbcc7, 0xdaa6, 0xccd6, 0xdaa7, 0xdaa8, 0xd1b6,
    0xcdd0, 0xd1b5, 0xc6fd, 0x0000, 0x0000, 0xc6f1, 0xb2f2, 0xb1aa, 0xb2c6, 0xb9b1, 0xc6f0, 0xb9aa,
    0xd0f9, 0xe9ed, 0x0000, 0xc8e8, 0xcbcd, 0xc4e6, 0xc3d4, 0xcdcb, 0xc4cb, 0xbbd8, 0xccd3, 0xd7b7,
    0xe5cb, 0xb1c5, 0xe7df, 0xbfa4, 0xbac2, 0xdbab, 0xbec6, 0xc5e4, 0xd7c3, 0xb6a4, 0xd5eb, 0xeec8,
    0xb8aa, 0xeec7, 0xc9c1, 0xd4ba, 0xd5f3, 0xb6b8, 0xb1dd, 0xc9c2, 0xb3fd, 0xdaea, 0xc9fd, 0xd6bb,
    0xbca2, 0xc2ed, 0xb9c7, 0xb8df, 0xb6b7, 0xd8aa, 0xb9ed, 0xb8c9, 0xd4db, 0xceb1, 0xcda3, 0xbcd9,
    0xd9c8, 0xd9bc, 0xd7f6, 0xceb0, 0xbda1, 0xc5bc, 0xd9cb, 0xd9c9, 0xd5ec, 0xb2e0, 0xcdb5, 0xc6ab,
    0xd9bf, 0x0000, 0x0000, 0xb6b5, 0xc3e1, 0xbbcb, 0xbcf4, 0xb8b1, 0xc0d5, 0xcef1, 0xbfb1, 0xb6af,
    0xd9eb, 0xdecb, 0xb3d7, 0xc4e4, 0xc7f8, 0xd8d2, 0xb2ce, 0xc2fc, 0xc9cc, 0xc5be, 0xc0b2, 0xd7c4,
    0xd1c6, 0xb7c8, 0xbfd0, 0xb0a1, 0xb3aa, 0xe0a2, 0xceca, 0xdffb, 0xcea8, 0xc6a1, 0xc4ee, 0xcadb,
    0xe0a8, 0xbba3, 0xcfce, 0xe0a6, 0xdffa, 0xe0a2, 0xc8a6, 0xb9fa, 0xe0f6, 0xd3f2, 0xbce1, 0xdbd1,
    0xb6d1, 0xb2ba, 0xdbfd, 0xbbf9, 0xccc3, 0xb6c2, 0xd6b4, 0xc5e0, 0xb9bb, 0xc9dd, 0xc8a2, 0xc2a6,
    0xcdf1, 0xb8be, 0xc0b7, 0xe6b9, 0xe6bd, 0xe6be, 0xbbe9, 0xc6c5, 0xe6bb, 0xcaeb, 0xbfdc, 0xd2fa,
    0xbcc4, 0xbcc5, 0xcbde, 0xc3dc, 0xcebe, 0xd7a8, 0xbdab, 0xcdc0, 0xcceb, 0xece9, 0xb3e7, 0xe1c7,
    0xc6e9, 0xe1c8, 0xd1c2, 0xe1bf, 0xc0a5, 0xb1c0, 0xb4de, 0xc2d8, 0xe1c5, 0xe1c2, 0xb8da, 0xb3b2,
    0xb3a3, 0xb4f8, 0xd5ca, 0xe1a1, 0xbfb5, 0xd3b9, 0xcafc, 0xe2d6, 0xe2d7, 0xd5c5, 0xc7bf, 0xe5e7,
    0xb1f2, 0xb2ca, 0xb5f1, 0xb5c3, 0xe1e3, 0xb4d3, 0xc5c7, 0xd3f9, 0xe1e2, 0xe1e4, 0xd3c1, 0xbbbc,
    0xcfa4, 0xd3c6, 0xc4fa, 0xcdef, 0xe3b2, 0xb5eb, 0xc6e0, 0xc7e9, 0xe3ac, 0xe2ea, 0xcfa7, 0xb5bf,
    0xe3af, 0xcce8, 0xe3b0, 0xcea9, 0xbcc2, 0xe3b1, 0xb6d8, 0xc6dd, 0xeaa9, 0xece8, 0xc2d3, 0xbfd8,
    0xbeed, 0xd2b4, 0xccbd, 0xbdd3, 0xbddd, 0xc5f5, 0xbef2, 0xb4eb, 0xdedf, 0xd1da, 0xb5f4, 0xc9a8,
    0xb9d2, 0xded1, 0xcdc6, 0xc2d5, 0xcada, 0xd5f5, 0xb2c9, 0xdee4, 0xc5c5, 0xcccd, 0xcfc6, 0xc4ed,
    0xdee6, 0xc9e1, 0xdee0, 0xb1d6, 0xb0bd, 0xbec8, 0xbdcc, 0xb0dc, 0xc6f4, 0xc3f4, 0xd0f0, 0xebb7,
    0x0000, 0xd0b1, 0xf5fa, 0xd5b6, 0xd7e5, 0xd0fd, 0xecba, 0xecbb, 0xd6e7, 0xcded, 0xceee, 0xb3bf,
    0xbbde, 0xead8, 0xb2dc, 0xdbc3, 0xcdfb, 0xc1ba, 0xccdd, 0xc9d2, 0xe8f7, 0xe8f3, 0xb8cb, 0xcdb0,
    0xc0a6, 0xcee0, 0xb9a3, 0xd0b5, 0xe8e8, 0xc6fa, 0xcbf3, 0xb0f0, 0xc3b7, 0xe8d9, 0xccf5, 0xc0e6,
    0xe8c9, 0x0000, 0x0000, 0xd3fb, 0xc9b1, 0xbac1, 0xc7f2, 0xc7e2, 0xcfd1, 0xc1b9, 0xb4be, 0xe4c8,
    0xd2ba, 0xb5ad, 0xccca, 0xd3d9, 0xcced, 0xc7b3, 0xc7e5, 0xe4bf, 0xc1dc, 0xd1c4, 0xcae7, 0xe4cc,
    0xe4c1, 0xd1cd, 0xbad4, 0xbbec, 0xd4a8, 0xe4c0, 0xc6e0, 0xe4be, 0xbaad, 0xc0e1, 0xd2f9, 0xccd4,
    0xc2d9, 0xc9ee, 0xbbb4, 0xbebb, 0xcffd, 0xd7cd, 0xb8a2, 0xb4e3, 0xe4c3, 0xe4c6, 0xc5eb, 0xd1c9,
    0xbab8, 0xb7e9, 0xcfa9, 0xcbac, 0xc7a3, 0xc0e7, 0xb2c2, 0xc3cd, 0xb2fe, 0xe2a3, 0xd5f8, 0xc2ca,
    0xc0c5, 0xe7f0, 0xc7f2, 0xc0ed, 0xcfd6, 0x0000, 0xf0ad, 0xc6bf, 0xb4c9, 0xccf0, 0xb2fa, 0xc2d4,
    0xc6e8, 0xb1cf, 0xd2ec, 0xcae8, 0xd6cc, 0xbadb, 0xb4c3, 0xc8ac, 0xf0ea, 0xf0a8, 0xbff8, 0xbad0,
    0xcaa2, 0xbeec, 0xd6da, 0xd1db, 0xbff4, 0xedf8, 0xccf7, 0xc1f2, 0xd6ec, 0xedca, 0xcfe9, 0xc6b1,
    0xbcc0, 0xd2c6, 0xd6cf, 0xf1bb, 0xf3d2, 0xb1bf, 0xb5d1, 0xb5da, 0xb7fb, 0xf3cf, 0xf3d7, 0xf3d0,
    0xc1a3, 0xb4d6, 0xc6c9, 0xb0ed, 0xcfd2, 0xcdb3, 0xd4fa, 0xc9dc, 0xe7a8, 0xe7a9, 0xcfb8, 0xc9f0,
    0xd7e9, 0xc0db, 0xd6d5, 0xe7a5, 0xe7a6, 0xb2a7, 0xd0df, 0xc1e7, 0xd2ee, 0xf4e1, 0xcfb0, 0xf1ea,
    0xc1c4, 0xf1f6, 0xb8ac, 0xb2b1, 0xb4bd, 0xcdd1, 0xd0de, 0x0000, 0x0000, 0xf4a9, 0xb6e6, 0xcfcf,
    0xb2b0, 0xb4ac, 0xc9af, 0xddb8, 0xddb7, 0xdda9, 0xbcd4, 0xbea5, 0xc3a7, 0xc4aa, 0xdcec, 0xd7af,
    0xddae, 0xc0f2, 0xddac, 0xbac9, 0xddb6, 0xddb1, 0xc6ce, 0xdcc8, 0xb4a6, 0xb1eb, 0xc9df, 0xd6fb,
    0xf2c0, 0xf2c1, 0xf2c2, 0xc7f9, 0xb5b0, 0xf2c6, 0xf2c7, 0xf2c8, 0xcaf5, 0xd9f2, 0xf4c2, 0xb1bb,
    0xccbb, 0xd0e4, 0xc5db, 0xb4fc, 0xc3d9, 0xb9e6, 0xb7c3, 0xd1c8, 0xbef7, 0xdaab, 0xd0ed, 0xc9e8,
    0xcbcf, 0xb6ef, 0xd0c0, 0xf4f9, 0xebe0, 0xb7b7, 0xd4f0, 0xb9e1, 0xbbf5, 0xccb0, 0xc6b6, 0xf4f6,
    0xc9e2, 0xd6ba, 0xf5c3, 0xe9ee, 0xc8ed, 0xd5e2, 0xe5d0, 0xcda8, 0xb6ba, 0xc1ac, 0xcbd9, 0xcac5,
    0xd6f0, 0xe5c9, 0xb3d1, 0xd4ec, 0xcdb8, 0xb7ea, 0xe5d1, 0xb9e4, 0xcdbe, 0xb2bf, 0xb9f9, 0xb6bc,
    0xd0ef, 0xd2b0, 0xeece, 0xbfdb, 0xb5f6, 0xeecb, 0x0000, 0xb7b0, 0xb1d5, 0xc5e3, 0xc1ea, 0xb3c2,
    0xc2bd, 0xd2f5, 0xdaf0, 0xccd5, 0xcfdd, 0xdaee, 0xc8b8, 0xd1a9, 0xf6a7, 0xd5c2, 0xbeb9, 0xb6a5,
    0xc7ea, 0xd3e3, 0xc4f1, 0xc2b1, 0xc2b9, 0xc2f3, 0xc2e9, 0xbcd2, 0xb0f8, 0xb8b5, 0xb1b8, 0xbddc,
    0xbffe, 0xd8f7, 0xc9a1, 0xd0a7, 0xd7ee, 0xbfad, 0xb8ee, 0xd8dc, 0xb4b4, 0xcaa3, 0xc0cd, 0xcaa4,
    0xd1ab, 0xb2a9, 0xd8ca, 0xe0b4, 0xbfa6, 0xd0fa, 0xcce4, 0xbab0, 0xbac8, 0xb4ad, 0xceb9, 0xcfb2,
    0xc9a5, 0xe0b8, 0xc0ae, 0xe0a9, 0xe0ab, 0xd4fb, 0xb5a5, 0xe0b0, 0xcdd9, 0xd3b4, 0xbbbd, 0xd3f7,
    0xc7c7, 0xe0ac, 0xe0b1, 0xbaed, 0xb3d4, 0xe0b9, 0xcea7, 0xd2a2, 0xbfb0, 0xb3a1, 0xb5cc, 0xd1df,
    0xb1a8, 0xb1a4, 0xdbf6, 0xdca9, 0xd2bc, 0xbaf8, 0xb5ec, 0xe6c3, 0xc3c4, 0xd0f6, 0xc3bd, 0xe6c2,
    0xe6b4, 0xe6dc, 0xe5ee, 0xbaae, 0xb8bb, 0xd4a2, 0xc3c2, 0xd7f0, 0xd1b0, 0xbecd, 0xc7b6, 0xe1b0,
    0xe1cb, 0xeffa, 0xd9e3, 0xb7f9, 0xc3b1, 0xd6a1, 0xe0f8, 0xbcb8, 0xc0c8, 0xb2de, 0xcfe1, 0xbec7,
    0xe5f6, 0xc5ed, 0xb8b4, 0xd1ad, 0xe1e5, 0xbbf3, 0xb6f1, 0xb1af, 0xc3c6, 0xbbdd, 0xe3ab, 0xe3b6,
    0xd0ca, 0xe3b5, 0xb6e8, 0xe2fc, 0xe3b7, 0xbfae, 0xc4d5, 0xe3b9, 0xbbcc, 0xd3e4, 0xe3b8, 0x0000,
    0xeaaa, 0xece9, 0xb3b8, 0xd5c6, 0xc3e8, 0xbcf0, 0xbfab, 0xc8e0, 0xdef1, 0xd7e1, 0xb2e5, 0xb4a7,
    0xcce1, 0xced5, 0xd2be, 0xbdd2, 0xbbd3, 0xb4b7, 0xd4ae, 0xbebe, 0xbbbb, 0xdef0, 0xd1ef, 0xb1b3,
    0xb3a8, 0xb6d8, 0xb8d2, 0xc9a2, 0xb0df, 0xecb3, 0xcbb9, 0xc6d5, 0xcefa, 0xc7e7, 0xbea7, 0xbeb0,
    0xcaee, 0xd6c7, 0xc1c0, 0xead0, 0xd4f8, 0xcce6, 0xc6da, 0xb3af, 0xb9d7, 0xd7d8, 0xccc4, 0xbcac,
    0xd4e6, 0xd2ce, 0xb6b0, 0xbfc3, 0xc9ad, 0xd5bb, 0xe8fe, 0xb0f4, 0xc6dc, 0xe9a6, 0xc6e5, 0xb9f7,
    0xd6b2, 0xbdb7, 0xd7b5, 0xc3de, 0xc5ef, 0xe8fa, 0x0000, 0xbfee, 0xc6db, 0xc7d5, 0xb2d0, 0xd6b3,
    0xbfc7, 0xccba, 0xb5aa, 0xc2c8, 0xebb2, 0xb8db, 0xd3ce, 0xe4d5, 0xb6c9, 0xe4d6, 0xd3bf, 0xb4d5,
    0xc7fe, 0xe4d7, 0xd4fc, 0xbcf5, 0xd5bf, 0xcfe6, 0xb2b3, 0xbafe, 0xe4ce, 0xcebc, 0xced0, 0xccc0,
    0xbfca, 0xcdc4, 0xc3ec, 0xb2e2, 0xc5c8, 0xd3e5, 0xbbeb, 0xd7cc, 0xb8c8, 0xbbc1, 0xe4cf, 0xe3c9,
    0xe4d8, 0x0000, 0x0000, 0xe4d2, 0xb1ba, 0xb7d9, 0xbdb9, 0xd1e6, 0xcede, 0xc8bb, 0xd6f3, 0x0000,
    0xc5c6, 0xeaf7, 0xcfac, 0xd3cc, 0xe2ab, 0xbaef, 0xd0c9, 0xb7a9, 0xe7f7, 0xc1d5, 0xd7c1, 0xe7fa,
    0xc5fd, 0xc5c3, 0xc7d9, 0x0000, 0xe8a1, 0xe7f9, 0xe7fb, 0xc9fb, 0xcbd5, 0xbbad, 0xb7ac, 0xc1a1,
    0xcdb4, 0xf0eb, 0xbeb7, 0xb6bb, 0xc6a6, 0xcbe1, 0xb5c7, 0xb7a2, 0xcdee, 0xf0a9, 0xf1e5, 0xb5c1,
    0xc0a7, 0xb6cc, 0xcff5, 0xd3b2, 0xd1e2, 0xc9d4, 0xb8d1, 0xb3cc, 0xcbb0, 0xcfa1, 0xbebd, 0xb4b0,
    0xbdd1, 0xcdaf, 0xbfa2, 0xb5c8, 0xb2df, 0xb1ca, 0xbff0, 0xcdb2, 0xb4f0, 0xcbf1, 0xbdee, 0xb7a4,
    0xd6fe, 0xcbda, 0xd6e0, 0xbdca, 0xbde1, 0xc8de, 0xbef8, 0xd7cf, 0xd0f5, 0xcbbf, 0xc2e7, 0xb8f8,
    0xd1a4, 0x0000, 0xe7ad, 0xc9c6, 0xcfe8, 0xf4e2, 0xf1f3, 0xf1f8, 0xcbe0, 0xcdf3, 0xc7bb, 0xd2b8,
    0xb8ad, 0xc9f6, 0xd5cd, 0xccf3, 0xc6a2, 0xebe7, 0xebe8, 0xebe9, 0xcae6, 0xcbb4, 0xc6d0, 0xddcd,
    0xddce, 0xc6bc, 0xb2a4, 0xddd1, 0xddc2, 0xddbc, 0xbbaa, 0xc1e2, 0xe2d6, 0xd6f8, 0xc0b3, 0xddd4,
    0xc3c8, 0xbefa, 0xddc4, 0xb7c6, 0xbed5, 0xddc7, 0xceae, 0xccd1, 0xb2cb, 0xdcc9, 0xddca, 0xddcb,
    0xd0e9, 0xf2d4, 0xcddc, 0xf2ce, 0xbbd7, 0xd6eb, 0xb8f2, 0xf2d0, 0xf2d2, 0xbdd6, 0xb2c3, 0xc1d1,
    0xb8a4, 0xf1fb, 0xcad3, 0xd7a2, 0xd3bd, 0xc6c0, 0xb4ca, 0xd6a4, 0xdaac, 0xdaaf, 0xd7e7, 0xd5a9,
    0xdaae, 0xcbdf, 0xd5ef, 0xdaad, 0x0000, 0xcff3, 0xf5f5, 0xd6fc, 0xccf9, 0xb7a1, 0xeadd, 0xeada,
    0xb7d1, 0xbad8, 0xb9f3, 0xc2f2, 0xb1e1, 0xc3b3, 0xb4fb, 0xd4bd, 0xb3ac, 0xb3c3, 0xf5c9, 0xbee0,
    0xb0cf, 0xf5c7, 0xc5dc, 0xb5f8, 0xf5cb, 0xf5cc, 0xe9f0, 0xd6e1, 0xe9f3, 0xb9bc, 0xb4fe, 0xe5d3,
    0xd6dc, 0xd2dd, 0xbdf8, 0xe5d4, 0xb6f5, 0xd3ca, 0xcfe7, 0xdbb1, 0xbaa8, 0xcbd6, 0xc1bf, 0xb3ae,
    0xc5a5, 0xb8c6, 0xc4c6, 0xbefb, 0xb6db, 0xeed4, 0x0000, 0xeed3, 0xe3c9, 0xc8f2, 0xbfaa, 0xcfd0,
    0xbce4, 0xcfd0, 0xe3c8, 0xb6d3, 0xbdd7, 0xcbe5, 0xd1f4, 0xd3e7, 0xc2a1, 0xdaf2, 0xdaef, 0xb5cc,
    0xd1e3, 0xd1c5, 0xd0db, 0xbcaf, 0xb9cd, 0xf6a9, 0xd4c6, 0xc8cd, 0xcfee, 0xcbb3, 0xd0eb, 0xe2b8,
    0xe2bf, 0xb7b9, 0xe2bd, 0xd2fb, 0xe2c1, 0xb7eb, 0xd4a6, 0xbbc6, 0xcaf2, 0xbada, 0xc2d2, 0xd3b6,
    0xd5ae, 0xb0c1, 0xb4ab, 0xbdf6, 0xc7e3, 0xb4df, 0xc9cb, 0xc9b5, 0xd9cc, 0x0000, 0xbdcb, 0xb2f9,
    0xd8e2, 0xc4bc, 0xbdcb, 0xc7da, 0xcac6, 0xbca8, 0xbbe3, 0xe0b5, 0xe0cb, 0xc9a4, 0xe0c2, 0xc2f0,
    0xcac8, 0xd8c4, 0xe0be, 0xcbc3, 0xe0cd, 0xe0c5, 0xced8, 0xcecb, 0xd0e1, 0xc7ba, 0xe0c6, 0xe0bc,
    0xd4b0, 0xd4b2, 0xc8fb, 0xcbdc, 0xccc1, 0xcdbf, 0xdaa3, 0xcbfe, 0xccee, 0xcbfa, 0x0000, 0xbfe9,
    0xceeb, 0xdbf5, 0xdce3, 0xb0c2, 0xbcde, 0xbcb5, 0xcfd3, 0xe6c5, 0xc2e8, 0xe6c1, 0xcfb1, 0xc9a9,
    0xe6c7, 0xe1d4, 0xe1cf, 0xbbcf, 0xb8c9, 0xc1ae, 0xcfc3, 0xdfb1, 0xbbe3, 0xc5d4, 0xcea2, 0xd3de,
    0xd2e2, 0xb4c8, 0xb8d0, 0xcfeb, 0xb0ae, 0xc8c7, 0xb3ee, 0xd3fa, 0xc9f7, 0xbbc5, 0xc0f5, 0xe3b3,
    0xe2e9, 0xe2eb, 0xc0a2, 0xedaa, 0xeda9, 0xe2fd, 0xeaac, 0xeaab, 0xb4ea, 0xd5a5, 0xb8e3, 0xccc2,
    0xb4ee, 0xb2eb, 0xb0e1, 0xb2ab, 0xcbd1, 0xc9a6, 0xcbf0, 0xc7c0, 0xd2a1, 0xb5b7, 0xb9b9, 0xbeb4,
    0xd5e5, 0xd0c2, 0xb0b5, 0xeacd, 0xcfbe, 0xd4ce, 0xc5af, 0xead1, 0xd1f4, 0x0000, 0xbbe1, 0xc0c6,
    0xd2b5, 0xb3fe, 0xbfac, 0xe9aa, 0xd0a8, 0xbcab, 0xd2ac, 0xb8c5, 0xd1ee, 0xe8e5, 0xe9ae, 0xc0e3,
    0xb7e3, 0xe9ba, 0xd3dc, 0xe9ac, 0xe9b9, 0x0000, 0xd0aa, 0xcbea, 0xbbd9, 0xb5ee, 0xd8b9, 0xeba6,
    0xd2e7, 0xcbdd, 0xd7d2, 0xc8dc, 0xe4e8, 0xd4b4, 0xb9b5, 0xb5e1, 0xc3f0, 0xe4df, 0xe4db, 0xcaaa,
    0xc4e7, 0xcec2, 0xbbac, 0xd7bc, 0xc1ef, 0xb2d7, 0xcccf, 0xcfaa, 0xe4e0, 0xe4e5, 0xbce5, 0xd1cc,
    0xb7b3, 0xc3ba, 0xc1b6, 0xd5d5, 0xeccf, 0xecbe, 0xece3, 0xbbcd, 0xbbc0, 0xc9b7, 0x0000, 0xecd0,
    0xc5af, 0xd2af, 0xebba, 0xe9e0, 0xcaa8, 0xd4b3, 0xbbab, 0xc0c5, 0xbaf7, 0xe8a6, 0xc9aa, 0xc8f0,
    0xe8a3, 0xe7f5, 0xe8a7, 0xe7f8, 0xe8a4, 0xb5b1, 0xbbfb, 0xf0f6, 0xccb5, 0xb4e1, 0xc2e9, 0xf0f2,
    0xb1d4, 0xf0f4, 0xb3d5, 0xc2e9, 0xd5b5, 0xc3cb, 0xbea6, 0xbdde, 0xc4c0, 0xedf9, 0xb6bd, 0xb6c3,
    0xd8ba, 0xb2c7, 0xd5f6, 0xeea2, 0xedfe, 0xeea1, 0xb0ab, 0xcbe9, 0xc5f6, 0xcdeb, 0xb5e2, 0xc2b5,
    0xb5ef, 0xc5f0, 0xb1ae, 0xedd4, 0x0000, 0xecf7, 0xc2bb, 0xbdfb, 0xcdf2, 0xc7dd, 0xc0e2, 0xd6c9,
    0xb3ed, 0xeffe, 0xd9f7, 0xeffd, 0xbfdf, 0xf1bd, 0xbfea, 0xbdda, 0xf3de, 0xf3df, 0xf3c8, 0xc1bb,
    0xbeac, 0xd4c1, 0xbead, 0xbeee, 0xc0a6, 0xb0f3, 0xcbe7, 0xccd0, 0xd6c3, 0xd5d6, 0xd7ef, 0xcaf0,
    0xd2e5, 0xcfdb, 0xc8ba, 0xcaa5, 0xc6b8, 0xcbc1, 0xd2de, 0xebec, 0xd1fc, 0xb3a6, 0xd0c8, 0xc8f9,
    0xbdc5, 0xd6d7, 0xb8b9, 0xcfd9, 0xc4d4, 0xbecb, 0xcda7, 0xb5d9, 0xbbe7, 0xc2e4, 0xdde6, 0xbffb,
    0xcead, 0xbaf9, 0xd2b6, 0xd4e1, 0xb8f0, 0xdde0, 0xddab, 0xc6cf, 0xb6ad, 0xdde2, 0xdde7, 0xdde1,
    0xd3dd, 0xc2b2, 0xbac5, 0xd3bc, 0xf2d1, 0xf2da, 0xf2d8, 0xcaf1, 0xb6ea, 0xcdc9, 0xb7e4, 0xf2d7,
    0xf2b9, 0xf2db, 0xd1c3, 0xf4c4, 0xd2e1, 0xc8b9, 0xb2b9, 0xf4c3, 0xd7b0, 0xc0ef, 0xf4c1, 0xd4a3,
    0xd9f6, 0xccf7, 0xbde2, 0xb2ef, 0xb8c3, 0xcfea, 0xcad4, 0xcaab, 0xdab5, 0xbfe4, 0xdab6, 0xd2e8,
    0xb3cf, 0xbbb0, 0xd6ef, 0xb9ee, 0xd1af, 0xdab9, 0xdab8, 0xd5b2, 0xbfa9, 0xf6a4, 0x0000, 0xbbbf,
    0xf5f6, 0xbad1, 0xd4f4, 0xd7ca, 0xbcd6, 0xbbdf, 0xeadf, 0xc1de, 0xc2b8, 0xeae0, 0xbca3, 0xb8fa,
    0xbfe7, 0xc2b7, 0xccf8, 0xb6e5, 0xb9f2, 0xf5d3, 0x0000, 0xb6e3, 0xbdcf, 0xd4d8, 0xe9f8, 0xe9f9,
    0xb1d9, 0xc5a9, 0xd4cb, 0xd3ce, 0xb5c0, 0xcbec, 0xb4ef, 0xb1c6, 0xcea5, 0xe5da, 0xd3f6, 0xb6f4,
    0xb9fd, 0xb1e9, 0xe5d8, 0xd3e2, 0xb6dd, 0xd7de, 0x0000, 0xb3ea, 0xc0d2, 0xf5a4, 0xd3d4, 0xeedc,
    0xc7af, 0xeee0, 0xeedf, 0xbcd8, 0xd3cb, 0xc7a6, 0xc5d9, 0xb9b3, 0xb2ac, 0xc1e5, 0xeee7, 0xeee9,
    0xbede, 0xeeeb, 0xeee4, 0xc3ad, 0xd5a2, 0xb0af, 0xb8f4, 0xd4c9, 0xd3ba, 0xf6c1, 0xeff4, 0x0000,
    0xc0d7, 0xb5e7, 0xb1a2, 0xc1e3, 0xbeb8, 0xd1a5, 0xb0d0, 0xd4a4, 0xcde7, 0xb6d9, 0xe7ef, 0xb0e4,
    0xcbcc, 0xcbc7, 0xe2c2, 0xb1a5, 0xcace, 0xb3db, 0xcdd4, 0xd1b1, 0xf7d5, 0xf0af, 0xf7e4, 0xb6a6,
    0xb9c4, 0xcaf3, 0xc9ae, 0xd9d7, 0xbdc4, 0xd9d2, 0xd9d4, 0xc1c5, 0xc6cd, 0xcff1, 0xc7c8, 0xb9cd,
    0x0000, 0x0000, 0xbea4, 0xb5ca, 0xbbae, 0xd8e3, 0xd8d1, 0xd1e1, 0xe0d5, 0xe0d6, 0xc2ef, 0xb3a2,
    0xcbd4, 0xc5bb, 0xccbe, 0xbcce, 0xe0b6, 0xb8c2, 0xe0bb, 0xdff5, 0xe0bd, 0xe0d0, 0x0000, 0xdfd9,
    0xcdc5, 0xcdbc, 0xb3be, 0xdbd3, 0xbeb3, 0xc4b9, 0xb5e6, 0xc7b5, 0xcafb, 0x0000, 0xcad9, 0xbbef,
    0xc3ce, 0xe2b9, 0xb6e1, 0xdec6, 0xb5d5, 0xe6cf, 0xc4db, 0xe5fd, 0xe6ce, 0xe6d0, 0xe6cc, 0xb7f5,
    0xc4af, 0xc4fe, 0xb9d1, 0xc1c8, 0xcab5, 0xd5af, 0xc7de, 0xe5bb, 0xb2ec, 0xb6d4, 0xc2c5, 0xd5b8,
    0xe1ab, 0xe1a4, 0xb1d2, 0xc4bb, 0xe0fe, 0xe1a3, 0xc0aa, 0xc1ce, 0xb1d7, 0xb1f0, 0xd5c3, 0xb3b9,
    0xd2f3, 0xd4b8, 0xccac, 0xbfb6, 0xc2fd, 0xb9df, 0xe2fa, 0xb2d1, 0xb2d2, 0xe3bc, 0xbdd8, 0xc6b2,
    0xd5aa, 0xcba4, 0xb3b7, 0xc3fe, 0xc2a7, 0xdfa1, 0xdee2, 0xb4dd, 0xe5ba, 0xdefd, 0xb2f4, 0xc7c3,
    0xced3, 0xc6ec, 0xecbd, 0xb3a9, 0xf4df, 0xead4, 0xb0f1, 0xd5a5, 0xe9c5, 0xe9c2, 0xc8d9, 0xb8dc,
    0xb9b9, 0xe9bb, 0xc8b6, 0xe9bd, 0xe9be, 0xc1f1, 0xbbb1, 0xc7b9, 0xe9bf, 0xe9b3, 0xb8c9, 0xc5cc,
    0x0000, 0xc7b8, 0xb8e8, 0xebb5, 0xd5c4, 0xd1dd, 0xb9f6, 0xc0ec, 0xb5ce, 0xe4f6, 0xd1fa, 0xc4ae,
    0xd7d5, 0xc2a9, 0xc6af, 0xbaba, 0xc2fa, 0xd6cd, 0xc6e1, 0xcafe, 0xbda5, 0xd5c7, 0xc1b0, 0xe4ee,
    0xc2fe, 0xe4f0, 0xb3ba, 0xe4f4, 0xbba6, 0xd3e6, 0xc9f8, 0xb5d3, 0xc2b1, 0xc8db, 0xcef5, 0xc9bf,
    0xd0dc, 0xcfa8, 0xd3ab, 0xb6fb, 0xeafb, 0xdcfd, 0xd3fc, 0xe2af, 0xd1fe, 0xcbf6, 0xc2ea, 0xb9e5,
    0xe8a9, 0xd5e7, 0xd2c9, 0xc5b1, 0xd1f1, 0xb7e8, 0xd3fa, 0xbbbe, 0xbea1, 0xbce0, 0xc3e9, 0xeea5,
    0xeea3, 0xcbaf, 0xb4c5, 0xb5fa, 0xb1cc, 0xccbc, 0xcbb6, 0xedd9, 0xecf5, 0xb8a3, 0xbbf6, 0xd6d6,
    0xb3c6, 0xcddd, 0xced1, 0xbddf, 0xb6cb, 0xb9dc, 0xbbfe, 0xbce3, 0xf3db, 0xcbe3, 0xf3e9, 0xb2ad,
    0xf3dd, 0xf3e7, 0xb8f6, 0xf3eb, 0xb4e2, 0xf4d5, 0xbeab, 0xd5c0, 0xe7ba, 0xd7db, 0xb4c2, 0xe7b1,
    0xc2cc, 0xbdf4, 0xd7ba, 0xcdf8, 0xb8d9, 0xe7b2, 0xb3f1, 0xc3e0, 0xb2ca, 0xc2da, 0xceac, 0xd0f7,
    0xe7bb, 0xe7b7, 0xb7a3, 0xb4e4, 0xf4e4, 0xb5d4, 0xcec5, 0xbedb, 0xd5d8, 0xb8af, 0xb0f2, 0xb8e0,
    0xebf5, 0xb2b2, 0xcdc8, 0xebf6, 0xeab0, 0xcca8, 0xd3eb, 0xccf2, 0xcee8, 0xf4bb, 0xc8d8, 0xddef,
    0xcfaf, 0xd0ee, 0xc3c9, 0xddb0, 0xc6d1, 0xcbe2, 0xb8c7, 0xd5f4, 0xdda5, 0xdded, 0xcbd1, 0xb2d4,
    0xcbf2, 0xddee, 0xf2ea, 0xc3db, 0xf2df, 0xf2ec, 0xf2e1, 0xf2e6, 0xd6a9, 0xcab4, 0xf2e9, 0xf2e8,
    0xc9d1, 0xb9d3, 0xc5e1, 0xb9fc, 0xc2e3, 0xd6c6, 0xf1d4, 0xf1d2, 0x0000, 0xcbd0, 0xd6be, 0xd3ef,
    0xcedc, 0xc8cf, 0xbdeb, 0xcac4, 0xcef3, 0xcbb5, 0xdabe, 0xbbe5, 0xd3d5, 0xdabf, 0xdabd, 0x0000,
    0xbac0, 0xc0ea, 0xc3b2, 0xb1f6, 0xeae2, 0xc9de, 0xbad5, 0xd5d4, 0xb8cf, 0xbed6, 0xb8a8, 0xe9fc,
    0xc7e1, 0xcdec, 0xc0b1, 0xd4b6, 0xe5dc, 0xd1b7, 0xc7b2, 0xd2a3, 0xb5dd, 0xe5dd, 0x0000, 0xe5de,
    0xb1c9, 0x0000, 0xdbb4, 0xbdcd, 0xcbe1, 0xbfe1, 0xf5a9, 0xbdc2, 0xd2f8, 0xcdad, 0xc3fa, 0xeef9,
    0xb8f5, 0xeefd, 0xcfce, 0xefa7, 0x0000, 0xcfb3, 0xbad2, 0xb9eb, 0xc3f6, 0xb8f3, 0xb7a7, 0xbacf,
    0xcfb6, 0xd5cf, 0xbcca, 0xb4c6, 0xf6c3, 0xd0e8, 0xf7b0, 0xf7b1, 0xc9d8, 0xc6c4, 0xc1ec, 0xecaa,
    0xcca8, 0xbdc8, 0xb1fd, 0xb6fc, 0xe2c3, 0xb2b5, 0xb0b9, 0xf7bb, 0xf7d6, 0xbffd, 0xbbea, 0xc3f9,
    0xf0b0, 0xb7ef, 0xc3b4, 0xb1c7, 0xc6eb, 0xd2da, 0xd2c7, 0xc6a7, 0xbda9, 0xbcdb, 0xd9af, 0xbfeb,
    0xbcf3, 0xb5b1, 0xc1dd, 0xbee7, 0xc5fc, 0xc1f5, 0xbda3, 0xb9f4, 0xdbc4, 0xc0f7, 0xdfeb, 0xcefb,
    0xe0da, 0xb3b0, 0xbad9, 0xd7ec, 0xbba9, 0xd0ea, 0xd2ad, 0xe0db, 0xc5e7, 0xcbbb, 0xd0a5, 0xdfb4,
    0xdcaf, 0xd0e6, 0xd4f6, 0xb7d8, 0xd7b9, 0xb6e9, 0xb6d5, 0x0000, 0x0000, 0xe6d2, 0xe6b5, 0xe6bf,
    0xe5fc, 0xbdbf, 0xe6ac, 0xe5bc, 0xbfed, 0xc9f3, 0xd0b4, 0xb2e3, 0xc2c4, 0xe1d8, 0x0000, 0xb4b1,
    0xd6c4, 0xe1a6, 0xb7cf, 0xb3f8, 0xc3ed, 0xd8cb, 0xb9e3, 0xb3a7, 0xb5af, 0xd3b0, 0xb5c2, 0xe1e7,
    0xc7ec, 0xbbdb, 0xc2c7, 0xedab, 0xc4bd, 0xd3c7, 0xc6dd, 0xcebf, 0xcbcb, 0xd3fb, 0xe3bf, 0xc1af,
    0xc3f5, 0xd4f7, 0xe3bd, 0xb5ac, 0xb7df, 0xe3be, 0xe2e4, 0xc2be, 0xc4a6, 0xd6bf, 0xc4a1, 0xd7b2,
    0xc6cb, 0xc0cc, 0xb3c5, 0xd7ab, 0xb2a6, 0xc4d3, 0xcbba, 0xc1c3, 0xc8f6, 0xb4e9, 0xb2a5, 0xb8a7,
    0xc4ed, 0xc7cb, 0xdfa4, 0xb5a7, 0xdeec, 0xb5d0, 0xb7f3, 0xcafd, 0xc4ba, 0xd4dd, 0xb1a9, 0xeac7,
    0xd1f9, 0xd5c1, 0xe9a4, 0xd7ae, 0xcae0, 0xb1ea, 0xb2db, 0xc4a3, 0xc2a5, 0xb7ae, 0xbdb0, 0xc0d6,
    0xe8c8, 0xe9ca, 0xc1ba, 0xc5b7, 0xccbe, 0xe9e4, 0xd2e3, 0xc5b9, 0xbdac, 0xe4fc, 0xb3ce, 0xc6c3,
    0xc1ca, 0xbde0, 0xbdbd, 0xccb6, 0xc7b1, 0xe4fa, 0xb3b1, 0xc5ec, 0xe4fd, 0xc0a3, 0xc8f3, 0xbda7,
    0xc5cb, 0xebf8, 0xe4b1, 0x0000, 0xf4aa, 0xcaec, 0xb0be, 0xc8c8, 0xecd9, 0xebbb, 0xeaf3, 0xbdb1,
    0xe2b1, 0xd3a8, 0xe8b0, 0xc1a7, 0xe8aa, 0xe8ad, 0xe7dc, 0xf1a4, 0xb4f1, 0xcec1, 0xc1f6, 0xcadd,
    0xb4af, 0xf1a3, 0xb0a8, 0xd6e5, 0xc5cc, 0xcfb9, 0xc3d0, 0xeea7, 0xeea8, 0x0000, 0xb4e8, 0xb0f5,
    0xc8b7, 0xc0da, 0xc4eb, 0xbfc4, 0xc2eb, 0xc5cd, 0xb8e5, 0xbcda, 0xb9c8, 0xbbfc, 0xf0a2, 0xb5be,
    0xd2a4, 0xc7ee, 0xbcfd, 0xcfe4, 0xb7b6, 0xf3f0, 0xd7ad, 0xc6aa, 0xf3f2, 0xe9a2, 0xf3f3, 0xbafd,
    0xb5de, 0xc1b7, 0xceb3, 0xd6c2, 0xbcea, 0xc3e5, 0xbca9, 0xb1e0, 0xd4b5, 0xcfdf, 0xb6d0, 0xbbba,
    0xe7b6, 0xe7bc, 0xe7bf, 0xe7be, 0xc2ee, 0xb0d5, 0xf4c9, 0xf4e6, 0xf1ee, 0xccc5, 0xc4a4, 0xcfa5,
    0xbdba, 0xb7f4, 0xb1ec, 0xd5e1, 0xb1ce, 0xceb5, 0xc1ab, 0xcadf, 0xd2f1, 0xc2fb, 0xc3ef, 0xbdaf,
    0xb2cc, 0xb2b7, 0xc5ee, 0xb4d0, 0xdea3, 0xc1e2, 0xf2eb, 0xbafb, 0xb5fb, 0xf2f0, 0xcfba, 0xcecf,
    0xcaad, 0xf2f9, 0xbbc8, 0xf2f2, 0xf2f5, 0xcec0, 0xb3e5, 0xbad6, 0xb8b4, 0xb0fd, 0xf1d9, 0x0000,
    0xf1db, 0xd2ea, 0xc1c2, 0xccb8, 0xd7bb, 0xb5ae, 0xc7eb, 0xd6ee, 0xbfce, 0xdac3, 0xdac6, 0xb5f7,
    0xcbad, 0xc2db, 0xdaba, 0xdac7, 0xb7cc, 0xdac4, 0xcde3, 0xcafa, 0xd6ed, 0xc5e2, 0xc9cd, 0xb8b3,
    0xbcfa, 0xd5cb, 0xb6c4, 0xcfcd, 0xc2f4, 0xb4cd, 0xd6ca, 0xe2d9, 0xf4f7, 0xcccb, 0xc8a4, 0xc5f6,
    0xbcf9, 0xf5d7, 0xccdf, 0xcca4, 0xb2c8, 0xf5d8, 0xf2e9, 0xbee1, 0xccc9, 0xbbd4, 0xc1be, 0xeaa1,
    0xb1b2, 0xe9fd, 0xc2d6, 0xeaa2, 0xe9fe, 0xb9f5, 0xcaca, 0xd5da, 0xe5db, 0xd4e2, 0xc7a8, 0xc1da,
    0xd6a3, 0xb5cb, 0xdbb6, 0xb4bc, 0xd7ed, 0xb4d7, 0xebe7, 0xd0bf, 0xcce0, 0xcffa, 0xc6cc, 0xeeed,
    0xb3fa, 0xc2c1, 0xc8f1, 0xefb1, 0xb7e6, 0xb1b5, 0xefae, 0xbab8, 0xe3cc, 0xd4c4, 0xcff6, 0xf6aa,
    0xd5f0, 0xc3b9, 0xbfbf, 0xb0b0, 0xd0ac, 0xb9ae, 0xf2a1, 0xb8a9, 0xf2a2, 0xb9ce, 0xd1f8, 0xb6f6,
    0xc4d9, 0xd3e0, 0xcdd5, 0xd7a4, 0xe6e1, 0xcabb, 0xe6e5, 0xbcdd, 0xbed4, 0xe6e2, 0xf7bc, 0xb7a2,
    0xf7d7, 0xc4d6, 0xf7c8, 0xc6c7, 0xf6cf, 0xc2b3, 0xf0b2, 0xd1bb, 0x0000, 0xf4ef, 0xf7e2, 0xc0e8,
    0xc4ab, 0xb3dd, 0xc8e5, 0xbea1, 0xd9b1, 0xd9cf, 0xd9ad, 0xbcbd, 0xc3dd, 0xc4fd, 0xbcc1, 0xd8e6,
    0xd1ab, 0xe0df, 0xe0e6, 0xb5b1, 0xd8ac, 0xe0e4, 0xb6d6, 0xd4eb, 0xc6f7, 0xdfe6, 0xe0e5, 0xe0c8,
    0xcac9, 0xe0de, 0xb8c1, 0xb1da, 0xbfd1, 0xccb3, 0xdbd5, 0xb7dc, 0xf4c1, 0xd9f8, 0xd1a7, 0xe5be,
    0xb5bc, 0xc7bf, 0xcfdc, 0xc6be, 0xedac, 0xb1b9, 0xe3c1, 0xd2e4, 0xbab6, 0xb0c3, 0xd0b8, 0xd5bd,
    0xc9c3, 0xd3b5, 0xb5b2, 0xcca2, 0xbab3, 0xbedd, 0xc2b0, 0xd4f1, 0xc0de, 0xb2d9, 0xbcf1, 0xc7dc,
    0xb5a3, 0xcece, 0xd5fb, 0xc0fa, 0xcffe, 0xe5df, 0xeaca, 0xeabc, 0xc1cb, 0xe9d7, 0xc6d3, 0xe8eb,
    0xb3c8, 0xbae1, 0xe9d9, 0xcaf7, 0xe9cf, 0xcdd6, 0xcff0, 0xc7c5, 0xc7c1, 0xe9d4, 0xbbfa, 0xe8e3,
    0xeca8, 0xc0fa, 0xeba9, 0xe5a5, 0xb5ed, 0xd4e8, 0xc5a8, 0xd4f3, 0xd7c7, 0xe5a2, 0xb0c4, 0xbca4,
    0xe5a3, 0xe5a4, 0x0000, 0xe4c5, 0x0000, 0xb3e3, 0xecc0, 0xc1d7, 0xc9d5, 0xb5c6, 0xd1e0, 0xece4,
    0xc1c7, 0xcccc, 0xeccb, 0xc8bc, 0xd1e6, 0xb6c0, 0xe8ab, 0xe7e1, 0x0000, 0x0000, 0xe8b1, 0xc6b0,
    0xeab1, 0xddf9, 0xd5ce, 0xc8b3, 0xf0fc, 0xc2ac, 0xeec2, 0xeeaa, 0xc2f7, 0xeea9, 0xc6b3, 0xc4a5,
    0xd7a9, 0xede0, 0xedd3, 0xd3f9, 0xbbfd, 0xd3b1, 0xc4c2, 0xf6d5, 0x0000, 0xbffa, 0xb8dd, 0xcbf2,
    0xd6fe, 0xf3c6, 0xf3e8, 0xb4db, 0xc9b8, 0xf3f7, 0xb8e2, 0xccc7, 0xe7cb, 0xe7cc, 0xddd3, 0xb8bf,
    0xcfd8, 0xe7c9, 0xe7c7, 0xe7c6, 0xe7a7, 0xeebe, 0xf4cb, 0xbab2, 0xb0bf, 0xf4e7, 0xf1f1, 0xc9c5,
    0xc4e5, 0xc5f2, 0xd5e9, 0xd0cb, 0xcbd2, 0xb2d5, 0xc8ef, 0xdea5, 0xdea6, 0xdea7, 0xb5b4, 0xdeac,
    0xbdb6, 0xcff4, 0xcedf, 0xdea9, 0xf3a6, 0xc3f8, 0xc2ec, 0xd3a9, 0xc8da, 0xbae2, 0xcdca, 0xbfe3,
    0xc8ec, 0xf1dd, 0xf1d7, 0xc7d7, 0xeaec, 0xdad0, 0xd1e8, 0xdac9, 0xbbe4, 0xc4b1, 0xb5fd, 0xd0b3,
    0xdad1, 0xc5b5, 0xdacb, 0xcebd, 0xb7ed, 0xdacd, 0xdacf, 0xdac8, 0xdace, 0xd4a5, 0x0000, 0xc3a8,
    0xc0b5, 0xcce3, 0xf5e2, 0xd3bb, 0xf5e5, 0xf5df, 0xf5e0, 0xb7f8, 0xbcad, 0xcae4, 0xeaa3, 0xb1e6,
    0xb0ec, 0xd7f1, 0xe5e0, 0xd1a1, 0xb3d9, 0xc1c9, 0xd2c5, 0xdafe, 0xd0d1, 0xb6a7, 0xb1ed, 0xbee2,
    0xc3cc, 0xb4ed, 0xc7ae, 0xb8d6, 0xcefd, 0xc2bc, 0xefa3, 0xd7b6, 0xbdf5, 0x0000, 0xefbf, 0xefc0,
    0xefc5, 0xd1d6, 0xcbed, 0xcbe6, 0xcfd5, 0xb5f1, 0xf6ae, 0xd5b4, 0xc1d8, 0xbbf4, 0xc4de, 0xf6ad,
    0xb5e5, 0xbeb2, 0xebef, 0xc7ca, 0xbcd5, 0xbeb1, 0xc6b5, 0xf2a5, 0xcdb7, 0xcdc7, 0xd2c3, 0xb2cd,
    0xb9dd, 0xbda4, 0xe2c6, 0xcfda, 0xebc8, 0xbaa7, 0xe6e9, 0xc2e6, 0xbaa1, 0xf7c0, 0xf7d9, 0xf7da,
    0xbae5, 0xb1ab, 0xcdd2, 0xf0b3, 0xd1ec, 0xd1bc, 0x0000, 0xd4a7, 0xc4ac, 0xc7ad, 0xc1fa, 0xb9ea,
    0xd3c5, 0xb3a5, 0xc0dc, 0xb4a2, 0xc0f8, 0xbabf, 0xdfcc, 0xb3a2, 0xe0e9, 0xcfc5, 0xcce7, 0xbabe,
    0xd1b9, 0xdbd6, 0xdbf7, 0xd3a4, 0xe6c9, 0xe6d6, 0xc8e6, 0xdecf, 0xe5f0, 0xd3ec, 0xc1eb, 0xd4c0,
    0xe1c9, 0xb0ef, 0xc3d6, 0xbbd5, 0xd3a6, 0xb6ae, 0xbfd2, 0xc5b3, 0xedae, 0xcfb7, 0xb4f7, 0xc7e6,
    0xbbf7, 0xeba2, 0xbcb7, 0xc5a1, 0xb2c1, 0xc4e2, 0xb8e9, 0xdfaa, 0x0000, 0xc1b2, 0xb1d0, 0xcaef,
    0xead3, 0xccb4, 0xb5b5, 0xcfad, 0xbcec, 0xe8ed, 0xe8ce, 0xe9c9, 0x0000, 0xe9de, 0xe9dc, 0xe9d1,
    0x0000, 0xe9e7, 0x0000, 0xd5b1, 0xc5a2, 0xb1f5, 0xbcc3, 0xe5a9, 0xc3c9, 0xccce, 0xc0c4, 0xe5aa,
    0xc9ac, 0xbfa3, 0xe5a6, 0x0000, 0xcaaa, 0xe5a7, 0xceab, 0xecdd, 0xd3aa, 0xdbc6, 0xb2d3, 0xd4ef,
    0xd6f2, 0xbbd9, 0xbbe2, 0xecdb, 0xbef4, 0xc7bd, 0xc4fc, 0xbbf1, 0xe8b3, 0xbbb7, 0xe8a8, 0xe8b2,
    0xf0ec, 0xc1c6, 0xb0a9, 0xb5b4, 0xcdab, 0xb5c9, 0xeeab, 0xcbb2, 0xc7c6, 0xc1cb, 0xbdc3, 0xc1d7,
    0xbbc7, 0xede3, 0xedb6, 0xbdb8, 0xecfb, 0xecf8, 0xcbeb, 0xc1fe, 0xb4d8, 0xc2a8, 0xf3fa, 0xc5f1,
    0xf3f9, 0xf3e3, 0xbfb7, 0xc3d3, 0xb7e0, 0xe2c9, 0xd4e3, 0xb2da, 0xf4d6, 0xcbf5, 0xbca8, 0xe7d1,
    0xc2c6, 0xe7d0, 0xb1c1, 0xb7ec, 0xd7dc, 0xd7dd, 0xe7d2, 0xb7b1, 0xcfcb, 0xe7ce, 0xf1df, 0xe7cf,
    0x0000, 0xd1dd, 0xf3c0, 0xf4e8, 0xd2ed, 0xf1fa, 0xc9f9, 0xb4cf, 0xc1aa, 0xcbca, 0xd2dc, 0xd3b7,
    0xe2df, 0xb1db, 0xcdce, 0xc5a7, 0xb5a8, 0xc1b3, 0xebda, 0xc1d9, 0xbed9, 0xbce8, 0xd0bd, 0xb1a1,
    0xc0d9, 0xdeb5, 0xbdaa, 0xc7be, 0xcaed, 0xd1a6, 0xdeb1, 0xdeb0, 0xbcbb, 0xbff7, 0xf3b0, 0xf3af,
    0xf3ab, 0xf2fe, 0xf3a1, 0xf3a7, 0xf2f7, 0xc2dd, 0xf2e5, 0xf3ac, 0xd9f4, 0xf1de, 0xcfe5, 0xf1da,
    0x0000, 0xeae9, 0xc3d5, 0xb0f9, 0xc7ab, 0xbdb2, 0xbbd1, 0xd2a5, 0xd0bb, 0xccdc, 0xdad7, 0xbbed,
    0xcfaa, 0xe1d9, 0xd7ac, 0xc8fc, 0xb9ba, 0xcaa3, 0xeae7, 0xc7f7, 0xf5e3, 0xcca3, 0xb5b8, 0xf5e8,
    0xcfbd, 0xd5b7, 0xecb1, 0xd4af, 0xd3df, 0xb1dc, 0xe5e1, 0xbbb9, 0xc2f5, 0xe5e2, 0xd1fb, 0xdbb8,
    0xf5b1, 0xd4cd, 0xb3f3, 0xb6c6, 0xc3be, 0xc3aa, 0xbcfc, 0xc1b6, 0xefc6, 0xb9f8, 0xb4b8, 0xd6d3,
    0xc7c2, 0xb6cd, 0xefcc, 0x0000, 0xefc9, 0xc0ab, 0xe3d7, 0xc0bb, 0xe3c7, 0xb0e5, 0xd2fe, 0xc1a5,
    0xcbe4, 0xcbaa, 0xcfbc, 0xbecf, 0xbaab, 0xbfc5, 0xecab, 0xceb9, 0xb3d2, 0xbfa5, 0xcfca, 0xf6de,
    0xf6db, 0xf6d9, 0xbae8, 0xb8eb, 0xf7e7, 0xf0a4, 0xb5e3, 0xf7ed, 0xf7ee, 0xf7ec, 0xf7fd, 0xd5ab,
    0xb4d4, 0xe0e0, 0xcff2, 0xdbdb, 0xc0dd, 0xc9f4, 0xd2cd, 0xedaf, 0xb4c1, 0xc0a9, 0xd6c0, 0xc8c5,
    0xc4ec, 0xb0da, 0xcbd3, 0xdfa2, 0xb6cf, 0xead7, 0xebfc, 0xe9c4, 0xc3ca, 0xb9f1, 0xbcf7, 0xc4fb,
    0xe8fe, 0x0000, 0xcca8, 0xeca3, 0xb9e9, 0xe9eb, 0xd0ba, 0xc9f2, 0xc2cb, 0xe4c2, 0xbda6, 0xc6d9,
    0xe4af, 0xd1ac, 0xbdfd, 0xece2, 0x0000, 0xe1ee, 0xc1d4, 0xe8b5, 0xe8af, 0xcecd, 0xf1b1, 0xf0dd,
    0xd3fa, 0xeead, 0xf6c4, 0xd5b0, 0xedfa, 0xb4a1, 0xc0f1, 0xf0a3, 0xbbe0, 0x0000, 0xb4dc, 0xc7cf,
    0xf3ef, 0xbbc9, 0xf4a2, 0xf3ec, 0xf3f1, 0xbcf2, 0xc1b8, 0xd6af, 0xc9c9, 0xc8c6, 0xe7d4, 0xd0e5,
    0xe7d5, 0xb7ad, 0xccb3, 0xc7cc, 0xb7ad, 0xd6b0, 0xc4f4, 0xc6ea, 0xebf7, 0xbec9, 0xb2d8, 0xc8f8,
    0xc0b6, 0xc3ea, 0xbde5, 0xdeb9, 0xdcf9, 0xdeb7, 0xbcf6, 0xf2cd, 0xb2f5, 0xb3e6, 0xf3b4, 0xb8b2,
    0xeaee, 0xf5fc, 0xdad3, 0xbdf7, 0xc3fd, 0xdad8, 0xb7e1, 0xd7b8, 0xf5be, 0xf5e7, 0xb1c4, 0xd7d9,
    0xbca3, 0xf5cf, 0xc7fb, 0xd7aa, 0xd5de, 0xe5c7, 0xe5e4, 0xe5e3, 0xd2bd, 0xbdb4, 0xc0e5, 0xc8db,
    0xb0f7, 0xcbf8, 0xced9, 0xc4f8, 0xd5f2, 0xb8e4, 0xefd7, 0xefd3, 0xb4b8, 0xc7b9, 0xe3d8, 0xb4b3,
    0xe3d9, 0xe3da, 0xc0eb, 0xd4d3, 0xcbab, 0xb3fb, 0xbca6, 0xc1ef, 0xf7b7, 0xc7ef, 0xb1de, 0x0000,
    0xb6ee, 0xd1d5, 0xcce2, 0xf2a6, 0xf2a7, 0xd1ef, 0xc1f3, 0xe2c8, 0xc0a1, 0xf7d1, 0xf0a5, 0xc6ef,
    0xf7c1, 0xd7d7, 0xcbc9, 0xceba, 0xf7cb, 0xf7cd, 0xf6e8, 0xc0f0, 0xf6ea, 0x0000, 0xf6e7, 0xbee9,
    0xb6ec, 0xf0c0, 0xf7ef, 0xb6ac, 0xf7f8, 0x0000, 0xd1ca, 0xbbb5, 0xc2a2, 0xdbde, 0xb3e8, 0xc5d3,
    0xc2ae, 0xb3cd, 0xbbb3, 0xc0c1, 0xe3c2, 0xc5ca, 0xc2a3, 0xbff5, 0xc6d8, 0xb3f7, 0xe8fc, 0xe9b5,
    0xe9d6, 0xe5ad, 0xe4ec, 0xe4fe, 0xe5ab, 0xc1a4, 0xb1f4, 0xe3f2, 0xb1ac, 0xcbb8, 0xebb9, 0xb6bf,
    0xcade, 0xcca1, 0xe7f4, 0xc7ed, 0xb0ea, 0xb3eb, 0xbdae, 0xb1f1, 0xb3d5, 0xc3c9, 0xb0ad, 0xb5bb,
    0xbbf1, 0xcec8, 0xc1b1, 0xb2be, 0xf4a4, 0xc7a9, 0xe9dc, 0xf4a6, 0xcfb5, 0xbceb, 0xd2ef, 0xc9fe,
    0xbbe6, 0xc2de, 0xbdc9, 0xebfe, 0xb8fe, 0xd9fa, 0xc0b0, 0xb7aa, 0xd2d5, 0xdeb4, 0xc5ba, 0xccd9,
    0xd2a9, 0xcaed, 0xd2cf, 0xd3ac, 0xd0ab, 0xd0b7, 0xf3b8, 0xf1c9, 0xbdf3, 0xb0c0, 0xf4c5, 0xbba9,
    0xc6d7, 0xcab6, 0xd6a4, 0xccb7, 0xdadc, 0xbca5, 0xcefb, 0xdadb, 0xd4f9, 0xd4de, 0xf5eb, 0xb6d7,
    0xb3f9, 0xf5ea, 0xb5c5, 0xf5ce, 0xf5ed, 0xeaa5, 0xbdce, 0xb4c7, 0xb1df, 0xe5e5, 0xb7a2, 0xf5b4,
    0xbeb5, 0xefe1, 0xb2f9, 0xefdf, 0xc1b4, 0xefdb, 0xefdc, 0xf7e9, 0xefda, 0xefdd, 0xefcf, 0xefce,
    0xefac, 0xf6c9, 0xb9d8, 0xc2a4, 0xc4d1, 0xf6af, 0xceed, 0xc3d2, 0xe8ba, 0xd4cf, 0xc0e0, 0xd4b8,
    0xb5df, 0xecac, 0xc2f8, 0xe2cb, 0xe6f0, 0xc6ad, 0xbafa, 0xbea8, 0xf6f0, 0xf6eb, 0xf6f4, 0xf0c8,
    0xf0c4, 0xc8b5, 0xf0c6, 0xc5f4, 0xf7e8, 0xc0f6, 0xc2b4, 0xf4f0, 0xc8b0, 0xc1fc, 0xc8c2, 0xe0d3,
    0xd1cf, 0xbdc0, 0xc8c0, 0xe6d7, 0xc4ef, 0xc4f5, 0xb1a6, 0x0000, 0xd0fc, 0xe2e3, 0xc8c1, 0xc0b9,
    0xb2f3, 0xead8, 0xebca, 0xe9b4, 0xc0bd, 0xc3d6, 0xe4f2, 0xc2af, 0xcfd7, 0xe7e7, 0xd1f7, 0xd6a2,
    0xbff3, 0xedc2, 0xb7af, 0xc0f9, 0xf1bc, 0xbeba, 0xb3ef, 0xc0ba, 0xbcae, 0xc5b4, 0xcdc5, 0xb1e8,
    0xe7cd, 0xbccc, 0xd7eb, 0xf3bf, 0xd2ab, 0xebcd, 0xbda2, 0xd4e5, 0xb0aa, 0xc4a2, 0xddfe, 0xc2ab,
    0xc6bb, 0xcbd5, 0xd4cc, 0xf2ba, 0xc8e4, 0xf1dc, 0xbef5, 0xb4a5, 0xd2e9, 0xc6a9, 0xbeaf, 0xd2eb,
    0xd4eb, 0xdade, 0xd3ae, 0xc9c4, 0xf5bb, 0xd4ea, 0xf5ee, 0x0000, 0xf5b7, 0xcacd, 0xd6d3, 0xeef3,
    0xd0e2, 0xb2fb, 0xf6b1, 0xc6ae, 0xc8c4, 0xbca2, 0xdcb0, 0xe5b9, 0xccda, 0xc9a7, 0x0000, 0xc8fa,
    0xf6fa, 0xcfcc, 0xc3e6, 0xb5b3, 0xf7f9, 0xf6b4, 0xb3f6, 0xc1e4, 0xd9b3, 0xc2de, 0xe0bf, 0xdff9,
    0xcff9, 0xd9e7, 0xcaf4, 0xcea1, 0xbee5, 0xc9e5, 0xc9e3, 0xd0af, 0xecb5, 0xead9, 0xd3a3, 0xc0b8,
    0xe8f9, 0xbcdf, 0xb9e0, 0xc0c3, 0xcefe, 0xcfe2, 0xe8ac, 0xf1ae, 0xebca, 0xccd9, 0xb2f8, 0xd0f8,
    0xe5f1, 0xdec1, 0xc0bc, 0xdeba, 0xf2c3, 0xb4c0, 0xf3bb, 0xc0af, 0xcde0, 0xb0da, 0xc0c0, 0xc7b4,
    0xbba4, 0xd3fe, 0xd4df, 0xb3ec, 0xd4be, 0xf5d2, 0xbae4, 0xb1e7, 0xf5b8, 0xc1ad, 0xc0d8, 0xccfa,
    0xeef5, 0xeeec, 0xefed, 0xefd4, 0xb1d9, 0xb0d4, 0xc5f9, 0xc2b6, 0xcfec, 0xb9cb, 0xf2ab, 0xf7cf,
    0xc7fd, 0xe6f4, 0xddeb, 0xc2e2, 0xf7c3, 0xc4a7, 0xf7ce, 0xf7a2, 0xf7a4, 0xddba, 0xbad7, 0xf0ce,
    0x0000, 0xf7ea, 0xf7f6, 0xdcb1, 0xf6b7, 0xf6b8, 0xc4f6, 0xd9b2, 0xd9ce, 0xdfbd, 0xc4d2, 0xc2de,
    0xc2cf, 0xe1db, 0xc2cd, 0xcde4, 0xdcb2, 0xccaf, 0xc8a8, 0xbbb6, 0xc8f7, 0xccb2, 0xe2a4, 0xc8bf,
    0xb5fe, 0xf1ab, 0xd1a2, 0xecfc, 0xc1fd, 0xf4a5, 0xc1fb, 0xccfd, 0xd4e0, 0xcfae, 0xb3c4, 0x0000,
    0xb6c1, 0xcaea, 0xd8cd, 0xf5dc, 0xf5d9, 0xe0ce, 0xdbaa, 0xd6fd, 0xbcf8, 0xbcf8, 0xf6ab, 0xf6b2,
    0xf7b2, 0xe7d6, 0xb2fc, 0xf7d2, 0xbdbe, 0xe6e7, 0xd4e0, 0xd0eb, 0xb1ee, 0xf6e3, 0xf7a7, 0xf7a9,
    0xf0d1, 0xc5b8, 0xf7fa, 0xf6b9, 0xf6ba, 0xb9a8, 0xcbd5, 0xd1d2, 0xc1b5, 0xc2ce, 0xbef0, 0xbdc1,
    0xc9b9, 0x0000, 0xe8b6, 0xc7d4, 0xc7a9, 0x0000, 0xd9df, 0xd3a7, 0xcfcb, 0xb2c5, 0x0000, 0xd5ba,
    0xc2dc, 0xb9c6, 0xb1e4, 0xe5ce, 0xc2df, 0xeff0, 0xeee5, 0xc5d9, 0xd8cc, 0xcfd4, 0xf7d0, 0xbeaa,
    0xe6e4, 0xd1e9, 0xcbe8, 0xcce5, 0xf7c7, 0xf7ad, 0xc1db, 0xf7ac, 0xf0b8, 0xf7eb, 0xc3b9, 0xd6f6,
    0xb0d3, 0xc0bf, 0xe5b1, 0xccb1, 0xf1b2, 0xb4a3, 0xb9de, 0xeebf, 0xb2cf, 0xf3bc, 0xe1e9, 0xc8c3,
    0xb2f7, 0xdadf, 0xd1de, 0xb8d3, 0xc4f0, 0xc2af, 0xf6a8, 0xc1e9, 0xf6b0, 0xc7a7, 0xf2ad, 0xd6e8,
    0xf7de, 0xf7ca, 0xf6d7, 0xd3a5, 0xf0d8, 0xbcef, 0xd1ce, 0xf7a1, 0xf6bb, 0xc8a3, 0xccfc, 0xe9ad,
    0xcde5, 0xc0e9, 0xc2e1, 0xc2f9, 0xb9db, 0xf5e6, 0xd0c6, 0xcfe2, 0xd4bf, 0xc2ad, 0xb2f6, 0xf7c5,
    0xf7e0, 0xd9e4, 0xc2d0, 0xd6f5, 0xd4de, 0xc4f7, 0xf7b5, 0xc2bf, 0xe6f7, 0xc0c2, 0xdad4, 0xf5ef,
    0xf5a6, 0xd7ea, 0xf6c7, 0xc2e0, 0xf6f9, 0xf6d4, 0xf7f2, 0xd1de, 0xd4e4, 0xf0d0, 0xece0, 0xe6ea,
    0xd3f4, 0xf0d9, 0xf0bd, 0xd3f5, 0x0000, 0x0000, 0x0000, 0x0000, 0x0000, 0x0000, 0x0000, 0x0000,
    0x0000, 0x0000, 0x0000, 0x0000, 0x0000, 0x0000, 0x0000, 0x0000, 0x0000, 0x0000, 0x0000, 0x0000,
    0x0000, 0x0000, 0x0000, 0x0000, 0x0000, 0x0000, 0x0000, 0x0000, 0x0000, 0x0000, 0x0000, 0x0000,
    0x0000, 0x0000, 0x0000, 0x0000, 0x0000, 0x0000, 0x0000, 0x0000, 0x0000, 0x0000, 0x0000, 0x0000,
    0x0000, 0x0000, 0x0000, 0x0000, 0x0000, 0x0000, 0x0000, 0x0000, 0x0000, 0x0000, 0x0000, 0x0000,
    0x0000, 0x0000, 0x0000, 0x0000, 0x0000, 0x0000, 0x0000, 0x0000, 0x0000, 0x0000, 0x0000, 0x0000,
    0x0000, 0x0000, 0x0000, 0x0000, 0x0000, 0x0000, 0x0000, 0x0000, 0x0000, 0x0000, 0x0000, 0x0000,
    0x0000, 0x0000, 0x0000, 0x0000, 0x0000, 0x0000, 0x0000, 0x0000, 0x0000, 0x0000, 0x0000, 0x0000,
    0x0000, 0x0000, 0x0000, 0x0000, 0x0000, 0x0000, 0x0000, 0x0000, 0x0000, 0x0000, 0x0000, 0x0000,
    0x0000, 0x0000, 0x0000, 0x0000, 0x0000, 0x0000, 0x0000, 0x0000, 0x0000, 0x0000, 0x0000, 0x0000,
    0x0000, 0x0000, 0x0000, 0x0000, 0x0000, 0x0000, 0x0000, 0x0000, 0x0000, 0x0000, 0x0000, 0x0000,
    0x0000, 0x0000, 0x0000, 0x0000, 0x0000, 0x0000, 0x0000, 0x0000, 0x0000, 0x0000, 0x0000, 0x0000,
    0x0000, 0x0000, 0x0000, 0x0000, 0x0000, 0x0000, 0x0000, 0x0000, 0x0000, 0x0000, 0x0000, 0x0000,
    0x0000, 0x0000, 0x0000, 0x0000, 0x0000, 0x0000, 0x0000, 0x0000, 0x0000, 0x0000, 0x0000, 0x0000,
    0x0000, 0x0000, 0x0000, 0x0000, 0x0000, 0x0000, 0x0000, 0x0000, 0x0000, 0x0000, 0x0000, 0x0000,
    0x0000, 0x0000, 0x0000, 0x0000, 0x0000, 0x0000, 0x0000, 0x0000, 0x0000, 0x0000, 0x0000, 0x0000,
    0x0000, 0x0000, 0x0000, 0x0000, 0x0000, 0x0000, 0x0000, 0x0000, 0x0000, 0x0000, 0x0000, 0x0000,
    0x0000, 0x0000, 0x0000, 0x0000, 0x0000, 0x0000, 0x0000, 0x0000, 0x0000, 0x0000, 0x0000, 0x0000,
    0x0000, 0x0000, 0x0000, 0x0000, 0x0000, 0x0000, 0x0000, 0x0000, 0x0000, 0x0000, 0x0000, 0x0000,
    0x0000, 0x0000, 0x0000, 0x0000, 0x0000, 0x0000, 0x0000, 0x0000, 0x0000, 0x0000, 0x0000, 0x0000,
    0x0000, 0x0000, 0x0000, 0x0000, 0x0000, 0x0000, 0x0000, 0x0000, 0x0000, 0x0000, 0x0000, 0x0000,
    0x0000, 0x0000, 0x0000, 0x0000, 0x0000, 0x0000, 0x0000, 0x0000, 0x0000, 0x0000, 0x0000, 0x0000,
    0x0000, 0x0000, 0x0000, 0x0000, 0x0000, 0x0000, 0x0000, 0x0000, 0x0000, 0x0000, 0x0000, 0x0000,
    0x0000, 0x0000, 0x0000, 0x0000, 0x0000, 0x0000, 0x0000, 0x0000, 0x0000, 0x0000, 0x0000, 0x0000,
    0x0000, 0x0000, 0x0000, 0x0000, 0x0000, 0x0000, 0x0000, 0x0000, 0x0000, 0x0000, 0x0000, 0x0000,
    0x0000, 0x0000, 0x0000, 0x0000, 0x0000, 0x0000, 0x0000, 0x0000, 0x0000, 0x0000, 0x0000, 0x0000,
    0x0000, 0x0000, 0x0000, 0x0000, 0x0000, 0x0000, 0x0000, 0x0000, 0x0000, 0x0000, 0x0000, 0x0000,
    0x0000, 0x0000, 0x0000, 0x0000, 0x0000, 0x0000, 0x0000, 0x0000, 0x0000, 0x0000, 0x0000, 0x0000,
    0x0000, 0x0000, 0x0000, 0x0000, 0x0000, 0x0000, 0x0000, 0x0000, 0x0000, 0x0000, 0x0000, 0x0000,
    0x0000, 0x0000, 0x0000, 0x0000, 0x0000, 0x0000, 0x0000, 0x0000, 0x0000, 0x0000, 0x0000, 0x0000,
    0x0000, 0x0000, 0x0000, 0x0000, 0x0000, 0x0000, 0x0000, 0x0000, 0x0000, 0x0000, 0x0000, 0x0000,
    0x0000, 0x0000, 0x0000, 0x0000, 0x0000, 0x0000, 0x0000, 0x0000, 0x0000, 0x0000, 0x0000, 0x0000,
    0x0000, 0x0000, 0x0000, 0x0000, 0x0000, 0x0000, 0x0000, 0x0000, 0x0000, 0x0000, 0x0000, 0x0000,
    0x0000, 0x0000, 0x0000, 0x0000, 0x0000, 0x0000, 0x0000, 0x0000, 0x0000, 0x0000, 0x0000, 0x0000,
    0x0000, 0x0000, 0x0000, 0x0000, 0x0000, 0xd8bf, 0xdbc9, 0xd8ce, 0xb3a7, 0xcdf2, 0xd8a2, 0xd8b1,
    0xd8a1, 0xe0ed, 0xd8a3, 0xe5f8, 0xe1dc, 0x0000, 0x0000, 0xd3eb, 0x0000, 0xd8c1, 0xd8ec, 0xd8eb,
    0x0000, 0x0000, 0x0000, 0xb0ba, 0x0000, 0x0000, 0x0000, 0x0000, 0x0000, 0x0000, 0x0000, 0xecaf,
    0xcee3, 0xc6f8, 0xe3dd, 0x0000, 0xbeae, 0xd8ed, 0x0000, 0x0000, 0xd8ee, 0xd9da, 0x0000, 0x0000,
    0x0000, 0x0000, 0x0000, 0xcaa5, 0x0000, 0xbabb, 0xc4fe, 0xe5b3, 0x0000, 0xe5ea, 0x0000, 0x0000,
    0x0000, 0xe2cf, 0xd8c6, 0xe2e1, 0xeee1, 0xd8ec, 0xebad, 0x0000, 0x0000, 0x0000, 0x0000, 0x0000,
    0xe1ec, 0x0000, 0x0000, 0x0000, 0x0000, 0xbcbf, 0xd3c5, 0x0000, 0xd8f5, 0x0000, 0x0000, 0x0000,
    0xbcdb, 0x0000, 0x0000, 0x0000, 0x0000, 0xd8f3, 0x0000, 0x0000, 0x0000, 0x0000, 0xd9fc, 0x0000,
    0x0000, 0x0000, 0x0000, 0x0000, 0x0000, 0x0000, 0x0000, 0x0000, 0xe0ef, 0xd8b6, 0xdbdc, 0xdbd9,
    0x0000, 0xdec5, 0x0000, 0x0000, 0x0000, 0x0000, 0x0000, 0x0000, 0x0000, 0x0000, 0xe6d8, 0xdecd,
    0x0000, 0xe1a8, 0x0000, 0x0000, 0x0000, 0xbfaa, 0xd7af, 0xd2ec, 0x0000, 0x0000, 0x0000, 0x0000,
    0xe2e3, 0x0000, 0xbab4, 0x0000, 0x0000, 0xc7a4, 0x0000, 0x0000, 0x0000, 0x0000, 0x0000, 0xeab9,
    0xeab8, 0x0000, 0x0000, 0x0000, 0x0000, 0xbbfa, 0x0000, 0x0000, 0x0000, 0xebae, 0xd9db, 0x0000,
    0xe3e1, 0x0000, 0xe3e2, 0xe3e0, 0x0000, 0x0000, 0x0000, 0x0000, 0xe1ed, 0x0000, 0xe7e0, 0xbdc7,
    0x0000, 0x0000, 0xcdf8, 0xdcb3, 0x0000, 0x0000, 0xdcb4, 0xdcb5, 0xf2ae, 0xcef7, 0xdaf8, 0xdaf5,
    0x0000, 0xdaf6, 0x0000, 0xdae3, 0x0000, 0x0000, 0x0000, 0x0000, 0x0000, 0x0000, 0x0000, 0xcce5,
    0xd8f4, 0x0000, 0xd8fb, 0x0000, 0xd9a1, 0x0000, 0xd9dc, 0x0000, 0x0000, 0x0000, 0x0000, 0x0000,
    0x0000, 0x0000, 0x0000, 0x0000, 0xdbbf, 0x0000, 0x0000, 0xd8d5, 0x0000, 0x0000, 0x0000, 0x0000,
    0x0000, 0x0000, 0xdfbe, 0x0000, 0x0000, 0x0000, 0x0000, 0x0000, 0x0000, 0x0000, 0x0000, 0xb6d6,
    0x0000, 0x0000, 0x0000, 0x0000, 0x0000, 0x0000, 0x0000, 0xdbd0, 0x0000, 0x0000, 0x0000, 0x0000,
    0x0000, 0x0000, 0x0000, 0x0000, 0xe6a1, 0x0000, 0x0000, 0x0000, 0x0000, 0x0000, 0x0000, 0x0000,
    0x0000, 0x0000, 0x0000, 0xe1a9, 0x0000, 0xe1ac, 0x0000, 0x0000, 0x0000, 0x0000, 0x0000, 0x0000,
    0x0000, 0x0000, 0x0000, 0x0000, 0xe2d1, 0x0000, 0x0000, 0x0000, 0x0000, 0x0000, 0x0000, 0x0000,
    0x0000, 0xdfaf, 0xecfd, 0xecfe, 0xe2ed, 0x0000, 0xe2e5, 0x0000, 0xe2e7, 0xe2e8, 0x0000, 0x0000,
    0x0000, 0x0000, 0xd0c3, 0xbbb3, 0x0000, 0x0000, 0xded5, 0x0000, 0x0000, 0x0000, 0xb1a7, 0x0000,
    0xb2e5, 0x0000, 0xb5d6, 0xc8c5, 0x0000, 0x0000, 0x0000, 0x0000, 0x0000, 0x0000, 0xbfbc, 0xeaba,
    0x0000, 0x0000, 0x0000, 0x0000, 0x0000, 0xdbd8, 0x0000, 0x0000, 0xe8bb, 0xe8be, 0x0000, 0x0000,
    0x0000, 0x0000, 0x0000, 0xebaf, 0xebb0, 0x0000, 0x0000, 0x0000, 0x0000, 0x0000, 0xc6e3, 0x0000,
    0x0000, 0xe3e9, 0x0000, 0x0000, 0x0000, 0x0000, 0x0000, 0x0000, 0x0000, 0x0000, 0x0000, 0x0000,
    0x0000, 0x0000, 0x0000, 0x0000, 0x0000, 0xe1f0, 0x0000, 0xe1f1, 0x0000, 0x0000, 0x0000, 0x0000,
    0x0000, 0x0000, 0x0000, 0xeeae, 0x0000, 0xf0db, 0x0000, 0xd4ed, 0x0000, 0x0000, 0x0000, 0x0000,
    0xb8ec, 0x0000, 0xebc0, 0x0000, 0xdcb6, 0x0000, 0xdcba, 0xdcbb, 0x0000, 0xdcb7, 0x0000, 0xdcb9,
    0xf5f4, 0x0000, 0x0000, 0x0000, 0xdafa, 0x0000, 0x0000, 0x0000, 0x0000, 0x0000, 0xb6f2, 0xd6b7,
    0x0000, 0x0000, 0x0000, 0xd9ae, 0x0000, 0x0000, 0x0000, 0x0000, 0xd9a5, 0xd9a6, 0xd9a8, 0xd6b6,
    0x0000, 0x0000, 0xb6b1, 0xbbb2, 0xe1df, 0x0000, 0x0000, 0x0000, 0x0000, 0x0000, 0xd9b0, 0x0000,
    0x0000, 0x0000, 0x0000, 0x0000, 0x0000, 0x0000, 0xd9fe, 0x0000, 0x0000, 0x0000, 0xd8da, 0x0000,
    0x0000, 0x0000, 0x0000, 0xccd5, 0x0000, 0x0000, 0x0000, 0x0000, 0x0000, 0x0000, 0x0000, 0xdfc6,
    0x0000, 0x0000, 0x0000, 0x0000, 0x0000, 0x0000, 0x0000, 0xdfcf, 0x0000, 0x0000, 0x0000, 0x0000,
    0x0000, 0x0000, 0x0000, 0xdfca, 0x0000, 0xe0f2, 0xc5f7, 0x0000, 0xdbe8, 0xdbe3, 0x0000, 0x0000,
    0xdbe9, 0x0000, 0xc7f0, 0xdbe6, 0xdbea, 0x0000, 0x0000, 0xdbe7, 0x0000, 0x0000, 0x0000, 0x0000,
    0x0000, 0x0000, 0x0000, 0xe6a7, 0x0000, 0x0000, 0x0000, 0x0000, 0x0000, 0x0000, 0x0000, 0x0000,
    0x0000, 0x0000, 0x0000, 0x0000, 0xe6df, 0xe6db, 0xe5b5, 0xe5b4, 0x0000, 0x0000, 0x0000, 0x0000,
    0x0000, 0xe1b2, 0x0000, 0x0000, 0xe1b5, 0x0000, 0xe1b8, 0xc1eb, 0xe1b3, 0x0000, 0x0000, 0x0000,
    0x0000, 0x0000, 0x0000, 0x0000, 0x0000, 0xe0fa, 0xe0f9, 0x0000, 0x0000, 0x0000, 0x0000, 0x0000,
    0xe1de, 0x0000, 0x0000, 0x0000, 0x0000, 0x0000, 0xe2f1, 0xe2ef, 0x0000, 0x0000, 0x0000, 0xe2f7,
    0x0000, 0x0000, 0x0000, 0x0000, 0x0000, 0x0000, 0xe2f4, 0x0000, 0x0000, 0x0000, 0x0000, 0x0000,
    0x0000, 0xc1af, 0xeaa7, 0xece6, 0x0000, 0xd2b7, 0xc7af, 0x0000, 0x0000, 0x0000, 0xded4, 0x0000,
    0x0000, 0x0000, 0xded3, 0x0000, 0x0000, 0x0000, 0x0000, 0x0000, 0x0000, 0x0000, 0x0000, 0x0000,
    0x0000, 0x0000, 0x0000, 0xeabe, 0x0000, 0x0000, 0x0000, 0x0000, 0x0000, 0x0000, 0x0000, 0xebc3,
    0x0000, 0x0000, 0x0000, 0x0000, 0x0000, 0x0000, 0xe8c4, 0x0000, 0xb9b9, 0x0000, 0x0000, 0x0000,
    0x0000, 0x0000, 0x0000, 0x0000, 0x0000, 0x0000, 0xbcab, 0x0000, 0x0000, 0x0000, 0x0000, 0xd8b2,
    0x0000, 0x0000, 0x0000, 0xedb3, 0x0000, 0xe3f9, 0xe3fa, 0x0000, 0x0000, 0xe3ef, 0xe3f0, 0x0000,
    0x0000, 0xe3ee, 0x0000, 0x0000, 0x0000, 0x0000, 0x0000, 0x0000, 0x0000, 0xcbdd, 0x0000, 0x0000,
    0x0000, 0x0000, 0xc5a2, 0x0000, 0x0000, 0x0000, 0x0000, 0x0000, 0x0000, 0x0000, 0x0000, 0x0000,
    0xc8b2, 0x0000, 0xeac1, 0x0000, 0x0000, 0x0000, 0x0000, 0xecc0, 0x0000, 0x0000, 0x0000, 0x0000,
    0x0000, 0x0000, 0x0000, 0x0000, 0x0000, 0xe1f4, 0x0000, 0xb5a9, 0x0000, 0x0000, 0x0000, 0x0000,
    0x0000, 0x0000, 0xe7e3, 0x0000, 0x0000, 0x0000, 0x0000, 0x0000, 0x0000, 0xeeaf, 0xe7de, 0x0000,
    0x0000, 0x0000, 0x0000, 0xedec, 0x0000, 0x0000, 0xedb7, 0x0000, 0x0000, 0x0000, 0x0000, 0x0000,
    0xcbfb, 0x0000, 0x0000, 0xf1b6, 0x0000, 0x0000, 0x0000, 0x0000, 0xf1f4, 0xb2d9, 0xb0b9, 0x0000,
    0x0000, 0x0000, 0xebc7, 0x0000, 0x0000, 0x0000, 0xdcbe, 0x0000, 0xdcc5, 0x0000, 0x0000, 0x0000,
    0xdcc7, 0x0000, 0x0000, 0x0000, 0xdccc, 0xdcb8, 0xdccd, 0xdccb, 0x0000, 0xdcd2, 0x0000, 0x0000,
    0x0000, 0x0000, 0xf2b0, 0x0000, 0xf2b1, 0xd8a1, 0x0000, 0x0000, 0xe5c2, 0x0000, 0x0000, 0xe5c3,
    0x0000, 0x0000, 0xdafb, 0xbaaa, 0xdafc, 0xdba2, 0x0000, 0xdae7, 0xdae8, 0x0000, 0x0000, 0x0000,
    0xd9b4, 0x0000, 0x0000, 0x0000, 0x0000, 0xd9b6, 0x0000, 0xd9b7, 0x0000, 0x0000, 0x0000, 0x0000,
    0x0000, 0x0000, 0x0000, 0x0000, 0x0000, 0x0000, 0xd8d9, 0xefb1, 0x0000, 0x0000, 0x0000, 0x0000,
    0x0000, 0x0000, 0xd8c7, 0xc0e5, 0x0000, 0x0000, 0xdfd2, 0x0000, 0xdfe7, 0x0000, 0xb9b6, 0xdffb,
    0x0000, 0x0000, 0x0000, 0x0000, 0xb6df, 0x0000, 0x0000, 0xdfc3, 0x0000, 0x0000, 0xdfda, 0xdfe8,
    0x0000, 0x0000, 0x0000, 0x0000, 0xdbec, 0xdbed, 0x0000, 0x0000, 0xb6e2, 0x0000, 0x0000, 0x0000,
    0x0000, 0x0000, 0x0000, 0x0000, 0x0000, 0xb8b4, 0x0000, 0x0000, 0x0000, 0x0000, 0x0000, 0x0000,
    0xe6ad, 0x0000, 0x0000, 0x0000, 0x0000, 0x0000, 0x0000, 0x0000, 0x0000, 0x0000, 0x0000, 0x0000,
    0x0000, 0x0000, 0x0000, 0x0000, 0x0000, 0x0000, 0x0000, 0x0000, 0x0000, 0x0000, 0xe1be, 0x0000,
    0x0000, 0x0000, 0x0000, 0x0000, 0x0000, 0x0000, 0x0000, 0x0000, 0x0000, 0x0000, 0x0000, 0x0000,
    0x0000, 0x0000, 0xdae1, 0x0000, 0x0000, 0x0000, 0x0000, 0x0000, 0x0000, 0x0000, 0x0000, 0x0000,
    0x0000, 0xe2d3, 0x0000, 0x0000, 0xe5e8, 0x0000, 0x0000, 0x0000, 0x0000, 0x0000, 0x0000, 0x0000,
    0x0000, 0x0000, 0x0000, 0x0000, 0x0000, 0x0000, 0xe2fe, 0x0000, 0x0000, 0x0000, 0x0000, 0x0000,
    0x0000, 0x0000, 0xece7, 0x0000, 0x0000, 0x0000, 0x0000, 0xbfe6, 0x0000, 0x0000, 0x0000, 0x0000,
    0xb8f1, 0x0000, 0xded9, 0x0000, 0x0000, 0x0000, 0x0000, 0x0000, 0x0000, 0x0000, 0x0000, 0x0000,
    0x0000, 0x0000, 0xeac6, 0x0000, 0x0000, 0xeac7, 0x0000, 0x0000, 0x0000, 0x0000, 0x0000, 0x0000,
    0xeac3, 0xeac4, 0x0000, 0x0000, 0x0000, 0xebd4, 0xe8de, 0x0000, 0x0000, 0x0000, 0xb9f1, 0x0000,
    0x0000, 0xe8cf, 0x0000, 0xbccf, 0x0000, 0x0000, 0x0000, 0x0000, 0xe8d5, 0x0000, 0xe8d7, 0x0000,
    0x0000, 0x0000, 0x0000, 0x0000, 0x0000, 0x0000, 0x0000, 0xe8cd, 0x0000, 0x0000, 0x0000, 0x0000,
    0x0000, 0x0000, 0x0000, 0x0000, 0xb9d5, 0x0000, 0x0000, 0xe8da, 0x0000, 0x0000, 0x0000, 0xe9e3,
    0xe9e5, 0x0000, 0xb1d1, 0xc5fe, 0x0000, 0x0000, 0xebb1, 0x0000, 0x0000, 0x0000, 0xcce9, 0xcddd,
    0x0000, 0xc8f7, 0x0000, 0x0000, 0xe4b2, 0xe4a7, 0xe4a8, 0x0000, 0xe4ae, 0x0000, 0x0000, 0x0000,
    0x0000, 0xbde0, 0x0000, 0x0000, 0x0000, 0x0000, 0x0000, 0xe4a6, 0x0000, 0x0000, 0x0000, 0x0000,
    0x0000, 0x0000, 0xecc4, 0x0000, 0x0000, 0xecc6, 0xc5da, 0x0000, 0x0000, 0x0000, 0x0000, 0x0000,
    0x0000, 0x0000, 0x0000, 0x0000, 0x0000, 0xeaf0, 0x0000, 0x0000, 0xe1f5, 0x0000, 0x0000, 0x0000,
    0x0000, 0x0000, 0xc3ee, 0x0000, 0xe7e6, 0xe7ec, 0x0000, 0x0000, 0x0000, 0x0000, 0x0000, 0x0000,
    0x0000, 0x0000, 0x0000, 0x0000, 0x0000, 0x0000, 0x0000, 0x0000, 0xcecd, 0x0000, 0x0000, 0xeeb2,
    0x0000, 0x0000, 0x0000, 0x0000, 0xedf1, 0x0000, 0xeded, 0x0000, 0x0000, 0x0000, 0x0000, 0x0000,
    0xeff2, 0x0000, 0x0000, 0xedbc, 0xc5f8, 0x0000, 0x0000, 0x0000, 0x0000, 0xedb9, 0x0000, 0x0000,
    0x0000, 0x0000, 0x0000, 0xecec, 0x0000, 0xeff5, 0xd6d6, 0xbac4, 0x0000, 0x0000, 0xf1b8, 0x0000,
    0x0000, 0x0000, 0x0000, 0x0000, 0x0000, 0x0000, 0x0000, 0x0000, 0x0000, 0x0000, 0xe6fd, 0x0000,
    0xeeb7, 0x0000, 0x0000, 0x0000, 0x0000, 0x0000, 0x0000, 0xf1e8, 0xdec7, 0x0000, 0xb7ce, 0x0000,
    0x0000, 0x0000, 0xebcf, 0x0000, 0x0000, 0x0000, 0xebd1, 0xcaa4, 0xebd4, 0x0000, 0x0000, 0x0000,
    0xebd3, 0x0000, 0xebd2, 0x0000, 0xf4ad, 0x0000, 0x0000, 0x0000, 0xc6bb, 0xdcd8, 0x0000, 0x0000,
    0xdce6, 0xdcfb, 0xc9bb, 0x0000, 0xdcda, 0x0000, 0xdcd3, 0x0000, 0x0000, 0xdcdd, 0xdcde, 0x0000,
    0x0000, 0x0000, 0xdcd6, 0xdce5, 0xddae, 0x0000, 0x0000, 0x0000, 0x0000, 0xf2b4, 0x0000, 0x0000,
    0x0000, 0x0000, 0x0000, 0xf1c3, 0x0000, 0x0000, 0xd9ea, 0x0000, 0x0000, 0x0000, 0xe5c5, 0x0000,
    0x0000, 0x0000, 0x0000, 0x0000, 0xdba4, 0xdba5, 0xdba8, 0x0000, 0x0000, 0xeec6, 0xeec5, 0xdaeb,
    0xcbe5, 0x0000, 0x0000, 0x0000, 0x0000, 0x0000, 0x0000, 0x0000, 0x0000, 0x0000, 0x0000, 0x0000,
    0x0000, 0x0000, 0x0000, 0x0000, 0xd9be, 0x0000, 0x0000, 0x0000, 0xd9c3, 0x0000, 0x0000, 0x0000,
    0x0000, 0x0000, 0x0000, 0xb5b3, 0x0000, 0x0000, 0x0000, 0xc6e0, 0xbad4, 0xbebb, 0x0000, 0xd8df,
    0x0000, 0x0000, 0xd8de, 0x0000, 0x0000, 0x0000, 0x0000, 0x0000, 0x0000, 0x0000, 0x0000, 0x0000,
    0x0000, 0xdfea, 0xdfee, 0x0000, 0x0000, 0xdbc1, 0xdfc2, 0x0000, 0x0000, 0xdff2, 0x0000, 0x0000,
    0x0000, 0x0000, 0x0000, 0x0000, 0x0000, 0x0000, 0x0000, 0x0000, 0x0000, 0x0000, 0x0000, 0x0000,
    0xdbf4, 0xdbf8, 0x0000, 0x0000, 0x0000, 0x0000, 0xdbf9, 0x0000, 0x0000, 0x0000, 0x0000, 0x0000,
    0x0000, 0x0000, 0x0000, 0x0000, 0x0000, 0x0000, 0x0000, 0x0000, 0x0000, 0x0000, 0x0000, 0x0000,
    0x0000, 0xd8ab, 0x0000, 0x0000, 0x0000, 0x0000, 0x0000, 0x0000, 0x0000, 0x0000, 0x0000, 0x0000,
    0x0000, 0x0000, 0x0000, 0x0000, 0x0000, 0x0000, 0x0000, 0x0000, 0x0000, 0xe5f2, 0x0000, 0x0000,
    0xeda2, 0xeda3, 0xeda4, 0xeda5, 0x0000, 0x0000, 0x0000, 0xe3a8, 0x0000, 0xe3a6, 0xe3a7, 0x0000,
    0xe3aa, 0x0000, 0x0000, 0x0000, 0x0000, 0x0000, 0x0000, 0x0000, 0x0000, 0x0000, 0x0000, 0x0000,
    0xcdb1, 0xbed6, 0xdedc, 0x0000, 0xdeda, 0xdedb, 0x0000, 0x0000, 0x0000, 0x0000, 0x0000, 0x0000,
    0x0000, 0x0000, 0x0000, 0x0000, 0x0000, 0x0000, 0x0000, 0x0000, 0x0000, 0x0000, 0x0000, 0x0000,
    0x0000, 0xecb7, 0xecb9, 0xecb8, 0xc6ec, 0x0000, 0xeac9, 0x0000, 0x0000, 0x0000, 0x0000, 0x0000,
    0x0000, 0xe8f1, 0xe8e0, 0xe8e1, 0x0000, 0x0000, 0x0000, 0xc6dc, 0x0000, 0x0000, 0x0000, 0x0000,
    0x0000, 0x0000, 0xe8e4, 0xe8e6, 0x0000, 0xe8e9, 0xd1ae, 0x0000, 0x0000, 0x0000, 0x0000, 0x0000,
    0x0000, 0x0000, 0x0000, 0x0000, 0x0000, 0x0000, 0x0000, 0x0000, 0x0000, 0x0000, 0x0000, 0x0000,
    0x0000, 0x0000, 0x0000, 0x0000, 0x0000, 0x0000, 0x0000, 0xe4bd, 0x0000, 0x0000, 0x0000, 0x0000,
    0x0000, 0x0000, 0x0000, 0x0000, 0xe4b4, 0xe4b3, 0x0000, 0x0000, 0x0000, 0x0000, 0xe4b7, 0x0000,
    0xe4bb, 0x0000, 0x0000, 0xe4bc, 0x0000, 0xcdbf, 0x0000, 0x0000, 0x0000, 0x0000, 0x0000, 0x0000,
    0x0000, 0x0000, 0x0000, 0x0000, 0x0000, 0x0000, 0x0000, 0x0000, 0x0000, 0x0000, 0x0000, 0x0000,
    0x0000, 0x0000, 0x0000, 0x0000, 0x0000, 0x0000, 0x0000, 0x0000, 0x0000, 0x0000, 0x0000, 0x0000,
    0x0000, 0x0000, 0x0000, 0x0000, 0x0000, 0x0000, 0x0000, 0xe1fe, 0xe1f9, 0x0000, 0x0000, 0xe1fc,
    0xe2a1, 0xe1fb, 0x0000, 0xe7ee, 0xe7ed, 0x0000, 0x0000, 0xe7f2, 0x0000, 0xe7f1, 0x0000, 0x0000,
    0x0000, 0x0000, 0x0000, 0x0000, 0x0000, 0x0000, 0x0000, 0xf0ac, 0x0000, 0xeab2, 0x0000, 0x0000,
    0xeeb3, 0x0000, 0xf0e6, 0x0000, 0x0000, 0xf0e4, 0x0000, 0xf0f2, 0x0000, 0x0000, 0x0000, 0x0000,
    0x0000, 0x0000, 0x0000, 0x0000, 0x0000, 0x0000, 0x0000, 0x0000, 0xedf4, 0xedf2, 0xedf3, 0x0000,
    0xedc8, 0xedc7, 0x0000, 0x0000, 0x0000, 0x0000, 0x0000, 0x0000, 0x0000, 0xedc9, 0x0000, 0x0000,
    0x0000, 0x0000, 0xecee, 0x0000, 0xecef, 0xecf0, 0x0000, 0x0000, 0xeff8, 0x0000, 0x0000, 0x0000,
    0xeff6, 0x0000, 0x0000, 0x0000, 0x0000, 0xf1b9, 0x0000, 0x0000, 0x0000, 0x0000, 0x0000, 0x0000,
    0x0000, 0x0000, 0xf3c7, 0x0000, 0x0000, 0xf3cb, 0xf3c5, 0xf3c9, 0x0000, 0x0000, 0x0000, 0x0000,
    0xf4ce, 0x0000, 0x0000, 0x0000, 0x0000, 0x0000, 0x0000, 0x0000, 0x0000, 0x0000, 0x0000, 0x0000,
    0xe7a3, 0x0000, 0x0000, 0x0000, 0x0000, 0x0000, 0xeeb8, 0x0000, 0x0000, 0x0000, 0x0000, 0x0000,
    0x0000, 0x0000, 0x0000, 0x0000, 0xf1e9, 0x0000, 0x0000, 0xb0b7, 0xebdc, 0x0000, 0x0000, 0x0000,
    0x0000, 0x0000, 0xf4a8, 0xf4b1, 0x0000, 0xdcfc, 0xdcfa, 0x0000, 0x0000, 0xdce8, 0x0000, 0x0000,
    0x0000, 0x0000, 0x0000, 0xdce7, 0x0000, 0x0000, 0x0000, 0xdda2, 0x0000, 0xdceb, 0xdced, 0x0000,
    0x0000, 0x0000, 0x0000, 0x0000, 0xdcf2, 0x0000, 0xdcf4, 0xb4f0, 0x0000, 0x0000, 0x0000, 0xb2e7,
    0x0000, 0xbceb, 0x0000, 0x0000, 0x0000, 0x0000, 0xf2b6, 0x0000, 0xf2b7, 0x0000, 0x0000, 0x0000,
    0x0000, 0x0000, 0xf2b8, 0x0000, 0x0000, 0x0000, 0x0000, 0x0000, 0xf2bb, 0xb2cf, 0x0000, 0x0000,
    0xf2ba, 0x0000, 0x0000, 0x0000, 0xf4ac, 0x0000, 0x0000, 0x0000, 0xf1c4, 0x0000, 0x0000, 0xf1c6,
    0x0000, 0x0000, 0xf4c0, 0x0000, 0x0000, 0x0000, 0xf4f8, 0x0000, 0x0000, 0x0000, 0x0000, 0xb8cf,
    0x0000, 0xf5c0, 0x0000, 0x0000, 0x0000, 0x0000, 0x0000, 0x0000, 0xcaca, 0x0000, 0x0000, 0xe5cc,
    0x0000, 0x0000, 0x0000, 0x0000, 0x0000, 0x0000, 0x0000, 0xdba3, 0x0000, 0x0000, 0xdbae, 0xdbad,
    0xdbac, 0x0000, 0xf4fb, 0xf4fc, 0xf4fd, 0xeec9, 0x0000, 0x0000, 0x0000, 0xdaec, 0xf6c0, 0x0000,
    0xf7d4, 0xdbcb, 0x0000, 0x0000, 0xb1c6, 0x0000, 0x0000, 0x0000, 0x0000, 0x0000, 0x0000, 0x0000,
    0xd9ca, 0x0000, 0x0000, 0x0000, 0x0000, 0x0000, 0x0000, 0x0000, 0x0000, 0x0000, 0x0000, 0x0000,
    0x0000, 0x0000, 0x0000, 0x0000, 0x0000, 0x0000, 0x0000, 0x0000, 0x0000, 0x0000, 0x0000, 0xb9d0,
    0xdbc3, 0x0000, 0xd8d0, 0x0000, 0xe0a3, 0xe0a4, 0xdffe, 0x0000, 0xdffd, 0x0000, 0xdff4, 0x0000,
    0x0000, 0x0000, 0x0000, 0xe0a7, 0x0000, 0x0000, 0x0000, 0x0000, 0xc9b6, 0x0000, 0x0000, 0x0000,
    0x0000, 0x0000, 0x0000, 0x0000, 0xe0f5, 0xe0f0, 0x0000, 0x0000, 0x0000, 0x0000, 0xd2b0, 0xdbfa,
    0xdca5, 0xdca4, 0xdca3, 0x0000, 0xdbfc, 0xdca1, 0x0000, 0xdbef, 0xddc0, 0x0000, 0x0000, 0x0000,
    0x0000, 0x0000, 0xdbeb, 0x0000, 0xc6e9, 0x0000, 0x0000, 0x0000, 0x0000, 0x0000, 0x0000, 0x0000,
    0xdca2, 0x0000, 0x0000, 0x0000, 0x0000, 0xe6bc, 0xe6ba, 0x0000, 0x0000, 0x0000, 0xe6ab, 0x0000,
    0x0000, 0x0000, 0xd2f9, 0x0000, 0x0000, 0x0000, 0x0000, 0x0000, 0x0000, 0x0000, 0x0000, 0x0000,
    0x0000, 0x0000, 0x0000, 0x0000, 0x0000, 0x0000, 0x0000, 0x0000, 0x0000, 0x0000, 0x0000, 0x0000,
    0x0000, 0x0000, 0x0000, 0x0000, 0xe5ed, 0xe1c6, 0x0000, 0x0000, 0x0000, 0xe1b4, 0x0000, 0x0000,
    0xe1c1, 0xe1c3, 0x0000, 0x0000, 0x0000, 0x0000, 0x0000, 0x0000, 0xe1c4, 0x0000, 0x0000, 0x0000,
    0x0000, 0xe2d5, 0x0000, 0xe2d8, 0x0000, 0x0000, 0x0000, 0x0000, 0x0000, 0x0000, 0x0000, 0x0000,
    0x0000, 0x0000, 0x0000, 0x0000, 0x0000, 0x0000, 0x0000, 0x0000, 0xe3ae, 0x0000, 0xe3ad, 0x0000,
    0x0000, 0xbeaa, 0x0000, 0x0000, 0x0000, 0x0000, 0xeafd, 0x0000, 0xdee5, 0xb5e0, 0x0000, 0x0000,
    0x0000, 0xdedd, 0x0000, 0x0000, 0x0000, 0xdee1, 0x0000, 0xb6de, 0xc6fe, 0xbedd, 0x0000, 0x0000,
    0x0000, 0xdee3, 0xdee7, 0x0000, 0x0000, 0x0000, 0x0000, 0x0000, 0x0000, 0x0000, 0x0000, 0x0000,
    0x0000, 0x0000, 0x0000, 0x0000, 0xeace, 0x0000, 0x0000, 0x0000, 0xcefa, 0x0000, 0x0000, 0x0000,
    0x0000, 0x0000, 0x0000, 0xb1ad, 0x0000, 0x0000, 0x0000, 0x0000, 0x0000, 0x0000, 0x0000, 0x0000,
    0xe8f5, 0x0000, 0xe8f4, 0xe8f6, 0x0000, 0x0000, 0xe8f8, 0x0000, 0x0000, 0x0000, 0x0000, 0x0000,
    0x0000, 0x0000, 0x0000, 0x0000, 0x0000, 0x0000, 0x0000, 0x0000, 0x0000, 0x0000, 0x0000, 0x0000,
    0x0000, 0x0000, 0xeca4, 0xb0a6, 0x0000, 0x0000, 0xe9e8, 0x0000, 0x0000, 0xebb4, 0xb5ed, 0xe4ca,
    0x0000, 0x0000, 0x0000, 0x0000, 0x0000, 0x0000, 0x0000, 0xe4b5, 0x0000, 0x0000, 0x0000, 0xe4c4,
    0x0000, 0xc4d7, 0x0000, 0xe4cb, 0x0000, 0xe4c7, 0x0000, 0x0000, 0x0000, 0x0000, 0x0000, 0x0000,
    0x0000, 0x0000, 0x0000, 0x0000, 0x0000, 0x0000, 0x0000, 0x0000, 0x0000, 0x0000, 0x0000, 0x0000,
    0x0000, 0x0000, 0x0000, 0xcde9, 0x0000, 0xccfe, 0x0000, 0x0000, 0x0000, 0x0000, 0xecc9, 0x0000,
    0x0000, 0x0000, 0xecca, 0x0000, 0x0000, 0x0000, 0x0000, 0x0000, 0x0000, 0xeaf5, 0x0000, 0x0000,
    0xeaf6, 0xe2a7, 0xe2a2, 0x0000, 0x0000, 0x0000, 0xe2a5, 0x0000, 0x0000, 0x0000, 0xe2a6, 0x0000,
    0x0000, 0x0000, 0x0000, 0x0000, 0x0000, 0x0000, 0x0000, 0x0000, 0x0000, 0x0000, 0x0000, 0x0000,
    0x0000, 0x0000, 0x0000, 0x0000, 0x0000, 0x0000, 0xd1f7, 0x0000, 0x0000, 0x0000, 0x0000, 0x0000,
    0x0000, 0x0000, 0x0000, 0x0000, 0xc3d0, 0xedf5, 0x0000, 0x0000, 0x0000, 0x0000, 0x0000, 0xedf6,
    0x0000, 0xedf7, 0x0000, 0xcef8, 0x0000, 0x0000, 0x0000, 0xedd1, 0xedce, 0xb9e8, 0xedcf, 0x0000,
    0xecf6, 0x0000, 0x0000, 0x0000, 0x0000, 0x0000, 0xc0eb, 0x0000, 0xbdd5, 0x0000, 0x0000, 0x0000,
    0x0000, 0x0000, 0x0000, 0xf3cc, 0x0000, 0xf3d3, 0x0000, 0x0000, 0xf3d4, 0xf3d5, 0x0000, 0xf3ce,
    0x0000, 0xf3d1, 0xf3ca, 0x0000, 0x0000, 0x0000, 0xf3cd, 0x0000, 0x0000, 0x0000, 0xd5b3, 0x0000,
    0x0000, 0x0000, 0x0000, 0x0000, 0x0000, 0xe7a4, 0x0000, 0x0000, 0x0000, 0x0000, 0x0000, 0x0000,
    0xe7aa, 0x0000, 0x0000, 0x0000, 0x0000, 0x0000, 0x0000, 0xf4c6, 0x0000, 0xf1b4, 0x0000, 0x0000,
    0x0000, 0x0000, 0x0000, 0x0000, 0x0000, 0x0000, 0x0000, 0x0000, 0x0000, 0xf1f5, 0x0000, 0xebe4,
    0x0000, 0x0000, 0xebd6, 0x0000, 0x0000, 0xebe3, 0xebe2, 0x0000, 0x0000, 0x0000, 0x0000, 0x0000,
    0x0000, 0xf4b4, 0xf4b6, 0x0000, 0xf4b7, 0x0000, 0xe5f5, 0x0000, 0x0000, 0xddb9, 0x0000, 0x0000,
    0xb6b9, 0x0000, 0x0000, 0x0000, 0x0000, 0x0000, 0x0000, 0x0000, 0x0000, 0xddb3, 0xddb4, 0x0000,
    0x0000, 0x0000, 0xdcf0, 0xddad, 0x0000, 0x0000, 0x0000, 0x0000, 0x0000, 0x0000, 0xdda8, 0x0000,
    0x0000, 0x0000, 0x0000, 0x0000, 0x0000, 0x0000, 0xbaf4, 0x0000, 0x0000, 0x0000, 0x0000, 0x0000,
    0xf2c5, 0xf2c4, 0x0000, 0x0000, 0x0000, 0x0000, 0x0000, 0xf2ca, 0x0000, 0x0000, 0x0000, 0x0000,
    0x0000, 0xecc5, 0x0000, 0x0000, 0x0000, 0xf1c8, 0xecee, 0x0000, 0x0000, 0x0000, 0x0000, 0x0000,
    0x0000, 0x0000, 0x0000, 0x0000, 0xd9f3, 0x0000, 0x0000, 0x0000, 0x0000, 0x0000, 0xf5fb, 0x0000,
    0x0000, 0x0000, 0x0000, 0x0000, 0x0000, 0x0000, 0x0000, 0x0000, 0x0000, 0x0000, 0x0000, 0x0000,
    0x0000, 0x0000, 0xf5c2, 0x0000, 0x0000, 0xf5c1, 0x0000, 0x0000, 0x0000, 0x0000, 0x0000, 0x0000,
    0x0000, 0x0000, 0x0000, 0xe5cd, 0xe5cf, 0x0000, 0x0000, 0xe5d2, 0xdbb0, 0x0000, 0x0000, 0xb3bb,
    0x0000, 0x0000, 0x0000, 0xdbaf, 0x0000, 0x0000, 0xf0b2, 0x0000, 0xb7d3, 0x0000, 0x0000, 0xc7a5,
    0x0000, 0x0000, 0x0000, 0x0000, 0xeecc, 0xeecf, 0x0000, 0x0000, 0xeeca, 0x0000, 0x0000, 0x0000,
    0xe3c6, 0x0000, 0x0000, 0x0000, 0x0000, 0x0000, 0x0000, 0x0000, 0x0000, 0x0000, 0x0000, 0xd8b8,
    0x0000, 0x0000, 0x0000, 0x0000, 0x0000, 0xb4f6, 0x0000, 0x0000, 0x0000, 0x0000, 0x0000, 0x0000,
    0x0000, 0x0000, 0x0000, 0x0000, 0x0000, 0x0000, 0x0000, 0x0000, 0x0000, 0xe0b3, 0x0000, 0x0000,
    0x0000, 0xe0a5, 0x0000, 0x0000, 0x0000, 0xe0ae, 0xdff6, 0xdff7, 0xe0af, 0x0000, 0x0000, 0x0000,
    0x0000, 0x0000, 0x0000, 0x0000, 0x0000, 0x0000, 0x0000, 0x0000, 0x0000, 0x0000, 0xdca7, 0xdca6,
    0x0000, 0x0000, 0x0000, 0x0000, 0x0000, 0x0000, 0x0000, 0x0000, 0x0000, 0xbcee, 0x0000, 0x0000,
    0x0000, 0x0000, 0x0000, 0x0000, 0x0000, 0x0000, 0xe6a3, 0x0000, 0x0000, 0xe6c4, 0x0000, 0x0000,
    0x0000, 0x0000, 0x0000, 0x0000, 0x0000, 0x0000, 0xcdb5, 0x0000, 0x0000, 0x0000, 0x0000, 0x0000,
    0x0000, 0x0000, 0x0000, 0x0000, 0x0000, 0x0000, 0x0000, 0x0000, 0x0000, 0x0000, 0x0000, 0x0000,
    0x0000, 0x0000, 0x0000, 0x0000, 0x0000, 0x0000, 0x0000, 0x0000, 0xe1d1, 0x0000, 0xe1d2, 0x0000,
    0x0000, 0x0000, 0x0000, 0x0000, 0xe1ce, 0x0000, 0xd1d2, 0xe1cc, 0x0000, 0x0000, 0x0000, 0x0000,
    0x0000, 0x0000, 0x0000, 0x0000, 0x0000, 0x0000, 0x0000, 0xe1a2, 0x0000, 0xe5e9, 0x0000, 0x0000,
    0x0000, 0x0000, 0x0000, 0x0000, 0x0000, 0x0000, 0x0000, 0x0000, 0xe3a2, 0x0000, 0x0000, 0x0000,
    0x0000, 0x0000, 0x0000, 0x0000, 0x0000, 0x0000, 0x0000, 0x0000, 0x0000, 0x0000, 0x0000, 0x0000,
    0x0000, 0x0000, 0x0000, 0x0000, 0xeafe, 0xdeef, 0x0000, 0x0000, 0x0000, 0x0000, 0x0000, 0x0000,
    0x0000, 0xdeeb, 0xdede, 0x0000, 0xdee9, 0x0000, 0x0000, 0x0000, 0xdef2, 0x0000, 0x0000, 0xdeed,
    0x0000, 0x0000, 0x0000, 0x0000, 0x0000, 0x0000, 0x0000, 0x0000, 0x0000, 0x0000, 0x0000, 0x0000,
    0x0000, 0x0000, 0x0000, 0x0000, 0x0000, 0xb1f3, 0x0000, 0x0000, 0x0000, 0x0000, 0xecbc, 0x0000,
    0x0000, 0xb0b5, 0x0000, 0x0000, 0x0000, 0x0000, 0x0000, 0x0000, 0x0000, 0x0000, 0x0000, 0x0000,
    0x0000, 0x0000, 0x0000, 0xc0e2, 0xe8e2, 0xe8c7, 0x0000, 0x0000, 0x0000, 0x0000, 0x0000, 0xe9a7,
    0x0000, 0x0000, 0x0000, 0x0000, 0x0000, 0x0000, 0x0000, 0x0000, 0x0000, 0x0000, 0x0000, 0x0000,
    0x0000, 0x0000, 0xe8fb, 0x0000, 0xe9a3, 0x0000, 0x0000, 0x0000, 0x0000, 0x0000, 0x0000, 0x0000,
    0x0000, 0x0000, 0x0000, 0x0000, 0x0000, 0x0000, 0x0000, 0x0000, 0xeca5, 0x0000, 0x0000, 0x0000,
    0x0000, 0x0000, 0x0000, 0x0000, 0xebc8, 0x0000, 0x0000, 0xeba5, 0xc7e8, 0xedb5, 0x0000, 0x0000,
    0x0000, 0x0000, 0xe3ed, 0x0000, 0x0000, 0x0000, 0x0000, 0xe4cd, 0x0000, 0x0000, 0x0000, 0x0000,
    0x0000, 0x0000, 0x0000, 0x0000, 0x0000, 0x0000, 0x0000, 0x0000, 0xe4a5, 0x0000, 0x0000, 0x0000,
    0x0000, 0x0000, 0x0000, 0x0000, 0xe4d0, 0x0000, 0x0000, 0x0000, 0xe4d4, 0x0000, 0x0000, 0x0000,
    0x0000, 0x0000, 0x0000, 0x0000, 0x0000, 0x0000, 0x0000, 0x0000, 0x0000, 0x0000, 0x0000, 0xeccc,
    0x0000, 0x0000, 0xeccd, 0x0000, 0x0000, 0x0000, 0x0000, 0x0000, 0x0000, 0x0000, 0x0000, 0x0000,
    0x0000, 0x0000, 0x0000, 0x0000, 0x0000, 0xeaf8, 0x0000, 0x0000, 0x0000, 0xe2a9, 0xe2ae, 0x0000,
    0x0000, 0x0000, 0x0000, 0x0000, 0x0000, 0x0000, 0x0000, 0xe7fd, 0xe7fe, 0xe7fc, 0x0000, 0x0000,
    0xe8a2, 0x0000, 0x0000, 0xb5f1, 0x0000, 0x0000, 0x0000, 0x0000, 0x0000, 0x0000, 0x0000, 0xc4fe,
    0x0000, 0xeeb4, 0xf0f0, 0x0000, 0x0000, 0xf0ed, 0x0000, 0x0000, 0xf0ee, 0x0000, 0x0000, 0x0000,
    0x0000, 0x0000, 0xedfb, 0x0000, 0x0000, 0x0000, 0x0000, 0x0000, 0x0000, 0x0000, 0x0000, 0xeff3,
    0x0000, 0xedcc, 0x0000, 0x0000, 0xedcb, 0x0000, 0xedd2, 0xc8b7, 0x0000, 0x0000, 0xedba, 0x0000,
    0x0000, 0x0000, 0x0000, 0x0000, 0x0000, 0xeffc, 0x0000, 0xeffb, 0x0000, 0x0000, 0x0000, 0xf1b5,
    0x0000, 0x0000, 0xf3cc, 0x0000, 0x0000, 0xf3dc, 0x0000, 0x0000, 0xf3d8, 0xf3da, 0xf4d2, 0xf4d1,
    0x0000, 0x0000, 0x0000, 0x0000, 0x0000, 0x0000, 0x0000, 0x0000, 0x0000, 0x0000, 0x0000, 0x0000,
    0x0000, 0x0000, 0x0000, 0x0000, 0x0000, 0x0000, 0xe7ac, 0xc6bf, 0x0000, 0x0000, 0xeeb7, 0x0000,
    0x0000, 0xcfdb, 0x0000, 0x0000, 0x0000, 0x0000, 0x0000, 0x0000, 0x0000, 0xc0b0, 0x0000, 0x0000,
    0x0000, 0x0000, 0x0000, 0x0000, 0x0000, 0x0000, 0x0000, 0x0000, 0x0000, 0xf4aa, 0x0000, 0x0000,
    0x0000, 0x0000, 0x0000, 0xbaca, 0xddcf, 0x0000, 0xddd2, 0x0000, 0x0000, 0x0000, 0x0000, 0x0000,
    0x0000, 0x0000, 0x0000, 0x0000, 0xddc0, 0x0000, 0x0000, 0xddbd, 0xddc3, 0xddbe, 0xddbf, 0x0000,
    0xddd5, 0x0000, 0x0000, 0xddc5, 0x0000, 0x0000, 0x0000, 0xddcc, 0x0000, 0xddc8, 0xddc9, 0x0000,
    0x0000, 0x0000, 0x0000, 0xb9bd, 0x0000, 0xddd0, 0x0000, 0x0000, 0x0000, 0x0000, 0x0000, 0x0000,
    0x0000, 0x0000, 0x0000, 0x0000, 0x0000, 0xf2d5, 0x0000, 0x0000, 0x0000, 0x0000, 0x0000, 0x0000,
    0x0000, 0x0000, 0x0000, 0x0000, 0xf2cb, 0x0000, 0x0000, 0xf2d6, 0x0000, 0x0000, 0x0000, 0x0000,
    0x0000, 0x0000, 0x0000, 0x0000, 0x0000, 0x0000, 0xf1cb, 0xf1ca, 0x0000, 0x0000, 0x0000, 0xf1cc,
    0x0000, 0xeae8, 0x0000, 0xb5d6, 0xf5fd, 0x0000, 0xdaaa, 0x0000, 0x0000, 0x0000, 0x0000, 0x0000,
    0xdab0, 0x0000, 0x0000, 0xdab1, 0xeeba, 0x0000, 0x0000, 0x0000, 0x0000, 0x0000, 0x0000, 0x0000,
    0xeadc, 0x0000, 0xeadb, 0x0000, 0x0000, 0xf4f2, 0x0000, 0x0000, 0x0000, 0x0000, 0x0000, 0x0000,
    0xf5c5, 0x0000, 0xf5ca, 0x0000, 0x0000, 0x0000, 0xf5c6, 0x0000, 0x0000, 0x0000, 0xe9f7, 0xe9f2,
    0x0000, 0x0000, 0x0000, 0x0000, 0x0000, 0x0000, 0x0000, 0xe9f4, 0x0000, 0x0000, 0x0000, 0x0000,
    0xe5d5, 0x0000, 0xe5d6, 0xdba9, 0x0000, 0xdbb2, 0x0000, 0x0000, 0x0000, 0x0000, 0x0000, 0x0000,
    0x0000, 0x0000, 0x0000, 0x0000, 0xf5a2, 0xf4fe, 0x0000, 0xf5a1, 0x0000, 0xeed5, 0x0000, 0xeed8,
    0x0000, 0x0000, 0xeed1, 0x0000, 0x0000, 0xeed9, 0x0000, 0x0000, 0x0000, 0x0000, 0xeed7, 0xeed6,
    0x0000, 0x0000, 0x0000, 0x0000, 0x0000, 0x0000, 0x0000, 0x0000, 0x0000, 0xe3ca, 0x0000, 0x0000,
    0x0000, 0xdaf1, 0xdaed, 0x0000, 0x0000, 0x0000, 0x0000, 0x0000, 0x0000, 0x0000, 0x0000, 0x0000,
    0x0000, 0xf1fc, 0x0000, 0xe2c0, 0x0000, 0xede9, 0x0000, 0x0000, 0x0000, 0x0000, 0x0000, 0x0000,
    0x0000, 0x0000, 0xcfc9, 0xd8f1, 0x0000, 0xd9cd, 0x0000, 0x0000, 0xd9d1, 0x0000, 0x0000, 0xd9dd,
    0x0000, 0x0000, 0x0000, 0x0000, 0x0000, 0x0000, 0x0000, 0x0000, 0x0000, 0xe0c9, 0x0000, 0x0000,
    0x0000, 0xe0c3, 0x0000, 0xe0c1, 0xe0c4, 0xdfef, 0x0000, 0xe0aa, 0x0000, 0x0000, 0x0000, 0x0000,
    0xe0b2, 0x0000, 0xe0c7, 0xe0ca, 0x0000, 0x0000, 0x0000, 0x0000, 0x0000, 0xdbf7, 0xdbee, 0xebf3,
    0x0000, 0x0000, 0x0000, 0x0000, 0x0000, 0x0000, 0xdcaa, 0x0000, 0x0000, 0x0000, 0x0000, 0x0000,
    0x0000, 0x0000, 0xf4c1, 0x0000, 0xe6ca, 0x0000, 0xebf4, 0x0000, 0xc0a2, 0x0000, 0x0000, 0x0000,
    0x0000, 0x0000, 0x0000, 0x0000, 0x0000, 0x0000, 0x0000, 0x0000, 0x0000, 0xd6c3, 0x0000, 0x0000,
    0x0000, 0x0000, 0x0000, 0xe1d3, 0x0000, 0x0000, 0xe1cd, 0x0000, 0x0000, 0x0000, 0x0000, 0xdbcf,
    0x0000, 0x0000, 0x0000, 0x0000, 0x0000, 0x0000, 0x0000, 0x0000, 0x0000, 0x0000, 0xecb0, 0x0000,
    0xe1e6, 0xb4c0, 0x0000, 0xe3bb, 0xe3ba, 0x0000, 0x0000, 0x0000, 0x0000, 0x0000, 0x0000, 0x0000,
    0x0000, 0x0000, 0x0000, 0x0000, 0x0000, 0xeaad, 0xeaae, 0x0000, 0x0000, 0x0000, 0xb4a4, 0x0000,
    0x0000, 0xdef7, 0x0000, 0x0000, 0xbfb8, 0xdfa6, 0x0000, 0x0000, 0x0000, 0x0000, 0x0000, 0x0000,
    0xdef8, 0xdef9, 0x0000, 0xb4f2, 0xdef4, 0x0000, 0xcccd, 0x0000, 0x0000, 0xcee6, 0xb4b7, 0x0000,
    0xdef5, 0x0000, 0xdef6, 0x0000, 0xdefa, 0x0000, 0x0000, 0x0000, 0x0000, 0x0000, 0xead2, 0x0000,
    0x0000, 0x0000, 0x0000, 0x0000, 0x0000, 0x0000, 0x0000, 0xe9b8, 0x0000, 0x0000, 0x0000, 0x0000,
    0xe9a8, 0xb4bb, 0x0000, 0x0000, 0xe9a9, 0xe9ab, 0xe9a5, 0xc3af, 0x0000, 0x0000, 0x0000, 0x0000,
    0x0000, 0x0000, 0xb4aa, 0x0000, 0xe9a2, 0xe9b1, 0xe9b2, 0x0000, 0x0000, 0x0000, 0xd8d2, 0x0000,
    0x0000, 0x0000, 0x0000, 0x0000, 0x0000, 0x0000, 0x0000, 0xbafa, 0x0000, 0x0000, 0x0000, 0x0000,
    0x0000, 0x0000, 0x0000, 0xeca7, 0x0000, 0xeca6, 0x0000, 0x0000, 0x0000, 0xe9ea, 0x0000, 0x0000,
    0x0000, 0xeba8, 0x0000, 0x0000, 0x0000, 0x0000, 0x0000, 0xe4e7, 0x0000, 0xe4e9, 0x0000, 0x0000,
    0x0000, 0xe4da, 0x0000, 0x0000, 0x0000, 0xe4e1, 0xb3fc, 0x0000, 0x0000, 0xe4e3, 0x0000, 0x0000,
    0x0000, 0xe4e6, 0xe4d1, 0x0000, 0x0000, 0x0000, 0x0000, 0x0000, 0x0000, 0x0000, 0x0000, 0x0000,
    0x0000, 0x0000, 0x0000, 0x0000, 0x0000, 0x0000, 0x0000, 0x0000, 0x0000, 0x0000, 0xecbf, 0x0000,
    0x0000, 0x0000, 0x0000, 0xdce4, 0xecd2, 0xecd4, 0x0000, 0x0000, 0x0000, 0x0000, 0x0000, 0x0000,
    0x0000, 0x0000, 0x0000, 0x0000, 0x0000, 0x0000, 0x0000, 0x0000, 0xeaf9, 0x0000, 0x0000, 0x0000,
    0x0000, 0x0000, 0x0000, 0xe1f8, 0x0000, 0x0000, 0x0000, 0x0000, 0x0000, 0x0000, 0xe7e2, 0x0000,
    0x0000, 0xe8a5, 0x0000, 0x0000, 0x0000, 0x0000, 0x0000, 0x0000, 0x0000, 0x0000, 0x0000, 0xeab3,
    0x0000, 0x0000, 0x0000, 0xeeb5, 0x0000, 0x0000, 0x0000, 0x0000, 0xf0f1, 0x0000, 0xf0e2, 0xf0f3,
    0xb1d4, 0x0000, 0xf0f5, 0x0000, 0x0000, 0x0000, 0x0000, 0x0000, 0xf0aa, 0x0000, 0x0000, 0x0000,
    0x0000, 0x0000, 0x0000, 0x0000, 0xedfd, 0x0000, 0x0000, 0x0000, 0x0000, 0x0000, 0x0000, 0xedd6,
    0xedd5, 0x0000, 0x0000, 0x0000, 0xc6e9, 0x0000, 0x0000, 0xedd8, 0x0000, 0x0000, 0x0000, 0x0000,
    0x0000, 0x0000, 0xc2e3, 0x0000, 0x0000, 0x0000, 0x0000, 0x0000, 0x0000, 0x0000, 0xb0de, 0x0000,
    0x0000, 0x0000, 0x0000, 0x0000, 0x0000, 0x0000, 0x0000, 0x0000, 0x0000, 0x0000, 0x0000, 0xb2df,
    0x0000, 0xf3e2, 0x0000, 0x0000, 0xf3e3, 0x0000, 0x0000, 0x0000, 0x0000, 0x0000, 0xf4d3, 0x0000,
    0x0000, 0xe7b0, 0xe7ae, 0x0000, 0x0000, 0x0000, 0x0000, 0x0000, 0x0000, 0x0000, 0xe7af, 0x0000,
    0x0000, 0x0000, 0x0000, 0x0000, 0x0000, 0x0000, 0x0000, 0x0000, 0xeebb, 0x0000, 0x0000, 0xf4c7,
    0xf4c8, 0x0000, 0x0000, 0xd6fa, 0x0000, 0xebed, 0x0000, 0x0000, 0xebee, 0x0000, 0x0000, 0x0000,
    0x0000, 0x0000, 0x0000, 0xebf2, 0x0000, 0x0000, 0xebe1, 0x0000, 0xf4ba, 0xf4b9, 0x0000, 0x0000,
    0x0000, 0x0000, 0x0000, 0x0000, 0xdde3, 0x0000, 0x0000, 0x0000, 0x0000, 0xddd7, 0x0000, 0x0000,
    0x0000, 0x0000, 0x0000, 0x0000, 0xddd8, 0xddd9, 0x0000, 0xddda, 0x0000, 0x0000, 0x0000, 0x0000,
    0x0000, 0x0000, 0xdddd, 0x0000, 0xdddf, 0x0000, 0x0000, 0x0000, 0x0000, 0x0000, 0x0000, 0x0000,
    0x0000, 0x0000, 0x0000, 0x0000, 0x0000, 0x0000, 0xdda6, 0xd2a9, 0x0000, 0xdde5, 0x0000, 0x0000,
    0x0000, 0x0000, 0x0000, 0x0000, 0x0000, 0x0000, 0x0000, 0x0000, 0x0000, 0x0000, 0x0000, 0x0000,
    0x0000, 0x0000, 0xf2cc, 0x0000, 0x0000, 0x0000, 0xf2d9, 0x0000, 0xf2dd, 0x0000, 0x0000, 0xf2dc,
    0x0000, 0x0000, 0x0000, 0x0000, 0xf1ce, 0x0000, 0x0000, 0x0000, 0x0000, 0x0000, 0x0000, 0x0000,
    0x0000, 0xf6a1, 0x0000, 0x0000, 0x0000, 0x0000, 0xf5fe, 0xb4a5, 0xb3ea, 0xdab2, 0xdab4, 0xdabc,
    0x0000, 0x0000, 0x0000, 0xdab3, 0xdab7, 0x0000, 0x0000, 0x0000, 0x0000, 0x0000, 0x0000, 0x0000,
    0x0000, 0x0000, 0x0000, 0x0000, 0x0000, 0xf5f7, 0x0000, 0x0000, 0x0000, 0xf4f4, 0x0000, 0x0000,
    0x0000, 0x0000, 0x0000, 0xf4f3, 0x0000, 0x0000, 0x0000, 0x0000, 0xf5cd, 0x0000, 0x0000, 0x0000,
    0x0000, 0xf5d0, 0x0000, 0x0000, 0x0000, 0xf5bc, 0x0000, 0x0000, 0x0000, 0x0000, 0x0000, 0xe9fb,
    0xe9fa, 0x0000, 0x0000, 0x0000, 0xe5d9, 0x0000, 0xe5d7, 0x0000, 0x0000, 0x0000, 0x0000, 0x0000,
    0x0000, 0xd4c7, 0xdaf9, 0x0000, 0x0000, 0xcdaa, 0xf5a5, 0xeee8, 0x0000, 0xeee6, 0xeeda, 0xeedb,
    0xeedd, 0x0000, 0xeee1, 0xefa5, 0xeeea, 0x0000, 0xd7ea, 0xeee3, 0xeee2, 0x0000, 0x0000, 0x0000,
    0x0000, 0x0000, 0x0000, 0x0000, 0x0000, 0x0000, 0x0000, 0x0000, 0x0000, 0x0000, 0x0000, 0x0000,
    0x0000, 0x0000, 0x0000, 0x0000, 0x0000, 0x0000, 0x0000, 0x0000, 0x0000, 0xdaf3, 0xf6c2, 0x0000,
    0x0000, 0x0000, 0x0000, 0xbdf9, 0x0000, 0x0000, 0x0000, 0xf1fe, 0x0000, 0xf1fd, 0x0000, 0x0000,
    0x0000, 0x0000, 0x0000, 0x0000, 0x0000, 0x0000, 0x0000, 0x0000, 0x0000, 0x0000, 0xd9ec, 0x0000,
    0xf6bc, 0xd9d6, 0x0000, 0x0000, 0xd9c7, 0xcbdb, 0x0000, 0x0000, 0x0000, 0x0000, 0x0000, 0xd9d5,
    0x0000, 0x0000, 0xd9d4, 0x0000, 0x0000, 0x0000, 0xd8e4, 0x0000, 0x0000, 0x0000, 0x0000, 0xe0d7,
    0x0000, 0xe0d1, 0x0000, 0x0000, 0xd8c5, 0xdfe9, 0xe0d2, 0x0000, 0x0000, 0x0000, 0x0000, 0x0000,
    0x0000, 0x0000, 0xdcad, 0x0000, 0x0000, 0x0000, 0x0000, 0xdcac, 0x0000, 0x0000, 0x0000, 0x0000,
    0x0000, 0xc9ca, 0x0000, 0x0000, 0x0000, 0x0000, 0x0000, 0x0000, 0x0000, 0x0000, 0x0000, 0xe6d1,
    0x0000, 0x0000, 0x0000, 0x0000, 0x0000, 0x0000, 0xe6c6, 0x0000, 0x0000, 0xe6cb, 0x0000, 0x0000,
    0x0000, 0x0000, 0x0000, 0x0000, 0x0000, 0x0000, 0x0000, 0x0000, 0xe5ef, 0xe1d6, 0x0000, 0x0000,
    0x0000, 0x0000, 0xe1d0, 0x0000, 0x0000, 0x0000, 0x0000, 0x0000, 0x0000, 0x0000, 0x0000, 0x0000,
    0xe0fd, 0x0000, 0x0000, 0x0000, 0xe2db, 0x0000, 0x0000, 0x0000, 0x0000, 0x0000, 0xe2da, 0x0000,
    0x0000, 0x0000, 0x0000, 0x0000, 0x0000, 0xeda8, 0x0000, 0x0000, 0x0000, 0xe3a5, 0x0000, 0x0000,
    0x0000, 0x0000, 0x0000, 0x0000, 0x0000, 0x0000, 0x0000, 0x0000, 0x0000, 0xe2e6, 0x0000, 0x0000,
    0xeaaf, 0xeaa8, 0x0000, 0x0000, 0x0000, 0x0000, 0x0000, 0x0000, 0xded2, 0x0000, 0xbfd9, 0x0000,
    0x0000, 0x0000, 0xb3b6, 0x0000, 0xc1cc, 0xdefb, 0xdee8, 0x0000, 0x0000, 0x0000, 0x0000, 0x0000,
    0xeba1, 0x0000, 0x0000, 0x0000, 0x0000, 0x0000, 0x0000, 0x0000, 0x0000, 0x0000, 0x0000, 0x0000,
    0x0000, 0xcdfb, 0xe9c1, 0x0000, 0x0000, 0x0000, 0xe9b6, 0x0000, 0x0000, 0x0000, 0x0000, 0x0000,
    0x0000, 0x0000, 0xe9bc, 0xe9c7, 0x0000, 0x0000, 0x0000, 0xe8e7, 0x0000, 0x0000, 0x0000, 0xe9c0,
    0x0000, 0xe9c3, 0x0000, 0x0000, 0x0000, 0x0000, 0xe8bf, 0x0000, 0x0000, 0x0000, 0x0000, 0x0000,
    0x0000, 0x0000, 0x0000, 0x0000, 0x0000, 0x0000, 0x0000, 0xe9e6, 0x0000, 0x0000, 0x0000, 0x0000,
    0x0000, 0xdcfe, 0x0000, 0x0000, 0x0000, 0x0000, 0xe4b0, 0x0000, 0x0000, 0x0000, 0xe4f5, 0x0000,
    0x0000, 0xc5bd, 0x0000, 0x0000, 0x0000, 0x0000, 0x0000, 0x0000, 0xe4f1, 0x0000, 0xe4ef, 0x0000,
    0xe4dd, 0x0000, 0x0000, 0x0000, 0xe4d3, 0x0000, 0x0000, 0x0000, 0x0000, 0x0000, 0x0000, 0x0000,
    0x0000, 0x0000, 0x0000, 0x0000, 0x0000, 0x0000, 0x0000, 0x0000, 0x0000, 0x0000, 0x0000, 0x0000,
    0x0000, 0x0000, 0x0000, 0xd1ac, 0x0000, 0x0000, 0x0000, 0xecc1, 0x0000, 0x0000, 0x0000, 0x0000,
    0x0000, 0xb4f4, 0xe2b0, 0x0000, 0x0000, 0x0000, 0x0000, 0x0000, 0x0000, 0x0000, 0x0000, 0x0000,
    0x0000, 0x0000, 0x0000, 0x0000, 0x0000, 0x0000, 0x0000, 0xf0f8, 0xf0fd, 0x0000, 0xf0fa, 0x0000,
    0xf1e4, 0x0000, 0x0000, 0xb3f2, 0x0000, 0x0000, 0xeea6, 0x0000, 0xd8ba, 0x0000, 0xedda, 0xd5e8,
    0xb2ea, 0xedb8, 0x0000, 0x0000, 0x0000, 0x0000, 0xeddc, 0x0000, 0x0000, 0x0000, 0x0000, 0x0000,
    0xecf9, 0x0000, 0x0000, 0x0000, 0x0000, 0x0000, 0x0000, 0x0000, 0x0000, 0x0000, 0x0000, 0x0000,
    0x0000, 0x0000, 0xb1e2, 0x0000, 0xf1bf, 0x0000, 0xf1be, 0x0000, 0x0000, 0xf3ed, 0x0000, 0x0000,
    0xf3e4, 0x0000, 0xb9bf, 0x0000, 0x0000, 0x0000, 0xf3eb, 0x0000, 0xd4fd, 0x0000, 0x0000, 0x0000,
    0x0000, 0x0000, 0xf4d4, 0x0000, 0x0000, 0x0000, 0x0000, 0xe7b9, 0x0000, 0x0000, 0x0000, 0x0000,
    0x0000, 0x0000, 0xe7b5, 0x0000, 0xe7b3, 0x0000, 0x0000, 0xe7b8, 0x0000, 0x0000, 0x0000, 0xf4eb,
    0xf4ec, 0x0000, 0x0000, 0x0000, 0x0000, 0x0000, 0x0000, 0xf4e3, 0x0000, 0xbde5, 0x0000, 0x0000,
    0x0000, 0xe0bc, 0xebf0, 0x0000, 0x0000, 0x0000, 0x0000, 0x0000, 0xddf5, 0x0000, 0xddf2, 0x0000,
    0xddf0, 0x0000, 0x0000, 0x0000, 0x0000, 0x0000, 0xddf3, 0xddf4, 0xdde8, 0xdde9, 0x0000, 0x0000,
    0x0000, 0xddea, 0x0000, 0x0000, 0x0000, 0x0000, 0xddaa, 0x0000, 0x0000, 0x0000, 0x0000, 0xd8e1,
    0x0000, 0xb1cd, 0x0000, 0x0000, 0x0000, 0x0000, 0x0000, 0x0000, 0x0000, 0x0000, 0x0000, 0x0000,
    0x0000, 0x0000, 0xf2de, 0x0000, 0x0000, 0x0000, 0xf2e2, 0xf2e0, 0xc0af, 0x0000, 0x0000, 0x0000,
    0x0000, 0x0000, 0xf2e4, 0x0000, 0x0000, 0x0000, 0x0000, 0x0000, 0x0000, 0xd1d1, 0xc4de, 0xf2e7,
    0x0000, 0x0000, 0x0000, 0x0000, 0x0000, 0x0000, 0xf2e3, 0x0000, 0x0000, 0x0000, 0x0000, 0xf1d1,
    0x0000, 0x0000, 0xf1d5, 0x0000, 0xf1d3, 0x0000, 0x0000, 0xf1d6, 0x0000, 0x0000, 0x0000, 0xeaea,
    0x0000, 0x0000, 0x0000, 0xf6a2, 0x0000, 0x0000, 0x0000, 0x0000, 0xdac0, 0x0000, 0x0000, 0x0000,
    0x0000, 0x0000, 0xeae4, 0x0000, 0x0000, 0x0000, 0xf5d4, 0x0000, 0x0000, 0x0000, 0xf5d5, 0xd3bb,
    0x0000, 0x0000, 0x0000, 0xf5bd, 0x0000, 0x0000, 0x0000, 0x0000, 0x0000, 0x0000, 0x0000, 0xdbb5,
    0x0000, 0x0000, 0xdbb3, 0x0000, 0x0000, 0x0000, 0x0000, 0x0000, 0x0000, 0x0000, 0xf5a8, 0xf5aa,
    0x0000, 0xd2bf, 0x0000, 0x0000, 0x0000, 0xeeef, 0xeeee, 0x0000, 0xeef0, 0x0000, 0xeef7, 0xefa2,
    0xefa4, 0x0000, 0x0000, 0xeefe, 0xefa8, 0xeef1, 0xf6c6, 0x0000, 0x0000, 0x0000, 0x0000, 0x0000,
    0x0000, 0x0000, 0x0000, 0x0000, 0x0000, 0x0000, 0x0000, 0x0000, 0xeefb, 0x0000, 0x0000, 0x0000,
    0x0000, 0x0000, 0x0000, 0x0000, 0x0000, 0x0000, 0x0000, 0x0000, 0x0000, 0x0000, 0x0000, 0x0000,
    0x0000, 0x0000, 0x0000, 0x0000, 0x0000, 0x0000, 0xeca9, 0x0000, 0x0000, 0x0000, 0x0000, 0x0000,
    0x0000, 0x0000, 0x0000, 0x0000, 0x0000, 0x0000, 0x0000, 0xf7ba, 0xb7c2, 0x0000, 0x0000, 0x0000,
    0x0000, 0x0000, 0x0000, 0x0000, 0x0000, 0x0000, 0x0000, 0x0000, 0x0000, 0x0000, 0x0000, 0xd9d3,
    0xd9d8, 0x0000, 0x0000, 0xd9d9, 0x0000, 0x0000, 0x0000, 0x0000, 0xd8db, 0xdbbd, 0x0000, 0x0000,
    0x0000, 0xe0e1, 0xdfd8, 0xb6f1, 0x0000, 0x0000, 0x0000, 0xe0d9, 0x0000, 0x0000, 0x0000, 0x0000,
    0xe0dc, 0x0000, 0xdfbc, 0x0000, 0x0000, 0x0000, 0xe9d7, 0x0000, 0x0000, 0x0000, 0x0000, 0x0000,
    0x0000, 0x0000, 0x0000, 0x0000, 0x0000, 0x0000, 0x0000, 0x0000, 0x0000, 0x0000, 0x0000, 0x0000,
    0x0000, 0x0000, 0x0000, 0x0000, 0x0000, 0x0000, 0xe1d7, 0xe1c0, 0x0000, 0x0000, 0x0000, 0x0000,
    0x0000, 0xe1bd, 0x0000, 0x0000, 0x0000, 0x0000, 0x0000, 0x0000, 0x0000, 0x0000, 0x0000, 0xe2dc,
    0x0000, 0xe2d0, 0x0000, 0x0000, 0xb1ef, 0x0000, 0x0000, 0x0000, 0x0000, 0x0000, 0x0000, 0x0000,
    0x0000, 0x0000, 0x0000, 0x0000, 0xe3b4, 0x0000, 0x0000, 0x0000, 0x0000, 0x0000, 0x0000, 0x0000,
    0x0000, 0xdefe, 0x0000, 0xbeef, 0x0000, 0x0000, 0x0000, 0x0000, 0x0000, 0x0000, 0xb5a7, 0xded8,
    0x0000, 0x0000, 0x0000, 0x0000, 0x0000, 0x0000, 0x0000, 0x0000, 0x0000, 0x0000, 0x0000, 0x0000,
    0x0000, 0x0000, 0x0000, 0x0000, 0x0000, 0x0000, 0xe9cb, 0x0000, 0x0000, 0x0000, 0x0000, 0x0000,
    0x0000, 0xe9c8, 0x0000, 0x0000, 0x0000, 0x0000, 0x0000, 0x0000, 0xe9ce, 0x0000, 0x0000, 0x0000,
    0xe8fd, 0x0000, 0x0000, 0x0000, 0x0000, 0x0000, 0x0000, 0x0000, 0x0000, 0x0000, 0xe9cc, 0x0000,
    0x0000, 0x0000, 0x0000, 0x0000, 0x0000, 0x0000, 0x0000, 0x0000, 0x0000, 0x0000, 0x0000, 0x0000,
    0x0000, 0xeba7, 0x0000, 0xf2a3, 0x0000, 0x0000, 0xc0d4, 0x0000, 0x0000, 0xe4f8, 0xe4f7, 0xe4f9,
    0xe4ea, 0x0000, 0x0000, 0x0000, 0x0000, 0x0000, 0x0000, 0xb3ce, 0x0000, 0xe4fb, 0x0000, 0x0000,
    0x0000, 0xbac6, 0x0000, 0x0000, 0x0000, 0x0000, 0x0000, 0x0000, 0x0000, 0x0000, 0x0000, 0x0000,
    0x0000, 0xe4b6, 0x0000, 0x0000, 0xe4e4, 0x0000, 0x0000, 0x0000, 0x0000, 0x0000, 0x0000, 0xecda,
    0x0000, 0x0000, 0xecd8, 0x0000, 0x0000, 0x0000, 0x0000, 0x0000, 0x0000, 0x0000, 0x0000, 0xecd7,
    0x0000, 0x0000, 0x0000, 0xe9e1, 0x0000, 0x0000, 0xe2b2, 0x0000, 0x0000, 0x0000, 0x0000, 0x0000,
    0x0000, 0xe8af, 0xe7f6, 0x0000, 0x0000, 0xe8ae, 0x0000, 0x0000, 0x0000, 0x0000, 0x0000, 0x0000,
    0x0000, 0x0000, 0xf0fb, 0xf0f9, 0xf0fe, 0x0000, 0x0000, 0x0000, 0x0000, 0x0000, 0xf1a1, 0x0000,
    0x0000, 0x0000, 0x0000, 0xeea4, 0x0000, 0x0000, 0x0000, 0x0000, 0x0000, 0x0000, 0x0000, 0x0000,
    0x0000, 0xeddd, 0x0000, 0x0000, 0x0000, 0xeddf, 0xecfa, 0x0000, 0x0000, 0x0000, 0x0000, 0x0000,
    0x0000, 0xf0a1, 0x0000, 0x0000, 0xf1c1, 0x0000, 0xf3e6, 0x0000, 0xf3e8, 0x0000, 0x0000, 0x0000,
    0x0000, 0x0000, 0xf4db, 0xf4da, 0xf4d8, 0x0000, 0x0000, 0x0000, 0x0000, 0x0000, 0xe7bd, 0xe7c5,
    0x0000, 0x0000, 0xe7c1, 0xe7c2, 0xe7c3, 0x0000, 0x0000, 0x0000, 0x0000, 0x0000, 0xf4ca, 0x0000,
    0x0000, 0x0000, 0x0000, 0x0000, 0xf4e5, 0x0000, 0x0000, 0x0000, 0xebf9, 0x0000, 0x0000, 0x0000,
    0x0000, 0x0000, 0x0000, 0xc6cc, 0xf4bc, 0x0000, 0x0000, 0x0000, 0x0000, 0x0000, 0x0000, 0xdea2,
    0x0000, 0x0000, 0x0000, 0x0000, 0x0000, 0x0000, 0xddfd, 0x0000, 0x0000, 0x0000, 0x0000, 0xc4e8,
    0x0000, 0x0000, 0xddf8, 0xddbb, 0x0000, 0x0000, 0x0000, 0x0000, 0x0000, 0x0000, 0xdea4, 0x0000,
    0x0000, 0x0000, 0x0000, 0x0000, 0x0000, 0x0000, 0x0000, 0x0000, 0xdcea, 0xdde4, 0x0000, 0x0000,
    0xdce0, 0x0000, 0x0000, 0xddfb, 0xdcca, 0x0000, 0x0000, 0x0000, 0x0000, 0x0000, 0x0000, 0x0000,
    0xebbd, 0x0000, 0xf2f6, 0xf2f8, 0x0000, 0x0000, 0x0000, 0x0000, 0x0000, 0x0000, 0x0000, 0x0000,
    0x0000, 0x0000, 0x0000, 0x0000, 0x0000, 0x0000, 0xd0ab, 0xe2ac, 0x0000, 0x0000, 0x0000, 0x0000,
    0xf2f3, 0x0000, 0xf2fa, 0x0000, 0xf2ef, 0x0000, 0x0000, 0x0000, 0x0000, 0xbafa, 0x0000, 0x0000,
    0x0000, 0x0000, 0x0000, 0x0000, 0xf1d8, 0x0000, 0x0000, 0x0000, 0xd0e4, 0x0000, 0x0000, 0x0000,
    0x0000, 0x0000, 0x0000, 0x0000, 0xdac1, 0x0000, 0x0000, 0x0000, 0xdac2, 0x0000, 0x0000, 0x0000,
    0xdac5, 0x0000, 0x0000, 0x0000, 0x0000, 0x0000, 0x0000, 0x0000, 0x0000, 0x0000, 0x0000, 0x0000,
    0x0000, 0x0000, 0xd6dc, 0x0000, 0xeae3, 0x0000, 0xeae6, 0x0000, 0x0000, 0x0000, 0x0000, 0x0000,
    0xf5db, 0x0000, 0x0000, 0xf5da, 0x0000, 0x0000, 0x0000, 0x0000, 0x0000, 0x0000, 0x0000, 0xf5d6,
    0x0000, 0x0000, 0x0000, 0x0000, 0x0000, 0x0000, 0x0000, 0x0000, 0x0000, 0x0000, 0x0000, 0x0000,
    0x0000, 0x0000, 0x0000, 0x0000, 0x0000, 0x0000, 0x0000, 0xdbb7, 0x0000, 0x0000, 0x0000, 0xb5a6,
    0x0000, 0x0000, 0xf5ac, 0xd5b5, 0x0000, 0x0000, 0x0000, 0x0000, 0x0000, 0x0000, 0xefb6, 0x0000,
    0x0000, 0x0000, 0x0000, 0xeef2, 0xefab, 0xefb7, 0x0000, 0x0000, 0x0000, 0xefb2, 0xeefa, 0xefaf,
    0x0000, 0xefb0, 0x0000, 0xf6c8, 0x0000, 0xefb8, 0x0000, 0x0000, 0x0000, 0x0000, 0x0000, 0x0000,
    0x0000, 0x0000, 0x0000, 0x0000, 0x0000, 0x0000, 0x0000, 0xe3cf, 0xe3cd, 0x0000, 0x0000, 0xcdc7,
    0x0000, 0x0000, 0x0000, 0xf6ac, 0x0000, 0xf6a6, 0x0000, 0x0000, 0x0000, 0x0000, 0x0000, 0x0000,
    0x0000, 0xf2a4, 0x0000, 0x0000, 0x0000, 0x0000, 0x0000, 0x0000, 0xf4d9, 0x0000, 0xe2c4, 0xb2b8,
    0x0000, 0x0000, 0x0000, 0x0000, 0x0000, 0x0000, 0x0000, 0xe6e0, 0x0000, 0x0000, 0x0000, 0xe6e6,
    0x0000, 0x0000, 0x0000, 0x0000, 0x0000, 0xf7d8, 0x0000, 0x0000, 0x0000, 0x0000, 0xf7c9, 0x0000,
    0xf6d0, 0x0000, 0x0000, 0x0000, 0x0000, 0x0000, 0xebe0, 0x0000, 0x0000, 0x0000, 0x0000, 0x0000,
    0x0000, 0x0000, 0xf0b1, 0x0000, 0x0000, 0x0000, 0xd1e3, 0x0000, 0x0000, 0x0000, 0x0000, 0x0000,
    0xd8be, 0x0000, 0x0000, 0x0000, 0x0000, 0x0000, 0x0000, 0x0000, 0xeea3, 0x0000, 0xdfd5, 0x0000,
    0x0000, 0xdfdc, 0x0000, 0x0000, 0xdfe0, 0x0000, 0x0000, 0xe0f7, 0x0000, 0x0000, 0x0000, 0x0000,
    0x0000, 0x0000, 0x0000, 0xdbd4, 0x0000, 0xe6d3, 0xe6cd, 0x0000, 0xe6c8, 0x0000, 0x0000, 0x0000,
    0xe6d4, 0x0000, 0x0000, 0x0000, 0x0000, 0x0000, 0x0000, 0x0000, 0x0000, 0xe1bb, 0x0000, 0x0000,
    0x0000, 0x0000, 0x0000, 0x0000, 0x0000, 0x0000, 0x0000, 0x0000, 0x0000, 0x0000, 0x0000, 0xe2de,
    0x0000, 0x0000, 0xe2dd, 0x0000, 0x0000, 0xe1e8, 0xedad, 0xbaa9, 0x0000, 0x0000, 0x0000, 0x0000,
    0x0000, 0xe2f8, 0x0000, 0x0000, 0x0000, 0x0000, 0xdfa8, 0x0000, 0xdfa7, 0x0000, 0x0000, 0x0000,
    0x0000, 0x0000, 0x0000, 0x0000, 0x0000, 0x0000, 0x0000, 0x0000, 0x0000, 0x0000, 0xead5, 0x0000,
    0x0000, 0x0000, 0xcff2, 0x0000, 0x0000, 0x0000, 0x0000, 0x0000, 0x0000, 0xb4b1, 0x0000, 0x0000,
    0x0000, 0x0000, 0xe9d0, 0x0000, 0x0000, 0x0000, 0xe9d3, 0x0000, 0xe9d8, 0x0000, 0x0000, 0x0000,
    0x0000, 0x0000, 0x0000, 0xe9d2, 0x0000, 0x0000, 0x0000, 0x0000, 0x0000, 0x0000, 0x0000, 0x0000,
    0x0000, 0x0000, 0x0000, 0x0000, 0x0000, 0x0000, 0x0000, 0x0000, 0xe9ec, 0xe9e9, 0x0000, 0x0000,
    0x0000, 0x0000, 0xebab, 0x0000, 0x0000, 0x0000, 0x0000, 0x0000, 0x0000, 0x0000, 0xc2ba, 0x0000,
    0x0000, 0x0000, 0x0000, 0x0000, 0x0000, 0x0000, 0xe4ab, 0x0000, 0x0000, 0x0000, 0x0000, 0x0000,
    0x0000, 0x0000, 0xe5a1, 0x0000, 0x0000, 0x0000, 0x0000, 0x0000, 0x0000, 0x0000, 0x0000, 0x0000,
    0x0000, 0x0000, 0xecc7, 0x0000, 0xecdc, 0x0000, 0x0000, 0x0000, 0x0000, 0x0000, 0x0000, 0x0000,
    0x0000, 0x0000, 0x0000, 0x0000, 0x0000, 0x0000, 0x0000, 0xe2b3, 0x0000, 0xe1fd, 0xe1f6, 0x0000,
    0x0000, 0x0000, 0x0000, 0x0000, 0x0000, 0x0000, 0x0000, 0x0000, 0x0000, 0xf1a6, 0x0000, 0x0000,
    0xf1ac, 0xf1a2, 0xf1a9, 0x0000, 0xf1a7, 0x0000, 0x0000, 0x0000, 0x0000, 0x0000, 0x0000, 0x0000,
    0xdeab, 0x0000, 0x0000, 0x0000, 0x0000, 0x0000, 0x0000, 0x0000, 0x0000, 0x0000, 0xedd7, 0x0000,
    0x0000, 0x0000, 0x0000, 0x0000, 0x0000, 0x0000, 0x0000, 0x0000, 0x0000, 0xf1c0, 0x0000, 0x0000,
    0x0000, 0x0000, 0x0000, 0x0000, 0x0000, 0xf3f4, 0x0000, 0xf3f6, 0xf3f5, 0x0000, 0x0000, 0x0000,
    0xf3f8, 0x0000, 0x0000, 0x0000, 0x0000, 0x0000, 0x0000, 0x0000, 0xf4dc, 0x0000, 0x0000, 0x0000,
    0x0000, 0x0000, 0x0000, 0xe7c8, 0x0000, 0x0000, 0x0000, 0x0000, 0x0000, 0xccd0, 0x0000, 0xe7c4,
    0x0000, 0x0000, 0x0000, 0x0000, 0x0000, 0x0000, 0x0000, 0x0000, 0x0000, 0x0000, 0x0000, 0x0000,
    0xc5d5, 0xf1f0, 0x0000, 0x0000, 0xeca2, 0x0000, 0x0000, 0x0000, 0x0000, 0x0000, 0x0000, 0x0000,
    0x0000, 0x0000, 0x0000, 0x0000, 0x0000, 0x0000, 0x0000, 0xdea1, 0x0000, 0x0000, 0x0000, 0xdcbf,
    0x0000, 0xdce9, 0x0000, 0xdddb, 0xdea8, 0xdda1, 0xddde, 0x0000, 0x0000, 0x0000, 0x0000, 0x0000,
    0x0000, 0x0000, 0xdcf1, 0x0000, 0x0000, 0xddb5, 0x0000, 0x0000, 0xdcbc, 0x0000, 0x0000, 0x0000,
    0x0000, 0x0000, 0x0000, 0x0000, 0x0000, 0x0000, 0x0000, 0xf3a5, 0xf2fb, 0x0000, 0xf3a2, 0x0000,
    0x0000, 0x0000, 0x0000, 0x0000, 0x0000, 0xf3a3, 0x0000, 0x0000, 0x0000, 0xf2cf, 0x0000, 0x0000,
    0x0000, 0x0000, 0x0000, 0x0000, 0xe5bd, 0x0000, 0x0000, 0x0000, 0x0000, 0x0000, 0x0000, 0x0000,
    0x0000, 0x0000, 0x0000, 0x0000, 0xd0fa, 0xdabb, 0x0000, 0x0000, 0x0000, 0x0000, 0xdaca, 0xdacc,
    0x0000, 0x0000, 0x0000, 0xdad2, 0x0000, 0x0000, 0x0000, 0x0000, 0x0000, 0x0000, 0x0000, 0x0000,
    0x0000, 0x0000, 0x0000, 0x0000, 0x0000, 0x0000, 0x0000, 0x0000, 0x0000, 0x0000, 0x0000, 0x0000,
    0xf5de, 0x0000, 0x0000, 0x0000, 0xf5e1, 0xf5e4, 0xd3e2, 0x0000, 0x0000, 0x0000, 0x0000, 0x0000,
    0x0000, 0x0000, 0x0000, 0x0000, 0x0000, 0x0000, 0x0000, 0x0000, 0x0000, 0x0000, 0x0000, 0xdba6,
    0x0000, 0xf5ad, 0xf5af, 0xf5ae, 0x0000, 0x0000, 0x0000, 0xefc3, 0xefc4, 0xefba, 0x0000, 0xd5e0,
    0xefaa, 0x0000, 0xefbc, 0x0000, 0xefb9, 0xefbe, 0xeecd, 0x0000, 0x0000, 0x0000, 0x0000, 0x0000,
    0x0000, 0x0000, 0x0000, 0x0000, 0x0000, 0x0000, 0x0000, 0x0000, 0x0000, 0x0000, 0x0000, 0x0000,
    0x0000, 0x0000, 0x0000, 0x0000, 0x0000, 0x0000, 0x0000, 0xbcf8, 0x0000, 0xe3d5, 0x0000, 0xe3d0,
    0xd1cb, 0x0000, 0xe3d1, 0xe3d3, 0x0000, 0xe3d4, 0x0000, 0x0000, 0x0000, 0x0000, 0x0000, 0x0000,
    0x0000, 0xf7b4, 0x0000, 0x0000, 0x0000, 0x0000, 0x0000, 0x0000, 0x0000, 0x0000, 0x0000, 0x0000,
    0xb2b5, 0x0000, 0x0000, 0x0000, 0x0000, 0x0000, 0x0000, 0x0000, 0x0000, 0x0000, 0x0000, 0x0000,
    0x0000, 0x0000, 0x0000, 0xf7db, 0x0000, 0x0000, 0x0000, 0x0000, 0x0000, 0x0000, 0x0000, 0x0000,
    0x0000, 0x0000, 0xf6d6, 0xf6d8, 0x0000, 0x0000, 0x0000, 0x0000, 0x0000, 0x0000, 0x0000, 0x0000,
    0x0000, 0x0000, 0xf0b6, 0x0000, 0x0000, 0x0000, 0x0000, 0xf0b7, 0xf7e6, 0x0000, 0xf7e5, 0x0000,
    0x0000, 0x0000, 0x0000, 0x0000, 0x0000, 0xf7fc, 0x0000, 0x0000, 0x0000, 0x0000, 0x0000, 0x0000,
    0x0000, 0xe0ea, 0xdfe2, 0x0000, 0xe0e3, 0x0000, 0x0000, 0x0000, 0x0000, 0x0000, 0x0000, 0x0000,
    0x0000, 0x0000, 0x0000, 0xc4cc, 0x0000, 0xe6d5, 0x0000, 0x0000, 0x0000, 0x0000, 0x0000, 0x0000,
    0x0000, 0x0000, 0x0000, 0xe1da, 0xe0fc, 0x0000, 0x0000, 0x0000, 0xc7da, 0x0000, 0x0000, 0x0000,
    0x0000, 0x0000, 0x0000, 0xe2fb, 0xc3c9, 0xb1f7, 0x0000, 0xb5b7, 0x0000, 0xdfa9, 0x0000, 0x0000,
    0x0000, 0x0000, 0x0000, 0x0000, 0x0000, 0x0000, 0xe9dd, 0x0000, 0xe8df, 0x0000, 0x0000, 0x0000,
    0x0000, 0x0000, 0x0000, 0xe9d5, 0x0000, 0x0000, 0x0000, 0x0000, 0xe9db, 0x0000, 0x0000, 0x0000,
    0x0000, 0x0000, 0x0000, 0x0000, 0xbda9, 0x0000, 0x0000, 0xedb4, 0x0000, 0x0000, 0x0000, 0x0000,
    0x0000, 0x0000, 0x0000, 0xe5a8, 0x0000, 0x0000, 0x0000, 0x0000, 0x0000, 0x0000, 0x0000, 0x0000,
    0x0000, 0x0000, 0x0000, 0x0000, 0x0000, 0xe2b4, 0x0000, 0x0000, 0x0000, 0xe8b4, 0x0000, 0x0000,
    0x0000, 0x0000, 0x0000, 0x0000, 0xeab5, 0x0000, 0xeab4, 0x0000, 0xf1aa, 0x0000, 0xf0f7, 0xf0ef,
    0xf0ab, 0x0000, 0xeeac, 0x0000, 0x0000, 0x0000, 0x0000, 0x0000, 0x0000, 0x0000, 0x0000, 0x0000,
    0xedcd, 0x0000, 0x0000, 0x0000, 0xede1, 0xede2, 0x0000, 0x0000, 0x0000, 0x0000, 0x0000, 0x0000,
    0x0000, 0x0000, 0x0000, 0x0000, 0x0000, 0x0000, 0x0000, 0x0000, 0x0000, 0xf3fc, 0xe5e7, 0xf3e5,
    0x0000, 0x0000, 0x0000, 0x0000, 0xf3fe, 0xf3d9, 0x0000, 0x0000, 0x0000, 0x0000, 0x0000, 0x0000,
    0x0000, 0x0000, 0xc0e9, 0x0000, 0x0000, 0xf4dd, 0xe7ca, 0x0000, 0x0000, 0xb8bf, 0x0000, 0x0000,
    0x0000, 0x0000, 0x0000, 0xf4ed, 0x0000, 0x0000, 0x0000, 0xf7e3, 0xf4ea, 0x0000, 0x0000, 0xf3c1,
    0x0000, 0xeec0, 0x0000, 0x0000, 0x0000, 0xf1ef, 0xebfe, 0x0000, 0xebfb, 0xebfd, 0x0000, 0x0000,
    0x0000, 0x0000, 0x0000, 0xf4bd, 0x0000, 0x0000, 0x0000, 0xdeb2, 0x0000, 0x0000, 0x0000, 0x0000,
    0x0000, 0xdeae, 0xdeaf, 0x0000, 0x0000, 0xddf7, 0x0000, 0x0000, 0x0000, 0xdeaa, 0x0000, 0x0000,
    0x0000, 0x0000, 0x0000, 0x0000, 0xccea, 0x0000, 0x0000, 0x0000, 0x0000, 0xdcf6, 0xdeb6, 0xdeb3,
    0x0000, 0x0000, 0x0000, 0xddb2, 0x0000, 0x0000, 0x0000, 0xf3a4, 0x0000, 0x0000, 0xf3a9, 0x0000,
    0xf3aa, 0x0000, 0x0000, 0x0000, 0x0000, 0x0000, 0x0000, 0x0000, 0xf2fc, 0xd5dd, 0xf3b1, 0x0000,
    0x0000, 0x0000, 0x0000, 0xf3ae, 0x0000, 0x0000, 0x0000, 0xf1cd, 0x0000, 0x0000, 0xf1df, 0x0000,
    0x0000, 0x0000, 0x0000, 0xeaed, 0x0000, 0x0000, 0xecb2, 0x0000, 0x0000, 0xdad5, 0x0000, 0xd6df,
    0x0000, 0x0000, 0x0000, 0x0000, 0x0000, 0xe5c0, 0x0000, 0x0000, 0x0000, 0x0000, 0x0000, 0xdad6,
    0x0000, 0x0000, 0x0000, 0x0000, 0x0000, 0x0000, 0xf5f9, 0x0000, 0x0000, 0x0000, 0x0000, 0x0000,
    0x0000, 0xf5c4, 0xe5bf, 0x0000, 0x0000, 0x0000, 0x0000, 0x0000, 0xc3d1, 0xf5b0, 0xc8a9, 0x0000,
    0x0000, 0x0000, 0x0000, 0x0000, 0x0000, 0x0000, 0x0000, 0xefca, 0x0000, 0xefc7, 0xd5eb, 0xd5a1,
    0x0000, 0xefc8, 0x0000, 0x0000, 0x0000, 0x0000, 0x0000, 0xf6cc, 0x0000, 0xf6ca, 0x0000, 0x0000,
    0x0000, 0x0000, 0x0000, 0x0000, 0x0000, 0x0000, 0x0000, 0x0000, 0x0000, 0x0000, 0x0000, 0x0000,
    0x0000, 0xb0b5, 0x0000, 0x0000, 0xe3d6, 0x0000, 0x0000, 0x0000, 0xdaf4, 0x0000, 0x0000, 0x0000,
    0x0000, 0x0000, 0x0000, 0x0000, 0x0000, 0x0000, 0x0000, 0x0000, 0x0000, 0x0000, 0x0000, 0x0000,
    0x0000, 0x0000, 0x0000, 0x0000, 0x0000, 0x0000, 0x0000, 0xbafd, 0x0000, 0xe2bc, 0x0000, 0x0000,
    0x0000, 0xf4d7, 0x0000, 0xd9e5, 0x0000, 0x0000, 0x0000, 0x0000, 0x0000, 0x0000, 0x0000, 0x0000,
    0x0000, 0x0000, 0x0000, 0x0000, 0x0000, 0xb4f4, 0x0000, 0x0000, 0x0000, 0x0000, 0x0000, 0xf7cc,
    0xf6da, 0x0000, 0xf6dc, 0x0000, 0x0000, 0x0000, 0x0000, 0x0000, 0x0000, 0x0000, 0x0000, 0x0000,
    0x0000, 0x0000, 0x0000, 0x0000, 0x0000, 0xf0b9, 0x0000, 0x0000, 0xf0bb, 0x0000, 0xf0bc, 0x0000,
    0x0000, 0x0000, 0x0000, 0x0000, 0x0000, 0x0000, 0x0000, 0x0000, 0x0000, 0x0000, 0x0000, 0x0000,
    0xedea, 0xf6bd, 0x0000, 0x0000, 0xf7f7, 0xf6b3, 0xd9df, 0x0000, 0x0000, 0x0000, 0x0000, 0x0000,
    0x0000, 0x0000, 0x0000, 0xc4f6, 0x0000, 0x0000, 0x0000, 0x0000, 0x0000, 0x0000, 0x0000, 0x0000,
    0xeda1, 0x0000, 0x0000, 0x0000, 0x0000, 0x0000, 0x0000, 0x0000, 0x0000, 0x0000, 0xdef3, 0x0000,
    0x0000, 0x0000, 0x0000, 0xdfa3, 0x0000, 0xe1a6, 0x0000, 0xead6, 0x0000, 0x0000, 0x0000, 0x0000,
    0x0000, 0x0000, 0x0000, 0x0000, 0x0000, 0x0000, 0x0000, 0x0000, 0x0000, 0x0000, 0x0000, 0x0000,
    0x0000, 0x0000, 0xd1fa, 0xe4de, 0x0000, 0x0000, 0x0000, 0x0000, 0x0000, 0xe4f3, 0xe3f8, 0x0000,
    0x0000, 0x0000, 0xd2ab, 0xecde, 0x0000, 0x0000, 0x0000, 0x0000, 0x0000, 0x0000, 0x0000, 0x0000,
    0x0000, 0x0000, 0x0000, 0x0000, 0xeab6, 0xf1b0, 0xf0dc, 0x0000, 0x0000, 0x0000, 0x0000, 0x0000,
    0x0000, 0x0000, 0x0000, 0x0000, 0x0000, 0x0000, 0x0000, 0xede4, 0x0000, 0x0000, 0x0000, 0x0000,
    0x0000, 0x0000, 0x0000, 0x0000, 0x0000, 0x0000, 0x0000, 0x0000, 0xf4a1, 0x0000, 0x0000, 0xf4a3,
    0x0000, 0x0000, 0x0000, 0x0000, 0x0000, 0x0000, 0x0000, 0x0000, 0x0000, 0xe7c0, 0x0000, 0x0000,
    0x0000, 0x0000, 0x0000, 0x0000, 0x0000, 0x0000, 0x0000, 0xf1f9, 0x0000, 0x0000, 0x0000, 0xf4be,
    0x0000, 0x0000, 0x0000, 0x0000, 0x0000, 0x0000, 0x0000, 0x0000, 0x0000, 0x0000, 0x0000, 0x0000,
    0x0000, 0xdda3, 0x0000, 0x0000, 0x0000, 0x0000, 0x0000, 0x0000, 0x0000, 0xdeb8, 0x0000, 0x0000,
    0x0000, 0x0000, 0x0000, 0xf3b2, 0x0000, 0xf3b3, 0xf3a8, 0x0000, 0x0000, 0x0000, 0x0000, 0x0000,
    0xf3ad, 0x0000, 0x0000, 0xf2b1, 0x0000, 0x0000, 0x0000, 0x0000, 0x0000, 0x0000, 0x0000, 0x0000,
    0x0000, 0x0000, 0x0000, 0x0000, 0x0000, 0x0000, 0xf1d0, 0x0000, 0x0000, 0x0000, 0xdaa9, 0x0000,
    0x0000, 0x0000, 0x0000, 0xbaf4, 0xc3a1, 0x0000, 0x0000, 0x0000, 0xf6a5, 0x0000, 0x0000, 0x0000,
    0x0000, 0x0000, 0x0000, 0x0000, 0x0000, 0x0000, 0xf5f8, 0x0000, 0xd8d3, 0xeade, 0x0000, 0x0000,
    0x0000, 0x0000, 0xf5c5, 0x0000, 0x0000, 0x0000, 0x0000, 0xd4e3, 0x0000, 0x0000, 0x0000, 0x0000,
    0xf5bf, 0x0000, 0xeaa4, 0x0000, 0x0000, 0x0000, 0x0000, 0xdaf7, 0x0000, 0x0000, 0x0000, 0x0000,
    0x0000, 0xf5b5, 0xf5b2, 0xefd8, 0xc1ad, 0x0000, 0x0000, 0x0000, 0x0000, 0x0000, 0xeef8, 0x0000,
    0xefcb, 0x0000, 0xefd6, 0x0000, 0x0000, 0x0000, 0x0000, 0x0000, 0x0000, 0x0000, 0x0000, 0x0000,
    0x0000, 0x0000, 0xddf6, 0x0000, 0x0000, 0x0000, 0x0000, 0xe3c4, 0x0000, 0x0000, 0x0000, 0x0000,
    0x0000, 0x0000, 0x0000, 0x0000, 0x0000, 0x0000, 0x0000, 0x0000, 0xf7b6, 0x0000, 0x0000, 0x0000,
    0x0000, 0x0000, 0xe8b8, 0x0000, 0x0000, 0x0000, 0x0000, 0x0000, 0x0000, 0x0000, 0x0000, 0xe2be,
    0x0000, 0xe6eb, 0x0000, 0x0000, 0xe6ec, 0x0000, 0x0000, 0x0000, 0xe6ed, 0x0000, 0x0000, 0xf7c2,
    0x0000, 0xf7dc, 0x0000, 0x0000, 0xe3d2, 0x0000, 0x0000, 0x0000, 0x0000, 0xf6e9, 0x0000, 0x0000,
    0x0000, 0xf6e1, 0x0000, 0x0000, 0x0000, 0x0000, 0x0000, 0x0000, 0x0000, 0xf0c3, 0xf0be, 0x0000,
    0x0000, 0x0000, 0x0000, 0x0000, 0x0000, 0x0000, 0x0000, 0xf0c1, 0x0000, 0x0000, 0x0000, 0x0000,
    0x0000, 0x0000, 0xf7f0, 0x0000, 0x0000, 0x0000, 0x0000, 0x0000, 0x0000, 0x0000, 0x0000, 0x0000,
    0x0000, 0x0000, 0x0000, 0x0000, 0x0000, 0xd8c9, 0x0000, 0x0000, 0xdfbf, 0x0000, 0x0000, 0x0000,
    0xdbe4, 0x0000, 0x0000, 0x0000, 0x0000, 0x0000, 0x0000, 0x0000, 0x0000, 0x0000, 0x0000, 0x0000,
    0x0000, 0x0000, 0xdfab, 0x0000, 0x0000, 0x0000, 0x0000, 0x0000, 0x0000, 0xe9c6, 0x0000, 0x0000,
    0x0000, 0x0000, 0x0000, 0xe8dd, 0x0000, 0xc0db, 0xe9cd, 0x0000, 0x0000, 0xe9da, 0x0000, 0x0000,
    0xebaa, 0x0000, 0xe3f1, 0xe4eb, 0x0000, 0x0000, 0x0000, 0x0000, 0xe5ac, 0x0000, 0x0000, 0x0000,
    0x0000, 0x0000, 0x0000, 0x0000, 0x0000, 0x0000, 0x0000, 0x0000, 0x0000, 0x0000, 0x0000, 0x0000,
    0x0000, 0x0000, 0x0000, 0x0000, 0x0000, 0x0000, 0x0000, 0x0000, 0x0000, 0x0000, 0x0000, 0x0000,
    0xede7, 0x0000, 0x0000, 0xede6, 0xecf2, 0x0000, 0xcdc7, 0x0000, 0x0000, 0x0000, 0x0000, 0x0000,
    0x0000, 0x0000, 0x0000, 0x0000, 0x0000, 0xe7d8, 0x0000, 0xe7d9, 0x0000, 0x0000, 0x0000, 0x0000,
    0x0000, 0x0000, 0x0000, 0xeebc, 0x0000, 0x0000, 0x0000, 0x0000, 0x0000, 0xb1ec, 0xf4af, 0x0000,
    0xe9d6, 0x0000, 0x0000, 0x0000, 0x0000, 0x0000, 0x0000, 0xdda4, 0x0000, 0x0000, 0x0000, 0x0000,
    0x0000, 0x0000, 0x0000, 0xdebc, 0x0000, 0x0000, 0x0000, 0x0000, 0x0000, 0x0000, 0x0000, 0xf3b5,
    0xd9f9, 0xf2c9, 0x0000, 0x0000, 0x0000, 0x0000, 0xf2b2, 0x0000, 0x0000, 0x0000, 0xf3b9, 0x0000,
    0x0000, 0x0000, 0x0000, 0x0000, 0x0000, 0x0000, 0x0000, 0xf1cf, 0x0000, 0xbacb, 0xeaef, 0x0000,
    0xf6a3, 0x0000, 0x0000, 0x0000, 0x0000, 0x0000, 0xdada, 0xd7ab, 0x0000, 0x0000, 0x0000, 0x0000,
    0x0000, 0x0000, 0x0000, 0x0000, 0x0000, 0x0000, 0x0000, 0x0000, 0x0000, 0x0000, 0x0000, 0x0000,
    0x0000, 0xb2e4, 0x0000, 0x0000, 0x0000, 0xf5ec, 0x0000, 0x0000, 0x0000, 0x0000, 0x0000, 0x0000,
    0x0000, 0x0000, 0x0000, 0x0000, 0x0000, 0xf5b3, 0xefde, 0xefe0, 0x0000, 0x0000, 0x0000, 0x0000,
    0xefea, 0x0000, 0xefd2, 0x0000, 0xefa1, 0x0000, 0xf6cb, 0x0000, 0x0000, 0x0000, 0x0000, 0x0000,
    0x0000, 0x0000, 0x0000, 0x0000, 0x0000, 0x0000, 0x0000, 0x0000, 0x0000, 0x0000, 0x0000, 0x0000,
    0x0000, 0x0000, 0x0000, 0x0000, 0x0000, 0xe8b9, 0x0000, 0x0000, 0xf2aa, 0x0000, 0x0000, 0x0000,
    0x0000, 0x0000, 0x0000, 0xe2ca, 0x0000, 0xe2c9, 0x0000, 0x0000, 0x0000, 0x0000, 0x0000, 0x0000,
    0x0000, 0x0000, 0x0000, 0x0000, 0x0000, 0xd7d7, 0x0000, 0x0000, 0x0000, 0xf7c4, 0x0000, 0x0000,
    0x0000, 0x0000, 0x0000, 0xf6ec, 0xf6ed, 0x0000, 0x0000, 0xf6ef, 0x0000, 0xf6f2, 0xf6d3, 0xf6f6,
    0xf6df, 0x0000, 0x0000, 0x0000, 0x0000, 0x0000, 0xf6ee, 0x0000, 0x0000, 0x0000, 0x0000, 0x0000,
    0x0000, 0x0000, 0x0000, 0x0000, 0x0000, 0x0000, 0x0000, 0x0000, 0x0000, 0x0000, 0x0000, 0xb5f1,
    0x0000, 0x0000, 0x0000, 0x0000, 0x0000, 0xf0c7, 0x0000, 0x0000, 0xf0b4, 0x0000, 0x0000, 0x0000,
    0x0000, 0xedeb, 0x0000, 0x0000, 0x0000, 0x0000, 0x0000, 0x0000, 0x0000, 0x0000, 0x0000, 0x0000,
    0xe0b7, 0x0000, 0x0000, 0x0000, 0x0000, 0x0000, 0x0000, 0x0000, 0x0000, 0x0000, 0x0000, 0xdefc,
    0x0000, 0x0000, 0x0000, 0x0000, 0x0000, 0x0000, 0xe8d0, 0x0000, 0xe8c0, 0xe8d3, 0x0000, 0x0000,
    0x0000, 0x0000, 0x0000, 0xe5af, 0x0000, 0x0000, 0x0000, 0x0000, 0x0000, 0x0000, 0x0000, 0x0000,
    0xe5ae, 0x0000, 0x0000, 0x0000, 0x0000, 0x0000, 0x0000, 0x0000, 0x0000, 0xe2a8, 0xe8b7, 0x0000,
    0x0000, 0x0000, 0x0000, 0x0000, 0x0000, 0x0000, 0xdbc7, 0x0000, 0x0000, 0x0000, 0x0000, 0x0000,
    0xede5, 0x0000, 0x0000, 0x0000, 0x0000, 0x0000, 0x0000, 0x0000, 0x0000, 0x0000, 0x0000, 0x0000,
    0x0000, 0x0000, 0xe7d7, 0x0000, 0x0000, 0x0000, 0x0000, 0xf1f7, 0x0000, 0xebd9, 0xd0c6, 0xf4bf,
    0x0000, 0xdcd7, 0xdebd, 0x0000, 0x0000, 0x0000, 0x0000, 0xdcc2, 0xdead, 0x0000, 0xdebf, 0x0000,
    0x0000, 0x0000, 0xf2d3, 0xf2ee, 0x0000, 0xf3b7, 0xf3b6, 0x0000, 0xf1e0, 0x0000, 0x0000, 0x0000,
    0x0000, 0x0000, 0x0000, 0x0000, 0x0000, 0x0000, 0xbbd9, 0x0000, 0x0000, 0x0000, 0x0000, 0x0000,
    0x0000, 0x0000, 0x0000, 0x0000, 0x0000, 0x0000, 0xdbb9, 0x0000, 0x0000, 0xf5b6, 0x0000, 0x0000,
    0xefa6, 0xefe6, 0x0000, 0xefe8, 0x0000, 0xefe2, 0x0000, 0x0000, 0xc1cd, 0xefd0, 0xefeb, 0x0000,
    0xeefc, 0x0000, 0xefe4, 0x0000, 0x0000, 0x0000, 0xefa9, 0x0000, 0xcfb3, 0x0000, 0x0000, 0x0000,
    0x0000, 0x0000, 0x0000, 0x0000, 0x0000, 0xe3db, 0x0000, 0x0000, 0x0000, 0x0000, 0x0000, 0x0000,
    0x0000, 0x0000, 0x0000, 0xf2a9, 0x0000, 0x0000, 0x0000, 0x0000, 0x0000, 0x0000, 0x0000, 0xe2cd,
    0xc0a1, 0x0000, 0x0000, 0x0000, 0x0000, 0x0000, 0x0000, 0xe6e3, 0x0000, 0xe6f2, 0xe6f3, 0xe6ef,
    0x0000, 0x0000, 0x0000, 0x0000, 0x0000, 0x0000, 0x0000, 0xf6f8, 0x0000, 0x0000, 0xf6fb, 0x0000,
    0x0000, 0x0000, 0x0000, 0x0000, 0x0000, 0x0000, 0xf6fc, 0x0000, 0x0000, 0x0000, 0x0000, 0x0000,
    0xf0c9, 0x0000, 0x0000, 0x0000, 0x0000, 0x0000, 0x0000, 0x0000, 0x0000, 0xf0ca, 0x0000, 0x0000,
    0x0000, 0x0000, 0xf0cb, 0xf0cd, 0x0000, 0x0000, 0x0000, 0x0000, 0x0000, 0x0000, 0xf7f4, 0x0000,
    0xf7f3, 0x0000, 0x0000, 0x0000, 0x0000, 0xf6b6, 0x0000, 0x0000, 0xf6b5, 0x0000, 0xd9d0, 0x0000,
    0x0000, 0x0000, 0x0000, 0x0000, 0x0000, 0x0000, 0x0000, 0xbff9, 0x0000, 0xd3b8, 0x0000, 0xdfa5,
    0x0000, 0x0000, 0x0000, 0xe9b7, 0x0000, 0xe3e3, 0xe4dc, 0x0000, 0x0000, 0x0000, 0x0000, 0x0000,
    0xecdf, 0x0000, 0x0000, 0xe2b5, 0x0000, 0x0000, 0x0000, 0x0000, 0xedc3, 0x0000, 0x0000, 0x0000,
    0xf4cf, 0xe6fe, 0x0000, 0xe7d3, 0x0000, 0x0000, 0xc0db, 0x0000, 0x0000, 0x0000, 0x0000, 0x0000,
    0x0000, 0x0000, 0x0000, 0x0000, 0x0000, 0x0000, 0xdebe, 0x0000, 0x0000, 0x0000, 0xdec0, 0xddfc,
    0x0000, 0x0000, 0x0000, 0xf3ba, 0x0000, 0x0000, 0x0000, 0x0000, 0xc3ef, 0x0000, 0x0000, 0x0000,
    0x0000, 0x0000, 0x0000, 0x0000, 0x0000, 0x0000, 0x0000, 0xeae1, 0x0000, 0x0000, 0x0000, 0x0000,
    0x0000, 0x0000, 0x0000, 0xdbba, 0x0000, 0x0000, 0x0000, 0xefee, 0x0000, 0xbbb7, 0x0000, 0x0000,
    0x0000, 0x0000, 0x0000, 0x0000, 0x0000, 0x0000, 0x0000, 0x0000, 0xe3cb, 0x0000, 0x0000, 0x0000,
    0x0000, 0x0000, 0x0000, 0x0000, 0x0000, 0xecad, 0x0000, 0x0000, 0x0000, 0x0000, 0x0000, 0x0000,
    0xe6f5, 0xe6ee, 0xe6f1, 0x0000, 0x0000, 0x0000, 0x0000, 0x0000, 0x0000, 0x0000, 0x0000, 0x0000,
    0x0000, 0x0000, 0x0000, 0x0000, 0xf6e5, 0xf7a3, 0xf7a5, 0x0000, 0x0000, 0x0000, 0x0000, 0xf0cf,
    0x0000, 0x0000, 0x0000, 0x0000, 0x0000, 0x0000, 0x0000, 0xf7bd, 0x0000, 0x0000, 0x0000, 0x0000,
    0x0000, 0x0000, 0xe5b9, 0x0000, 0x0000, 0x0000, 0x0000, 0x0000, 0xf5ba, 0x0000, 0x0000, 0x0000,
    0x0000, 0x0000, 0x0000, 0x0000, 0x0000, 0xeae5, 0x0000, 0x0000, 0x0000, 0x0000, 0x0000, 0xd9e6,
    0x0000, 0x0000, 0x0000, 0xe6ae, 0x0000, 0x0000, 0x0000, 0x0000, 0x0000, 0x0000, 0xd4dc, 0x0000,
    0x0000, 0x0000, 0xebac, 0xc0ec, 0x0000, 0x0000, 0x0000, 0x0000, 0x0000, 0x0000, 0x0000, 0x0000,
    0x0000, 0x0000, 0x0000, 0xf1a8, 0x0000, 0x0000, 0x0000, 0xf0a6, 0x0000, 0x0000, 0xf3ea, 0x0000,
    0x0000, 0x0000, 0xd9e1, 0x0000, 0x0000, 0x0000, 0x0000, 0x0000, 0xf4b5, 0x0000, 0x0000, 0x0000,
    0x0000, 0x0000, 0x0000, 0x0000, 0x0000, 0x0000, 0x0000, 0x0000, 0x0000, 0xeaeb, 0x0000, 0x0000,
    0xdad9, 0x0000, 0x0000, 0x0000, 0x0000, 0x0000, 0x0000, 0xf5e9, 0xf5f0, 0xf5d1, 0xf5c8, 0xf5f1,
    0x0000, 0x0000, 0x0000, 0xe9f6, 0x0000, 0xefd9, 0x0000, 0xefec, 0x0000, 0x0000, 0x0000, 0x0000,
    0x0000, 0x0000, 0x0000, 0x0000, 0x0000, 0x0000, 0x0000, 0x0000, 0xf7d3, 0x0000, 0x0000, 0x0000,
    0x0000, 0x0000, 0xe6f6, 0x0000, 0xe6e8, 0x0000, 0x0000, 0x0000, 0x0000, 0x0000, 0x0000, 0xe5f7,
    0x0000, 0x0000, 0x0000, 0xf7a8, 0x0000, 0x0000, 0xf6e4, 0xf7a6, 0x0000, 0x0000, 0xf6e6, 0x0000,
    0xf7a1, 0x0000, 0x0000, 0x0000, 0x0000, 0x0000, 0xf0d2, 0x0000, 0x0000, 0x0000, 0x0000, 0x0000,
    0x0000, 0xf0ba, 0x0000, 0x0000, 0x0000, 0x0000, 0x0000, 0x0000, 0x0000, 0x0000, 0x0000, 0x0000,
    0x0000, 0x0000, 0xede8, 0xbacd, 0x0000, 0x0000, 0x0000, 0x0000, 0x0000, 0x0000, 0x0000, 0x0000,
    0x0000, 0x0000, 0x0000, 0x0000, 0x0000, 0xdfac, 0x0000, 0x0000, 0x0000, 0xe8ef, 0xe9a1, 0x0000,
    0x0000, 0x0000, 0x0000, 0x0000, 0x0000, 0x0000, 0xd3b8, 0x0000, 0x0000, 0x0000, 0x0000, 0x0000,
    0xddf1, 0x0000, 0x0000, 0xdec2, 0x0000, 0x0000, 0x0000, 0x0000, 0xeec3, 0x0000, 0x0000, 0x0000,
    0x0000, 0x0000, 0x0000, 0xd1e7, 0xf6c5, 0x0000, 0x0000, 0x0000, 0x0000, 0x0000, 0xe9f1, 0x0000,
    0xd1e7, 0x0000, 0x0000, 0x0000, 0x0000, 0x0000, 0x0000, 0x0000, 0x0000, 0x0000, 0x0000, 0x0000,
    0xf7df, 0x0000, 0xf7ae, 0xf6e0, 0x0000, 0x0000, 0x0000, 0x0000, 0x0000, 0x0000, 0x0000, 0x0000,
    0x0000, 0x0000, 0xf0d3, 0x0000, 0x0000, 0xf0d6, 0x0000, 0x0000, 0x0000, 0x0000, 0xf0d4, 0xf0d5,
    0xd1e0, 0x0000, 0x0000, 0xf0c2, 0xf0c2, 0x0000, 0x0000, 0x0000, 0x0000, 0xf7f5, 0x0000, 0x0000,
    0x0000, 0x0000, 0xf7fb, 0x0000, 0x0000, 0xecb4, 0x0000, 0x0000, 0x0000, 0x0000, 0xc4f6, 0x0000,
    0x0000, 0x0000, 0x0000, 0x0000, 0x0000, 0x0000, 0x0000, 0x0000, 0xe5b0, 0x0000, 0x0000, 0x0000,
    0x0000, 0x0000, 0x0000, 0x0000, 0x0000, 0xf3fd, 0x0000, 0x0000, 0x0000, 0x0000, 0x0000, 0xf3bd,
    0x0000, 0x0000, 0x0000, 0xc0be, 0xf5f3, 0x0000, 0x0000, 0x0000, 0x0000, 0x0000, 0x0000, 0xf6ce,
    0x0000, 0x0000, 0x0000, 0x0000, 0x0000, 0x0000, 0x0000, 0x0000, 0x0000, 0xf7c6, 0x0000, 0x0000,
    0xf7af, 0x0000, 0x0000, 0x0000, 0x0000, 0x0000, 0x0000, 0x0000, 0x0000, 0x0000, 0x0000, 0x0000,
    0x0000, 0x0000, 0x0000, 0x0000, 0x0000, 0x0000, 0x0000, 0x0000, 0x0000, 0x0000, 0xebf1, 0xe0ec,
    0xdfad, 0x0000, 0x0000, 0x0000, 0x0000, 0x0000, 0x0000, 0x0000, 0x0000, 0x0000, 0x0000, 0x0000,
    0xf3d6, 0x0000, 0xf4d0, 0x0000, 0xe7da, 0xf4ee, 0x0000, 0xd9f5, 0x0000, 0x0000, 0x0000, 0x0000,
    0x0000, 0x0000, 0x0000, 0xf1e1, 0x0000, 0x0000, 0x0000, 0xb4da, 0x0000, 0x0000, 0x0000, 0xefe7,
    0x0000, 0x0000, 0x0000, 0x0000, 0x0000, 0xe2c3, 0x0000, 0x0000, 0xf6dd, 0x0000, 0x0000, 0x0000,
    0x0000, 0x0000, 0x0000, 0x0000, 0x0000, 0xf6be, 0x0000, 0x0000, 0x0000, 0x0000, 0x0000, 0x0000,
    0x0000, 0x0000, 0xf3bd, 0xf4f5, 0xf5f2, 0xf5a7, 0x0000, 0x0000, 0x0000, 0xb9de, 0x0000, 0x0000,
    0x0000, 0x0000, 0x0000, 0x0000, 0x0000, 0x0000, 0x0000, 0x0000, 0x0000, 0x0000, 0x0000, 0x0000,
    0x0000, 0x0000, 0x0000, 0xdadd, 0x0000, 0x0000, 0x0000, 0x0000, 0xf2a8, 0xc8a7, 0x0000, 0x0000,
    0x0000, 0xe6f8, 0x0000, 0x0000, 0x0000, 0xf0b5, 0x0000, 0x0000, 0xedb0, 0xe8f9, 0x0000, 0x0000,
    0x0000, 0x0000, 0x0000, 0x0000, 0x0000, 0x0000, 0xe3ce, 0x0000, 0x0000, 0x0000, 0x0000, 0x0000,
    0x0000, 0x0000, 0x0000, 0x0000, 0xf6e2, 0xf0bf, 0xe4d9, 0x0000, 0x0000, 0x0000, 0x0000, 0x0000,
    0xc6e5, 0xd0e2, 0xc0ef, 0xc7bd, 0xbae3, 0xd7b1, 0x0000, 0x0000, 0x0000, 0x0000, 0x0000, 0x0000,
    0x0000, 0x0000, 0x0000, 0x0000, 0x0000, 0x0000, 0x0000, 0x0000, 0x0000, 0x0000, 0x0000, 0x0000,
    0x0000, 0x0000, 0x0000, 0x0000, 0x0000, 0x0000, 0x0000, 0x0000, 0x0000, 0x0000, 0x0000, 0x0000,
    0x0000, 0x0000, 0x0000, 0x0000, 0x0000,
];

pub static IBM1008_TO_420: [u8; 256] = [
    0x00, 0x01, 0x02, 0x03, 0x37, 0x2d, 0x2e, 0x2f, 0x16, 0x05, 0x25, 0x0b, 0x0c, 0x0d, 0x0e, 0x0f,
    0x10, 0x11, 0x12, 0x13, 0x3c, 0x3d, 0x32, 0x26, 0x18, 0x19, 0x3f, 0x27, 0x1c, 0x1d, 0x1e, 0x1f,
    0x40, 0x5a, 0x7f, 0x7b, 0x5b, 0x6c, 0x50, 0x7d, 0x4d, 0x5d, 0x5c, 0x4e, 0x6b, 0x60, 0x4b, 0x61,
    0xf0, 0xf1, 0xf2, 0xf3, 0xf4, 0xf5, 0xf6, 0xf7, 0xf8, 0xf9, 0x7a, 0x5e, 0x4c, 0x7e, 0x6e, 0x6f,
    0x7c, 0xc1, 0xc2, 0xc3, 0xc4, 0xc5, 0xc6, 0xc7, 0xc8, 0xc9, 0xd1, 0xd2, 0xd3, 0xd4, 0xd5, 0xd6,
    0xd7, 0xd8, 0xd9, 0xe2, 0xe3, 0xe4, 0xe5, 0xe6, 0xe7, 0xe8, 0xe9, 0x53, 0x54, 0xb6, 0xb7, 0x6d,
    0xcc, 0x81, 0x82, 0x83, 0x84, 0x85, 0x86, 0x87, 0x88, 0x89, 0x91, 0x92, 0x93, 0x94, 0x95, 0x96,
    0x97, 0x98, 0x99, 0xa2, 0xa3, 0xa4, 0xa5, 0xa6, 0xa7, 0xa8, 0xa9, 0xce, 0x4f, 0xe1, 0xec, 0x07,
    0x20, 0x21, 0x22, 0x23, 0x24, 0x15, 0x06, 0x17, 0x28, 0x29, 0x2a, 0x2b, 0x2c, 0x09, 0x0a, 0x1b,
    0x30, 0x31, 0x1a, 0x33, 0x34, 0x35, 0x36, 0x08, 0x38, 0x39, 0x3a, 0x3b, 0x04, 0x14, 0x3e, 0xff,
    0x41, 0x79, 0x4a, 0xc0, 0xd0, 0x42, 0x6a, 0x43, 0x44, 0x45, 0x46, 0x47, 0x5f, 0xca, 0x48, 0x49,
    0xdf, 0xea, 0xeb, 0xed, 0xee, 0xef, 0xfb, 0xfc, 0xfd, 0xfe, 0x51, 0x52, 0x55, 0x56, 0x57, 0x58,
    0x59, 0x62, 0x63, 0x64, 0x65, 0x66, 0x67, 0x68, 0x69, 0x70, 0x71, 0x72, 0x73, 0x74, 0x75, 0x76,
    0x77, 0x78, 0x80, 0x8a, 0x8b, 0x8c, 0x8d, 0xe0, 0x8e, 0x8f, 0x90, 0x9a, 0x9b, 0x9c, 0x9d, 0x9e,
    0x9f, 0xa0, 0xaa, 0xab, 0xac, 0xad, 0xae, 0xaf, 0xb0, 0xb1, 0xb2, 0xb3, 0xb4, 0xb5, 0xb8, 0xb9,
    0xba, 0xbb, 0xbc, 0xbd, 0xbe, 0xbf, 0xcb, 0xa1, 0xcd, 0xcf, 0xda, 0xdb, 0xdc, 0xdd, 0xde, 0xfa,
];

pub static IBM420_TO_1008: [u8; 256] = [
    0x00, 0x01, 0x02, 0x03, 0x9c, 0x09, 0x86, 0x7f, 0x97, 0x8d, 0x8e, 0x0b, 0x0c, 0x0d, 0x0e, 0x0f,
    0x10, 0x11, 0x12, 0x13, 0x9d, 0x85, 0x08, 0x87, 0x18, 0x19, 0x92, 0x8f, 0x1c, 0x1d, 0x1e, 0x1f,
    0x80, 0x81, 0x82, 0x83, 0x84, 0x0a, 0x17, 0x1b, 0x88, 0x89, 0x8a, 0x8b, 0x8c, 0x05, 0x06, 0x07,
    0x90, 0x91, 0x16, 0x93, 0x94, 0x95, 0x96, 0x04, 0x98, 0x99, 0x9a, 0x9b, 0x14, 0x15, 0x9e, 0x1a,
    0x20, 0xa0, 0xa5, 0xa7, 0xa8, 0xa9, 0xaa, 0xab, 0xae, 0xaf, 0xa2, 0x2e, 0x3c, 0x28, 0x2b, 0x7c,
    0x26, 0xba, 0xbb, 0x5b, 0x5c, 0xbc, 0xbd, 0xbe, 0xbf, 0xc0, 0x21, 0x24, 0x2a, 0x29, 0x3b, 0xac,
    0x2d, 0x2f, 0xc1, 0xc2, 0xc3, 0xc4, 0xc5, 0xc6, 0xc7, 0xc8, 0xa6, 0x2c, 0x25, 0x5f, 0x3e, 0x3f,
    0xc9, 0xca, 0xcb, 0xcc, 0xcd, 0xce, 0xcf, 0xd0, 0xd1, 0xa1, 0x3a, 0x23, 0x40, 0x27, 0x3d, 0x22,
    0xd2, 0x61, 0x62, 0x63, 0x64, 0x65, 0x66, 0x67, 0x68, 0x69, 0xd3, 0xd4, 0xd5, 0xd6, 0xd8, 0xd9,
    0xda, 0x6a, 0x6b, 0x6c, 0x6d, 0x6e, 0x6f, 0x70, 0x71, 0x72, 0xdb, 0xdc, 0xdd, 0xde, 0xdf, 0xe0,
    0xe1, 0xf7, 0x73, 0x74, 0x75, 0x76, 0x77, 0x78, 0x79, 0x7a, 0xe2, 0xe3, 0xe4, 0xe5, 0xe6, 0xe7,
    0xe8, 0xe9, 0xea, 0xeb, 0xec, 0xed, 0x5d, 0x5e, 0xee, 0xef, 0xf0, 0xf1, 0xf2, 0xf3, 0xf4, 0xf5,
    0xa3, 0x41, 0x42, 0x43, 0x44, 0x45, 0x46, 0x47, 0x48, 0x49, 0xad, 0xf6, 0x60, 0xf8, 0x7b, 0xf9,
    0xa4, 0x4a, 0x4b, 0x4c, 0x4d, 0x4e, 0x4f, 0x50, 0x51, 0x52, 0xfa, 0xfb, 0xfc, 0xfd, 0xfe, 0xb0,
    0xd7, 0x7d, 0x53, 0x54, 0x55, 0x56, 0x57, 0x58, 0x59, 0x5a, 0xb1, 0xb2, 0x7e, 0xb3, 0xb4, 0xb5,
    0x30, 0x31, 0x32, 0x33, 0x34, 0x35, 0x36, 0x37, 0x38, 0x39, 0xff, 0xb6, 0xb7, 0xb8, 0xb9, 0x9f,
];

