use crate::mb::{Mb, Set};

pub static D0: [u16; 256] = [
    0xfffe, 0x0001, 0x0002, 0x0003, 0x0004, 0x0005, 0x0006, 0x0007, 0x0008, 0x0009, 0x000a, 0x000b, 0x000c, 0x000d, 0x000e, 0x000f,
    0x0010, 0x0011, 0x0012, 0x0013, 0x0014, 0x0015, 0x0016, 0x0017, 0x0018, 0x0019, 0x001a, 0x001b, 0x001c, 0x001d, 0x001e, 0x001f,
    0x0020, 0x0021, 0x0022, 0x0023, 0x0024, 0x0025, 0x0026, 0x0027, 0x0028, 0x0029, 0x002a, 0x002b, 0x002c, 0x002d, 0x002e, 0x002f,
    0x0030, 0x0031, 0x0032, 0x0033, 0x0034, 0x0035, 0x0036, 0x0037, 0x0038, 0x0039, 0x003a, 0x003b, 0x003c, 0x003d, 0x003e, 0x003f,
    0x0040, 0x0041, 0x0042, 0x0043, 0x0044, 0x0045, 0x0046, 0x0047, 0x0048, 0x0049, 0x004a, 0x004b, 0x004c, 0x004d, 0x004e, 0x004f,
    0x0050, 0x0051, 0x0052, 0x0053, 0x0054, 0x0055, 0x0056, 0x0057, 0x0058, 0x0059, 0x005a, 0x005b, 0x005c, 0x005d, 0x005e, 0x005f,
    0x0060, 0x0061, 0x0062, 0x0063, 0x0064, 0x0065, 0x0066, 0x0067, 0x0068, 0x0069, 0x006a, 0x006b, 0x006c, 0x006d, 0x006e, 0x006f,
    0x0070, 0x0071, 0x0072, 0x0073, 0x0074, 0x0075, 0x0076, 0x0077, 0x0078, 0x0079, 0x007a, 0x007b, 0x007c, 0x007d, 0x007e, 0x007f,
    0x0080, 0x0081, 0x0082, 0x0083, 0x0084, 0x0085, 0x0086, 0x0087, 0x0088, 0x0089, 0x008a, 0x008b, 0x008c, 0x008d, 0x008e, 0x008f,
    0x0090, 0x0091, 0x0092, 0x0093, 0x0094, 0x0095, 0x0096, 0x0097, 0x0098, 0x0099, 0x009a, 0x009b, 0x009c, 0x009d, 0x009e, 0x009f,
    0x0000, 0x0000, 0x0000, 0x0000, 0x0000, 0x0000, 0x0000, 0x0000, 0x0000, 0x0000, 0x0000, 0x0000, 0x0000, 0x0000, 0x0000, 0x0000,
    0x0000, 0x0000, 0x0000, 0x0000, 0x0000, 0x0000, 0x0000, 0x0000, 0x0000, 0x0000, 0x0000, 0x0000, 0x0000, 0x0000, 0x0000, 0x0000,
    0x0000, 0x0000, 0x0000, 0x0000, 0x0000, 0x0000, 0x0000, 0x0000, 0x0000, 0x0000, 0x0000, 0x0000, 0x0000, 0x0000, 0x0000, 0x0000,
    0x0000, 0x0000, 0x0000, 0x0000, 0x0000, 0x0000, 0x0000, 0x0000, 0x0000, 0x0000, 0x0000, 0x0000, 0x0000, 0x0000, 0x0000, 0x0000,
    0x0000, 0x0000, 0x0000, 0x0000, 0x0000, 0x0000, 0x0000, 0x0000, 0x0000, 0x0000, 0x0000, 0x0000, 0x0000, 0x0000, 0x0000, 0x0000,
    0x0000, 0x0000, 0x0000, 0x0000, 0x0000, 0x0000, 0x0000, 0x0000, 0x0000, 0x0000, 0x0000, 0x0000, 0x0000, 0x0000, 0x0000, 0x0000,
];
pub static D1: [u16; 8836] = [
    0x3000, 0x3001, 0x3002, 0x00b7, 0x2025, 0x2026, 0x00a8, 0x3003, 0x00ad, 0x2015, 0x2225, 0xff3c, 0x223c, 0x2018, 0x2019, 0x201c,
    0x201d, 0x3014, 0x3015, 0x3008, 0x3009, 0x300a, 0x300b, 0x300c, 0x300d, 0x300e, 0x300f, 0x3010, 0x3011, 0x00b1, 0x00d7, 0x00f7,
    0x2260, 0x2264, 0x2265, 0x221e, 0x2234, 0x00b0, 0x2032, 0x2033, 0x2103, 0x212b, 0xffe0, 0xffe1, 0xffe5, 0x2642, 0x2640, 0x2220,
    0x22a5, 0x2312, 0x2202, 0x2207, 0x2261, 0x2252, 0x00a7, 0x203b, 0x2606, 0x2605, 0x25cb, 0x25cf, 0x25ce, 0x25c7, 0x25c6, 0x25a1,
    0x25a0, 0x25b3, 0x25b2, 0x25bd, 0x25bc, 0x2192, 0x2190, 0x2191, 0x2193, 0x2194, 0x3013, 0x226a, 0x226b, 0x221a, 0x223d, 0x221d,
    0x2235, 0x222b, 0x222c, 0x2208, 0x220b, 0x2286, 0x2287, 0x2282, 0x2283, 0x222a, 0x2229, 0x2227, 0x2228, 0xffe2, 0x21d2, 0x21d4,
    0x2200, 0x2203, 0x00b4, 0xff5e, 0x02c7, 0x02d8, 0x02dd, 0x02da, 0x02d9, 0x00b8, 0x02db, 0x00a1, 0x00bf, 0x02d0, 0x222e, 0x2211,
    0x220f, 0x00a4, 0x2109, 0x2030, 0x25c1, 0x25c0, 0x25b7, 0x25b6, 0x2664, 0x2660, 0x2661, 0x2665, 0x2667, 0x2663, 0x2299, 0x25c8,
    0x25a3, 0x25d0, 0x25d1, 0x2592, 0x25a4, 0x25a5, 0x25a8, 0x25a7, 0x25a6, 0x25a9, 0x2668, 0x260f, 0x260e, 0x261c, 0x261e, 0x00b6,
    0x2020, 0x2021, 0x2195, 0x2197, 0x2199, 0x2196, 0x2198, 0x266d, 0x2669, 0x266a, 0x266c, 0x327f, 0x321c, 0x2116, 0x33c7, 0x2122,
    0x33c2, 0x33d8, 0x2121, 0x20ac, 0x00ae, 0x327e, 0x0000, 0x0000, 0x0000, 0x0000, 0x0000, 0x0000, 0x0000, 0x0000, 0x0000, 0x0000,
    0x0000, 0x0000, 0x0000, 0x0000, 0x0000, 0x0000, 0x0000, 0x0000, 0x0000, 0x0000, 0x0000, 0x0000, 0xff01, 0xff02, 0xff03, 0xff04,
    0xff05, 0xff06, 0xff07, 0xff08, 0xff09, 0xff0a, 0xff0b, 0xff0c, 0xff0d, 0xff0e, 0xff0f, 0xff10, 0xff11, 0xff12, 0xff13, 0xff14,
    0xff15, 0xff16, 0xff17, 0xff18, 0xff19, 0xff1a, 0xff1b, 0xff1c, 0xff1d, 0xff1e, 0xff1f, 0xff20, 0xff21, 0xff22, 0xff23, 0xff24,
    0xff25, 0xff26, 0xff27, 0xff28, 0xff29, 0xff2a, 0xff2b, 0xff2c, 0xff2d, 0xff2e, 0xff2f, 0xff30, 0xff31, 0xff32, 0xff33, 0xff34,
    0xff35, 0xff36, 0xff37, 0xff38, 0xff39, 0xff3a, 0xff3b, 0xffe6, 0xff3d, 0xff3e, 0xff3f, 0xff40, 0xff41, 0xff42, 0xff43, 0xff44,
    0xff45, 0xff46, 0xff47, 0xff48, 0xff49, 0xff4a, 0xff4b, 0xff4c, 0xff4d, 0xff4e, 0xff4f, 0xff50, 0xff51, 0xff52, 0xff53, 0xff54,
    0xff55, 0xff56, 0xff57, 0xff58, 0xff59, 0xff5a, 0xff5b, 0xff5c, 0xff5d, 0xffe3, 0x3131, 0x3132, 0x3133, 0x3134, 0x3135, 0x3136,
    0x3137, 0x3138, 0x3139, 0x313a, 0x313b, 0x313c, 0x313d, 0x313e, 0x313f, 0x3140, 0x3141, 0x3142, 0x3143, 0x3144, 0x3145, 0x3146,
    0x3147, 0x3148, 0x3149, 0x314a, 0x314b, 0x314c, 0x314d, 0x314e, 0x314f, 0x3150, 0x3151, 0x3152, 0x3153, 0x3154, 0x3155, 0x3156,
    0x3157, 0x3158, 0x3159, 0x315a, 0x315b, 0x315c, 0x315d, 0x315e, 0x315f, 0x3160, 0x3161, 0x3162, 0x3163, 0x3164, 0x3165, 0x3166,
    0x3167, 0x3168, 0x3169, 0x316a, 0x316b, 0x316c, 0x316d, 0x316e, 0x316f, 0x3170, 0x3171, 0x3172, 0x3173, 0x3174, 0x3175, 0x3176,
    0x3177, 0x3178, 0x3179, 0x317a, 0x317b, 0x317c, 0x317d, 0x317e, 0x317f, 0x3180, 0x3181, 0x3182, 0x3183, 0x3184, 0x3185, 0x3186,
    0x3187, 0x3188, 0x3189, 0x318a, 0x318b, 0x318c, 0x318d, 0x318e, 0x2170, 0x2171, 0x2172, 0x2173, 0x2174, 0x2175, 0x2176, 0x2177,
    0x2178, 0x2179, 0x0000, 0x0000, 0x0000, 0x0000, 0x0000, 0x2160, 0x2161, 0x2162, 0x2163, 0x2164, 0x2165, 0x2166, 0x2167, 0x2168,
    0x2169, 0x0000, 0x0000, 0x0000, 0x0000, 0x0000, 0x0000, 0x0000, 0x0391, 0x0392, 0x0393, 0x0394, 0x0395, 0x0396, 0x0397, 0x0398,
    0x0399, 0x039a, 0x039b, 0x039c, 0x039d, 0x039e, 0x039f, 0x03a0, 0x03a1, 0x03a3, 0x03a4, 0x03a5, 0x03a6, 0x03a7, 0x03a8, 0x03a9,
    0x0000, 0x0000, 0x0000, 0x0000, 0x0000, 0x0000, 0x0000, 0x0000, 0x03b1, 0x03b2, 0x03b3, 0x03b4, 0x03b5, 0x03b6, 0x03b7, 0x03b8,
    0x03b9, 0x03ba, 0x03bb, 0x03bc, 0x03bd, 0x03be, 0x03bf, 0x03c0, 0x03c1, 0x03c3, 0x03c4, 0x03c5, 0x03c6, 0x03c7, 0x03c8, 0x03c9,
    0x0000, 0x0000, 0x0000, 0x0000, 0x0000, 0x0000, 0x2500, 0x2502, 0x250c, 0x2510, 0x2518, 0x2514, 0x251c, 0x252c, 0x2524, 0x2534,
    0x253c, 0x2501, 0x2503, 0x250f, 0x2513, 0x251b, 0x2517, 0x2523, 0x2533, 0x252b, 0x253b, 0x254b, 0x2520, 0x252f, 0x2528, 0x2537,
    0x253f, 0x251d, 0x2530, 0x2525, 0x2538, 0x2542, 0x2512, 0x2511, 0x251a, 0x2519, 0x2516, 0x2515, 0x250e, 0x250d, 0x251e, 0x251f,
    0x2521, 0x2522, 0x2526, 0x2527, 0x2529, 0x252a, 0x252d, 0x252e, 0x2531, 0x2532, 0x2535, 0x2536, 0x2539, 0x253a, 0x253d, 0x253e,
    0x2540, 0x2541, 0x2543, 0x2544, 0x2545, 0x2546, 0x2547, 0x2548, 0x2549, 0x254a, 0x0000, 0x0000, 0x0000, 0x0000, 0x0000, 0x0000,
    0x0000, 0x0000, 0x0000, 0x0000, 0x0000, 0x0000, 0x0000, 0x0000, 0x0000, 0x0000, 0x0000, 0x0000, 0x0000, 0x0000, 0x0000, 0x0000,
    0x0000, 0x0000, 0x0000, 0x0000, 0x3395, 0x3396, 0x3397, 0x2113, 0x3398, 0x33c4, 0x33a3, 0x33a4, 0x33a5, 0x33a6, 0x3399, 0x339a,
    0x339b, 0x339c, 0x339d, 0x339e, 0x339f, 0x33a0, 0x33a1, 0x33a2, 0x33ca, 0x338d, 0x338e, 0x338f, 0x33cf, 0x3388, 0x3389, 0x33c8,
    0x33a7, 0x33a8, 0x33b0, 0x33b1, 0x33b2, 0x33b3, 0x33b4, 0x33b5, 0x33b6, 0x33b7, 0x33b8, 0x33b9, 0x3380, 0x3381, 0x3382, 0x3383,
    0x3384, 0x33ba, 0x33bb, 0x33bc, 0x33bd, 0x33be, 0x33bf, 0x3390, 0x3391, 0x3392, 0x3393, 0x3394, 0x2126, 0x33c0, 0x33c1, 0x338a,
    0x338b, 0x338c, 0x33d6, 0x33c5, 0x33ad, 0x33ae, 0x33af, 0x33db, 0x33a9, 0x33aa, 0x33ab, 0x33ac, 0x33dd, 0x33d0, 0x33d3, 0x33c3,
    0x33c9, 0x33dc, 0x33c6, 0x0000, 0x0000, 0x0000, 0x0000, 0x0000, 0x0000, 0x0000, 0x0000, 0x0000, 0x0000, 0x0000, 0x0000, 0x0000,
    0x0000, 0x0000, 0x00c6, 0x00d0, 0x00aa, 0x0126, 0x0000, 0x0132, 0x0000, 0x013f, 0x0141, 0x00d8, 0x0152, 0x00ba, 0x00de, 0x0166,
    0x014a, 0x0000, 0x3260, 0x3261, 0x3262, 0x3263, 0x3264, 0x3265, 0x3266, 0x3267, 0x3268, 0x3269, 0x326a, 0x326b, 0x326c, 0x326d,
    0x326e, 0x326f, 0x3270, 0x3271, 0x3272, 0x3273, 0x3274, 0x3275, 0x3276, 0x3277, 0x3278, 0x3279, 0x327a, 0x327b, 0x24d0, 0x24d1,
    0x24d2, 0x24d3, 0x24d4, 0x24d5, 0x24d6, 0x24d7, 0x24d8, 0x24d9, 0x24da, 0x24db, 0x24dc, 0x24dd, 0x24de, 0x24df, 0x24e0, 0x24e1,
    0x24e2, 0x24e3, 0x24e4, 0x24e5, 0x24e6, 0x24e7, 0x24e8, 0x24e9, 0x2460, 0x2461, 0x2462, 0x2463, 0x2464, 0x2465, 0x2466, 0x2467,
    0x2468, 0x2469, 0x246a, 0x246b, 0x246c, 0x246d, 0x246e, 0x00bd, 0x2153, 0x2154, 0x00bc, 0x00be, 0x215b, 0x215c, 0x215d, 0x215e,
    0x00e6, 0x0111, 0x00f0, 0x0127, 0x0131, 0x0133, 0x0138, 0x0140, 0x0142, 0x00f8, 0x0153, 0x00df, 0x00fe, 0x0167, 0x014b, 0x0149,
    0x3200, 0x3201, 0x3202, 0x3203, 0x3204, 0x3205, 0x3206, 0x3207, 0x3208, 0x3209, 0x320a, 0x320b, 0x320c, 0x320d, 0x320e, 0x320f,
    0x3210, 0x3211, 0x3212, 0x3213, 0x3214, 0x3215, 0x3216, 0x3217, 0x3218, 0x3219, 0x321a, 0x321b, 0x249c, 0x249d, 0x249e, 0x249f,
    0x24a0, 0x24a1, 0x24a2, 0x24a3, 0x24a4, 0x24a5, 0x24a6, 0x24a7, 0x24a8, 0x24a9, 0x24aa, 0x24ab, 0x24ac, 0x24ad, 0x24ae, 0x24af,
    0x24b0, 0x24b1, 0x24b2, 0x24b3, 0x24b4, 0x24b5, 0x2474, 0x2475, 0x2476, 0x2477, 0x2478, 0x2479, 0x247a, 0x247b, 0x247c, 0x247d,
    0x247e, 0x247f, 0x2480, 0x2481, 0x2482, 0x00b9, 0x00b2, 0x00b3, 0x2074, 0x207f, 0x2081, 0x2082, 0x2083, 0x2084, 0x3041, 0x3042,
    0x3043, 0x3044, 0x3045, 0x3046, 0x3047, 0x3048, 0x3049, 0x304a, 0x304b, 0x304c, 0x304d, 0x304e, 0x304f, 0x3050, 0x3051, 0x3052,
    0x3053, 0x3054, 0x3055, 0x3056, 0x3057, 0x3058, 0x3059, 0x305a, 0x305b, 0x305c, 0x305d, 0x305e, 0x305f, 0x3060, 0x3061, 0x3062,
    0x3063, 0x3064, 0x3065, 0x3066, 0x3067, 0x3068, 0x3069, 0x306a, 0x306b, 0x306c, 0x306d, 0x306e, 0x306f, 0x3070, 0x3071, 0x3072,
    0x3073, 0x3074, 0x3075, 0x3076, 0x3077, 0x3078, 0x3079, 0x307a, 0x307b, 0x307c, 0x307d, 0x307e, 0x307f, 0x3080, 0x3081, 0x3082,
    0x3083, 0x3084, 0x3085, 0x3086, 0x3087, 0x3088, 0x3089, 0x308a, 0x308b, 0x308c, 0x308d, 0x308e, 0x308f, 0x3090, 0x3091, 0x3092,
    0x3093, 0x0000, 0x0000, 0x0000, 0x0000, 0x0000, 0x0000, 0x0000, 0x0000, 0x0000, 0x0000, 0x0000, 0x30a1, 0x30a2, 0x30a3, 0x30a4,
    0x30a5, 0x30a6, 0x30a7, 0x30a8, 0x30a9, 0x30aa, 0x30ab, 0x30ac, 0x30ad, 0x30ae, 0x30af, 0x30b0, 0x30b1, 0x30b2, 0x30b3, 0x30b4,
    0x30b5, 0x30b6, 0x30b7, 0x30b8, 0x30b9, 0x30ba, 0x30bb, 0x30bc, 0x30bd, 0x30be, 0x30bf, 0x30c0, 0x30c1, 0x30c2, 0x30c3, 0x30c4,
    0x30c5, 0x30c6, 0x30c7, 0x30c8, 0x30c9, 0x30ca, 0x30cb, 0x30cc, 0x30cd, 0x30ce, 0x30cf, 0x30d0, 0x30d1, 0x30d2, 0x30d3, 0x30d4,
    0x30d5, 0x30d6, 0x30d7, 0x30d8, 0x30d9, 0x30da, 0x30db, 0x30dc, 0x30dd, 0x30de, 0x30df, 0x30e0, 0x30e1, 0x30e2, 0x30e3, 0x30e4,
    0x30e5, 0x30e6, 0x30e7, 0x30e8, 0x30e9, 0x30ea, 0x30eb, 0x30ec, 0x30ed, 0x30ee, 0x30ef, 0x30f0, 0x30f1, 0x30f2, 0x30f3, 0x30f4,
    0x30f5, 0x30f6, 0x0000, 0x0000, 0x0000, 0x0000, 0x0000, 0x0000, 0x0000, 0x0000, 0x0410, 0x0411, 0x0412, 0x0413, 0x0414, 0x0415,
    0x0401, 0x0416, 0x0417, 0x0418, 0x0419, 0x041a, 0x041b, 0x041c, 0x041d, 0x041e, 0x041f, 0x0420, 0x0421, 0x0422, 0x0423, 0x0424,
    0x0425, 0x0426, 0x0427, 0x0428, 0x0429, 0x042a, 0x042b, 0x042c, 0x042d, 0x042e, 0x042f, 0x0000, 0x0000, 0x0000, 0x0000, 0x0000,
    0x0000, 0x0000, 0x0000, 0x0000, 0x0000, 0x0000, 0x0000, 0x0000, 0x0000, 0x0000, 0x0430, 0x0431, 0x0432, 0x0433, 0x0434, 0x0435,
    0x0451, 0x0436, 0x0437, 0x0438, 0x0439, 0x043a, 0x043b, 0x043c, 0x043d, 0x043e, 0x043f, 0x0440, 0x0441, 0x0442, 0x0443, 0x0444,
    0x0445, 0x0446, 0x0447, 0x0448, 0x0449, 0x044a, 0x044b, 0x044c, 0x044d, 0x044e, 0x044f, 0x0000, 0x0000, 0x0000, 0x0000, 0x0000,
    0x0000, 0x0000, 0x0000, 0x0000, 0x0000, 0x0000, 0x0000, 0x0000, 0x0000, 0x0000, 0x0000, 0x0000, 0x0000, 0x0000, 0x0000, 0x0000,
    0x0000, 0x0000, 0x0000, 0x0000, 0x0000, 0x0000, 0x0000, 0x0000, 0x0000, 0x0000, 0x0000, 0x0000, 0x0000, 0x0000, 0x0000, 0x0000,
    0x0000, 0x0000, 0x0000, 0x0000, 0x0000, 0x0000, 0x0000, 0x0000, 0x0000, 0x0000, 0x0000, 0x0000, 0x0000, 0x0000, 0x0000, 0x0000,
    0x0000, 0x0000, 0x0000, 0x0000, 0x0000, 0x0000, 0x0000, 0x0000, 0x0000, 0x0000, 0x0000, 0x0000, 0x0000, 0x0000, 0x0000, 0x0000,
    0x0000, 0x0000, 0x0000, 0x0000, 0x0000, 0x0000, 0x0000, 0x0000, 0x0000, 0x0000, 0x0000, 0x0000, 0x0000, 0x0000, 0x0000, 0x0000,
    0x0000, 0x0000, 0x0000, 0x0000, 0x0000, 0x0000, 0x0000, 0x0000, 0x0000, 0x0000, 0x0000, 0x0000, 0x0000, 0x0000, 0x0000, 0x0000,
    0x0000, 0x0000, 0x0000, 0x0000, 0x0000, 0x0000, 0x0000, 0x0000, 0x0000, 0x0000, 0x0000, 0x0000, 0x0000, 0x0000, 0x0000, 0x0000,
    0x0000, 0x0000, 0x0000, 0x0000, 0x0000, 0x0000, 0x0000, 0x0000, 0x0000, 0x0000, 0x0000, 0x0000, 0x0000, 0x0000, 0x0000, 0x0000,
    0x0000, 0x0000, 0x0000, 0x0000, 0x0000, 0x0000, 0x0000, 0x0000, 0x0000, 0x0000, 0x0000, 0x0000, 0x0000, 0x0000, 0x0000, 0x0000,
    0x0000, 0x0000, 0x0000, 0x0000, 0x0000, 0x0000, 0x0000, 0x0000, 0x0000, 0x0000, 0x0000, 0x0000, 0x0000, 0x0000, 0x0000, 0x0000,
    0x0000, 0x0000, 0x0000, 0x0000, 0x0000, 0x0000, 0x0000, 0x0000, 0x0000, 0x0000, 0x0000, 0x0000, 0x0000, 0x0000, 0x0000, 0x0000,
    0x0000, 0x0000, 0x0000, 0x0000, 0x0000, 0x0000, 0x0000, 0x0000, 0x0000, 0x0000, 0x0000, 0x0000, 0x0000, 0x0000, 0x0000, 0x0000,
    0x0000, 0x0000, 0x0000, 0x0000, 0x0000, 0x0000, 0x0000, 0x0000, 0x0000, 0x0000, 0x0000, 0x0000, 0x0000, 0x0000, 0x0000, 0x0000,
    0x0000, 0x0000, 0x0000, 0x0000, 0x0000, 0x0000, 0x0000, 0x0000, 0x0000, 0x0000, 0x0000, 0x0000, 0x0000, 0x0000, 0x0000, 0x0000,
    0x0000, 0x0000, 0x0000, 0x0000, 0x0000, 0x0000, 0x0000, 0x0000, 0x0000, 0x0000, 0x0000, 0x0000, 0x0000, 0x0000, 0x0000, 0x0000,
    0x0000, 0x0000, 0x0000, 0x0000, 0x0000, 0x0000, 0x0000, 0x0000, 0x0000, 0x0000, 0x0000, 0x0000, 0x0000, 0x0000, 0x0000, 0x0000,
    0x0000, 0x0000, 0x0000, 0x0000, 0x0000, 0x0000, 0x0000, 0x0000, 0x0000, 0x0000, 0x0000, 0x0000, 0x0000, 0x0000, 0x0000, 0x0000,
    0x0000, 0x0000, 0x0000, 0x0000, 0x0000, 0x0000, 0x0000, 0x0000, 0x0000, 0x0000, 0x0000, 0x0000, 0x0000, 0x0000, 0x0000, 0x0000,
    0x0000, 0x0000, 0xac00, 0xac01, 0xac04, 0xac07, 0xac08, 0xac09, 0xac0a, 0xac10, 0xac11, 0xac12, 0xac13, 0xac14, 0xac15, 0xac16,
    0xac17, 0xac19, 0xac1a, 0xac1b, 0xac1c, 0xac1d, 0xac20, 0xac24, 0xac2c, 0xac2d, 0xac2f, 0xac30, 0xac31, 0xac38, 0xac39, 0xac3c,
    0xac40, 0xac4b, 0xac4d, 0xac54, 0xac58, 0xac5c, 0xac70, 0xac71, 0xac74, 0xac77, 0xac78, 0xac7a, 0xac80, 0xac81, 0xac83, 0xac84,
    0xac85, 0xac86, 0xac89, 0xac8a, 0xac8b, 0xac8c, 0xac90, 0xac94, 0xac9c, 0xac9d, 0xac9f, 0xaca0, 0xaca1, 0xaca8, 0xaca9, 0xacaa,
    0xacac, 0xacaf, 0xacb0, 0xacb8, 0xacb9, 0xacbb, 0xacbc, 0xacbd, 0xacc1, 0xacc4, 0xacc8, 0xaccc, 0xacd5, 0xacd7, 0xace0, 0xace1,
    0xace4, 0xace7, 0xace8, 0xacea, 0xacec, 0xacef, 0xacf0, 0xacf1, 0xacf3, 0xacf5, 0xacf6, 0xacfc, 0xacfd, 0xad00, 0xad04, 0xad06,
    0xad0c, 0xad0d, 0xad0f, 0xad11, 0xad18, 0xad1c, 0xad20, 0xad29, 0xad2c, 0xad2d, 0xad34, 0xad35, 0xad38, 0xad3c, 0xad44, 0xad45,
    0xad47, 0xad49, 0xad50, 0xad54, 0xad58, 0xad61, 0xad63, 0xad6c, 0xad6d, 0xad70, 0xad73, 0xad74, 0xad75, 0xad76, 0xad7b, 0xad7c,
    0xad7d, 0xad7f, 0xad81, 0xad82, 0xad88, 0xad89, 0xad8c, 0xad90, 0xad9c, 0xad9d, 0xada4, 0xadb7, 0xadc0, 0xadc1, 0xadc4, 0xadc8,
    0xadd0, 0xadd1, 0xadd3, 0xaddc, 0xade0, 0xade4, 0xadf8, 0xadf9, 0xadfc, 0xadff, 0xae00, 0xae01, 0xae08, 0xae09, 0xae0b, 0xae0d,
    0xae14, 0xae30, 0xae31, 0xae34, 0xae37, 0xae38, 0xae3a, 0xae40, 0xae41, 0xae43, 0xae45, 0xae46, 0xae4a, 0xae4c, 0xae4d, 0xae4e,
    0xae50, 0xae54, 0xae56, 0xae5c, 0xae5d, 0xae5f, 0xae60, 0xae61, 0xae65, 0xae68, 0xae69, 0xae6c, 0xae70, 0xae78, 0xae79, 0xae7b,
    0xae7c, 0xae7d, 0xae84, 0xae85, 0xae8c, 0xaebc, 0xaebd, 0xaebe, 0xaec0, 0xaec4, 0xaecc, 0xaecd, 0xaecf, 0xaed0, 0xaed1, 0xaed8,
    0xaed9, 0xaedc, 0xaee8, 0xaeeb, 0xaeed, 0xaef4, 0xaef8, 0xaefc, 0xaf07, 0xaf08, 0xaf0d, 0xaf10, 0xaf2c, 0xaf2d, 0xaf30, 0xaf32,
    0xaf34, 0xaf3c, 0xaf3d, 0xaf3f, 0xaf41, 0xaf42, 0xaf43, 0xaf48, 0xaf49, 0xaf50, 0xaf5c, 0xaf5d, 0xaf64, 0xaf65, 0xaf79, 0xaf80,
    0xaf84, 0xaf88, 0xaf90, 0xaf91, 0xaf95, 0xaf9c, 0xafb8, 0xafb9, 0xafbc, 0xafc0, 0xafc7, 0xafc8, 0xafc9, 0xafcb, 0xafcd, 0xafce,
    0xafd4, 0xafdc, 0xafe8, 0xafe9, 0xaff0, 0xaff1, 0xaff4, 0xaff8, 0xb000, 0xb001, 0xb004, 0xb00c, 0xb010, 0xb014, 0xb01c, 0xb01d,
    0xb028, 0xb044, 0xb045, 0xb048, 0xb04a, 0xb04c, 0xb04e, 0xb053, 0xb054, 0xb055, 0xb057, 0xb059, 0xb05d, 0xb07c, 0xb07d, 0xb080,
    0xb084, 0xb08c, 0xb08d, 0xb08f, 0xb091, 0xb098, 0xb099, 0xb09a, 0xb09c, 0xb09f, 0xb0a0, 0xb0a1, 0xb0a2, 0xb0a8, 0xb0a9, 0xb0ab,
    0xb0ac, 0xb0ad, 0xb0ae, 0xb0af, 0xb0b1, 0xb0b3, 0xb0b4, 0xb0b5, 0xb0b8, 0xb0bc, 0xb0c4, 0xb0c5, 0xb0c7, 0xb0c8, 0xb0c9, 0xb0d0,
    0xb0d1, 0xb0d4, 0xb0d8, 0xb0e0, 0xb0e5, 0xb108, 0xb109, 0xb10b, 0xb10c, 0xb110, 0xb112, 0xb113, 0xb118, 0xb119, 0xb11b, 0xb11c,
    0xb11d, 0xb123, 0xb124, 0xb125, 0xb128, 0xb12c, 0xb134, 0xb135, 0xb137, 0xb138, 0xb139, 0xb140, 0xb141, 0xb144, 0xb148, 0xb150,
    0xb151, 0xb154, 0xb155, 0xb158, 0xb15c, 0xb160, 0xb178, 0xb179, 0xb17c, 0xb180, 0xb182, 0xb188, 0xb189, 0xb18b, 0xb18d, 0xb192,
    0xb193, 0xb194, 0xb198, 0xb19c, 0xb1a8, 0xb1cc, 0xb1d0, 0xb1d4, 0xb1dc, 0xb1dd, 0xb1df, 0xb1e8, 0xb1e9, 0xb1ec, 0xb1f0, 0xb1f9,
    0xb1fb, 0xb1fd, 0xb204, 0xb205, 0xb208, 0xb20b, 0xb20c, 0xb214, 0xb215, 0xb217, 0xb219, 0xb220, 0xb234, 0xb23c, 0xb258, 0xb25c,
    0xb260, 0xb268, 0xb269, 0xb274, 0xb275, 0xb27c, 0xb284, 0xb285, 0xb289, 0xb290, 0xb291, 0xb294, 0xb298, 0xb299, 0xb29a, 0xb2a0,
    0xb2a1, 0xb2a3, 0xb2a5, 0xb2a6, 0xb2aa, 0xb2ac, 0xb2b0, 0xb2b4, 0xb2c8, 0xb2c9, 0xb2cc, 0xb2d0, 0xb2d2, 0xb2d8, 0xb2d9, 0xb2db,
    0xb2dd, 0xb2e2, 0xb2e4, 0xb2e5, 0xb2e6, 0xb2e8, 0xb2eb, 0xb2ec, 0xb2ed, 0xb2ee, 0xb2ef, 0xb2f3, 0xb2f4, 0xb2f5, 0xb2f7, 0xb2f8,
    0xb2f9, 0xb2fa, 0xb2fb, 0xb2ff, 0xb300, 0xb301, 0xb304, 0xb308, 0xb310, 0xb311, 0xb313, 0xb314, 0xb315, 0xb31c, 0xb354, 0xb355,
    0xb356, 0xb358, 0xb35b, 0xb35c, 0xb35e, 0xb35f, 0xb364, 0xb365, 0xb367, 0xb369, 0xb36b, 0xb36e, 0xb370, 0xb371, 0xb374, 0xb378,
    0xb380, 0xb381, 0xb383, 0xb384, 0xb385, 0xb38c, 0xb390, 0xb394, 0xb3a0, 0xb3a1, 0xb3a8, 0xb3ac, 0xb3c4, 0xb3c5, 0xb3c8, 0xb3cb,
    0xb3cc, 0xb3ce, 0xb3d0, 0xb3d4, 0xb3d5, 0xb3d7, 0xb3d9, 0xb3db, 0xb3dd, 0xb3e0, 0xb3e4, 0xb3e8, 0xb3fc, 0xb410, 0xb418, 0xb41c,
    0xb420, 0xb428, 0xb429, 0xb42b, 0xb434, 0xb450, 0xb451, 0xb454, 0xb458, 0xb460, 0xb461, 0xb463, 0xb465, 0xb46c, 0xb480, 0xb488,
    0xb49d, 0xb4a4, 0xb4a8, 0xb4ac, 0xb4b5, 0xb4b7, 0xb4b9, 0xb4c0, 0xb4c4, 0xb4c8, 0xb4d0, 0xb4d5, 0xb4dc, 0xb4dd, 0xb4e0, 0xb4e3,
    0xb4e4, 0xb4e6, 0xb4ec, 0xb4ed, 0xb4ef, 0xb4f1, 0xb4f8, 0xb514, 0xb515, 0xb518, 0xb51b, 0xb51c, 0xb524, 0xb525, 0xb527, 0xb528,
    0xb529, 0xb52a, 0xb530, 0xb531, 0xb534, 0xb538, 0xb540, 0xb541, 0xb543, 0xb544, 0xb545, 0xb54b, 0xb54c, 0xb54d, 0xb550, 0xb554,
    0xb55c, 0xb55d, 0xb55f, 0xb560, 0xb561, 0xb5a0, 0xb5a1, 0xb5a4, 0xb5a8, 0xb5aa, 0xb5ab, 0xb5b0, 0xb5b1, 0xb5b3, 0xb5b4, 0xb5b5,
    0xb5bb, 0xb5bc, 0xb5bd, 0xb5c0, 0xb5c4, 0xb5cc, 0xb5cd, 0xb5cf, 0xb5d0, 0xb5d1, 0xb5d8, 0xb5ec, 0xb610, 0xb611, 0xb614, 0xb618,
    0xb625, 0xb62c, 0xb634, 0xb648, 0xb664, 0xb668, 0xb69c, 0xb69d, 0xb6a0, 0xb6a4, 0xb6ab, 0xb6ac, 0xb6b1, 0xb6d4, 0xb6f0, 0xb6f4,
    0xb6f8, 0xb700, 0xb701, 0xb705, 0xb728, 0xb729, 0xb72c, 0xb72f, 0xb730, 0xb738, 0xb739, 0xb73b, 0xb744, 0xb748, 0xb74c, 0xb754,
    0xb755, 0xb760, 0xb764, 0xb768, 0xb770, 0xb771, 0xb773, 0xb775, 0xb77c, 0xb77d, 0xb780, 0xb784, 0xb78c, 0xb78d, 0xb78f, 0xb790,
    0xb791, 0xb792, 0xb796, 0xb797, 0xb798, 0xb799, 0xb79c, 0xb7a0, 0xb7a8, 0xb7a9, 0xb7ab, 0xb7ac, 0xb7ad, 0xb7b4, 0xb7b5, 0xb7b8,
    0xb7c7, 0xb7c9, 0xb7ec, 0xb7ed, 0xb7f0, 0xb7f4, 0xb7fc, 0xb7fd, 0xb7ff, 0xb800, 0xb801, 0xb807, 0xb808, 0xb809, 0xb80c, 0xb810,
    0xb818, 0xb819, 0xb81b, 0xb81d, 0xb824, 0xb825, 0xb828, 0xb82c, 0xb834, 0xb835, 0xb837, 0xb838, 0xb839, 0xb840, 0xb844, 0xb851,
    0xb853, 0xb85c, 0xb85d, 0xb860, 0xb864, 0xb86c, 0xb86d, 0xb86f, 0xb871, 0xb878, 0xb87c, 0xb88d, 0xb8a8, 0xb8b0, 0xb8b4, 0xb8b8,
    0xb8c0, 0xb8c1, 0xb8c3, 0xb8c5, 0xb8cc, 0xb8d0, 0xb8d4, 0xb8dd, 0xb8df, 0xb8e1, 0xb8e8, 0xb8e9, 0xb8ec, 0xb8f0, 0xb8f8, 0xb8f9,
    0xb8fb, 0xb8fd, 0xb904, 0xb918, 0xb920, 0xb93c, 0xb93d, 0xb940, 0xb944, 0xb94c, 0xb94f, 0xb951, 0xb958, 0xb959, 0xb95c, 0xb960,
    0xb968, 0xb969, 0xb96b, 0xb96d, 0xb974, 0xb975, 0xb978, 0xb97c, 0xb984, 0xb985, 0xb987, 0xb989, 0xb98a, 0xb98d, 0xb98e, 0xb9ac,
    0xb9ad, 0xb9b0, 0xb9b4, 0xb9bc, 0xb9bd, 0xb9bf, 0xb9c1, 0xb9c8, 0xb9c9, 0xb9cc, 0xb9ce, 0xb9cf, 0xb9d0, 0xb9d1, 0xb9d2, 0xb9d8,
    0xb9d9, 0xb9db, 0xb9dd, 0xb9de, 0xb9e1, 0xb9e3, 0xb9e4, 0xb9e5, 0xb9e8, 0xb9ec, 0xb9f4, 0xb9f5, 0xb9f7, 0xb9f8, 0xb9f9, 0xb9fa,
    0xba00, 0xba01, 0xba08, 0xba15, 0xba38, 0xba39, 0xba3c, 0xba40, 0xba42, 0xba48, 0xba49, 0xba4b, 0xba4d, 0xba4e, 0xba53, 0xba54,
    0xba55, 0xba58, 0xba5c, 0xba64, 0xba65, 0xba67, 0xba68, 0xba69, 0xba70, 0xba71, 0xba74, 0xba78, 0xba83, 0xba84, 0xba85, 0xba87,
    0xba8c, 0xbaa8, 0xbaa9, 0xbaab, 0xbaac, 0xbab0, 0xbab2, 0xbab8, 0xbab9, 0xbabb, 0xbabd, 0xbac4, 0xbac8, 0xbad8, 0xbad9, 0xbafc,
    0xbb00, 0xbb04, 0xbb0d, 0xbb0f, 0xbb11, 0xbb18, 0xbb1c, 0xbb20, 0xbb29, 0xbb2b, 0xbb34, 0xbb35, 0xbb36, 0xbb38, 0xbb3b, 0xbb3c,
    0xbb3d, 0xbb3e, 0xbb44, 0xbb45, 0xbb47, 0xbb49, 0xbb4d, 0xbb4f, 0xbb50, 0xbb54, 0xbb58, 0xbb61, 0xbb63, 0xbb6c, 0xbb88, 0xbb8c,
    0xbb90, 0xbba4, 0xbba8, 0xbbac, 0xbbb4, 0xbbb7, 0xbbc0, 0xbbc4, 0xbbc8, 0xbbd0, 0xbbd3, 0xbbf8, 0xbbf9, 0xbbfc, 0xbbff, 0xbc00,
    0xbc02, 0xbc08, 0xbc09, 0xbc0b, 0xbc0c, 0xbc0d, 0xbc0f, 0xbc11, 0xbc14, 0xbc15, 0xbc16, 0xbc17, 0xbc18, 0xbc1b, 0xbc1c, 0xbc1d,
    0xbc1e, 0xbc1f, 0xbc24, 0xbc25, 0xbc27, 0xbc29, 0xbc2d, 0xbc30, 0xbc31, 0xbc34, 0xbc38, 0xbc40, 0xbc41, 0xbc43, 0xbc44, 0xbc45,
    0xbc49, 0xbc4c, 0xbc4d, 0xbc50, 0xbc5d, 0xbc84, 0xbc85, 0xbc88, 0xbc8b, 0xbc8c, 0xbc8e, 0xbc94, 0xbc95, 0xbc97, 0xbc99, 0xbc9a,
    0xbca0, 0xbca1, 0xbca4, 0xbca7, 0xbca8, 0xbcb0, 0xbcb1, 0xbcb3, 0xbcb4, 0xbcb5, 0xbcbc, 0xbcbd, 0xbcc0, 0xbcc4, 0xbccd, 0xbccf,
    0xbcd0, 0xbcd1, 0xbcd5, 0xbcd8, 0xbcdc, 0xbcf4, 0xbcf5, 0xbcf6, 0xbcf8, 0xbcfc, 0xbd04, 0xbd05, 0xbd07, 0xbd09, 0xbd10, 0xbd14,
    0xbd24, 0xbd2c, 0xbd40, 0xbd48, 0xbd49, 0xbd4c, 0xbd50, 0xbd58, 0xbd59, 0xbd64, 0xbd68, 0xbd80, 0xbd81, 0xbd84, 0xbd87, 0xbd88,
    0xbd89, 0xbd8a, 0xbd90, 0xbd91, 0xbd93, 0xbd95, 0xbd99, 0xbd9a, 0xbd9c, 0xbda4, 0xbdb0, 0xbdb8, 0xbdd4, 0xbdd5, 0xbdd8, 0xbddc,
    0xbde9, 0xbdf0, 0xbdf4, 0xbdf8, 0xbe00, 0xbe03, 0xbe05, 0xbe0c, 0xbe0d, 0xbe10, 0xbe14, 0xbe1c, 0xbe1d, 0xbe1f, 0xbe44, 0xbe45,
    0xbe48, 0xbe4c, 0xbe4e, 0xbe54, 0xbe55, 0xbe57, 0xbe59, 0xbe5a, 0xbe5b, 0xbe60, 0xbe61, 0xbe64, 0xbe68, 0xbe6a, 0xbe70, 0xbe71,
    0xbe73, 0xbe74, 0xbe75, 0xbe7b, 0xbe7c, 0xbe7d, 0xbe80, 0xbe84, 0xbe8c, 0xbe8d, 0xbe8f, 0xbe90, 0xbe91, 0xbe98, 0xbe99, 0xbea8,
    0xbed0, 0xbed1, 0xbed4, 0xbed7, 0xbed8, 0xbee0, 0xbee3, 0xbee4, 0xbee5, 0xbeec, 0xbf01, 0xbf08, 0xbf09, 0xbf18, 0xbf19, 0xbf1b,
    0xbf1c, 0xbf1d, 0xbf40, 0xbf41, 0xbf44, 0xbf48, 0xbf50, 0xbf51, 0xbf55, 0xbf94, 0xbfb0, 0xbfc5, 0xbfcc, 0xbfcd, 0xbfd0, 0xbfd4,
    0xbfdc, 0xbfdf, 0xbfe1, 0xc03c, 0xc051, 0xc058, 0xc05c, 0xc060, 0xc068, 0xc069, 0xc090, 0xc091, 0xc094, 0xc098, 0xc0a0, 0xc0a1,
    0xc0a3, 0xc0a5, 0xc0ac, 0xc0ad, 0xc0af, 0xc0b0, 0xc0b3, 0xc0b4, 0xc0b5, 0xc0b6, 0xc0bc, 0xc0bd, 0xc0bf, 0xc0c0, 0xc0c1, 0xc0c5,
    0xc0c8, 0xc0c9, 0xc0cc, 0xc0d0, 0xc0d8, 0xc0d9, 0xc0db, 0xc0dc, 0xc0dd, 0xc0e4, 0xc0e5, 0xc0e8, 0xc0ec, 0xc0f4, 0xc0f5, 0xc0f7,
    0xc0f9, 0xc100, 0xc104, 0xc108, 0xc110, 0xc115, 0xc11c, 0xc11d, 0xc11e, 0xc11f, 0xc120, 0xc123, 0xc124, 0xc126, 0xc127, 0xc12c,
    0xc12d, 0xc12f, 0xc130, 0xc131, 0xc136, 0xc138, 0xc139, 0xc13c, 0xc140, 0xc148, 0xc149, 0xc14b, 0xc14c, 0xc14d, 0xc154, 0xc155,
    0xc158, 0xc15c, 0xc164, 0xc165, 0xc167, 0xc168, 0xc169, 0xc170, 0xc174, 0xc178, 0xc185, 0xc18c, 0xc18d, 0xc18e, 0xc190, 0xc194,
    0xc196, 0xc19c, 0xc19d, 0xc19f, 0xc1a1, 0xc1a5, 0xc1a8, 0xc1a9, 0xc1ac, 0xc1b0, 0xc1bd, 0xc1c4, 0xc1c8, 0xc1cc, 0xc1d4, 0xc1d7,
    0xc1d8, 0xc1e0, 0xc1e4, 0xc1e8, 0xc1f0, 0xc1f1, 0xc1f3, 0xc1fc, 0xc1fd, 0xc200, 0xc204, 0xc20c, 0xc20d, 0xc20f, 0xc211, 0xc218,
    0xc219, 0xc21c, 0xc21f, 0xc220, 0xc228, 0xc229, 0xc22b, 0xc22d, 0xc22f, 0xc231, 0xc232, 0xc234, 0xc248, 0xc250, 0xc251, 0xc254,
    0xc258, 0xc260, 0xc265, 0xc26c, 0xc26d, 0xc270, 0xc274, 0xc27c, 0xc27d, 0xc27f, 0xc281, 0xc288, 0xc289, 0xc290, 0xc298, 0xc29b,
    0xc29d, 0xc2a4, 0xc2a5, 0xc2a8, 0xc2ac, 0xc2ad, 0xc2b4, 0xc2b5, 0xc2b7, 0xc2b9, 0xc2dc, 0xc2dd, 0xc2e0, 0xc2e3, 0xc2e4, 0xc2eb,
    0xc2ec, 0xc2ed, 0xc2ef, 0xc2f1, 0xc2f6, 0xc2f8, 0xc2f9, 0xc2fb, 0xc2fc, 0xc300, 0xc308, 0xc309, 0xc30c, 0xc30d, 0xc313, 0xc314,
    0xc315, 0xc318, 0xc31c, 0xc324, 0xc325, 0xc328, 0xc329, 0xc345, 0xc368, 0xc369, 0xc36c, 0xc370, 0xc372, 0xc378, 0xc379, 0xc37c,
    0xc37d, 0xc384, 0xc388, 0xc38c, 0xc3c0, 0xc3d8, 0xc3d9, 0xc3dc, 0xc3df, 0xc3e0, 0xc3e2, 0xc3e8, 0xc3e9, 0xc3ed, 0xc3f4, 0xc3f5,
    0xc3f8, 0xc408, 0xc410, 0xc424, 0xc42c, 0xc430, 0xc434, 0xc43c, 0xc43d, 0xc448, 0xc464, 0xc465, 0xc468, 0xc46c, 0xc474, 0xc475,
    0xc479, 0xc480, 0xc494, 0xc49c, 0xc4b8, 0xc4bc, 0xc4e9, 0xc4f0, 0xc4f1, 0xc4f4, 0xc4f8, 0xc4fa, 0xc4ff, 0xc500, 0xc501, 0xc50c,
    0xc510, 0xc514, 0xc51c, 0xc528, 0xc529, 0xc52c, 0xc530, 0xc538, 0xc539, 0xc53b, 0xc53d, 0xc544, 0xc545, 0xc548, 0xc549, 0xc54a,
    0xc54c, 0xc54d, 0xc54e, 0xc553, 0xc554, 0xc555, 0xc557, 0xc558, 0xc559, 0xc55d, 0xc55e, 0xc560, 0xc561, 0xc564, 0xc568, 0xc570,
    0xc571, 0xc573, 0xc574, 0xc575, 0xc57c, 0xc57d, 0xc580, 0xc584, 0xc587, 0xc58c, 0xc58d, 0xc58f, 0xc591, 0xc595, 0xc597, 0xc598,
    0xc59c, 0xc5a0, 0xc5a9, 0xc5b4, 0xc5b5, 0xc5b8, 0xc5b9, 0xc5bb, 0xc5bc, 0xc5bd, 0xc5be, 0xc5c4, 0xc5c5, 0xc5c6, 0xc5c7, 0xc5c8,
    0xc5c9, 0xc5ca, 0xc5cc, 0xc5ce, 0xc5d0, 0xc5d1, 0xc5d4, 0xc5d8, 0xc5e0, 0xc5e1, 0xc5e3, 0xc5e5, 0xc5ec, 0xc5ed, 0xc5ee, 0xc5f0,
    0xc5f4, 0xc5f6, 0xc5f7, 0xc5fc, 0xc5fd, 0xc5fe, 0xc5ff, 0xc600, 0xc601, 0xc605, 0xc606, 0xc607, 0xc608, 0xc60c, 0xc610, 0xc618,
    0xc619, 0xc61b, 0xc61c, 0xc624, 0xc625, 0xc628, 0xc62c, 0xc62d, 0xc62e, 0xc630, 0xc633, 0xc634, 0xc635, 0xc637, 0xc639, 0xc63b,
    0xc640, 0xc641, 0xc644, 0xc648, 0xc650, 0xc651, 0xc653, 0xc654, 0xc655, 0xc65c, 0xc65d, 0xc660, 0xc66c, 0xc66f, 0xc671, 0xc678,
    0xc679, 0xc67c, 0xc680, 0xc688, 0xc689, 0xc68b, 0xc68d, 0xc694, 0xc695, 0xc698, 0xc69c, 0xc6a4, 0xc6a5, 0xc6a7, 0xc6a9, 0xc6b0,
    0xc6b1, 0xc6b4, 0xc6b8, 0xc6b9, 0xc6ba, 0xc6c0, 0xc6c1, 0xc6c3, 0xc6c5, 0xc6cc, 0xc6cd, 0xc6d0, 0xc6d4, 0xc6dc, 0xc6dd, 0xc6e0,
    0xc6e1, 0xc6e8, 0xc6e9, 0xc6ec, 0xc6f0, 0xc6f8, 0xc6f9, 0xc6fd, 0xc704, 0xc705, 0xc708, 0xc70c, 0xc714, 0xc715, 0xc717, 0xc719,
    0xc720, 0xc721, 0xc724, 0xc728, 0xc730, 0xc731, 0xc733, 0xc735, 0xc737, 0xc73c, 0xc73d, 0xc740, 0xc744, 0xc74a, 0xc74c, 0xc74d,
    0xc74f, 0xc751, 0xc752, 0xc753, 0xc754, 0xc755, 0xc756, 0xc757, 0xc758, 0xc75c, 0xc760, 0xc768, 0xc76b, 0xc774, 0xc775, 0xc778,
    0xc77c, 0xc77d, 0xc77e, 0xc783, 0xc784, 0xc785, 0xc787, 0xc788, 0xc789, 0xc78a, 0xc78e, 0xc790, 0xc791, 0xc794, 0xc796, 0xc797,
    0xc798, 0xc79a, 0xc7a0, 0xc7a1, 0xc7a3, 0xc7a4, 0xc7a5, 0xc7a6, 0xc7ac, 0xc7ad, 0xc7b0, 0xc7b4, 0xc7bc, 0xc7bd, 0xc7bf, 0xc7c0,
    0xc7c1, 0xc7c8, 0xc7c9, 0xc7cc, 0xc7ce, 0xc7d0, 0xc7d8, 0xc7dd, 0xc7e4, 0xc7e8, 0xc7ec, 0xc800, 0xc801, 0xc804, 0xc808, 0xc80a,
    0xc810, 0xc811, 0xc813, 0xc815, 0xc816, 0xc81c, 0xc81d, 0xc820, 0xc824, 0xc82c, 0xc82d, 0xc82f, 0xc831, 0xc838, 0xc83c, 0xc840,
    0xc848, 0xc849, 0xc84c, 0xc84d, 0xc854, 0xc870, 0xc871, 0xc874, 0xc878, 0xc87a, 0xc880, 0xc881, 0xc883, 0xc885, 0xc886, 0xc887,
    0xc88b, 0xc88c, 0xc88d, 0xc894, 0xc89d, 0xc89f, 0xc8a1, 0xc8a8, 0xc8bc, 0xc8bd, 0xc8c4, 0xc8c8, 0xc8cc, 0xc8d4, 0xc8d5, 0xc8d7,
    0xc8d9, 0xc8e0, 0xc8e1, 0xc8e4, 0xc8f5, 0xc8fc, 0xc8fd, 0xc900, 0xc904, 0xc905, 0xc906, 0xc90c, 0xc90d, 0xc90f, 0xc911, 0xc918,
    0xc92c, 0xc934, 0xc950, 0xc951, 0xc954, 0xc958, 0xc960, 0xc961, 0xc963, 0xc96c, 0xc970, 0xc974, 0xc97c, 0xc988, 0xc989, 0xc98c,
    0xc990, 0xc998, 0xc999, 0xc99b, 0xc99d, 0xc9c0, 0xc9c1, 0xc9c4, 0xc9c7, 0xc9c8, 0xc9ca, 0xc9d0, 0xc9d1, 0xc9d3, 0xc9d5, 0xc9d6,
    0xc9d9, 0xc9da, 0xc9dc, 0xc9dd, 0xc9e0, 0xc9e2, 0xc9e4, 0xc9e7, 0xc9ec, 0xc9ed, 0xc9ef, 0xc9f0, 0xc9f1, 0xc9f8, 0xc9f9, 0xc9fc,
    0xca00, 0xca08, 0xca09, 0xca0b, 0xca0c, 0xca0d, 0xca14, 0xca18, 0xca29, 0xca4c, 0xca4d, 0xca50, 0xca54, 0xca5c, 0xca5d, 0xca5f,
    0xca60, 0xca61, 0xca68, 0xca7d, 0xca84, 0xca98, 0xcabc, 0xcabd, 0xcac0, 0xcac4, 0xcacc, 0xcacd, 0xcacf, 0xcad1, 0xcad3, 0xcad8,
    0xcad9, 0xcae0, 0xcaec, 0xcaf4, 0xcb08, 0xcb10, 0xcb14, 0xcb18, 0xcb20, 0xcb21, 0xcb41, 0xcb48, 0xcb49, 0xcb4c, 0xcb50, 0xcb58,
    0xcb59, 0xcb5d, 0xcb64, 0xcb78, 0xcb79, 0xcb9c, 0xcbb8, 0xcbd4, 0xcbe4, 0xcbe7, 0xcbe9, 0xcc0c, 0xcc0d, 0xcc10, 0xcc14, 0xcc1c,
    0xcc1d, 0xcc21, 0xcc22, 0xcc27, 0xcc28, 0xcc29, 0xcc2c, 0xcc2e, 0xcc30, 0xcc38, 0xcc39, 0xcc3b, 0xcc3c, 0xcc3d, 0xcc3e, 0xcc44,
    0xcc45, 0xcc48, 0xcc4c, 0xcc54, 0xcc55, 0xcc57, 0xcc58, 0xcc59, 0xcc60, 0xcc64, 0xcc66, 0xcc68, 0xcc70, 0xcc75, 0xcc98, 0xcc99,
    0xcc9c, 0xcca0, 0xcca8, 0xcca9, 0xccab, 0xccac, 0xccad, 0xccb4, 0xccb5, 0xccb8, 0xccbc, 0xccc4, 0xccc5, 0xccc7, 0xccc9, 0xccd0,
    0xccd4, 0xcce4, 0xccec, 0xccf0, 0xcd01, 0xcd08, 0xcd09, 0xcd0c, 0xcd10, 0xcd18, 0xcd19, 0xcd1b, 0xcd1d, 0xcd24, 0xcd28, 0xcd2c,
    0xcd39, 0xcd5c, 0xcd60, 0xcd64, 0xcd6c, 0xcd6d, 0xcd6f, 0xcd71, 0xcd78, 0xcd88, 0xcd94, 0xcd95, 0xcd98, 0xcd9c, 0xcda4, 0xcda5,
    0xcda7, 0xcda9, 0xcdb0, 0xcdc4, 0xcdcc, 0xcdd0, 0xcde8, 0xcdec, 0xcdf0, 0xcdf8, 0xcdf9, 0xcdfb, 0xcdfd, 0xce04, 0xce08, 0xce0c,
    0xce14, 0xce19, 0xce20, 0xce21, 0xce24, 0xce28, 0xce30, 0xce31, 0xce33, 0xce35, 0xce58, 0xce59, 0xce5c, 0xce5f, 0xce60, 0xce61,
    0xce68, 0xce69, 0xce6b, 0xce6d, 0xce74, 0xce75, 0xce78, 0xce7c, 0xce84, 0xce85, 0xce87, 0xce89, 0xce90, 0xce91, 0xce94, 0xce98,
    0xcea0, 0xcea1, 0xcea3, 0xcea4, 0xcea5, 0xceac, 0xcead, 0xcec1, 0xcee4, 0xcee5, 0xcee8, 0xceeb, 0xceec, 0xcef4, 0xcef5, 0xcef7,
    0xcef8, 0xcef9, 0xcf00, 0xcf01, 0xcf04, 0xcf08, 0xcf10, 0xcf11, 0xcf13, 0xcf15, 0xcf1c, 0xcf20, 0xcf24, 0xcf2c, 0xcf2d, 0xcf2f,
    0xcf30, 0xcf31, 0xcf38, 0xcf54, 0xcf55, 0xcf58, 0xcf5c, 0xcf64, 0xcf65, 0xcf67, 0xcf69, 0xcf70, 0xcf71, 0xcf74, 0xcf78, 0xcf80,
    0xcf85, 0xcf8c, 0xcfa1, 0xcfa8, 0xcfb0, 0xcfc4, 0xcfe0, 0xcfe1, 0xcfe4, 0xcfe8, 0xcff0, 0xcff1, 0xcff3, 0xcff5, 0xcffc, 0xd000,
    0xd004, 0xd011, 0xd018, 0xd02d, 0xd034, 0xd035, 0xd038, 0xd03c, 0xd044, 0xd045, 0xd047, 0xd049, 0xd050, 0xd054, 0xd058, 0xd060,
    0xd06c, 0xd06d, 0xd070, 0xd074, 0xd07c, 0xd07d, 0xd081, 0xd0a4, 0xd0a5, 0xd0a8, 0xd0ac, 0xd0b4, 0xd0b5, 0xd0b7, 0xd0b9, 0xd0c0,
    0xd0c1, 0xd0c4, 0xd0c8, 0xd0c9, 0xd0d0, 0xd0d1, 0xd0d3, 0xd0d4, 0xd0d5, 0xd0dc, 0xd0dd, 0xd0e0, 0xd0e4, 0xd0ec, 0xd0ed, 0xd0ef,
    0xd0f0, 0xd0f1, 0xd0f8, 0xd10d, 0xd130, 0xd131, 0xd134, 0xd138, 0xd13a, 0xd140, 0xd141, 0xd143, 0xd144, 0xd145, 0xd14c, 0xd14d,
    0xd150, 0xd154, 0xd15c, 0xd15d, 0xd15f, 0xd161, 0xd168, 0xd16c, 0xd17c, 0xd184, 0xd188, 0xd1a0, 0xd1a1, 0xd1a4, 0xd1a8, 0xd1b0,
    0xd1b1, 0xd1b3, 0xd1b5, 0xd1ba, 0xd1bc, 0xd1c0, 0xd1d8, 0xd1f4, 0xd1f8, 0xd207, 0xd209, 0xd210, 0xd22c, 0xd22d, 0xd230, 0xd234,
    0xd23c, 0xd23d, 0xd23f, 0xd241, 0xd248, 0xd25c, 0xd264, 0xd280, 0xd281, 0xd284, 0xd288, 0xd290, 0xd291, 0xd295, 0xd29c, 0xd2a0,
    0xd2a4, 0xd2ac, 0xd2b1, 0xd2b8, 0xd2b9, 0xd2bc, 0xd2bf, 0xd2c0, 0xd2c2, 0xd2c8, 0xd2c9, 0xd2cb, 0xd2d4, 0xd2d8, 0xd2dc, 0xd2e4,
    0xd2e5, 0xd2f0, 0xd2f1, 0xd2f4, 0xd2f8, 0xd300, 0xd301, 0xd303, 0xd305, 0xd30c, 0xd30d, 0xd30e, 0xd310, 0xd314, 0xd316, 0xd31c,
    0xd31d, 0xd31f, 0xd320, 0xd321, 0xd325, 0xd328, 0xd329, 0xd32c, 0xd330, 0xd338, 0xd339, 0xd33b, 0xd33c, 0xd33d, 0xd344, 0xd345,
    0xd37c, 0xd37d, 0xd380, 0xd384, 0xd38c, 0xd38d, 0xd38f, 0xd390, 0xd391, 0xd398, 0xd399, 0xd39c, 0xd3a0, 0xd3a8, 0xd3a9, 0xd3ab,
    0xd3ad, 0xd3b4, 0xd3b8, 0xd3bc, 0xd3c4, 0xd3c5, 0xd3c8, 0xd3c9, 0xd3d0, 0xd3d8, 0xd3e1, 0xd3e3, 0xd3ec, 0xd3ed, 0xd3f0, 0xd3f4,
    0xd3fc, 0xd3fd, 0xd3ff, 0xd401, 0xd408, 0xd41d, 0xd440, 0xd444, 0xd45c, 0xd460, 0xd464, 0xd46d, 0xd46f, 0xd478, 0xd479, 0xd47c,
    0xd47f, 0xd480, 0xd482, 0xd488, 0xd489, 0xd48b, 0xd48d, 0xd494, 0xd4a9, 0xd4cc, 0xd4d0, 0xd4d4, 0xd4dc, 0xd4df, 0xd4e8, 0xd4ec,
    0xd4f0, 0xd4f8, 0xd4fb, 0xd4fd, 0xd504, 0xd508, 0xd50c, 0xd514, 0xd515, 0xd517, 0xd53c, 0xd53d, 0xd540, 0xd544, 0xd54c, 0xd54d,
    0xd54f, 0xd551, 0xd558, 0xd559, 0xd55c, 0xd560, 0xd565, 0xd568, 0xd569, 0xd56b, 0xd56d, 0xd574, 0xd575, 0xd578, 0xd57c, 0xd584,
    0xd585, 0xd587, 0xd588, 0xd589, 0xd590, 0xd5a5, 0xd5c8, 0xd5c9, 0xd5cc, 0xd5d0, 0xd5d2, 0xd5d8, 0xd5d9, 0xd5db, 0xd5dd, 0xd5e4,
    0xd5e5, 0xd5e8, 0xd5ec, 0xd5f4, 0xd5f5, 0xd5f7, 0xd5f9, 0xd600, 0xd601, 0xd604, 0xd608, 0xd610, 0xd611, 0xd613, 0xd614, 0xd615,
    0xd61c, 0xd620, 0xd624, 0xd62d, 0xd638, 0xd639, 0xd63c, 0xd640, 0xd645, 0xd648, 0xd649, 0xd64b, 0xd64d, 0xd651, 0xd654, 0xd655,
    0xd658, 0xd65c, 0xd667, 0xd669, 0xd670, 0xd671, 0xd674, 0xd683, 0xd685, 0xd68c, 0xd68d, 0xd690, 0xd694, 0xd69d, 0xd69f, 0xd6a1,
    0xd6a8, 0xd6ac, 0xd6b0, 0xd6b9, 0xd6bb, 0xd6c4, 0xd6c5, 0xd6c8, 0xd6cc, 0xd6d1, 0xd6d4, 0xd6d7, 0xd6d9, 0xd6e0, 0xd6e4, 0xd6e8,
    0xd6f0, 0xd6f5, 0xd6fc, 0xd6fd, 0xd700, 0xd704, 0xd711, 0xd718, 0xd719, 0xd71c, 0xd720, 0xd728, 0xd729, 0xd72b, 0xd72d, 0xd734,
    0xd735, 0xd738, 0xd73c, 0xd744, 0xd747, 0xd749, 0xd750, 0xd751, 0xd754, 0xd756, 0xd757, 0xd758, 0xd759, 0xd760, 0xd761, 0xd763,
    0xd765, 0xd769, 0xd76c, 0xd770, 0xd774, 0xd77c, 0xd77d, 0xd781, 0xd788, 0xd789, 0xd78c, 0xd790, 0xd798, 0xd799, 0xd79b, 0xd79d,
    0x0000, 0x0000, 0x0000, 0x0000, 0x0000, 0x0000, 0x0000, 0x0000, 0x0000, 0x0000, 0x0000, 0x0000, 0x0000, 0x0000, 0x0000, 0x0000,
    0x0000, 0x0000, 0x0000, 0x0000, 0x0000, 0x0000, 0x0000, 0x0000, 0x0000, 0x0000, 0x0000, 0x0000, 0x0000, 0x0000, 0x0000, 0x0000,
    0x0000, 0x0000, 0x0000, 0x0000, 0x0000, 0x0000, 0x0000, 0x0000, 0x0000, 0x0000, 0x0000, 0x0000, 0x0000, 0x0000, 0x0000, 0x0000,
    0x0000, 0x0000, 0x0000, 0x0000, 0x0000, 0x0000, 0x0000, 0x0000, 0x0000, 0x0000, 0x0000, 0x0000, 0x0000, 0x0000, 0x0000, 0x0000,
    0x0000, 0x0000, 0x0000, 0x0000, 0x0000, 0x0000, 0x0000, 0x0000, 0x0000, 0x0000, 0x0000, 0x0000, 0x0000, 0x0000, 0x0000, 0x0000,
    0x0000, 0x0000, 0x0000, 0x0000, 0x0000, 0x0000, 0x0000, 0x0000, 0x0000, 0x0000, 0x0000, 0x0000, 0x0000, 0x0000, 0x4f3d, 0x4f73,
    0x5047, 0x50f9, 0x52a0, 0x53ef, 0x5475, 0x54e5, 0x5609, 0x5ac1, 0x5bb6, 0x6687, 0x67b6, 0x67b7, 0x67ef, 0x6b4c, 0x73c2, 0x75c2,
    0x7a3c, 0x82db, 0x8304, 0x8857, 0x8888, 0x8a36, 0x8cc8, 0x8dcf, 0x8efb, 0x8fe6, 0x99d5, 0x523b, 0x5374, 0x5404, 0x606a, 0x6164,
    0x6bbc, 0x73cf, 0x811a, 0x89ba, 0x89d2, 0x95a3, 0x4f83, 0x520a, 0x58be, 0x5978, 0x59e6, 0x5e72, 0x5e79, 0x61c7, 0x63c0, 0x6746,
    0x67ec, 0x687f, 0x6f97, 0x764e, 0x770b, 0x78f5, 0x7a08, 0x7aff, 0x7c21, 0x809d, 0x826e, 0x8271, 0x8aeb, 0x9593, 0x4e6b, 0x559d,
    0x66f7, 0x6e34, 0x78a3, 0x7aed, 0x845b, 0x8910, 0x874e, 0x97a8, 0x52d8, 0x574e, 0x582a, 0x5d4c, 0x611f, 0x61be, 0x6221, 0x6562,
    0x67d1, 0x6a44, 0x6e1b, 0x7518, 0x75b3, 0x76e3, 0x77b0, 0x7d3a, 0x90af, 0x9451, 0x9452, 0x9f95, 0x5323, 0x5cac, 0x7532, 0x80db,
    0x9240, 0x9598, 0x525b, 0x5808, 0x59dc, 0x5ca1, 0x5d17, 0x5eb7, 0x5f3a, 0x5f4a, 0x6177, 0x6c5f, 0x757a, 0x7586, 0x7ce0, 0x7d73,
    0x7db1, 0x7f8c, 0x8154, 0x8221, 0x8591, 0x8941, 0x8b1b, 0x92fc, 0x964d, 0x9c47, 0x4ecb, 0x4ef7, 0x500b, 0x51f1, 0x584f, 0x6137,
    0x613e, 0x6168, 0x6539, 0x69ea, 0x6f11, 0x75a5, 0x7686, 0x76d6, 0x7b87, 0x82a5, 0x84cb, 0xf900, 0x93a7, 0x958b, 0x5580, 0x5ba2,
    0x5751, 0xf901, 0x7cb3, 0x7fb9, 0x91b5, 0x5028, 0x53bb, 0x5c45, 0x5de8, 0x62d2, 0x636e, 0x64da, 0x64e7, 0x6e20, 0x70ac, 0x795b,
    0x8ddd, 0x8e1e, 0xf902, 0x907d, 0x9245, 0x92f8, 0x4e7e, 0x4ef6, 0x5065, 0x5dfe, 0x5efa, 0x6106, 0x6957, 0x8171, 0x8654, 0x8e47,
    0x9375, 0x9a2b, 0x4e5e, 0x5091, 0x6770, 0x6840, 0x5109, 0x528d, 0x5292, 0x6aa2, 0x77bc, 0x9210, 0x9ed4, 0x52ab, 0x602f, 0x8ff2,
    0x5048, 0x61a9, 0x63ed, 0x64ca, 0x683c, 0x6a84, 0x6fc0, 0x8188, 0x89a1, 0x9694, 0x5805, 0x727d, 0x72ac, 0x7504, 0x7d79, 0x7e6d,
    0x80a9, 0x898b, 0x8b74, 0x9063, 0x9d51, 0x6289, 0x6c7a, 0x6f54, 0x7d50, 0x7f3a, 0x8a23, 0x517c, 0x614a, 0x7b9d, 0x8b19, 0x9257,
    0x938c, 0x4eac, 0x4fd3, 0x501e, 0x50be, 0x5106, 0x52c1, 0x52cd, 0x537f, 0x5770, 0x5883, 0x5e9a, 0x5f91, 0x6176, 0x61ac, 0x64ce,
    0x656c, 0x666f, 0x66bb, 0x66f4, 0x6897, 0x6d87, 0x7085, 0x70f1, 0x749f, 0x74a5, 0x74ca, 0x75d9, 0x786c, 0x78ec, 0x7adf, 0x7af6,
    0x7d45, 0x7d93, 0x8015, 0x803f, 0x811b, 0x8396, 0x8b66, 0x8f15, 0x9015, 0x93e1, 0x9803, 0x9838, 0x9a5a, 0x9be8, 0x4fc2, 0x5553,
    0x583a, 0x5951, 0x5b63, 0x5c46, 0x60b8, 0x6212, 0x6842, 0x68b0, 0x68e8, 0x6eaa, 0x754c, 0x7678, 0x78ce, 0x7a3d, 0x7cfb, 0x7e6b,
    0x7e7c, 0x8a08, 0x8aa1, 0x8c3f, 0x968e, 0x9dc4, 0x53e4, 0x53e9, 0x544a, 0x5471, 0x56fa, 0x59d1, 0x5b64, 0x5c3b, 0x5eab, 0x62f7,
    0x6537, 0x6545, 0x6572, 0x66a0, 0x67af, 0x69c1, 0x6cbd, 0x75fc, 0x7690, 0x777e, 0x7a3f, 0x7f94, 0x8003, 0x80a1, 0x818f, 0x82e6,
    0x82fd, 0x83f0, 0x85c1, 0x8831, 0x88b4, 0x8aa5, 0xf903, 0x8f9c, 0x932e, 0x96c7, 0x9867, 0x9ad8, 0x9f13, 0x54ed, 0x659b, 0x66f2,
    0x688f, 0x7a40, 0x8c37, 0x9d60, 0x56f0, 0x5764, 0x5d11, 0x6606, 0x68b1, 0x68cd, 0x6efe, 0x7428, 0x889e, 0x9be4, 0x6c68, 0xf904,
    0x9aa8, 0x4f9b, 0x516c, 0x5171, 0x529f, 0x5b54, 0x5de5, 0x6050, 0x606d, 0x62f1, 0x63a7, 0x653b, 0x73d9, 0x7a7a, 0x86a3, 0x8ca2,
    0x978f, 0x4e32, 0x5be1, 0x6208, 0x679c, 0x74dc, 0x79d1, 0x83d3, 0x8a87, 0x8ab2, 0x8de8, 0x904e, 0x934b, 0x9846, 0x5ed3, 0x69e8,
    0x85ff, 0x90ed, 0xf905, 0x51a0, 0x5b98, 0x5bec, 0x6163, 0x68fa, 0x6b3e, 0x704c, 0x742f, 0x74d8, 0x7ba1, 0x7f50, 0x83c5, 0x89c0,
    0x8cab, 0x95dc, 0x9928, 0x522e, 0x605d, 0x62ec, 0x9002, 0x4f8a, 0x5149, 0x5321, 0x58d9, 0x5ee3, 0x66e0, 0x6d38, 0x709a, 0x72c2,
    0x73d6, 0x7b50, 0x80f1, 0x945b, 0x5366, 0x639b, 0x7f6b, 0x4e56, 0x5080, 0x584a, 0x58de, 0x602a, 0x6127, 0x62d0, 0x69d0, 0x9b41,
    0x5b8f, 0x7d18, 0x80b1, 0x8f5f, 0x4ea4, 0x50d1, 0x54ac, 0x55ac, 0x5b0c, 0x5da0, 0x5de7, 0x652a, 0x654e, 0x6821, 0x6a4b, 0x72e1,
    0x768e, 0x77ef, 0x7d5e, 0x7ff9, 0x81a0, 0x854e, 0x86df, 0x8f03, 0x8f4e, 0x90ca, 0x9903, 0x9a55, 0x9bab, 0x4e18, 0x4e45, 0x4e5d,
    0x4ec7, 0x4ff1, 0x5177, 0x52fe, 0x5340, 0x53e3, 0x53e5, 0x548e, 0x5614, 0x5775, 0x57a2, 0x5bc7, 0x5d87, 0x5ed0, 0x61fc, 0x62d8,
    0x6551, 0x67b8, 0x67e9, 0x69cb, 0x6b50, 0x6bc6, 0x6bec, 0x6c42, 0x6e9d, 0x7078, 0x72d7, 0x7396, 0x7403, 0x77bf, 0x77e9, 0x7a76,
    0x7d7f, 0x8009, 0x81fc, 0x8205, 0x820a, 0x82df, 0x8862, 0x8b33, 0x8cfc, 0x8ec0, 0x9011, 0x90b1, 0x9264, 0x92b6, 0x99d2, 0x9a45,
    0x9ce9, 0x9dd7, 0x9f9c, 0x570b, 0x5c40, 0x83ca, 0x97a0, 0x97ab, 0x9eb4, 0x541b, 0x7a98, 0x7fa4, 0x88d9, 0x8ecd, 0x90e1, 0x5800,
    0x5c48, 0x6398, 0x7a9f, 0x5bae, 0x5f13, 0x7a79, 0x7aae, 0x828e, 0x8eac, 0x5026, 0x5238, 0x52f8, 0x5377, 0x5708, 0x62f3, 0x6372,
    0x6b0a, 0x6dc3, 0x7737, 0x53a5, 0x7357, 0x8568, 0x8e76, 0x95d5, 0x673a, 0x6ac3, 0x6f70, 0x8a6d, 0x8ecc, 0x994b, 0xf906, 0x6677,
    0x6b78, 0x8cb4, 0x9b3c, 0xf907, 0x53eb, 0x572d, 0x594e, 0x63c6, 0x69fb, 0x73ea, 0x7845, 0x7aba, 0x7ac5, 0x7cfe, 0x8475, 0x898f,
    0x8d73, 0x9035, 0x95a8, 0x52fb, 0x5747, 0x7547, 0x7b60, 0x83cc, 0x921e, 0xf908, 0x6a58, 0x514b, 0x524b, 0x5287, 0x621f, 0x68d8,
    0x6975, 0x9699, 0x50c5, 0x52a4, 0x52e4, 0x61c3, 0x65a4, 0x6839, 0x69ff, 0x747e, 0x7b4b, 0x82b9, 0x83eb, 0x89b2, 0x8b39, 0x8fd1,
    0x9949, 0xf909, 0x4eca, 0x5997, 0x64d2, 0x6611, 0x6a8e, 0x7434, 0x7981, 0x79bd, 0x82a9, 0x887e, 0x887f, 0x895f, 0xf90a, 0x9326,
    0x4f0b, 0x53ca, 0x6025, 0x6271, 0x6c72, 0x7d1a, 0x7d66, 0x4e98, 0x5162, 0x77dc, 0x80af, 0x4f01, 0x4f0e, 0x5176, 0x5180, 0x55dc,
    0x5668, 0x573b, 0x57fa, 0x57fc, 0x5914, 0x5947, 0x5993, 0x5bc4, 0x5c90, 0x5d0e, 0x5df1, 0x5e7e, 0x5fcc, 0x6280, 0x65d7, 0x65e3,
    0x671e, 0x671f, 0x675e, 0x68cb, 0x68c4, 0x6a5f, 0x6b3a, 0x6c23, 0x6c7d, 0x6c82, 0x6dc7, 0x7398, 0x7426, 0x742a, 0x7482, 0x74a3,
    0x7578, 0x757f, 0x7881, 0x78ef, 0x7941, 0x7947, 0x7948, 0x797a, 0x7b95, 0x7d00, 0x7dba, 0x7f88, 0x8006, 0x802d, 0x808c, 0x8a18,
    0x8b4f, 0x8c48, 0x8d77, 0x9321, 0x9324, 0x98e2, 0x9951, 0x9a0e, 0x9a0f, 0x9a65, 0x9e92, 0x7dca, 0x4f76, 0x5409, 0x62ee, 0x6854,
    0x91d1, 0x55ab, 0x513a, 0xf90b, 0xf90c, 0x5a1c, 0x61e6, 0xf90d, 0x62cf, 0x62ff, 0xf90e, 0xf90f, 0xf910, 0xf911, 0xf912, 0xf913,
    0x90a3, 0xf914, 0xf915, 0xf916, 0xf917, 0xf918, 0x8afe, 0xf919, 0xf91a, 0xf91b, 0xf91c, 0x6696, 0xf91d, 0x7156, 0xf91e, 0xf91f,
    0x96e3, 0xf920, 0x634f, 0x637a, 0x5357, 0xf921, 0x678f, 0x6960, 0x6e73, 0xf922, 0x7537, 0xf923, 0xf924, 0xf925, 0x7d0d, 0xf926,
    0xf927, 0x8872, 0x56ca, 0x5a18, 0xf928, 0xf929, 0xf92a, 0xf92b, 0xf92c, 0x4e43, 0xf92d, 0x5167, 0x5948, 0x67f0, 0x8010, 0xf92e,
    0x5973, 0x5e74, 0x649a, 0x79ca, 0x5ff5, 0x606c, 0x62c8, 0x637b, 0x5be7, 0x5bd7, 0x52aa, 0xf92f, 0x5974, 0x5f29, 0x6012, 0xf930,
    0xf931, 0xf932, 0x7459, 0xf933, 0xf934, 0xf935, 0xf936, 0xf937, 0xf938, 0x99d1, 0xf939, 0xf93a, 0xf93b, 0xf93c, 0xf93d, 0xf93e,
    0xf93f, 0xf940, 0xf941, 0xf942, 0xf943, 0x6fc3, 0xf944, 0xf945, 0x81bf, 0x8fb2, 0x60f1, 0xf946, 0xf947, 0x8166, 0xf948, 0xf949,
    0x5c3f, 0xf94a, 0xf94b, 0xf94c, 0xf94d, 0xf94e, 0xf94f, 0xf950, 0xf951, 0x5ae9, 0x8a25, 0x677b, 0x7d10, 0xf952, 0xf953, 0xf954,
    0xf955, 0xf956, 0xf957, 0x80fd, 0xf958, 0xf959, 0x5c3c, 0x6ce5, 0x533f, 0x6eba, 0x591a, 0x8336, 0x4e39, 0x4eb6, 0x4f46, 0x55ae,
    0x5718, 0x58c7, 0x5f56, 0x65b7, 0x65e6, 0x6a80, 0x6bb5, 0x6e4d, 0x77ed, 0x7aef, 0x7c1e, 0x7dde, 0x86cb, 0x8892, 0x9132, 0x935b,
    0x64bb, 0x6fbe, 0x737a, 0x75b8, 0x9054, 0x5556, 0x574d, 0x61ba, 0x64d4, 0x66c7, 0x6de1, 0x6e5b, 0x6f6d, 0x6fb9, 0x75f0, 0x8043,
    0x81bd, 0x8541, 0x8983, 0x8ac7, 0x8b5a, 0x931f, 0x6c93, 0x7553, 0x7b54, 0x8e0f, 0x905d, 0x5510, 0x5802, 0x5858, 0x5e62, 0x6207,
    0x649e, 0x68e0, 0x7576, 0x7cd6, 0x87b3, 0x9ee8, 0x4ee3, 0x5788, 0x576e, 0x5927, 0x5c0d, 0x5cb1, 0x5e36, 0x5f85, 0x6234, 0x64e1,
    0x73b3, 0x81fa, 0x888b, 0x8cb8, 0x968a, 0x9edb, 0x5b85, 0x5fb7, 0x60b3, 0x5012, 0x5200, 0x5230, 0x5716, 0x5835, 0x5857, 0x5c0e,
    0x5c60, 0x5cf6, 0x5d8b, 0x5ea6, 0x5f92, 0x60bc, 0x6311, 0x6389, 0x6417, 0x6843, 0x68f9, 0x6ac2, 0x6dd8, 0x6e21, 0x6ed4, 0x6fe4,
    0x71fe, 0x76dc, 0x7779, 0x79b1, 0x7a3b, 0x8404, 0x89a9, 0x8ced, 0x8df3, 0x8e48, 0x9003, 0x9014, 0x9053, 0x90fd, 0x934d, 0x9676,
    0x97dc, 0x6bd2, 0x7006, 0x7258, 0x72a2, 0x7368, 0x7763, 0x79bf, 0x7be4, 0x7e9b, 0x8b80, 0x58a9, 0x60c7, 0x6566, 0x65fd, 0x66be,
    0x6c8c, 0x711e, 0x71c9, 0x8c5a, 0x9813, 0x4e6d, 0x7a81, 0x4edd, 0x51ac, 0x51cd, 0x52d5, 0x540c, 0x61a7, 0x6771, 0x6850, 0x68df,
    0x6d1e, 0x6f7c, 0x75bc, 0x77b3, 0x7ae5, 0x80f4, 0x8463, 0x9285, 0x515c, 0x6597, 0x675c, 0x6793, 0x75d8, 0x7ac7, 0x8373, 0xf95a,
    0x8c46, 0x9017, 0x982d, 0x5c6f, 0x81c0, 0x829a, 0x9041, 0x906f, 0x920d, 0x5f97, 0x5d9d, 0x6a59, 0x71c8, 0x767b, 0x7b49, 0x85e4,
    0x8b04, 0x9127, 0x9a30, 0x5587, 0x61f6, 0xf95b, 0x7669, 0x7f85, 0x863f, 0x87ba, 0x88f8, 0x908f, 0xf95c, 0x6d1b, 0x70d9, 0x73de,
    0x7d61, 0x843d, 0xf95d, 0x916a, 0x99f1, 0xf95e, 0x4e82, 0x5375, 0x6b04, 0x6b12, 0x703e, 0x721b, 0x862d, 0x9e1e, 0x524c, 0x8fa3,
    0x5d50, 0x64e5, 0x652c, 0x6b16, 0x6feb, 0x7c43, 0x7e9c, 0x85cd, 0x8964, 0x89bd, 0x62c9, 0x81d8, 0x881f, 0x5eca, 0x6717, 0x6d6a,
    0x72fc, 0x7405, 0x746f, 0x8782, 0x90de, 0x4f86, 0x5d0d, 0x5fa0, 0x840a, 0x51b7, 0x63a0, 0x7565, 0x4eae, 0x5006, 0x5169, 0x51c9,
    0x6881, 0x6a11, 0x7cae, 0x7cb1, 0x7ce7, 0x826f, 0x8ad2, 0x8f1b, 0x91cf, 0x4fb6, 0x5137, 0x52f5, 0x5442, 0x5eec, 0x616e, 0x623e,
    0x65c5, 0x6ada, 0x6ffe, 0x792a, 0x85dc, 0x8823, 0x95ad, 0x9a62, 0x9a6a, 0x9e97, 0x9ece, 0x529b, 0x66c6, 0x6b77, 0x701d, 0x792b,
    0x8f62, 0x9742, 0x6190, 0x6200, 0x6523, 0x6f23, 0x7149, 0x7489, 0x7df4, 0x806f, 0x84ee, 0x8f26, 0x9023, 0x934a, 0x51bd, 0x5217,
    0x52a3, 0x6d0c, 0x70c8, 0x88c2, 0x5ec9, 0x6582, 0x6bae, 0x6fc2, 0x7c3e, 0x7375, 0x4ee4, 0x4f36, 0x56f9, 0xf95f, 0x5cba, 0x5dba,
    0x601c, 0x73b2, 0x7b2d, 0x7f9a, 0x7fce, 0x8046, 0x901e, 0x9234, 0x96f6, 0x9748, 0x9818, 0x9f61, 0x4f8b, 0x6fa7, 0x79ae, 0x91b4,
    0x96b7, 0x52de, 0xf960, 0x6488, 0x64c4, 0x6ad3, 0x6f5e, 0x7018, 0x7210, 0x76e7, 0x8001, 0x8606, 0x865c, 0x8def, 0x8f05, 0x9732,
    0x9b6f, 0x9dfa, 0x9e75, 0x788c, 0x797f, 0x7da0, 0x83c9, 0x9304, 0x9e7f, 0x9e93, 0x8ad6, 0x58df, 0x5f04, 0x6727, 0x7027, 0x74cf,
    0x7c60, 0x807e, 0x5121, 0x7028, 0x7262, 0x78ca, 0x8cc2, 0x8cda, 0x8cf4, 0x96f7, 0x4e86, 0x50da, 0x5bee, 0x5ed6, 0x6599, 0x71ce,
    0x7642, 0x77ad, 0x804a, 0x84fc, 0x907c, 0x9b27, 0x9f8d, 0x58d8, 0x5a41, 0x5c62, 0x6a13, 0x6dda, 0x6f0f, 0x763b, 0x7d2f, 0x7e37,
    0x851e, 0x8938, 0x93e4, 0x964b, 0x5289, 0x65d2, 0x67f3, 0x69b4, 0x6d41, 0x6e9c, 0x700f, 0x7409, 0x7460, 0x7559, 0x7624, 0x786b,
    0x8b2c, 0x985e, 0x516d, 0x622e, 0x9678, 0x4f96, 0x502b, 0x5d19, 0x6dea, 0x7db8, 0x8f2a, 0x5f8b, 0x6144, 0x6817, 0xf961, 0x9686,
    0x52d2, 0x808b, 0x51dc, 0x51cc, 0x695e, 0x7a1c, 0x7dbe, 0x83f1, 0x9675, 0x4fda, 0x5229, 0x5398, 0x540f, 0x550e, 0x5c65, 0x60a7,
    0x674e, 0x68a8, 0x6d6c, 0x7281, 0x72f8, 0x7406, 0x7483, 0xf962, 0x75e2, 0x7c6c, 0x7f79, 0x7fb8, 0x8389, 0x88cf, 0x88e1, 0x91cc,
    0x91d0, 0x96e2, 0x9bc9, 0x541d, 0x6f7e, 0x71d0, 0x7498, 0x85fa, 0x8eaa, 0x96a3, 0x9c57, 0x9e9f, 0x6797, 0x6dcb, 0x7433, 0x81e8,
    0x9716, 0x782c, 0x7acb, 0x7b20, 0x7c92, 0x6469, 0x746a, 0x75f2, 0x78bc, 0x78e8, 0x99ac, 0x9b54, 0x9ebb, 0x5bde, 0x5e55, 0x6f20,
    0x819c, 0x83ab, 0x9088, 0x4e07, 0x534d, 0x5a29, 0x5dd2, 0x5f4e, 0x6162, 0x633d, 0x6669, 0x66fc, 0x6eff, 0x6f2b, 0x7063, 0x779e,
    0x842c, 0x8513, 0x883b, 0x8f13, 0x9945, 0x9c3b, 0x551c, 0x62b9, 0x672b, 0x6cab, 0x8309, 0x896a, 0x977a, 0x4ea1, 0x5984, 0x5fd8,
    0x5fd9, 0x671b, 0x7db2, 0x7f54, 0x8292, 0x832b, 0x83bd, 0x8f1e, 0x9099, 0x57cb, 0x59b9, 0x5a92, 0x5bd0, 0x6627, 0x679a, 0x6885,
    0x6bcf, 0x7164, 0x7f75, 0x8cb7, 0x8ce3, 0x9081, 0x9b45, 0x8108, 0x8c8a, 0x964c, 0x9a40, 0x9ea5, 0x5b5f, 0x6c13, 0x731b, 0x76f2,
    0x76df, 0x840c, 0x51aa, 0x8993, 0x514d, 0x5195, 0x52c9, 0x68c9, 0x6c94, 0x7704, 0x7720, 0x7dbf, 0x7dec, 0x9762, 0x9eb5, 0x6ec5,
    0x8511, 0x51a5, 0x540d, 0x547d, 0x660e, 0x669d, 0x6927, 0x6e9f, 0x76bf, 0x7791, 0x8317, 0x84c2, 0x879f, 0x9169, 0x9298, 0x9cf4,
    0x8882, 0x4fae, 0x5192, 0x52df, 0x59c6, 0x5e3d, 0x6155, 0x6478, 0x6479, 0x66ae, 0x67d0, 0x6a21, 0x6bcd, 0x6bdb, 0x725f, 0x7261,
    0x7441, 0x7738, 0x77db, 0x8017, 0x82bc, 0x8305, 0x8b00, 0x8b28, 0x8c8c, 0x6728, 0x6c90, 0x7267, 0x76ee, 0x7766, 0x7a46, 0x9da9,
    0x6b7f, 0x6c92, 0x5922, 0x6726, 0x8499, 0x536f, 0x5893, 0x5999, 0x5edf, 0x63cf, 0x6634, 0x6773, 0x6e3a, 0x732b, 0x7ad7, 0x82d7,
    0x9328, 0x52d9, 0x5deb, 0x61ae, 0x61cb, 0x620a, 0x62c7, 0x64ab, 0x65e0, 0x6959, 0x6b66, 0x6bcb, 0x7121, 0x73f7, 0x755d, 0x7e46,
    0x821e, 0x8302, 0x856a, 0x8aa3, 0x8cbf, 0x9727, 0x9d61, 0x58a8, 0x9ed8, 0x5011, 0x520e, 0x543b, 0x554f, 0x6587, 0x6c76, 0x7d0a,
    0x7d0b, 0x805e, 0x868a, 0x9580, 0x96ef, 0x52ff, 0x6c95, 0x7269, 0x5473, 0x5a9a, 0x5c3e, 0x5d4b, 0x5f4c, 0x5fae, 0x672a, 0x68b6,
    0x6963, 0x6e3c, 0x6e44, 0x7709, 0x7c73, 0x7f8e, 0x8587, 0x8b0e, 0x8ff7, 0x9761, 0x9ef4, 0x5cb7, 0x60b6, 0x610d, 0x61ab, 0x654f,
    0x65fb, 0x65fc, 0x6c11, 0x6cef, 0x739f, 0x73c9, 0x7de1, 0x9594, 0x5bc6, 0x871c, 0x8b10, 0x525d, 0x535a, 0x62cd, 0x640f, 0x64b2,
    0x6734, 0x6a38, 0x6cca, 0x73c0, 0x749e, 0x7b94, 0x7c95, 0x7e1b, 0x818a, 0x8236, 0x8584, 0x8feb, 0x96f9, 0x99c1, 0x4f34, 0x534a,
    0x53cd, 0x53db, 0x62cc, 0x642c, 0x6500, 0x6591, 0x69c3, 0x6cee, 0x6f58, 0x73ed, 0x7554, 0x7622, 0x76e4, 0x76fc, 0x78d0, 0x78fb,
    0x792c, 0x7d46, 0x822c, 0x87e0, 0x8fd4, 0x9812, 0x98ef, 0x52c3, 0x62d4, 0x64a5, 0x6e24, 0x6f51, 0x767c, 0x8dcb, 0x91b1, 0x9262,
    0x9aee, 0x9b43, 0x5023, 0x508d, 0x574a, 0x59a8, 0x5c28, 0x5e47, 0x5f77, 0x623f, 0x653e, 0x65b9, 0x65c1, 0x6609, 0x678b, 0x699c,
    0x6ec2, 0x78c5, 0x7d21, 0x80aa, 0x8180, 0x822b, 0x82b3, 0x84a1, 0x868c, 0x8a2a, 0x8b17, 0x90a6, 0x9632, 0x9f90, 0x500d, 0x4ff3,
    0xf963, 0x57f9, 0x5f98, 0x62dc, 0x6392, 0x676f, 0x6e43, 0x7119, 0x76c3, 0x80cc, 0x80da, 0x88f4, 0x88f5, 0x8919, 0x8ce0, 0x8f29,
    0x914d, 0x966a, 0x4f2f, 0x4f70, 0x5e1b, 0x67cf, 0x6822, 0x767d, 0x767e, 0x9b44, 0x5e61, 0x6a0a, 0x7169, 0x71d4, 0x756a, 0xf964,
    0x7e41, 0x8543, 0x85e9, 0x98dc, 0x4f10, 0x7b4f, 0x7f70, 0x95a5, 0x51e1, 0x5e06, 0x68b5, 0x6c3e, 0x6c4e, 0x6cdb, 0x72af, 0x7bc4,
    0x8303, 0x6cd5, 0x743a, 0x50fb, 0x5288, 0x58c1, 0x64d8, 0x6a97, 0x74a7, 0x7656, 0x78a7, 0x8617, 0x95e2, 0x9739, 0xf965, 0x535e,
    0x5f01, 0x8b8a, 0x8fa8, 0x8faf, 0x908a, 0x5225, 0x77a5, 0x9c49, 0x9f08, 0x4e19, 0x5002, 0x5175, 0x5c5b, 0x5e77, 0x661e, 0x663a,
    0x67c4, 0x68c5, 0x70b3, 0x7501, 0x75c5, 0x79c9, 0x7add, 0x8f27, 0x9920, 0x9a08, 0x4fdd, 0x5821, 0x5831, 0x5bf6, 0x666e, 0x6b65,
    0x6d11, 0x6e7a, 0x6f7d, 0x73e4, 0x752b, 0x83e9, 0x88dc, 0x8913, 0x8b5c, 0x8f14, 0x4f0f, 0x50d5, 0x5310, 0x535c, 0x5b93, 0x5fa9,
    0x670d, 0x798f, 0x8179, 0x832f, 0x8514, 0x8907, 0x8986, 0x8f39, 0x8f3b, 0x99a5, 0x9c12, 0x672c, 0x4e76, 0x4ff8, 0x5949, 0x5c01,
    0x5cef, 0x5cf0, 0x6367, 0x68d2, 0x70fd, 0x71a2, 0x742b, 0x7e2b, 0x84ec, 0x8702, 0x9022, 0x92d2, 0x9cf3, 0x4e0d, 0x4ed8, 0x4fef,
    0x5085, 0x5256, 0x526f, 0x5426, 0x5490, 0x57e0, 0x592b, 0x5a66, 0x5b5a, 0x5b75, 0x5bcc, 0x5e9c, 0xf966, 0x6276, 0x6577, 0x65a7,
    0x6d6e, 0x6ea5, 0x7236, 0x7b26, 0x7c3f, 0x7f36, 0x8150, 0x8151, 0x819a, 0x8240, 0x8299, 0x83a9, 0x8a03, 0x8ca0, 0x8ce6, 0x8cfb,
    0x8d74, 0x8dba, 0x90e8, 0x91dc, 0x961c, 0x9644, 0x99d9, 0x9ce7, 0x5317, 0x5206, 0x5429, 0x5674, 0x58b3, 0x5954, 0x596e, 0x5fff,
    0x61a4, 0x626e, 0x6610, 0x6c7e, 0x711a, 0x76c6, 0x7c89, 0x7cde, 0x7d1b, 0x82ac, 0x8cc1, 0x96f0, 0xf967, 0x4f5b, 0x5f17, 0x5f7f,
    0x62c2, 0x5d29, 0x670b, 0x68da, 0x787c, 0x7e43, 0x9d6c, 0x4e15, 0x5099, 0x5315, 0x532a, 0x5351, 0x5983, 0x5a62, 0x5e87, 0x60b2,
    0x618a, 0x6249, 0x6279, 0x6590, 0x6787, 0x69a7, 0x6bd4, 0x6bd6, 0x6bd7, 0x6bd8, 0x6cb8, 0xf968, 0x7435, 0x75fa, 0x7812, 0x7891,
    0x79d5, 0x79d8, 0x7c83, 0x7dcb, 0x7fe1, 0x80a5, 0x813e, 0x81c2, 0x83f2, 0x871a, 0x88e8, 0x8ab9, 0x8b6c, 0x8cbb, 0x9119, 0x975e,
    0x98db, 0x9f3b, 0x56ac, 0x5b2a, 0x5f6c, 0x658c, 0x6ab3, 0x6baf, 0x6d5c, 0x6ff1, 0x7015, 0x725d, 0x73ad, 0x8ca7, 0x8cd3, 0x983b,
    0x6191, 0x6c37, 0x8058, 0x9a01, 0x4e4d, 0x4e8b, 0x4e9b, 0x4ed5, 0x4f3a, 0x4f3c, 0x4f7f, 0x4fdf, 0x50ff, 0x53f2, 0x53f8, 0x5506,
    0x55e3, 0x56db, 0x58eb, 0x5962, 0x5a11, 0x5beb, 0x5bfa, 0x5c04, 0x5df3, 0x5e2b, 0x5f99, 0x601d, 0x6368, 0x659c, 0x65af, 0x67f6,
    0x67fb, 0x68ad, 0x6b7b, 0x6c99, 0x6cd7, 0x6e23, 0x7009, 0x7345, 0x7802, 0x793e, 0x7940, 0x7960, 0x79c1, 0x7be9, 0x7d17, 0x7d72,
    0x8086, 0x820d, 0x838e, 0x84d1, 0x86c7, 0x88df, 0x8a50, 0x8a5e, 0x8b1d, 0x8cdc, 0x8d66, 0x8fad, 0x90aa, 0x98fc, 0x99df, 0x9e9d,
    0x524a, 0xf969, 0x6714, 0xf96a, 0x5098, 0x522a, 0x5c71, 0x6563, 0x6c55, 0x73ca, 0x7523, 0x759d, 0x7b97, 0x849c, 0x9178, 0x9730,
    0x4e77, 0x6492, 0x6bba, 0x715e, 0x85a9, 0x4e09, 0xf96b, 0x6749, 0x68ee, 0x6e17, 0x829f, 0x8518, 0x886b, 0x63f7, 0x6f81, 0x9212,
    0x98af, 0x4e0a, 0x50b7, 0x50cf, 0x511f, 0x5546, 0x55aa, 0x5617, 0x5b40, 0x5c19, 0x5ce0, 0x5e38, 0x5e8a, 0x5ea0, 0x5ec2, 0x60f3,
    0x6851, 0x6a61, 0x6e58, 0x723d, 0x7240, 0x72c0, 0x76f8, 0x7965, 0x7bb1, 0x7fd4, 0x88f3, 0x89f4, 0x8a73, 0x8c61, 0x8cde, 0x971c,
    0x585e, 0x74bd, 0x8cfd, 0x55c7, 0xf96c, 0x7a61, 0x7d22, 0x8272, 0x7272, 0x751f, 0x7525, 0xf96d, 0x7b19, 0x5885, 0x58fb, 0x5dbc,
    0x5e8f, 0x5eb6, 0x5f90, 0x6055, 0x6292, 0x637f, 0x654d, 0x6691, 0x66d9, 0x66f8, 0x6816, 0x68f2, 0x7280, 0x745e, 0x7b6e, 0x7d6e,
    0x7dd6, 0x7f72, 0x80e5, 0x8212, 0x85af, 0x897f, 0x8a93, 0x901d, 0x92e4, 0x9ecd, 0x9f20, 0x5915, 0x596d, 0x5e2d, 0x60dc, 0x6614,
    0x6673, 0x6790, 0x6c50, 0x6dc5, 0x6f5f, 0x77f3, 0x78a9, 0x84c6, 0x91cb, 0x932b, 0x4ed9, 0x50ca, 0x5148, 0x5584, 0x5b0b, 0x5ba3,
    0x6247, 0x657e, 0x65cb, 0x6e32, 0x717d, 0x7401, 0x7444, 0x7487, 0x74bf, 0x766c, 0x79aa, 0x7dda, 0x7e55, 0x7fa8, 0x817a, 0x81b3,
    0x8239, 0x861a, 0x87ec, 0x8a75, 0x8de3, 0x9078, 0x9291, 0x9425, 0x994d, 0x9bae, 0x5368, 0x5c51, 0x6954, 0x6cc4, 0x6d29, 0x6e2b,
    0x820c, 0x859b, 0x893b, 0x8a2d, 0x8aaa, 0x96ea, 0x9f67, 0x5261, 0x66b9, 0x6bb2, 0x7e96, 0x87fe, 0x8d0d, 0x9583, 0x965d, 0x651d,
    0x6d89, 0x71ee, 0xf96e, 0x57ce, 0x59d3, 0x5bac, 0x6027, 0x60fa, 0x6210, 0x661f, 0x665f, 0x7329, 0x73f9, 0x76db, 0x7701, 0x7b6c,
    0x8056, 0x8072, 0x8165, 0x8aa0, 0x9192, 0x4e16, 0x52e2, 0x6b72, 0x6d17, 0x7a05, 0x7b39, 0x7d30, 0xf96f, 0x8cb0, 0x53ec, 0x562f,
    0x5851, 0x5bb5, 0x5c0f, 0x5c11, 0x5de2, 0x6240, 0x6383, 0x6414, 0x662d, 0x68b3, 0x6cbc, 0x6d88, 0x6eaf, 0x701f, 0x70a4, 0x71d2,
    0x7526, 0x758f, 0x758e, 0x7619, 0x7b11, 0x7be0, 0x7c2b, 0x7d20, 0x7d39, 0x852c, 0x856d, 0x8607, 0x8a34, 0x900d, 0x9061, 0x90b5,
    0x92b7, 0x97f6, 0x9a37, 0x4fd7, 0x5c6c, 0x675f, 0x6d91, 0x7c9f, 0x7e8c, 0x8b16, 0x8d16, 0x901f, 0x5b6b, 0x5dfd, 0x640d, 0x84c0,
    0x905c, 0x98e1, 0x7387, 0x5b8b, 0x609a, 0x677e, 0x6dde, 0x8a1f, 0x8aa6, 0x9001, 0x980c, 0x5237, 0xf970, 0x7051, 0x788e, 0x9396,
    0x8870, 0x91d7, 0x4fee, 0x53d7, 0x55fd, 0x56da, 0x5782, 0x58fd, 0x5ac2, 0x5b88, 0x5cab, 0x5cc0, 0x5e25, 0x6101, 0x620d, 0x624b,
    0x6388, 0x641c, 0x6536, 0x6578, 0x6a39, 0x6b8a, 0x6c34, 0x6d19, 0x6f31, 0x71e7, 0x72e9, 0x7378, 0x7407, 0x74b2, 0x7626, 0x7761,
    0x79c0, 0x7a57, 0x7aea, 0x7cb9, 0x7d8f, 0x7dac, 0x7e61, 0x7f9e, 0x8129, 0x8331, 0x8490, 0x84da, 0x85ea, 0x8896, 0x8ab0, 0x8b90,
    0x8f38, 0x9042, 0x9083, 0x916c, 0x9296, 0x92b9, 0x968b, 0x96a7, 0x96a8, 0x96d6, 0x9700, 0x9808, 0x9996, 0x9ad3, 0x9b1a, 0x53d4,
    0x587e, 0x5919, 0x5b70, 0x5bbf, 0x6dd1, 0x6f5a, 0x719f, 0x7421, 0x74b9, 0x8085, 0x83fd, 0x5de1, 0x5f87, 0x5faa, 0x6042, 0x65ec,
    0x6812, 0x696f, 0x6a53, 0x6b89, 0x6d35, 0x6df3, 0x73e3, 0x76fe, 0x77ac, 0x7b4d, 0x7d14, 0x8123, 0x821c, 0x8340, 0x84f4, 0x8563,
    0x8a62, 0x8ac4, 0x9187, 0x931e, 0x9806, 0x99b4, 0x620c, 0x8853, 0x8ff0, 0x9265, 0x5d07, 0x5d27, 0x5d69, 0x745f, 0x819d, 0x8768,
    0x6fd5, 0x62fe, 0x7fd2, 0x8936, 0x8972, 0x4e1e, 0x4e58, 0x50e7, 0x52dd, 0x5347, 0x627f, 0x6607, 0x7e69, 0x8805, 0x965e, 0x4f8d,
    0x5319, 0x5636, 0x59cb, 0x5aa4, 0x5c38, 0x5c4e, 0x5c4d, 0x5e02, 0x5f11, 0x6043, 0x65bd, 0x662f, 0x6642, 0x67be, 0x67f4, 0x731c,
    0x77e2, 0x793a, 0x7fc5, 0x8494, 0x84cd, 0x8996, 0x8a66, 0x8a69, 0x8ae1, 0x8c55, 0x8c7a, 0x57f4, 0x5bd4, 0x5f0f, 0x606f, 0x62ed,
    0x690d, 0x6b96, 0x6e5c, 0x7184, 0x7bd2, 0x8755, 0x8b58, 0x8efe, 0x98df, 0x98fe, 0x4f38, 0x4f81, 0x4fe1, 0x547b, 0x5a20, 0x5bb8,
    0x613c, 0x65b0, 0x6668, 0x71fc, 0x7533, 0x795e, 0x7d33, 0x814e, 0x81e3, 0x8398, 0x85aa, 0x85ce, 0x8703, 0x8a0a, 0x8eab, 0x8f9b,
    0xf971, 0x8fc5, 0x5931, 0x5ba4, 0x5be6, 0x6089, 0x5be9, 0x5c0b, 0x5fc3, 0x6c81, 0xf972, 0x6df1, 0x700b, 0x751a, 0x82af, 0x8af6,
    0x4ec0, 0x5341, 0xf973, 0x96d9, 0x6c0f, 0x4e9e, 0x4fc4, 0x5152, 0x555e, 0x5a25, 0x5ce8, 0x6211, 0x7259, 0x82bd, 0x83aa, 0x86fe,
    0x8859, 0x8a1d, 0x963f, 0x96c5, 0x9913, 0x9d09, 0x9d5d, 0x580a, 0x5cb3, 0x5dbd, 0x5e44, 0x60e1, 0x6115, 0x63e1, 0x6a02, 0x6e25,
    0x9102, 0x9354, 0x984e, 0x9c10, 0x9f77, 0x5b89, 0x5cb8, 0x6309, 0x664f, 0x6848, 0x773c, 0x96c1, 0x978d, 0x9854, 0x9b9f, 0x65a1,
    0x8b01, 0x8ecb, 0x95bc, 0x5535, 0x5ca9, 0x5dd6, 0x5eb5, 0x6697, 0x764c, 0x83f4, 0x95c7, 0x58d3, 0x62bc, 0x72ce, 0x9d28, 0x4ef0,
    0x592e, 0x600f, 0x663b, 0x6b83, 0x79e7, 0x9d26, 0x5393, 0x54c0, 0x57c3, 0x5d16, 0x611b, 0x66d6, 0x6daf, 0x788d, 0x827e, 0x9698,
    0x9744, 0x5384, 0x627c, 0x6396, 0x6db2, 0x7e0a, 0x814b, 0x984d, 0x6afb, 0x7f4c, 0x9daf, 0x9e1a, 0x4e5f, 0x503b, 0x51b6, 0x591c,
    0x60f9, 0x63f6, 0x6930, 0x723a, 0x8036, 0xf974, 0x91ce, 0x5f31, 0xf975, 0xf976, 0x7d04, 0x82e5, 0x846f, 0x84bb, 0x85e5, 0x8e8d,
    0xf977, 0x4f6f, 0xf978, 0xf979, 0x58e4, 0x5b43, 0x6059, 0x63da, 0x6518, 0x656d, 0x6698, 0xf97a, 0x694a, 0x6a23, 0x6d0b, 0x7001,
    0x716c, 0x75d2, 0x760d, 0x79b3, 0x7a70, 0xf97b, 0x7f8a, 0xf97c, 0x8944, 0xf97d, 0x8b93, 0x91c0, 0x967d, 0xf97e, 0x990a, 0x5704,
    0x5fa1, 0x65bc, 0x6f01, 0x7600, 0x79a6, 0x8a9e, 0x99ad, 0x9b5a, 0x9f6c, 0x5104, 0x61b6, 0x6291, 0x6a8d, 0x81c6, 0x5043, 0x5830,
    0x5f66, 0x7109, 0x8a00, 0x8afa, 0x5b7c, 0x8616, 0x4ffa, 0x513c, 0x56b4, 0x5944, 0x63a9, 0x6df9, 0x5daa, 0x696d, 0x5186, 0x4e88,
    0x4f59, 0xf97f, 0xf980, 0xf981, 0x5982, 0xf982, 0xf983, 0x6b5f, 0x6c5d, 0xf984, 0x74b5, 0x7916, 0xf985, 0x8207, 0x8245, 0x8339,
    0x8f3f, 0x8f5d, 0xf986, 0x9918, 0xf987, 0xf988, 0xf989, 0x4ea6, 0xf98a, 0x57df, 0x5f79, 0x6613, 0xf98b, 0xf98c, 0x75ab, 0x7e79,
    0x8b6f, 0xf98d, 0x9006, 0x9a5b, 0x56a5, 0x5827, 0x59f8, 0x5a1f, 0x5bb4, 0xf98e, 0x5ef6, 0xf98f, 0xf990, 0x6350, 0x633b, 0xf991,
    0x693d, 0x6c87, 0x6cbf, 0x6d8e, 0x6d93, 0x6df5, 0x6f14, 0xf992, 0x70df, 0x7136, 0x7159, 0xf993, 0x71c3, 0x71d5, 0xf994, 0x784f,
    0x786f, 0xf995, 0x7b75, 0x7de3, 0xf996, 0x7e2f, 0xf997, 0x884d, 0x8edf, 0xf998, 0xf999, 0xf99a, 0x925b, 0xf99b, 0x9cf6, 0xf99c,
    0xf99d, 0xf99e, 0x6085, 0x6d85, 0xf99f, 0x71b1, 0xf9a0, 0xf9a1, 0x95b1, 0x53ad, 0xf9a2, 0xf9a3, 0xf9a4, 0x67d3, 0xf9a5, 0x708e,
    0x7130, 0x7430, 0x8276, 0x82d2, 0xf9a6, 0x95bb, 0x9ae5, 0x9e7d, 0x66c4, 0xf9a7, 0x71c1, 0x8449, 0xf9a8, 0xf9a9, 0x584b, 0xf9aa,
    0xf9ab, 0x5db8, 0x5f71, 0xf9ac, 0x6620, 0x668e, 0x6979, 0x69ae, 0x6c38, 0x6cf3, 0x6e36, 0x6f41, 0x6fda, 0x701b, 0x702f, 0x7150,
    0x71df, 0x7370, 0xf9ad, 0x745b, 0xf9ae, 0x74d4, 0x76c8, 0x7a4e, 0x7e93, 0xf9af, 0xf9b0, 0x82f1, 0x8a60, 0x8fce, 0xf9b1, 0x9348,
    0xf9b2, 0x9719, 0xf9b3, 0xf9b4, 0x4e42, 0x502a, 0xf9b5, 0x5208, 0x53e1, 0x66f3, 0x6c6d, 0x6fca, 0x730a, 0x777f, 0x7a62, 0x82ae,
    0x85dd, 0x8602, 0xf9b6, 0x88d4, 0x8a63, 0x8b7d, 0x8c6b, 0xf9b7, 0x92b3, 0xf9b8, 0x9713, 0x9810, 0x4e94, 0x4f0d, 0x4fc9, 0x50b2,
    0x5348, 0x543e, 0x5433, 0x55da, 0x5862, 0x58ba, 0x5967, 0x5a1b, 0x5be4, 0x609f, 0xf9b9, 0x61ca, 0x6556, 0x65ff, 0x6664, 0x68a7,
    0x6c5a, 0x6fb3, 0x70cf, 0x71ac, 0x7352, 0x7b7d, 0x8708, 0x8aa4, 0x9c32, 0x9f07, 0x5c4b, 0x6c83, 0x7344, 0x7389, 0x923a, 0x6eab,
    0x7465, 0x761f, 0x7a69, 0x7e15, 0x860a, 0x5140, 0x58c5, 0x64c1, 0x74ee, 0x7515, 0x7670, 0x7fc1, 0x9095, 0x96cd, 0x9954, 0x6e26,
    0x74e6, 0x7aa9, 0x7aaa, 0x81e5, 0x86d9, 0x8778, 0x8a1b, 0x5a49, 0x5b8c, 0x5b9b, 0x68a1, 0x6900, 0x6d63, 0x73a9, 0x7413, 0x742c,
    0x7897, 0x7de9, 0x7feb, 0x8118, 0x8155, 0x839e, 0x8c4c, 0x962e, 0x9811, 0x66f0, 0x5f80, 0x65fa, 0x6789, 0x6c6a, 0x738b, 0x502d,
    0x5a03, 0x6b6a, 0x77ee, 0x5916, 0x5d6c, 0x5dcd, 0x7325, 0x754f, 0xf9ba, 0xf9bb, 0x50e5, 0x51f9, 0x582f, 0x592d, 0x5996, 0x59da,
    0x5be5, 0xf9bc, 0xf9bd, 0x5da2, 0x62d7, 0x6416, 0x6493, 0x64fe, 0xf9be, 0x66dc, 0xf9bf, 0x6a48, 0xf9c0, 0x71ff, 0x7464, 0xf9c1,
    0x7a88, 0x7aaf, 0x7e47, 0x7e5e, 0x8000, 0x8170, 0xf9c2, 0x87ef, 0x8981, 0x8b20, 0x9059, 0xf9c3, 0x9080, 0x9952, 0x617e, 0x6b32,
    0x6d74, 0x7e1f, 0x8925, 0x8fb1, 0x4fd1, 0x50ad, 0x5197, 0x52c7, 0x57c7, 0x5889, 0x5bb9, 0x5eb8, 0x6142, 0x6995, 0x6d8c, 0x6e67,
    0x6eb6, 0x7194, 0x7462, 0x7528, 0x752c, 0x8073, 0x8338, 0x84c9, 0x8e0a, 0x9394, 0x93de, 0xf9c4, 0x4e8e, 0x4f51, 0x5076, 0x512a,
    0x53c8, 0x53cb, 0x53f3, 0x5b87, 0x5bd3, 0x5c24, 0x611a, 0x6182, 0x65f4, 0x725b, 0x7397, 0x7440, 0x76c2, 0x7950, 0x7991, 0x79b9,
    0x7d06, 0x7fbd, 0x828b, 0x85d5, 0x865e, 0x8fc2, 0x9047, 0x90f5, 0x91ea, 0x9685, 0x96e8, 0x96e9, 0x52d6, 0x5f67, 0x65ed, 0x6631,
    0x682f, 0x715c, 0x7a36, 0x90c1, 0x980a, 0x4e91, 0xf9c5, 0x6a52, 0x6b9e, 0x6f90, 0x7189, 0x8018, 0x82b8, 0x8553, 0x904b, 0x9695,
    0x96f2, 0x97fb, 0x851a, 0x9b31, 0x4e90, 0x718a, 0x96c4, 0x5143, 0x539f, 0x54e1, 0x5713, 0x5712, 0x57a3, 0x5a9b, 0x5ac4, 0x5bc3,
    0x6028, 0x613f, 0x63f4, 0x6c85, 0x6d39, 0x6e72, 0x6e90, 0x7230, 0x733f, 0x7457, 0x82d1, 0x8881, 0x8f45, 0x9060, 0xf9c6, 0x9662,
    0x9858, 0x9d1b, 0x6708, 0x8d8a, 0x925e, 0x4f4d, 0x5049, 0x50de, 0x5371, 0x570d, 0x59d4, 0x5a01, 0x5c09, 0x6170, 0x6690, 0x6e2d,
    0x7232, 0x744b, 0x7def, 0x80c3, 0x840e, 0x8466, 0x853f, 0x875f, 0x885b, 0x8918, 0x8b02, 0x9055, 0x97cb, 0x9b4f, 0x4e73, 0x4f91,
    0x5112, 0x516a, 0xf9c7, 0x552f, 0x55a9, 0x5b7a, 0x5ba5, 0x5e7c, 0x5e7d, 0x5ebe, 0x60a0, 0x60df, 0x6108, 0x6109, 0x63c4, 0x6538,
    0x6709, 0xf9c8, 0x67d4, 0x67da, 0xf9c9, 0x6961, 0x6962, 0x6cb9, 0x6d27, 0xf9ca, 0x6e38, 0xf9cb, 0x6fe1, 0x7336, 0x7337, 0xf9cc,
    0x745c, 0x7531, 0xf9cd, 0x7652, 0xf9ce, 0xf9cf, 0x7dad, 0x81fe, 0x8438, 0x88d5, 0x8a98, 0x8adb, 0x8aed, 0x8e30, 0x8e42, 0x904a,
    0x903e, 0x907a, 0x9149, 0x91c9, 0x936e, 0xf9d0, 0xf9d1, 0x5809, 0xf9d2, 0x6bd3, 0x8089, 0x80b2, 0xf9d3, 0xf9d4, 0x5141, 0x596b,
    0x5c39, 0xf9d5, 0xf9d6, 0x6f64, 0x73a7, 0x80e4, 0x8d07, 0xf9d7, 0x9217, 0x958f, 0xf9d8, 0xf9d9, 0xf9da, 0xf9db, 0x807f, 0x620e,
    0x701c, 0x7d68, 0x878d, 0xf9dc, 0x57a0, 0x6069, 0x6147, 0x6bb7, 0x8abe, 0x9280, 0x96b1, 0x4e59, 0x541f, 0x6deb, 0x852d, 0x9670,
    0x97f3, 0x98ee, 0x63d6, 0x6ce3, 0x9091, 0x51dd, 0x61c9, 0x81ba, 0x9df9, 0x4f9d, 0x501a, 0x5100, 0x5b9c, 0x610f, 0x61ff, 0x64ec,
    0x6905, 0x6bc5, 0x7591, 0x77e3, 0x7fa9, 0x8264, 0x858f, 0x87fb, 0x8863, 0x8abc, 0x8b70, 0x91ab, 0x4e8c, 0x4ee5, 0x4f0a, 0xf9dd,
    0xf9de, 0x5937, 0x59e8, 0xf9df, 0x5df2, 0x5f1b, 0x5f5b, 0x6021, 0xf9e0, 0xf9e1, 0xf9e2, 0xf9e3, 0x723e, 0x73e5, 0xf9e4, 0x7570,
    0x75cd, 0xf9e5, 0x79fb, 0xf9e6, 0x800c, 0x8033, 0x8084, 0x82e1, 0x8351, 0xf9e7, 0xf9e8, 0x8cbd, 0x8cb3, 0x9087, 0xf9e9, 0xf9ea,
    0x98f4, 0x990c, 0xf9eb, 0xf9ec, 0x7037, 0x76ca, 0x7fca, 0x7fcc, 0x7ffc, 0x8b1a, 0x4eba, 0x4ec1, 0x5203, 0x5370, 0xf9ed, 0x54bd,
    0x56e0, 0x59fb, 0x5bc5, 0x5f15, 0x5fcd, 0x6e6e, 0xf9ee, 0xf9ef, 0x7d6a, 0x8335, 0xf9f0, 0x8693, 0x8a8d, 0xf9f1, 0x976d, 0x9777,
    0xf9f2, 0xf9f3, 0x4e00, 0x4f5a, 0x4f7e, 0x58f9, 0x65e5, 0x6ea2, 0x9038, 0x93b0, 0x99b9, 0x4efb, 0x58ec, 0x598a, 0x59d9, 0x6041,
    0xf9f4, 0xf9f5, 0x7a14, 0xf9f6, 0x834f, 0x8cc3, 0x5165, 0x5344, 0xf9f7, 0xf9f8, 0xf9f9, 0x4ecd, 0x5269, 0x5b55, 0x82bf, 0x4ed4,
    0x523a, 0x54a8, 0x59c9, 0x59ff, 0x5b50, 0x5b57, 0x5b5c, 0x6063, 0x6148, 0x6ecb, 0x7099, 0x716e, 0x7386, 0x74f7, 0x75b5, 0x78c1,
    0x7d2b, 0x8005, 0x81ea, 0x8328, 0x8517, 0x85c9, 0x8aee, 0x8cc7, 0x96cc, 0x4f5c, 0x52fa, 0x56bc, 0x65ab, 0x6628, 0x707c, 0x70b8,
    0x7235, 0x7dbd, 0x828d, 0x914c, 0x96c0, 0x9d72, 0x5b71, 0x68e7, 0x6b98, 0x6f7a, 0x76de, 0x5c91, 0x66ab, 0x6f5b, 0x7bb4, 0x7c2a,
    0x8836, 0x96dc, 0x4e08, 0x4ed7, 0x5320, 0x5834, 0x58bb, 0x58ef, 0x596c, 0x5c07, 0x5e33, 0x5e84, 0x5f35, 0x638c, 0x66b2, 0x6756,
    0x6a1f, 0x6aa3, 0x6b0c, 0x6f3f, 0x7246, 0xf9fa, 0x7350, 0x748b, 0x7ae0, 0x7ca7, 0x8178, 0x81df, 0x81e7, 0x838a, 0x846c, 0x8523,
    0x8594, 0x85cf, 0x88dd, 0x8d13, 0x91ac, 0x9577, 0x969c, 0x518d, 0x54c9, 0x5728, 0x5bb0, 0x624d, 0x6750, 0x683d, 0x6893, 0x6e3d,
    0x6ed3, 0x707d, 0x7e21, 0x88c1, 0x8ca1, 0x8f09, 0x9f4b, 0x9f4e, 0x722d, 0x7b8f, 0x8acd, 0x931a, 0x4f47, 0x4f4e, 0x5132, 0x5480,
    0x59d0, 0x5e95, 0x62b5, 0x6775, 0x696e, 0x6a17, 0x6cae, 0x6e1a, 0x72d9, 0x732a, 0x75bd, 0x7bb8, 0x7d35, 0x82e7, 0x83f9, 0x8457,
    0x85f7, 0x8a5b, 0x8caf, 0x8e87, 0x9019, 0x90b8, 0x96ce, 0x9f5f, 0x52e3, 0x540a, 0x5ae1, 0x5bc2, 0x6458, 0x6575, 0x6ef4, 0x72c4,
    0xf9fb, 0x7684, 0x7a4d, 0x7b1b, 0x7c4d, 0x7e3e, 0x7fdf, 0x837b, 0x8b2b, 0x8cca, 0x8d64, 0x8de1, 0x8e5f, 0x8fea, 0x8ff9, 0x9069,
    0x93d1, 0x4f43, 0x4f7a, 0x50b3, 0x5168, 0x5178, 0x524d, 0x526a, 0x5861, 0x587c, 0x5960, 0x5c08, 0x5c55, 0x5edb, 0x609b, 0x6230,
    0x6813, 0x6bbf, 0x6c08, 0x6fb1, 0x714e, 0x7420, 0x7530, 0x7538, 0x7551, 0x7672, 0x7b4c, 0x7b8b, 0x7bad, 0x7bc6, 0x7e8f, 0x8a6e,
    0x8f3e, 0x8f49, 0x923f, 0x9293, 0x9322, 0x942b, 0x96fb, 0x985a, 0x986b, 0x991e, 0x5207, 0x622a, 0x6298, 0x6d59, 0x7664, 0x7aca,
    0x7bc0, 0x7d76, 0x5360, 0x5cbe, 0x5e97, 0x6f38, 0x70b9, 0x7c98, 0x9711, 0x9b8e, 0x9ede, 0x63a5, 0x647a, 0x8776, 0x4e01, 0x4e95,
    0x4ead, 0x505c, 0x5075, 0x5448, 0x59c3, 0x5b9a, 0x5e40, 0x5ead, 0x5ef7, 0x5f81, 0x60c5, 0x633a, 0x653f, 0x6574, 0x65cc, 0x6676,
    0x6678, 0x67fe, 0x6968, 0x6a89, 0x6b63, 0x6c40, 0x6dc0, 0x6de8, 0x6e1f, 0x6e5e, 0x701e, 0x70a1, 0x738e, 0x73fd, 0x753a, 0x775b,
    0x7887, 0x798e, 0x7a0b, 0x7a7d, 0x7cbe, 0x7d8e, 0x8247, 0x8a02, 0x8aea, 0x8c9e, 0x912d, 0x914a, 0x91d8, 0x9266, 0x92cc, 0x9320,
    0x9706, 0x9756, 0x975c, 0x9802, 0x9f0e, 0x5236, 0x5291, 0x557c, 0x5824, 0x5e1d, 0x5f1f, 0x608c, 0x63d0, 0x68af, 0x6fdf, 0x796d,
    0x7b2c, 0x81cd, 0x85ba, 0x88fd, 0x8af8, 0x8e44, 0x918d, 0x9664, 0x969b, 0x973d, 0x984c, 0x9f4a, 0x4fce, 0x5146, 0x51cb, 0x52a9,
    0x5632, 0x5f14, 0x5f6b, 0x63aa, 0x64cd, 0x65e9, 0x6641, 0x66fa, 0x66f9, 0x671d, 0x689d, 0x68d7, 0x69fd, 0x6f15, 0x6f6e, 0x7167,
    0x71e5, 0x722a, 0x74aa, 0x773a, 0x7956, 0x795a, 0x79df, 0x7a20, 0x7a95, 0x7c97, 0x7cdf, 0x7d44, 0x7e70, 0x8087, 0x85fb, 0x86a4,
    0x8a54, 0x8abf, 0x8d99, 0x8e81, 0x9020, 0x906d, 0x91e3, 0x963b, 0x96d5, 0x9ce5, 0x65cf, 0x7c07, 0x8db3, 0x93c3, 0x5b58, 0x5c0a,
    0x5352, 0x62d9, 0x731d, 0x5027, 0x5b97, 0x5f9e, 0x60b0, 0x616b, 0x68d5, 0x6dd9, 0x742e, 0x7a2e, 0x7d42, 0x7d9c, 0x7e31, 0x816b,
    0x8e2a, 0x8e35, 0x937e, 0x9418, 0x4f50, 0x5750, 0x5de6, 0x5ea7, 0x632b, 0x7f6a, 0x4e3b, 0x4f4f, 0x4f8f, 0x505a, 0x59dd, 0x80c4,
    0x546a, 0x5468, 0x55fe, 0x594f, 0x5b99, 0x5dde, 0x5eda, 0x665d, 0x6731, 0x67f1, 0x682a, 0x6ce8, 0x6d32, 0x6e4a, 0x6f8d, 0x70b7,
    0x73e0, 0x7587, 0x7c4c, 0x7d02, 0x7d2c, 0x7da2, 0x821f, 0x86db, 0x8a3b, 0x8a85, 0x8d70, 0x8e8a, 0x8f33, 0x9031, 0x914e, 0x9152,
    0x9444, 0x99d0, 0x7af9, 0x7ca5, 0x4fca, 0x5101, 0x51c6, 0x57c8, 0x5bef, 0x5cfb, 0x6659, 0x6a3d, 0x6d5a, 0x6e96, 0x6fec, 0x710c,
    0x756f, 0x7ae3, 0x8822, 0x9021, 0x9075, 0x96cb, 0x99ff, 0x8301, 0x4e2d, 0x4ef2, 0x8846, 0x91cd, 0x537d, 0x6adb, 0x696b, 0x6c41,
    0x847a, 0x589e, 0x618e, 0x66fe, 0x62ef, 0x70dd, 0x7511, 0x75c7, 0x7e52, 0x84b8, 0x8b49, 0x8d08, 0x4e4b, 0x53ea, 0x54ab, 0x5730,
    0x5740, 0x5fd7, 0x6301, 0x6307, 0x646f, 0x652f, 0x65e8, 0x667a, 0x679d, 0x67b3, 0x6b62, 0x6c60, 0x6c9a, 0x6f2c, 0x77e5, 0x7825,
    0x7949, 0x7957, 0x7d19, 0x80a2, 0x8102, 0x81f3, 0x829d, 0x82b7, 0x8718, 0x8a8c, 0xf9fc, 0x8d04, 0x8dbe, 0x9072, 0x76f4, 0x7a19,
    0x7a37, 0x7e54, 0x8077, 0x5507, 0x55d4, 0x5875, 0x632f, 0x6422, 0x6649, 0x664b, 0x686d, 0x699b, 0x6b84, 0x6d25, 0x6eb1, 0x73cd,
    0x7468, 0x74a1, 0x755b, 0x75b9, 0x76e1, 0x771e, 0x778b, 0x79e6, 0x7e09, 0x7e1d, 0x81fb, 0x852f, 0x8897, 0x8a3a, 0x8cd1, 0x8eeb,
    0x8fb0, 0x9032, 0x93ad, 0x9663, 0x9673, 0x9707, 0x4f84, 0x53f1, 0x59ea, 0x5ac9, 0x5e19, 0x684e, 0x74c6, 0x75be, 0x79e9, 0x7a92,
    0x81a3, 0x86ed, 0x8cea, 0x8dcc, 0x8fed, 0x659f, 0x6715, 0xf9fd, 0x57f7, 0x6f57, 0x7ddd, 0x8f2f, 0x93f6, 0x96c6, 0x5fb5, 0x61f2,
    0x6f84, 0x4e14, 0x4f98, 0x501f, 0x53c9, 0x55df, 0x5d6f, 0x5dee, 0x6b21, 0x6b64, 0x78cb, 0x7b9a, 0xf9fe, 0x8e49, 0x8eca, 0x906e,
    0x6349, 0x643e, 0x7740, 0x7a84, 0x932f, 0x947f, 0x9f6a, 0x64b0, 0x6faf, 0x71e6, 0x74a8, 0x74da, 0x7ac4, 0x7c12, 0x7e82, 0x7cb2,
    0x7e98, 0x8b9a, 0x8d0a, 0x947d, 0x9910, 0x994c, 0x5239, 0x5bdf, 0x64e6, 0x672d, 0x7d2e, 0x50ed, 0x53c3, 0x5879, 0x6158, 0x6159,
    0x61fa, 0x65ac, 0x7ad9, 0x8b92, 0x8b96, 0x5009, 0x5021, 0x5275, 0x5531, 0x5a3c, 0x5ee0, 0x5f70, 0x6134, 0x655e, 0x660c, 0x6636,
    0x66a2, 0x69cd, 0x6ec4, 0x6f32, 0x7316, 0x7621, 0x7a93, 0x8139, 0x8259, 0x83d6, 0x84bc, 0x50b5, 0x57f0, 0x5bc0, 0x5be8, 0x5f69,
    0x63a1, 0x7826, 0x7db5, 0x83dc, 0x8521, 0x91c7, 0x91f5, 0x518a, 0x67f5, 0x7b56, 0x8cac, 0x51c4, 0x59bb, 0x60bd, 0x8655, 0x501c,
    0xf9ff, 0x5254, 0x5c3a, 0x617d, 0x621a, 0x62d3, 0x64f2, 0x65a5, 0x6ecc, 0x7620, 0x810a, 0x8e60, 0x965f, 0x96bb, 0x4edf, 0x5343,
    0x5598, 0x5929, 0x5ddd, 0x64c5, 0x6cc9, 0x6dfa, 0x7394, 0x7a7f, 0x821b, 0x85a6, 0x8ce4, 0x8e10, 0x9077, 0x91e7, 0x95e1, 0x9621,
    0x97c6, 0x51f8, 0x54f2, 0x5586, 0x5fb9, 0x64a4, 0x6f88, 0x7db4, 0x8f1f, 0x8f4d, 0x9435, 0x50c9, 0x5c16, 0x6cbe, 0x6dfb, 0x751b,
    0x77bb, 0x7c3d, 0x7c64, 0x8a79, 0x8ac2, 0x581e, 0x59be, 0x5e16, 0x6377, 0x7252, 0x758a, 0x776b, 0x8adc, 0x8cbc, 0x8f12, 0x5ef3,
    0x6674, 0x6df8, 0x807d, 0x83c1, 0x8acb, 0x9751, 0x9bd6, 0xfa00, 0x5243, 0x66ff, 0x6d95, 0x6eef, 0x7de0, 0x8ae6, 0x902e, 0x905e,
    0x9ad4, 0x521d, 0x527f, 0x54e8, 0x6194, 0x6284, 0x62db, 0x68a2, 0x6912, 0x695a, 0x6a35, 0x7092, 0x7126, 0x785d, 0x7901, 0x790e,
    0x79d2, 0x7a0d, 0x8096, 0x8278, 0x82d5, 0x8349, 0x8549, 0x8c82, 0x8d85, 0x9162, 0x918b, 0x91ae, 0x4fc3, 0x56d1, 0x71ed, 0x77d7,
    0x8700, 0x89f8, 0x5bf8, 0x5fd6, 0x6751, 0x90a8, 0x53e2, 0x585a, 0x5bf5, 0x60a4, 0x6181, 0x6460, 0x7e3d, 0x8070, 0x8525, 0x9283,
    0x64ae, 0x50ac, 0x5d14, 0x6700, 0x589c, 0x62bd, 0x63a8, 0x690e, 0x6978, 0x6a1e, 0x6e6b, 0x76ba, 0x79cb, 0x82bb, 0x8429, 0x8acf,
    0x8da8, 0x8ffd, 0x9112, 0x914b, 0x919c, 0x9310, 0x9318, 0x939a, 0x96db, 0x9a36, 0x9c0d, 0x4e11, 0x755c, 0x795d, 0x7afa, 0x7b51,
    0x7bc9, 0x7e2e, 0x84c4, 0x8e59, 0x8e74, 0x8ef8, 0x9010, 0x6625, 0x693f, 0x7443, 0x51fa, 0x672e, 0x9edc, 0x5145, 0x5fe0, 0x6c96,
    0x87f2, 0x885d, 0x8877, 0x60b4, 0x81b5, 0x8403, 0x8d05, 0x53d6, 0x5439, 0x5634, 0x5a36, 0x5c31, 0x708a, 0x7fe0, 0x805a, 0x8106,
    0x81ed, 0x8da3, 0x9189, 0x9a5f, 0x9df2, 0x5074, 0x4ec4, 0x53a0, 0x60fb, 0x6e2c, 0x5c64, 0x4f88, 0x5024, 0x55e4, 0x5cd9, 0x5e5f,
    0x6065, 0x6894, 0x6cbb, 0x6dc4, 0x71be, 0x75d4, 0x75f4, 0x7661, 0x7a1a, 0x7a49, 0x7dc7, 0x7dfb, 0x7f6e, 0x81f4, 0x86a9, 0x8f1c,
    0x96c9, 0x99b3, 0x9f52, 0x5247, 0x52c5, 0x98ed, 0x89aa, 0x4e03, 0x67d2, 0x6f06, 0x4fb5, 0x5be2, 0x6795, 0x6c88, 0x6d78, 0x741b,
    0x7827, 0x91dd, 0x937c, 0x87c4, 0x79e4, 0x7a31, 0x5feb, 0x4ed6, 0x54a4, 0x553e, 0x58ae, 0x59a5, 0x60f0, 0x6253, 0x62d6, 0x6736,
    0x6955, 0x8235, 0x9640, 0x99b1, 0x99dd, 0x502c, 0x5353, 0x5544, 0x577c, 0xfa01, 0x6258, 0xfa02, 0x64e2, 0x666b, 0x67dd, 0x6fc1,
    0x6fef, 0x7422, 0x7438, 0x8a17, 0x9438, 0x5451, 0x5606, 0x5766, 0x5f48, 0x619a, 0x6b4e, 0x7058, 0x70ad, 0x7dbb, 0x8a95, 0x596a,
    0x812b, 0x63a2, 0x7708, 0x803d, 0x8caa, 0x5854, 0x642d, 0x69bb, 0x5b95, 0x5e11, 0x6e6f, 0xfa03, 0x8569, 0x514c, 0x53f0, 0x592a,
    0x6020, 0x614b, 0x6b86, 0x6c70, 0x6cf0, 0x7b1e, 0x80ce, 0x82d4, 0x8dc6, 0x90b0, 0x98b1, 0xfa04, 0x64c7, 0x6fa4, 0x6491, 0x6504,
    0x514e, 0x5410, 0x571f, 0x8a0e, 0x615f, 0x6876, 0xfa05, 0x75db, 0x7b52, 0x7d71, 0x901a, 0x5806, 0x69cc, 0x817f, 0x892a, 0x9000,
    0x9839, 0x5078, 0x5957, 0x59ac, 0x6295, 0x900f, 0x9b2a, 0x615d, 0x7279, 0x95d6, 0x5761, 0x5a46, 0x5df4, 0x628a, 0x64ad, 0x64fa,
    0x6777, 0x6ce2, 0x6d3e, 0x722c, 0x7436, 0x7834, 0x7f77, 0x82ad, 0x8ddb, 0x9817, 0x5224, 0x5742, 0x677f, 0x7248, 0x74e3, 0x8ca9,
    0x8fa6, 0x9211, 0x962a, 0x516b, 0x53ed, 0x634c, 0x4f69, 0x5504, 0x6096, 0x6557, 0x6c9b, 0x6d7f, 0x724c, 0x72fd, 0x7a17, 0x8987,
    0x8c9d, 0x5f6d, 0x6f8e, 0x70f9, 0x81a8, 0x610e, 0x4fbf, 0x504f, 0x6241, 0x7247, 0x7bc7, 0x7de8, 0x7fe9, 0x904d, 0x97ad, 0x9a19,
    0x8cb6, 0x576a, 0x5e73, 0x67b0, 0x840d, 0x8a55, 0x5420, 0x5b16, 0x5e63, 0x5ee2, 0x5f0a, 0x6583, 0x80ba, 0x853d, 0x9589, 0x965b,
    0x4f48, 0x5305, 0x530d, 0x530f, 0x5486, 0x54fa, 0x5703, 0x5e03, 0x6016, 0x629b, 0x62b1, 0x6355, 0xfa06, 0x6ce1, 0x6d66, 0x75b1,
    0x7832, 0x80de, 0x812f, 0x82de, 0x8461, 0x84b2, 0x888d, 0x8912, 0x900b, 0x92ea, 0x98fd, 0x9b91, 0x5e45, 0x66b4, 0x66dd, 0x7011,
    0x7206, 0xfa07, 0x4ff5, 0x527d, 0x5f6a, 0x6153, 0x6753, 0x6a19, 0x6f02, 0x74e2, 0x7968, 0x8868, 0x8c79, 0x98c7, 0x98c4, 0x9a43,
    0x54c1, 0x7a1f, 0x6953, 0x8af7, 0x8c4a, 0x98a8, 0x99ae, 0x5f7c, 0x62ab, 0x75b2, 0x76ae, 0x88ab, 0x907f, 0x9642, 0x5339, 0x5f3c,
    0x5fc5, 0x6ccc, 0x73cc, 0x7562, 0x758b, 0x7b46, 0x82fe, 0x999d, 0x4e4f, 0x903c, 0x4e0b, 0x4f55, 0x53a6, 0x590f, 0x5ec8, 0x6630,
    0x6cb3, 0x7455, 0x8377, 0x8766, 0x8cc0, 0x9050, 0x971e, 0x9c15, 0x58d1, 0x5b78, 0x8650, 0x8b14, 0x9db4, 0x5bd2, 0x6068, 0x608d,
    0x65f1, 0x6c57, 0x6f22, 0x6fa3, 0x701a, 0x7f55, 0x7ff0, 0x9591, 0x9592, 0x9650, 0x97d3, 0x5272, 0x8f44, 0x51fd, 0x542b, 0x54b8,
    0x5563, 0x558a, 0x6abb, 0x6db5, 0x7dd8, 0x8266, 0x929c, 0x9677, 0x9e79, 0x5408, 0x54c8, 0x76d2, 0x86e4, 0x95a4, 0x95d4, 0x965c,
    0x4ea2, 0x4f09, 0x59ee, 0x5ae6, 0x5df7, 0x6052, 0x6297, 0x676d, 0x6841, 0x6c86, 0x6e2f, 0x7f38, 0x809b, 0x822a, 0xfa08, 0xfa09,
    0x9805, 0x4ea5, 0x5055, 0x54b3, 0x5793, 0x595a, 0x5b69, 0x5bb3, 0x61c8, 0x6977, 0x6d77, 0x7023, 0x87f9, 0x89e3, 0x8a72, 0x8ae7,
    0x9082, 0x99ed, 0x9ab8, 0x52be, 0x6838, 0x5016, 0x5e78, 0x674f, 0x8347, 0x884c, 0x4eab, 0x5411, 0x56ae, 0x73e6, 0x9115, 0x97ff,
    0x9909, 0x9957, 0x9999, 0x5653, 0x589f, 0x865b, 0x8a31, 0x61b2, 0x6af6, 0x737b, 0x8ed2, 0x6b47, 0x96aa, 0x9a57, 0x5955, 0x7200,
    0x8d6b, 0x9769, 0x4fd4, 0x5cf4, 0x5f26, 0x61f8, 0x665b, 0x6ceb, 0x70ab, 0x7384, 0x73b9, 0x73fe, 0x7729, 0x774d, 0x7d43, 0x7d62,
    0x7e23, 0x8237, 0x8852, 0xfa0a, 0x8ce2, 0x9249, 0x986f, 0x5b51, 0x7a74, 0x8840, 0x9801, 0x5acc, 0x4fe0, 0x5354, 0x593e, 0x5cfd,
    0x633e, 0x6d79, 0x72f9, 0x8105, 0x8107, 0x83a2, 0x92cf, 0x9830, 0x4ea8, 0x5144, 0x5211, 0x578b, 0x5f62, 0x6cc2, 0x6ece, 0x7005,
    0x7050, 0x70af, 0x7192, 0x73e9, 0x7469, 0x834a, 0x87a2, 0x8861, 0x9008, 0x90a2, 0x93a3, 0x99a8, 0x516e, 0x5f57, 0x60e0, 0x6167,
    0x66b3, 0x8559, 0x8e4a, 0x91af, 0x978b, 0x4e4e, 0x4e92, 0x547c, 0x58d5, 0x58fa, 0x597d, 0x5cb5, 0x5f27, 0x6236, 0x6248, 0x660a,
    0x6667, 0x6beb, 0x6d69, 0x6dcf, 0x6e56, 0x6ef8, 0x6f94, 0x6fe0, 0x6fe9, 0x705d, 0x72d0, 0x7425, 0x745a, 0x74e0, 0x7693, 0x795c,
    0x7cca, 0x7e1e, 0x80e1, 0x82a6, 0x846b, 0x84bf, 0x864e, 0x865f, 0x8774, 0x8b77, 0x8c6a, 0x93ac, 0x9800, 0x9865, 0x60d1, 0x6216,
    0x9177, 0x5a5a, 0x660f, 0x6df7, 0x6e3e, 0x743f, 0x9b42, 0x5ffd, 0x60da, 0x7b0f, 0x54c4, 0x5f18, 0x6c5e, 0x6cd3, 0x6d2a, 0x70d8,
    0x7d05, 0x8679, 0x8a0c, 0x9d3b, 0x5316, 0x548c, 0x5b05, 0x6a3a, 0x706b, 0x7575, 0x798d, 0x79be, 0x82b1, 0x83ef, 0x8a71, 0x8b41,
    0x8ca8, 0x9774, 0xfa0b, 0x64f4, 0x652b, 0x78ba, 0x78bb, 0x7a6b, 0x4e38, 0x559a, 0x5950, 0x5ba6, 0x5e7b, 0x60a3, 0x63db, 0x6b61,
    0x6665, 0x6853, 0x6e19, 0x7165, 0x74b0, 0x7d08, 0x9084, 0x9a69, 0x9c25, 0x6d3b, 0x6ed1, 0x733e, 0x8c41, 0x95ca, 0x51f0, 0x5e4c,
    0x5fa8, 0x604d, 0x60f6, 0x6130, 0x614c, 0x6643, 0x6644, 0x69a5, 0x6cc1, 0x6e5f, 0x6ec9, 0x6f62, 0x714c, 0x749c, 0x7687, 0x7bc1,
    0x7c27, 0x8352, 0x8757, 0x9051, 0x968d, 0x9ec3, 0x532f, 0x56de, 0x5efb, 0x5f8a, 0x6062, 0x6094, 0x61f7, 0x6666, 0x6703, 0x6a9c,
    0x6dee, 0x6fae, 0x7070, 0x736a, 0x7e6a, 0x81be, 0x8334, 0x86d4, 0x8aa8, 0x8cc4, 0x5283, 0x7372, 0x5b96, 0x6a6b, 0x9404, 0x54ee,
    0x5686, 0x5b5d, 0x6548, 0x6585, 0x66c9, 0x689f, 0x6d8d, 0x6dc6, 0x723b, 0x80b4, 0x9175, 0x9a4d, 0x4faf, 0x5019, 0x539a, 0x540e,
    0x543c, 0x5589, 0x55c5, 0x5e3f, 0x5f8c, 0x673d, 0x7166, 0x73dd, 0x9005, 0x52db, 0x52f3, 0x5864, 0x58ce, 0x7104, 0x718f, 0x71fb,
    0x85b0, 0x8a13, 0x6688, 0x85a8, 0x55a7, 0x6684, 0x714a, 0x8431, 0x5349, 0x5599, 0x6bc1, 0x5f59, 0x5fbd, 0x63ee, 0x6689, 0x7147,
    0x8af1, 0x8f1d, 0x9ebe, 0x4f11, 0x643a, 0x70cb, 0x7566, 0x8667, 0x6064, 0x8b4e, 0x9df8, 0x5147, 0x51f6, 0x5308, 0x6d36, 0x80f8,
    0x9ed1, 0x6615, 0x6b23, 0x7098, 0x75d5, 0x5403, 0x5c79, 0x7d07, 0x8a16, 0x6b20, 0x6b3d, 0x6b46, 0x5438, 0x6070, 0x6d3d, 0x7fd5,
    0x8208, 0x50d6, 0x51de, 0x559c, 0x566b, 0x56cd, 0x59ec, 0x5b09, 0x5e0c, 0x6199, 0x6198, 0x6231, 0x665e, 0x66e6, 0x7199, 0x71b9,
    0x71ba, 0x72a7, 0x79a7, 0x7a00, 0x7fb2, 0x8a70, 0x0000, 0x0000, 0x0000, 0x0000, 0x0000, 0x0000, 0x0000, 0x0000, 0x0000, 0x0000,
    0x0000, 0x0000, 0x0000, 0x0000, 0x0000, 0x0000, 0x0000, 0x0000, 0x0000, 0x0000, 0x0000, 0x0000, 0x0000, 0x0000, 0x0000, 0x0000,
    0x0000, 0x0000, 0x0000, 0x0000, 0x0000, 0x0000, 0x0000, 0x0000, 0x0000, 0x0000, 0x0000, 0x0000, 0x0000, 0x0000, 0x0000, 0x0000,
    0x0000, 0x0000, 0x0000, 0x0000, 0x0000, 0x0000, 0x0000, 0x0000, 0x0000, 0x0000, 0x0000, 0x0000, 0x0000, 0x0000, 0x0000, 0x0000,
    0x0000, 0x0000, 0x0000, 0x0000, 0x0000, 0x0000, 0x0000, 0x0000, 0x0000, 0x0000, 0x0000, 0x0000, 0x0000, 0x0000, 0x0000, 0x0000,
    0x0000, 0x0000, 0x0000, 0x0000, 0x0000, 0x0000, 0x0000, 0x0000, 0x0000, 0x0000, 0x0000, 0x0000, 0x0000, 0x0000, 0x0000, 0x0000,
    0x0000, 0x0000, 0x0000, 0x0000,
];
pub static WIDE: [(u32, u32); 0] = [
];
pub static ENC_CP: [u16; 8387] = [
    0x0000, 0x0001, 0x0002, 0x0003, 0x0004, 0x0005, 0x0006, 0x0007, 0x0008, 0x0009, 0x000a, 0x000b, 0x000c, 0x000d, 0x000e, 0x000f,
    0x0010, 0x0011, 0x0012, 0x0013, 0x0014, 0x0015, 0x0016, 0x0017, 0x0018, 0x0019, 0x001a, 0x001b, 0x001c, 0x001d, 0x001e, 0x001f,
    0x0020, 0x0021, 0x0022, 0x0023, 0x0024, 0x0025, 0x0026, 0x0027, 0x0028, 0x0029, 0x002a, 0x002b, 0x002c, 0x002d, 0x002e, 0x002f,
    0x0030, 0x0031, 0x0032, 0x0033, 0x0034, 0x0035, 0x0036, 0x0037, 0x0038, 0x0039, 0x003a, 0x003b, 0x003c, 0x003d, 0x003e, 0x003f,
    0x0040, 0x0041, 0x0042, 0x0043, 0x0044, 0x0045, 0x0046, 0x0047, 0x0048, 0x0049, 0x004a, 0x004b, 0x004c, 0x004d, 0x004e, 0x004f,
    0x0050, 0x0051, 0x0052, 0x0053, 0x0054, 0x0055, 0x0056, 0x0057, 0x0058, 0x0059, 0x005a, 0x005b, 0x005c, 0x005d, 0x005e, 0x005f,
    0x0060, 0x0061, 0x0062, 0x0063, 0x0064, 0x0065, 0x0066, 0x0067, 0x0068, 0x0069, 0x006a, 0x006b, 0x006c, 0x006d, 0x006e, 0x006f,
    0x0070, 0x0071, 0x0072, 0x0073, 0x0074, 0x0075, 0x0076, 0x0077, 0x0078, 0x0079, 0x007a, 0x007b, 0x007c, 0x007d, 0x007e, 0x007f,
    0x0080, 0x0081, 0x0082, 0x0083, 0x0084, 0x0085, 0x0086, 0x0087, 0x0088, 0x0089, 0x008a, 0x008b, 0x008c, 0x008d, 0x008e, 0x008f,
    0x0090, 0x0091, 0x0092, 0x0093, 0x0094, 0x0095, 0x0096, 0x0097, 0x0098, 0x0099, 0x009a, 0x009b, 0x009c, 0x009d, 0x009e, 0x009f,
    0x00a1, 0x00a4, 0x00a7, 0x00a8, 0x00aa, 0x00ad, 0x00ae, 0x00b0, 0x00b1, 0x00b2, 0x00b3, 0x00b4, 0x00b6, 0x00b7, 0x00b8, 0x00b9,
    0x00ba, 0x00bc, 0x00bd, 0x00be, 0x00bf, 0x00c6, 0x00d0, 0x00d7, 0x00d8, 0x00de, 0x00df, 0x00e6, 0x00f0, 0x00f7, 0x00f8, 0x00fe,
    0x0111, 0x0126, 0x0127, 0x0131, 0x0132, 0x0133, 0x0138, 0x013f, 0x0140, 0x0141, 0x0142, 0x0149, 0x014a, 0x014b, 0x0152, 0x0153,
    0x0166, 0x0167, 0x02c7, 0x02d0, 0x02d8, 0x02d9, 0x02da, 0x02db, 0x02dd, 0x0391, 0x0392, 0x0393, 0x0394, 0x0395, 0x0396, 0x0397,
    0x0398, 0x0399, 0x039a, 0x039b, 0x039c, 0x039d, 0x039e, 0x039f, 0x03a0, 0x03a1, 0x03a3, 0x03a4, 0x03a5, 0x03a6, 0x03a7, 0x03a8,
    0x03a9, 0x03b1, 0x03b2, 0x03b3, 0x03b4, 0x03b5, 0x03b6, 0x03b7, 0x03b8, 0x03b9, 0x03ba, 0x03bb, 0x03bc, 0x03bd, 0x03be, 0x03bf,
    0x03c0, 0x03c1, 0x03c3, 0x03c4, 0x03c5, 0x03c6, 0x03c7, 0x03c8, 0x03c9, 0x0401, 0x0410, 0x0411, 0x0412, 0x0413, 0x0414, 0x0415,
    0x0416, 0x0417, 0x0418, 0x0419, 0x041a, 0x041b, 0x041c, 0x041d, 0x041e, 0x041f, 0x0420, 0x0421, 0x0422, 0x0423, 0x0424, 0x0425,
    0x0426, 0x0427, 0x0428, 0x0429, 0x042a, 0x042b, 0x042c, 0x042d, 0x042e, 0x042f, 0x0430, 0x0431, 0x0432, 0x0433, 0x0434, 0x0435,
    0x0436, 0x0437, 0x0438, 0x0439, 0x043a, 0x043b, 0x043c, 0x043d, 0x043e, 0x043f, 0x0440, 0x0441, 0x0442, 0x0443, 0x0444, 0x0445,
    0x0446, 0x0447, 0x0448, 0x0449, 0x044a, 0x044b, 0x044c, 0x044d, 0x044e, 0x044f, 0x0451, 0x2015, 0x2018, 0x2019, 0x201c, 0x201d,
    0x2020, 0x2021, 0x2025, 0x2026, 0x2030, 0x2032, 0x2033, 0x203b, 0x2074, 0x207f, 0x2081, 0x2082, 0x2083, 0x2084, 0x20ac, 0x2103,
    0x2109, 0x2113, 0x2116, 0x2121, 0x2122, 0x2126, 0x212b, 0x2153, 0x2154, 0x215b, 0x215c, 0x215d, 0x215e, 0x2160, 0x2161, 0x2162,
    0x2163, 0x2164, 0x2165, 0x2166, 0x2167, 0x2168, 0x2169, 0x2170, 0x2171, 0x2172, 0x2173, 0x2174, 0x2175, 0x2176, 0x2177, 0x2178,
    0x2179, 0x2190, 0x2191, 0x2192, 0x2193, 0x2194, 0x2195, 0x2196, 0x2197, 0x2198, 0x2199, 0x21d2, 0x21d4, 0x2200, 0x2202, 0x2203,
    0x2207, 0x2208, 0x220b, 0x220f, 0x2211, 0x221a, 0x221d, 0x221e, 0x2220, 0x2225, 0x2227, 0x2228, 0x2229, 0x222a, 0x222b, 0x222c,
    0x222e, 0x2234, 0x2235, 0x223c, 0x223d, 0x2252, 0x2260, 0x2261, 0x2264, 0x2265, 0x226a, 0x226b, 0x2282, 0x2283, 0x2286, 0x2287,
    0x2299, 0x22a5, 0x2312, 0x2460, 0x2461, 0x2462, 0x2463, 0x2464, 0x2465, 0x2466, 0x2467, 0x2468, 0x2469, 0x246a, 0x246b, 0x246c,
    0x246d, 0x246e, 0x2474, 0x2475, 0x2476, 0x2477, 0x2478, 0x2479, 0x247a, 0x247b, 0x247c, 0x247d, 0x247e, 0x247f, 0x2480, 0x2481,
    0x2482, 0x249c, 0x249d, 0x249e, 0x249f, 0x24a0, 0x24a1, 0x24a2, 0x24a3, 0x24a4, 0x24a5, 0x24a6, 0x24a7, 0x24a8, 0x24a9, 0x24aa,
    0x24ab, 0x24ac, 0x24ad, 0x24ae, 0x24af, 0x24b0, 0x24b1, 0x24b2, 0x24b3, 0x24b4, 0x24b5, 0x24d0, 0x24d1, 0x24d2, 0x24d3, 0x24d4,
    0x24d5, 0x24d6, 0x24d7, 0x24d8, 0x24d9, 0x24da, 0x24db, 0x24dc, 0x24dd, 0x24de, 0x24df, 0x24e0, 0x24e1, 0x24e2, 0x24e3, 0x24e4,
    0x24e5, 0x24e6, 0x24e7, 0x24e8, 0x24e9, 0x2500, 0x2501, 0x2502, 0x2503, 0x250c, 0x250d, 0x250e, 0x250f, 0x2510, 0x2511, 0x2512,
    0x2513, 0x2514, 0x2515, 0x2516, 0x2517, 0x2518, 0x2519, 0x251a, 0x251b, 0x251c, 0x251d, 0x251e, 0x251f, 0x2520, 0x2521, 0x2522,
    0x2523, 0x2524, 0x2525, 0x2526, 0x2527, 0x2528, 0x2529, 0x252a, 0x252b, 0x252c, 0x252d, 0x252e, 0x252f, 0x2530, 0x2531, 0x2532,
    0x2533, 0x2534, 0x2535, 0x2536, 0x2537, 0x2538, 0x2539, 0x253a, 0x253b, 0x253c, 0x253d, 0x253e, 0x253f, 0x2540, 0x2541, 0x2542,
    0x2543, 0x2544, 0x2545, 0x2546, 0x2547, 0x2548, 0x2549, 0x254a, 0x254b, 0x2592, 0x25a0, 0x25a1, 0x25a3, 0x25a4, 0x25a5, 0x25a6,
    0x25a7, 0x25a8, 0x25a9, 0x25b2, 0x25b3, 0x25b6, 0x25b7, 0x25bc, 0x25bd, 0x25c0, 0x25c1, 0x25c6, 0x25c7, 0x25c8, 0x25cb, 0x25ce,
    0x25cf, 0x25d0, 0x25d1, 0x2605, 0x2606, 0x260e, 0x260f, 0x261c, 0x261e, 0x2640, 0x2642, 0x2660, 0x2661, 0x2663, 0x2664, 0x2665,
    0x2667, 0x2668, 0x2669, 0x266a, 0x266c, 0x266d, 0x3000, 0x3001, 0x3002, 0x3003, 0x3008, 0x3009, 0x300a, 0x300b, 0x300c, 0x300d,
    0x300e, 0x300f, 0x3010, 0x3011, 0x3013, 0x3014, 0x3015, 0x3041, 0x3042, 0x3043, 0x3044, 0x3045, 0x3046, 0x3047, 0x3048, 0x3049,
    0x304a, 0x304b, 0x304c, 0x304d, 0x304e, 0x304f, 0x3050, 0x3051, 0x3052, 0x3053, 0x3054, 0x3055, 0x3056, 0x3057, 0x3058, 0x3059,
    0x305a, 0x305b, 0x305c, 0x305d, 0x305e, 0x305f, 0x3060, 0x3061, 0x3062, 0x3063, 0x3064, 0x3065, 0x3066, 0x3067, 0x3068, 0x3069,
    0x306a, 0x306b, 0x306c, 0x306d, 0x306e, 0x306f, 0x3070, 0x3071, 0x3072, 0x3073, 0x3074, 0x3075, 0x3076, 0x3077, 0x3078, 0x3079,
    0x307a, 0x307b, 0x307c, 0x307d, 0x307e, 0x307f, 0x3080, 0x3081, 0x3082, 0x3083, 0x3084, 0x3085, 0x3086, 0x3087, 0x3088, 0x3089,
    0x308a, 0x308b, 0x308c, 0x308d, 0x308e, 0x308f, 0x3090, 0x3091, 0x3092, 0x3093, 0x30a1, 0x30a2, 0x30a3, 0x30a4, 0x30a5, 0x30a6,
    0x30a7, 0x30a8, 0x30a9, 0x30aa, 0x30ab, 0x30ac, 0x30ad, 0x30ae, 0x30af, 0x30b0, 0x30b1, 0x30b2, 0x30b3, 0x30b4, 0x30b5, 0x30b6,
    0x30b7, 0x30b8, 0x30b9, 0x30ba, 0x30bb, 0x30bc, 0x30bd, 0x30be, 0x30bf, 0x30c0, 0x30c1, 0x30c2, 0x30c3, 0x30c4, 0x30c5, 0x30c6,
    0x30c7, 0x30c8, 0x30c9, 0x30ca, 0x30cb, 0x30cc, 0x30cd, 0x30ce, 0x30cf, 0x30d0, 0x30d1, 0x30d2, 0x30d3, 0x30d4, 0x30d5, 0x30d6,
    0x30d7, 0x30d8, 0x30d9, 0x30da, 0x30db, 0x30dc, 0x30dd, 0x30de, 0x30df, 0x30e0, 0x30e1, 0x30e2, 0x30e3, 0x30e4, 0x30e5, 0x30e6,
    0x30e7, 0x30e8, 0x30e9, 0x30ea, 0x30eb, 0x30ec, 0x30ed, 0x30ee, 0x30ef, 0x30f0, 0x30f1, 0x30f2, 0x30f3, 0x30f4, 0x30f5, 0x30f6,
    0x3131, 0x3132, 0x3133, 0x3134, 0x3135, 0x3136, 0x3137, 0x3138, 0x3139, 0x313a, 0x313b, 0x313c, 0x313d, 0x313e, 0x313f, 0x3140,
    0x3141, 0x3142, 0x3143, 0x3144, 0x3145, 0x3146, 0x3147, 0x3148, 0x3149, 0x314a, 0x314b, 0x314c, 0x314d, 0x314e, 0x314f, 0x3150,
    0x3151, 0x3152, 0x3153, 0x3154, 0x3155, 0x3156, 0x3157, 0x3158, 0x3159, 0x315a, 0x315b, 0x315c, 0x315d, 0x315e, 0x315f, 0x3160,
    0x3161, 0x3162, 0x3163, 0x3164, 0x3165, 0x3166, 0x3167, 0x3168, 0x3169, 0x316a, 0x316b, 0x316c, 0x316d, 0x316e, 0x316f, 0x3170,
    0x3171, 0x3172, 0x3173, 0x3174, 0x3175, 0x3176, 0x3177, 0x3178, 0x3179, 0x317a, 0x317b, 0x317c, 0x317d, 0x317e, 0x317f, 0x3180,
    0x3181, 0x3182, 0x3183, 0x3184, 0x3185, 0x3186, 0x3187, 0x3188, 0x3189, 0x318a, 0x318b, 0x318c, 0x318d, 0x318e, 0x3200, 0x3201,
    0x3202, 0x3203, 0x3204, 0x3205, 0x3206, 0x3207, 0x3208, 0x3209, 0x320a, 0x320b, 0x320c, 0x320d, 0x320e, 0x320f, 0x3210, 0x3211,
    0x3212, 0x3213, 0x3214, 0x3215, 0x3216, 0x3217, 0x3218, 0x3219, 0x321a, 0x321b, 0x321c, 0x3260, 0x3261, 0x3262, 0x3263, 0x3264,
    0x3265, 0x3266, 0x3267, 0x3268, 0x3269, 0x326a, 0x326b, 0x326c, 0x326d, 0x326e, 0x326f, 0x3270, 0x3271, 0x3272, 0x3273, 0x3274,
    0x3275, 0x3276, 0x3277, 0x3278, 0x3279, 0x327a, 0x327b, 0x327e, 0x327f, 0x3380, 0x3381, 0x3382, 0x3383, 0x3384, 0x3388, 0x3389,
    0x338a, 0x338b, 0x338c, 0x338d, 0x338e, 0x338f, 0x3390, 0x3391, 0x3392, 0x3393, 0x3394, 0x3395, 0x3396, 0x3397, 0x3398, 0x3399,
    0x339a, 0x339b, 0x339c, 0x339d, 0x339e, 0x339f, 0x33a0, 0x33a1, 0x33a2, 0x33a3, 0x33a4, 0x33a5, 0x33a6, 0x33a7, 0x33a8, 0x33a9,
    0x33aa, 0x33ab, 0x33ac, 0x33ad, 0x33ae, 0x33af, 0x33b0, 0x33b1, 0x33b2, 0x33b3, 0x33b4, 0x33b5, 0x33b6, 0x33b7, 0x33b8, 0x33b9,
    0x33ba, 0x33bb, 0x33bc, 0x33bd, 0x33be, 0x33bf, 0x33c0, 0x33c1, 0x33c2, 0x33c3, 0x33c4, 0x33c5, 0x33c6, 0x33c7, 0x33c8, 0x33c9,
    0x33ca, 0x33cf, 0x33d0, 0x33d3, 0x33d6, 0x33d8, 0x33db, 0x33dc, 0x33dd, 0x4e00, 0x4e01, 0x4e03, 0x4e07, 0x4e08, 0x4e09, 0x4e0a,
    0x4e0b, 0x4e0d, 0x4e11, 0x4e14, 0x4e15, 0x4e16, 0x4e18, 0x4e19, 0x4e1e, 0x4e2d, 0x4e32, 0x4e38, 0x4e39, 0x4e3b, 0x4e42, 0x4e43,
    0x4e45, 0x4e4b, 0x4e4d, 0x4e4e, 0x4e4f, 0x4e56, 0x4e58, 0x4e59, 0x4e5d, 0x4e5e, 0x4e5f, 0x4e6b, 0x4e6d, 0x4e73, 0x4e76, 0x4e77,
    0x4e7e, 0x4e82, 0x4e86, 0x4e88, 0x4e8b, 0x4e8c, 0x4e8e, 0x4e90, 0x4e91, 0x4e92, 0x4e94, 0x4e95, 0x4e98, 0x4e9b, 0x4e9e, 0x4ea1,
    0x4ea2, 0x4ea4, 0x4ea5, 0x4ea6, 0x4ea8, 0x4eab, 0x4eac, 0x4ead, 0x4eae, 0x4eb6, 0x4eba, 0x4ec0, 0x4ec1, 0x4ec4, 0x4ec7, 0x4eca,
    0x4ecb, 0x4ecd, 0x4ed4, 0x4ed5, 0x4ed6, 0x4ed7, 0x4ed8, 0x4ed9, 0x4edd, 0x4edf, 0x4ee3, 0x4ee4, 0x4ee5, 0x4ef0, 0x4ef2, 0x4ef6,
    0x4ef7, 0x4efb, 0x4f01, 0x4f09, 0x4f0a, 0x4f0b, 0x4f0d, 0x4f0e, 0x4f0f, 0x4f10, 0x4f11, 0x4f2f, 0x4f34, 0x4f36, 0x4f38, 0x4f3a,
    0x4f3c, 0x4f3d, 0x4f43, 0x4f46, 0x4f47, 0x4f48, 0x4f4d, 0x4f4e, 0x4f4f, 0x4f50, 0x4f51, 0x4f55, 0x4f59, 0x4f5a, 0x4f5b, 0x4f5c,
    0x4f69, 0x4f6f, 0x4f70, 0x4f73, 0x4f76, 0x4f7a, 0x4f7e, 0x4f7f, 0x4f81, 0x4f83, 0x4f84, 0x4f86, 0x4f88, 0x4f8a, 0x4f8b, 0x4f8d,
    0x4f8f, 0x4f91, 0x4f96, 0x4f98, 0x4f9b, 0x4f9d, 0x4fae, 0x4faf, 0x4fb5, 0x4fb6, 0x4fbf, 0x4fc2, 0x4fc3, 0x4fc4, 0x4fc9, 0x4fca,
    0x4fce, 0x4fd1, 0x4fd3, 0x4fd4, 0x4fd7, 0x4fda, 0x4fdd, 0x4fdf, 0x4fe0, 0x4fe1, 0x4fee, 0x4fef, 0x4ff1, 0x4ff3, 0x4ff5, 0x4ff8,
    0x4ffa, 0x5002, 0x5006, 0x5009, 0x500b, 0x500d, 0x5011, 0x5012, 0x5016, 0x5019, 0x501a, 0x501c, 0x501e, 0x501f, 0x5021, 0x5023,
    0x5024, 0x5026, 0x5027, 0x5028, 0x502a, 0x502b, 0x502c, 0x502d, 0x503b, 0x5043, 0x5047, 0x5048, 0x5049, 0x504f, 0x5055, 0x505a,
    0x505c, 0x5065, 0x5074, 0x5075, 0x5076, 0x5078, 0x5080, 0x5085, 0x508d, 0x5091, 0x5098, 0x5099, 0x50ac, 0x50ad, 0x50b2, 0x50b3,
    0x50b5, 0x50b7, 0x50be, 0x50c5, 0x50c9, 0x50ca, 0x50cf, 0x50d1, 0x50d5, 0x50d6, 0x50da, 0x50de, 0x50e5, 0x50e7, 0x50ed, 0x50f9,
    0x50fb, 0x50ff, 0x5100, 0x5101, 0x5104, 0x5106, 0x5109, 0x5112, 0x511f, 0x5121, 0x512a, 0x5132, 0x5137, 0x513a, 0x513c, 0x5140,
    0x5141, 0x5143, 0x5144, 0x5145, 0x5146, 0x5147, 0x5148, 0x5149, 0x514b, 0x514c, 0x514d, 0x514e, 0x5152, 0x515c, 0x5162, 0x5165,
    0x5167, 0x5168, 0x5169, 0x516a, 0x516b, 0x516c, 0x516d, 0x516e, 0x5171, 0x5175, 0x5176, 0x5177, 0x5178, 0x517c, 0x5180, 0x5186,
    0x518a, 0x518d, 0x5192, 0x5195, 0x5197, 0x51a0, 0x51a5, 0x51aa, 0x51ac, 0x51b6, 0x51b7, 0x51bd, 0x51c4, 0x51c6, 0x51c9, 0x51cb,
    0x51cc, 0x51cd, 0x51dc, 0x51dd, 0x51de, 0x51e1, 0x51f0, 0x51f1, 0x51f6, 0x51f8, 0x51f9, 0x51fa, 0x51fd, 0x5200, 0x5203, 0x5206,
    0x5207, 0x5208, 0x520a, 0x520e, 0x5211, 0x5217, 0x521d, 0x5224, 0x5225, 0x5229, 0x522a, 0x522e, 0x5230, 0x5236, 0x5237, 0x5238,
    0x5239, 0x523a, 0x523b, 0x5243, 0x5247, 0x524a, 0x524b, 0x524c, 0x524d, 0x5254, 0x5256, 0x525b, 0x525d, 0x5261, 0x5269, 0x526a,
    0x526f, 0x5272, 0x5275, 0x527d, 0x527f, 0x5283, 0x5287, 0x5288, 0x5289, 0x528d, 0x5291, 0x5292, 0x529b, 0x529f, 0x52a0, 0x52a3,
    0x52a4, 0x52a9, 0x52aa, 0x52ab, 0x52be, 0x52c1, 0x52c3, 0x52c5, 0x52c7, 0x52c9, 0x52cd, 0x52d2, 0x52d5, 0x52d6, 0x52d8, 0x52d9,
    0x52db, 0x52dd, 0x52de, 0x52df, 0x52e2, 0x52e3, 0x52e4, 0x52f3, 0x52f5, 0x52f8, 0x52fa, 0x52fb, 0x52fe, 0x52ff, 0x5305, 0x5308,
    0x530d, 0x530f, 0x5310, 0x5315, 0x5316, 0x5317, 0x5319, 0x5320, 0x5321, 0x5323, 0x532a, 0x532f, 0x5339, 0x533f, 0x5340, 0x5341,
    0x5343, 0x5344, 0x5347, 0x5348, 0x5349, 0x534a, 0x534d, 0x5351, 0x5352, 0x5353, 0x5354, 0x5357, 0x535a, 0x535c, 0x535e, 0x5360,
    0x5366, 0x5368, 0x536f, 0x5370, 0x5371, 0x5374, 0x5375, 0x5377, 0x537d, 0x537f, 0x5384, 0x5393, 0x5398, 0x539a, 0x539f, 0x53a0,
    0x53a5, 0x53a6, 0x53ad, 0x53bb, 0x53c3, 0x53c8, 0x53c9, 0x53ca, 0x53cb, 0x53cd, 0x53d4, 0x53d6, 0x53d7, 0x53db, 0x53e1, 0x53e2,
    0x53e3, 0x53e4, 0x53e5, 0x53e9, 0x53ea, 0x53eb, 0x53ec, 0x53ed, 0x53ef, 0x53f0, 0x53f1, 0x53f2, 0x53f3, 0x53f8, 0x5403, 0x5404,
    0x5408, 0x5409, 0x540a, 0x540c, 0x540d, 0x540e, 0x540f, 0x5410, 0x5411, 0x541b, 0x541d, 0x541f, 0x5420, 0x5426, 0x5429, 0x542b,
    0x5433, 0x5438, 0x5439, 0x543b, 0x543c, 0x543e, 0x5442, 0x5448, 0x544a, 0x5451, 0x5468, 0x546a, 0x5471, 0x5473, 0x5475, 0x547b,
    0x547c, 0x547d, 0x5480, 0x5486, 0x548c, 0x548e, 0x5490, 0x54a4, 0x54a8, 0x54ab, 0x54ac, 0x54b3, 0x54b8, 0x54bd, 0x54c0, 0x54c1,
    0x54c4, 0x54c8, 0x54c9, 0x54e1, 0x54e5, 0x54e8, 0x54ed, 0x54ee, 0x54f2, 0x54fa, 0x5504, 0x5506, 0x5507, 0x550e, 0x5510, 0x551c,
    0x552f, 0x5531, 0x5535, 0x553e, 0x5544, 0x5546, 0x554f, 0x5553, 0x5556, 0x555e, 0x5563, 0x557c, 0x5580, 0x5584, 0x5586, 0x5587,
    0x5589, 0x558a, 0x5598, 0x5599, 0x559a, 0x559c, 0x559d, 0x55a7, 0x55a9, 0x55aa, 0x55ab, 0x55ac, 0x55ae, 0x55c5, 0x55c7, 0x55d4,
    0x55da, 0x55dc, 0x55df, 0x55e3, 0x55e4, 0x55fd, 0x55fe, 0x5606, 0x5609, 0x5614, 0x5617, 0x562f, 0x5632, 0x5634, 0x5636, 0x5653,
    0x5668, 0x566b, 0x5674, 0x5686, 0x56a5, 0x56ac, 0x56ae, 0x56b4, 0x56bc, 0x56ca, 0x56cd, 0x56d1, 0x56da, 0x56db, 0x56de, 0x56e0,
    0x56f0, 0x56f9, 0x56fa, 0x5703, 0x5704, 0x5708, 0x570b, 0x570d, 0x5712, 0x5713, 0x5716, 0x5718, 0x571f, 0x5728, 0x572d, 0x5730,
    0x573b, 0x5740, 0x5742, 0x5747, 0x574a, 0x574d, 0x574e, 0x5750, 0x5751, 0x5761, 0x5764, 0x5766, 0x576a, 0x576e, 0x5770, 0x5775,
    0x577c, 0x5782, 0x5788, 0x578b, 0x5793, 0x57a0, 0x57a2, 0x57a3, 0x57c3, 0x57c7, 0x57c8, 0x57cb, 0x57ce, 0x57df, 0x57e0, 0x57f0,
    0x57f4, 0x57f7, 0x57f9, 0x57fa, 0x57fc, 0x5800, 0x5802, 0x5805, 0x5806, 0x5808, 0x5809, 0x580a, 0x581e, 0x5821, 0x5824, 0x5827,
    0x582a, 0x582f, 0x5830, 0x5831, 0x5834, 0x5835, 0x583a, 0x584a, 0x584b, 0x584f, 0x5851, 0x5854, 0x5857, 0x5858, 0x585a, 0x585e,
    0x5861, 0x5862, 0x5864, 0x5875, 0x5879, 0x587c, 0x587e, 0x5883, 0x5885, 0x5889, 0x5893, 0x589c, 0x589e, 0x589f, 0x58a8, 0x58a9,
    0x58ae, 0x58b3, 0x58ba, 0x58bb, 0x58be, 0x58c1, 0x58c5, 0x58c7, 0x58ce, 0x58d1, 0x58d3, 0x58d5, 0x58d8, 0x58d9, 0x58de, 0x58df,
    0x58e4, 0x58eb, 0x58ec, 0x58ef, 0x58f9, 0x58fa, 0x58fb, 0x58fd, 0x590f, 0x5914, 0x5915, 0x5916, 0x5919, 0x591a, 0x591c, 0x5922,
    0x5927, 0x5929, 0x592a, 0x592b, 0x592d, 0x592e, 0x5931, 0x5937, 0x593e, 0x5944, 0x5947, 0x5948, 0x5949, 0x594e, 0x594f, 0x5950,
    0x5951, 0x5954, 0x5955, 0x5957, 0x595a, 0x5960, 0x5962, 0x5967, 0x596a, 0x596b, 0x596c, 0x596d, 0x596e, 0x5973, 0x5974, 0x5978,
    0x597d, 0x5982, 0x5983, 0x5984, 0x598a, 0x5993, 0x5996, 0x5997, 0x5999, 0x59a5, 0x59a8, 0x59ac, 0x59b9, 0x59bb, 0x59be, 0x59c3,
    0x59c6, 0x59c9, 0x59cb, 0x59d0, 0x59d1, 0x59d3, 0x59d4, 0x59d9, 0x59da, 0x59dc, 0x59dd, 0x59e6, 0x59e8, 0x59ea, 0x59ec, 0x59ee,
    0x59f8, 0x59fb, 0x59ff, 0x5a01, 0x5a03, 0x5a11, 0x5a18, 0x5a1b, 0x5a1c, 0x5a1f, 0x5a20, 0x5a25, 0x5a29, 0x5a36, 0x5a3c, 0x5a41,
    0x5a46, 0x5a49, 0x5a5a, 0x5a62, 0x5a66, 0x5a92, 0x5a9a, 0x5a9b, 0x5aa4, 0x5ac1, 0x5ac2, 0x5ac4, 0x5ac9, 0x5acc, 0x5ae1, 0x5ae6,
    0x5ae9, 0x5b05, 0x5b09, 0x5b0b, 0x5b0c, 0x5b16, 0x5b2a, 0x5b40, 0x5b43, 0x5b50, 0x5b51, 0x5b54, 0x5b55, 0x5b57, 0x5b58, 0x5b5a,
    0x5b5c, 0x5b5d, 0x5b5f, 0x5b63, 0x5b64, 0x5b69, 0x5b6b, 0x5b70, 0x5b71, 0x5b75, 0x5b78, 0x5b7a, 0x5b7c, 0x5b85, 0x5b87, 0x5b88,
    0x5b89, 0x5b8b, 0x5b8c, 0x5b8f, 0x5b93, 0x5b95, 0x5b96, 0x5b97, 0x5b98, 0x5b99, 0x5b9a, 0x5b9b, 0x5b9c, 0x5ba2, 0x5ba3, 0x5ba4,
    0x5ba5, 0x5ba6, 0x5bac, 0x5bae, 0x5bb0, 0x5bb3, 0x5bb4, 0x5bb5, 0x5bb6, 0x5bb8, 0x5bb9, 0x5bbf, 0x5bc0, 0x5bc2, 0x5bc3, 0x5bc4,
    0x5bc5, 0x5bc6, 0x5bc7, 0x5bcc, 0x5bd0, 0x5bd2, 0x5bd3, 0x5bd4, 0x5bd7, 0x5bde, 0x5bdf, 0x5be1, 0x5be2, 0x5be4, 0x5be5, 0x5be6,
    0x5be7, 0x5be8, 0x5be9, 0x5beb, 0x5bec, 0x5bee, 0x5bef, 0x5bf5, 0x5bf6, 0x5bf8, 0x5bfa, 0x5c01, 0x5c04, 0x5c07, 0x5c08, 0x5c09,
    0x5c0a, 0x5c0b, 0x5c0d, 0x5c0e, 0x5c0f, 0x5c11, 0x5c16, 0x5c19, 0x5c24, 0x5c28, 0x5c31, 0x5c38, 0x5c39, 0x5c3a, 0x5c3b, 0x5c3c,
    0x5c3e, 0x5c3f, 0x5c40, 0x5c45, 0x5c46, 0x5c48, 0x5c4b, 0x5c4d, 0x5c4e, 0x5c51, 0x5c55, 0x5c5b, 0x5c60, 0x5c62, 0x5c64, 0x5c65,
    0x5c6c, 0x5c6f, 0x5c71, 0x5c79, 0x5c90, 0x5c91, 0x5ca1, 0x5ca9, 0x5cab, 0x5cac, 0x5cb1, 0x5cb3, 0x5cb5, 0x5cb7, 0x5cb8, 0x5cba,
    0x5cbe, 0x5cc0, 0x5cd9, 0x5ce0, 0x5ce8, 0x5cef, 0x5cf0, 0x5cf4, 0x5cf6, 0x5cfb, 0x5cfd, 0x5d07, 0x5d0d, 0x5d0e, 0x5d11, 0x5d14,
    0x5d16, 0x5d17, 0x5d19, 0x5d27, 0x5d29, 0x5d4b, 0x5d4c, 0x5d50, 0x5d69, 0x5d6c, 0x5d6f, 0x5d87, 0x5d8b, 0x5d9d, 0x5da0, 0x5da2,
    0x5daa, 0x5db8, 0x5dba, 0x5dbc, 0x5dbd, 0x5dcd, 0x5dd2, 0x5dd6, 0x5ddd, 0x5dde, 0x5de1, 0x5de2, 0x5de5, 0x5de6, 0x5de7, 0x5de8,
    0x5deb, 0x5dee, 0x5df1, 0x5df2, 0x5df3, 0x5df4, 0x5df7, 0x5dfd, 0x5dfe, 0x5e02, 0x5e03, 0x5e06, 0x5e0c, 0x5e11, 0x5e16, 0x5e19,
    0x5e1b, 0x5e1d, 0x5e25, 0x5e2b, 0x5e2d, 0x5e33, 0x5e36, 0x5e38, 0x5e3d, 0x5e3f, 0x5e40, 0x5e44, 0x5e45, 0x5e47, 0x5e4c, 0x5e55,
    0x5e5f, 0x5e61, 0x5e62, 0x5e63, 0x5e72, 0x5e73, 0x5e74, 0x5e77, 0x5e78, 0x5e79, 0x5e7b, 0x5e7c, 0x5e7d, 0x5e7e, 0x5e84, 0x5e87,
    0x5e8a, 0x5e8f, 0x5e95, 0x5e97, 0x5e9a, 0x5e9c, 0x5ea0, 0x5ea6, 0x5ea7, 0x5eab, 0x5ead, 0x5eb5, 0x5eb6, 0x5eb7, 0x5eb8, 0x5ebe,
    0x5ec2, 0x5ec8, 0x5ec9, 0x5eca, 0x5ed0, 0x5ed3, 0x5ed6, 0x5eda, 0x5edb, 0x5edf, 0x5ee0, 0x5ee2, 0x5ee3, 0x5eec, 0x5ef3, 0x5ef6,
    0x5ef7, 0x5efa, 0x5efb, 0x5f01, 0x5f04, 0x5f0a, 0x5f0f, 0x5f11, 0x5f13, 0x5f14, 0x5f15, 0x5f17, 0x5f18, 0x5f1b, 0x5f1f, 0x5f26,
    0x5f27, 0x5f29, 0x5f31, 0x5f35, 0x5f3a, 0x5f3c, 0x5f48, 0x5f4a, 0x5f4c, 0x5f4e, 0x5f56, 0x5f57, 0x5f59, 0x5f5b, 0x5f62, 0x5f66,
    0x5f67, 0x5f69, 0x5f6a, 0x5f6b, 0x5f6c, 0x5f6d, 0x5f70, 0x5f71, 0x5f77, 0x5f79, 0x5f7c, 0x5f7f, 0x5f80, 0x5f81, 0x5f85, 0x5f87,
    0x5f8a, 0x5f8b, 0x5f8c, 0x5f90, 0x5f91, 0x5f92, 0x5f97, 0x5f98, 0x5f99, 0x5f9e, 0x5fa0, 0x5fa1, 0x5fa8, 0x5fa9, 0x5faa, 0x5fae,
    0x5fb5, 0x5fb7, 0x5fb9, 0x5fbd, 0x5fc3, 0x5fc5, 0x5fcc, 0x5fcd, 0x5fd6, 0x5fd7, 0x5fd8, 0x5fd9, 0x5fe0, 0x5feb, 0x5ff5, 0x5ffd,
    0x5fff, 0x600f, 0x6012, 0x6016, 0x601c, 0x601d, 0x6020, 0x6021, 0x6025, 0x6027, 0x6028, 0x602a, 0x602f, 0x6041, 0x6042, 0x6043,
    0x604d, 0x6050, 0x6052, 0x6055, 0x6059, 0x605d, 0x6062, 0x6063, 0x6064, 0x6065, 0x6068, 0x6069, 0x606a, 0x606c, 0x606d, 0x606f,
    0x6070, 0x6085, 0x6089, 0x608c, 0x608d, 0x6094, 0x6096, 0x609a, 0x609b, 0x609f, 0x60a0, 0x60a3, 0x60a4, 0x60a7, 0x60b0, 0x60b2,
    0x60b3, 0x60b4, 0x60b6, 0x60b8, 0x60bc, 0x60bd, 0x60c5, 0x60c7, 0x60d1, 0x60da, 0x60dc, 0x60df, 0x60e0, 0x60e1, 0x60f0, 0x60f1,
    0x60f3, 0x60f6, 0x60f9, 0x60fa, 0x60fb, 0x6101, 0x6106, 0x6108, 0x6109, 0x610d, 0x610e, 0x610f, 0x6115, 0x611a, 0x611b, 0x611f,
    0x6127, 0x6130, 0x6134, 0x6137, 0x613c, 0x613e, 0x613f, 0x6142, 0x6144, 0x6147, 0x6148, 0x614a, 0x614b, 0x614c, 0x6153, 0x6155,
    0x6158, 0x6159, 0x615d, 0x615f, 0x6162, 0x6163, 0x6164, 0x6167, 0x6168, 0x616b, 0x616e, 0x6170, 0x6176, 0x6177, 0x617d, 0x617e,
    0x6181, 0x6182, 0x618a, 0x618e, 0x6190, 0x6191, 0x6194, 0x6198, 0x6199, 0x619a, 0x61a4, 0x61a7, 0x61a9, 0x61ab, 0x61ac, 0x61ae,
    0x61b2, 0x61b6, 0x61ba, 0x61be, 0x61c3, 0x61c7, 0x61c8, 0x61c9, 0x61ca, 0x61cb, 0x61e6, 0x61f2, 0x61f6, 0x61f7, 0x61f8, 0x61fa,
    0x61fc, 0x61ff, 0x6200, 0x6207, 0x6208, 0x620a, 0x620c, 0x620d, 0x620e, 0x6210, 0x6211, 0x6212, 0x6216, 0x621a, 0x621f, 0x6221,
    0x622a, 0x622e, 0x6230, 0x6231, 0x6234, 0x6236, 0x623e, 0x623f, 0x6240, 0x6241, 0x6247, 0x6248, 0x6249, 0x624b, 0x624d, 0x6253,
    0x6258, 0x626e, 0x6271, 0x6276, 0x6279, 0x627c, 0x627f, 0x6280, 0x6284, 0x6289, 0x628a, 0x6291, 0x6292, 0x6295, 0x6297, 0x6298,
    0x629b, 0x62ab, 0x62b1, 0x62b5, 0x62b9, 0x62bc, 0x62bd, 0x62c2, 0x62c7, 0x62c8, 0x62c9, 0x62cc, 0x62cd, 0x62cf, 0x62d0, 0x62d2,
    0x62d3, 0x62d4, 0x62d6, 0x62d7, 0x62d8, 0x62d9, 0x62db, 0x62dc, 0x62ec, 0x62ed, 0x62ee, 0x62ef, 0x62f1, 0x62f3, 0x62f7, 0x62fe,
    0x62ff, 0x6301, 0x6307, 0x6309, 0x6311, 0x632b, 0x632f, 0x633a, 0x633b, 0x633d, 0x633e, 0x6349, 0x634c, 0x634f, 0x6350, 0x6355,
    0x6367, 0x6368, 0x636e, 0x6372, 0x6377, 0x637a, 0x637b, 0x637f, 0x6383, 0x6388, 0x6389, 0x638c, 0x6392, 0x6396, 0x6398, 0x639b,
    0x63a0, 0x63a1, 0x63a2, 0x63a5, 0x63a7, 0x63a8, 0x63a9, 0x63aa, 0x63c0, 0x63c4, 0x63c6, 0x63cf, 0x63d0, 0x63d6, 0x63da, 0x63db,
    0x63e1, 0x63ed, 0x63ee, 0x63f4, 0x63f6, 0x63f7, 0x640d, 0x640f, 0x6414, 0x6416, 0x6417, 0x641c, 0x6422, 0x642c, 0x642d, 0x643a,
    0x643e, 0x6458, 0x6460, 0x6469, 0x646f, 0x6478, 0x6479, 0x647a, 0x6488, 0x6491, 0x6492, 0x6493, 0x649a, 0x649e, 0x64a4, 0x64a5,
    0x64ab, 0x64ad, 0x64ae, 0x64b0, 0x64b2, 0x64bb, 0x64c1, 0x64c4, 0x64c5, 0x64c7, 0x64ca, 0x64cd, 0x64ce, 0x64d2, 0x64d4, 0x64d8,
    0x64da, 0x64e1, 0x64e2, 0x64e5, 0x64e6, 0x64e7, 0x64ec, 0x64f2, 0x64f4, 0x64fa, 0x64fe, 0x6500, 0x6504, 0x6518, 0x651d, 0x6523,
    0x652a, 0x652b, 0x652c, 0x652f, 0x6536, 0x6537, 0x6538, 0x6539, 0x653b, 0x653e, 0x653f, 0x6545, 0x6548, 0x654d, 0x654e, 0x654f,
    0x6551, 0x6556, 0x6557, 0x655e, 0x6562, 0x6563, 0x6566, 0x656c, 0x656d, 0x6572, 0x6574, 0x6575, 0x6577, 0x6578, 0x657e, 0x6582,
    0x6583, 0x6585, 0x6587, 0x658c, 0x6590, 0x6591, 0x6597, 0x6599, 0x659b, 0x659c, 0x659f, 0x65a1, 0x65a4, 0x65a5, 0x65a7, 0x65ab,
    0x65ac, 0x65af, 0x65b0, 0x65b7, 0x65b9, 0x65bc, 0x65bd, 0x65c1, 0x65c5, 0x65cb, 0x65cc, 0x65cf, 0x65d2, 0x65d7, 0x65e0, 0x65e3,
    0x65e5, 0x65e6, 0x65e8, 0x65e9, 0x65ec, 0x65ed, 0x65f1, 0x65f4, 0x65fa, 0x65fb, 0x65fc, 0x65fd, 0x65ff, 0x6606, 0x6607, 0x6609,
    0x660a, 0x660c, 0x660e, 0x660f, 0x6610, 0x6611, 0x6613, 0x6614, 0x6615, 0x661e, 0x661f, 0x6620, 0x6625, 0x6627, 0x6628, 0x662d,
    0x662f, 0x6630, 0x6631, 0x6634, 0x6636, 0x663a, 0x663b, 0x6641, 0x6642, 0x6643, 0x6644, 0x6649, 0x664b, 0x664f, 0x6659, 0x665b,
    0x665d, 0x665e, 0x665f, 0x6664, 0x6665, 0x6666, 0x6667, 0x6668, 0x6669, 0x666b, 0x666e, 0x666f, 0x6673, 0x6674, 0x6676, 0x6677,
    0x6678, 0x667a, 0x6684, 0x6687, 0x6688, 0x6689, 0x668e, 0x6690, 0x6691, 0x6696, 0x6697, 0x6698, 0x669d, 0x66a0, 0x66a2, 0x66ab,
    0x66ae, 0x66b2, 0x66b3, 0x66b4, 0x66b9, 0x66bb, 0x66be, 0x66c4, 0x66c6, 0x66c7, 0x66c9, 0x66d6, 0x66d9, 0x66dc, 0x66dd, 0x66e0,
    0x66e6, 0x66f0, 0x66f2, 0x66f3, 0x66f4, 0x66f7, 0x66f8, 0x66f9, 0x66fa, 0x66fc, 0x66fe, 0x66ff, 0x6700, 0x6703, 0x6708, 0x6709,
    0x670b, 0x670d, 0x6714, 0x6715, 0x6717, 0x671b, 0x671d, 0x671e, 0x671f, 0x6726, 0x6727, 0x6728, 0x672a, 0x672b, 0x672c, 0x672d,
    0x672e, 0x6731, 0x6734, 0x6736, 0x673a, 0x673d, 0x6746, 0x6749, 0x674e, 0x674f, 0x6750, 0x6751, 0x6753, 0x6756, 0x675c, 0x675e,
    0x675f, 0x676d, 0x676f, 0x6770, 0x6771, 0x6773, 0x6775, 0x6777, 0x677b, 0x677e, 0x677f, 0x6787, 0x6789, 0x678b, 0x678f, 0x6790,
    0x6793, 0x6795, 0x6797, 0x679a, 0x679c, 0x679d, 0x67af, 0x67b0, 0x67b3, 0x67b6, 0x67b7, 0x67b8, 0x67be, 0x67c4, 0x67cf, 0x67d0,
    0x67d1, 0x67d2, 0x67d3, 0x67d4, 0x67da, 0x67dd, 0x67e9, 0x67ec, 0x67ef, 0x67f0, 0x67f1, 0x67f3, 0x67f4, 0x67f5, 0x67f6, 0x67fb,
    0x67fe, 0x6812, 0x6813, 0x6816, 0x6817, 0x6821, 0x6822, 0x682a, 0x682f, 0x6838, 0x6839, 0x683c, 0x683d, 0x6840, 0x6841, 0x6842,
    0x6843, 0x6848, 0x684e, 0x6850, 0x6851, 0x6853, 0x6854, 0x686d, 0x6876, 0x687f, 0x6881, 0x6885, 0x688f, 0x6893, 0x6894, 0x6897,
    0x689d, 0x689f, 0x68a1, 0x68a2, 0x68a7, 0x68a8, 0x68ad, 0x68af, 0x68b0, 0x68b1, 0x68b3, 0x68b5, 0x68b6, 0x68c4, 0x68c5, 0x68c9,
    0x68cb, 0x68cd, 0x68d2, 0x68d5, 0x68d7, 0x68d8, 0x68da, 0x68df, 0x68e0, 0x68e7, 0x68e8, 0x68ee, 0x68f2, 0x68f9, 0x68fa, 0x6900,
    0x6905, 0x690d, 0x690e, 0x6912, 0x6927, 0x6930, 0x693d, 0x693f, 0x694a, 0x6953, 0x6954, 0x6955, 0x6957, 0x6959, 0x695a, 0x695e,
    0x6960, 0x6961, 0x6962, 0x6963, 0x6968, 0x696b, 0x696d, 0x696e, 0x696f, 0x6975, 0x6977, 0x6978, 0x6979, 0x6995, 0x699b, 0x699c,
    0x69a5, 0x69a7, 0x69ae, 0x69b4, 0x69bb, 0x69c1, 0x69c3, 0x69cb, 0x69cc, 0x69cd, 0x69d0, 0x69e8, 0x69ea, 0x69fb, 0x69fd, 0x69ff,
    0x6a02, 0x6a0a, 0x6a11, 0x6a13, 0x6a17, 0x6a19, 0x6a1e, 0x6a1f, 0x6a21, 0x6a23, 0x6a35, 0x6a38, 0x6a39, 0x6a3a, 0x6a3d, 0x6a44,
    0x6a48, 0x6a4b, 0x6a52, 0x6a53, 0x6a58, 0x6a59, 0x6a5f, 0x6a61, 0x6a6b, 0x6a80, 0x6a84, 0x6a89, 0x6a8d, 0x6a8e, 0x6a97, 0x6a9c,
    0x6aa2, 0x6aa3, 0x6ab3, 0x6abb, 0x6ac2, 0x6ac3, 0x6ad3, 0x6ada, 0x6adb, 0x6af6, 0x6afb, 0x6b04, 0x6b0a, 0x6b0c, 0x6b12, 0x6b16,
    0x6b20, 0x6b21, 0x6b23, 0x6b32, 0x6b3a, 0x6b3d, 0x6b3e, 0x6b46, 0x6b47, 0x6b4c, 0x6b4e, 0x6b50, 0x6b5f, 0x6b61, 0x6b62, 0x6b63,
    0x6b64, 0x6b65, 0x6b66, 0x6b6a, 0x6b72, 0x6b77, 0x6b78, 0x6b7b, 0x6b7f, 0x6b83, 0x6b84, 0x6b86, 0x6b89, 0x6b8a, 0x6b96, 0x6b98,
    0x6b9e, 0x6bae, 0x6baf, 0x6bb2, 0x6bb5, 0x6bb7, 0x6bba, 0x6bbc, 0x6bbf, 0x6bc1, 0x6bc5, 0x6bc6, 0x6bcb, 0x6bcd, 0x6bcf, 0x6bd2,
    0x6bd3, 0x6bd4, 0x6bd6, 0x6bd7, 0x6bd8, 0x6bdb, 0x6beb, 0x6bec, 0x6c08, 0x6c0f, 0x6c11, 0x6c13, 0x6c23, 0x6c34, 0x6c37, 0x6c38,
    0x6c3e, 0x6c40, 0x6c41, 0x6c42, 0x6c4e, 0x6c50, 0x6c55, 0x6c57, 0x6c5a, 0x6c5d, 0x6c5e, 0x6c5f, 0x6c60, 0x6c68, 0x6c6a, 0x6c6d,
    0x6c70, 0x6c72, 0x6c76, 0x6c7a, 0x6c7d, 0x6c7e, 0x6c81, 0x6c82, 0x6c83, 0x6c85, 0x6c86, 0x6c87, 0x6c88, 0x6c8c, 0x6c90, 0x6c92,
    0x6c93, 0x6c94, 0x6c95, 0x6c96, 0x6c99, 0x6c9a, 0x6c9b, 0x6cab, 0x6cae, 0x6cb3, 0x6cb8, 0x6cb9, 0x6cbb, 0x6cbc, 0x6cbd, 0x6cbe,
    0x6cbf, 0x6cc1, 0x6cc2, 0x6cc4, 0x6cc9, 0x6cca, 0x6ccc, 0x6cd3, 0x6cd5, 0x6cd7, 0x6cdb, 0x6ce1, 0x6ce2, 0x6ce3, 0x6ce5, 0x6ce8,
    0x6ceb, 0x6cee, 0x6cef, 0x6cf0, 0x6cf3, 0x6d0b, 0x6d0c, 0x6d11, 0x6d17, 0x6d19, 0x6d1b, 0x6d1e, 0x6d25, 0x6d27, 0x6d29, 0x6d2a,
    0x6d32, 0x6d35, 0x6d36, 0x6d38, 0x6d39, 0x6d3b, 0x6d3d, 0x6d3e, 0x6d41, 0x6d59, 0x6d5a, 0x6d5c, 0x6d63, 0x6d66, 0x6d69, 0x6d6a,
    0x6d6c, 0x6d6e, 0x6d74, 0x6d77, 0x6d78, 0x6d79, 0x6d7f, 0x6d85, 0x6d87, 0x6d88, 0x6d89, 0x6d8c, 0x6d8d, 0x6d8e, 0x6d91, 0x6d93,
    0x6d95, 0x6daf, 0x6db2, 0x6db5, 0x6dc0, 0x6dc3, 0x6dc4, 0x6dc5, 0x6dc6, 0x6dc7, 0x6dcb, 0x6dcf, 0x6dd1, 0x6dd8, 0x6dd9, 0x6dda,
    0x6dde, 0x6de1, 0x6de8, 0x6dea, 0x6deb, 0x6dee, 0x6df1, 0x6df3, 0x6df5, 0x6df7, 0x6df8, 0x6df9, 0x6dfa, 0x6dfb, 0x6e17, 0x6e19,
    0x6e1a, 0x6e1b, 0x6e1f, 0x6e20, 0x6e21, 0x6e23, 0x6e24, 0x6e25, 0x6e26, 0x6e2b, 0x6e2c, 0x6e2d, 0x6e2f, 0x6e32, 0x6e34, 0x6e36,
    0x6e38, 0x6e3a, 0x6e3c, 0x6e3d, 0x6e3e, 0x6e43, 0x6e44, 0x6e4a, 0x6e4d, 0x6e56, 0x6e58, 0x6e5b, 0x6e5c, 0x6e5e, 0x6e5f, 0x6e67,
    0x6e6b, 0x6e6e, 0x6e6f, 0x6e72, 0x6e73, 0x6e7a, 0x6e90, 0x6e96, 0x6e9c, 0x6e9d, 0x6e9f, 0x6ea2, 0x6ea5, 0x6eaa, 0x6eab, 0x6eaf,
    0x6eb1, 0x6eb6, 0x6eba, 0x6ec2, 0x6ec4, 0x6ec5, 0x6ec9, 0x6ecb, 0x6ecc, 0x6ece, 0x6ed1, 0x6ed3, 0x6ed4, 0x6eef, 0x6ef4, 0x6ef8,
    0x6efe, 0x6eff, 0x6f01, 0x6f02, 0x6f06, 0x6f0f, 0x6f11, 0x6f14, 0x6f15, 0x6f20, 0x6f22, 0x6f23, 0x6f2b, 0x6f2c, 0x6f31, 0x6f32,
    0x6f38, 0x6f3f, 0x6f41, 0x6f51, 0x6f54, 0x6f57, 0x6f58, 0x6f5a, 0x6f5b, 0x6f5e, 0x6f5f, 0x6f62, 0x6f64, 0x6f6d, 0x6f6e, 0x6f70,
    0x6f7a, 0x6f7c, 0x6f7d, 0x6f7e, 0x6f81, 0x6f84, 0x6f88, 0x6f8d, 0x6f8e, 0x6f90, 0x6f94, 0x6f97, 0x6fa3, 0x6fa4, 0x6fa7, 0x6fae,
    0x6faf, 0x6fb1, 0x6fb3, 0x6fb9, 0x6fbe, 0x6fc0, 0x6fc1, 0x6fc2, 0x6fc3, 0x6fca, 0x6fd5, 0x6fda, 0x6fdf, 0x6fe0, 0x6fe1, 0x6fe4,
    0x6fe9, 0x6feb, 0x6fec, 0x6fef, 0x6ff1, 0x6ffe, 0x7001, 0x7005, 0x7006, 0x7009, 0x700b, 0x700f, 0x7011, 0x7015, 0x7018, 0x701a,
    0x701b, 0x701c, 0x701d, 0x701e, 0x701f, 0x7023, 0x7027, 0x7028, 0x702f, 0x7037, 0x703e, 0x704c, 0x7050, 0x7051, 0x7058, 0x705d,
    0x7063, 0x706b, 0x7070, 0x7078, 0x707c, 0x707d, 0x7085, 0x708a, 0x708e, 0x7092, 0x7098, 0x7099, 0x709a, 0x70a1, 0x70a4, 0x70ab,
    0x70ac, 0x70ad, 0x70af, 0x70b3, 0x70b7, 0x70b8, 0x70b9, 0x70c8, 0x70cb, 0x70cf, 0x70d8, 0x70d9, 0x70dd, 0x70df, 0x70f1, 0x70f9,
    0x70fd, 0x7104, 0x7109, 0x710c, 0x7119, 0x711a, 0x711e, 0x7121, 0x7126, 0x7130, 0x7136, 0x7147, 0x7149, 0x714a, 0x714c, 0x714e,
    0x7150, 0x7156, 0x7159, 0x715c, 0x715e, 0x7164, 0x7165, 0x7166, 0x7167, 0x7169, 0x716c, 0x716e, 0x717d, 0x7184, 0x7189, 0x718a,
    0x718f, 0x7192, 0x7194, 0x7199, 0x719f, 0x71a2, 0x71ac, 0x71b1, 0x71b9, 0x71ba, 0x71be, 0x71c1, 0x71c3, 0x71c8, 0x71c9, 0x71ce,
    0x71d0, 0x71d2, 0x71d4, 0x71d5, 0x71df, 0x71e5, 0x71e6, 0x71e7, 0x71ed, 0x71ee, 0x71fb, 0x71fc, 0x71fe, 0x71ff, 0x7200, 0x7206,
    0x7210, 0x721b, 0x722a, 0x722c, 0x722d, 0x7230, 0x7232, 0x7235, 0x7236, 0x723a, 0x723b, 0x723d, 0x723e, 0x7240, 0x7246, 0x7247,
    0x7248, 0x724c, 0x7252, 0x7258, 0x7259, 0x725b, 0x725d, 0x725f, 0x7261, 0x7262, 0x7267, 0x7269, 0x7272, 0x7279, 0x727d, 0x7280,
    0x7281, 0x72a2, 0x72a7, 0x72ac, 0x72af, 0x72c0, 0x72c2, 0x72c4, 0x72ce, 0x72d0, 0x72d7, 0x72d9, 0x72e1, 0x72e9, 0x72f8, 0x72f9,
    0x72fc, 0x72fd, 0x730a, 0x7316, 0x731b, 0x731c, 0x731d, 0x7325, 0x7329, 0x732a, 0x732b, 0x7336, 0x7337, 0x733e, 0x733f, 0x7344,
    0x7345, 0x7350, 0x7352, 0x7357, 0x7368, 0x736a, 0x7370, 0x7372, 0x7375, 0x7378, 0x737a, 0x737b, 0x7384, 0x7386, 0x7387, 0x7389,
    0x738b, 0x738e, 0x7394, 0x7396, 0x7397, 0x7398, 0x739f, 0x73a7, 0x73a9, 0x73ad, 0x73b2, 0x73b3, 0x73b9, 0x73c0, 0x73c2, 0x73c9,
    0x73ca, 0x73cc, 0x73cd, 0x73cf, 0x73d6, 0x73d9, 0x73dd, 0x73de, 0x73e0, 0x73e3, 0x73e4, 0x73e5, 0x73e6, 0x73e9, 0x73ea, 0x73ed,
    0x73f7, 0x73f9, 0x73fd, 0x73fe, 0x7401, 0x7403, 0x7405, 0x7406, 0x7407, 0x7409, 0x7413, 0x741b, 0x7420, 0x7421, 0x7422, 0x7425,
    0x7426, 0x7428, 0x742a, 0x742b, 0x742c, 0x742e, 0x742f, 0x7430, 0x7433, 0x7434, 0x7435, 0x7436, 0x7438, 0x743a, 0x743f, 0x7440,
    0x7441, 0x7443, 0x7444, 0x744b, 0x7455, 0x7457, 0x7459, 0x745a, 0x745b, 0x745c, 0x745e, 0x745f, 0x7460, 0x7462, 0x7464, 0x7465,
    0x7468, 0x7469, 0x746a, 0x746f, 0x747e, 0x7482, 0x7483, 0x7487, 0x7489, 0x748b, 0x7498, 0x749c, 0x749e, 0x749f, 0x74a1, 0x74a3,
    0x74a5, 0x74a7, 0x74a8, 0x74aa, 0x74b0, 0x74b2, 0x74b5, 0x74b9, 0x74bd, 0x74bf, 0x74c6, 0x74ca, 0x74cf, 0x74d4, 0x74d8, 0x74da,
    0x74dc, 0x74e0, 0x74e2, 0x74e3, 0x74e6, 0x74ee, 0x74f7, 0x7501, 0x7504, 0x7511, 0x7515, 0x7518, 0x751a, 0x751b, 0x751f, 0x7523,
    0x7525, 0x7526, 0x7528, 0x752b, 0x752c, 0x7530, 0x7531, 0x7532, 0x7533, 0x7537, 0x7538, 0x753a, 0x7547, 0x754c, 0x754f, 0x7551,
    0x7553, 0x7554, 0x7559, 0x755b, 0x755c, 0x755d, 0x7562, 0x7565, 0x7566, 0x756a, 0x756f, 0x7570, 0x7575, 0x7576, 0x7578, 0x757a,
    0x757f, 0x7586, 0x7587, 0x758a, 0x758b, 0x758e, 0x758f, 0x7591, 0x759d, 0x75a5, 0x75ab, 0x75b1, 0x75b2, 0x75b3, 0x75b5, 0x75b8,
    0x75b9, 0x75bc, 0x75bd, 0x75be, 0x75c2, 0x75c5, 0x75c7, 0x75cd, 0x75d2, 0x75d4, 0x75d5, 0x75d8, 0x75d9, 0x75db, 0x75e2, 0x75f0,
    0x75f2, 0x75f4, 0x75fa, 0x75fc, 0x7600, 0x760d, 0x7619, 0x761f, 0x7620, 0x7621, 0x7622, 0x7624, 0x7626, 0x763b, 0x7642, 0x764c,
    0x764e, 0x7652, 0x7656, 0x7661, 0x7664, 0x7669, 0x766c, 0x7670, 0x7672, 0x7678, 0x767b, 0x767c, 0x767d, 0x767e, 0x7684, 0x7686,
    0x7687, 0x768e, 0x7690, 0x7693, 0x76ae, 0x76ba, 0x76bf, 0x76c2, 0x76c3, 0x76c6, 0x76c8, 0x76ca, 0x76d2, 0x76d6, 0x76db, 0x76dc,
    0x76de, 0x76df, 0x76e1, 0x76e3, 0x76e4, 0x76e7, 0x76ee, 0x76f2, 0x76f4, 0x76f8, 0x76fc, 0x76fe, 0x7701, 0x7704, 0x7708, 0x7709,
    0x770b, 0x771e, 0x7720, 0x7729, 0x7737, 0x7738, 0x773a, 0x773c, 0x7740, 0x774d, 0x775b, 0x7761, 0x7763, 0x7766, 0x776b, 0x7779,
    0x777e, 0x777f, 0x778b, 0x7791, 0x779e, 0x77a5, 0x77ac, 0x77ad, 0x77b0, 0x77b3, 0x77bb, 0x77bc, 0x77bf, 0x77d7, 0x77db, 0x77dc,
    0x77e2, 0x77e3, 0x77e5, 0x77e9, 0x77ed, 0x77ee, 0x77ef, 0x77f3, 0x7802, 0x7812, 0x7825, 0x7826, 0x7827, 0x782c, 0x7832, 0x7834,
    0x7845, 0x784f, 0x785d, 0x786b, 0x786c, 0x786f, 0x787c, 0x7881, 0x7887, 0x788c, 0x788d, 0x788e, 0x7891, 0x7897, 0x78a3, 0x78a7,
    0x78a9, 0x78ba, 0x78bb, 0x78bc, 0x78c1, 0x78c5, 0x78ca, 0x78cb, 0x78ce, 0x78d0, 0x78e8, 0x78ec, 0x78ef, 0x78f5, 0x78fb, 0x7901,
    0x790e, 0x7916, 0x792a, 0x792b, 0x792c, 0x793a, 0x793e, 0x7940, 0x7941, 0x7947, 0x7948, 0x7949, 0x7950, 0x7956, 0x7957, 0x795a,
    0x795b, 0x795c, 0x795d, 0x795e, 0x7960, 0x7965, 0x7968, 0x796d, 0x797a, 0x797f, 0x7981, 0x798d, 0x798e, 0x798f, 0x7991, 0x79a6,
    0x79a7, 0x79aa, 0x79ae, 0x79b1, 0x79b3, 0x79b9, 0x79bd, 0x79be, 0x79bf, 0x79c0, 0x79c1, 0x79c9, 0x79ca, 0x79cb, 0x79d1, 0x79d2,
    0x79d5, 0x79d8, 0x79df, 0x79e4, 0x79e6, 0x79e7, 0x79e9, 0x79fb, 0x7a00, 0x7a05, 0x7a08, 0x7a0b, 0x7a0d, 0x7a14, 0x7a17, 0x7a19,
    0x7a1a, 0x7a1c, 0x7a1f, 0x7a20, 0x7a2e, 0x7a31, 0x7a36, 0x7a37, 0x7a3b, 0x7a3c, 0x7a3d, 0x7a3f, 0x7a40, 0x7a46, 0x7a49, 0x7a4d,
    0x7a4e, 0x7a57, 0x7a61, 0x7a62, 0x7a69, 0x7a6b, 0x7a70, 0x7a74, 0x7a76, 0x7a79, 0x7a7a, 0x7a7d, 0x7a7f, 0x7a81, 0x7a84, 0x7a88,
    0x7a92, 0x7a93, 0x7a95, 0x7a98, 0x7a9f, 0x7aa9, 0x7aaa, 0x7aae, 0x7aaf, 0x7aba, 0x7ac4, 0x7ac5, 0x7ac7, 0x7aca, 0x7acb, 0x7ad7,
    0x7ad9, 0x7add, 0x7adf, 0x7ae0, 0x7ae3, 0x7ae5, 0x7aea, 0x7aed, 0x7aef, 0x7af6, 0x7af9, 0x7afa, 0x7aff, 0x7b0f, 0x7b11, 0x7b19,
    0x7b1b, 0x7b1e, 0x7b20, 0x7b26, 0x7b2c, 0x7b2d, 0x7b39, 0x7b46, 0x7b49, 0x7b4b, 0x7b4c, 0x7b4d, 0x7b4f, 0x7b50, 0x7b51, 0x7b52,
    0x7b54, 0x7b56, 0x7b60, 0x7b6c, 0x7b6e, 0x7b75, 0x7b7d, 0x7b87, 0x7b8b, 0x7b8f, 0x7b94, 0x7b95, 0x7b97, 0x7b9a, 0x7b9d, 0x7ba1,
    0x7bad, 0x7bb1, 0x7bb4, 0x7bb8, 0x7bc0, 0x7bc1, 0x7bc4, 0x7bc6, 0x7bc7, 0x7bc9, 0x7bd2, 0x7be0, 0x7be4, 0x7be9, 0x7c07, 0x7c12,
    0x7c1e, 0x7c21, 0x7c27, 0x7c2a, 0x7c2b, 0x7c3d, 0x7c3e, 0x7c3f, 0x7c43, 0x7c4c, 0x7c4d, 0x7c60, 0x7c64, 0x7c6c, 0x7c73, 0x7c83,
    0x7c89, 0x7c92, 0x7c95, 0x7c97, 0x7c98, 0x7c9f, 0x7ca5, 0x7ca7, 0x7cae, 0x7cb1, 0x7cb2, 0x7cb3, 0x7cb9, 0x7cbe, 0x7cca, 0x7cd6,
    0x7cde, 0x7cdf, 0x7ce0, 0x7ce7, 0x7cfb, 0x7cfe, 0x7d00, 0x7d02, 0x7d04, 0x7d05, 0x7d06, 0x7d07, 0x7d08, 0x7d0a, 0x7d0b, 0x7d0d,
    0x7d10, 0x7d14, 0x7d17, 0x7d18, 0x7d19, 0x7d1a, 0x7d1b, 0x7d20, 0x7d21, 0x7d22, 0x7d2b, 0x7d2c, 0x7d2e, 0x7d2f, 0x7d30, 0x7d33,
    0x7d35, 0x7d39, 0x7d3a, 0x7d42, 0x7d43, 0x7d44, 0x7d45, 0x7d46, 0x7d50, 0x7d5e, 0x7d61, 0x7d62, 0x7d66, 0x7d68, 0x7d6a, 0x7d6e,
    0x7d71, 0x7d72, 0x7d73, 0x7d76, 0x7d79, 0x7d7f, 0x7d8e, 0x7d8f, 0x7d93, 0x7d9c, 0x7da0, 0x7da2, 0x7dac, 0x7dad, 0x7db1, 0x7db2,
    0x7db4, 0x7db5, 0x7db8, 0x7dba, 0x7dbb, 0x7dbd, 0x7dbe, 0x7dbf, 0x7dc7, 0x7dca, 0x7dcb, 0x7dd6, 0x7dd8, 0x7dda, 0x7ddd, 0x7dde,
    0x7de0, 0x7de1, 0x7de3, 0x7de8, 0x7de9, 0x7dec, 0x7def, 0x7df4, 0x7dfb, 0x7e09, 0x7e0a, 0x7e15, 0x7e1b, 0x7e1d, 0x7e1e, 0x7e1f,
    0x7e21, 0x7e23, 0x7e2b, 0x7e2e, 0x7e2f, 0x7e31, 0x7e37, 0x7e3d, 0x7e3e, 0x7e41, 0x7e43, 0x7e46, 0x7e47, 0x7e52, 0x7e54, 0x7e55,
    0x7e5e, 0x7e61, 0x7e69, 0x7e6a, 0x7e6b, 0x7e6d, 0x7e70, 0x7e79, 0x7e7c, 0x7e82, 0x7e8c, 0x7e8f, 0x7e93, 0x7e96, 0x7e98, 0x7e9b,
    0x7e9c, 0x7f36, 0x7f38, 0x7f3a, 0x7f4c, 0x7f50, 0x7f54, 0x7f55, 0x7f6a, 0x7f6b, 0x7f6e, 0x7f70, 0x7f72, 0x7f75, 0x7f77, 0x7f79,
    0x7f85, 0x7f88, 0x7f8a, 0x7f8c, 0x7f8e, 0x7f94, 0x7f9a, 0x7f9e, 0x7fa4, 0x7fa8, 0x7fa9, 0x7fb2, 0x7fb8, 0x7fb9, 0x7fbd, 0x7fc1,
    0x7fc5, 0x7fca, 0x7fcc, 0x7fce, 0x7fd2, 0x7fd4, 0x7fd5, 0x7fdf, 0x7fe0, 0x7fe1, 0x7fe9, 0x7feb, 0x7ff0, 0x7ff9, 0x7ffc, 0x8000,
    0x8001, 0x8003, 0x8005, 0x8006, 0x8009, 0x800c, 0x8010, 0x8015, 0x8017, 0x8018, 0x802d, 0x8033, 0x8036, 0x803d, 0x803f, 0x8043,
    0x8046, 0x804a, 0x8056, 0x8058, 0x805a, 0x805e, 0x806f, 0x8070, 0x8072, 0x8073, 0x8077, 0x807d, 0x807e, 0x807f, 0x8084, 0x8085,
    0x8086, 0x8087, 0x8089, 0x808b, 0x808c, 0x8096, 0x809b, 0x809d, 0x80a1, 0x80a2, 0x80a5, 0x80a9, 0x80aa, 0x80af, 0x80b1, 0x80b2,
    0x80b4, 0x80ba, 0x80c3, 0x80c4, 0x80cc, 0x80ce, 0x80da, 0x80db, 0x80de, 0x80e1, 0x80e4, 0x80e5, 0x80f1, 0x80f4, 0x80f8, 0x80fd,
    0x8102, 0x8105, 0x8106, 0x8107, 0x8108, 0x810a, 0x8118, 0x811a, 0x811b, 0x8123, 0x8129, 0x812b, 0x812f, 0x8139, 0x813e, 0x814b,
    0x814e, 0x8150, 0x8151, 0x8154, 0x8155, 0x8165, 0x8166, 0x816b, 0x8170, 0x8171, 0x8178, 0x8179, 0x817a, 0x817f, 0x8180, 0x8188,
    0x818a, 0x818f, 0x819a, 0x819c, 0x819d, 0x81a0, 0x81a3, 0x81a8, 0x81b3, 0x81b5, 0x81ba, 0x81bd, 0x81be, 0x81bf, 0x81c0, 0x81c2,
    0x81c6, 0x81cd, 0x81d8, 0x81df, 0x81e3, 0x81e5, 0x81e7, 0x81e8, 0x81ea, 0x81ed, 0x81f3, 0x81f4, 0x81fa, 0x81fb, 0x81fc, 0x81fe,
    0x8205, 0x8207, 0x8208, 0x820a, 0x820c, 0x820d, 0x8212, 0x821b, 0x821c, 0x821e, 0x821f, 0x8221, 0x822a, 0x822b, 0x822c, 0x8235,
    0x8236, 0x8237, 0x8239, 0x8240, 0x8245, 0x8247, 0x8259, 0x8264, 0x8266, 0x826e, 0x826f, 0x8271, 0x8272, 0x8276, 0x8278, 0x827e,
    0x828b, 0x828d, 0x828e, 0x8292, 0x8299, 0x829a, 0x829d, 0x829f, 0x82a5, 0x82a6, 0x82a9, 0x82ac, 0x82ad, 0x82ae, 0x82af, 0x82b1,
    0x82b3, 0x82b7, 0x82b8, 0x82b9, 0x82bb, 0x82bc, 0x82bd, 0x82bf, 0x82d1, 0x82d2, 0x82d4, 0x82d5, 0x82d7, 0x82db, 0x82de, 0x82df,
    0x82e1, 0x82e5, 0x82e6, 0x82e7, 0x82f1, 0x82fd, 0x82fe, 0x8301, 0x8302, 0x8303, 0x8304, 0x8305, 0x8309, 0x8317, 0x8328, 0x832b,
    0x832f, 0x8331, 0x8334, 0x8335, 0x8336, 0x8338, 0x8339, 0x8340, 0x8347, 0x8349, 0x834a, 0x834f, 0x8351, 0x8352, 0x8373, 0x8377,
    0x837b, 0x8389, 0x838a, 0x838e, 0x8396, 0x8398, 0x839e, 0x83a2, 0x83a9, 0x83aa, 0x83ab, 0x83bd, 0x83c1, 0x83c5, 0x83c9, 0x83ca,
    0x83cc, 0x83d3, 0x83d6, 0x83dc, 0x83e9, 0x83eb, 0x83ef, 0x83f0, 0x83f1, 0x83f2, 0x83f4, 0x83f9, 0x83fd, 0x8403, 0x8404, 0x840a,
    0x840c, 0x840d, 0x840e, 0x8429, 0x842c, 0x8431, 0x8438, 0x843d, 0x8449, 0x8457, 0x845b, 0x8461, 0x8463, 0x8466, 0x846b, 0x846c,
    0x846f, 0x8475, 0x847a, 0x8490, 0x8494, 0x8499, 0x849c, 0x84a1, 0x84b2, 0x84b8, 0x84bb, 0x84bc, 0x84bf, 0x84c0, 0x84c2, 0x84c4,
    0x84c6, 0x84c9, 0x84cb, 0x84cd, 0x84d1, 0x84da, 0x84ec, 0x84ee, 0x84f4, 0x84fc, 0x8511, 0x8513, 0x8514, 0x8517, 0x8518, 0x851a,
    0x851e, 0x8521, 0x8523, 0x8525, 0x852c, 0x852d, 0x852f, 0x853d, 0x853f, 0x8541, 0x8543, 0x8549, 0x854e, 0x8553, 0x8559, 0x8563,
    0x8568, 0x8569, 0x856a, 0x856d, 0x8584, 0x8587, 0x858f, 0x8591, 0x8594, 0x859b, 0x85a6, 0x85a8, 0x85a9, 0x85aa, 0x85af, 0x85b0,
    0x85ba, 0x85c1, 0x85c9, 0x85cd, 0x85ce, 0x85cf, 0x85d5, 0x85dc, 0x85dd, 0x85e4, 0x85e5, 0x85e9, 0x85ea, 0x85f7, 0x85fa, 0x85fb,
    0x85ff, 0x8602, 0x8606, 0x8607, 0x860a, 0x8616, 0x8617, 0x861a, 0x862d, 0x863f, 0x864e, 0x8650, 0x8654, 0x8655, 0x865b, 0x865c,
    0x865e, 0x865f, 0x8667, 0x8679, 0x868a, 0x868c, 0x8693, 0x86a3, 0x86a4, 0x86a9, 0x86c7, 0x86cb, 0x86d4, 0x86d9, 0x86db, 0x86df,
    0x86e4, 0x86ed, 0x86fe, 0x8700, 0x8702, 0x8703, 0x8708, 0x8718, 0x871a, 0x871c, 0x874e, 0x8755, 0x8757, 0x875f, 0x8766, 0x8768,
    0x8774, 0x8776, 0x8778, 0x8782, 0x878d, 0x879f, 0x87a2, 0x87b3, 0x87ba, 0x87c4, 0x87e0, 0x87ec, 0x87ef, 0x87f2, 0x87f9, 0x87fb,
    0x87fe, 0x8805, 0x881f, 0x8822, 0x8823, 0x8831, 0x8836, 0x883b, 0x8840, 0x8846, 0x884c, 0x884d, 0x8852, 0x8853, 0x8857, 0x8859,
    0x885b, 0x885d, 0x8861, 0x8862, 0x8863, 0x8868, 0x886b, 0x8870, 0x8872, 0x8877, 0x887e, 0x887f, 0x8881, 0x8882, 0x8888, 0x888b,
    0x888d, 0x8892, 0x8896, 0x8897, 0x889e, 0x88ab, 0x88b4, 0x88c1, 0x88c2, 0x88cf, 0x88d4, 0x88d5, 0x88d9, 0x88dc, 0x88dd, 0x88df,
    0x88e1, 0x88e8, 0x88f3, 0x88f4, 0x88f5, 0x88f8, 0x88fd, 0x8907, 0x8910, 0x8912, 0x8913, 0x8918, 0x8919, 0x8925, 0x892a, 0x8936,
    0x8938, 0x893b, 0x8941, 0x8944, 0x895f, 0x8964, 0x896a, 0x8972, 0x897f, 0x8981, 0x8983, 0x8986, 0x8987, 0x898b, 0x898f, 0x8993,
    0x8996, 0x89a1, 0x89a9, 0x89aa, 0x89b2, 0x89ba, 0x89bd, 0x89c0, 0x89d2, 0x89e3, 0x89f4, 0x89f8, 0x8a00, 0x8a02, 0x8a03, 0x8a08,
    0x8a0a, 0x8a0c, 0x8a0e, 0x8a13, 0x8a16, 0x8a17, 0x8a18, 0x8a1b, 0x8a1d, 0x8a1f, 0x8a23, 0x8a25, 0x8a2a, 0x8a2d, 0x8a31, 0x8a34,
    0x8a36, 0x8a3a, 0x8a3b, 0x8a50, 0x8a54, 0x8a55, 0x8a5b, 0x8a5e, 0x8a60, 0x8a62, 0x8a63, 0x8a66, 0x8a69, 0x8a6d, 0x8a6e, 0x8a70,
    0x8a71, 0x8a72, 0x8a73, 0x8a75, 0x8a79, 0x8a85, 0x8a87, 0x8a8c, 0x8a8d, 0x8a93, 0x8a95, 0x8a98, 0x8a9e, 0x8aa0, 0x8aa1, 0x8aa3,
    0x8aa4, 0x8aa5, 0x8aa6, 0x8aa8, 0x8aaa, 0x8ab0, 0x8ab2, 0x8ab9, 0x8abc, 0x8abe, 0x8abf, 0x8ac2, 0x8ac4, 0x8ac7, 0x8acb, 0x8acd,
    0x8acf, 0x8ad2, 0x8ad6, 0x8adb, 0x8adc, 0x8ae1, 0x8ae6, 0x8ae7, 0x8aea, 0x8aeb, 0x8aed, 0x8aee, 0x8af1, 0x8af6, 0x8af7, 0x8af8,
    0x8afa, 0x8afe, 0x8b00, 0x8b01, 0x8b02, 0x8b04, 0x8b0e, 0x8b10, 0x8b14, 0x8b16, 0x8b17, 0x8b19, 0x8b1a, 0x8b1b, 0x8b1d, 0x8b20,
    0x8b28, 0x8b2b, 0x8b2c, 0x8b33, 0x8b39, 0x8b41, 0x8b49, 0x8b4e, 0x8b4f, 0x8b58, 0x8b5a, 0x8b5c, 0x8b66, 0x8b6c, 0x8b6f, 0x8b70,
    0x8b74, 0x8b77, 0x8b7d, 0x8b80, 0x8b8a, 0x8b90, 0x8b92, 0x8b93, 0x8b96, 0x8b9a, 0x8c37, 0x8c3f, 0x8c41, 0x8c46, 0x8c48, 0x8c4a,
    0x8c4c, 0x8c55, 0x8c5a, 0x8c61, 0x8c6a, 0x8c6b, 0x8c79, 0x8c7a, 0x8c82, 0x8c8a, 0x8c8c, 0x8c9d, 0x8c9e, 0x8ca0, 0x8ca1, 0x8ca2,
    0x8ca7, 0x8ca8, 0x8ca9, 0x8caa, 0x8cab, 0x8cac, 0x8caf, 0x8cb0, 0x8cb3, 0x8cb4, 0x8cb6, 0x8cb7, 0x8cb8, 0x8cbb, 0x8cbc, 0x8cbd,
    0x8cbf, 0x8cc0, 0x8cc1, 0x8cc2, 0x8cc3, 0x8cc4, 0x8cc7, 0x8cc8, 0x8cca, 0x8cd1, 0x8cd3, 0x8cda, 0x8cdc, 0x8cde, 0x8ce0, 0x8ce2,
    0x8ce3, 0x8ce4, 0x8ce6, 0x8cea, 0x8ced, 0x8cf4, 0x8cfb, 0x8cfc, 0x8cfd, 0x8d04, 0x8d05, 0x8d07, 0x8d08, 0x8d0a, 0x8d0d, 0x8d13,
    0x8d16, 0x8d64, 0x8d66, 0x8d6b, 0x8d70, 0x8d73, 0x8d74, 0x8d77, 0x8d85, 0x8d8a, 0x8d99, 0x8da3, 0x8da8, 0x8db3, 0x8dba, 0x8dbe,
    0x8dc6, 0x8dcb, 0x8dcc, 0x8dcf, 0x8ddb, 0x8ddd, 0x8de1, 0x8de3, 0x8de8, 0x8def, 0x8df3, 0x8e0a, 0x8e0f, 0x8e10, 0x8e1e, 0x8e2a,
    0x8e30, 0x8e35, 0x8e42, 0x8e44, 0x8e47, 0x8e48, 0x8e49, 0x8e4a, 0x8e59, 0x8e5f, 0x8e60, 0x8e74, 0x8e76, 0x8e81, 0x8e87, 0x8e8a,
    0x8e8d, 0x8eaa, 0x8eab, 0x8eac, 0x8ec0, 0x8eca, 0x8ecb, 0x8ecc, 0x8ecd, 0x8ed2, 0x8edf, 0x8eeb, 0x8ef8, 0x8efb, 0x8efe, 0x8f03,
    0x8f05, 0x8f09, 0x8f12, 0x8f13, 0x8f14, 0x8f15, 0x8f1b, 0x8f1c, 0x8f1d, 0x8f1e, 0x8f1f, 0x8f26, 0x8f27, 0x8f29, 0x8f2a, 0x8f2f,
    0x8f33, 0x8f38, 0x8f39, 0x8f3b, 0x8f3e, 0x8f3f, 0x8f44, 0x8f45, 0x8f49, 0x8f4d, 0x8f4e, 0x8f5d, 0x8f5f, 0x8f62, 0x8f9b, 0x8f9c,
    0x8fa3, 0x8fa6, 0x8fa8, 0x8fad, 0x8faf, 0x8fb0, 0x8fb1, 0x8fb2, 0x8fc2, 0x8fc5, 0x8fce, 0x8fd1, 0x8fd4, 0x8fe6, 0x8fea, 0x8feb,
    0x8fed, 0x8ff0, 0x8ff2, 0x8ff7, 0x8ff9, 0x8ffd, 0x9000, 0x9001, 0x9002, 0x9003, 0x9005, 0x9006, 0x9008, 0x900b, 0x900d, 0x900f,
    0x9010, 0x9011, 0x9014, 0x9015, 0x9017, 0x9019, 0x901a, 0x901d, 0x901e, 0x901f, 0x9020, 0x9021, 0x9022, 0x9023, 0x902e, 0x9031,
    0x9032, 0x9035, 0x9038, 0x903c, 0x903e, 0x9041, 0x9042, 0x9047, 0x904a, 0x904b, 0x904d, 0x904e, 0x9050, 0x9051, 0x9053, 0x9054,
    0x9055, 0x9059, 0x905c, 0x905d, 0x905e, 0x9060, 0x9061, 0x9063, 0x9069, 0x906d, 0x906e, 0x906f, 0x9072, 0x9075, 0x9077, 0x9078,
    0x907a, 0x907c, 0x907d, 0x907f, 0x9080, 0x9081, 0x9082, 0x9083, 0x9084, 0x9087, 0x9088, 0x908a, 0x908f, 0x9091, 0x9095, 0x9099,
    0x90a2, 0x90a3, 0x90a6, 0x90a8, 0x90aa, 0x90af, 0x90b0, 0x90b1, 0x90b5, 0x90b8, 0x90c1, 0x90ca, 0x90de, 0x90e1, 0x90e8, 0x90ed,
    0x90f5, 0x90fd, 0x9102, 0x9112, 0x9115, 0x9119, 0x9127, 0x912d, 0x9132, 0x9149, 0x914a, 0x914b, 0x914c, 0x914d, 0x914e, 0x9152,
    0x9162, 0x9169, 0x916a, 0x916c, 0x9175, 0x9177, 0x9178, 0x9187, 0x9189, 0x918b, 0x918d, 0x9192, 0x919c, 0x91ab, 0x91ac, 0x91ae,
    0x91af, 0x91b1, 0x91b4, 0x91b5, 0x91c0, 0x91c7, 0x91c9, 0x91cb, 0x91cc, 0x91cd, 0x91ce, 0x91cf, 0x91d0, 0x91d1, 0x91d7, 0x91d8,
    0x91dc, 0x91dd, 0x91e3, 0x91e7, 0x91ea, 0x91f5, 0x920d, 0x9210, 0x9211, 0x9212, 0x9217, 0x921e, 0x9234, 0x923a, 0x923f, 0x9240,
    0x9245, 0x9249, 0x9257, 0x925b, 0x925e, 0x9262, 0x9264, 0x9265, 0x9266, 0x9280, 0x9283, 0x9285, 0x9291, 0x9293, 0x9296, 0x9298,
    0x929c, 0x92b3, 0x92b6, 0x92b7, 0x92b9, 0x92cc, 0x92cf, 0x92d2, 0x92e4, 0x92ea, 0x92f8, 0x92fc, 0x9304, 0x9310, 0x9318, 0x931a,
    0x931e, 0x931f, 0x9320, 0x9321, 0x9322, 0x9324, 0x9326, 0x9328, 0x932b, 0x932e, 0x932f, 0x9348, 0x934a, 0x934b, 0x934d, 0x9354,
    0x935b, 0x936e, 0x9375, 0x937c, 0x937e, 0x938c, 0x9394, 0x9396, 0x939a, 0x93a3, 0x93a7, 0x93ac, 0x93ad, 0x93b0, 0x93c3, 0x93d1,
    0x93de, 0x93e1, 0x93e4, 0x93f6, 0x9404, 0x9418, 0x9425, 0x942b, 0x9435, 0x9438, 0x9444, 0x9451, 0x9452, 0x945b, 0x947d, 0x947f,
    0x9577, 0x9580, 0x9583, 0x9589, 0x958b, 0x958f, 0x9591, 0x9592, 0x9593, 0x9594, 0x9598, 0x95a3, 0x95a4, 0x95a5, 0x95a8, 0x95ad,
    0x95b1, 0x95bb, 0x95bc, 0x95c7, 0x95ca, 0x95d4, 0x95d5, 0x95d6, 0x95dc, 0x95e1, 0x95e2, 0x961c, 0x9621, 0x962a, 0x962e, 0x9632,
    0x963b, 0x963f, 0x9640, 0x9642, 0x9644, 0x964b, 0x964c, 0x964d, 0x9650, 0x965b, 0x965c, 0x965d, 0x965e, 0x965f, 0x9662, 0x9663,
    0x9664, 0x966a, 0x9670, 0x9673, 0x9675, 0x9676, 0x9677, 0x9678, 0x967d, 0x9685, 0x9686, 0x968a, 0x968b, 0x968d, 0x968e, 0x9694,
    0x9695, 0x9698, 0x9699, 0x969b, 0x969c, 0x96a3, 0x96a7, 0x96a8, 0x96aa, 0x96b1, 0x96b7, 0x96bb, 0x96c0, 0x96c1, 0x96c4, 0x96c5,
    0x96c6, 0x96c7, 0x96c9, 0x96cb, 0x96cc, 0x96cd, 0x96ce, 0x96d5, 0x96d6, 0x96d9, 0x96db, 0x96dc, 0x96e2, 0x96e3, 0x96e8, 0x96e9,
    0x96ea, 0x96ef, 0x96f0, 0x96f2, 0x96f6, 0x96f7, 0x96f9, 0x96fb, 0x9700, 0x9706, 0x9707, 0x9711, 0x9713, 0x9716, 0x9719, 0x971c,
    0x971e, 0x9727, 0x9730, 0x9732, 0x9739, 0x973d, 0x9742, 0x9744, 0x9748, 0x9751, 0x9756, 0x975c, 0x975e, 0x9761, 0x9762, 0x9769,
    0x976d, 0x9774, 0x9777, 0x977a, 0x978b, 0x978d, 0x978f, 0x97a0, 0x97a8, 0x97ab, 0x97ad, 0x97c6, 0x97cb, 0x97d3, 0x97dc, 0x97f3,
    0x97f6, 0x97fb, 0x97ff, 0x9800, 0x9801, 0x9802, 0x9803, 0x9805, 0x9806, 0x9808, 0x980a, 0x980c, 0x9810, 0x9811, 0x9812, 0x9813,
    0x9817, 0x9818, 0x982d, 0x9830, 0x9838, 0x9839, 0x983b, 0x9846, 0x984c, 0x984d, 0x984e, 0x9854, 0x9858, 0x985a, 0x985e, 0x9865,
    0x9867, 0x986b, 0x986f, 0x98a8, 0x98af, 0x98b1, 0x98c4, 0x98c7, 0x98db, 0x98dc, 0x98df, 0x98e1, 0x98e2, 0x98ed, 0x98ee, 0x98ef,
    0x98f4, 0x98fc, 0x98fd, 0x98fe, 0x9903, 0x9909, 0x990a, 0x990c, 0x9910, 0x9913, 0x9918, 0x991e, 0x9920, 0x9928, 0x9945, 0x9949,
    0x994b, 0x994c, 0x994d, 0x9951, 0x9952, 0x9954, 0x9957, 0x9996, 0x9999, 0x999d, 0x99a5, 0x99a8, 0x99ac, 0x99ad, 0x99ae, 0x99b1,
    0x99b3, 0x99b4, 0x99b9, 0x99c1, 0x99d0, 0x99d1, 0x99d2, 0x99d5, 0x99d9, 0x99dd, 0x99df, 0x99ed, 0x99f1, 0x99ff, 0x9a01, 0x9a08,
    0x9a0e, 0x9a0f, 0x9a19, 0x9a2b, 0x9a30, 0x9a36, 0x9a37, 0x9a40, 0x9a43, 0x9a45, 0x9a4d, 0x9a55, 0x9a57, 0x9a5a, 0x9a5b, 0x9a5f,
    0x9a62, 0x9a65, 0x9a69, 0x9a6a, 0x9aa8, 0x9ab8, 0x9ad3, 0x9ad4, 0x9ad8, 0x9ae5, 0x9aee, 0x9b1a, 0x9b27, 0x9b2a, 0x9b31, 0x9b3c,
    0x9b41, 0x9b42, 0x9b43, 0x9b44, 0x9b45, 0x9b4f, 0x9b54, 0x9b5a, 0x9b6f, 0x9b8e, 0x9b91, 0x9b9f, 0x9bab, 0x9bae, 0x9bc9, 0x9bd6,
    0x9be4, 0x9be8, 0x9c0d, 0x9c10, 0x9c12, 0x9c15, 0x9c25, 0x9c32, 0x9c3b, 0x9c47, 0x9c49, 0x9c57, 0x9ce5, 0x9ce7, 0x9ce9, 0x9cf3,
    0x9cf4, 0x9cf6, 0x9d09, 0x9d1b, 0x9d26, 0x9d28, 0x9d3b, 0x9d51, 0x9d5d, 0x9d60, 0x9d61, 0x9d6c, 0x9d72, 0x9da9, 0x9daf, 0x9db4,
    0x9dc4, 0x9dd7, 0x9df2, 0x9df8, 0x9df9, 0x9dfa, 0x9e1a, 0x9e1e, 0x9e75, 0x9e79, 0x9e7d, 0x9e7f, 0x9e92, 0x9e93, 0x9e97, 0x9e9d,
    0x9e9f, 0x9ea5, 0x9eb4, 0x9eb5, 0x9ebb, 0x9ebe, 0x9ec3, 0x9ecd, 0x9ece, 0x9ed1, 0x9ed4, 0x9ed8, 0x9edb, 0x9edc, 0x9ede, 0x9ee8,
    0x9ef4, 0x9f07, 0x9f08, 0x9f0e, 0x9f13, 0x9f20, 0x9f3b, 0x9f4a, 0x9f4b, 0x9f4e, 0x9f52, 0x9f5f, 0x9f61, 0x9f67, 0x9f6a, 0x9f6c,
    0x9f77, 0x9f8d, 0x9f90, 0x9f95, 0x9f9c, 0xac00, 0xac01, 0xac04, 0xac07, 0xac08, 0xac09, 0xac0a, 0xac10, 0xac11, 0xac12, 0xac13,
    0xac14, 0xac15, 0xac16, 0xac17, 0xac19, 0xac1a, 0xac1b, 0xac1c, 0xac1d, 0xac20, 0xac24, 0xac2c, 0xac2d, 0xac2f, 0xac30, 0xac31,
    0xac38, 0xac39, 0xac3c, 0xac40, 0xac4b, 0xac4d, 0xac54, 0xac58, 0xac5c, 0xac70, 0xac71, 0xac74, 0xac77, 0xac78, 0xac7a, 0xac80,
    0xac81, 0xac83, 0xac84, 0xac85, 0xac86, 0xac89, 0xac8a, 0xac8b, 0xac8c, 0xac90, 0xac94, 0xac9c, 0xac9d, 0xac9f, 0xaca0, 0xaca1,
    0xaca8, 0xaca9, 0xacaa, 0xacac, 0xacaf, 0xacb0, 0xacb8, 0xacb9, 0xacbb, 0xacbc, 0xacbd, 0xacc1, 0xacc4, 0xacc8, 0xaccc, 0xacd5,
    0xacd7, 0xace0, 0xace1, 0xace4, 0xace7, 0xace8, 0xacea, 0xacec, 0xacef, 0xacf0, 0xacf1, 0xacf3, 0xacf5, 0xacf6, 0xacfc, 0xacfd,
    0xad00, 0xad04, 0xad06, 0xad0c, 0xad0d, 0xad0f, 0xad11, 0xad18, 0xad1c, 0xad20, 0xad29, 0xad2c, 0xad2d, 0xad34, 0xad35, 0xad38,
    0xad3c, 0xad44, 0xad45, 0xad47, 0xad49, 0xad50, 0xad54, 0xad58, 0xad61, 0xad63, 0xad6c, 0xad6d, 0xad70, 0xad73, 0xad74, 0xad75,
    0xad76, 0xad7b, 0xad7c, 0xad7d, 0xad7f, 0xad81, 0xad82, 0xad88, 0xad89, 0xad8c, 0xad90, 0xad9c, 0xad9d, 0xada4, 0xadb7, 0xadc0,
    0xadc1, 0xadc4, 0xadc8, 0xadd0, 0xadd1, 0xadd3, 0xaddc, 0xade0, 0xade4, 0xadf8, 0xadf9, 0xadfc, 0xadff, 0xae00, 0xae01, 0xae08,
    0xae09, 0xae0b, 0xae0d, 0xae14, 0xae30, 0xae31, 0xae34, 0xae37, 0xae38, 0xae3a, 0xae40, 0xae41, 0xae43, 0xae45, 0xae46, 0xae4a,
    0xae4c, 0xae4d, 0xae4e, 0xae50, 0xae54, 0xae56, 0xae5c, 0xae5d, 0xae5f, 0xae60, 0xae61, 0xae65, 0xae68, 0xae69, 0xae6c, 0xae70,
    0xae78, 0xae79, 0xae7b, 0xae7c, 0xae7d, 0xae84, 0xae85, 0xae8c, 0xaebc, 0xaebd, 0xaebe, 0xaec0, 0xaec4, 0xaecc, 0xaecd, 0xaecf,
    0xaed0, 0xaed1, 0xaed8, 0xaed9, 0xaedc, 0xaee8, 0xaeeb, 0xaeed, 0xaef4, 0xaef8, 0xaefc, 0xaf07, 0xaf08, 0xaf0d, 0xaf10, 0xaf2c,
    0xaf2d, 0xaf30, 0xaf32, 0xaf34, 0xaf3c, 0xaf3d, 0xaf3f, 0xaf41, 0xaf42, 0xaf43, 0xaf48, 0xaf49, 0xaf50, 0xaf5c, 0xaf5d, 0xaf64,
    0xaf65, 0xaf79, 0xaf80, 0xaf84, 0xaf88, 0xaf90, 0xaf91, 0xaf95, 0xaf9c, 0xafb8, 0xafb9, 0xafbc, 0xafc0, 0xafc7, 0xafc8, 0xafc9,
    0xafcb, 0xafcd, 0xafce, 0xafd4, 0xafdc, 0xafe8, 0xafe9, 0xaff0, 0xaff1, 0xaff4, 0xaff8, 0xb000, 0xb001, 0xb004, 0xb00c, 0xb010,
    0xb014, 0xb01c, 0xb01d, 0xb028, 0xb044, 0xb045, 0xb048, 0xb04a, 0xb04c, 0xb04e, 0xb053, 0xb054, 0xb055, 0xb057, 0xb059, 0xb05d,
    0xb07c, 0xb07d, 0xb080, 0xb084, 0xb08c, 0xb08d, 0xb08f, 0xb091, 0xb098, 0xb099, 0xb09a, 0xb09c, 0xb09f, 0xb0a0, 0xb0a1, 0xb0a2,
    0xb0a8, 0xb0a9, 0xb0ab, 0xb0ac, 0xb0ad, 0xb0ae, 0xb0af, 0xb0b1, 0xb0b3, 0xb0b4, 0xb0b5, 0xb0b8, 0xb0bc, 0xb0c4, 0xb0c5, 0xb0c7,
    0xb0c8, 0xb0c9, 0xb0d0, 0xb0d1, 0xb0d4, 0xb0d8, 0xb0e0, 0xb0e5, 0xb108, 0xb109, 0xb10b, 0xb10c, 0xb110, 0xb112, 0xb113, 0xb118,
    0xb119, 0xb11b, 0xb11c, 0xb11d, 0xb123, 0xb124, 0xb125, 0xb128, 0xb12c, 0xb134, 0xb135, 0xb137, 0xb138, 0xb139, 0xb140, 0xb141,
    0xb144, 0xb148, 0xb150, 0xb151, 0xb154, 0xb155, 0xb158, 0xb15c, 0xb160, 0xb178, 0xb179, 0xb17c, 0xb180, 0xb182, 0xb188, 0xb189,
    0xb18b, 0xb18d, 0xb192, 0xb193, 0xb194, 0xb198, 0xb19c, 0xb1a8, 0xb1cc, 0xb1d0, 0xb1d4, 0xb1dc, 0xb1dd, 0xb1df, 0xb1e8, 0xb1e9,
    0xb1ec, 0xb1f0, 0xb1f9, 0xb1fb, 0xb1fd, 0xb204, 0xb205, 0xb208, 0xb20b, 0xb20c, 0xb214, 0xb215, 0xb217, 0xb219, 0xb220, 0xb234,
    0xb23c, 0xb258, 0xb25c, 0xb260, 0xb268, 0xb269, 0xb274, 0xb275, 0xb27c, 0xb284, 0xb285, 0xb289, 0xb290, 0xb291, 0xb294, 0xb298,
    0xb299, 0xb29a, 0xb2a0, 0xb2a1, 0xb2a3, 0xb2a5, 0xb2a6, 0xb2aa, 0xb2ac, 0xb2b0, 0xb2b4, 0xb2c8, 0xb2c9, 0xb2cc, 0xb2d0, 0xb2d2,
    0xb2d8, 0xb2d9, 0xb2db, 0xb2dd, 0xb2e2, 0xb2e4, 0xb2e5, 0xb2e6, 0xb2e8, 0xb2eb, 0xb2ec, 0xb2ed, 0xb2ee, 0xb2ef, 0xb2f3, 0xb2f4,
    0xb2f5, 0xb2f7, 0xb2f8, 0xb2f9, 0xb2fa, 0xb2fb, 0xb2ff, 0xb300, 0xb301, 0xb304, 0xb308, 0xb310, 0xb311, 0xb313, 0xb314, 0xb315,
    0xb31c, 0xb354, 0xb355, 0xb356, 0xb358, 0xb35b, 0xb35c, 0xb35e, 0xb35f, 0xb364, 0xb365, 0xb367, 0xb369, 0xb36b, 0xb36e, 0xb370,
    0xb371, 0xb374, 0xb378, 0xb380, 0xb381, 0xb383, 0xb384, 0xb385, 0xb38c, 0xb390, 0xb394, 0xb3a0, 0xb3a1, 0xb3a8, 0xb3ac, 0xb3c4,
    0xb3c5, 0xb3c8, 0xb3cb, 0xb3cc, 0xb3ce, 0xb3d0, 0xb3d4, 0xb3d5, 0xb3d7, 0xb3d9, 0xb3db, 0xb3dd, 0xb3e0, 0xb3e4, 0xb3e8, 0xb3fc,
    0xb410, 0xb418, 0xb41c, 0xb420, 0xb428, 0xb429, 0xb42b, 0xb434, 0xb450, 0xb451, 0xb454, 0xb458, 0xb460, 0xb461, 0xb463, 0xb465,
    0xb46c, 0xb480, 0xb488, 0xb49d, 0xb4a4, 0xb4a8, 0xb4ac, 0xb4b5, 0xb4b7, 0xb4b9, 0xb4c0, 0xb4c4, 0xb4c8, 0xb4d0, 0xb4d5, 0xb4dc,
    0xb4dd, 0xb4e0, 0xb4e3, 0xb4e4, 0xb4e6, 0xb4ec, 0xb4ed, 0xb4ef, 0xb4f1, 0xb4f8, 0xb514, 0xb515, 0xb518, 0xb51b, 0xb51c, 0xb524,
    0xb525, 0xb527, 0xb528, 0xb529, 0xb52a, 0xb530, 0xb531, 0xb534, 0xb538, 0xb540, 0xb541, 0xb543, 0xb544, 0xb545, 0xb54b, 0xb54c,
    0xb54d, 0xb550, 0xb554, 0xb55c, 0xb55d, 0xb55f, 0xb560, 0xb561, 0xb5a0, 0xb5a1, 0xb5a4, 0xb5a8, 0xb5aa, 0xb5ab, 0xb5b0, 0xb5b1,
    0xb5b3, 0xb5b4, 0xb5b5, 0xb5bb, 0xb5bc, 0xb5bd, 0xb5c0, 0xb5c4, 0xb5cc, 0xb5cd, 0xb5cf, 0xb5d0, 0xb5d1, 0xb5d8, 0xb5ec, 0xb610,
    0xb611, 0xb614, 0xb618, 0xb625, 0xb62c, 0xb634, 0xb648, 0xb664, 0xb668, 0xb69c, 0xb69d, 0xb6a0, 0xb6a4, 0xb6ab, 0xb6ac, 0xb6b1,
    0xb6d4, 0xb6f0, 0xb6f4, 0xb6f8, 0xb700, 0xb701, 0xb705, 0xb728, 0xb729, 0xb72c, 0xb72f, 0xb730, 0xb738, 0xb739, 0xb73b, 0xb744,
    0xb748, 0xb74c, 0xb754, 0xb755, 0xb760, 0xb764, 0xb768, 0xb770, 0xb771, 0xb773, 0xb775, 0xb77c, 0xb77d, 0xb780, 0xb784, 0xb78c,
    0xb78d, 0xb78f, 0xb790, 0xb791, 0xb792, 0xb796, 0xb797, 0xb798, 0xb799, 0xb79c, 0xb7a0, 0xb7a8, 0xb7a9, 0xb7ab, 0xb7ac, 0xb7ad,
    0xb7b4, 0xb7b5, 0xb7b8, 0xb7c7, 0xb7c9, 0xb7ec, 0xb7ed, 0xb7f0, 0xb7f4, 0xb7fc, 0xb7fd, 0xb7ff, 0xb800, 0xb801, 0xb807, 0xb808,
    0xb809, 0xb80c, 0xb810, 0xb818, 0xb819, 0xb81b, 0xb81d, 0xb824, 0xb825, 0xb828, 0xb82c, 0xb834, 0xb835, 0xb837, 0xb838, 0xb839,
    0xb840, 0xb844, 0xb851, 0xb853, 0xb85c, 0xb85d, 0xb860, 0xb864, 0xb86c, 0xb86d, 0xb86f, 0xb871, 0xb878, 0xb87c, 0xb88d, 0xb8a8,
    0xb8b0, 0xb8b4, 0xb8b8, 0xb8c0, 0xb8c1, 0xb8c3, 0xb8c5, 0xb8cc, 0xb8d0, 0xb8d4, 0xb8dd, 0xb8df, 0xb8e1, 0xb8e8, 0xb8e9, 0xb8ec,
    0xb8f0, 0xb8f8, 0xb8f9, 0xb8fb, 0xb8fd, 0xb904, 0xb918, 0xb920, 0xb93c, 0xb93d, 0xb940, 0xb944, 0xb94c, 0xb94f, 0xb951, 0xb958,
    0xb959, 0xb95c, 0xb960, 0xb968, 0xb969, 0xb96b, 0xb96d, 0xb974, 0xb975, 0xb978, 0xb97c, 0xb984, 0xb985, 0xb987, 0xb989, 0xb98a,
    0xb98d, 0xb98e, 0xb9ac, 0xb9ad, 0xb9b0, 0xb9b4, 0xb9bc, 0xb9bd, 0xb9bf, 0xb9c1, 0xb9c8, 0xb9c9, 0xb9cc, 0xb9ce, 0xb9cf, 0xb9d0,
    0xb9d1, 0xb9d2, 0xb9d8, 0xb9d9, 0xb9db, 0xb9dd, 0xb9de, 0xb9e1, 0xb9e3, 0xb9e4, 0xb9e5, 0xb9e8, 0xb9ec, 0xb9f4, 0xb9f5, 0xb9f7,
    0xb9f8, 0xb9f9, 0xb9fa, 0xba00, 0xba01, 0xba08, 0xba15, 0xba38, 0xba39, 0xba3c, 0xba40, 0xba42, 0xba48, 0xba49, 0xba4b, 0xba4d,
    0xba4e, 0xba53, 0xba54, 0xba55, 0xba58, 0xba5c, 0xba64, 0xba65, 0xba67, 0xba68, 0xba69, 0xba70, 0xba71, 0xba74, 0xba78, 0xba83,
    0xba84, 0xba85, 0xba87, 0xba8c, 0xbaa8, 0xbaa9, 0xbaab, 0xbaac, 0xbab0, 0xbab2, 0xbab8, 0xbab9, 0xbabb, 0xbabd, 0xbac4, 0xbac8,
    0xbad8, 0xbad9, 0xbafc, 0xbb00, 0xbb04, 0xbb0d, 0xbb0f, 0xbb11, 0xbb18, 0xbb1c, 0xbb20, 0xbb29, 0xbb2b, 0xbb34, 0xbb35, 0xbb36,
    0xbb38, 0xbb3b, 0xbb3c, 0xbb3d, 0xbb3e, 0xbb44, 0xbb45, 0xbb47, 0xbb49, 0xbb4d, 0xbb4f, 0xbb50, 0xbb54, 0xbb58, 0xbb61, 0xbb63,
    0xbb6c, 0xbb88, 0xbb8c, 0xbb90, 0xbba4, 0xbba8, 0xbbac, 0xbbb4, 0xbbb7, 0xbbc0, 0xbbc4, 0xbbc8, 0xbbd0, 0xbbd3, 0xbbf8, 0xbbf9,
    0xbbfc, 0xbbff, 0xbc00, 0xbc02, 0xbc08, 0xbc09, 0xbc0b, 0xbc0c, 0xbc0d, 0xbc0f, 0xbc11, 0xbc14, 0xbc15, 0xbc16, 0xbc17, 0xbc18,
    0xbc1b, 0xbc1c, 0xbc1d, 0xbc1e, 0xbc1f, 0xbc24, 0xbc25, 0xbc27, 0xbc29, 0xbc2d, 0xbc30, 0xbc31, 0xbc34, 0xbc38, 0xbc40, 0xbc41,
    0xbc43, 0xbc44, 0xbc45, 0xbc49, 0xbc4c, 0xbc4d, 0xbc50, 0xbc5d, 0xbc84, 0xbc85, 0xbc88, 0xbc8b, 0xbc8c, 0xbc8e, 0xbc94, 0xbc95,
    0xbc97, 0xbc99, 0xbc9a, 0xbca0, 0xbca1, 0xbca4, 0xbca7, 0xbca8, 0xbcb0, 0xbcb1, 0xbcb3, 0xbcb4, 0xbcb5, 0xbcbc, 0xbcbd, 0xbcc0,
    0xbcc4, 0xbccd, 0xbccf, 0xbcd0, 0xbcd1, 0xbcd5, 0xbcd8, 0xbcdc, 0xbcf4, 0xbcf5, 0xbcf6, 0xbcf8, 0xbcfc, 0xbd04, 0xbd05, 0xbd07,
    0xbd09, 0xbd10, 0xbd14, 0xbd24, 0xbd2c, 0xbd40, 0xbd48, 0xbd49, 0xbd4c, 0xbd50, 0xbd58, 0xbd59, 0xbd64, 0xbd68, 0xbd80, 0xbd81,
    0xbd84, 0xbd87, 0xbd88, 0xbd89, 0xbd8a, 0xbd90, 0xbd91, 0xbd93, 0xbd95, 0xbd99, 0xbd9a, 0xbd9c, 0xbda4, 0xbdb0, 0xbdb8, 0xbdd4,
    0xbdd5, 0xbdd8, 0xbddc, 0xbde9, 0xbdf0, 0xbdf4, 0xbdf8, 0xbe00, 0xbe03, 0xbe05, 0xbe0c, 0xbe0d, 0xbe10, 0xbe14, 0xbe1c, 0xbe1d,
    0xbe1f, 0xbe44, 0xbe45, 0xbe48, 0xbe4c, 0xbe4e, 0xbe54, 0xbe55, 0xbe57, 0xbe59, 0xbe5a, 0xbe5b, 0xbe60, 0xbe61, 0xbe64, 0xbe68,
    0xbe6a, 0xbe70, 0xbe71, 0xbe73, 0xbe74, 0xbe75, 0xbe7b, 0xbe7c, 0xbe7d, 0xbe80, 0xbe84, 0xbe8c, 0xbe8d, 0xbe8f, 0xbe90, 0xbe91,
    0xbe98, 0xbe99, 0xbea8, 0xbed0, 0xbed1, 0xbed4, 0xbed7, 0xbed8, 0xbee0, 0xbee3, 0xbee4, 0xbee5, 0xbeec, 0xbf01, 0xbf08, 0xbf09,
    0xbf18, 0xbf19, 0xbf1b, 0xbf1c, 0xbf1d, 0xbf40, 0xbf41, 0xbf44, 0xbf48, 0xbf50, 0xbf51, 0xbf55, 0xbf94, 0xbfb0, 0xbfc5, 0xbfcc,
    0xbfcd, 0xbfd0, 0xbfd4, 0xbfdc, 0xbfdf, 0xbfe1, 0xc03c, 0xc051, 0xc058, 0xc05c, 0xc060, 0xc068, 0xc069, 0xc090, 0xc091, 0xc094,
    0xc098, 0xc0a0, 0xc0a1, 0xc0a3, 0xc0a5, 0xc0ac, 0xc0ad, 0xc0af, 0xc0b0, 0xc0b3, 0xc0b4, 0xc0b5, 0xc0b6, 0xc0bc, 0xc0bd, 0xc0bf,
    0xc0c0, 0xc0c1, 0xc0c5, 0xc0c8, 0xc0c9, 0xc0cc, 0xc0d0, 0xc0d8, 0xc0d9, 0xc0db, 0xc0dc, 0xc0dd, 0xc0e4, 0xc0e5, 0xc0e8, 0xc0ec,
    0xc0f4, 0xc0f5, 0xc0f7, 0xc0f9, 0xc100, 0xc104, 0xc108, 0xc110, 0xc115, 0xc11c, 0xc11d, 0xc11e, 0xc11f, 0xc120, 0xc123, 0xc124,
    0xc126, 0xc127, 0xc12c, 0xc12d, 0xc12f, 0xc130, 0xc131, 0xc136, 0xc138, 0xc139, 0xc13c, 0xc140, 0xc148, 0xc149, 0xc14b, 0xc14c,
    0xc14d, 0xc154, 0xc155, 0xc158, 0xc15c, 0xc164, 0xc165, 0xc167, 0xc168, 0xc169, 0xc170, 0xc174, 0xc178, 0xc185, 0xc18c, 0xc18d,
    0xc18e, 0xc190, 0xc194, 0xc196, 0xc19c, 0xc19d, 0xc19f, 0xc1a1, 0xc1a5, 0xc1a8, 0xc1a9, 0xc1ac, 0xc1b0, 0xc1bd, 0xc1c4, 0xc1c8,
    0xc1cc, 0xc1d4, 0xc1d7, 0xc1d8, 0xc1e0, 0xc1e4, 0xc1e8, 0xc1f0, 0xc1f1, 0xc1f3, 0xc1fc, 0xc1fd, 0xc200, 0xc204, 0xc20c, 0xc20d,
    0xc20f, 0xc211, 0xc218, 0xc219, 0xc21c, 0xc21f, 0xc220, 0xc228, 0xc229, 0xc22b, 0xc22d, 0xc22f, 0xc231, 0xc232, 0xc234, 0xc248,
    0xc250, 0xc251, 0xc254, 0xc258, 0xc260, 0xc265, 0xc26c, 0xc26d, 0xc270, 0xc274, 0xc27c, 0xc27d, 0xc27f, 0xc281, 0xc288, 0xc289,
    0xc290, 0xc298, 0xc29b, 0xc29d, 0xc2a4, 0xc2a5, 0xc2a8, 0xc2ac, 0xc2ad, 0xc2b4, 0xc2b5, 0xc2b7, 0xc2b9, 0xc2dc, 0xc2dd, 0xc2e0,
    0xc2e3, 0xc2e4, 0xc2eb, 0xc2ec, 0xc2ed, 0xc2ef, 0xc2f1, 0xc2f6, 0xc2f8, 0xc2f9, 0xc2fb, 0xc2fc, 0xc300, 0xc308, 0xc309, 0xc30c,
    0xc30d, 0xc313, 0xc314, 0xc315, 0xc318, 0xc31c, 0xc324, 0xc325, 0xc328, 0xc329, 0xc345, 0xc368, 0xc369, 0xc36c, 0xc370, 0xc372,
    0xc378, 0xc379, 0xc37c, 0xc37d, 0xc384, 0xc388, 0xc38c, 0xc3c0, 0xc3d8, 0xc3d9, 0xc3dc, 0xc3df, 0xc3e0, 0xc3e2, 0xc3e8, 0xc3e9,
    0xc3ed, 0xc3f4, 0xc3f5, 0xc3f8, 0xc408, 0xc410, 0xc424, 0xc42c, 0xc430, 0xc434, 0xc43c, 0xc43d, 0xc448, 0xc464, 0xc465, 0xc468,
    0xc46c, 0xc474, 0xc475, 0xc479, 0xc480, 0xc494, 0xc49c, 0xc4b8, 0xc4bc, 0xc4e9, 0xc4f0, 0xc4f1, 0xc4f4, 0xc4f8, 0xc4fa, 0xc4ff,
    0xc500, 0xc501, 0xc50c, 0xc510, 0xc514, 0xc51c, 0xc528, 0xc529, 0xc52c, 0xc530, 0xc538, 0xc539, 0xc53b, 0xc53d, 0xc544, 0xc545,
    0xc548, 0xc549, 0xc54a, 0xc54c, 0xc54d, 0xc54e, 0xc553, 0xc554, 0xc555, 0xc557, 0xc558, 0xc559, 0xc55d, 0xc55e, 0xc560, 0xc561,
    0xc564, 0xc568, 0xc570, 0xc571, 0xc573, 0xc574, 0xc575, 0xc57c, 0xc57d, 0xc580, 0xc584, 0xc587, 0xc58c, 0xc58d, 0xc58f, 0xc591,
    0xc595, 0xc597, 0xc598, 0xc59c, 0xc5a0, 0xc5a9, 0xc5b4, 0xc5b5, 0xc5b8, 0xc5b9, 0xc5bb, 0xc5bc, 0xc5bd, 0xc5be, 0xc5c4, 0xc5c5,
    0xc5c6, 0xc5c7, 0xc5c8, 0xc5c9, 0xc5ca, 0xc5cc, 0xc5ce, 0xc5d0, 0xc5d1, 0xc5d4, 0xc5d8, 0xc5e0, 0xc5e1, 0xc5e3, 0xc5e5, 0xc5ec,
    0xc5ed, 0xc5ee, 0xc5f0, 0xc5f4, 0xc5f6, 0xc5f7, 0xc5fc, 0xc5fd, 0xc5fe, 0xc5ff, 0xc600, 0xc601, 0xc605, 0xc606, 0xc607, 0xc608,
    0xc60c, 0xc610, 0xc618, 0xc619, 0xc61b, 0xc61c, 0xc624, 0xc625, 0xc628, 0xc62c, 0xc62d, 0xc62e, 0xc630, 0xc633, 0xc634, 0xc635,
    0xc637, 0xc639, 0xc63b, 0xc640, 0xc641, 0xc644, 0xc648, 0xc650, 0xc651, 0xc653, 0xc654, 0xc655, 0xc65c, 0xc65d, 0xc660, 0xc66c,
    0xc66f, 0xc671, 0xc678, 0xc679, 0xc67c, 0xc680, 0xc688, 0xc689, 0xc68b, 0xc68d, 0xc694, 0xc695, 0xc698, 0xc69c, 0xc6a4, 0xc6a5,
    0xc6a7, 0xc6a9, 0xc6b0, 0xc6b1, 0xc6b4, 0xc6b8, 0xc6b9, 0xc6ba, 0xc6c0, 0xc6c1, 0xc6c3, 0xc6c5, 0xc6cc, 0xc6cd, 0xc6d0, 0xc6d4,
    0xc6dc, 0xc6dd, 0xc6e0, 0xc6e1, 0xc6e8, 0xc6e9, 0xc6ec, 0xc6f0, 0xc6f8, 0xc6f9, 0xc6fd, 0xc704, 0xc705, 0xc708, 0xc70c, 0xc714,
    0xc715, 0xc717, 0xc719, 0xc720, 0xc721, 0xc724, 0xc728, 0xc730, 0xc731, 0xc733, 0xc735, 0xc737, 0xc73c, 0xc73d, 0xc740, 0xc744,
    0xc74a, 0xc74c, 0xc74d, 0xc74f, 0xc751, 0xc752, 0xc753, 0xc754, 0xc755, 0xc756, 0xc757, 0xc758, 0xc75c, 0xc760, 0xc768, 0xc76b,
    0xc774, 0xc775, 0xc778, 0xc77c, 0xc77d, 0xc77e, 0xc783, 0xc784, 0xc785, 0xc787, 0xc788, 0xc789, 0xc78a, 0xc78e, 0xc790, 0xc791,
    0xc794, 0xc796, 0xc797, 0xc798, 0xc79a, 0xc7a0, 0xc7a1, 0xc7a3, 0xc7a4, 0xc7a5, 0xc7a6, 0xc7ac, 0xc7ad, 0xc7b0, 0xc7b4, 0xc7bc,
    0xc7bd, 0xc7bf, 0xc7c0, 0xc7c1, 0xc7c8, 0xc7c9, 0xc7cc, 0xc7ce, 0xc7d0, 0xc7d8, 0xc7dd, 0xc7e4, 0xc7e8, 0xc7ec, 0xc800, 0xc801,
    0xc804, 0xc808, 0xc80a, 0xc810, 0xc811, 0xc813, 0xc815, 0xc816, 0xc81c, 0xc81d, 0xc820, 0xc824, 0xc82c, 0xc82d, 0xc82f, 0xc831,
    0xc838, 0xc83c, 0xc840, 0xc848, 0xc849, 0xc84c, 0xc84d, 0xc854, 0xc870, 0xc871, 0xc874, 0xc878, 0xc87a, 0xc880, 0xc881, 0xc883,
    0xc885, 0xc886, 0xc887, 0xc88b, 0xc88c, 0xc88d, 0xc894, 0xc89d, 0xc89f, 0xc8a1, 0xc8a8, 0xc8bc, 0xc8bd, 0xc8c4, 0xc8c8, 0xc8cc,
    0xc8d4, 0xc8d5, 0xc8d7, 0xc8d9, 0xc8e0, 0xc8e1, 0xc8e4, 0xc8f5, 0xc8fc, 0xc8fd, 0xc900, 0xc904, 0xc905, 0xc906, 0xc90c, 0xc90d,
    0xc90f, 0xc911, 0xc918, 0xc92c, 0xc934, 0xc950, 0xc951, 0xc954, 0xc958, 0xc960, 0xc961, 0xc963, 0xc96c, 0xc970, 0xc974, 0xc97c,
    0xc988, 0xc989, 0xc98c, 0xc990, 0xc998, 0xc999, 0xc99b, 0xc99d, 0xc9c0, 0xc9c1, 0xc9c4, 0xc9c7, 0xc9c8, 0xc9ca, 0xc9d0, 0xc9d1,
    0xc9d3, 0xc9d5, 0xc9d6, 0xc9d9, 0xc9da, 0xc9dc, 0xc9dd, 0xc9e0, 0xc9e2, 0xc9e4, 0xc9e7, 0xc9ec, 0xc9ed, 0xc9ef, 0xc9f0, 0xc9f1,
    0xc9f8, 0xc9f9, 0xc9fc, 0xca00, 0xca08, 0xca09, 0xca0b, 0xca0c, 0xca0d, 0xca14, 0xca18, 0xca29, 0xca4c, 0xca4d, 0xca50, 0xca54,
    0xca5c, 0xca5d, 0xca5f, 0xca60, 0xca61, 0xca68, 0xca7d, 0xca84, 0xca98, 0xcabc, 0xcabd, 0xcac0, 0xcac4, 0xcacc, 0xcacd, 0xcacf,
    0xcad1, 0xcad3, 0xcad8, 0xcad9, 0xcae0, 0xcaec, 0xcaf4, 0xcb08, 0xcb10, 0xcb14, 0xcb18, 0xcb20, 0xcb21, 0xcb41, 0xcb48, 0xcb49,
    0xcb4c, 0xcb50, 0xcb58, 0xcb59, 0xcb5d, 0xcb64, 0xcb78, 0xcb79, 0xcb9c, 0xcbb8, 0xcbd4, 0xcbe4, 0xcbe7, 0xcbe9, 0xcc0c, 0xcc0d,
    0xcc10, 0xcc14, 0xcc1c, 0xcc1d, 0xcc21, 0xcc22, 0xcc27, 0xcc28, 0xcc29, 0xcc2c, 0xcc2e, 0xcc30, 0xcc38, 0xcc39, 0xcc3b, 0xcc3c,
    0xcc3d, 0xcc3e, 0xcc44, 0xcc45, 0xcc48, 0xcc4c, 0xcc54, 0xcc55, 0xcc57, 0xcc58, 0xcc59, 0xcc60, 0xcc64, 0xcc66, 0xcc68, 0xcc70,
    0xcc75, 0xcc98, 0xcc99, 0xcc9c, 0xcca0, 0xcca8, 0xcca9, 0xccab, 0xccac, 0xccad, 0xccb4, 0xccb5, 0xccb8, 0xccbc, 0xccc4, 0xccc5,
    0xccc7, 0xccc9, 0xccd0, 0xccd4, 0xcce4, 0xccec, 0xccf0, 0xcd01, 0xcd08, 0xcd09, 0xcd0c, 0xcd10, 0xcd18, 0xcd19, 0xcd1b, 0xcd1d,
    0xcd24, 0xcd28, 0xcd2c, 0xcd39, 0xcd5c, 0xcd60, 0xcd64, 0xcd6c, 0xcd6d, 0xcd6f, 0xcd71, 0xcd78, 0xcd88, 0xcd94, 0xcd95, 0xcd98,
    0xcd9c, 0xcda4, 0xcda5, 0xcda7, 0xcda9, 0xcdb0, 0xcdc4, 0xcdcc, 0xcdd0, 0xcde8, 0xcdec, 0xcdf0, 0xcdf8, 0xcdf9, 0xcdfb, 0xcdfd,
    0xce04, 0xce08, 0xce0c, 0xce14, 0xce19, 0xce20, 0xce21, 0xce24, 0xce28, 0xce30, 0xce31, 0xce33, 0xce35, 0xce58, 0xce59, 0xce5c,
    0xce5f, 0xce60, 0xce61, 0xce68, 0xce69, 0xce6b, 0xce6d, 0xce74, 0xce75, 0xce78, 0xce7c, 0xce84, 0xce85, 0xce87, 0xce89, 0xce90,
    0xce91, 0xce94, 0xce98, 0xcea0, 0xcea1, 0xcea3, 0xcea4, 0xcea5, 0xceac, 0xcead, 0xcec1, 0xcee4, 0xcee5, 0xcee8, 0xceeb, 0xceec,
    0xcef4, 0xcef5, 0xcef7, 0xcef8, 0xcef9, 0xcf00, 0xcf01, 0xcf04, 0xcf08, 0xcf10, 0xcf11, 0xcf13, 0xcf15, 0xcf1c, 0xcf20, 0xcf24,
    0xcf2c, 0xcf2d, 0xcf2f, 0xcf30, 0xcf31, 0xcf38, 0xcf54, 0xcf55, 0xcf58, 0xcf5c, 0xcf64, 0xcf65, 0xcf67, 0xcf69, 0xcf70, 0xcf71,
    0xcf74, 0xcf78, 0xcf80, 0xcf85, 0xcf8c, 0xcfa1, 0xcfa8, 0xcfb0, 0xcfc4, 0xcfe0, 0xcfe1, 0xcfe4, 0xcfe8, 0xcff0, 0xcff1, 0xcff3,
    0xcff5, 0xcffc, 0xd000, 0xd004, 0xd011, 0xd018, 0xd02d, 0xd034, 0xd035, 0xd038, 0xd03c, 0xd044, 0xd045, 0xd047, 0xd049, 0xd050,
    0xd054, 0xd058, 0xd060, 0xd06c, 0xd06d, 0xd070, 0xd074, 0xd07c, 0xd07d, 0xd081, 0xd0a4, 0xd0a5, 0xd0a8, 0xd0ac, 0xd0b4, 0xd0b5,
    0xd0b7, 0xd0b9, 0xd0c0, 0xd0c1, 0xd0c4, 0xd0c8, 0xd0c9, 0xd0d0, 0xd0d1, 0xd0d3, 0xd0d4, 0xd0d5, 0xd0dc, 0xd0dd, 0xd0e0, 0xd0e4,
    0xd0ec, 0xd0ed, 0xd0ef, 0xd0f0, 0xd0f1, 0xd0f8, 0xd10d, 0xd130, 0xd131, 0xd134, 0xd138, 0xd13a, 0xd140, 0xd141, 0xd143, 0xd144,
    0xd145, 0xd14c, 0xd14d, 0xd150, 0xd154, 0xd15c, 0xd15d, 0xd15f, 0xd161, 0xd168, 0xd16c, 0xd17c, 0xd184, 0xd188, 0xd1a0, 0xd1a1,
    0xd1a4, 0xd1a8, 0xd1b0, 0xd1b1, 0xd1b3, 0xd1b5, 0xd1ba, 0xd1bc, 0xd1c0, 0xd1d8, 0xd1f4, 0xd1f8, 0xd207, 0xd209, 0xd210, 0xd22c,
    0xd22d, 0xd230, 0xd234, 0xd23c, 0xd23d, 0xd23f, 0xd241, 0xd248, 0xd25c, 0xd264, 0xd280, 0xd281, 0xd284, 0xd288, 0xd290, 0xd291,
    0xd295, 0xd29c, 0xd2a0, 0xd2a4, 0xd2ac, 0xd2b1, 0xd2b8, 0xd2b9, 0xd2bc, 0xd2bf, 0xd2c0, 0xd2c2, 0xd2c8, 0xd2c9, 0xd2cb, 0xd2d4,
    0xd2d8, 0xd2dc, 0xd2e4, 0xd2e5, 0xd2f0, 0xd2f1, 0xd2f4, 0xd2f8, 0xd300, 0xd301, 0xd303, 0xd305, 0xd30c, 0xd30d, 0xd30e, 0xd310,
    0xd314, 0xd316, 0xd31c, 0xd31d, 0xd31f, 0xd320, 0xd321, 0xd325, 0xd328, 0xd329, 0xd32c, 0xd330, 0xd338, 0xd339, 0xd33b, 0xd33c,
    0xd33d, 0xd344, 0xd345, 0xd37c, 0xd37d, 0xd380, 0xd384, 0xd38c, 0xd38d, 0xd38f, 0xd390, 0xd391, 0xd398, 0xd399, 0xd39c, 0xd3a0,
    0xd3a8, 0xd3a9, 0xd3ab, 0xd3ad, 0xd3b4, 0xd3b8, 0xd3bc, 0xd3c4, 0xd3c5, 0xd3c8, 0xd3c9, 0xd3d0, 0xd3d8, 0xd3e1, 0xd3e3, 0xd3ec,
    0xd3ed, 0xd3f0, 0xd3f4, 0xd3fc, 0xd3fd, 0xd3ff, 0xd401, 0xd408, 0xd41d, 0xd440, 0xd444, 0xd45c, 0xd460, 0xd464, 0xd46d, 0xd46f,
    0xd478, 0xd479, 0xd47c, 0xd47f, 0xd480, 0xd482, 0xd488, 0xd489, 0xd48b, 0xd48d, 0xd494, 0xd4a9, 0xd4cc, 0xd4d0, 0xd4d4, 0xd4dc,
    0xd4df, 0xd4e8, 0xd4ec, 0xd4f0, 0xd4f8, 0xd4fb, 0xd4fd, 0xd504, 0xd508, 0xd50c, 0xd514, 0xd515, 0xd517, 0xd53c, 0xd53d, 0xd540,
    0xd544, 0xd54c, 0xd54d, 0xd54f, 0xd551, 0xd558, 0xd559, 0xd55c, 0xd560, 0xd565, 0xd568, 0xd569, 0xd56b, 0xd56d, 0xd574, 0xd575,
    0xd578, 0xd57c, 0xd584, 0xd585, 0xd587, 0xd588, 0xd589, 0xd590, 0xd5a5, 0xd5c8, 0xd5c9, 0xd5cc, 0xd5d0, 0xd5d2, 0xd5d8, 0xd5d9,
    0xd5db, 0xd5dd, 0xd5e4, 0xd5e5, 0xd5e8, 0xd5ec, 0xd5f4, 0xd5f5, 0xd5f7, 0xd5f9, 0xd600, 0xd601, 0xd604, 0xd608, 0xd610, 0xd611,
    0xd613, 0xd614, 0xd615, 0xd61c, 0xd620, 0xd624, 0xd62d, 0xd638, 0xd639, 0xd63c, 0xd640, 0xd645, 0xd648, 0xd649, 0xd64b, 0xd64d,
    0xd651, 0xd654, 0xd655, 0xd658, 0xd65c, 0xd667, 0xd669, 0xd670, 0xd671, 0xd674, 0xd683, 0xd685, 0xd68c, 0xd68d, 0xd690, 0xd694,
    0xd69d, 0xd69f, 0xd6a1, 0xd6a8, 0xd6ac, 0xd6b0, 0xd6b9, 0xd6bb, 0xd6c4, 0xd6c5, 0xd6c8, 0xd6cc, 0xd6d1, 0xd6d4, 0xd6d7, 0xd6d9,
    0xd6e0, 0xd6e4, 0xd6e8, 0xd6f0, 0xd6f5, 0xd6fc, 0xd6fd, 0xd700, 0xd704, 0xd711, 0xd718, 0xd719, 0xd71c, 0xd720, 0xd728, 0xd729,
    0xd72b, 0xd72d, 0xd734, 0xd735, 0xd738, 0xd73c, 0xd744, 0xd747, 0xd749, 0xd750, 0xd751, 0xd754, 0xd756, 0xd757, 0xd758, 0xd759,
    0xd760, 0xd761, 0xd763, 0xd765, 0xd769, 0xd76c, 0xd770, 0xd774, 0xd77c, 0xd77d, 0xd781, 0xd788, 0xd789, 0xd78c, 0xd790, 0xd798,
    0xd799, 0xd79b, 0xd79d, 0xf900, 0xf901, 0xf902, 0xf903, 0xf904, 0xf905, 0xf906, 0xf907, 0xf908, 0xf909, 0xf90a, 0xf90b, 0xf90c,
    0xf90d, 0xf90e, 0xf90f, 0xf910, 0xf911, 0xf912, 0xf913, 0xf914, 0xf915, 0xf916, 0xf917, 0xf918, 0xf919, 0xf91a, 0xf91b, 0xf91c,
    0xf91d, 0xf91e, 0xf91f, 0xf920, 0xf921, 0xf922, 0xf923, 0xf924, 0xf925, 0xf926, 0xf927, 0xf928, 0xf929, 0xf92a, 0xf92b, 0xf92c,
    0xf92d, 0xf92e, 0xf92f, 0xf930, 0xf931, 0xf932, 0xf933, 0xf934, 0xf935, 0xf936, 0xf937, 0xf938, 0xf939, 0xf93a, 0xf93b, 0xf93c,
    0xf93d, 0xf93e, 0xf93f, 0xf940, 0xf941, 0xf942, 0xf943, 0xf944, 0xf945, 0xf946, 0xf947, 0xf948, 0xf949, 0xf94a, 0xf94b, 0xf94c,
    0xf94d, 0xf94e, 0xf94f, 0xf950, 0xf951, 0xf952, 0xf953, 0xf954, 0xf955, 0xf956, 0xf957, 0xf958, 0xf959, 0xf95a, 0xf95b, 0xf95c,
    0xf95d, 0xf95e, 0xf95f, 0xf960, 0xf961, 0xf962, 0xf963, 0xf964, 0xf965, 0xf966, 0xf967, 0xf968, 0xf969, 0xf96a, 0xf96b, 0xf96c,
    0xf96d, 0xf96e, 0xf96f, 0xf970, 0xf971, 0xf972, 0xf973, 0xf974, 0xf975, 0xf976, 0xf977, 0xf978, 0xf979, 0xf97a, 0xf97b, 0xf97c,
    0xf97d, 0xf97e, 0xf97f, 0xf980, 0xf981, 0xf982, 0xf983, 0xf984, 0xf985, 0xf986, 0xf987, 0xf988, 0xf989, 0xf98a, 0xf98b, 0xf98c,
    0xf98d, 0xf98e, 0xf98f, 0xf990, 0xf991, 0xf992, 0xf993, 0xf994, 0xf995, 0xf996, 0xf997, 0xf998, 0xf999, 0xf99a, 0xf99b, 0xf99c,
    0xf99d, 0xf99e, 0xf99f, 0xf9a0, 0xf9a1, 0xf9a2, 0xf9a3, 0xf9a4, 0xf9a5, 0xf9a6, 0xf9a7, 0xf9a8, 0xf9a9, 0xf9aa, 0xf9ab, 0xf9ac,
    0xf9ad, 0xf9ae, 0xf9af, 0xf9b0, 0xf9b1, 0xf9b2, 0xf9b3, 0xf9b4, 0xf9b5, 0xf9b6, 0xf9b7, 0xf9b8, 0xf9b9, 0xf9ba, 0xf9bb, 0xf9bc,
    0xf9bd, 0xf9be, 0xf9bf, 0xf9c0, 0xf9c1, 0xf9c2, 0xf9c3, 0xf9c4, 0xf9c5, 0xf9c6, 0xf9c7, 0xf9c8, 0xf9c9, 0xf9ca, 0xf9cb, 0xf9cc,
    0xf9cd, 0xf9ce, 0xf9cf, 0xf9d0, 0xf9d1, 0xf9d2, 0xf9d3, 0xf9d4, 0xf9d5, 0xf9d6, 0xf9d7, 0xf9d8, 0xf9d9, 0xf9da, 0xf9db, 0xf9dc,
    0xf9dd, 0xf9de, 0xf9df, 0xf9e0, 0xf9e1, 0xf9e2, 0xf9e3, 0xf9e4, 0xf9e5, 0xf9e6, 0xf9e7, 0xf9e8, 0xf9e9, 0xf9ea, 0xf9eb, 0xf9ec,
    0xf9ed, 0xf9ee, 0xf9ef, 0xf9f0, 0xf9f1, 0xf9f2, 0xf9f3, 0xf9f4, 0xf9f5, 0xf9f6, 0xf9f7, 0xf9f8, 0xf9f9, 0xf9fa, 0xf9fb, 0xf9fc,
    0xf9fd, 0xf9fe, 0xf9ff, 0xfa00, 0xfa01, 0xfa02, 0xfa03, 0xfa04, 0xfa05, 0xfa06, 0xfa07, 0xfa08, 0xfa09, 0xfa0a, 0xfa0b, 0xff01,
    0xff02, 0xff03, 0xff04, 0xff05, 0xff06, 0xff07, 0xff08, 0xff09, 0xff0a, 0xff0b, 0xff0c, 0xff0d, 0xff0e, 0xff0f, 0xff10, 0xff11,
    0xff12, 0xff13, 0xff14, 0xff15, 0xff16, 0xff17, 0xff18, 0xff19, 0xff1a, 0xff1b, 0xff1c, 0xff1d, 0xff1e, 0xff1f, 0xff20, 0xff21,
    0xff22, 0xff23, 0xff24, 0xff25, 0xff26, 0xff27, 0xff28, 0xff29, 0xff2a, 0xff2b, 0xff2c, 0xff2d, 0xff2e, 0xff2f, 0xff30, 0xff31,
    0xff32, 0xff33, 0xff34, 0xff35, 0xff36, 0xff37, 0xff38, 0xff39, 0xff3a, 0xff3b, 0xff3c, 0xff3d, 0xff3e, 0xff3f, 0xff40, 0xff41,
    0xff42, 0xff43, 0xff44, 0xff45, 0xff46, 0xff47, 0xff48, 0xff49, 0xff4a, 0xff4b, 0xff4c, 0xff4d, 0xff4e, 0xff4f, 0xff50, 0xff51,
    0xff52, 0xff53, 0xff54, 0xff55, 0xff56, 0xff57, 0xff58, 0xff59, 0xff5a, 0xff5b, 0xff5c, 0xff5d, 0xff5e, 0xffe0, 0xffe1, 0xffe2,
    0xffe3, 0xffe5, 0xffe6,
];
pub static ENC_POS: [u16; 8387] = [
    0x0000, 0x0001, 0x0002, 0x0003, 0x0004, 0x0005, 0x0006, 0x0007, 0x0008, 0x0009, 0x000a, 0x000b, 0x000c, 0x000d, 0x000e, 0x000f,
    0x0010, 0x0011, 0x0012, 0x0013, 0x0014, 0x0015, 0x0016, 0x0017, 0x0018, 0x0019, 0x001a, 0x001b, 0x001c, 0x001d, 0x001e, 0x001f,
    0x0020, 0x0021, 0x0022, 0x0023, 0x0024, 0x0025, 0x0026, 0x0027, 0x0028, 0x0029, 0x002a, 0x002b, 0x002c, 0x002d, 0x002e, 0x002f,
    0x0030, 0x0031, 0x0032, 0x0033, 0x0034, 0x0035, 0x0036, 0x0037, 0x0038, 0x0039, 0x003a, 0x003b, 0x003c, 0x003d, 0x003e, 0x003f,
    0x0040, 0x0041, 0x0042, 0x0043, 0x0044, 0x0045, 0x0046, 0x0047, 0x0048, 0x0049, 0x004a, 0x004b, 0x004c, 0x004d, 0x004e, 0x004f,
    0x0050, 0x0051, 0x0052, 0x0053, 0x0054, 0x0055, 0x0056, 0x0057, 0x0058, 0x0059, 0x005a, 0x005b, 0x005c, 0x005d, 0x005e, 0x005f,
    0x0060, 0x0061, 0x0062, 0x0063, 0x0064, 0x0065, 0x0066, 0x0067, 0x0068, 0x0069, 0x006a, 0x006b, 0x006c, 0x006d, 0x006e, 0x006f,
    0x0070, 0x0071, 0x0072, 0x0073, 0x0074, 0x0075, 0x0076, 0x0077, 0x0078, 0x0079, 0x007a, 0x007b, 0x007c, 0x007d, 0x007e, 0x007f,
    0x0080, 0x0081, 0x0082, 0x0083, 0x0084, 0x0085, 0x0086, 0x0087, 0x0088, 0x0089, 0x008a, 0x008b, 0x008c, 0x008d, 0x008e, 0x008f,
    0x0090, 0x0091, 0x0092, 0x0093, 0x0094, 0x0095, 0x0096, 0x0097, 0x0098, 0x0099, 0x009a, 0x009b, 0x009c, 0x009d, 0x009e, 0x009f,
    0x016b, 0x0171, 0x0136, 0x0106, 0x0394, 0x0108, 0x01a4, 0x0125, 0x011d, 0x0446, 0x0447, 0x0162, 0x018f, 0x0103, 0x0169, 0x0445,
    0x039d, 0x03ea, 0x03e7, 0x03eb, 0x016c, 0x0392, 0x0393, 0x011e, 0x039b, 0x039e, 0x03fb, 0x03f0, 0x03f2, 0x011f, 0x03f9, 0x03fc,
    0x03f1, 0x0395, 0x03f3, 0x03f4, 0x0397, 0x03f5, 0x03f6, 0x0399, 0x03f7, 0x039a, 0x03f8, 0x03ff, 0x03a0, 0x03fe, 0x039c, 0x03fa,
    0x039f, 0x03fd, 0x0164, 0x016d, 0x0165, 0x0168, 0x0167, 0x016a, 0x0166, 0x0298, 0x0299, 0x029a, 0x029b, 0x029c, 0x029d, 0x029e,
    0x029f, 0x02a0, 0x02a1, 0x02a2, 0x02a3, 0x02a4, 0x02a5, 0x02a6, 0x02a7, 0x02a8, 0x02a9, 0x02aa, 0x02ab, 0x02ac, 0x02ad, 0x02ae,
    0x02af, 0x02b8, 0x02b9, 0x02ba, 0x02bb, 0x02bc, 0x02bd, 0x02be, 0x02bf, 0x02c0, 0x02c1, 0x02c2, 0x02c3, 0x02c4, 0x02c5, 0x02c6,
    0x02c7, 0x02c8, 0x02c9, 0x02ca, 0x02cb, 0x02cc, 0x02cd, 0x02ce, 0x02cf, 0x0510, 0x050a, 0x050b, 0x050c, 0x050d, 0x050e, 0x050f,
    0x0511, 0x0512, 0x0513, 0x0514, 0x0515, 0x0516, 0x0517, 0x0518, 0x0519, 0x051a, 0x051b, 0x051c, 0x051d, 0x051e, 0x051f, 0x0520,
    0x0521, 0x0522, 0x0523, 0x0524, 0x0525, 0x0526, 0x0527, 0x0528, 0x0529, 0x052a, 0x053a, 0x053b, 0x053c, 0x053d, 0x053e, 0x053f,
    0x0541, 0x0542, 0x0543, 0x0544, 0x0545, 0x0546, 0x0547, 0x0548, 0x0549, 0x054a, 0x054b, 0x054c, 0x054d, 0x054e, 0x054f, 0x0550,
    0x0551, 0x0552, 0x0553, 0x0554, 0x0555, 0x0556, 0x0557, 0x0558, 0x0559, 0x055a, 0x0540, 0x0109, 0x010d, 0x010e, 0x010f, 0x0110,
    0x0190, 0x0191, 0x0104, 0x0105, 0x0173, 0x0126, 0x0127, 0x0137, 0x0448, 0x0449, 0x044a, 0x044b, 0x044c, 0x044d, 0x01a3, 0x0128,
    0x0172, 0x0337, 0x019d, 0x01a2, 0x019f, 0x036c, 0x0129, 0x03e8, 0x03e9, 0x03ec, 0x03ed, 0x03ee, 0x03ef, 0x0287, 0x0288, 0x0289,
    0x028a, 0x028b, 0x028c, 0x028d, 0x028e, 0x028f, 0x0290, 0x0278, 0x0279, 0x027a, 0x027b, 0x027c, 0x027d, 0x027e, 0x027f, 0x0280,
    0x0281, 0x0146, 0x0147, 0x0145, 0x0148, 0x0149, 0x0192, 0x0195, 0x0193, 0x0196, 0x0194, 0x015e, 0x015f, 0x0160, 0x0132, 0x0161,
    0x0133, 0x0153, 0x0154, 0x0170, 0x016f, 0x014d, 0x014f, 0x0123, 0x012f, 0x010a, 0x015b, 0x015c, 0x015a, 0x0159, 0x0151, 0x0152,
    0x016e, 0x0124, 0x0150, 0x010c, 0x014e, 0x0135, 0x0120, 0x0134, 0x0121, 0x0122, 0x014b, 0x014c, 0x0157, 0x0158, 0x0155, 0x0156,
    0x017e, 0x0130, 0x0131, 0x03d8, 0x03d9, 0x03da, 0x03db, 0x03dc, 0x03dd, 0x03de, 0x03df, 0x03e0, 0x03e1, 0x03e2, 0x03e3, 0x03e4,
    0x03e5, 0x03e6, 0x0436, 0x0437, 0x0438, 0x0439, 0x043a, 0x043b, 0x043c, 0x043d, 0x043e, 0x043f, 0x0440, 0x0441, 0x0442, 0x0443,
    0x0444, 0x041c, 0x041d, 0x041e, 0x041f, 0x0420, 0x0421, 0x0422, 0x0423, 0x0424, 0x0425, 0x0426, 0x0427, 0x0428, 0x0429, 0x042a,
    0x042b, 0x042c, 0x042d, 0x042e, 0x042f, 0x0430, 0x0431, 0x0432, 0x0433, 0x0434, 0x0435, 0x03be, 0x03bf, 0x03c0, 0x03c1, 0x03c2,
    0x03c3, 0x03c4, 0x03c5, 0x03c6, 0x03c7, 0x03c8, 0x03c9, 0x03ca, 0x03cb, 0x03cc, 0x03cd, 0x03ce, 0x03cf, 0x03d0, 0x03d1, 0x03d2,
    0x03d3, 0x03d4, 0x03d5, 0x03d6, 0x03d7, 0x02d6, 0x02e1, 0x02d7, 0x02e2, 0x02d8, 0x02fd, 0x02fc, 0x02e3, 0x02d9, 0x02f7, 0x02f6,
    0x02e4, 0x02db, 0x02fb, 0x02fa, 0x02e6, 0x02da, 0x02f9, 0x02f8, 0x02e5, 0x02dc, 0x02f1, 0x02fe, 0x02ff, 0x02ec, 0x0300, 0x0301,
    0x02e7, 0x02de, 0x02f3, 0x0302, 0x0303, 0x02ee, 0x0304, 0x0305, 0x02e9, 0x02dd, 0x0306, 0x0307, 0x02ed, 0x02f2, 0x0308, 0x0309,
    0x02e8, 0x02df, 0x030a, 0x030b, 0x02ef, 0x02f4, 0x030c, 0x030d, 0x02ea, 0x02e0, 0x030e, 0x030f, 0x02f0, 0x0310, 0x0311, 0x02f5,
    0x0312, 0x0313, 0x0314, 0x0315, 0x0316, 0x0317, 0x0318, 0x0319, 0x02eb, 0x0183, 0x0140, 0x013f, 0x0180, 0x0184, 0x0185, 0x0188,
    0x0187, 0x0186, 0x0189, 0x0142, 0x0141, 0x0177, 0x0176, 0x0144, 0x0143, 0x0175, 0x0174, 0x013e, 0x013d, 0x017f, 0x013a, 0x013c,
    0x013b, 0x0181, 0x0182, 0x0139, 0x0138, 0x018c, 0x018b, 0x018d, 0x018e, 0x012e, 0x012d, 0x0179, 0x017a, 0x017d, 0x0178, 0x017b,
    0x017c, 0x018a, 0x0198, 0x0199, 0x019a, 0x0197, 0x0100, 0x0101, 0x0102, 0x0107, 0x0113, 0x0114, 0x0115, 0x0116, 0x0117, 0x0118,
    0x0119, 0x011a, 0x011b, 0x011c, 0x014a, 0x0111, 0x0112, 0x044e, 0x044f, 0x0450, 0x0451, 0x0452, 0x0453, 0x0454, 0x0455, 0x0456,
    0x0457, 0x0458, 0x0459, 0x045a, 0x045b, 0x045c, 0x045d, 0x045e, 0x045f, 0x0460, 0x0461, 0x0462, 0x0463, 0x0464, 0x0465, 0x0466,
    0x0467, 0x0468, 0x0469, 0x046a, 0x046b, 0x046c, 0x046d, 0x046e, 0x046f, 0x0470, 0x0471, 0x0472, 0x0473, 0x0474, 0x0475, 0x0476,
    0x0477, 0x0478, 0x0479, 0x047a, 0x047b, 0x047c, 0x047d, 0x047e, 0x047f, 0x0480, 0x0481, 0x0482, 0x0483, 0x0484, 0x0485, 0x0486,
    0x0487, 0x0488, 0x0489, 0x048a, 0x048b, 0x048c, 0x048d, 0x048e, 0x048f, 0x0490, 0x0491, 0x0492, 0x0493, 0x0494, 0x0495, 0x0496,
    0x0497, 0x0498, 0x0499, 0x049a, 0x049b, 0x049c, 0x049d, 0x049e, 0x049f, 0x04a0, 0x04ac, 0x04ad, 0x04ae, 0x04af, 0x04b0, 0x04b1,
    0x04b2, 0x04b3, 0x04b4, 0x04b5, 0x04b6, 0x04b7, 0x04b8, 0x04b9, 0x04ba, 0x04bb, 0x04bc, 0x04bd, 0x04be, 0x04bf, 0x04c0, 0x04c1,
    0x04c2, 0x04c3, 0x04c4, 0x04c5, 0x04c6, 0x04c7, 0x04c8, 0x04c9, 0x04ca, 0x04cb, 0x04cc, 0x04cd, 0x04ce, 0x04cf, 0x04d0, 0x04d1,
    0x04d2, 0x04d3, 0x04d4, 0x04d5, 0x04d6, 0x04d7, 0x04d8, 0x04d9, 0x04da, 0x04db, 0x04dc, 0x04dd, 0x04de, 0x04df, 0x04e0, 0x04e1,
    0x04e2, 0x04e3, 0x04e4, 0x04e5, 0x04e6, 0x04e7, 0x04e8, 0x04e9, 0x04ea, 0x04eb, 0x04ec, 0x04ed, 0x04ee, 0x04ef, 0x04f0, 0x04f1,
    0x04f2, 0x04f3, 0x04f4, 0x04f5, 0x04f6, 0x04f7, 0x04f8, 0x04f9, 0x04fa, 0x04fb, 0x04fc, 0x04fd, 0x04fe, 0x04ff, 0x0500, 0x0501,
    0x021a, 0x021b, 0x021c, 0x021d, 0x021e, 0x021f, 0x0220, 0x0221, 0x0222, 0x0223, 0x0224, 0x0225, 0x0226, 0x0227, 0x0228, 0x0229,
    0x022a, 0x022b, 0x022c, 0x022d, 0x022e, 0x022f, 0x0230, 0x0231, 0x0232, 0x0233, 0x0234, 0x0235, 0x0236, 0x0237, 0x0238, 0x0239,
    0x023a, 0x023b, 0x023c, 0x023d, 0x023e, 0x023f, 0x0240, 0x0241, 0x0242, 0x0243, 0x0244, 0x0245, 0x0246, 0x0247, 0x0248, 0x0249,
    0x024a, 0x024b, 0x024c, 0x024d, 0x024e, 0x024f, 0x0250, 0x0251, 0x0252, 0x0253, 0x0254, 0x0255, 0x0256, 0x0257, 0x0258, 0x0259,
    0x025a, 0x025b, 0x025c, 0x025d, 0x025e, 0x025f, 0x0260, 0x0261, 0x0262, 0x0263, 0x0264, 0x0265, 0x0266, 0x0267, 0x0268, 0x0269,
    0x026a, 0x026b, 0x026c, 0x026d, 0x026e, 0x026f, 0x0270, 0x0271, 0x0272, 0x0273, 0x0274, 0x0275, 0x0276, 0x0277, 0x0400, 0x0401,
    0x0402, 0x0403, 0x0404, 0x0405, 0x0406, 0x0407, 0x0408, 0x0409, 0x040a, 0x040b, 0x040c, 0x040d, 0x040e, 0x040f, 0x0410, 0x0411,
    0x0412, 0x0413, 0x0414, 0x0415, 0x0416, 0x0417, 0x0418, 0x0419, 0x041a, 0x041b, 0x019c, 0x03a2, 0x03a3, 0x03a4, 0x03a5, 0x03a6,
    0x03a7, 0x03a8, 0x03a9, 0x03aa, 0x03ab, 0x03ac, 0x03ad, 0x03ae, 0x03af, 0x03b0, 0x03b1, 0x03b2, 0x03b3, 0x03b4, 0x03b5, 0x03b6,
    0x03b7, 0x03b8, 0x03b9, 0x03ba, 0x03bb, 0x03bc, 0x03bd, 0x01a5, 0x019b, 0x035c, 0x035d, 0x035e, 0x035f, 0x0360, 0x034d, 0x034e,
    0x036f, 0x0370, 0x0371, 0x0349, 0x034a, 0x034b, 0x0367, 0x0368, 0x0369, 0x036a, 0x036b, 0x0334, 0x0335, 0x0336, 0x0338, 0x033e,
    0x033f, 0x0340, 0x0341, 0x0342, 0x0343, 0x0344, 0x0345, 0x0346, 0x0347, 0x033a, 0x033b, 0x033c, 0x033d, 0x0350, 0x0351, 0x0378,
    0x0379, 0x037a, 0x037b, 0x0374, 0x0375, 0x0376, 0x0352, 0x0353, 0x0354, 0x0355, 0x0356, 0x0357, 0x0358, 0x0359, 0x035a, 0x035b,
    0x0361, 0x0362, 0x0363, 0x0364, 0x0365, 0x0366, 0x036d, 0x036e, 0x01a0, 0x037f, 0x0339, 0x0373, 0x0382, 0x019e, 0x034f, 0x0380,
    0x0348, 0x034c, 0x037d, 0x037e, 0x0372, 0x01a1, 0x0377, 0x0381, 0x037c, 0x1cd2, 0x1dce, 0x2067, 0x1543, 0x1d22, 0x17d5, 0x17e1,
    0x216a, 0x16fd, 0x201b, 0x1f21, 0x1747, 0x1885, 0x11dd, 0x16b9, 0x1945, 0x1ea8, 0x1181, 0x2278, 0x135c, 0x1e6a, 0x1ae4, 0x1309,
    0x11de, 0x1ebc, 0x1784, 0x2225, 0x2168, 0x11b7, 0x1946, 0x1c6b, 0x11df, 0x10c2, 0x19fc, 0x104e, 0x13e5, 0x1c0e, 0x16ec, 0x17d0,
    0x10b6, 0x1426, 0x14ca, 0x1a4f, 0x1785, 0x1c8c, 0x1b9c, 0x1bd4, 0x1bc5, 0x2226, 0x1afc, 0x1dcf, 0x1287, 0x1786, 0x19a5, 0x155d,
    0x21a0, 0x11c4, 0x21b1, 0x1a67, 0x2208, 0x21ca, 0x10f1, 0x1dd0, 0x144c, 0x135d, 0x1cba, 0x19a0, 0x1cbb, 0x2046, 0x11e0, 0x1272,
    0x108a, 0x1ceb, 0x1cef, 0x1787, 0x2077, 0x1d23, 0x16fe, 0x183a, 0x13e7, 0x1f8e, 0x1396, 0x148a, 0x1c8d, 0x19df, 0x1ea9, 0x10b7,
    0x108b, 0x1cdb, 0x128b, 0x21a1, 0x1c8e, 0x1280, 0x1afd, 0x128c, 0x16da, 0x1694, 0x22f3, 0x1682, 0x162e, 0x148b, 0x197a, 0x1788,
    0x1789, 0x100e, 0x1d91, 0x135e, 0x1d5c, 0x2120, 0x1bf5, 0x1d5d, 0x1e6b, 0x1e64, 0x1b9d, 0x216b, 0x1a50, 0x1cd3, 0x173d, 0x1d09,
    0x20f6, 0x1a11, 0x1683, 0x100f, 0x12cc, 0x1d92, 0x1cd4, 0x178a, 0x197b, 0x1036, 0x1f06, 0x1445, 0x204b, 0x11a7, 0x149c, 0x194f,
    0x1e6c, 0x1c0f, 0x14f5, 0x1f22, 0x1171, 0x1c79, 0x15a1, 0x22cc, 0x206a, 0x1459, 0x2106, 0x111e, 0x1fec, 0x19a6, 0x1afe, 0x1e94,
    0x1e1c, 0x1b84, 0x10f2, 0x21e2, 0x18b3, 0x1509, 0x16ca, 0x178b, 0x21fc, 0x197c, 0x18d2, 0x16ff, 0x11e1, 0x166f, 0x2142, 0x16ed,
    0x1a46, 0x16ba, 0x144d, 0x1f55, 0x108c, 0x166e, 0x15e9, 0x13a9, 0x21c5, 0x22cd, 0x1c7a, 0x1f7f, 0x10f3, 0x1f23, 0x1f56, 0x1652,
    0x204c, 0x1229, 0x1e53, 0x10a5, 0x1ae5, 0x14f6, 0x2085, 0x1b4f, 0x19fd, 0x1a3e, 0x1010, 0x10d0, 0x1bf6, 0x2107, 0x21b2, 0x1e6d,
    0x1dd1, 0x10b8, 0x2045, 0x1dd2, 0x1b9e, 0x20d1, 0x11b8, 0x1700, 0x1653, 0x10c3, 0x17c4, 0x1748, 0x2001, 0x1b85, 0x1aff, 0x1d93,
    0x1f6b, 0x17e2, 0x10f4, 0x1262, 0x1fab, 0x183b, 0x17e3, 0x11c5, 0x16db, 0x2311, 0x14cb, 0x1bf7, 0x1b5a, 0x1947, 0x1f4b, 0x1011,
    0x16a3, 0x178c, 0x1c7b, 0x1e95, 0x1a39, 0x10f5, 0x10c6, 0x1c10, 0x17e4, 0x14c2, 0x1b9f, 0x1d5e, 0x145a, 0x12d2, 0x1a47, 0x1b25,
    0x1c4e, 0x1bd7, 0x2209, 0x202d, 0x1e1d, 0x22fb, 0x183c, 0x11a8, 0x125b, 0x20ad, 0x1584, 0x20c0, 0x19a7, 0x13f8, 0x1288, 0x1ce6,
    0x130b, 0x1d94, 0x144e, 0x1c11, 0x20f3, 0x1172, 0x14f2, 0x221c, 0x1173, 0x16bb, 0x128d, 0x11e2, 0x1d95, 0x10eb, 0x128e, 0x1a4e,
    0x1f77, 0x1d47, 0x15a2, 0x1585, 0x1b86, 0x1193, 0x1591, 0x1582, 0x13e8, 0x19fe, 0x1449, 0x147e, 0x1f7b, 0x1e96, 0x144f, 0x1e1e,
    0x1503, 0x13e9, 0x1502, 0x1c75, 0x2312, 0x1698, 0x228e, 0x108d, 0x22fc, 0x1fa1, 0x1b5b, 0x202a, 0x218d, 0x13aa, 0x1cbc, 0x1729,
    0x1dba, 0x1ae7, 0x1037, 0x15ea, 0x220a, 0x147f, 0x1fd1, 0x20ea, 0x16b5, 0x150a, 0x17c5, 0x11a3, 0x13ab, 0x1e05, 0x18cb, 0x122a,
    0x1f46, 0x1cf0, 0x102b, 0x1fc8, 0x2063, 0x17c0, 0x125c, 0x142e, 0x1d96, 0x1f81, 0x1701, 0x1072, 0x161b, 0x1867, 0x1cec, 0x1d97,
    0x1702, 0x218b, 0x1f57, 0x2143, 0x1fd2, 0x22ba, 0x125d, 0x16a4, 0x14e4, 0x10c7, 0x1e06, 0x10c8, 0x146b, 0x1174, 0x1012, 0x1480,
    0x1263, 0x1e1f, 0x131a, 0x10cd, 0x21c3, 0x10f6, 0x1647, 0x2064, 0x1b87, 0x1586, 0x10f7, 0x1500, 0x13ea, 0x1bbc, 0x1058, 0x15d1,
    0x22d9, 0x1948, 0x14a1, 0x15a3, 0x1886, 0x1d78, 0x1264, 0x22da, 0x145b, 0x122b, 0x1d0a, 0x1253, 0x11e3, 0x15f5, 0x2121, 0x22fd,
    0x2122, 0x2123, 0x16dc, 0x1749, 0x2264, 0x1728, 0x1950, 0x1d24, 0x11a9, 0x106c, 0x174a, 0x22a6, 0x215e, 0x1358, 0x11e4, 0x19a1,
    0x1f8f, 0x1ce7, 0x1949, 0x1b00, 0x22e8, 0x162f, 0x1544, 0x174b, 0x1e50, 0x2086, 0x21fd, 0x12f4, 0x161c, 0x16dd, 0x16af, 0x1dc2,
    0x11b4, 0x185a, 0x15c5, 0x1cbd, 0x1bf8, 0x102c, 0x1427, 0x122c, 0x1eac, 0x10f8, 0x19f1, 0x19e6, 0x150b, 0x22ce, 0x1bd8, 0x2047,
    0x1233, 0x216c, 0x1aa9, 0x10a6, 0x1f4c, 0x1ba0, 0x1f24, 0x1281, 0x1ba1, 0x1630, 0x190f, 0x2037, 0x18d3, 0x1631, 0x1ae8, 0x1ff6,
    0x11e5, 0x1136, 0x11e6, 0x1137, 0x1ebd, 0x1244, 0x188e, 0x20f4, 0x1013, 0x20ae, 0x1f07, 0x178d, 0x1ba2, 0x178e, 0x2305, 0x102d,
    0x2199, 0x12cd, 0x1d79, 0x13eb, 0x1592, 0x22cf, 0x150c, 0x20c1, 0x21cb, 0x1219, 0x1523, 0x1c6c, 0x2116, 0x1703, 0x172a, 0x218e,
    0x1b02, 0x230c, 0x2038, 0x15eb, 0x22d0, 0x1b01, 0x145c, 0x1dd3, 0x1138, 0x2095, 0x1e71, 0x1e70, 0x1139, 0x15f8, 0x1014, 0x197d,
    0x2227, 0x1593, 0x1d5f, 0x2124, 0x2265, 0x11e7, 0x1704, 0x2078, 0x1cf1, 0x1ebe, 0x11c6, 0x21b3, 0x218f, 0x1cbf, 0x19e7, 0x2150,
    0x225a, 0x219a, 0x1d48, 0x1bd9, 0x1015, 0x1fd3, 0x115d, 0x22bf, 0x1fa2, 0x2125, 0x20f7, 0x178f, 0x1ee3, 0x150d, 0x138b, 0x1556,
    0x1c13, 0x1f58, 0x19d3, 0x2079, 0x2087, 0x17e5, 0x15ec, 0x111f, 0x1375, 0x19a8, 0x2190, 0x1e07, 0x109e, 0x183d, 0x1fa3, 0x1413,
    0x22d1, 0x2191, 0x1f90, 0x22e9, 0x2279, 0x2313, 0x104f, 0x22e4, 0x1c14, 0x17e6, 0x12d1, 0x11c7, 0x135f, 0x22d2, 0x1803, 0x1ee4,
    0x1b03, 0x128f, 0x1f25, 0x1790, 0x204d, 0x18d4, 0x1e72, 0x2096, 0x1016, 0x11e8, 0x17e7, 0x188f, 0x1e20, 0x2039, 0x1951, 0x21d3,
    0x1290, 0x2314, 0x172b, 0x22c0, 0x1a74, 0x1772, 0x21cc, 0x1a48, 0x1d0b, 0x1302, 0x2315, 0x1fed, 0x18d5, 0x1791, 0x22a7, 0x1cc0,
    0x1164, 0x148c, 0x113a, 0x2126, 0x1a2f, 0x122d, 0x1213, 0x1bf9, 0x1bdb, 0x1bda, 0x13ac, 0x1360, 0x20c2, 0x1d49, 0x1245, 0x1ebf,
    0x1291, 0x1ec0, 0x20eb, 0x1254, 0x1654, 0x1376, 0x1059, 0x1e65, 0x10a0, 0x20da, 0x1165, 0x2097, 0x2111, 0x1398, 0x10f9, 0x11e9,
    0x2088, 0x18d6, 0x1397, 0x220b, 0x21b4, 0x1c64, 0x11ea, 0x1bdc, 0x19e8, 0x1b88, 0x1e97, 0x1569, 0x1873, 0x1a69, 0x1705, 0x1f6c,
    0x196b, 0x1f18, 0x1671, 0x1292, 0x1293, 0x121f, 0x138c, 0x10da, 0x20cb, 0x1073, 0x1c47, 0x19b7, 0x1fb5, 0x16cb, 0x1e08, 0x1a75,
    0x105a, 0x1b5c, 0x1a3f, 0x16cc, 0x1d25, 0x13ad, 0x1120, 0x11b9, 0x1abe, 0x108e, 0x1890, 0x20a5, 0x13ae, 0x138d, 0x1ff7, 0x1800,
    0x1d98, 0x1b04, 0x22db, 0x1ee5, 0x1f4d, 0x1d99, 0x1910, 0x10fa, 0x180d, 0x1b89, 0x15c6, 0x2004, 0x1eb1, 0x21d4, 0x15e7, 0x13db,
    0x207a, 0x172c, 0x1b05, 0x1d26, 0x1038, 0x16a5, 0x1b26, 0x1361, 0x22dc, 0x2178, 0x19db, 0x2228, 0x14d7, 0x11aa, 0x11ba, 0x14bb,
    0x1a14, 0x1792, 0x1cdc, 0x1d27, 0x1cd5, 0x2229, 0x180e, 0x18d7, 0x216d, 0x1294, 0x182b, 0x1b53, 0x1911, 0x135a, 0x19ff, 0x15c2,
    0x1399, 0x1f91, 0x20af, 0x1706, 0x1b5d, 0x19e0, 0x1992, 0x1c91, 0x21fe, 0x1a49, 0x1295, 0x130c, 0x16ee, 0x1246, 0x1e73, 0x227a,
    0x1121, 0x172d, 0x21de, 0x20d2, 0x21b5, 0x1d9a, 0x1793, 0x1b06, 0x209f, 0x1c4f, 0x1d28, 0x182c, 0x172e, 0x1310, 0x131c, 0x1039,
    0x222a, 0x1a54, 0x174c, 0x155e, 0x1cdd, 0x1296, 0x1b5e, 0x1273, 0x15c7, 0x207b, 0x1655, 0x20d3, 0x156a, 0x1f7c, 0x1fb6, 0x1dd4,
    0x15a4, 0x1cf2, 0x1952, 0x1d60, 0x113b, 0x1874, 0x1bfa, 0x1cde, 0x1b5f, 0x1074, 0x1e6e, 0x103a, 0x1c92, 0x1f08, 0x2316, 0x21a2,
    0x1a76, 0x1cc1, 0x1cf3, 0x1bfb, 0x1b50, 0x1794, 0x1303, 0x1b07, 0x12d5, 0x1a77, 0x197e, 0x19a9, 0x1545, 0x203a, 0x1f59, 0x14d8,
    0x20db, 0x1b37, 0x2251, 0x174d, 0x1707, 0x156b, 0x15f9, 0x1bdd, 0x1953, 0x1017, 0x18d8, 0x1bde, 0x1f09, 0x21fb, 0x1d7a, 0x21a3,
    0x1349, 0x2266, 0x2317, 0x183e, 0x11c8, 0x2117, 0x1773, 0x17e8, 0x1a15, 0x1cf4, 0x21f7, 0x1175, 0x1ced, 0x1cf5, 0x1e4e, 0x1708,
    0x1cf6, 0x22c1, 0x157c, 0x1122, 0x113c, 0x21b6, 0x18bc, 0x1912, 0x1d16, 0x1709, 0x2179, 0x1c15, 0x1a44, 0x13a6, 0x1ba3, 0x18d9,
    0x19c5, 0x18c3, 0x1b38, 0x11c0, 0x16de, 0x20a8, 0x22bc, 0x1e54, 0x1194, 0x1e74, 0x1dd5, 0x1b39, 0x1c7c, 0x109f, 0x183f, 0x1993,
    0x1c16, 0x227b, 0x1875, 0x1223, 0x1d4a, 0x21b7, 0x1a78, 0x1891, 0x1018, 0x197f, 0x1b8a, 0x1913, 0x1f6d, 0x1d7b, 0x1bdf, 0x1297,
    0x1cc2, 0x1618, 0x11eb, 0x170a, 0x156c, 0x217d, 0x1ba4, 0x196c, 0x1319, 0x153d, 0x1f47, 0x1182, 0x206b, 0x1b08, 0x1b60, 0x1994,
    0x1318, 0x1f6e, 0x1996, 0x1795, 0x1195, 0x14cc, 0x1e98, 0x1ff8, 0x16cd, 0x1ff2, 0x1796, 0x16ef, 0x1797, 0x1d29, 0x1d9b, 0x1bfc,
    0x1e4f, 0x1997, 0x139a, 0x13af, 0x1892, 0x1893, 0x1fac, 0x17e9, 0x1ba5, 0x1656, 0x203b, 0x1954, 0x1c50, 0x1f82, 0x113d, 0x1356,
    0x15fa, 0x1340, 0x1214, 0x10a7, 0x1123, 0x1220, 0x1b1a, 0x1956, 0x1955, 0x185b, 0x1d9c, 0x16bc, 0x13b0, 0x14d9, 0x204a, 0x150e,
    0x18b4, 0x1403, 0x17c6, 0x2306, 0x1298, 0x1d1b, 0x1075, 0x19d4, 0x18da, 0x106d, 0x139b, 0x19b8, 0x222b, 0x160b, 0x19c6, 0x148e,
    0x1dc3, 0x18db, 0x204e, 0x17ea, 0x19aa, 0x16f0, 0x16f1, 0x21e3, 0x13b1, 0x1e99, 0x21ff, 0x193a, 0x1446, 0x1299, 0x1166, 0x2002,
    0x19e9, 0x1076, 0x14f7, 0x193b, 0x1741, 0x15fb, 0x105b, 0x1430, 0x193c, 0x1b54, 0x1f26, 0x11ec, 0x13b2, 0x140a, 0x11c9, 0x1b63,
    0x1a4c, 0x1ac1, 0x148f, 0x180f, 0x19b9, 0x1b55, 0x1546, 0x19d5, 0x1f92, 0x1e75, 0x191b, 0x1894, 0x1176, 0x1e66, 0x11ca, 0x10a8,
    0x15d2, 0x1f27, 0x129a, 0x1c94, 0x1798, 0x20dc, 0x21a4, 0x18bd, 0x10b9, 0x1957, 0x2127, 0x1699, 0x2318, 0x20a9, 0x1fb7, 0x1f0a,
    0x1684, 0x1e09, 0x18dc, 0x1799, 0x182d, 0x1d2a, 0x139c, 0x17eb, 0x15a5, 0x22d3, 0x1dd6, 0x19ba, 0x213c, 0x1657, 0x228f, 0x153e,
    0x204f, 0x168a, 0x138e, 0x2118, 0x103b, 0x2112, 0x1311, 0x16bd, 0x21c6, 0x103c, 0x227c, 0x1c17, 0x1c18, 0x129b, 0x1d2b, 0x174e,
    0x17ec, 0x1810, 0x1d61, 0x1dc4, 0x10fb, 0x170b, 0x17ed, 0x13b3, 0x1e67, 0x113e, 0x1dd7, 0x19d6, 0x1811, 0x1077, 0x1b8b, 0x1c19,
    0x17ee, 0x216e, 0x1484, 0x143d, 0x11ed, 0x118e, 0x14cd, 0x1e76, 0x1d9d, 0x15c8, 0x1f5a, 0x2119, 0x11ab, 0x145d, 0x1fbf, 0x1a7a,
    0x1dd8, 0x10ba, 0x22a8, 0x16b0, 0x14bc, 0x211a, 0x196d, 0x1958, 0x1224, 0x1e21, 0x1cc3, 0x173e, 0x225b, 0x1c95, 0x1e0a, 0x21e4,
    0x222c, 0x131d, 0x1a07, 0x1d2c, 0x1078, 0x215f, 0x2098, 0x1079, 0x15fc, 0x1547, 0x1362, 0x221d, 0x22eb, 0x1c96, 0x220c, 0x1a40,
    0x1bbd, 0x1f6f, 0x2144, 0x1e22, 0x1774, 0x2101, 0x1f5b, 0x1ac2, 0x1658, 0x1a6a, 0x2157, 0x173f, 0x1b4a, 0x1dd9, 0x139d, 0x191c,
    0x22a9, 0x14fb, 0x22d4, 0x1812, 0x10fc, 0x13b4, 0x1409, 0x1672, 0x179a, 0x1e55, 0x1447, 0x1a30, 0x2290, 0x16df, 0x191d, 0x15fd,
    0x1f1e, 0x13a7, 0x1fa4, 0x22ec, 0x1998, 0x2160, 0x129c, 0x1cc4, 0x1ff3, 0x1ec1, 0x155f, 0x1560, 0x202e, 0x2076, 0x1314, 0x2257,
    0x172f, 0x19e1, 0x131e, 0x2128, 0x1490, 0x179b, 0x20b0, 0x1c97, 0x1282, 0x1876, 0x1be0, 0x11bb, 0x10ce, 0x1cdf, 0x191e, 0x1959,
    0x2291, 0x1177, 0x21a5, 0x1813, 0x1a16, 0x11a4, 0x22aa, 0x1cf7, 0x22f8, 0x2050, 0x217e, 0x1c65, 0x102e, 0x1315, 0x1178, 0x196e,
    0x230d, 0x1aa2, 0x1995, 0x1e0b, 0x217f, 0x22ab, 0x20f8, 0x18c4, 0x1d9e, 0x1b09, 0x1c1a, 0x227d, 0x1ff9, 0x150f, 0x1e56, 0x174f,
    0x13a8, 0x2033, 0x160c, 0x1124, 0x13b5, 0x1f7d, 0x1dda, 0x13dc, 0x224e, 0x2258, 0x182e, 0x1c1b, 0x221e, 0x19bb, 0x207c, 0x133a,
    0x17ef, 0x2292, 0x1a00, 0x1877, 0x2048, 0x18dd, 0x10bb, 0x1c1c, 0x1c1d, 0x160d, 0x2105, 0x1c7d, 0x19bc, 0x1ba6, 0x19ea, 0x105c,
    0x11bc, 0x2293, 0x1f5c, 0x108f, 0x1980, 0x1090, 0x1be1, 0x1b8c, 0x14fc, 0x1c66, 0x1cf8, 0x10ec, 0x20b1, 0x2294, 0x2145, 0x15a6,
    0x1f4e, 0x1f4f, 0x20d7, 0x20c4, 0x1548, 0x1196, 0x102f, 0x221f, 0x1091, 0x1e57, 0x145e, 0x1bfd, 0x10fd, 0x107a, 0x1f83, 0x1b7e,
    0x1ffa, 0x1ba7, 0x1750, 0x1eb2, 0x1472, 0x1780, 0x1fd4, 0x231a, 0x2319, 0x2099, 0x1730, 0x13ec, 0x10d1, 0x160e, 0x10fe, 0x15d3,
    0x21d7, 0x1a3a, 0x1377, 0x105d, 0x1265, 0x103d, 0x21b8, 0x1c76, 0x1b0b, 0x15d4, 0x12d6, 0x1f1f, 0x1414, 0x22ac, 0x21e5, 0x1f50,
    0x11ee, 0x1c7e, 0x1473, 0x138f, 0x1183, 0x15d5, 0x1936, 0x18de, 0x1c5f, 0x1878, 0x19ab, 0x1125, 0x224f, 0x1f84, 0x125e, 0x105e,
    0x1dbb, 0x14f3, 0x1d9f, 0x231b, 0x139e, 0x222d, 0x145f, 0x1659, 0x1895, 0x2108, 0x1840, 0x222e, 0x1751, 0x18df, 0x1d4b, 0x207d,
    0x208a, 0x1731, 0x1283, 0x170d, 0x1752, 0x19f2, 0x194a, 0x129d, 0x1fd5, 0x10e5, 0x20dd, 0x1a3b, 0x1814, 0x20d4, 0x21a6, 0x1dbc,
    0x2129, 0x2158, 0x212a, 0x1d62, 0x1557, 0x19dc, 0x2005, 0x1740, 0x15d6, 0x1316, 0x143a, 0x1632, 0x161d, 0x12d8, 0x11bd, 0x10a9,
    0x1f85, 0x1648, 0x207e, 0x1b64, 0x11ef, 0x1e51, 0x1fd6, 0x1673, 0x11a5, 0x196f, 0x12ce, 0x1eb4, 0x1179, 0x122e, 0x113f, 0x1941,
    0x12d9, 0x1ec2, 0x1ec3, 0x19c7, 0x13b6, 0x1e68, 0x1ee6, 0x1ddb, 0x1a7e, 0x1549, 0x2200, 0x1f30, 0x20f5, 0x12f2, 0x1a7d, 0x212b,
    0x16f2, 0x179c, 0x10aa, 0x122f, 0x1fb8, 0x12f3, 0x1317, 0x1815, 0x1896, 0x18e0, 0x13b7, 0x1d2d, 0x1674, 0x19f3, 0x1221, 0x11b5,
    0x144a, 0x1f70, 0x20a1, 0x1dcb, 0x117a, 0x2006, 0x1a4a, 0x1e23, 0x103e, 0x1c1e, 0x1247, 0x15c9, 0x1e0c, 0x1c72, 0x1a17, 0x227e,
    0x19bd, 0x10d2, 0x22ed, 0x1be2, 0x1a01, 0x17dd, 0x18be, 0x161e, 0x1897, 0x1b65, 0x13b8, 0x18e1, 0x1ee7, 0x1633, 0x20a6, 0x22f4,
    0x1f31, 0x1d7c, 0x1ffb, 0x1535, 0x1ec4, 0x15a7, 0x15a8, 0x1dcc, 0x14a3, 0x20be, 0x17d1, 0x1b66, 0x1312, 0x1390, 0x1fa5, 0x1649,
    0x15d7, 0x20de, 0x2000, 0x1f37, 0x161f, 0x1370, 0x1b27, 0x14a4, 0x1f93, 0x20bc, 0x10d3, 0x1e24, 0x10ff, 0x1274, 0x1378, 0x16a6,
    0x10ab, 0x139f, 0x208c, 0x1431, 0x1f48, 0x10ac, 0x1c7f, 0x1f86, 0x2273, 0x20df, 0x1b67, 0x1634, 0x20bf, 0x1a18, 0x186f, 0x1474,
    0x11cb, 0x2274, 0x1432, 0x1ec5, 0x18e2, 0x1140, 0x1c1f, 0x1092, 0x117b, 0x165a, 0x1ddc, 0x1141, 0x22c2, 0x1816, 0x11cc, 0x160f,
    0x11f0, 0x1b0c, 0x20f9, 0x1f5d, 0x105f, 0x17c7, 0x13dd, 0x1100, 0x1a19, 0x1142, 0x1ddd, 0x1d7d, 0x170e, 0x18e3, 0x1841, 0x1485,
    0x211b, 0x22c3, 0x15ed, 0x1775, 0x1753, 0x1635, 0x13f9, 0x14ce, 0x115e, 0x179d, 0x1f15, 0x19cf, 0x1266, 0x1f87, 0x170f, 0x1d0c,
    0x1f51, 0x179e, 0x1981, 0x1363, 0x165b, 0x1a31, 0x195a, 0x165c, 0x1460, 0x1842, 0x1dde, 0x1e4a, 0x14e5, 0x129e, 0x15d8, 0x129f,
    0x1cd6, 0x1364, 0x1ec6, 0x1e25, 0x191f, 0x1bbe, 0x2180, 0x1ba8, 0x1b4b, 0x1610, 0x1611, 0x13de, 0x1b0d, 0x1167, 0x194b, 0x165d,
    0x222f, 0x1f5e, 0x1594, 0x2252, 0x1732, 0x1275, 0x1a6b, 0x182f, 0x2301, 0x16be, 0x1879, 0x1ac4, 0x2027, 0x156d, 0x1d0d, 0x1898,
    0x195b, 0x216f, 0x1bbf, 0x15ca, 0x1f5f, 0x16bf, 0x19e2, 0x1e26, 0x195c, 0x2295, 0x2296, 0x1ee8, 0x1ee9, 0x19c8, 0x1e9a, 0x21e6,
    0x1e77, 0x231c, 0x187a, 0x1b0e, 0x2280, 0x22ad, 0x2230, 0x1982, 0x154a, 0x208d, 0x16ce, 0x1101, 0x1830, 0x1fc0, 0x1ddf, 0x123f,
    0x1de0, 0x1ec7, 0x22e5, 0x1019, 0x22e2, 0x22ee, 0x1ac5, 0x1bfe, 0x1817, 0x12eb, 0x19d7, 0x1a1a, 0x1595, 0x1143, 0x1f60, 0x1d1c,
    0x15a9, 0x1d2e, 0x2220, 0x213d, 0x1868, 0x1102, 0x13df, 0x1ab8, 0x146c, 0x1379, 0x22c4, 0x19eb, 0x1818, 0x1b69, 0x213e, 0x11ac,
    0x231d, 0x1b49, 0x115f, 0x1ae9, 0x1103, 0x1050, 0x1819, 0x1e28, 0x1e27, 0x154b, 0x1eb3, 0x1fc9, 0x2003, 0x22ae, 0x1bf2, 0x1c20,
    0x1742, 0x16e0, 0x17c2, 0x1f16, 0x143e, 0x1561, 0x1e29, 0x12a0, 0x12a1, 0x15c3, 0x14bd, 0x15b9, 0x15fe, 0x1558, 0x16eb, 0x1f49,
    0x202b, 0x1e78, 0x1620, 0x207f, 0x1238, 0x22d5, 0x103f, 0x17d7, 0x1510, 0x21c7, 0x1d4c, 0x1ff4, 0x2146, 0x1d2f, 0x13fa, 0x12a2,
    0x18b5, 0x21a7, 0x1675, 0x10c4, 0x13ed, 0x15cb, 0x1d63, 0x20e0, 0x134b, 0x18c5, 0x20ec, 0x1754, 0x1b4c, 0x165e, 0x12f6, 0x1831,
    0x13fb, 0x206c, 0x152c, 0x156e, 0x1184, 0x1ec8, 0x1144, 0x2113, 0x1ec9, 0x101a, 0x101b, 0x11f1, 0x195d, 0x16c0, 0x1685, 0x15aa,
    0x1060, 0x2068, 0x1aad, 0x1c22, 0x1c23, 0x208e, 0x11f2, 0x1040, 0x101c, 0x130d, 0x1e79, 0x14e6, 0x195e, 0x1f78, 0x179f, 0x17a0,
    0x1de1, 0x1920, 0x1da0, 0x181a, 0x14fd, 0x11cd, 0x1686, 0x1e7a, 0x1bc0, 0x21c4, 0x1267, 0x10d4, 0x1d4d, 0x10c5, 0x21a8, 0x1126,
    0x13b9, 0x19c9, 0x1f0b, 0x13ee, 0x17f0, 0x2281, 0x12cf, 0x1eea, 0x20c5, 0x1041, 0x1450, 0x156f, 0x1160, 0x1d4e, 0x2051, 0x1104,
    0x1e2a, 0x22c5, 0x1b3a, 0x1fd7, 0x1b0f, 0x1511, 0x17a1, 0x1e0d, 0x1127, 0x1168, 0x1899, 0x169a, 0x15ff, 0x12a4, 0x16c1, 0x1587,
    0x12a3, 0x1169, 0x16f3, 0x1e58, 0x1e2b, 0x125f, 0x1743, 0x13ef, 0x1391, 0x1d17, 0x1128, 0x17d8, 0x181b, 0x13ba, 0x1197, 0x1b3b,
    0x1c80, 0x1970, 0x2007, 0x1fd8, 0x1596, 0x1a02, 0x1a80, 0x2028, 0x1a1c, 0x2152, 0x185c, 0x2080, 0x10bc, 0x15d9, 0x1fd9, 0x1504,
    0x12f7, 0x1c25, 0x1c26, 0x1600, 0x1de2, 0x1eae, 0x1a4d, 0x1d64, 0x1921, 0x1260, 0x21b9, 0x2008, 0x1ac6, 0x1b8d, 0x1eeb, 0x165f,
    0x2297, 0x1755, 0x1ac7, 0x14e7, 0x20a7, 0x1145, 0x1636, 0x11f3, 0x20cc, 0x1f61, 0x11be, 0x118f, 0x1093, 0x1248, 0x1e2c, 0x1268,
    0x19be, 0x168b, 0x1451, 0x14da, 0x1d65, 0x2147, 0x2009, 0x1d30, 0x15ab, 0x1a1d, 0x1fda, 0x1621, 0x18e4, 0x2267, 0x1e9b, 0x1061,
    0x1b6b, 0x11ce, 0x1bc7, 0x1922, 0x125a, 0x140b, 0x12a5, 0x17f1, 0x22bd, 0x1365, 0x10d5, 0x1de3, 0x1a3c, 0x1276, 0x16a7, 0x22af,
    0x10c9, 0x1d31, 0x1776, 0x2192, 0x13bb, 0x1239, 0x14a5, 0x1461, 0x1ead, 0x21d8, 0x19f8, 0x1428, 0x1230, 0x1d32, 0x1429, 0x1433,
    0x2309, 0x1f28, 0x2302, 0x1b7f, 0x12a6, 0x230a, 0x1198, 0x230b, 0x21db, 0x101d, 0x209a, 0x11f4, 0x1a57, 0x227f, 0x1eca, 0x1de4,
    0x1f29, 0x16cf, 0x15da, 0x1b51, 0x1887, 0x146d, 0x1240, 0x17a2, 0x15c0, 0x19e3, 0x1eec, 0x20b2, 0x1923, 0x18e5, 0x1971, 0x1d18,
    0x1bc8, 0x1486, 0x1777, 0x1869, 0x1366, 0x1c67, 0x17d2, 0x1030, 0x1da1, 0x22ea, 0x1c81, 0x11f5, 0x15db, 0x15ac, 0x1570, 0x13d1,
    0x1c49, 0x1756, 0x1757, 0x1758, 0x1759, 0x15ad, 0x2231, 0x11f6, 0x1da2, 0x19a4, 0x1612, 0x157d, 0x12a7, 0x18e6, 0x1781, 0x1ac8,
    0x169b, 0x1de5, 0x1eaf, 0x11f7, 0x169c, 0x1832, 0x17c8, 0x2181, 0x1b10, 0x1a58, 0x225c, 0x107b, 0x1ecb, 0x116e, 0x1b4d, 0x1aea,
    0x20b3, 0x1284, 0x15ee, 0x10e6, 0x12a8, 0x1733, 0x1999, 0x12a9, 0x1b1b, 0x1be3, 0x21a9, 0x1a81, 0x206d, 0x13e0, 0x15ba, 0x15c1,
    0x1386, 0x1588, 0x15f6, 0x202f, 0x17a3, 0x1ecc, 0x20fa, 0x1559, 0x1d66, 0x2170, 0x175a, 0x1c27, 0x2052, 0x189a, 0x1146, 0x1fad,
    0x1a82, 0x2298, 0x220d, 0x185d, 0x1f94, 0x1622, 0x2161, 0x225d, 0x16a1, 0x17a4, 0x169d, 0x212d, 0x20e1, 0x1c73, 0x1357, 0x1e7b,
    0x21e7, 0x1637, 0x1613, 0x20b4, 0x1ac9, 0x1a1e, 0x1481, 0x16d0, 0x1888, 0x18e7, 0x141d, 0x13f0, 0x1eed, 0x1c28, 0x185e, 0x225e,
    0x1e7c, 0x1924, 0x22fe, 0x11ad, 0x1be4, 0x2289, 0x230e, 0x20e2, 0x14e8, 0x1dbd, 0x1e9c, 0x1778, 0x1b3c, 0x212e, 0x2232, 0x143f,
    0x1512, 0x1710, 0x1b80, 0x21ba, 0x206e, 0x2201, 0x20fb, 0x1aa3, 0x1105, 0x189b, 0x1870, 0x1b8e, 0x22c6, 0x1a83, 0x18b6, 0x1a84,
    0x1fca, 0x19ec, 0x19f4, 0x2193, 0x1de6, 0x1231, 0x2053, 0x1833, 0x22c7, 0x12aa, 0x152d, 0x2233, 0x1914, 0x13bc, 0x1e59, 0x14db,
    0x18c6, 0x137a, 0x1de7, 0x14f8, 0x1c6d, 0x22b0, 0x199b, 0x1925, 0x1a85, 0x2253, 0x1fc1, 0x1a4b, 0x1f95, 0x1fae, 0x17d9, 0x2282,
    0x1d67, 0x1062, 0x1de8, 0x10ad, 0x13bd, 0x17a5, 0x164a, 0x19bf, 0x1b2f, 0x185f, 0x2049, 0x1bff, 0x21aa, 0x1843, 0x1051, 0x1aca,
    0x1c2a, 0x15cc, 0x1601, 0x1d4f, 0x2254, 0x1676, 0x1602, 0x1e7d, 0x1367, 0x2234, 0x17f2, 0x137b, 0x1972, 0x1de9, 0x2299, 0x1b8f,
    0x200a, 0x1cc5, 0x20aa, 0x1be5, 0x12f8, 0x16d1, 0x1be6, 0x1e9d, 0x14e9, 0x11f8, 0x1597, 0x1cd7, 0x1711, 0x1129, 0x1b1f, 0x189c,
    0x1eee, 0x1b90, 0x1359, 0x1660, 0x1f62, 0x158f, 0x229a, 0x1cf9, 0x1f88, 0x220e, 0x228a, 0x1d50, 0x13be, 0x1fcb, 0x1d7e, 0x2235,
    0x116a, 0x154c, 0x1a32, 0x2148, 0x2069, 0x14dc, 0x1094, 0x1a86, 0x1e2d, 0x153f, 0x2182, 0x1475, 0x154d, 0x1ecd, 0x18e8, 0x1f63,
    0x1dc5, 0x1d33, 0x1acb, 0x164b, 0x10e7, 0x1f19, 0x1638, 0x1915, 0x1d1d, 0x14a6, 0x1834, 0x229b, 0x1c53, 0x137c, 0x1e2e, 0x123a,
    0x1d19, 0x13f1, 0x16d2, 0x1524, 0x17de, 0x1f20, 0x1fa6, 0x1e7e, 0x2102, 0x1bc9, 0x2236, 0x1042, 0x2183, 0x20bd, 0x149d, 0x22b1,
    0x1f38, 0x1da3, 0x1b11, 0x137d, 0x1371, 0x10d6, 0x208f, 0x1487, 0x1335, 0x1aeb, 0x1940, 0x1acc, 0x1e0e, 0x2237, 0x1c2c, 0x13bf,
    0x2238, 0x1434, 0x1e9e, 0x2090, 0x1779, 0x1462, 0x1a1f, 0x220f, 0x13d2, 0x17a6, 0x199c, 0x14ea, 0x213f, 0x177a, 0x14a7, 0x2184,
    0x1acd, 0x1c60, 0x146e, 0x1dea, 0x189d, 0x21bb, 0x14be, 0x14c3, 0x1ace, 0x1cb4, 0x142a, 0x1199, 0x2210, 0x18cd, 0x209b, 0x2239,
    0x154e, 0x2268, 0x22b2, 0x11f9, 0x1d0e, 0x1d51, 0x1106, 0x203c, 0x1aaf, 0x1fdb, 0x2303, 0x1cfa, 0x11ae, 0x1deb, 0x189e, 0x21e8,
    0x10ae, 0x209c, 0x2211, 0x16c2, 0x1e7f, 0x1d0f, 0x1dc6, 0x1482, 0x22f5, 0x1b12, 0x225f, 0x141e, 0x1eb5, 0x1a88, 0x1107, 0x2103,
    0x16f4, 0x22dd, 0x1a41, 0x1e9f, 0x1677, 0x1734, 0x13e1, 0x15dc, 0x1fdc, 0x1ab0, 0x1a89, 0x22ef, 0x1476, 0x22e6, 0x229c, 0x1da4,
    0x1acf, 0x12ed, 0x1a8a, 0x1bc1, 0x17d3, 0x1571, 0x2283, 0x22d6, 0x1e2f, 0x168c, 0x1a20, 0x1cfb, 0x1844, 0x1973, 0x1bca, 0x1bd5,
    0x22de, 0x2212, 0x1b91, 0x231e, 0x1916, 0x16f5, 0x1b13, 0x1aa5, 0x231f, 0x2320, 0x2054, 0x1aba, 0x1a8c, 0x140c, 0x13e2, 0x14cf,
    0x1525, 0x189f, 0x168d, 0x1a8d, 0x1ad0, 0x1e30, 0x1f39, 0x18e9, 0x1fee, 0x1871, 0x22df, 0x1983, 0x13c0, 0x1b6d, 0x21df, 0x2140,
    0x14a8, 0x142b, 0x1e31, 0x20e3, 0x1d58, 0x1be7, 0x1c00, 0x1d10, 0x1712, 0x1a03, 0x22c8, 0x17f3, 0x1c9c, 0x17f4, 0x1d34, 0x2109,
    0x20ed, 0x20fc, 0x1fb9, 0x13d3, 0x19ac, 0x1ba9, 0x177b, 0x15ae, 0x15af, 0x14c4, 0x15bb, 0x15f7, 0x1808, 0x20d8, 0x10db, 0x181c,
    0x1513, 0x13d4, 0x2321, 0x10dc, 0x169e, 0x17f5, 0x11af, 0x1d7f, 0x19dd, 0x223a, 0x11fa, 0x1d68, 0x11cf, 0x18ea, 0x1514, 0x2202,
    0x1440, 0x20fd, 0x1aec, 0x1f64, 0x157e, 0x195f, 0x1e52, 0x1b56, 0x187b, 0x1d69, 0x15cd, 0x1c2d, 0x1c2e, 0x228b, 0x1be8, 0x1b1c,
    0x17a7, 0x1d36, 0x1b14, 0x1234, 0x13d5, 0x22b3, 0x1ad1, 0x22bb, 0x1489, 0x18eb, 0x1372, 0x21d9, 0x21e9, 0x1cfc, 0x18c2, 0x1b1d,
    0x1b4e, 0x1dec, 0x1f96, 0x11fb, 0x1baa, 0x12ab, 0x1614, 0x1c54, 0x1b3d, 0x177c, 0x1491, 0x13a0, 0x21ea, 0x1623, 0x101e, 0x1615,
    0x17c9, 0x2162, 0x1eef, 0x1031, 0x11b0, 0x117c, 0x22d7, 0x141f, 0x1e80, 0x1926, 0x16d3, 0x1c9d, 0x21cd, 0x2213, 0x1249, 0x1639,
    0x15dd, 0x187c, 0x1ded, 0x21eb, 0x1845, 0x11fc, 0x1441, 0x1515, 0x18ec, 0x14eb, 0x1b3e, 0x206f, 0x1da5, 0x1917, 0x2091, 0x223b,
    0x12ac, 0x116b, 0x12ad, 0x16f6, 0x1b3f, 0x1e5a, 0x119a, 0x1ab1, 0x152e, 0x1277, 0x175c, 0x20e4, 0x2092, 0x16a2, 0x2255, 0x1bab,
    0x15b0, 0x2029, 0x1846, 0x1c01, 0x2171, 0x1be9, 0x1322, 0x223c, 0x1ad3, 0x1c30, 0x181d, 0x193d, 0x14ec, 0x1b92, 0x1b6e, 0x1b20,
    0x1ef0, 0x2214, 0x1536, 0x1442, 0x1269, 0x12ae, 0x1516, 0x1847, 0x1477, 0x1d37, 0x1526, 0x229d, 0x1624, 0x1108, 0x1ef1, 0x12af,
    0x1109, 0x16a8, 0x1f3a, 0x1e32, 0x2284, 0x18ed, 0x1a5a, 0x1918, 0x1801, 0x1848, 0x1f0c, 0x110a, 0x14bf, 0x1ad5, 0x119b, 0x1f3b,
    0x1185, 0x223d, 0x2149, 0x20ee, 0x1b30, 0x1b28, 0x1cfd, 0x16c3, 0x10dd, 0x1eb6, 0x1b29, 0x1063, 0x199d, 0x1faf, 0x1809, 0x17ca,
    0x180a, 0x18a0, 0x1b93, 0x16d4, 0x1b94, 0x1da6, 0x1c31, 0x106e, 0x1984, 0x12fa, 0x1da7, 0x1dee, 0x1255, 0x112a, 0x1b57, 0x1da8,
    0x1387, 0x163a, 0x14ed, 0x1ef2, 0x201c, 0x15de, 0x2163, 0x144b, 0x22f6, 0x168e, 0x1ea0, 0x1c9f, 0x2269, 0x1392, 0x12b0, 0x107c,
    0x12b1, 0x107d, 0x1e81, 0x1fba, 0x2164, 0x18a2, 0x18a1, 0x1c82, 0x17cb, 0x1095, 0x1a6e, 0x212f, 0x2159, 0x1064, 0x1cfe, 0x1373,
    0x1ef3, 0x13f2, 0x1d6a, 0x1f0d, 0x101f, 0x16c4, 0x1eb7, 0x1ca0, 0x1a21, 0x2055, 0x2304, 0x13fc, 0x110b, 0x20c7, 0x1518, 0x137e,
    0x1537, 0x2056, 0x175d, 0x1147, 0x1a33, 0x1a22, 0x18a3, 0x1b21, 0x1f89, 0x1f65, 0x163b, 0x14ee, 0x18ee, 0x14dd, 0x14d0, 0x19d8,
    0x1043, 0x1c33, 0x16a9, 0x2057, 0x1dbe, 0x1416, 0x1849, 0x1b2a, 0x1da9, 0x112b, 0x140d, 0x164c, 0x1687, 0x1688, 0x1d81, 0x1096,
    0x229e, 0x11d0, 0x1148, 0x223e, 0x215a, 0x200b, 0x1598, 0x1bac, 0x1678, 0x1735, 0x1ad6, 0x1cb5, 0x219b, 0x1097, 0x187d, 0x13c1,
    0x1d1a, 0x1580, 0x1ef4, 0x1065, 0x163c, 0x14a9, 0x15bc, 0x157f, 0x1ede, 0x17f6, 0x163d, 0x1927, 0x187e, 0x1589, 0x20a2, 0x1603,
    0x1044, 0x1ef5, 0x158a, 0x21ec, 0x1232, 0x15b1, 0x1e33, 0x19ca, 0x1f32, 0x21ed, 0x1def, 0x18ef, 0x13d6, 0x15bd, 0x1fbb, 0x13c2,
    0x1149, 0x1aed, 0x1ef6, 0x1599, 0x154f, 0x16b6, 0x1928, 0x14d1, 0x1066, 0x13f3, 0x1fb0, 0x10ca, 0x11fd, 0x1fef, 0x15b2, 0x1289,
    0x1960, 0x1c83, 0x1ece, 0x11fe, 0x1368, 0x1b52, 0x11d1, 0x1835, 0x17a8, 0x175e, 0x1ecf, 0x1f71, 0x2070, 0x1531, 0x2130, 0x20e5,
    0x124a, 0x1a8f, 0x1fdd, 0x14ef, 0x110c, 0x1a90, 0x1744, 0x12b2, 0x1df0, 0x14b3, 0x19ed, 0x18ce, 0x175f, 0x1b40, 0x1052, 0x16aa,
    0x1836, 0x2275, 0x2276, 0x1538, 0x1cff, 0x1661, 0x14c5, 0x1f2a, 0x112c, 0x163e, 0x1539, 0x110d, 0x12b3, 0x1045, 0x163f, 0x1fde,
    0x1fdf, 0x1a5b, 0x1463, 0x146f, 0x1640, 0x1961, 0x17a9, 0x17aa, 0x12b4, 0x12b5, 0x12b6, 0x1ed0, 0x1bad, 0x1e34, 0x1ed1, 0x1e35,
    0x10af, 0x223f, 0x201d, 0x1985, 0x17ab, 0x17f7, 0x214a, 0x1e0f, 0x12b7, 0x14b4, 0x1278, 0x226a, 0x1df1, 0x16e1, 0x1bae, 0x1a34,
    0x2322, 0x184a, 0x149e, 0x13c3, 0x1a23, 0x1baf, 0x1279, 0x226b, 0x13d7, 0x18f0, 0x17ac, 0x16c5, 0x1313, 0x200c, 0x1186, 0x1fe0,
    0x1760, 0x1761, 0x1e36, 0x2074, 0x1ef7, 0x19e4, 0x1f0e, 0x1ca2, 0x2323, 0x1889, 0x1046, 0x1df2, 0x1fe1, 0x1ce2, 0x20fe, 0x1edf,
    0x2058, 0x1505, 0x2151, 0x1e37, 0x1e5b, 0x2075, 0x1bc2, 0x1ee0, 0x13c4, 0x1020, 0x112d, 0x114a, 0x1161, 0x15be, 0x2059, 0x1d82,
    0x1ad7, 0x18f1, 0x1805, 0x1aee, 0x1b22, 0x2277, 0x1a24, 0x21f8, 0x11ff, 0x1225, 0x117d, 0x1df3, 0x1f97, 0x13e6, 0x1f33, 0x1b70,
    0x1f0f, 0x1f66, 0x1e38, 0x121a, 0x1222, 0x1b31, 0x1b32, 0x1226, 0x1b71, 0x124b, 0x1f3c, 0x124c, 0x13fd, 0x1dbf, 0x1532, 0x15ce,
    0x1f52, 0x16c6, 0x110e, 0x1d38, 0x1ea1, 0x13f4, 0x18f2, 0x1053, 0x1369, 0x110f, 0x1e92, 0x201e, 0x1047, 0x2259, 0x18a4, 0x180c,
    0x1d83, 0x20b5, 0x1533, 0x1713, 0x1e10, 0x1492, 0x188a, 0x2165, 0x140e, 0x126a, 0x1daa, 0x1929, 0x1695, 0x11b1, 0x201f, 0x20c8,
    0x1388, 0x1f79, 0x1256, 0x187f, 0x181e, 0x1a92, 0x1b15, 0x1098, 0x1dab, 0x1d59, 0x1625, 0x12b8, 0x17cc, 0x1f2b, 0x10ed, 0x119c,
    0x1dac, 0x17f8, 0x1d1e, 0x1d6b, 0x1dc0, 0x229f, 0x169f, 0x1dad, 0x210a, 0x2020, 0x1974, 0x18a5, 0x13d8, 0x17ad, 0x1e4b, 0x1f3d,
    0x136a, 0x1048, 0x22a0, 0x1d1f, 0x18a6, 0x1fb1, 0x1488, 0x1714, 0x1435, 0x1e82, 0x1d84, 0x14c0, 0x1fb2, 0x1519, 0x1604, 0x1762,
    0x1736, 0x1534, 0x1626, 0x1e39, 0x1dc7, 0x18b7, 0x1e93, 0x1d39, 0x1452, 0x1453, 0x1f3f, 0x10a2, 0x18f3, 0x1df4, 0x2240, 0x1393,
    0x1737, 0x1e3a, 0x107e, 0x1454, 0x112e, 0x124d, 0x12b9, 0x1e83, 0x1a0a, 0x2260, 0x1bb0, 0x2307, 0x2285, 0x15ef, 0x15f0, 0x12fe,
    0x134c, 0x192a, 0x17ae, 0x11c1, 0x1ed2, 0x1285, 0x1738, 0x18a7, 0x1662, 0x1806, 0x1d00, 0x1e84, 0x1f4a, 0x14de, 0x188b, 0x1986,
    0x1d6c, 0x18a8, 0x1067, 0x1e5c, 0x21ee, 0x1e3b, 0x1110, 0x1641, 0x10e8, 0x11d2, 0x1420, 0x21ef, 0x1286, 0x1c61, 0x1cc8, 0x181f,
    0x20c9, 0x17af, 0x107f, 0x1dc1, 0x10de, 0x1200, 0x1df5, 0x18f4, 0x1111, 0x1e5d, 0x14b5, 0x1e85, 0x18f5, 0x1c36, 0x1080, 0x1562,
    0x1fa7, 0x1f72, 0x14f9, 0x12ba, 0x209d, 0x1d11, 0x1506, 0x158b, 0x205a, 0x12cb, 0x1763, 0x1820, 0x2194, 0x184b, 0x1f1a, 0x136b,
    0x1fcc, 0x1616, 0x1a93, 0x210b, 0x1b41, 0x158c, 0x1c02, 0x1478, 0x205b, 0x1ef8, 0x19f5, 0x1b23, 0x1627, 0x1ef9, 0x2241, 0x1b81,
    0x1d52, 0x21f0, 0x16f7, 0x2021, 0x1a95, 0x1e5e, 0x14df, 0x1ffc, 0x1d85, 0x1690, 0x1745, 0x15df, 0x1b72, 0x1eb8, 0x1ee1, 0x184c,
    0x1b73, 0x18f6, 0x194c, 0x22b4, 0x112f, 0x10df, 0x1e3c, 0x1a6f, 0x1130, 0x1f3e, 0x18b8, 0x1dae, 0x1ad8, 0x186a, 0x1f40, 0x13d9,
    0x1436, 0x1715, 0x21ab, 0x10e9, 0x19f9, 0x119d, 0x1563, 0x2185, 0x1e69, 0x11b6, 0x205c, 0x1696, 0x1821, 0x1572, 0x20e6, 0x151a,
    0x1417, 0x12bb, 0x1a26, 0x1081, 0x1605, 0x114b, 0x1493, 0x18f7, 0x121b, 0x184d, 0x1c84, 0x2324, 0x151b, 0x10a3, 0x1bb1, 0x1b2b,
    0x1962, 0x1cb6, 0x1cb7, 0x1494, 0x1942, 0x17f9, 0x230f, 0x1d86, 0x203d, 0x1764, 0x210c, 0x1b42, 0x2186, 0x11d3, 0x1cb8, 0x1b74,
    0x14aa, 0x114c, 0x1d01, 0x12bc, 0x1201, 0x1ca4, 0x130e, 0x1112, 0x15b3, 0x1bcb, 0x12bd, 0x1ca5, 0x1a04, 0x20a3, 0x1113, 0x137f,
    0x1495, 0x14d2, 0x1880, 0x1782, 0x203e, 0x15f1, 0x1479, 0x1ffd, 0x1881, 0x1b95, 0x1ee2, 0x1fc2, 0x14c1, 0x1c5e, 0x1ca6, 0x1919,
    0x17b0, 0x1e3d, 0x1c4a, 0x1501, 0x12be, 0x1fe2, 0x21ac, 0x1049, 0x114d, 0x1ed3, 0x1765, 0x10e0, 0x1663, 0x128a, 0x11c2, 0x1c4b,
    0x22c9, 0x211c, 0x1c03, 0x1e6f, 0x1679, 0x20b6, 0x167a, 0x106f, 0x2131, 0x2242, 0x1c55, 0x1822, 0x11b2, 0x13f5, 0x22ff, 0x1353,
    0x1ed4, 0x2203, 0x203f, 0x2204, 0x1577, 0x1f8a, 0x1b43, 0x1032, 0x1114, 0x192b, 0x18f8, 0x20a0, 0x2132, 0x1f67, 0x1766, 0x19f6,
    0x1987, 0x1716, 0x1717, 0x1082, 0x1b44, 0x1882, 0x133d, 0x1e5f, 0x1b75, 0x10bd, 0x1d3a, 0x16e2, 0x184e, 0x20cd, 0x1664, 0x10d7,
    0x1628, 0x114e, 0x1718, 0x1540, 0x193e, 0x11d4, 0x1f10, 0x2104, 0x184f, 0x2034, 0x1c77, 0x1380, 0x22b5, 0x1338, 0x1404, 0x1767,
    0x1a3d, 0x1e11, 0x143b, 0x1d3b, 0x1988, 0x1b33, 0x1d3c, 0x152f, 0x1d02, 0x2040, 0x1ed5, 0x205d, 0x13a1, 0x1efa, 0x1202, 0x1c37,
    0x1203, 0x1a5d, 0x2310, 0x1204, 0x1860, 0x17b1, 0x1823, 0x1f98, 0x192c, 0x15e0, 0x1e86, 0x1083, 0x21ad, 0x1665, 0x1642, 0x2081,
    0x1629, 0x21f1, 0x1850, 0x1719, 0x1a5e, 0x1df6, 0x1f68, 0x1c85, 0x2195, 0x104a, 0x1455, 0x104b, 0x1807, 0x1ab2, 0x1fe3, 0x19ee,
    0x1bb2, 0x1d12, 0x1227, 0x1564, 0x171a, 0x1405, 0x1ed6, 0x17da, 0x1099, 0x2243, 0x127a, 0x1739, 0x20e7, 0x1aef, 0x199e, 0x226c,
    0x1666, 0x1ed7, 0x1bcc, 0x126b, 0x200d, 0x15b4, 0x19ad, 0x1cee, 0x1bea, 0x1ab3, 0x20b7, 0x1fe4, 0x15cf, 0x1021, 0x2133, 0x1205,
    0x1ca7, 0x1a0b, 0x114f, 0x1d6d, 0x1adb, 0x1150, 0x2166, 0x1ea7, 0x15e1, 0x16a0, 0x1022, 0x15b5, 0x155a, 0x159a, 0x1d03, 0x1565,
    0x16e3, 0x18f9, 0x22b6, 0x1cc9, 0x135b, 0x1b96, 0x1a5f, 0x192d, 0x21c8, 0x1fe5, 0x2215, 0x1ce4, 0x1ca8, 0x22a1, 0x13fe, 0x2172,
    0x1d87, 0x151c, 0x1d3d, 0x17b2, 0x1115, 0x1989, 0x1b45, 0x2205, 0x171b, 0x19ae, 0x1541, 0x1566, 0x1fc3, 0x119e, 0x14b6, 0x1215,
    0x1257, 0x1187, 0x1f69, 0x1f73, 0x16d5, 0x126c, 0x226d, 0x1151, 0x1507, 0x1768, 0x19d9, 0x1d6e, 0x191a, 0x2035, 0x13c5, 0x1448,
    0x1581, 0x2114, 0x1c04, 0x200e, 0x1550, 0x22e7, 0x1c38, 0x1421, 0x1abb, 0x1d6f, 0x1054, 0x2134, 0x13f6, 0x1c05, 0x2244, 0x1d3e,
    0x1a0c, 0x124e, 0x1eb0, 0x18fa, 0x1963, 0x15c4, 0x17cd, 0x1667, 0x2135, 0x1eb9, 0x1a0d, 0x1f6a, 0x2245, 0x18bf, 0x159b, 0x2022,
    0x1837, 0x1b97, 0x109a, 0x1964, 0x17b3, 0x18fb, 0x16f8, 0x147a, 0x192e, 0x14d3, 0x1590, 0x1551, 0x16e4, 0x1d04, 0x17db, 0x1bd2,
    0x14e0, 0x1f74, 0x1d3f, 0x1ffe, 0x18a9, 0x1c6e, 0x1efb, 0x211d, 0x1c06, 0x1381, 0x1691, 0x1fe6, 0x11d5, 0x1bcd, 0x2221, 0x192f,
    0x1235, 0x20ac, 0x15e2, 0x18aa, 0x162a, 0x1606, 0x1c86, 0x1084, 0x1d40, 0x1861, 0x1f99, 0x22e3, 0x17d4, 0x198a, 0x1824, 0x22e0,
    0x1e12, 0x1152, 0x1d05, 0x1437, 0x198b, 0x1d41, 0x1bb3, 0x1464, 0x1af0, 0x140f, 0x1a0e, 0x1692, 0x18fc, 0x1d70, 0x1527, 0x1e3e,
    0x1190, 0x1af1, 0x14ab, 0x18ab, 0x1b24, 0x1a45, 0x16ab, 0x1851, 0x142c, 0x1418, 0x2246, 0x217a, 0x10be, 0x1f7e, 0x21d5, 0x14ac,
    0x1bb4, 0x2247, 0x22f7, 0x2261, 0x15f2, 0x1668, 0x1ccb, 0x117e, 0x1e3f, 0x205e, 0x17b4, 0x136c, 0x22b7, 0x1b34, 0x1e87, 0x11d6,
    0x219c, 0x1f11, 0x19af, 0x1ff0, 0x16f9, 0x198c, 0x1b16, 0x1ed8, 0x1769, 0x1619, 0x1056, 0x1975, 0x22a2, 0x1c07, 0x2173, 0x193f,
    0x2248, 0x1dcd, 0x1b35, 0x1443, 0x1c62, 0x159c, 0x2216, 0x1394, 0x1419, 0x2073, 0x1643, 0x1852, 0x1b77, 0x2030, 0x21bc, 0x1c87,
    0x186b, 0x194d, 0x143c, 0x1ea2, 0x1465, 0x1153, 0x1d20, 0x1552, 0x21f9, 0x1eaa, 0x21c9, 0x1a97, 0x21f2, 0x1937, 0x1023, 0x19b0,
    0x1c08, 0x2031, 0x2217, 0x1206, 0x1c88, 0x214b, 0x17dc, 0x18d0, 0x1301, 0x2032, 0x127b, 0x127c, 0x1beb, 0x15a0, 0x1024, 0x13a2,
    0x2136, 0x136d, 0x18fd, 0x1efc, 0x116c, 0x215b, 0x1154, 0x1d53, 0x1483, 0x151d, 0x1af3, 0x1c39, 0x121c, 0x16d6, 0x1d42, 0x17b5,
    0x151e, 0x176a, 0x17fa, 0x167b, 0x167c, 0x141a, 0x1e13, 0x16e5, 0x1055, 0x2137, 0x16d7, 0x1c09, 0x167d, 0x1b82, 0x20ce, 0x1943,
    0x14e1, 0x1862, 0x1085, 0x1a28, 0x127d, 0x1438, 0x155b, 0x1944, 0x1825, 0x1b78, 0x1382, 0x16e6, 0x20ff, 0x10e1, 0x124f, 0x1583,
    0x1965, 0x10d8, 0x13c6, 0x2066, 0x126d, 0x1033, 0x1439, 0x119f, 0x1034, 0x21bd, 0x17fb, 0x1ff1, 0x1a42, 0x1df7, 0x171c, 0x1131,
    0x198d, 0x2262, 0x20c3, 0x22e1, 0x2308, 0x2093, 0x12bf, 0x1b36, 0x19b1, 0x18c7, 0x10ea, 0x134a, 0x1669, 0x1863, 0x21d6, 0x18ac,
    0x1025, 0x1efd, 0x1e88, 0x17b6, 0x1e40, 0x2115, 0x1d71, 0x17b7, 0x1adc, 0x1930, 0x1af4, 0x1966, 0x1967, 0x123b, 0x1daf, 0x2325,
    0x226e, 0x21be, 0x17fc, 0x1853, 0x1fb3, 0x1e89, 0x1188, 0x1ed9, 0x1ccc, 0x1826, 0x209e, 0x1c3a, 0x1a35, 0x1883, 0x1132, 0x15e3,
    0x1b17, 0x1155, 0x18c8, 0x22b8, 0x1864, 0x18fe, 0x1189, 0x176b, 0x1c89, 0x1c68, 0x1e41, 0x1fb4, 0x1931, 0x1383, 0x1fc4, 0x1d5a,
    0x200f, 0x1456, 0x14ba, 0x1c3b, 0x1fbc, 0x1968, 0x1fcd, 0x21bf, 0x1df8, 0x104c, 0x1c3c, 0x1d06, 0x22f0, 0x199f, 0x2153, 0x1e14,
    0x1a43, 0x12e6, 0x15b6, 0x19d0, 0x1c0a, 0x1410, 0x1607, 0x161a, 0x217b, 0x18b9, 0x166a, 0x10ee, 0x1cb9, 0x1086, 0x17b8, 0x1b79,
    0x15b7, 0x1d88, 0x14f0, 0x1207, 0x126e, 0x226f, 0x1eba, 0x22f9, 0x12c0, 0x1976, 0x1384, 0x16d8, 0x1116, 0x176c, 0x1a70, 0x1c8a,
    0x10e2, 0x2249, 0x1af5, 0x13da, 0x16b1, 0x18ff, 0x1f53, 0x1a2a, 0x1f54, 0x1f41, 0x1162, 0x1133, 0x228c, 0x1400, 0x12c1, 0x2154,
    0x1b46, 0x1969, 0x13e3, 0x17fd, 0x224a, 0x1af6, 0x214c, 0x196a, 0x1fe7, 0x1578, 0x15b8, 0x2100, 0x1df9, 0x171d, 0x1d54, 0x117f,
    0x177d, 0x2270, 0x20ef, 0x20a4, 0x11a0, 0x1f7a, 0x1d72, 0x188d, 0x1cac, 0x1241, 0x2110, 0x1573, 0x13a3, 0x176d, 0x1fbd, 0x1cab,
    0x15e4, 0x2174, 0x173a, 0x14c6, 0x1ce5, 0x22b9, 0x1d07, 0x1026, 0x1d89, 0x1efe, 0x177e, 0x14c7, 0x17b9, 0x17fe, 0x167e, 0x21f4,
    0x1574, 0x1f9a, 0x171e, 0x1f12, 0x13c7, 0x14c8, 0x171f, 0x1208, 0x1802, 0x1edb, 0x2036, 0x1c56, 0x1ebb, 0x1f42, 0x186c, 0x1d43,
    0x18ba, 0x1d8a, 0x17ba, 0x21e0, 0x1e8a, 0x1250, 0x1720, 0x12c2, 0x1fe8, 0x1bf3, 0x1e42, 0x2041, 0x2010, 0x1e4c, 0x1721, 0x1edc,
    0x20b8, 0x164d, 0x1f13, 0x1027, 0x20e8, 0x10b0, 0x1d8b, 0x1854, 0x118a, 0x14ad, 0x13c8, 0x1b98, 0x1389, 0x1f9b, 0x10b1, 0x1e60,
    0x1c3d, 0x1e61, 0x1c3e, 0x1e15, 0x10bf, 0x13c9, 0x1f2d, 0x2222, 0x2023, 0x1d8c, 0x1f8b, 0x2024, 0x1236, 0x1e43, 0x1d73, 0x1e8b,
    0x1a0f, 0x1528, 0x198e, 0x1228, 0x1209, 0x1f2e, 0x19d1, 0x123c, 0x121d, 0x21da, 0x1a98, 0x1eff, 0x2025, 0x1028, 0x1977, 0x11d7,
    0x14ae, 0x1d55, 0x1fbe, 0x1553, 0x16d9, 0x1117, 0x1457, 0x205f, 0x22f1, 0x1567, 0x1fa8, 0x147b, 0x16c7, 0x167f, 0x14fa, 0x1f1b,
    0x1e8c, 0x1900, 0x16e7, 0x16e8, 0x1db0, 0x1a60, 0x218c, 0x1bec, 0x1db1, 0x1fa9, 0x11d8, 0x1a61, 0x11c3, 0x1470, 0x198f, 0x1157,
    0x142f, 0x20f0, 0x16b2, 0x17bb, 0x16b3, 0x1f00, 0x1b83, 0x1339, 0x1bb5, 0x1991, 0x1add, 0x126f, 0x1644, 0x1029, 0x1d8d, 0x162b,
    0x1f14, 0x1938, 0x10cf, 0x1608, 0x1d8e, 0x2011, 0x20cf, 0x18c9, 0x11a6, 0x13ca, 0x22d8, 0x1a72, 0x2218, 0x2138, 0x18ad, 0x20d5,
    0x2026, 0x120a, 0x13cb, 0x1118, 0x1401, 0x1d74, 0x20ca, 0x1827, 0x1496, 0x18bb, 0x1e44, 0x1ea3, 0x16fa, 0x147c, 0x1fce, 0x1e8d,
    0x1f01, 0x1251, 0x1cd8, 0x2169, 0x1c40, 0x1406, 0x1901, 0x1bb6, 0x1c3f, 0x1bce, 0x210d, 0x118b, 0x2175, 0x22a3, 0x13cc, 0x1374,
    0x1c0b, 0x1b7a, 0x18c0, 0x138a, 0x1fcf, 0x1bed, 0x18ae, 0x10e3, 0x1d8f, 0x1e45, 0x1f2f, 0x1407, 0x1edd, 0x1ea4, 0x1f9c, 0x1855,
    0x1c41, 0x14d4, 0x10b3, 0x215c, 0x1b7c, 0x1575, 0x21c0, 0x1902, 0x2286, 0x1cad, 0x1542, 0x16b4, 0x141b, 0x1c74, 0x1b2c, 0x1568,
    0x2219, 0x12e0, 0x166b, 0x1ff5, 0x17bc, 0x1068, 0x20b9, 0x120b, 0x18af, 0x1d75, 0x1bc3, 0x11d9, 0x1444, 0x121e, 0x1722, 0x1191,
    0x1bb7, 0x13cd, 0x19c0, 0x2012, 0x21ce, 0x176e, 0x1411, 0x1dfa, 0x136e, 0x1c42, 0x1dfb, 0x2013, 0x1d13, 0x1680, 0x1e8e, 0x1e8f,
    0x1fe9, 0x159d, 0x1423, 0x1903, 0x22ca, 0x2250, 0x17ce, 0x1932, 0x2042, 0x1fea, 0x1e16, 0x1884, 0x2014, 0x1c8b, 0x1d44, 0x1feb,
    0x2223, 0x164e, 0x149f, 0x10a4, 0x1a2b, 0x1f75, 0x1c43, 0x1838, 0x151f, 0x1eab, 0x1a06, 0x1458, 0x1520, 0x12d0, 0x18d1, 0x1dfc,
    0x1723, 0x2071, 0x1e46, 0x1f9d, 0x1bb8, 0x1f76, 0x1408, 0x10cb, 0x20f1, 0x17df, 0x1c58, 0x1258, 0x1497, 0x1b1e, 0x1db2, 0x1070,
    0x10b4, 0x21f5, 0x10ef, 0x1a9c, 0x1bf4, 0x164f, 0x120c, 0x1939, 0x1dfd, 0x1c69, 0x1fff, 0x13f7, 0x1856, 0x1db3, 0x1904, 0x159e,
    0x2196, 0x1af8, 0x120d, 0x18b0, 0x1905, 0x1dfe, 0x2206, 0x16fb, 0x1828, 0x2139, 0x10b5, 0x1087, 0x14b7, 0x2015, 0x2016, 0x1d5b,
    0x1933, 0x1385, 0x1dff, 0x12c3, 0x1db4, 0x12c4, 0x127f, 0x15d0, 0x1839, 0x1158, 0x1f34, 0x1adf, 0x147d, 0x118c, 0x13ce, 0x19c1,
    0x136f, 0x1c44, 0x10c0, 0x2072, 0x1e62, 0x10f0, 0x1b99, 0x18cf, 0x2017, 0x221a, 0x109c, 0x224b, 0x1f02, 0x1cd9, 0x1e4d, 0x1d90,
    0x1b9a, 0x1119, 0x14e2, 0x1f1c, 0x22be, 0x1e63, 0x1857, 0x1db5, 0x1faa, 0x2094, 0x1e90, 0x1069, 0x106a, 0x11b3, 0x1f43, 0x1f35,
    0x1d45, 0x15f3, 0x186d, 0x211e, 0x109d, 0x1c59, 0x2187, 0x2188, 0x104d, 0x1617, 0x1071, 0x1035, 0x219d, 0x1697, 0x1252, 0x1466,
    0x1aa8, 0x1ab5, 0x19d2, 0x19da, 0x228d, 0x219e, 0x1237, 0x20d9, 0x11a1, 0x1f9e, 0x16ac, 0x1724, 0x1f9f, 0x20f2, 0x1b47, 0x166c,
    0x1e47, 0x19b2, 0x2082, 0x215d, 0x1725, 0x14e3, 0x1579, 0x1088, 0x2189, 0x211f, 0x219f, 0x186e, 0x194e, 0x1f8c, 0x1bef, 0x1f03,
    0x1e17, 0x1681, 0x1c6f, 0x1f04, 0x1508, 0x13cf, 0x2197, 0x14f4, 0x1a2c, 0x1bb9, 0x14ff, 0x13a4, 0x1906, 0x22a4, 0x1134, 0x10d9,
    0x1bcf, 0x19ef, 0x1261, 0x1e18, 0x1d46, 0x1529, 0x1907, 0x1908, 0x21dc, 0x1c6a, 0x14a0, 0x1f8d, 0x1d14, 0x19cb, 0x1bd6, 0x19b3,
    0x1f1d, 0x1159, 0x2060, 0x1ea5, 0x1d08, 0x1b2d, 0x1d76, 0x1e48, 0x1909, 0x19a3, 0x2018, 0x1d21, 0x1521, 0x12f0, 0x1bba, 0x1bbb,
    0x1865, 0x15f4, 0x173b, 0x1bd0, 0x1498, 0x14c9, 0x162c, 0x1db6, 0x190a, 0x1e00, 0x1f05, 0x1dc8, 0x1afa, 0x1530, 0x1ae1, 0x17ff,
    0x2176, 0x15e5, 0x17cf, 0x14af, 0x16ad, 0x1e19, 0x1471, 0x19f0, 0x1499, 0x1fc5, 0x1e01, 0x1e02, 0x176f, 0x1609, 0x158d, 0x21e1,
    0x1cce, 0x2271, 0x1ccf, 0x155c, 0x2224, 0x19cc, 0x1180, 0x1216, 0x1057, 0x1217, 0x210e, 0x1fa0, 0x1c0c, 0x218a, 0x13d0, 0x1c70,
    0x18b1, 0x1bd1, 0x21cf, 0x224c, 0x21fa, 0x1e03, 0x111a, 0x21b0, 0x1934, 0x190b, 0x1bc4, 0x18ca, 0x1afb, 0x1b48, 0x1645, 0x13e4,
    0x20e9, 0x149a, 0x1402, 0x2207, 0x111b, 0x20d0, 0x177f, 0x118d, 0x1e1a, 0x19f7, 0x19c2, 0x19cd, 0x1bf0, 0x1db7, 0x14f1, 0x224d,
    0x115a, 0x1db8, 0x21f6, 0x2155, 0x17e0, 0x20ba, 0x214e, 0x214d, 0x1770, 0x1693, 0x1978, 0x18c1, 0x12c5, 0x2065, 0x1c71, 0x1646,
    0x1cb0, 0x17bd, 0x213a, 0x1979, 0x11da, 0x21d0, 0x1a2e, 0x1cb1, 0x1f44, 0x19b4, 0x1a63, 0x1db9, 0x16c8, 0x11a2, 0x1554, 0x1270,
    0x123d, 0x1f45, 0x1858, 0x12c6, 0x1b7d, 0x1b2e, 0x21d1, 0x190c, 0x21d2, 0x2167, 0x16e9, 0x221b, 0x153a, 0x1a36, 0x2156, 0x2083,
    0x2061, 0x1935, 0x1cda, 0x162d, 0x1e91, 0x1329, 0x120e, 0x102a, 0x1726, 0x2084, 0x17be, 0x21c1, 0x1424, 0x1ea6, 0x1783, 0x16c9,
    0x12c7, 0x12c8, 0x210f, 0x10c1, 0x1412, 0x2019, 0x18b2, 0x157a, 0x214f, 0x120f, 0x22cb, 0x11db, 0x21dd, 0x111c, 0x1a73, 0x2043,
    0x1467, 0x12c9, 0x2287, 0x1468, 0x1170, 0x21c2, 0x190d, 0x1fd0, 0x115b, 0x1ab6, 0x1650, 0x190e, 0x14d5, 0x20d6, 0x1bd3, 0x1242,
    0x11bf, 0x2256, 0x1651, 0x1689, 0x1576, 0x1c0d, 0x153b, 0x1a37, 0x14b0, 0x1dc9, 0x213b, 0x19ce, 0x11dc, 0x1859, 0x1522, 0x1fc6,
    0x116d, 0x111d, 0x201a, 0x19c3, 0x16ea, 0x2177, 0x2288, 0x1b18, 0x1555, 0x1089, 0x16b7, 0x152a, 0x1e49, 0x1727, 0x1210, 0x16fc,
    0x159f, 0x1a9e, 0x19b5, 0x1bf1, 0x19e5, 0x19de, 0x2263, 0x10e4, 0x19b6, 0x1163, 0x15e6, 0x1746, 0x1d15, 0x15bf, 0x19fa, 0x217c,
    0x1135, 0x1211, 0x2044, 0x22fa, 0x1c78, 0x14b1, 0x19fb, 0x142d, 0x14b2, 0x2198, 0x1ab7, 0x14b8, 0x12ca, 0x14b9, 0x1469, 0x17bf,
    0x152b, 0x157b, 0x1218, 0x158e, 0x153c, 0x22f2, 0x22a5, 0x1829, 0x146a, 0x2300, 0x10cc, 0x15e8, 0x13a5, 0x202c, 0x1dca, 0x1395,
    0x160a, 0x1b19, 0x16b8, 0x1e04, 0x115c, 0x182a, 0x1771, 0x1e1b, 0x1d56, 0x1d57, 0x2062, 0x1d77, 0x149b, 0x1866, 0x1f36, 0x1a38,
    0x19c4, 0x14d6, 0x166d, 0x106b, 0x1212, 0x0682, 0x0683, 0x0684, 0x0685, 0x0686, 0x0687, 0x0688, 0x0689, 0x068a, 0x068b, 0x068c,
    0x068d, 0x068e, 0x068f, 0x0690, 0x0691, 0x0692, 0x0693, 0x0694, 0x0695, 0x0696, 0x0697, 0x0698, 0x0699, 0x069a, 0x069b, 0x069c,
    0x069d, 0x069e, 0x069f, 0x06a0, 0x06a1, 0x06a2, 0x06a3, 0x06a4, 0x06a5, 0x06a6, 0x06a7, 0x06a8, 0x06a9, 0x06aa, 0x06ab, 0x06ac,
    0x06ad, 0x06ae, 0x06af, 0x06b0, 0x06b1, 0x06b2, 0x06b3, 0x06b4, 0x06b5, 0x06b6, 0x06b7, 0x06b8, 0x06b9, 0x06ba, 0x06bb, 0x06bc,
    0x06bd, 0x06be, 0x06bf, 0x06c0, 0x06c1, 0x06c2, 0x06c3, 0x06c4, 0x06c5, 0x06c6, 0x06c7, 0x06c8, 0x06c9, 0x06ca, 0x06cb, 0x06cc,
    0x06cd, 0x06ce, 0x06cf, 0x06d0, 0x06d1, 0x06d2, 0x06d3, 0x06d4, 0x06d5, 0x06d6, 0x06d7, 0x06d8, 0x06d9, 0x06da, 0x06db, 0x06dc,
    0x06dd, 0x06de, 0x06df, 0x06e0, 0x06e1, 0x06e2, 0x06e3, 0x06e4, 0x06e5, 0x06e6, 0x06e7, 0x06e8, 0x06e9, 0x06ea, 0x06eb, 0x06ec,
    0x06ed, 0x06ee, 0x06ef, 0x06f0, 0x06f1, 0x06f2, 0x06f3, 0x06f4, 0x06f5, 0x06f6, 0x06f7, 0x06f8, 0x06f9, 0x06fa, 0x06fb, 0x06fc,
    0x06fd, 0x06fe, 0x06ff, 0x0700, 0x0701, 0x0702, 0x0703, 0x0704, 0x0705, 0x0706, 0x0707, 0x0708, 0x0709, 0x070a, 0x070b, 0x070c,
    0x070d, 0x070e, 0x070f, 0x0710, 0x0711, 0x0712, 0x0713, 0x0714, 0x0715, 0x0716, 0x0717, 0x0718, 0x0719, 0x071a, 0x071b, 0x071c,
    0x071d, 0x071e, 0x071f, 0x0720, 0x0721, 0x0722, 0x0723, 0x0724, 0x0725, 0x0726, 0x0727, 0x0728, 0x0729, 0x072a, 0x072b, 0x072c,
    0x072d, 0x072e, 0x072f, 0x0730, 0x0731, 0x0732, 0x0733, 0x0734, 0x0735, 0x0736, 0x0737, 0x0738, 0x0739, 0x073a, 0x073b, 0x073c,
    0x073d, 0x073e, 0x073f, 0x0740, 0x0741, 0x0742, 0x0743, 0x0744, 0x0745, 0x0746, 0x0747, 0x0748, 0x0749, 0x074a, 0x074b, 0x074c,
    0x074d, 0x074e, 0x074f, 0x0750, 0x0751, 0x0752, 0x0753, 0x0754, 0x0755, 0x0756, 0x0757, 0x0758, 0x0759, 0x075a, 0x075b, 0x075c,
    0x075d, 0x075e, 0x075f, 0x0760, 0x0761, 0x0762, 0x0763, 0x0764, 0x0765, 0x0766, 0x0767, 0x0768, 0x0769, 0x076a, 0x076b, 0x076c,
    0x076d, 0x076e, 0x076f, 0x0770, 0x0771, 0x0772, 0x0773, 0x0774, 0x0775, 0x0776, 0x0777, 0x0778, 0x0779, 0x077a, 0x077b, 0x077c,
    0x077d, 0x077e, 0x077f, 0x0780, 0x0781, 0x0782, 0x0783, 0x0784, 0x0785, 0x0786, 0x0787, 0x0788, 0x0789, 0x078a, 0x078b, 0x078c,
    0x078d, 0x078e, 0x078f, 0x0790, 0x0791, 0x0792, 0x0793, 0x0794, 0x0795, 0x0796, 0x0797, 0x0798, 0x0799, 0x079a, 0x079b, 0x079c,
    0x079d, 0x079e, 0x079f, 0x07a0, 0x07a1, 0x07a2, 0x07a3, 0x07a4, 0x07a5, 0x07a6, 0x07a7, 0x07a8, 0x07a9, 0x07aa, 0x07ab, 0x07ac,
    0x07ad, 0x07ae, 0x07af, 0x07b0, 0x07b1, 0x07b2, 0x07b3, 0x07b4, 0x07b5, 0x07b6, 0x07b7, 0x07b8, 0x07b9, 0x07ba, 0x07bb, 0x07bc,
    0x07bd, 0x07be, 0x07bf, 0x07c0, 0x07c1, 0x07c2, 0x07c3, 0x07c4, 0x07c5, 0x07c6, 0x07c7, 0x07c8, 0x07c9, 0x07ca, 0x07cb, 0x07cc,
    0x07cd, 0x07ce, 0x07cf, 0x07d0, 0x07d1, 0x07d2, 0x07d3, 0x07d4, 0x07d5, 0x07d6, 0x07d7, 0x07d8, 0x07d9, 0x07da, 0x07db, 0x07dc,
    0x07dd, 0x07de, 0x07df, 0x07e0, 0x07e1, 0x07e2, 0x07e3, 0x07e4, 0x07e5, 0x07e6, 0x07e7, 0x07e8, 0x07e9, 0x07ea, 0x07eb, 0x07ec,
    0x07ed, 0x07ee, 0x07ef, 0x07f0, 0x07f1, 0x07f2, 0x07f3, 0x07f4, 0x07f5, 0x07f6, 0x07f7, 0x07f8, 0x07f9, 0x07fa, 0x07fb, 0x07fc,
    0x07fd, 0x07fe, 0x07ff, 0x0800, 0x0801, 0x0802, 0x0803, 0x0804, 0x0805, 0x0806, 0x0807, 0x0808, 0x0809, 0x080a, 0x080b, 0x080c,
    0x080d, 0x080e, 0x080f, 0x0810, 0x0811, 0x0812, 0x0813, 0x0814, 0x0815, 0x0816, 0x0817, 0x0818, 0x0819, 0x081a, 0x081b, 0x081c,
    0x081d, 0x081e, 0x081f, 0x0820, 0x0821, 0x0822, 0x0823, 0x0824, 0x0825, 0x0826, 0x0827, 0x0828, 0x0829, 0x082a, 0x082b, 0x082c,
    0x082d, 0x082e, 0x082f, 0x0830, 0x0831, 0x0832, 0x0833, 0x0834, 0x0835, 0x0836, 0x0837, 0x0838, 0x0839, 0x083a, 0x083b, 0x083c,
    0x083d, 0x083e, 0x083f, 0x0840, 0x0841, 0x0842, 0x0843, 0x0844, 0x0845, 0x0846, 0x0847, 0x0848, 0x0849, 0x084a, 0x084b, 0x084c,
    0x084d, 0x084e, 0x084f, 0x0850, 0x0851, 0x0852, 0x0853, 0x0854, 0x0855, 0x0856, 0x0857, 0x0858, 0x0859, 0x085a, 0x085b, 0x085c,
    0x085d, 0x085e, 0x085f, 0x0860, 0x0861, 0x0862, 0x0863, 0x0864, 0x0865, 0x0866, 0x0867, 0x0868, 0x0869, 0x086a, 0x086b, 0x086c,
    0x086d, 0x086e, 0x086f, 0x0870, 0x0871, 0x0872, 0x0873, 0x0874, 0x0875, 0x0876, 0x0877, 0x0878, 0x0879, 0x087a, 0x087b, 0x087c,
    0x087d, 0x087e, 0x087f, 0x0880, 0x0881, 0x0882, 0x0883, 0x0884, 0x0885, 0x0886, 0x0887, 0x0888, 0x0889, 0x088a, 0x088b, 0x088c,
    0x088d, 0x088e, 0x088f, 0x0890, 0x0891, 0x0892, 0x0893, 0x0894, 0x0895, 0x0896, 0x0897, 0x0898, 0x0899, 0x089a, 0x089b, 0x089c,
    0x089d, 0x089e, 0x089f, 0x08a0, 0x08a1, 0x08a2, 0x08a3, 0x08a4, 0x08a5, 0x08a6, 0x08a7, 0x08a8, 0x08a9, 0x08aa, 0x08ab, 0x08ac,
    0x08ad, 0x08ae, 0x08af, 0x08b0, 0x08b1, 0x08b2, 0x08b3, 0x08b4, 0x08b5, 0x08b6, 0x08b7, 0x08b8, 0x08b9, 0x08ba, 0x08bb, 0x08bc,
    0x08bd, 0x08be, 0x08bf, 0x08c0, 0x08c1, 0x08c2, 0x08c3, 0x08c4, 0x08c5, 0x08c6, 0x08c7, 0x08c8, 0x08c9, 0x08ca, 0x08cb, 0x08cc,
    0x08cd, 0x08ce, 0x08cf, 0x08d0, 0x08d1, 0x08d2, 0x08d3, 0x08d4, 0x08d5, 0x08d6, 0x08d7, 0x08d8, 0x08d9, 0x08da, 0x08db, 0x08dc,
    0x08dd, 0x08de, 0x08df, 0x08e0, 0x08e1, 0x08e2, 0x08e3, 0x08e4, 0x08e5, 0x08e6, 0x08e7, 0x08e8, 0x08e9, 0x08ea, 0x08eb, 0x08ec,
    0x08ed, 0x08ee, 0x08ef, 0x08f0, 0x08f1, 0x08f2, 0x08f3, 0x08f4, 0x08f5, 0x08f6, 0x08f7, 0x08f8, 0x08f9, 0x08fa, 0x08fb, 0x08fc,
    0x08fd, 0x08fe, 0x08ff, 0x0900, 0x0901, 0x0902, 0x0903, 0x0904, 0x0905, 0x0906, 0x0907, 0x0908, 0x0909, 0x090a, 0x090b, 0x090c,
    0x090d, 0x090e, 0x090f, 0x0910, 0x0911, 0x0912, 0x0913, 0x0914, 0x0915, 0x0916, 0x0917, 0x0918, 0x0919, 0x091a, 0x091b, 0x091c,
    0x091d, 0x091e, 0x091f, 0x0920, 0x0921, 0x0922, 0x0923, 0x0924, 0x0925, 0x0926, 0x0927, 0x0928, 0x0929, 0x092a, 0x092b, 0x092c,
    0x092d, 0x092e, 0x092f, 0x0930, 0x0931, 0x0932, 0x0933, 0x0934, 0x0935, 0x0936, 0x0937, 0x0938, 0x0939, 0x093a, 0x093b, 0x093c,
    0x093d, 0x093e, 0x093f, 0x0940, 0x0941, 0x0942, 0x0943, 0x0944, 0x0945, 0x0946, 0x0947, 0x0948, 0x0949, 0x094a, 0x094b, 0x094c,
    0x094d, 0x094e, 0x094f, 0x0950, 0x0951, 0x0952, 0x0953, 0x0954, 0x0955, 0x0956, 0x0957, 0x0958, 0x0959, 0x095a, 0x095b, 0x095c,
    0x095d, 0x095e, 0x095f, 0x0960, 0x0961, 0x0962, 0x0963, 0x0964, 0x0965, 0x0966, 0x0967, 0x0968, 0x0969, 0x096a, 0x096b, 0x096c,
    0x096d, 0x096e, 0x096f, 0x0970, 0x0971, 0x0972, 0x0973, 0x0974, 0x0975, 0x0976, 0x0977, 0x0978, 0x0979, 0x097a, 0x097b, 0x097c,
    0x097d, 0x097e, 0x097f, 0x0980, 0x0981, 0x0982, 0x0983, 0x0984, 0x0985, 0x0986, 0x0987, 0x0988, 0x0989, 0x098a, 0x098b, 0x098c,
    0x098d, 0x098e, 0x098f, 0x0990, 0x0991, 0x0992, 0x0993, 0x0994, 0x0995, 0x0996, 0x0997, 0x0998, 0x0999, 0x099a, 0x099b, 0x099c,
    0x099d, 0x099e, 0x099f, 0x09a0, 0x09a1, 0x09a2, 0x09a3, 0x09a4, 0x09a5, 0x09a6, 0x09a7, 0x09a8, 0x09a9, 0x09aa, 0x09ab, 0x09ac,
    0x09ad, 0x09ae, 0x09af, 0x09b0, 0x09b1, 0x09b2, 0x09b3, 0x09b4, 0x09b5, 0x09b6, 0x09b7, 0x09b8, 0x09b9, 0x09ba, 0x09bb, 0x09bc,
    0x09bd, 0x09be, 0x09bf, 0x09c0, 0x09c1, 0x09c2, 0x09c3, 0x09c4, 0x09c5, 0x09c6, 0x09c7, 0x09c8, 0x09c9, 0x09ca, 0x09cb, 0x09cc,
    0x09cd, 0x09ce, 0x09cf, 0x09d0, 0x09d1, 0x09d2, 0x09d3, 0x09d4, 0x09d5, 0x09d6, 0x09d7, 0x09d8, 0x09d9, 0x09da, 0x09db, 0x09dc,
    0x09dd, 0x09de, 0x09df, 0x09e0, 0x09e1, 0x09e2, 0x09e3, 0x09e4, 0x09e5, 0x09e6, 0x09e7, 0x09e8, 0x09e9, 0x09ea, 0x09eb, 0x09ec,
    0x09ed, 0x09ee, 0x09ef, 0x09f0, 0x09f1, 0x09f2, 0x09f3, 0x09f4, 0x09f5, 0x09f6, 0x09f7, 0x09f8, 0x09f9, 0x09fa, 0x09fb, 0x09fc,
    0x09fd, 0x09fe, 0x09ff, 0x0a00, 0x0a01, 0x0a02, 0x0a03, 0x0a04, 0x0a05, 0x0a06, 0x0a07, 0x0a08, 0x0a09, 0x0a0a, 0x0a0b, 0x0a0c,
    0x0a0d, 0x0a0e, 0x0a0f, 0x0a10, 0x0a11, 0x0a12, 0x0a13, 0x0a14, 0x0a15, 0x0a16, 0x0a17, 0x0a18, 0x0a19, 0x0a1a, 0x0a1b, 0x0a1c,
    0x0a1d, 0x0a1e, 0x0a1f, 0x0a20, 0x0a21, 0x0a22, 0x0a23, 0x0a24, 0x0a25, 0x0a26, 0x0a27, 0x0a28, 0x0a29, 0x0a2a, 0x0a2b, 0x0a2c,
    0x0a2d, 0x0a2e, 0x0a2f, 0x0a30, 0x0a31, 0x0a32, 0x0a33, 0x0a34, 0x0a35, 0x0a36, 0x0a37, 0x0a38, 0x0a39, 0x0a3a, 0x0a3b, 0x0a3c,
    0x0a3d, 0x0a3e, 0x0a3f, 0x0a40, 0x0a41, 0x0a42, 0x0a43, 0x0a44, 0x0a45, 0x0a46, 0x0a47, 0x0a48, 0x0a49, 0x0a4a, 0x0a4b, 0x0a4c,
    0x0a4d, 0x0a4e, 0x0a4f, 0x0a50, 0x0a51, 0x0a52, 0x0a53, 0x0a54, 0x0a55, 0x0a56, 0x0a57, 0x0a58, 0x0a59, 0x0a5a, 0x0a5b, 0x0a5c,
    0x0a5d, 0x0a5e, 0x0a5f, 0x0a60, 0x0a61, 0x0a62, 0x0a63, 0x0a64, 0x0a65, 0x0a66, 0x0a67, 0x0a68, 0x0a69, 0x0a6a, 0x0a6b, 0x0a6c,
    0x0a6d, 0x0a6e, 0x0a6f, 0x0a70, 0x0a71, 0x0a72, 0x0a73, 0x0a74, 0x0a75, 0x0a76, 0x0a77, 0x0a78, 0x0a79, 0x0a7a, 0x0a7b, 0x0a7c,
    0x0a7d, 0x0a7e, 0x0a7f, 0x0a80, 0x0a81, 0x0a82, 0x0a83, 0x0a84, 0x0a85, 0x0a86, 0x0a87, 0x0a88, 0x0a89, 0x0a8a, 0x0a8b, 0x0a8c,
    0x0a8d, 0x0a8e, 0x0a8f, 0x0a90, 0x0a91, 0x0a92, 0x0a93, 0x0a94, 0x0a95, 0x0a96, 0x0a97, 0x0a98, 0x0a99, 0x0a9a, 0x0a9b, 0x0a9c,
    0x0a9d, 0x0a9e, 0x0a9f, 0x0aa0, 0x0aa1, 0x0aa2, 0x0aa3, 0x0aa4, 0x0aa5, 0x0aa6, 0x0aa7, 0x0aa8, 0x0aa9, 0x0aaa, 0x0aab, 0x0aac,
    0x0aad, 0x0aae, 0x0aaf, 0x0ab0, 0x0ab1, 0x0ab2, 0x0ab3, 0x0ab4, 0x0ab5, 0x0ab6, 0x0ab7, 0x0ab8, 0x0ab9, 0x0aba, 0x0abb, 0x0abc,
    0x0abd, 0x0abe, 0x0abf, 0x0ac0, 0x0ac1, 0x0ac2, 0x0ac3, 0x0ac4, 0x0ac5, 0x0ac6, 0x0ac7, 0x0ac8, 0x0ac9, 0x0aca, 0x0acb, 0x0acc,
    0x0acd, 0x0ace, 0x0acf, 0x0ad0, 0x0ad1, 0x0ad2, 0x0ad3, 0x0ad4, 0x0ad5, 0x0ad6, 0x0ad7, 0x0ad8, 0x0ad9, 0x0ada, 0x0adb, 0x0adc,
    0x0add, 0x0ade, 0x0adf, 0x0ae0, 0x0ae1, 0x0ae2, 0x0ae3, 0x0ae4, 0x0ae5, 0x0ae6, 0x0ae7, 0x0ae8, 0x0ae9, 0x0aea, 0x0aeb, 0x0aec,
    0x0aed, 0x0aee, 0x0aef, 0x0af0, 0x0af1, 0x0af2, 0x0af3, 0x0af4, 0x0af5, 0x0af6, 0x0af7, 0x0af8, 0x0af9, 0x0afa, 0x0afb, 0x0afc,
    0x0afd, 0x0afe, 0x0aff, 0x0b00, 0x0b01, 0x0b02, 0x0b03, 0x0b04, 0x0b05, 0x0b06, 0x0b07, 0x0b08, 0x0b09, 0x0b0a, 0x0b0b, 0x0b0c,
    0x0b0d, 0x0b0e, 0x0b0f, 0x0b10, 0x0b11, 0x0b12, 0x0b13, 0x0b14, 0x0b15, 0x0b16, 0x0b17, 0x0b18, 0x0b19, 0x0b1a, 0x0b1b, 0x0b1c,
    0x0b1d, 0x0b1e, 0x0b1f, 0x0b20, 0x0b21, 0x0b22, 0x0b23, 0x0b24, 0x0b25, 0x0b26, 0x0b27, 0x0b28, 0x0b29, 0x0b2a, 0x0b2b, 0x0b2c,
    0x0b2d, 0x0b2e, 0x0b2f, 0x0b30, 0x0b31, 0x0b32, 0x0b33, 0x0b34, 0x0b35, 0x0b36, 0x0b37, 0x0b38, 0x0b39, 0x0b3a, 0x0b3b, 0x0b3c,
    0x0b3d, 0x0b3e, 0x0b3f, 0x0b40, 0x0b41, 0x0b42, 0x0b43, 0x0b44, 0x0b45, 0x0b46, 0x0b47, 0x0b48, 0x0b49, 0x0b4a, 0x0b4b, 0x0b4c,
    0x0b4d, 0x0b4e, 0x0b4f, 0x0b50, 0x0b51, 0x0b52, 0x0b53, 0x0b54, 0x0b55, 0x0b56, 0x0b57, 0x0b58, 0x0b59, 0x0b5a, 0x0b5b, 0x0b5c,
    0x0b5d, 0x0b5e, 0x0b5f, 0x0b60, 0x0b61, 0x0b62, 0x0b63, 0x0b64, 0x0b65, 0x0b66, 0x0b67, 0x0b68, 0x0b69, 0x0b6a, 0x0b6b, 0x0b6c,
    0x0b6d, 0x0b6e, 0x0b6f, 0x0b70, 0x0b71, 0x0b72, 0x0b73, 0x0b74, 0x0b75, 0x0b76, 0x0b77, 0x0b78, 0x0b79, 0x0b7a, 0x0b7b, 0x0b7c,
    0x0b7d, 0x0b7e, 0x0b7f, 0x0b80, 0x0b81, 0x0b82, 0x0b83, 0x0b84, 0x0b85, 0x0b86, 0x0b87, 0x0b88, 0x0b89, 0x0b8a, 0x0b8b, 0x0b8c,
    0x0b8d, 0x0b8e, 0x0b8f, 0x0b90, 0x0b91, 0x0b92, 0x0b93, 0x0b94, 0x0b95, 0x0b96, 0x0b97, 0x0b98, 0x0b99, 0x0b9a, 0x0b9b, 0x0b9c,
    0x0b9d, 0x0b9e, 0x0b9f, 0x0ba0, 0x0ba1, 0x0ba2, 0x0ba3, 0x0ba4, 0x0ba5, 0x0ba6, 0x0ba7, 0x0ba8, 0x0ba9, 0x0baa, 0x0bab, 0x0bac,
    0x0bad, 0x0bae, 0x0baf, 0x0bb0, 0x0bb1, 0x0bb2, 0x0bb3, 0x0bb4, 0x0bb5, 0x0bb6, 0x0bb7, 0x0bb8, 0x0bb9, 0x0bba, 0x0bbb, 0x0bbc,
    0x0bbd, 0x0bbe, 0x0bbf, 0x0bc0, 0x0bc1, 0x0bc2, 0x0bc3, 0x0bc4, 0x0bc5, 0x0bc6, 0x0bc7, 0x0bc8, 0x0bc9, 0x0bca, 0x0bcb, 0x0bcc,
    0x0bcd, 0x0bce, 0x0bcf, 0x0bd0, 0x0bd1, 0x0bd2, 0x0bd3, 0x0bd4, 0x0bd5, 0x0bd6, 0x0bd7, 0x0bd8, 0x0bd9, 0x0bda, 0x0bdb, 0x0bdc,
    0x0bdd, 0x0bde, 0x0bdf, 0x0be0, 0x0be1, 0x0be2, 0x0be3, 0x0be4, 0x0be5, 0x0be6, 0x0be7, 0x0be8, 0x0be9, 0x0bea, 0x0beb, 0x0bec,
    0x0bed, 0x0bee, 0x0bef, 0x0bf0, 0x0bf1, 0x0bf2, 0x0bf3, 0x0bf4, 0x0bf5, 0x0bf6, 0x0bf7, 0x0bf8, 0x0bf9, 0x0bfa, 0x0bfb, 0x0bfc,
    0x0bfd, 0x0bfe, 0x0bff, 0x0c00, 0x0c01, 0x0c02, 0x0c03, 0x0c04, 0x0c05, 0x0c06, 0x0c07, 0x0c08, 0x0c09, 0x0c0a, 0x0c0b, 0x0c0c,
    0x0c0d, 0x0c0e, 0x0c0f, 0x0c10, 0x0c11, 0x0c12, 0x0c13, 0x0c14, 0x0c15, 0x0c16, 0x0c17, 0x0c18, 0x0c19, 0x0c1a, 0x0c1b, 0x0c1c,
    0x0c1d, 0x0c1e, 0x0c1f, 0x0c20, 0x0c21, 0x0c22, 0x0c23, 0x0c24, 0x0c25, 0x0c26, 0x0c27, 0x0c28, 0x0c29, 0x0c2a, 0x0c2b, 0x0c2c,
    0x0c2d, 0x0c2e, 0x0c2f, 0x0c30, 0x0c31, 0x0c32, 0x0c33, 0x0c34, 0x0c35, 0x0c36, 0x0c37, 0x0c38, 0x0c39, 0x0c3a, 0x0c3b, 0x0c3c,
    0x0c3d, 0x0c3e, 0x0c3f, 0x0c40, 0x0c41, 0x0c42, 0x0c43, 0x0c44, 0x0c45, 0x0c46, 0x0c47, 0x0c48, 0x0c49, 0x0c4a, 0x0c4b, 0x0c4c,
    0x0c4d, 0x0c4e, 0x0c4f, 0x0c50, 0x0c51, 0x0c52, 0x0c53, 0x0c54, 0x0c55, 0x0c56, 0x0c57, 0x0c58, 0x0c59, 0x0c5a, 0x0c5b, 0x0c5c,
    0x0c5d, 0x0c5e, 0x0c5f, 0x0c60, 0x0c61, 0x0c62, 0x0c63, 0x0c64, 0x0c65, 0x0c66, 0x0c67, 0x0c68, 0x0c69, 0x0c6a, 0x0c6b, 0x0c6c,
    0x0c6d, 0x0c6e, 0x0c6f, 0x0c70, 0x0c71, 0x0c72, 0x0c73, 0x0c74, 0x0c75, 0x0c76, 0x0c77, 0x0c78, 0x0c79, 0x0c7a, 0x0c7b, 0x0c7c,
    0x0c7d, 0x0c7e, 0x0c7f, 0x0c80, 0x0c81, 0x0c82, 0x0c83, 0x0c84, 0x0c85, 0x0c86, 0x0c87, 0x0c88, 0x0c89, 0x0c8a, 0x0c8b, 0x0c8c,
    0x0c8d, 0x0c8e, 0x0c8f, 0x0c90, 0x0c91, 0x0c92, 0x0c93, 0x0c94, 0x0c95, 0x0c96, 0x0c97, 0x0c98, 0x0c99, 0x0c9a, 0x0c9b, 0x0c9c,
    0x0c9d, 0x0c9e, 0x0c9f, 0x0ca0, 0x0ca1, 0x0ca2, 0x0ca3, 0x0ca4, 0x0ca5, 0x0ca6, 0x0ca7, 0x0ca8, 0x0ca9, 0x0caa, 0x0cab, 0x0cac,
    0x0cad, 0x0cae, 0x0caf, 0x0cb0, 0x0cb1, 0x0cb2, 0x0cb3, 0x0cb4, 0x0cb5, 0x0cb6, 0x0cb7, 0x0cb8, 0x0cb9, 0x0cba, 0x0cbb, 0x0cbc,
    0x0cbd, 0x0cbe, 0x0cbf, 0x0cc0, 0x0cc1, 0x0cc2, 0x0cc3, 0x0cc4, 0x0cc5, 0x0cc6, 0x0cc7, 0x0cc8, 0x0cc9, 0x0cca, 0x0ccb, 0x0ccc,
    0x0ccd, 0x0cce, 0x0ccf, 0x0cd0, 0x0cd1, 0x0cd2, 0x0cd3, 0x0cd4, 0x0cd5, 0x0cd6, 0x0cd7, 0x0cd8, 0x0cd9, 0x0cda, 0x0cdb, 0x0cdc,
    0x0cdd, 0x0cde, 0x0cdf, 0x0ce0, 0x0ce1, 0x0ce2, 0x0ce3, 0x0ce4, 0x0ce5, 0x0ce6, 0x0ce7, 0x0ce8, 0x0ce9, 0x0cea, 0x0ceb, 0x0cec,
    0x0ced, 0x0cee, 0x0cef, 0x0cf0, 0x0cf1, 0x0cf2, 0x0cf3, 0x0cf4, 0x0cf5, 0x0cf6, 0x0cf7, 0x0cf8, 0x0cf9, 0x0cfa, 0x0cfb, 0x0cfc,
    0x0cfd, 0x0cfe, 0x0cff, 0x0d00, 0x0d01, 0x0d02, 0x0d03, 0x0d04, 0x0d05, 0x0d06, 0x0d07, 0x0d08, 0x0d09, 0x0d0a, 0x0d0b, 0x0d0c,
    0x0d0d, 0x0d0e, 0x0d0f, 0x0d10, 0x0d11, 0x0d12, 0x0d13, 0x0d14, 0x0d15, 0x0d16, 0x0d17, 0x0d18, 0x0d19, 0x0d1a, 0x0d1b, 0x0d1c,
    0x0d1d, 0x0d1e, 0x0d1f, 0x0d20, 0x0d21, 0x0d22, 0x0d23, 0x0d24, 0x0d25, 0x0d26, 0x0d27, 0x0d28, 0x0d29, 0x0d2a, 0x0d2b, 0x0d2c,
    0x0d2d, 0x0d2e, 0x0d2f, 0x0d30, 0x0d31, 0x0d32, 0x0d33, 0x0d34, 0x0d35, 0x0d36, 0x0d37, 0x0d38, 0x0d39, 0x0d3a, 0x0d3b, 0x0d3c,
    0x0d3d, 0x0d3e, 0x0d3f, 0x0d40, 0x0d41, 0x0d42, 0x0d43, 0x0d44, 0x0d45, 0x0d46, 0x0d47, 0x0d48, 0x0d49, 0x0d4a, 0x0d4b, 0x0d4c,
    0x0d4d, 0x0d4e, 0x0d4f, 0x0d50, 0x0d51, 0x0d52, 0x0d53, 0x0d54, 0x0d55, 0x0d56, 0x0d57, 0x0d58, 0x0d59, 0x0d5a, 0x0d5b, 0x0d5c,
    0x0d5d, 0x0d5e, 0x0d5f, 0x0d60, 0x0d61, 0x0d62, 0x0d63, 0x0d64, 0x0d65, 0x0d66, 0x0d67, 0x0d68, 0x0d69, 0x0d6a, 0x0d6b, 0x0d6c,
    0x0d6d, 0x0d6e, 0x0d6f, 0x0d70, 0x0d71, 0x0d72, 0x0d73, 0x0d74, 0x0d75, 0x0d76, 0x0d77, 0x0d78, 0x0d79, 0x0d7a, 0x0d7b, 0x0d7c,
    0x0d7d, 0x0d7e, 0x0d7f, 0x0d80, 0x0d81, 0x0d82, 0x0d83, 0x0d84, 0x0d85, 0x0d86, 0x0d87, 0x0d88, 0x0d89, 0x0d8a, 0x0d8b, 0x0d8c,
    0x0d8d, 0x0d8e, 0x0d8f, 0x0d90, 0x0d91, 0x0d92, 0x0d93, 0x0d94, 0x0d95, 0x0d96, 0x0d97, 0x0d98, 0x0d99, 0x0d9a, 0x0d9b, 0x0d9c,
    0x0d9d, 0x0d9e, 0x0d9f, 0x0da0, 0x0da1, 0x0da2, 0x0da3, 0x0da4, 0x0da5, 0x0da6, 0x0da7, 0x0da8, 0x0da9, 0x0daa, 0x0dab, 0x0dac,
    0x0dad, 0x0dae, 0x0daf, 0x0db0, 0x0db1, 0x0db2, 0x0db3, 0x0db4, 0x0db5, 0x0db6, 0x0db7, 0x0db8, 0x0db9, 0x0dba, 0x0dbb, 0x0dbc,
    0x0dbd, 0x0dbe, 0x0dbf, 0x0dc0, 0x0dc1, 0x0dc2, 0x0dc3, 0x0dc4, 0x0dc5, 0x0dc6, 0x0dc7, 0x0dc8, 0x0dc9, 0x0dca, 0x0dcb, 0x0dcc,
    0x0dcd, 0x0dce, 0x0dcf, 0x0dd0, 0x0dd1, 0x0dd2, 0x0dd3, 0x0dd4, 0x0dd5, 0x0dd6, 0x0dd7, 0x0dd8, 0x0dd9, 0x0dda, 0x0ddb, 0x0ddc,
    0x0ddd, 0x0dde, 0x0ddf, 0x0de0, 0x0de1, 0x0de2, 0x0de3, 0x0de4, 0x0de5, 0x0de6, 0x0de7, 0x0de8, 0x0de9, 0x0dea, 0x0deb, 0x0dec,
    0x0ded, 0x0dee, 0x0def, 0x0df0, 0x0df1, 0x0df2, 0x0df3, 0x0df4, 0x0df5, 0x0df6, 0x0df7, 0x0df8, 0x0df9, 0x0dfa, 0x0dfb, 0x0dfc,
    0x0dfd, 0x0dfe, 0x0dff, 0x0e00, 0x0e01, 0x0e02, 0x0e03, 0x0e04, 0x0e05, 0x0e06, 0x0e07, 0x0e08, 0x0e09, 0x0e0a, 0x0e0b, 0x0e0c,
    0x0e0d, 0x0e0e, 0x0e0f, 0x0e10, 0x0e11, 0x0e12, 0x0e13, 0x0e14, 0x0e15, 0x0e16, 0x0e17, 0x0e18, 0x0e19, 0x0e1a, 0x0e1b, 0x0e1c,
    0x0e1d, 0x0e1e, 0x0e1f, 0x0e20, 0x0e21, 0x0e22, 0x0e23, 0x0e24, 0x0e25, 0x0e26, 0x0e27, 0x0e28, 0x0e29, 0x0e2a, 0x0e2b, 0x0e2c,
    0x0e2d, 0x0e2e, 0x0e2f, 0x0e30, 0x0e31, 0x0e32, 0x0e33, 0x0e34, 0x0e35, 0x0e36, 0x0e37, 0x0e38, 0x0e39, 0x0e3a, 0x0e3b, 0x0e3c,
    0x0e3d, 0x0e3e, 0x0e3f, 0x0e40, 0x0e41, 0x0e42, 0x0e43, 0x0e44, 0x0e45, 0x0e46, 0x0e47, 0x0e48, 0x0e49, 0x0e4a, 0x0e4b, 0x0e4c,
    0x0e4d, 0x0e4e, 0x0e4f, 0x0e50, 0x0e51, 0x0e52, 0x0e53, 0x0e54, 0x0e55, 0x0e56, 0x0e57, 0x0e58, 0x0e59, 0x0e5a, 0x0e5b, 0x0e5c,
    0x0e5d, 0x0e5e, 0x0e5f, 0x0e60, 0x0e61, 0x0e62, 0x0e63, 0x0e64, 0x0e65, 0x0e66, 0x0e67, 0x0e68, 0x0e69, 0x0e6a, 0x0e6b, 0x0e6c,
    0x0e6d, 0x0e6e, 0x0e6f, 0x0e70, 0x0e71, 0x0e72, 0x0e73, 0x0e74, 0x0e75, 0x0e76, 0x0e77, 0x0e78, 0x0e79, 0x0e7a, 0x0e7b, 0x0e7c,
    0x0e7d, 0x0e7e, 0x0e7f, 0x0e80, 0x0e81, 0x0e82, 0x0e83, 0x0e84, 0x0e85, 0x0e86, 0x0e87, 0x0e88, 0x0e89, 0x0e8a, 0x0e8b, 0x0e8c,
    0x0e8d, 0x0e8e, 0x0e8f, 0x0e90, 0x0e91, 0x0e92, 0x0e93, 0x0e94, 0x0e95, 0x0e96, 0x0e97, 0x0e98, 0x0e99, 0x0e9a, 0x0e9b, 0x0e9c,
    0x0e9d, 0x0e9e, 0x0e9f, 0x0ea0, 0x0ea1, 0x0ea2, 0x0ea3, 0x0ea4, 0x0ea5, 0x0ea6, 0x0ea7, 0x0ea8, 0x0ea9, 0x0eaa, 0x0eab, 0x0eac,
    0x0ead, 0x0eae, 0x0eaf, 0x0eb0, 0x0eb1, 0x0eb2, 0x0eb3, 0x0eb4, 0x0eb5, 0x0eb6, 0x0eb7, 0x0eb8, 0x0eb9, 0x0eba, 0x0ebb, 0x0ebc,
    0x0ebd, 0x0ebe, 0x0ebf, 0x0ec0, 0x0ec1, 0x0ec2, 0x0ec3, 0x0ec4, 0x0ec5, 0x0ec6, 0x0ec7, 0x0ec8, 0x0ec9, 0x0eca, 0x0ecb, 0x0ecc,
    0x0ecd, 0x0ece, 0x0ecf, 0x0ed0, 0x0ed1, 0x0ed2, 0x0ed3, 0x0ed4, 0x0ed5, 0x0ed6, 0x0ed7, 0x0ed8, 0x0ed9, 0x0eda, 0x0edb, 0x0edc,
    0x0edd, 0x0ede, 0x0edf, 0x0ee0, 0x0ee1, 0x0ee2, 0x0ee3, 0x0ee4, 0x0ee5, 0x0ee6, 0x0ee7, 0x0ee8, 0x0ee9, 0x0eea, 0x0eeb, 0x0eec,
    0x0eed, 0x0eee, 0x0eef, 0x0ef0, 0x0ef1, 0x0ef2, 0x0ef3, 0x0ef4, 0x0ef5, 0x0ef6, 0x0ef7, 0x0ef8, 0x0ef9, 0x0efa, 0x0efb, 0x0efc,
    0x0efd, 0x0efe, 0x0eff, 0x0f00, 0x0f01, 0x0f02, 0x0f03, 0x0f04, 0x0f05, 0x0f06, 0x0f07, 0x0f08, 0x0f09, 0x0f0a, 0x0f0b, 0x0f0c,
    0x0f0d, 0x0f0e, 0x0f0f, 0x0f10, 0x0f11, 0x0f12, 0x0f13, 0x0f14, 0x0f15, 0x0f16, 0x0f17, 0x0f18, 0x0f19, 0x0f1a, 0x0f1b, 0x0f1c,
    0x0f1d, 0x0f1e, 0x0f1f, 0x0f20, 0x0f21, 0x0f22, 0x0f23, 0x0f24, 0x0f25, 0x0f26, 0x0f27, 0x0f28, 0x0f29, 0x0f2a, 0x0f2b, 0x0f2c,
    0x0f2d, 0x0f2e, 0x0f2f, 0x0f30, 0x0f31, 0x0f32, 0x0f33, 0x0f34, 0x0f35, 0x0f36, 0x0f37, 0x0f38, 0x0f39, 0x0f3a, 0x0f3b, 0x0f3c,
    0x0f3d, 0x0f3e, 0x0f3f, 0x0f40, 0x0f41, 0x0f42, 0x0f43, 0x0f44, 0x0f45, 0x0f46, 0x0f47, 0x0f48, 0x0f49, 0x0f4a, 0x0f4b, 0x0f4c,
    0x0f4d, 0x0f4e, 0x0f4f, 0x0f50, 0x0f51, 0x0f52, 0x0f53, 0x0f54, 0x0f55, 0x0f56, 0x0f57, 0x0f58, 0x0f59, 0x0f5a, 0x0f5b, 0x0f5c,
    0x0f5d, 0x0f5e, 0x0f5f, 0x0f60, 0x0f61, 0x0f62, 0x0f63, 0x0f64, 0x0f65, 0x0f66, 0x0f67, 0x0f68, 0x0f69, 0x0f6a, 0x0f6b, 0x0f6c,
    0x0f6d, 0x0f6e, 0x0f6f, 0x0f70, 0x0f71, 0x0f72, 0x0f73, 0x0f74, 0x0f75, 0x0f76, 0x0f77, 0x0f78, 0x0f79, 0x0f7a, 0x0f7b, 0x0f7c,
    0x0f7d, 0x0f7e, 0x0f7f, 0x0f80, 0x0f81, 0x0f82, 0x0f83, 0x0f84, 0x0f85, 0x0f86, 0x0f87, 0x0f88, 0x0f89, 0x0f8a, 0x0f8b, 0x0f8c,
    0x0f8d, 0x0f8e, 0x0f8f, 0x0f90, 0x0f91, 0x0f92, 0x0f93, 0x0f94, 0x0f95, 0x0f96, 0x0f97, 0x0f98, 0x0f99, 0x0f9a, 0x0f9b, 0x0f9c,
    0x0f9d, 0x0f9e, 0x0f9f, 0x0fa0, 0x0fa1, 0x0fa2, 0x0fa3, 0x0fa4, 0x0fa5, 0x0fa6, 0x0fa7, 0x0fa8, 0x0fa9, 0x0faa, 0x0fab, 0x0fac,
    0x0fad, 0x0fae, 0x0faf, 0x109b, 0x10a1, 0x10b2, 0x1156, 0x116f, 0x1192, 0x123e, 0x1243, 0x1259, 0x1271, 0x127e, 0x12d3, 0x12d4,
    0x12d7, 0x12da, 0x12db, 0x12dc, 0x12dd, 0x12de, 0x12df, 0x12e1, 0x12e2, 0x12e3, 0x12e4, 0x12e5, 0x12e7, 0x12e8, 0x12e9, 0x12ea,
    0x12ec, 0x12ee, 0x12ef, 0x12f1, 0x12f5, 0x12f9, 0x12fb, 0x12fc, 0x12fd, 0x12ff, 0x1300, 0x1304, 0x1305, 0x1306, 0x1307, 0x1308,
    0x130a, 0x130f, 0x131b, 0x131f, 0x1320, 0x1321, 0x1323, 0x1324, 0x1325, 0x1326, 0x1327, 0x1328, 0x132a, 0x132b, 0x132c, 0x132d,
    0x132e, 0x132f, 0x1330, 0x1331, 0x1332, 0x1333, 0x1334, 0x1336, 0x1337, 0x133b, 0x133c, 0x133e, 0x133f, 0x1341, 0x1342, 0x1343,
    0x1344, 0x1345, 0x1346, 0x1347, 0x1348, 0x134d, 0x134e, 0x134f, 0x1350, 0x1351, 0x1352, 0x1354, 0x1355, 0x13ff, 0x1415, 0x141c,
    0x1422, 0x1425, 0x148d, 0x14a2, 0x14fe, 0x1517, 0x1670, 0x168f, 0x16ae, 0x170c, 0x173c, 0x175b, 0x17c1, 0x17c3, 0x17d6, 0x1804,
    0x180b, 0x1872, 0x188c, 0x18cc, 0x1990, 0x199a, 0x19a2, 0x1a05, 0x1a08, 0x1a09, 0x1a10, 0x1a12, 0x1a13, 0x1a1b, 0x1a25, 0x1a27,
    0x1a29, 0x1a2d, 0x1a51, 0x1a52, 0x1a53, 0x1a55, 0x1a56, 0x1a59, 0x1a5c, 0x1a62, 0x1a64, 0x1a65, 0x1a66, 0x1a68, 0x1a6c, 0x1a6d,
    0x1a71, 0x1a79, 0x1a7b, 0x1a7c, 0x1a7f, 0x1a87, 0x1a8b, 0x1a8e, 0x1a91, 0x1a94, 0x1a96, 0x1a99, 0x1a9a, 0x1a9b, 0x1a9d, 0x1a9f,
    0x1aa0, 0x1aa1, 0x1aa4, 0x1aa6, 0x1aa7, 0x1aaa, 0x1aab, 0x1aac, 0x1aae, 0x1ab4, 0x1ab9, 0x1abc, 0x1abd, 0x1abf, 0x1ac0, 0x1ac3,
    0x1ad2, 0x1ad4, 0x1ad9, 0x1ada, 0x1ade, 0x1ae0, 0x1ae2, 0x1ae3, 0x1ae6, 0x1af2, 0x1af7, 0x1af9, 0x1b0a, 0x1b58, 0x1b59, 0x1b61,
    0x1b62, 0x1b68, 0x1b6a, 0x1b6c, 0x1b6f, 0x1b76, 0x1b7b, 0x1b9b, 0x1bc6, 0x1bee, 0x1c12, 0x1c21, 0x1c24, 0x1c29, 0x1c2b, 0x1c2f,
    0x1c32, 0x1c34, 0x1c35, 0x1c45, 0x1c46, 0x1c48, 0x1c4c, 0x1c4d, 0x1c51, 0x1c52, 0x1c57, 0x1c5a, 0x1c5b, 0x1c5c, 0x1c5d, 0x1c63,
    0x1c8f, 0x1c90, 0x1c93, 0x1c98, 0x1c99, 0x1c9a, 0x1c9b, 0x1c9e, 0x1ca1, 0x1ca3, 0x1ca9, 0x1caa, 0x1cae, 0x1caf, 0x1cb2, 0x1cb3,
    0x1cbe, 0x1cc6, 0x1cc7, 0x1cca, 0x1ccd, 0x1cd0, 0x1cd1, 0x1ce0, 0x1ce1, 0x1ce3, 0x1ce8, 0x1ce9, 0x1cea, 0x1d35, 0x1d80, 0x1eda,
    0x1f17, 0x1f2c, 0x1f80, 0x1fc7, 0x2089, 0x208b, 0x20ab, 0x20bb, 0x20c6, 0x212c, 0x2141, 0x21ae, 0x21af, 0x21f3, 0x2272, 0x01bc,
    0x01bd, 0x01be, 0x01bf, 0x01c0, 0x01c1, 0x01c2, 0x01c3, 0x01c4, 0x01c5, 0x01c6, 0x01c7, 0x01c8, 0x01c9, 0x01ca, 0x01cb, 0x01cc,
    0x01cd, 0x01ce, 0x01cf, 0x01d0, 0x01d1, 0x01d2, 0x01d3, 0x01d4, 0x01d5, 0x01d6, 0x01d7, 0x01d8, 0x01d9, 0x01da, 0x01db, 0x01dc,
    0x01dd, 0x01de, 0x01df, 0x01e0, 0x01e1, 0x01e2, 0x01e3, 0x01e4, 0x01e5, 0x01e6, 0x01e7, 0x01e8, 0x01e9, 0x01ea, 0x01eb, 0x01ec,
    0x01ed, 0x01ee, 0x01ef, 0x01f0, 0x01f1, 0x01f2, 0x01f3, 0x01f4, 0x01f5, 0x01f6, 0x010b, 0x01f8, 0x01f9, 0x01fa, 0x01fb, 0x01fc,
    0x01fd, 0x01fe, 0x01ff, 0x0200, 0x0201, 0x0202, 0x0203, 0x0204, 0x0205, 0x0206, 0x0207, 0x0208, 0x0209, 0x020a, 0x020b, 0x020c,
    0x020d, 0x020e, 0x020f, 0x0210, 0x0211, 0x0212, 0x0213, 0x0214, 0x0215, 0x0216, 0x0217, 0x0218, 0x0163, 0x012a, 0x012b, 0x015d,
    0x0219, 0x012c, 0x01f7,
];
pub static EXTRA: [(u32, u32, u8); 1] = [
    (0x20a9, 0xa3dc, 2),
];
pub static RDEC: [(u32, u32, u32); 0] = [
];
pub static RENC: [(u32, u32, u32); 0] = [
];

pub static MB: Mb = Mb {
    sets: &[
        Set { prefix: &[], lead_lo: 0x0, lead_hi: 0xff, trail_lo: 0x0, trail_hi: 0x0, nbytes: 1, base: 0, data: &D0 },
        Set { prefix: &[], lead_lo: 0xa1, lead_hi: 0xfe, trail_lo: 0xa1, trail_hi: 0xfe, nbytes: 2, base: 256, data: &D1 },
    ],
    wide: &WIDE,
    enc_cp: &ENC_CP,
    enc_pos: &ENC_POS,
    extra: &EXTRA,
    runs_dec: &RDEC,
    runs_enc: &RENC,
};
