use crate::mb::{Mb, Set};

pub static D0: [u16; 256] = [
    0xfffe, 0x0001, 0x0002, 0x0003, 0x0004, 0x0005, 0x0006, 0x0007, 0x0008, 0x0009, 0x000a, 0x000b, 0x000c, 0x000d, 0x000e, 0x000f,
    0x0010, 0x0011, 0x0012, 0x0013, 0x0014, 0x0015, 0x0016, 0x0017, 0x0018, 0x0019, 0x001a, 0x001b, 0x001c, 0x001d, 0x001e, 0x001f,
    0x0020, 0x0021, 0x0022, 0x0023, 0x0024, 0x0025, 0x0026, 0x0027, 0x0028, 0x0029, 0x002a, 0x002b, 0x002c, 0x002d, 0x002e, 0x002f,
    0x0030, 0x0031, 0x0032, 0x0033, 0x0034, 0x0035, 0x0036, 0x0037, 0x0038, 0x0039, 0x003a, 0x003b, 0x003c, 0x003d, 0x003e, 0x003f,
    0x0040, 0x0041, 0x0042, 0x0043, 0x0044, 0x0045, 0x0046, 0x0047, 0x0048, 0x0049, 0x004a, 0x004b, 0x004c, 0x004d, 0x004e, 0x004f,
    0x0050, 0x0051, 0x0052, 0x0053, 0x0054, 0x0055, 0x0056, 0x0057, 0x0058, 0x0059, 0x005a, 0x005b, 0x005c, 0x005d, 0x005e, 0x005f,
    0x0060, 0x0061, 0x0062, 0x0063, 0x0064, 0x0065, 0x0066, 0x0067, 0x0068, 0x0069, 0x006a, 0x006b, 0x006c, 0x006d, 0x006e, 0x006f,
    0x0070, 0x0071, 0x0072, 0x0073, 0x0074, 0x0075, 0x0076, 0x0077, 0x0078, 0x0079, 0x007a, 0x007b, 0x007c, 0x007d, 0x007e, 0x007f,
    0x0000, 0x0000, 0x0000, 0x0000, 0x0000, 0x0000, 0x0000, 0x0000, 0x0000, 0x0000, 0x0000, 0x0000, 0x0000, 0x0000, 0x0000, 0x0000,
    0x0000, 0x0000, 0x0000, 0x0000, 0x0000, 0x0000, 0x0000, 0x0000, 0x0000, 0x0000, 0x0000, 0x0000, 0x0000, 0x0000, 0x0000, 0x0000,
    0x0000, 0x0000, 0x0000, 0x0000, 0x0000, 0x0000, 0x0000, 0x0000, 0x0000, 0x0000, 0x0000, 0x0000, 0x0000, 0x0000, 0x0000, 0x0000,
    0x0000, 0x0000, 0x0000, 0x0000, 0x0000, 0x0000, 0x0000, 0x0000, 0x0000, 0x0000, 0x0000, 0x0000, 0x0000, 0x0000, 0x0000, 0x0000,
    0x0000, 0x0000, 0x0000, 0x0000, 0x0000, 0x0000, 0x0000, 0x0000, 0x0000, 0x0000, 0x0000, 0x0000, 0x0000, 0x0000, 0x0000, 0x0000,
    0x0000, 0x0000, 0x0000, 0x0000, 0x0000, 0x0000, 0x0000, 0x0000, 0x0000, 0x0000, 0x0000, 0x0000, 0x0000, 0x0000, 0x0000, 0x0000,
    0x0000, 0x0000, 0x0000, 0x0000, 0x0000, 0x0000, 0x0000, 0x0000, 0x0000, 0x0000, 0x0000, 0x0000, 0x0000, 0x0000, 0x0000, 0x0000,
    0x0000, 0x0000, 0x0000, 0x0000, 0x0000, 0x0000, 0x0000, 0x0000, 0x0000, 0x0000, 0x0000, 0x0000, 0x0000, 0x0000, 0x0000, 0x0000,
];
pub static D1: [u16; 63] = [
    0xff61, 0xff62, 0xff63, 0xff64, 0xff65, 0xff66, 0xff67, 0xff68, 0xff69, 0xff6a, 0xff6b, 0xff6c, 0xff6d, 0xff6e, 0xff6f, 0xff70,
    0xff71, 0xff72, 0xff73, 0xff74, 0xff75, 0xff76, 0xff77, 0xff78, 0xff79, 0xff7a, 0xff7b, 0xff7c, 0xff7d, 0xff7e, 0xff7f, 0xff80,
    0xff81, 0xff82, 0xff83, 0xff84, 0xff85, 0xff86, 0xff87, 0xff88, 0xff89, 0xff8a, 0xff8b, 0xff8c, 0xff8d, 0xff8e, 0xff8f, 0xff90,
    0xff91, 0xff92, 0xff93, 0xff94, 0xff95, 0xff96, 0xff97, 0xff98, 0xff99, 0xff9a, 0xff9b, 0xff9c, 0xff9d, 0xff9e, 0xff9f,
];
pub static D2: [u16; 8836] = [
    0x3000, 0x3001, 0x3002, 0xff0c, 0xff0e, 0x30fb, 0xff1a, 0xff1b, 0xff1f, 0xff01, 0x309b, 0x309c, 0x00b4, 0xff40, 0x00a8, 0xff3e,
    0xffe3, 0xff3f, 0x30fd, 0x30fe, 0x309d, 0x309e, 0x3003, 0x4edd, 0x3005, 0x3006, 0x3007, 0x30fc, 0x2014, 0x2010, 0xff0f, 0xff3c,
    0x301c, 0x2016, 0xff5c, 0x2026, 0x2025, 0x2018, 0x2019, 0x201c, 0x201d, 0xff08, 0xff09, 0x3014, 0x3015, 0xff3b, 0xff3d, 0xff5b,
    0xff5d, 0x3008, 0x3009, 0x300a, 0x300b, 0x300c, 0x300d, 0x300e, 0x300f, 0x3010, 0x3011, 0xff0b, 0x2212, 0x00b1, 0x00d7, 0x00f7,
    0xff1d, 0x2260, 0xff1c, 0xff1e, 0x2266, 0x2267, 0x221e, 0x2234, 0x2642, 0x2640, 0x00b0, 0x2032, 0x2033, 0x2103, 0xffe5, 0xff04,
    0x00a2, 0x00a3, 0xff05, 0xff03, 0xff06, 0xff0a, 0xff20, 0x00a7, 0x2606, 0x2605, 0x25cb, 0x25cf, 0x25ce, 0x25c7, 0x25c6, 0x25a1,
    0x25a0, 0x25b3, 0x25b2, 0x25bd, 0x25bc, 0x203b, 0x3012, 0x2192, 0x2190, 0x2191, 0x2193, 0x3013, 0xff07, 0xff02, 0xff0d, 0xff5e,
    0x3033, 0x3034, 0x3035, 0x303b, 0x303c, 0x30ff, 0x309f, 0x2208, 0x220b, 0x2286, 0x2287, 0x2282, 0x2283, 0x222a, 0x2229, 0x2284,
    0x2285, 0x228a, 0x228b, 0x2209, 0x2205, 0x2305, 0x2306, 0x2227, 0x2228, 0x00ac, 0x21d2, 0x21d4, 0x2200, 0x2203, 0x2295, 0x2296,
    0x2297, 0x2225, 0x2226, 0xff5f, 0xff60, 0x3018, 0x3019, 0x3016, 0x3017, 0x2220, 0x22a5, 0x2312, 0x2202, 0x2207, 0x2261, 0x2252,
    0x226a, 0x226b, 0x221a, 0x223d, 0x221d, 0x2235, 0x222b, 0x222c, 0x2262, 0x2243, 0x2245, 0x2248, 0x2276, 0x2277, 0x2194, 0x212b,
    0x2030, 0x266f, 0x266d, 0x266a, 0x2020, 0x2021, 0x00b6, 0x266e, 0x266b, 0x266c, 0x2669, 0x25ef, 0x25b7, 0x25b6, 0x25c1, 0x25c0,
    0x2197, 0x2198, 0x2196, 0x2199, 0x21c4, 0x21e8, 0x21e6, 0x21e7, 0x21e9, 0x2934, 0x2935, 0xff10, 0xff11, 0xff12, 0xff13, 0xff14,
    0xff15, 0xff16, 0xff17, 0xff18, 0xff19, 0x29bf, 0x25c9, 0x303d, 0xfe46, 0xfe45, 0x25e6, 0x2022, 0xff21, 0xff22, 0xff23, 0xff24,
    0xff25, 0xff26, 0xff27, 0xff28, 0xff29, 0xff2a, 0xff2b, 0xff2c, 0xff2d, 0xff2e, 0xff2f, 0xff30, 0xff31, 0xff32, 0xff33, 0xff34,
    0xff35, 0xff36, 0xff37, 0xff38, 0xff39, 0xff3a, 0x2213, 0x2135, 0x210f, 0x33cb, 0x2113, 0x2127, 0xff41, 0xff42, 0xff43, 0xff44,
    0xff45, 0xff46, 0xff47, 0xff48, 0xff49, 0xff4a, 0xff4b, 0xff4c, 0xff4d, 0xff4e, 0xff4f, 0xff50, 0xff51, 0xff52, 0xff53, 0xff54,
    0xff55, 0xff56, 0xff57, 0xff58, 0xff59, 0xff5a, 0x30a0, 0x2013, 0x29fa, 0x29fb, 0x3041, 0x3042, 0x3043, 0x3044, 0x3045, 0x3046,
    0x3047, 0x3048, 0x3049, 0x304a, 0x304b, 0x304c, 0x304d, 0x304e, 0x304f, 0x3050, 0x3051, 0x3052, 0x3053, 0x3054, 0x3055, 0x3056,
    0x3057, 0x3058, 0x3059, 0x305a, 0x305b, 0x305c, 0x305d, 0x305e, 0x305f, 0x3060, 0x3061, 0x3062, 0x3063, 0x3064, 0x3065, 0x3066,
    0x3067, 0x3068, 0x3069, 0x306a, 0x306b, 0x306c, 0x306d, 0x306e, 0x306f, 0x3070, 0x3071, 0x3072, 0x3073, 0x3074, 0x3075, 0x3076,
    0x3077, 0x3078, 0x3079, 0x307a, 0x307b, 0x307c, 0x307d, 0x307e, 0x307f, 0x3080, 0x3081, 0x3082, 0x3083, 0x3084, 0x3085, 0x3086,
    0x3087, 0x3088, 0x3089, 0x308a, 0x308b, 0x308c, 0x308d, 0x308e, 0x308f, 0x3090, 0x3091, 0x3092, 0x3093, 0x3094, 0x3095, 0x3096,
    0x0000, 0x0000, 0x0000, 0x0000, 0x0000, 0x0000, 0x0000, 0x0000, 0x30a1, 0x30a2, 0x30a3, 0x30a4, 0x30a5, 0x30a6, 0x30a7, 0x30a8,
    0x30a9, 0x30aa, 0x30ab, 0x30ac, 0x30ad, 0x30ae, 0x30af, 0x30b0, 0x30b1, 0x30b2, 0x30b3, 0x30b4, 0x30b5, 0x30b6, 0x30b7, 0x30b8,
    0x30b9, 0x30ba, 0x30bb, 0x30bc, 0x30bd, 0x30be, 0x30bf, 0x30c0, 0x30c1, 0x30c2, 0x30c3, 0x30c4, 0x30c5, 0x30c6, 0x30c7, 0x30c8,
    0x30c9, 0x30ca, 0x30cb, 0x30cc, 0x30cd, 0x30ce, 0x30cf, 0x30d0, 0x30d1, 0x30d2, 0x30d3, 0x30d4, 0x30d5, 0x30d6, 0x30d7, 0x30d8,
    0x30d9, 0x30da, 0x30db, 0x30dc, 0x30dd, 0x30de, 0x30df, 0x30e0, 0x30e1, 0x30e2, 0x30e3, 0x30e4, 0x30e5, 0x30e6, 0x30e7, 0x30e8,
    0x30e9, 0x30ea, 0x30eb, 0x30ec, 0x30ed, 0x30ee, 0x30ef, 0x30f0, 0x30f1, 0x30f2, 0x30f3, 0x30f4, 0x30f5, 0x30f6, 0x0000, 0x0000,
    0x0000, 0x0000, 0x0000, 0x0000, 0x0000, 0x0000, 0x0391, 0x0392, 0x0393, 0x0394, 0x0395, 0x0396, 0x0397, 0x0398, 0x0399, 0x039a,
    0x039b, 0x039c, 0x039d, 0x039e, 0x039f, 0x03a0, 0x03a1, 0x03a3, 0x03a4, 0x03a5, 0x03a6, 0x03a7, 0x03a8, 0x03a9, 0x2664, 0x2660,
    0x2662, 0x2666, 0x2661, 0x2665, 0x2667, 0x2663, 0x03b1, 0x03b2, 0x03b3, 0x03b4, 0x03b5, 0x03b6, 0x03b7, 0x03b8, 0x03b9, 0x03ba,
    0x03bb, 0x03bc, 0x03bd, 0x03be, 0x03bf, 0x03c0, 0x03c1, 0x03c3, 0x03c4, 0x03c5, 0x03c6, 0x03c7, 0x03c8, 0x03c9, 0x03c2, 0x24f5,
    0x24f6, 0x24f7, 0x24f8, 0x24f9, 0x24fa, 0x24fb, 0x24fc, 0x24fd, 0x24fe, 0x2616, 0x2617, 0x3020, 0x260e, 0x2600, 0x2601, 0x2602,
    0x2603, 0x2668, 0x25b1, 0x31f0, 0x31f1, 0x31f2, 0x31f3, 0x31f4, 0x31f5, 0x31f6, 0x31f7, 0x31f8, 0x31f9, 0x0000, 0x31fa, 0x31fb,
    0x31fc, 0x31fd, 0x31fe, 0x31ff, 0x0410, 0x0411, 0x0412, 0x0413, 0x0414, 0x0415, 0x0401, 0x0416, 0x0417, 0x0418, 0x0419, 0x041a,
    0x041b, 0x041c, 0x041d, 0x041e, 0x041f, 0x0420, 0x0421, 0x0422, 0x0423, 0x0424, 0x0425, 0x0426, 0x0427, 0x0428, 0x0429, 0x042a,
    0x042b, 0x042c, 0x042d, 0x042e, 0x042f, 0x23be, 0x23bf, 0x23c0, 0x23c1, 0x23c2, 0x23c3, 0x23c4, 0x23c5, 0x23c6, 0x23c7, 0x23c8,
    0x23c9, 0x23ca, 0x23cb, 0x23cc, 0x0430, 0x0431, 0x0432, 0x0433, 0x0434, 0x0435, 0x0451, 0x0436, 0x0437, 0x0438, 0x0439, 0x043a,
    0x043b, 0x043c, 0x043d, 0x043e, 0x043f, 0x0440, 0x0441, 0x0442, 0x0443, 0x0444, 0x0445, 0x0446, 0x0447, 0x0448, 0x0449, 0x044a,
    0x044b, 0x044c, 0x044d, 0x044e, 0x044f, 0x30f7, 0x30f8, 0x30f9, 0x30fa, 0x22da, 0x22db, 0x2153, 0x2154, 0x2155, 0x2713, 0x2318,
    0x2423, 0x23ce, 0x2500, 0x2502, 0x250c, 0x2510, 0x2518, 0x2514, 0x251c, 0x252c, 0x2524, 0x2534, 0x253c, 0x2501, 0x2503, 0x250f,
    0x2513, 0x251b, 0x2517, 0x2523, 0x2533, 0x252b, 0x253b, 0x254b, 0x2520, 0x252f, 0x2528, 0x2537, 0x253f, 0x251d, 0x2530, 0x2525,
    0x2538, 0x2542, 0x3251, 0x3252, 0x3253, 0x3254, 0x3255, 0x3256, 0x3257, 0x3258, 0x3259, 0x325a, 0x325b, 0x325c, 0x325d, 0x325e,
    0x325f, 0x32b1, 0x32b2, 0x32b3, 0x32b4, 0x32b5, 0x32b6, 0x32b7, 0x32b8, 0x32b9, 0x32ba, 0x32bb, 0x32bc, 0x32bd, 0x32be, 0x32bf,
    0x0000, 0x0000, 0x0000, 0x0000, 0x0000, 0x0000, 0x0000, 0x0000, 0x25d0, 0x25d1, 0x25d2, 0x25d3, 0x203c, 0x2047, 0x2048, 0x2049,
    0x01cd, 0x01ce, 0x01d0, 0x1e3e, 0x1e3f, 0x01f8, 0x01f9, 0x01d1, 0x01d2, 0x01d4, 0x01d6, 0x01d8, 0x01da, 0x01dc, 0x0000, 0x0000,
    0x20ac, 0x00a0, 0x00a1, 0x00a4, 0x00a6, 0x00a9, 0x00aa, 0x00ab, 0x00ad, 0x00ae, 0x00af, 0x00b2, 0x00b3, 0x00b7, 0x00b8, 0x00b9,
    0x00ba, 0x00bb, 0x00bc, 0x00bd, 0x00be, 0x00bf, 0x00c0, 0x00c1, 0x00c2, 0x00c3, 0x00c4, 0x00c5, 0x00c6, 0x00c7, 0x00c8, 0x00c9,
    0x00ca, 0x00cb, 0x00cc, 0x00cd, 0x00ce, 0x00cf, 0x00d0, 0x00d1, 0x00d2, 0x00d3, 0x00d4, 0x00d5, 0x00d6, 0x00d8, 0x00d9, 0x00da,
    0x00db, 0x00dc, 0x00dd, 0x00de, 0x00df, 0x00e0, 0x00e1, 0x00e2, 0x00e3, 0x00e4, 0x00e5, 0x00e6, 0x00e7, 0x00e8, 0x00e9, 0x00ea,
    0x00eb, 0x00ec, 0x00ed, 0x00ee, 0x00ef, 0x00f0, 0x00f1, 0x00f2, 0x00f3, 0x00f4, 0x00f5, 0x00f6, 0x00f8, 0x00f9, 0x00fa, 0x00fb,
    0x00fc, 0x00fd, 0x00fe, 0x00ff, 0x0100, 0x012a, 0x016a, 0x0112, 0x014c, 0x0101, 0x012b, 0x016b, 0x0113, 0x014d, 0x0104, 0x02d8,
    0x0141, 0x013d, 0x015a, 0x0160, 0x015e, 0x0164, 0x0179, 0x017d, 0x017b, 0x0105, 0x02db, 0x0142, 0x013e, 0x015b, 0x02c7, 0x0161,
    0x015f, 0x0165, 0x017a, 0x02dd, 0x017e, 0x017c, 0x0154, 0x0102, 0x0139, 0x0106, 0x010c, 0x0118, 0x011a, 0x010e, 0x0143, 0x0147,
    0x0150, 0x0158, 0x016e, 0x0170, 0x0162, 0x0155, 0x0103, 0x013a, 0x0107, 0x010d, 0x0119, 0x011b, 0x010f, 0x0111, 0x0144, 0x0148,
    0x0151, 0x0159, 0x016f, 0x0171, 0x0163, 0x02d9, 0x0108, 0x011c, 0x0124, 0x0134, 0x015c, 0x016c, 0x0109, 0x011d, 0x0125, 0x0135,
    0x015d, 0x016d, 0x0271, 0x028b, 0x027e, 0x0283, 0x0292, 0x026c, 0x026e, 0x0279, 0x0288, 0x0256, 0x0273, 0x027d, 0x0282, 0x0290,
    0x027b, 0x026d, 0x025f, 0x0272, 0x029d, 0x028e, 0x0261, 0x014b, 0x0270, 0x0281, 0x0127, 0x0295, 0x0294, 0x0266, 0x0298, 0x01c2,
    0x0253, 0x0257, 0x0284, 0x0260, 0x0193, 0x0153, 0x0152, 0x0268, 0x0289, 0x0258, 0x0275, 0x0259, 0x025c, 0x025e, 0x0250, 0x026f,
    0x028a, 0x0264, 0x028c, 0x0254, 0x0251, 0x0252, 0x028d, 0x0265, 0x02a2, 0x02a1, 0x0255, 0x0291, 0x027a, 0x0267, 0x025a, 0x0000,
    0x01fd, 0x1f70, 0x1f71, 0x0000, 0x0000, 0x0000, 0x0000, 0x0000, 0x0000, 0x0000, 0x0000, 0x1f72, 0x1f73, 0x0361, 0x02c8, 0x02cc,
    0x02d0, 0x02d1, 0x0306, 0x203f, 0x030b, 0x0301, 0x0304, 0x0300, 0x030f, 0x030c, 0x0302, 0x02e5, 0x02e6, 0x02e7, 0x02e8, 0x02e9,
    0x0000, 0x0000, 0x0325, 0x032c, 0x0339, 0x031c, 0x031f, 0x0320, 0x0308, 0x033d, 0x0329, 0x032f, 0x02de, 0x0324, 0x0330, 0x033c,
    0x0334, 0x031d, 0x031e, 0x0318, 0x0319, 0x032a, 0x033a, 0x033b, 0x0303, 0x031a, 0x2776, 0x2777, 0x2778, 0x2779, 0x277a, 0x277b,
    0x277c, 0x277d, 0x277e, 0x277f, 0x24eb, 0x24ec, 0x24ed, 0x24ee, 0x24ef, 0x24f0, 0x24f1, 0x24f2, 0x24f3, 0x24f4, 0x2170, 0x2171,
    0x2172, 0x2173, 0x2174, 0x2175, 0x2176, 0x2177, 0x2178, 0x2179, 0x217a, 0x217b, 0x24d0, 0x24d1, 0x24d2, 0x24d3, 0x24d4, 0x24d5,
    0x24d6, 0x24d7, 0x24d8, 0x24d9, 0x24da, 0x24db, 0x24dc, 0x24dd, 0x24de, 0x24df, 0x24e0, 0x24e1, 0x24e2, 0x24e3, 0x24e4, 0x24e5,
    0x24e6, 0x24e7, 0x24e8, 0x24e9, 0x32d0, 0x32d1, 0x32d2, 0x32d3, 0x32d4, 0x32d5, 0x32d6, 0x32d7, 0x32d8, 0x32d9, 0x32da, 0x32db,
    0x32dc, 0x32dd, 0x32de, 0x32df, 0x32e0, 0x32e1, 0x32e2, 0x32e3, 0x32fa, 0x32e9, 0x32e5, 0x32ed, 0x32ec, 0x0000, 0x0000, 0x0000,
    0x0000, 0x0000, 0x0000, 0x0000, 0x0000, 0x0000, 0x2051, 0x2042, 0x2460, 0x2461, 0x2462, 0x2463, 0x2464, 0x2465, 0x2466, 0x2467,
    0x2468, 0x2469, 0x246a, 0x246b, 0x246c, 0x246d, 0x246e, 0x246f, 0x2470, 0x2471, 0x2472, 0x2473, 0x2160, 0x2161, 0x2162, 0x2163,
    0x2164, 0x2165, 0x2166, 0x2167, 0x2168, 0x2169, 0x216a, 0x3349, 0x3314, 0x3322, 0x334d, 0x3318, 0x3327, 0x3303, 0x3336, 0x3351,
    0x3357, 0x330d, 0x3326, 0x3323, 0x332b, 0x334a, 0x333b, 0x339c, 0x339d, 0x339e, 0x338e, 0x338f, 0x33c4, 0x33a1, 0x216b, 0x0000,
    0x0000, 0x0000, 0x0000, 0x0000, 0x0000, 0x0000, 0x337b, 0x301d, 0x301f, 0x2116, 0x33cd, 0x2121, 0x32a4, 0x32a5, 0x32a6, 0x32a7,
    0x32a8, 0x3231, 0x3232, 0x3239, 0x337e, 0x337d, 0x337c, 0x0000, 0x0000, 0x0000, 0x222e, 0x0000, 0x0000, 0x0000, 0x0000, 0x221f,
    0x22bf, 0x0000, 0x0000, 0x0000, 0x2756, 0x261e, 0x4ff1, 0xffff, 0x3402, 0x4e28, 0x4e2f, 0x4e30, 0x4e8d, 0x4ee1, 0x4efd, 0x4eff,
    0x4f03, 0x4f0b, 0x4f60, 0x4f48, 0x4f49, 0x4f56, 0x4f5f, 0x4f6a, 0x4f6c, 0x4f7e, 0x4f8a, 0x4f94, 0x4f97, 0xfa30, 0x4fc9, 0x4fe0,
    0x5001, 0x5002, 0x500e, 0x5018, 0x5027, 0x502e, 0x5040, 0x503b, 0x5041, 0x5094, 0x50cc, 0x50f2, 0x50d0, 0x50e6, 0xfa31, 0x5106,
    0x5103, 0x510b, 0x511e, 0x5135, 0x514a, 0xfa32, 0x5155, 0x5157, 0x34b5, 0x519d, 0x51c3, 0x51ca, 0x51de, 0x51e2, 0x51ee, 0x5201,
    0x34db, 0x5213, 0x5215, 0x5249, 0x5257, 0x5261, 0x5293, 0x52c8, 0xfa33, 0x52cc, 0x52d0, 0x52d6, 0x52db, 0xfa34, 0x52f0, 0x52fb,
    0x5300, 0x5307, 0x531c, 0xfa35, 0x5361, 0x5363, 0x537d, 0x5393, 0x539d, 0x53b2, 0x5412, 0x5427, 0x544d, 0x549c, 0x546b, 0x5474,
    0x547f, 0x5488, 0x5496, 0x54a1, 0x54a9, 0x54c6, 0x54ff, 0x550e, 0x552b, 0x5535, 0x5550, 0x555e, 0x5581, 0x5586, 0x558e, 0xfa36,
    0x55ad, 0x55ce, 0xfa37, 0x5608, 0x560e, 0x563b, 0x5649, 0x5676, 0x5666, 0xfa38, 0x566f, 0x5671, 0x5672, 0x5699, 0x569e, 0x56a9,
    0x56ac, 0x56b3, 0x56c9, 0x56ca, 0x570a, 0xffff, 0x5721, 0x572f, 0x5733, 0x5734, 0x5770, 0x5777, 0x577c, 0x579c, 0xfa0f, 0xffff,
    0x57b8, 0x57c7, 0x57c8, 0x57cf, 0x57e4, 0x57ed, 0x57f5, 0x57f6, 0x57ff, 0x5809, 0xfa10, 0x5861, 0x5864, 0xfa39, 0x587c, 0x5889,
    0x589e, 0xfa3a, 0x58a9, 0xffff, 0x58d2, 0x58ce, 0x58d4, 0x58da, 0x58e0, 0x58e9, 0x590c, 0x8641, 0x595d, 0x596d, 0x598b, 0x5992,
    0x59a4, 0x59c3, 0x59d2, 0x59dd, 0x5a13, 0x5a23, 0x5a67, 0x5a6d, 0x5a77, 0x5a7e, 0x5a84, 0x5a9e, 0x5aa7, 0x5ac4, 0xffff, 0x5b19,
    0x5b25, 0x525d, 0x4e9c, 0x5516, 0x5a03, 0x963f, 0x54c0, 0x611b, 0x6328, 0x59f6, 0x9022, 0x8475, 0x831c, 0x7a50, 0x60aa, 0x63e1,
    0x6e25, 0x65ed, 0x8466, 0x82a6, 0x9bf5, 0x6893, 0x5727, 0x65a1, 0x6271, 0x5b9b, 0x59d0, 0x867b, 0x98f4, 0x7d62, 0x7dbe, 0x9b8e,
    0x6216, 0x7c9f, 0x88b7, 0x5b89, 0x5eb5, 0x6309, 0x6697, 0x6848, 0x95c7, 0x978d, 0x674f, 0x4ee5, 0x4f0a, 0x4f4d, 0x4f9d, 0x5049,
    0x56f2, 0x5937, 0x59d4, 0x5a01, 0x5c09, 0x60df, 0x610f, 0x6170, 0x6613, 0x6905, 0x70ba, 0x754f, 0x7570, 0x79fb, 0x7dad, 0x7def,
    0x80c3, 0x840e, 0x8863, 0x8b02, 0x9055, 0x907a, 0x533b, 0x4e95, 0x4ea5, 0x57df, 0x80b2, 0x90c1, 0x78ef, 0x4e00, 0x58f1, 0x6ea2,
    0x9038, 0x7a32, 0x8328, 0x828b, 0x9c2f, 0x5141, 0x5370, 0x54bd, 0x54e1, 0x56e0, 0x59fb, 0x5f15, 0x98f2, 0x6deb, 0x80e4, 0x852d,
    0x9662, 0x9670, 0x96a0, 0x97fb, 0x540b, 0x53f3, 0x5b87, 0x70cf, 0x7fbd, 0x8fc2, 0x96e8, 0x536f, 0x9d5c, 0x7aba, 0x4e11, 0x7893,
    0x81fc, 0x6e26, 0x5618, 0x5504, 0x6b1d, 0x851a, 0x9c3b, 0x59e5, 0x53a9, 0x6d66, 0x74dc, 0x958f, 0x5642, 0x4e91, 0x904b, 0x96f2,
    0x834f, 0x990c, 0x53e1, 0x55b6, 0x5b30, 0x5f71, 0x6620, 0x66f3, 0x6804, 0x6c38, 0x6cf3, 0x6d29, 0x745b, 0x76c8, 0x7a4e, 0x9834,
    0x82f1, 0x885b, 0x8a60, 0x92ed, 0x6db2, 0x75ab, 0x76ca, 0x99c5, 0x60a6, 0x8b01, 0x8d8a, 0x95b2, 0x698e, 0x53ad, 0x5186, 0x5712,
    0x5830, 0x5944, 0x5bb4, 0x5ef6, 0x6028, 0x63a9, 0x63f4, 0x6cbf, 0x6f14, 0x708e, 0x7114, 0x7159, 0x71d5, 0x733f, 0x7e01, 0x8276,
    0x82d1, 0x8597, 0x9060, 0x925b, 0x9d1b, 0x5869, 0x65bc, 0x6c5a, 0x7525, 0x51f9, 0x592e, 0x5965, 0x5f80, 0x5fdc, 0x62bc, 0x65fa,
    0x6a2a, 0x6b27, 0x6bb4, 0x738b, 0x7fc1, 0x8956, 0x9d2c, 0x9d0e, 0x9ec4, 0x5ca1, 0x6c96, 0x837b, 0x5104, 0x5c4b, 0x61b6, 0x81c6,
    0x6876, 0x7261, 0x4e59, 0x4ffa, 0x5378, 0x6069, 0x6e29, 0x7a4f, 0x97f3, 0x4e0b, 0x5316, 0x4eee, 0x4f55, 0x4f3d, 0x4fa1, 0x4f73,
    0x52a0, 0x53ef, 0x5609, 0x590f, 0x5ac1, 0x5bb6, 0x5be1, 0x79d1, 0x6687, 0x679c, 0x67b6, 0x6b4c, 0x6cb3, 0x706b, 0x73c2, 0x798d,
    0x79be, 0x7a3c, 0x7b87, 0x82b1, 0x82db, 0x8304, 0x8377, 0x83ef, 0x83d3, 0x8766, 0x8ab2, 0x5629, 0x8ca8, 0x8fe6, 0x904e, 0x971e,
    0x868a, 0x4fc4, 0x5ce8, 0x6211, 0x7259, 0x753b, 0x81e5, 0x82bd, 0x86fe, 0x8cc0, 0x96c5, 0x9913, 0x99d5, 0x4ecb, 0x4f1a, 0x89e3,
    0x56de, 0x584a, 0x58ca, 0x5efb, 0x5feb, 0x602a, 0x6094, 0x6062, 0x61d0, 0x6212, 0x62d0, 0x6539, 0x9b41, 0x6666, 0x68b0, 0x6d77,
    0x7070, 0x754c, 0x7686, 0x7d75, 0x82a5, 0x87f9, 0x958b, 0x968e, 0x8c9d, 0x51f1, 0x52be, 0x5916, 0x54b3, 0x5bb3, 0x5d16, 0x6168,
    0x6982, 0x6daf, 0x788d, 0x84cb, 0x8857, 0x8a72, 0x93a7, 0x9ab8, 0x6d6c, 0x99a8, 0x86d9, 0x57a3, 0x67ff, 0x86ce, 0x920e, 0x5283,
    0x5687, 0x5404, 0x5ed3, 0x62e1, 0x64b9, 0x683c, 0x6838, 0x6bbb, 0x7372, 0x78ba, 0x7a6b, 0x899a, 0x89d2, 0x8d6b, 0x8f03, 0x90ed,
    0x95a3, 0x9694, 0x9769, 0x5b66, 0x5cb3, 0x697d, 0x984d, 0x984e, 0x639b, 0x7b20, 0x6a2b, 0x6a7f, 0x68b6, 0x9c0d, 0x6f5f, 0x5272,
    0x559d, 0x6070, 0x62ec, 0x6d3b, 0x6e07, 0x6ed1, 0x845b, 0x8910, 0x8f44, 0x4e14, 0x9c39, 0x53f6, 0x691b, 0x6a3a, 0x9784, 0x682a,
    0x515c, 0x7ac3, 0x84b2, 0x91dc, 0x938c, 0x565b, 0x9d28, 0x6822, 0x8305, 0x8431, 0x7ca5, 0x5208, 0x82c5, 0x74e6, 0x4e7e, 0x4f83,
    0x51a0, 0x5bd2, 0x520a, 0x52d8, 0x52e7, 0x5dfb, 0x559a, 0x582a, 0x59e6, 0x5b8c, 0x5b98, 0x5bdb, 0x5e72, 0x5e79, 0x60a3, 0x611f,
    0x6163, 0x61be, 0x63db, 0x6562, 0x67d1, 0x6853, 0x68fa, 0x6b3e, 0x6b53, 0x6c57, 0x6f22, 0x6f97, 0x6f45, 0x74b0, 0x7518, 0x76e3,
    0x770b, 0x7aff, 0x7ba1, 0x7c21, 0x7de9, 0x7f36, 0x7ff0, 0x809d, 0x8266, 0x839e, 0x89b3, 0x8acc, 0x8cab, 0x9084, 0x9451, 0x9593,
    0x9591, 0x95a2, 0x9665, 0x97d3, 0x9928, 0x8218, 0x4e38, 0x542b, 0x5cb8, 0x5dcc, 0x73a9, 0x764c, 0x773c, 0x5ca9, 0x7feb, 0x8d0b,
    0x96c1, 0x9811, 0x9854, 0x9858, 0x4f01, 0x4f0e, 0x5371, 0x559c, 0x5668, 0x57fa, 0x5947, 0x5b09, 0x5bc4, 0x5c90, 0x5e0c, 0x5e7e,
    0x5fcc, 0x63ee, 0x673a, 0x65d7, 0x65e2, 0x671f, 0x68cb, 0x68c4, 0x6a5f, 0x5e30, 0x6bc5, 0x6c17, 0x6c7d, 0x757f, 0x7948, 0x5b63,
    0x7a00, 0x7d00, 0x5fbd, 0x898f, 0x8a18, 0x8cb4, 0x8d77, 0x8ecc, 0x8f1d, 0x98e2, 0x9a0e, 0x9b3c, 0x4e80, 0x507d, 0x5100, 0x5993,
    0x5b9c, 0x622f, 0x6280, 0x64ec, 0x6b3a, 0x72a0, 0x7591, 0x7947, 0x7fa9, 0x87fb, 0x8abc, 0x8b70, 0x63ac, 0x83ca, 0x97a0, 0x5409,
    0x5403, 0x55ab, 0x6854, 0x6a58, 0x8a70, 0x7827, 0x6775, 0x9ecd, 0x5374, 0x5ba2, 0x811a, 0x8650, 0x9006, 0x4e18, 0x4e45, 0x4ec7,
    0x4f11, 0x53ca, 0x5438, 0x5bae, 0x5f13, 0x6025, 0x6551, 0x673d, 0x6c42, 0x6c72, 0x6ce3, 0x7078, 0x7403, 0x7a76, 0x7aae, 0x7b08,
    0x7d1a, 0x7cfe, 0x7d66, 0x65e7, 0x725b, 0x53bb, 0x5c45, 0x5de8, 0x62d2, 0x62e0, 0x6319, 0x6e20, 0x865a, 0x8a31, 0x8ddd, 0x92f8,
    0x6f01, 0x79a6, 0x9b5a, 0x4ea8, 0x4eab, 0x4eac, 0x4f9b, 0x4fa0, 0x50d1, 0x5147, 0x7af6, 0x5171, 0x51f6, 0x5354, 0x5321, 0x537f,
    0x53eb, 0x55ac, 0x5883, 0x5ce1, 0x5f37, 0x5f4a, 0x602f, 0x6050, 0x606d, 0x631f, 0x6559, 0x6a4b, 0x6cc1, 0x72c2, 0x72ed, 0x77ef,
    0x80f8, 0x8105, 0x8208, 0x854e, 0x90f7, 0x93e1, 0x97ff, 0x9957, 0x9a5a, 0x4ef0, 0x51dd, 0x5c2d, 0x6681, 0x696d, 0x5c40, 0x66f2,
    0x6975, 0x7389, 0x6850, 0x7c81, 0x50c5, 0x52e4, 0x5747, 0x5dfe, 0x9326, 0x65a4, 0x6b23, 0x6b3d, 0x7434, 0x7981, 0x79bd, 0x7b4b,
    0x7dca, 0x82b9, 0x83cc, 0x887f, 0x895f, 0x8b39, 0x8fd1, 0x91d1, 0x541f, 0x9280, 0x4e5d, 0x5036, 0x53e5, 0x533a, 0x72d7, 0x7396,
    0x77e9, 0x82e6, 0x8eaf, 0x99c6, 0x99c8, 0x99d2, 0x5177, 0x611a, 0x865e, 0x55b0, 0x7a7a, 0x5076, 0x5bd3, 0x9047, 0x9685, 0x4e32,
    0x6adb, 0x91e7, 0x5c51, 0x5c48, 0x6398, 0x7a9f, 0x6c93, 0x9774, 0x8f61, 0x7aaa, 0x718a, 0x9688, 0x7c82, 0x6817, 0x7e70, 0x6851,
    0x936c, 0x52f2, 0x541b, 0x85ab, 0x8a13, 0x7fa4, 0x8ecd, 0x90e1, 0x5366, 0x8888, 0x7941, 0x4fc2, 0x50be, 0x5211, 0x5144, 0x5553,
    0x572d, 0x73ea, 0x578b, 0x5951, 0x5f62, 0x5f84, 0x6075, 0x6176, 0x6167, 0x61a9, 0x63b2, 0x643a, 0x656c, 0x666f, 0x6842, 0x6e13,
    0x7566, 0x7a3d, 0x7cfb, 0x7d4c, 0x7d99, 0x7e4b, 0x7f6b, 0x830e, 0x834a, 0x86cd, 0x8a08, 0x8a63, 0x8b66, 0x8efd, 0x981a, 0x9d8f,
    0x82b8, 0x8fce, 0x9be8, 0x5287, 0x621f, 0x6483, 0x6fc0, 0x9699, 0x6841, 0x5091, 0x6b20, 0x6c7a, 0x6f54, 0x7a74, 0x7d50, 0x8840,
    0x8a23, 0x6708, 0x4ef6, 0x5039, 0x5026, 0x5065, 0x517c, 0x5238, 0x5263, 0x55a7, 0x570f, 0x5805, 0x5acc, 0x5efa, 0x61b2, 0x61f8,
    0x62f3, 0x6372, 0x691c, 0x6a29, 0x727d, 0x72ac, 0x732e, 0x7814, 0x786f, 0x7d79, 0x770c, 0x80a9, 0x898b, 0x8b19, 0x8ce2, 0x8ed2,
    0x9063, 0x9375, 0x967a, 0x9855, 0x9a13, 0x9e78, 0x5143, 0x539f, 0x53b3, 0x5e7b, 0x5f26, 0x6e1b, 0x6e90, 0x7384, 0x73fe, 0x7d43,
    0x8237, 0x8a00, 0x8afa, 0x9650, 0x4e4e, 0x500b, 0x53e4, 0x547c, 0x56fa, 0x59d1, 0x5b64, 0x5df1, 0x5eab, 0x5f27, 0x6238, 0x6545,
    0x67af, 0x6e56, 0x72d0, 0x7cca, 0x88b4, 0x80a1, 0x80e1, 0x83f0, 0x864e, 0x8a87, 0x8de8, 0x9237, 0x96c7, 0x9867, 0x9f13, 0x4e94,
    0x4e92, 0x4f0d, 0x5348, 0x5449, 0x543e, 0x5a2f, 0x5f8c, 0x5fa1, 0x609f, 0x68a7, 0x6a8e, 0x745a, 0x7881, 0x8a9e, 0x8aa4, 0x8b77,
    0x9190, 0x4e5e, 0x9bc9, 0x4ea4, 0x4f7c, 0x4faf, 0x5019, 0x5016, 0x5149, 0x516c, 0x529f, 0x52b9, 0x52fe, 0x539a, 0x53e3, 0x5411,
    0x540e, 0x5589, 0x5751, 0x57a2, 0x597d, 0x5b54, 0x5b5d, 0x5b8f, 0x5de5, 0x5de7, 0x5df7, 0x5e78, 0x5e83, 0x5e9a, 0x5eb7, 0x5f18,
    0x6052, 0x614c, 0x6297, 0x62d8, 0x63a7, 0x653b, 0x6602, 0x6643, 0x66f4, 0x676d, 0x6821, 0x6897, 0x69cb, 0x6c5f, 0x6d2a, 0x6d69,
    0x6e2f, 0x6e9d, 0x7532, 0x7687, 0x786c, 0x7a3f, 0x7ce0, 0x7d05, 0x7d18, 0x7d5e, 0x7db1, 0x8015, 0x8003, 0x80af, 0x80b1, 0x8154,
    0x818f, 0x822a, 0x8352, 0x884c, 0x8861, 0x8b1b, 0x8ca2, 0x8cfc, 0x90ca, 0x9175, 0x9271, 0x783f, 0x92fc, 0x95a4, 0x964d, 0x9805,
    0x9999, 0x9ad8, 0x9d3b, 0x525b, 0x52ab, 0x53f7, 0x5408, 0x58d5, 0x62f7, 0x6fe0, 0x8c6a, 0x8f5f, 0x9eb9, 0x514b, 0x523b, 0x544a,
    0x56fd, 0x7a40, 0x9177, 0x9d60, 0x9ed2, 0x7344, 0x6f09, 0x8170, 0x7511, 0x5ffd, 0x60da, 0x9aa8, 0x72db, 0x8fbc, 0x6b64, 0x9803,
    0x4eca, 0x56f0, 0x5764, 0x58be, 0x5a5a, 0x6068, 0x61c7, 0x660f, 0x6606, 0x6839, 0x68b1, 0x6df7, 0x75d5, 0x7d3a, 0x826e, 0x9b42,
    0x4e9b, 0x4f50, 0x53c9, 0x5506, 0x5d6f, 0x5de6, 0x5dee, 0x67fb, 0x6c99, 0x7473, 0x7802, 0x8a50, 0x9396, 0x88df, 0x5750, 0x5ea7,
    0x632b, 0x50b5, 0x50ac, 0x518d, 0x6700, 0x54c9, 0x585e, 0x59bb, 0x5bb0, 0x5f69, 0x624d, 0x63a1, 0x683d, 0x6b73, 0x6e08, 0x707d,
    0x91c7, 0x7280, 0x7815, 0x7826, 0x796d, 0x658e, 0x7d30, 0x83dc, 0x88c1, 0x8f09, 0x969b, 0x5264, 0x5728, 0x6750, 0x7f6a, 0x8ca1,
    0x51b4, 0x5742, 0x962a, 0x583a, 0x698a, 0x80b4, 0x54b2, 0x5d0e, 0x57fc, 0x7895, 0x9dfa, 0x4f5c, 0x524a, 0x548b, 0x643e, 0x6628,
    0x6714, 0x67f5, 0x7a84, 0x7b56, 0x7d22, 0x932f, 0x685c, 0x9bad, 0x7b39, 0x5319, 0x518a, 0x5237, 0x5bdf, 0x62f6, 0x64ae, 0x64e6,
    0x672d, 0x6bba, 0x85a9, 0x96d1, 0x7690, 0x9bd6, 0x634c, 0x9306, 0x9bab, 0x76bf, 0x6652, 0x4e09, 0x5098, 0x53c2, 0x5c71, 0x60e8,
    0x6492, 0x6563, 0x685f, 0x71e6, 0x73ca, 0x7523, 0x7b97, 0x7e82, 0x8695, 0x8b83, 0x8cdb, 0x9178, 0x9910, 0x65ac, 0x66ab, 0x6b8b,
    0x4ed5, 0x4ed4, 0x4f3a, 0x4f7f, 0x523a, 0x53f8, 0x53f2, 0x55e3, 0x56db, 0x58eb, 0x59cb, 0x59c9, 0x59ff, 0x5b50, 0x5c4d, 0x5e02,
    0x5e2b, 0x5fd7, 0x601d, 0x6307, 0x652f, 0x5b5c, 0x65af, 0x65bd, 0x65e8, 0x679d, 0x6b62, 0x6b7b, 0x6c0f, 0x7345, 0x7949, 0x79c1,
    0x7cf8, 0x7d19, 0x7d2b, 0x80a2, 0x8102, 0x81f3, 0x8996, 0x8a5e, 0x8a69, 0x8a66, 0x8a8c, 0x8aee, 0x8cc7, 0x8cdc, 0x96cc, 0x98fc,
    0x6b6f, 0x4e8b, 0x4f3c, 0x4f8d, 0x5150, 0x5b57, 0x5bfa, 0x6148, 0x6301, 0x6642, 0x6b21, 0x6ecb, 0x6cbb, 0x723e, 0x74bd, 0x75d4,
    0x78c1, 0x793a, 0x800c, 0x8033, 0x81ea, 0x8494, 0x8f9e, 0x6c50, 0x9e7f, 0x5f0f, 0x8b58, 0x9d2b, 0x7afa, 0x8ef8, 0x5b8d, 0x96eb,
    0x4e03, 0x53f1, 0x57f7, 0x5931, 0x5ac9, 0x5ba4, 0x6089, 0x6e7f, 0x6f06, 0x75be, 0x8cea, 0x5b9f, 0x8500, 0x7be0, 0x5072, 0x67f4,
    0x829d, 0x5c61, 0x854a, 0x7e1e, 0x820e, 0x5199, 0x5c04, 0x6368, 0x8d66, 0x659c, 0x716e, 0x793e, 0x7d17, 0x8005, 0x8b1d, 0x8eca,
    0x906e, 0x86c7, 0x90aa, 0x501f, 0x52fa, 0x5c3a, 0x6753, 0x707c, 0x7235, 0x914c, 0x91c8, 0x932b, 0x82e5, 0x5bc2, 0x5f31, 0x60f9,
    0x4e3b, 0x53d6, 0x5b88, 0x624b, 0x6731, 0x6b8a, 0x72e9, 0x73e0, 0x7a2e, 0x816b, 0x8da3, 0x9152, 0x9996, 0x5112, 0x53d7, 0x546a,
    0x5bff, 0x6388, 0x6a39, 0x7dac, 0x9700, 0x56da, 0x53ce, 0x5468, 0x5b97, 0x5c31, 0x5dde, 0x4fee, 0x6101, 0x62fe, 0x6d32, 0x79c0,
    0x79cb, 0x7d42, 0x7e4d, 0x7fd2, 0x81ed, 0x821f, 0x8490, 0x8846, 0x8972, 0x8b90, 0x8e74, 0x8f2f, 0x9031, 0x914b, 0x916c, 0x96c6,
    0x919c, 0x4ec0, 0x4f4f, 0x5145, 0x5341, 0x5f93, 0x620e, 0x67d4, 0x6c41, 0x6e0b, 0x7363, 0x7e26, 0x91cd, 0x9283, 0x53d4, 0x5919,
    0x5bbf, 0x6dd1, 0x795d, 0x7e2e, 0x7c9b, 0x587e, 0x719f, 0x51fa, 0x8853, 0x8ff0, 0x4fca, 0x5cfb, 0x6625, 0x77ac, 0x7ae3, 0x821c,
    0x99ff, 0x51c6, 0x5faa, 0x65ec, 0x696f, 0x6b89, 0x6df3, 0x6e96, 0x6f64, 0x76fe, 0x7d14, 0x5de1, 0x9075, 0x9187, 0x9806, 0x51e6,
    0x521d, 0x6240, 0x6691, 0x66d9, 0x6e1a, 0x5eb6, 0x7dd2, 0x7f72, 0x66f8, 0x85af, 0x85f7, 0x8af8, 0x52a9, 0x53d9, 0x5973, 0x5e8f,
    0x5f90, 0x6055, 0x92e4, 0x9664, 0x50b7, 0x511f, 0x52dd, 0x5320, 0x5347, 0x53ec, 0x54e8, 0x5546, 0x5531, 0x5617, 0x5968, 0x59be,
    0x5a3c, 0x5bb5, 0x5c06, 0x5c0f, 0x5c11, 0x5c1a, 0x5e84, 0x5e8a, 0x5ee0, 0x5f70, 0x627f, 0x6284, 0x62db, 0x638c, 0x6377, 0x6607,
    0x660c, 0x662d, 0x6676, 0x677e, 0x68a2, 0x6a1f, 0x6a35, 0x6cbc, 0x6d88, 0x6e09, 0x6e58, 0x713c, 0x7126, 0x7167, 0x75c7, 0x7701,
    0x785d, 0x7901, 0x7965, 0x79f0, 0x7ae0, 0x7b11, 0x7ca7, 0x7d39, 0x8096, 0x83d6, 0x848b, 0x8549, 0x885d, 0x88f3, 0x8a1f, 0x8a3c,
    0x8a54, 0x8a73, 0x8c61, 0x8cde, 0x91a4, 0x9266, 0x937e, 0x9418, 0x969c, 0x9798, 0x4e0a, 0x4e08, 0x4e1e, 0x4e57, 0x5197, 0x5270,
    0x57ce, 0x5834, 0x58cc, 0x5b22, 0x5e38, 0x60c5, 0x64fe, 0x6761, 0x6756, 0x6d44, 0x72b6, 0x7573, 0x7a63, 0x84b8, 0x8b72, 0x91b8,
    0x9320, 0x5631, 0x57f4, 0x98fe, 0x62ed, 0x690d, 0x6b96, 0x71ed, 0x7e54, 0x8077, 0x8272, 0x89e6, 0x98df, 0x8755, 0x8fb1, 0x5c3b,
    0x4f38, 0x4fe1, 0x4fb5, 0x5507, 0x5a20, 0x5bdd, 0x5be9, 0x5fc3, 0x614e, 0x632f, 0x65b0, 0x664b, 0x68ee, 0x699b, 0x6d78, 0x6df1,
    0x7533, 0x75b9, 0x771f, 0x795e, 0x79e6, 0x7d33, 0x81e3, 0x82af, 0x85aa, 0x89aa, 0x8a3a, 0x8eab, 0x8f9b, 0x9032, 0x91dd, 0x9707,
    0x4eba, 0x4ec1, 0x5203, 0x5875, 0x58ec, 0x5c0b, 0x751a, 0x5c3d, 0x814e, 0x8a0a, 0x8fc5, 0x9663, 0x976d, 0x7b25, 0x8acf, 0x9808,
    0x9162, 0x56f3, 0x53a8, 0x9017, 0x5439, 0x5782, 0x5e25, 0x63a8, 0x6c34, 0x708a, 0x7761, 0x7c8b, 0x7fe0, 0x8870, 0x9042, 0x9154,
    0x9310, 0x9318, 0x968f, 0x745e, 0x9ac4, 0x5d07, 0x5d69, 0x6570, 0x67a2, 0x8da8, 0x96db, 0x636e, 0x6749, 0x6919, 0x83c5, 0x9817,
    0x96c0, 0x88fe, 0x6f84, 0x647a, 0x5bf8, 0x4e16, 0x702c, 0x755d, 0x662f, 0x51c4, 0x5236, 0x52e2, 0x59d3, 0x5f81, 0x6027, 0x6210,
    0x653f, 0x6574, 0x661f, 0x6674, 0x68f2, 0x6816, 0x6b63, 0x6e05, 0x7272, 0x751f, 0x76db, 0x7cbe, 0x8056, 0x58f0, 0x88fd, 0x897f,
    0x8aa0, 0x8a93, 0x8acb, 0x901d, 0x9192, 0x9752, 0x9759, 0x6589, 0x7a0e, 0x8106, 0x96bb, 0x5e2d, 0x60dc, 0x621a, 0x65a5, 0x6614,
    0x6790, 0x77f3, 0x7a4d, 0x7c4d, 0x7e3e, 0x810a, 0x8cac, 0x8d64, 0x8de1, 0x8e5f, 0x78a9, 0x5207, 0x62d9, 0x63a5, 0x6442, 0x6298,
    0x8a2d, 0x7a83, 0x7bc0, 0x8aac, 0x96ea, 0x7d76, 0x820c, 0x8749, 0x4ed9, 0x5148, 0x5343, 0x5360, 0x5ba3, 0x5c02, 0x5c16, 0x5ddd,
    0x6226, 0x6247, 0x64b0, 0x6813, 0x6834, 0x6cc9, 0x6d45, 0x6d17, 0x67d3, 0x6f5c, 0x714e, 0x717d, 0x65cb, 0x7a7f, 0x7bad, 0x7dda,
    0x7e4a, 0x7fa8, 0x817a, 0x821b, 0x8239, 0x85a6, 0x8a6e, 0x8cce, 0x8df5, 0x9078, 0x9077, 0x92ad, 0x9291, 0x9583, 0x9bae, 0x524d,
    0x5584, 0x6f38, 0x7136, 0x5168, 0x7985, 0x7e55, 0x81b3, 0x7cce, 0x564c, 0x5851, 0x5ca8, 0x63aa, 0x66fe, 0x66fd, 0x695a, 0x72d9,
    0x758f, 0x758e, 0x790e, 0x7956, 0x79df, 0x7c97, 0x7d20, 0x7d44, 0x8607, 0x8a34, 0x963b, 0x9061, 0x9f20, 0x50e7, 0x5275, 0x53cc,
    0x53e2, 0x5009, 0x55aa, 0x58ee, 0x594f, 0x723d, 0x5b8b, 0x5c64, 0x531d, 0x60e3, 0x60f3, 0x635c, 0x6383, 0x633f, 0x63bb, 0x64cd,
    0x65e9, 0x66f9, 0x5de3, 0x69cd, 0x69fd, 0x6f15, 0x71e5, 0x4e89, 0x75e9, 0x76f8, 0x7a93, 0x7cdf, 0x7dcf, 0x7d9c, 0x8061, 0x8349,
    0x8358, 0x846c, 0x84bc, 0x85fb, 0x88c5, 0x8d70, 0x9001, 0x906d, 0x9397, 0x971c, 0x9a12, 0x50cf, 0x5897, 0x618e, 0x81d3, 0x8535,
    0x8d08, 0x9020, 0x4fc3, 0x5074, 0x5247, 0x5373, 0x606f, 0x6349, 0x675f, 0x6e2c, 0x8db3, 0x901f, 0x4fd7, 0x5c5e, 0x8cca, 0x65cf,
    0x7d9a, 0x5352, 0x8896, 0x5176, 0x63c3, 0x5b58, 0x5b6b, 0x5c0a, 0x640d, 0x6751, 0x905c, 0x4ed6, 0x591a, 0x592a, 0x6c70, 0x8a51,
    0x553e, 0x5815, 0x59a5, 0x60f0, 0x6253, 0x67c1, 0x8235, 0x6955, 0x9640, 0x99c4, 0x9a28, 0x4f53, 0x5806, 0x5bfe, 0x8010, 0x5cb1,
    0x5e2f, 0x5f85, 0x6020, 0x614b, 0x6234, 0x66ff, 0x6cf0, 0x6ede, 0x80ce, 0x817f, 0x82d4, 0x888b, 0x8cb8, 0x9000, 0x902e, 0x968a,
    0x9edb, 0x9bdb, 0x4ee3, 0x53f0, 0x5927, 0x7b2c, 0x918d, 0x984c, 0x9df9, 0x6edd, 0x7027, 0x5353, 0x5544, 0x5b85, 0x6258, 0x629e,
    0x62d3, 0x6ca2, 0x6fef, 0x7422, 0x8a17, 0x9438, 0x6fc1, 0x8afe, 0x8338, 0x51e7, 0x86f8, 0x53ea, 0x53e9, 0x4f46, 0x9054, 0x8fb0,
    0x596a, 0x8131, 0x5dfd, 0x7aea, 0x8fbf, 0x68da, 0x8c37, 0x72f8, 0x9c48, 0x6a3d, 0x8ab0, 0x4e39, 0x5358, 0x5606, 0x5766, 0x62c5,
    0x63a2, 0x65e6, 0x6b4e, 0x6de1, 0x6e5b, 0x70ad, 0x77ed, 0x7aef, 0x7baa, 0x7dbb, 0x803d, 0x80c6, 0x86cb, 0x8a95, 0x935b, 0x56e3,
    0x58c7, 0x5f3e, 0x65ad, 0x6696, 0x6a80, 0x6bb5, 0x7537, 0x8ac7, 0x5024, 0x77e5, 0x5730, 0x5f1b, 0x6065, 0x667a, 0x6c60, 0x75f4,
    0x7a1a, 0x7f6e, 0x81f4, 0x8718, 0x9045, 0x99b3, 0x7bc9, 0x755c, 0x7af9, 0x7b51, 0x84c4, 0x9010, 0x79e9, 0x7a92, 0x8336, 0x5ae1,
    0x7740, 0x4e2d, 0x4ef2, 0x5b99, 0x5fe0, 0x62bd, 0x663c, 0x67f1, 0x6ce8, 0x866b, 0x8877, 0x8a3b, 0x914e, 0x92f3, 0x99d0, 0x6a17,
    0x7026, 0x732a, 0x82e7, 0x8457, 0x8caf, 0x4e01, 0x5146, 0x51cb, 0x558b, 0x5bf5, 0x5e16, 0x5e33, 0x5e81, 0x5f14, 0x5f35, 0x5f6b,
    0x5fb4, 0x61f2, 0x6311, 0x66a2, 0x671d, 0x6f6e, 0x7252, 0x753a, 0x773a, 0x8074, 0x8139, 0x8178, 0x8776, 0x8abf, 0x8adc, 0x8d85,
    0x8df3, 0x929a, 0x9577, 0x9802, 0x9ce5, 0x52c5, 0x6357, 0x76f4, 0x6715, 0x6c88, 0x73cd, 0x8cc3, 0x93ae, 0x9673, 0x6d25, 0x589c,
    0x690e, 0x69cc, 0x8ffd, 0x939a, 0x75db, 0x901a, 0x585a, 0x6802, 0x63b4, 0x69fb, 0x4f43, 0x6f2c, 0x67d8, 0x8fbb, 0x8526, 0x7db4,
    0x9354, 0x693f, 0x6f70, 0x576a, 0x58f7, 0x5b2c, 0x7d2c, 0x722a, 0x540a, 0x91e3, 0x9db4, 0x4ead, 0x4f4e, 0x505c, 0x5075, 0x5243,
    0x8c9e, 0x5448, 0x5824, 0x5b9a, 0x5e1d, 0x5e95, 0x5ead, 0x5ef7, 0x5f1f, 0x608c, 0x62b5, 0x633a, 0x63d0, 0x68af, 0x6c40, 0x7887,
    0x798e, 0x7a0b, 0x7de0, 0x8247, 0x8a02, 0x8ae6, 0x8e44, 0x9013, 0x90b8, 0x912d, 0x91d8, 0x9f0e, 0x6ce5, 0x6458, 0x64e2, 0x6575,
    0x6ef4, 0x7684, 0x7b1b, 0x9069, 0x93d1, 0x6eba, 0x54f2, 0x5fb9, 0x64a4, 0x8f4d, 0x8fed, 0x9244, 0x5178, 0x586b, 0x5929, 0x5c55,
    0x5e97, 0x6dfb, 0x7e8f, 0x751c, 0x8cbc, 0x8ee2, 0x985b, 0x70b9, 0x4f1d, 0x6bbf, 0x6fb1, 0x7530, 0x96fb, 0x514e, 0x5410, 0x5835,
    0x5857, 0x59ac, 0x5c60, 0x5f92, 0x6597, 0x675c, 0x6e21, 0x767b, 0x83df, 0x8ced, 0x9014, 0x90fd, 0x934d, 0x7825, 0x783a, 0x52aa,
    0x5ea6, 0x571f, 0x5974, 0x6012, 0x5012, 0x515a, 0x51ac, 0x51cd, 0x5200, 0x5510, 0x5854, 0x5858, 0x5957, 0x5b95, 0x5cf6, 0x5d8b,
    0x60bc, 0x6295, 0x642d, 0x6771, 0x6843, 0x68bc, 0x68df, 0x76d7, 0x6dd8, 0x6e6f, 0x6d9b, 0x706f, 0x71c8, 0x5f53, 0x75d8, 0x7977,
    0x7b49, 0x7b54, 0x7b52, 0x7cd6, 0x7d71, 0x5230, 0x8463, 0x8569, 0x85e4, 0x8a0e, 0x8b04, 0x8c46, 0x8e0f, 0x9003, 0x900f, 0x9419,
    0x9676, 0x982d, 0x9a30, 0x95d8, 0x50cd, 0x52d5, 0x540c, 0x5802, 0x5c0e, 0x61a7, 0x649e, 0x6d1e, 0x77b3, 0x7ae5, 0x80f4, 0x8404,
    0x9053, 0x9285, 0x5ce0, 0x9d07, 0x533f, 0x5f97, 0x5fb3, 0x6d9c, 0x7279, 0x7763, 0x79bf, 0x7be4, 0x6bd2, 0x72ec, 0x8aad, 0x6803,
    0x6a61, 0x51f8, 0x7a81, 0x6934, 0x5c4a, 0x9cf6, 0x82eb, 0x5bc5, 0x9149, 0x701e, 0x5678, 0x5c6f, 0x60c7, 0x6566, 0x6c8c, 0x8c5a,
    0x9041, 0x9813, 0x5451, 0x66c7, 0x920d, 0x5948, 0x90a3, 0x5185, 0x4e4d, 0x51ea, 0x8599, 0x8b0e, 0x7058, 0x637a, 0x934b, 0x6962,
    0x99b4, 0x7e04, 0x7577, 0x5357, 0x6960, 0x8edf, 0x96e3, 0x6c5d, 0x4e8c, 0x5c3c, 0x5f10, 0x8fe9, 0x5302, 0x8cd1, 0x8089, 0x8679,
    0x5eff, 0x65e5, 0x4e73, 0x5165, 0x5982, 0x5c3f, 0x97ee, 0x4efb, 0x598a, 0x5fcd, 0x8a8d, 0x6fe1, 0x79b0, 0x7962, 0x5be7, 0x8471,
    0x732b, 0x71b1, 0x5e74, 0x5ff5, 0x637b, 0x649a, 0x71c3, 0x7c98, 0x4e43, 0x5efc, 0x4e4b, 0x57dc, 0x56a2, 0x60a9, 0x6fc3, 0x7d0d,
    0x80fd, 0x8133, 0x81bf, 0x8fb2, 0x8997, 0x86a4, 0x5df4, 0x628a, 0x64ad, 0x8987, 0x6777, 0x6ce2, 0x6d3e, 0x7436, 0x7834, 0x5a46,
    0x7f75, 0x82ad, 0x99ac, 0x4ff3, 0x5ec3, 0x62dd, 0x6392, 0x6557, 0x676f, 0x76c3, 0x724c, 0x80cc, 0x80ba, 0x8f29, 0x914d, 0x500d,
    0x57f9, 0x5a92, 0x6885, 0x6973, 0x7164, 0x72fd, 0x8cb7, 0x58f2, 0x8ce0, 0x966a, 0x9019, 0x877f, 0x79e4, 0x77e7, 0x8429, 0x4f2f,
    0x5265, 0x535a, 0x62cd, 0x67cf, 0x6cca, 0x767d, 0x7b94, 0x7c95, 0x8236, 0x8584, 0x8feb, 0x66dd, 0x6f20, 0x7206, 0x7e1b, 0x83ab,
    0x99c1, 0x9ea6, 0x51fd, 0x7bb1, 0x7872, 0x7bb8, 0x8087, 0x7b48, 0x6ae8, 0x5e61, 0x808c, 0x7551, 0x7560, 0x516b, 0x9262, 0x6e8c,
    0x767a, 0x9197, 0x9aea, 0x4f10, 0x7f70, 0x629c, 0x7b4f, 0x95a5, 0x9ce9, 0x567a, 0x5859, 0x86e4, 0x96bc, 0x4f34, 0x5224, 0x534a,
    0x53cd, 0x53db, 0x5e06, 0x642c, 0x6591, 0x677f, 0x6c3e, 0x6c4e, 0x7248, 0x72af, 0x73ed, 0x7554, 0x7e41, 0x822c, 0x85e9, 0x8ca9,
    0x7bc4, 0x91c6, 0x7169, 0x9812, 0x98ef, 0x633d, 0x6669, 0x756a, 0x76e4, 0x78d0, 0x8543, 0x86ee, 0x532a, 0x5351, 0x5426, 0x5983,
    0x5e87, 0x5f7c, 0x60b2, 0x6249, 0x6279, 0x62ab, 0x6590, 0x6bd4, 0x6ccc, 0x75b2, 0x76ae, 0x7891, 0x79d8, 0x7dcb, 0x7f77, 0x80a5,
    0x88ab, 0x8ab9, 0x8cbb, 0x907f, 0x975e, 0x98db, 0x6a0b, 0x7c38, 0x5099, 0x5c3e, 0x5fae, 0x6787, 0x6bd8, 0x7435, 0x7709, 0x7f8e,
    0x9f3b, 0x67ca, 0x7a17, 0x5339, 0x758b, 0x9aed, 0x5f66, 0x819d, 0x83f1, 0x8098, 0x5f3c, 0x5fc5, 0x7562, 0x7b46, 0x903c, 0x6867,
    0x59eb, 0x5a9b, 0x7d10, 0x767e, 0x8b2c, 0x4ff5, 0x5f6a, 0x6a19, 0x6c37, 0x6f02, 0x74e2, 0x7968, 0x8868, 0x8a55, 0x8c79, 0x5edf,
    0x63cf, 0x75c5, 0x79d2, 0x82d7, 0x9328, 0x92f2, 0x849c, 0x86ed, 0x9c2d, 0x54c1, 0x5f6c, 0x658c, 0x6d5c, 0x7015, 0x8ca7, 0x8cd3,
    0x983b, 0x654f, 0x74f6, 0x4e0d, 0x4ed8, 0x57e0, 0x592b, 0x5a66, 0x5bcc, 0x51a8, 0x5e03, 0x5e9c, 0x6016, 0x6276, 0x6577, 0x65a7,
    0x666e, 0x6d6e, 0x7236, 0x7b26, 0x8150, 0x819a, 0x8299, 0x8b5c, 0x8ca0, 0x8ce6, 0x8d74, 0x961c, 0x9644, 0x4fae, 0x64ab, 0x6b66,
    0x821e, 0x8461, 0x856a, 0x90e8, 0x5c01, 0x6953, 0x98a8, 0x847a, 0x8557, 0x4f0f, 0x526f, 0x5fa9, 0x5e45, 0x670d, 0x798f, 0x8179,
    0x8907, 0x8986, 0x6df5, 0x5f17, 0x6255, 0x6cb8, 0x4ecf, 0x7269, 0x9b92, 0x5206, 0x543b, 0x5674, 0x58b3, 0x61a4, 0x626e, 0x711a,
    0x596e, 0x7c89, 0x7cde, 0x7d1b, 0x96f0, 0x6587, 0x805e, 0x4e19, 0x4f75, 0x5175, 0x5840, 0x5e63, 0x5e73, 0x5f0a, 0x67c4, 0x4e26,
    0x853d, 0x9589, 0x965b, 0x7c73, 0x9801, 0x50fb, 0x58c1, 0x7656, 0x78a7, 0x5225, 0x77a5, 0x8511, 0x7b86, 0x504f, 0x5909, 0x7247,
    0x7bc7, 0x7de8, 0x8fba, 0x8fd4, 0x904d, 0x4fbf, 0x52c9, 0x5a29, 0x5f01, 0x97ad, 0x4fdd, 0x8217, 0x92ea, 0x5703, 0x6355, 0x6b69,
    0x752b, 0x88dc, 0x8f14, 0x7a42, 0x52df, 0x5893, 0x6155, 0x620a, 0x66ae, 0x6bcd, 0x7c3f, 0x83e9, 0x5023, 0x4ff8, 0x5305, 0x5446,
    0x5831, 0x5949, 0x5b9d, 0x5cf0, 0x5cef, 0x5d29, 0x5e96, 0x62b1, 0x6367, 0x653e, 0x65b9, 0x670b, 0x6cd5, 0x6ce1, 0x70f9, 0x7832,
    0x7e2b, 0x80de, 0x82b3, 0x840c, 0x84ec, 0x8702, 0x8912, 0x8a2a, 0x8c4a, 0x90a6, 0x92d2, 0x98fd, 0x9cf3, 0x9d6c, 0x4e4f, 0x4ea1,
    0x508d, 0x5256, 0x574a, 0x59a8, 0x5e3d, 0x5fd8, 0x5fd9, 0x623f, 0x66b4, 0x671b, 0x67d0, 0x68d2, 0x5192, 0x7d21, 0x80aa, 0x81a8,
    0x8b00, 0x8c8c, 0x8cbf, 0x927e, 0x9632, 0x5420, 0x982c, 0x5317, 0x50d5, 0x535c, 0x58a8, 0x64b2, 0x6734, 0x7267, 0x7766, 0x7a46,
    0x91e6, 0x52c3, 0x6ca1, 0x6b86, 0x5800, 0x5e4c, 0x5954, 0x672c, 0x7ffb, 0x51e1, 0x76c6, 0x6469, 0x78e8, 0x9b54, 0x9ebb, 0x57cb,
    0x59b9, 0x6627, 0x679a, 0x6bce, 0x54e9, 0x69d9, 0x5e55, 0x819c, 0x6795, 0x9baa, 0x67fe, 0x9c52, 0x685d, 0x4ea6, 0x4fe3, 0x53c8,
    0x62b9, 0x672b, 0x6cab, 0x8fc4, 0x4fad, 0x7e6d, 0x9ebf, 0x4e07, 0x6162, 0x6e80, 0x6f2b, 0x8513, 0x5473, 0x672a, 0x9b45, 0x5df3,
    0x7b95, 0x5cac, 0x5bc6, 0x871c, 0x6e4a, 0x84d1, 0x7a14, 0x8108, 0x5999, 0x7c8d, 0x6c11, 0x7720, 0x52d9, 0x5922, 0x7121, 0x725f,
    0x77db, 0x9727, 0x9d61, 0x690b, 0x5a7f, 0x5a18, 0x51a5, 0x540d, 0x547d, 0x660e, 0x76df, 0x8ff7, 0x9298, 0x9cf4, 0x59ea, 0x725d,
    0x6ec5, 0x514d, 0x68c9, 0x7dbf, 0x7dec, 0x9762, 0x9eba, 0x6478, 0x6a21, 0x8302, 0x5984, 0x5b5f, 0x6bdb, 0x731b, 0x76f2, 0x7db2,
    0x8017, 0x8499, 0x5132, 0x6728, 0x9ed9, 0x76ee, 0x6762, 0x52ff, 0x9905, 0x5c24, 0x623b, 0x7c7e, 0x8cb0, 0x554f, 0x60b6, 0x7d0b,
    0x9580, 0x5301, 0x4e5f, 0x51b6, 0x591c, 0x723a, 0x8036, 0x91ce, 0x5f25, 0x77e2, 0x5384, 0x5f79, 0x7d04, 0x85ac, 0x8a33, 0x8e8d,
    0x9756, 0x67f3, 0x85ae, 0x9453, 0x6109, 0x6108, 0x6cb9, 0x7652, 0x8aed, 0x8f38, 0x552f, 0x4f51, 0x512a, 0x52c7, 0x53cb, 0x5ba5,
    0x5e7d, 0x60a0, 0x6182, 0x63d6, 0x6709, 0x67da, 0x6e67, 0x6d8c, 0x7336, 0x7337, 0x7531, 0x7950, 0x88d5, 0x8a98, 0x904a, 0x9091,
    0x90f5, 0x96c4, 0x878d, 0x5915, 0x4e88, 0x4f59, 0x4e0e, 0x8a89, 0x8f3f, 0x9810, 0x50ad, 0x5e7c, 0x5996, 0x5bb9, 0x5eb8, 0x63da,
    0x63fa, 0x64c1, 0x66dc, 0x694a, 0x69d8, 0x6d0b, 0x6eb6, 0x7194, 0x7528, 0x7aaf, 0x7f8a, 0x8000, 0x8449, 0x84c9, 0x8981, 0x8b21,
    0x8e0a, 0x9065, 0x967d, 0x990a, 0x617e, 0x6291, 0x6b32, 0x6c83, 0x6d74, 0x7fcc, 0x7ffc, 0x6dc0, 0x7f85, 0x87ba, 0x88f8, 0x6765,
    0x83b1, 0x983c, 0x96f7, 0x6d1b, 0x7d61, 0x843d, 0x916a, 0x4e71, 0x5375, 0x5d50, 0x6b04, 0x6feb, 0x85cd, 0x862d, 0x89a7, 0x5229,
    0x540f, 0x5c65, 0x674e, 0x68a8, 0x7406, 0x7483, 0x75e2, 0x88cf, 0x88e1, 0x91cc, 0x96e2, 0x9678, 0x5f8b, 0x7387, 0x7acb, 0x844e,
    0x63a0, 0x7565, 0x5289, 0x6d41, 0x6e9c, 0x7409, 0x7559, 0x786b, 0x7c92, 0x9686, 0x7adc, 0x9f8d, 0x4fb6, 0x616e, 0x65c5, 0x865c,
    0x4e86, 0x4eae, 0x50da, 0x4e21, 0x51cc, 0x5bee, 0x6599, 0x6881, 0x6dbc, 0x731f, 0x7642, 0x77ad, 0x7a1c, 0x7ce7, 0x826f, 0x8ad2,
    0x907c, 0x91cf, 0x9675, 0x9818, 0x529b, 0x7dd1, 0x502b, 0x5398, 0x6797, 0x6dcb, 0x71d0, 0x7433, 0x81e8, 0x8f2a, 0x96a3, 0x9c57,
    0x9e9f, 0x7460, 0x5841, 0x6d99, 0x7d2f, 0x985e, 0x4ee4, 0x4f36, 0x4f8b, 0x51b7, 0x52b1, 0x5dba, 0x601c, 0x73b2, 0x793c, 0x82d3,
    0x9234, 0x96b7, 0x96f6, 0x970a, 0x9e97, 0x9f62, 0x66a6, 0x6b74, 0x5217, 0x52a3, 0x70c8, 0x88c2, 0x5ec9, 0x604b, 0x6190, 0x6f23,
    0x7149, 0x7c3e, 0x7df4, 0x806f, 0x84ee, 0x9023, 0x932c, 0x5442, 0x9b6f, 0x6ad3, 0x7089, 0x8cc2, 0x8def, 0x9732, 0x52b4, 0x5a41,
    0x5eca, 0x5f04, 0x6717, 0x697c, 0x6994, 0x6d6a, 0x6f0f, 0x7262, 0x72fc, 0x7bed, 0x8001, 0x807e, 0x874b, 0x90ce, 0x516d, 0x9e93,
    0x7984, 0x808b, 0x9332, 0x8ad6, 0x502d, 0x548c, 0x8a71, 0x6b6a, 0x8cc4, 0x8107, 0x60d1, 0x67a0, 0x9df2, 0x4e99, 0x4e98, 0x9c10,
    0x8a6b, 0x85c1, 0x8568, 0x6900, 0x6e7e, 0x7897, 0x8155, 0xffff, 0x5b41, 0x5b56, 0x5b7d, 0x5b93, 0x5bd8, 0x5bec, 0x5c12, 0x5c1e,
    0x5c23, 0x5c2b, 0x378d, 0x5c62, 0xfa3b, 0xfa3c, 0xffff, 0x5c7a, 0x5c8f, 0x5c9f, 0x5ca3, 0x5caa, 0x5cba, 0x5ccb, 0x5cd0, 0x5cd2,
    0x5cf4, 0xffff, 0x37e2, 0x5d0d, 0x5d27, 0xfa11, 0x5d46, 0x5d47, 0x5d53, 0x5d4a, 0x5d6d, 0x5d81, 0x5da0, 0x5da4, 0x5da7, 0x5db8,
    0x5dcb, 0x541e, 0x5f0c, 0x4e10, 0x4e15, 0x4e2a, 0x4e31, 0x4e36, 0x4e3c, 0x4e3f, 0x4e42, 0x4e56, 0x4e58, 0x4e82, 0x4e85, 0x8c6b,
    0x4e8a, 0x8212, 0x5f0d, 0x4e8e, 0x4e9e, 0x4e9f, 0x4ea0, 0x4ea2, 0x4eb0, 0x4eb3, 0x4eb6, 0x4ece, 0x4ecd, 0x4ec4, 0x4ec6, 0x4ec2,
    0x4ed7, 0x4ede, 0x4eed, 0x4edf, 0x4ef7, 0x4f09, 0x4f5a, 0x4f30, 0x4f5b, 0x4f5d, 0x4f57, 0x4f47, 0x4f76, 0x4f88, 0x4f8f, 0x4f98,
    0x4f7b, 0x4f69, 0x4f70, 0x4f91, 0x4f6f, 0x4f86, 0x4f96, 0x5118, 0x4fd4, 0x4fdf, 0x4fce, 0x4fd8, 0x4fdb, 0x4fd1, 0x4fda, 0x4fd0,
    0x4fe4, 0x4fe5, 0x501a, 0x5028, 0x5014, 0x502a, 0x5025, 0x5005, 0x4f1c, 0x4ff6, 0x5021, 0x5029, 0x502c, 0x4ffe, 0x4fef, 0x5011,
    0x5006, 0x5043, 0x5047, 0x6703, 0x5055, 0x5050, 0x5048, 0x505a, 0x5056, 0x506c, 0x5078, 0x5080, 0x509a, 0x5085, 0x50b4, 0x50b2,
    0x50c9, 0x50ca, 0x50b3, 0x50c2, 0x50d6, 0x50de, 0x50e5, 0x50ed, 0x50e3, 0x50ee, 0x50f9, 0x50f5, 0x5109, 0x5101, 0x5102, 0x5116,
    0x5115, 0x5114, 0x511a, 0x5121, 0x513a, 0x5137, 0x513c, 0x513b, 0x513f, 0x5140, 0x5152, 0x514c, 0x5154, 0x5162, 0x7af8, 0x5169,
    0x516a, 0x516e, 0x5180, 0x5182, 0x56d8, 0x518c, 0x5189, 0x518f, 0x5191, 0x5193, 0x5195, 0x5196, 0x51a4, 0x51a6, 0x51a2, 0x51a9,
    0x51aa, 0x51ab, 0x51b3, 0x51b1, 0x51b2, 0x51b0, 0x51b5, 0x51bd, 0x51c5, 0x51c9, 0x51db, 0x51e0, 0x8655, 0x51e9, 0x51ed, 0x51f0,
    0x51f5, 0x51fe, 0x5204, 0x520b, 0x5214, 0x520e, 0x5227, 0x522a, 0x522e, 0x5233, 0x5239, 0x524f, 0x5244, 0x524b, 0x524c, 0x525e,
    0x5254, 0x526a, 0x5274, 0x5269, 0x5273, 0x527f, 0x527d, 0x528d, 0x5294, 0x5292, 0x5271, 0x5288, 0x5291, 0x8fa8, 0x8fa7, 0x52ac,
    0x52ad, 0x52bc, 0x52b5, 0x52c1, 0x52cd, 0x52d7, 0x52de, 0x52e3, 0x52e6, 0x98ed, 0x52e0, 0x52f3, 0x52f5, 0x52f8, 0x52f9, 0x5306,
    0x5308, 0x7538, 0x530d, 0x5310, 0x530f, 0x5315, 0x531a, 0x5323, 0x532f, 0x5331, 0x5333, 0x5338, 0x5340, 0x5346, 0x5345, 0x4e17,
    0x5349, 0x534d, 0x51d6, 0x535e, 0x5369, 0x536e, 0x5918, 0x537b, 0x5377, 0x5382, 0x5396, 0x53a0, 0x53a6, 0x53a5, 0x53ae, 0x53b0,
    0x53b6, 0x53c3, 0x7c12, 0x96d9, 0x53df, 0x66fc, 0x71ee, 0x53ee, 0x53e8, 0x53ed, 0x53fa, 0x5401, 0x543d, 0x5440, 0x542c, 0x542d,
    0x543c, 0x542e, 0x5436, 0x5429, 0x541d, 0x544e, 0x548f, 0x5475, 0x548e, 0x545f, 0x5471, 0x5477, 0x5470, 0x5492, 0x547b, 0x5480,
    0x5476, 0x5484, 0x5490, 0x5486, 0x54c7, 0x54a2, 0x54b8, 0x54a5, 0x54ac, 0x54c4, 0x54c8, 0x54a8, 0x54ab, 0x54c2, 0x54a4, 0x54be,
    0x54bc, 0x54d8, 0x54e5, 0x54e6, 0x550f, 0x5514, 0x54fd, 0x54ee, 0x54ed, 0x54fa, 0x54e2, 0x5539, 0x5540, 0x5563, 0x554c, 0x552e,
    0x555c, 0x5545, 0x5556, 0x5557, 0x5538, 0x5533, 0x555d, 0x5599, 0x5580, 0x54af, 0x558a, 0x559f, 0x557b, 0x557e, 0x5598, 0x559e,
    0x55ae, 0x557c, 0x5583, 0x55a9, 0x5587, 0x55a8, 0x55da, 0x55c5, 0x55df, 0x55c4, 0x55dc, 0x55e4, 0x55d4, 0x5614, 0x55f7, 0x5616,
    0x55fe, 0x55fd, 0x561b, 0x55f9, 0x564e, 0x5650, 0x71df, 0x5634, 0x5636, 0x5632, 0x5638, 0x566b, 0x5664, 0x562f, 0x566c, 0x566a,
    0x5686, 0x5680, 0x568a, 0x56a0, 0x5694, 0x568f, 0x56a5, 0x56ae, 0x56b6, 0x56b4, 0x56c2, 0x56bc, 0x56c1, 0x56c3, 0x56c0, 0x56c8,
    0x56ce, 0x56d1, 0x56d3, 0x56d7, 0x56ee, 0x56f9, 0x5700, 0x56ff, 0x5704, 0x5709, 0x5708, 0x570b, 0x570d, 0x5713, 0x5718, 0x5716,
    0x55c7, 0x571c, 0x5726, 0x5737, 0x5738, 0x574e, 0x573b, 0x5740, 0x574f, 0x5769, 0x57c0, 0x5788, 0x5761, 0x577f, 0x5789, 0x5793,
    0x57a0, 0x57b3, 0x57a4, 0x57aa, 0x57b0, 0x57c3, 0x57c6, 0x57d4, 0x57d2, 0x57d3, 0x580a, 0x57d6, 0x57e3, 0x580b, 0x5819, 0x581d,
    0x5872, 0x5821, 0x5862, 0x584b, 0x5870, 0x6bc0, 0x5852, 0x583d, 0x5879, 0x5885, 0x58b9, 0x589f, 0x58ab, 0x58ba, 0x58de, 0x58bb,
    0x58b8, 0x58ae, 0x58c5, 0x58d3, 0x58d1, 0x58d7, 0x58d9, 0x58d8, 0x58e5, 0x58dc, 0x58e4, 0x58df, 0x58ef, 0x58fa, 0x58f9, 0x58fb,
    0x58fc, 0x58fd, 0x5902, 0x590a, 0x5910, 0x591b, 0x68a6, 0x5925, 0x592c, 0x592d, 0x5932, 0x5938, 0x593e, 0x7ad2, 0x5955, 0x5950,
    0x594e, 0x595a, 0x5958, 0x5962, 0x5960, 0x5967, 0x596c, 0x5969, 0x5978, 0x5981, 0x599d, 0x4f5e, 0x4fab, 0x59a3, 0x59b2, 0x59c6,
    0x59e8, 0x59dc, 0x598d, 0x59d9, 0x59da, 0x5a25, 0x5a1f, 0x5a11, 0x5a1c, 0x5a09, 0x5a1a, 0x5a40, 0x5a6c, 0x5a49, 0x5a35, 0x5a36,
    0x5a62, 0x5a6a, 0x5a9a, 0x5abc, 0x5abe, 0x5acb, 0x5ac2, 0x5abd, 0x5ae3, 0x5ad7, 0x5ae6, 0x5ae9, 0x5ad6, 0x5afa, 0x5afb, 0x5b0c,
    0x5b0b, 0x5b16, 0x5b32, 0x5ad0, 0x5b2a, 0x5b36, 0x5b3e, 0x5b43, 0x5b45, 0x5b40, 0x5b51, 0x5b55, 0x5b5a, 0x5b5b, 0x5b65, 0x5b69,
    0x5b70, 0x5b73, 0x5b75, 0x5b78, 0x6588, 0x5b7a, 0x5b80, 0x5b83, 0x5ba6, 0x5bb8, 0x5bc3, 0x5bc7, 0x5bc9, 0x5bd4, 0x5bd0, 0x5be4,
    0x5be6, 0x5be2, 0x5bde, 0x5be5, 0x5beb, 0x5bf0, 0x5bf6, 0x5bf3, 0x5c05, 0x5c07, 0x5c08, 0x5c0d, 0x5c13, 0x5c20, 0x5c22, 0x5c28,
    0x5c38, 0x5c39, 0x5c41, 0x5c46, 0x5c4e, 0x5c53, 0x5c50, 0x5c4f, 0x5b71, 0x5c6c, 0x5c6e, 0x4e62, 0x5c76, 0x5c79, 0x5c8c, 0x5c91,
    0x5c94, 0x599b, 0x5cab, 0x5cbb, 0x5cb6, 0x5cbc, 0x5cb7, 0x5cc5, 0x5cbe, 0x5cc7, 0x5cd9, 0x5ce9, 0x5cfd, 0x5cfa, 0x5ced, 0x5d8c,
    0x5cea, 0x5d0b, 0x5d15, 0x5d17, 0x5d5c, 0x5d1f, 0x5d1b, 0x5d11, 0x5d14, 0x5d22, 0x5d1a, 0x5d19, 0x5d18, 0x5d4c, 0x5d52, 0x5d4e,
    0x5d4b, 0x5d6c, 0x5d73, 0x5d76, 0x5d87, 0x5d84, 0x5d82, 0x5da2, 0x5d9d, 0x5dac, 0x5dae, 0x5dbd, 0x5d90, 0x5db7, 0x5dbc, 0x5dc9,
    0x5dcd, 0x5dd3, 0x5dd2, 0x5dd6, 0x5ddb, 0x5deb, 0x5df2, 0x5df5, 0x5e0b, 0x5e1a, 0x5e19, 0x5e11, 0x5e1b, 0x5e36, 0x5e37, 0x5e44,
    0x5e43, 0x5e40, 0x5e4e, 0x5e57, 0x5e54, 0x5e5f, 0x5e62, 0x5e64, 0x5e47, 0x5e75, 0x5e76, 0x5e7a, 0x9ebc, 0x5e7f, 0x5ea0, 0x5ec1,
    0x5ec2, 0x5ec8, 0x5ed0, 0x5ecf, 0x5ed6, 0x5ee3, 0x5edd, 0x5eda, 0x5edb, 0x5ee2, 0x5ee1, 0x5ee8, 0x5ee9, 0x5eec, 0x5ef1, 0x5ef3,
    0x5ef0, 0x5ef4, 0x5ef8, 0x5efe, 0x5f03, 0x5f09, 0x5f5d, 0x5f5c, 0x5f0b, 0x5f11, 0x5f16, 0x5f29, 0x5f2d, 0x5f38, 0x5f41, 0x5f48,
    0x5f4c, 0x5f4e, 0x5f2f, 0x5f51, 0x5f56, 0x5f57, 0x5f59, 0x5f61, 0x5f6d, 0x5f73, 0x5f77, 0x5f83, 0x5f82, 0x5f7f, 0x5f8a, 0x5f88,
    0x5f91, 0x5f87, 0x5f9e, 0x5f99, 0x5f98, 0x5fa0, 0x5fa8, 0x5fad, 0x5fbc, 0x5fd6, 0x5ffb, 0x5fe4, 0x5ff8, 0x5ff1, 0x5fdd, 0x60b3,
    0x5fff, 0x6021, 0x6060, 0x6019, 0x6010, 0x6029, 0x600e, 0x6031, 0x601b, 0x6015, 0x602b, 0x6026, 0x600f, 0x603a, 0x605a, 0x6041,
    0x606a, 0x6077, 0x605f, 0x604a, 0x6046, 0x604d, 0x6063, 0x6043, 0x6064, 0x6042, 0x606c, 0x606b, 0x6059, 0x6081, 0x608d, 0x60e7,
    0x6083, 0x609a, 0x6084, 0x609b, 0x6096, 0x6097, 0x6092, 0x60a7, 0x608b, 0x60e1, 0x60b8, 0x60e0, 0x60d3, 0x60b4, 0x5ff0, 0x60bd,
    0x60c6, 0x60b5, 0x60d8, 0x614d, 0x6115, 0x6106, 0x60f6, 0x60f7, 0x6100, 0x60f4, 0x60fa, 0x6103, 0x6121, 0x60fb, 0x60f1, 0x610d,
    0x610e, 0x6147, 0x613e, 0x6128, 0x6127, 0x614a, 0x613f, 0x613c, 0x612c, 0x6134, 0x613d, 0x6142, 0x6144, 0x6173, 0x6177, 0x6158,
    0x6159, 0x615a, 0x616b, 0x6174, 0x616f, 0x6165, 0x6171, 0x615f, 0x615d, 0x6153, 0x6175, 0x6199, 0x6196, 0x6187, 0x61ac, 0x6194,
    0x619a, 0x618a, 0x6191, 0x61ab, 0x61ae, 0x61cc, 0x61ca, 0x61c9, 0x61f7, 0x61c8, 0x61c3, 0x61c6, 0x61ba, 0x61cb, 0x7f79, 0x61cd,
    0x61e6, 0x61e3, 0x61f6, 0x61fa, 0x61f4, 0x61ff, 0x61fd, 0x61fc, 0x61fe, 0x6200, 0x6208, 0x6209, 0x620d, 0x620c, 0x6214, 0x621b,
    0x621e, 0x6221, 0x622a, 0x622e, 0x6230, 0x6232, 0x6233, 0x6241, 0x624e, 0x625e, 0x6263, 0x625b, 0x6260, 0x6268, 0x627c, 0x6282,
    0x6289, 0x627e, 0x6292, 0x6293, 0x6296, 0x62d4, 0x6283, 0x6294, 0x62d7, 0x62d1, 0x62bb, 0x62cf, 0x62ff, 0x62c6, 0x64d4, 0x62c8,
    0x62dc, 0x62cc, 0x62ca, 0x62c2, 0x62c7, 0x629b, 0x62c9, 0x630c, 0x62ee, 0x62f1, 0x6327, 0x6302, 0x6308, 0x62ef, 0x62f5, 0x6350,
    0x633e, 0x634d, 0x641c, 0x634f, 0x6396, 0x638e, 0x6380, 0x63ab, 0x6376, 0x63a3, 0x638f, 0x6389, 0x639f, 0x63b5, 0x636b, 0x6369,
    0x63be, 0x63e9, 0x63c0, 0x63c6, 0x63e3, 0x63c9, 0x63d2, 0x63f6, 0x63c4, 0x6416, 0x6434, 0x6406, 0x6413, 0x6426, 0x6436, 0x651d,
    0x6417, 0x6428, 0x640f, 0x6467, 0x646f, 0x6476, 0x644e, 0x652a, 0x6495, 0x6493, 0x64a5, 0x64a9, 0x6488, 0x64bc, 0x64da, 0x64d2,
    0x64c5, 0x64c7, 0x64bb, 0x64d8, 0x64c2, 0x64f1, 0x64e7, 0x8209, 0x64e0, 0x64e1, 0x62ac, 0x64e3, 0x64ef, 0x652c, 0x64f6, 0x64f4,
    0x64f2, 0x64fa, 0x6500, 0x64fd, 0x6518, 0x651c, 0x6505, 0x6524, 0x6523, 0x652b, 0x6534, 0x6535, 0x6537, 0x6536, 0x6538, 0x754b,
    0x6548, 0x6556, 0x6555, 0x654d, 0x6558, 0x655e, 0x655d, 0x6572, 0x6578, 0x6582, 0x6583, 0x8b8a, 0x659b, 0x659f, 0x65ab, 0x65b7,
    0x65c3, 0x65c6, 0x65c1, 0x65c4, 0x65cc, 0x65d2, 0x65db, 0x65d9, 0x65e0, 0x65e1, 0x65f1, 0x6772, 0x660a, 0x6603, 0x65fb, 0x6773,
    0x6635, 0x6636, 0x6634, 0x661c, 0x664f, 0x6644, 0x6649, 0x6641, 0x665e, 0x665d, 0x6664, 0x6667, 0x6668, 0x665f, 0x6662, 0x6670,
    0x6683, 0x6688, 0x668e, 0x6689, 0x6684, 0x6698, 0x669d, 0x66c1, 0x66b9, 0x66c9, 0x66be, 0x66bc, 0x66c4, 0x66b8, 0x66d6, 0x66da,
    0x66e0, 0x663f, 0x66e6, 0x66e9, 0x66f0, 0x66f5, 0x66f7, 0x670f, 0x6716, 0x671e, 0x6726, 0x6727, 0x9738, 0x672e, 0x673f, 0x6736,
    0x6741, 0x6738, 0x6737, 0x6746, 0x675e, 0x6760, 0x6759, 0x6763, 0x6764, 0x6789, 0x6770, 0x67a9, 0x677c, 0x676a, 0x678c, 0x678b,
    0x67a6, 0x67a1, 0x6785, 0x67b7, 0x67ef, 0x67b4, 0x67ec, 0x67b3, 0x67e9, 0x67b8, 0x67e4, 0x67de, 0x67dd, 0x67e2, 0x67ee, 0x67b9,
    0x67ce, 0x67c6, 0x67e7, 0x6a9c, 0x681e, 0x6846, 0x6829, 0x6840, 0x684d, 0x6832, 0x684e, 0x68b3, 0x682b, 0x6859, 0x6863, 0x6877,
    0x687f, 0x689f, 0x688f, 0x68ad, 0x6894, 0x689d, 0x689b, 0x6883, 0x6aae, 0x68b9, 0x6874, 0x68b5, 0x68a0, 0x68ba, 0x690f, 0x688d,
    0x687e, 0x6901, 0x68ca, 0x6908, 0x68d8, 0x6922, 0x6926, 0x68e1, 0x690c, 0x68cd, 0x68d4, 0x68e7, 0x68d5, 0x6936, 0x6912, 0x6904,
    0x68d7, 0x68e3, 0x6925, 0x68f9, 0x68e0, 0x68ef, 0x6928, 0x692a, 0x691a, 0x6923, 0x6921, 0x68c6, 0x6979, 0x6977, 0x695c, 0x6978,
    0x696b, 0x6954, 0x697e, 0x696e, 0x6939, 0x6974, 0x693d, 0x6959, 0x6930, 0x6961, 0x695e, 0x695d, 0x6981, 0x696a, 0x69b2, 0x69ae,
    0x69d0, 0x69bf, 0x69c1, 0x69d3, 0x69be, 0x69ce, 0x5be8, 0x69ca, 0x69dd, 0x69bb, 0x69c3, 0x69a7, 0x6a2e, 0x6991, 0x69a0, 0x699c,
    0x6995, 0x69b4, 0x69de, 0x69e8, 0x6a02, 0x6a1b, 0x69ff, 0x6b0a, 0x69f9, 0x69f2, 0x69e7, 0x6a05, 0x69b1, 0x6a1e, 0x69ed, 0x6a14,
    0x69eb, 0x6a0a, 0x6a12, 0x6ac1, 0x6a23, 0x6a13, 0x6a44, 0x6a0c, 0x6a72, 0x6a36, 0x6a78, 0x6a47, 0x6a62, 0x6a59, 0x6a66, 0x6a48,
    0x6a38, 0x6a22, 0x6a90, 0x6a8d, 0x6aa0, 0x6a84, 0x6aa2, 0x6aa3, 0x6a97, 0x8617, 0x6abb, 0x6ac3, 0x6ac2, 0x6ab8, 0x6ab3, 0x6aac,
    0x6ade, 0x6ad1, 0x6adf, 0x6aaa, 0x6ada, 0x6aea, 0x6afb, 0x6b05, 0x8616, 0x6afa, 0x6b12, 0x6b16, 0x9b31, 0x6b1f, 0x6b38, 0x6b37,
    0x76dc, 0x6b39, 0x98ee, 0x6b47, 0x6b43, 0x6b49, 0x6b50, 0x6b59, 0x6b54, 0x6b5b, 0x6b5f, 0x6b61, 0x6b78, 0x6b79, 0x6b7f, 0x6b80,
    0x6b84, 0x6b83, 0x6b8d, 0x6b98, 0x6b95, 0x6b9e, 0x6ba4, 0x6baa, 0x6bab, 0x6baf, 0x6bb2, 0x6bb1, 0x6bb3, 0x6bb7, 0x6bbc, 0x6bc6,
    0x6bcb, 0x6bd3, 0x6bdf, 0x6bec, 0x6beb, 0x6bf3, 0x6bef, 0x9ebe, 0x6c08, 0x6c13, 0x6c14, 0x6c1b, 0x6c24, 0x6c23, 0x6c5e, 0x6c55,
    0x6c62, 0x6c6a, 0x6c82, 0x6c8d, 0x6c9a, 0x6c81, 0x6c9b, 0x6c7e, 0x6c68, 0x6c73, 0x6c92, 0x6c90, 0x6cc4, 0x6cf1, 0x6cd3, 0x6cbd,
    0x6cd7, 0x6cc5, 0x6cdd, 0x6cae, 0x6cb1, 0x6cbe, 0x6cba, 0x6cdb, 0x6cef, 0x6cd9, 0x6cea, 0x6d1f, 0x884d, 0x6d36, 0x6d2b, 0x6d3d,
    0x6d38, 0x6d19, 0x6d35, 0x6d33, 0x6d12, 0x6d0c, 0x6d63, 0x6d93, 0x6d64, 0x6d5a, 0x6d79, 0x6d59, 0x6d8e, 0x6d95, 0x6fe4, 0x6d85,
    0x6df9, 0x6e15, 0x6e0a, 0x6db5, 0x6dc7, 0x6de6, 0x6db8, 0x6dc6, 0x6dec, 0x6dde, 0x6dcc, 0x6de8, 0x6dd2, 0x6dc5, 0x6dfa, 0x6dd9,
    0x6de4, 0x6dd5, 0x6dea, 0x6dee, 0x6e2d, 0x6e6e, 0x6e2e, 0x6e19, 0x6e72, 0x6e5f, 0x6e3e, 0x6e23, 0x6e6b, 0x6e2b, 0x6e76, 0x6e4d,
    0x6e1f, 0x6e43, 0x6e3a, 0x6e4e, 0x6e24, 0x6eff, 0x6e1d, 0x6e38, 0x6e82, 0x6eaa, 0x6e98, 0x6ec9, 0x6eb7, 0x6ed3, 0x6ebd, 0x6eaf,
    0x6ec4, 0x6eb2, 0x6ed4, 0x6ed5, 0x6e8f, 0x6ea5, 0x6ec2, 0x6e9f, 0x6f41, 0x6f11, 0x704c, 0x6eec, 0x6ef8, 0x6efe, 0x6f3f, 0x6ef2,
    0x6f31, 0x6eef, 0x6f32, 0x6ecc, 0x6f3e, 0x6f13, 0x6ef7, 0x6f86, 0x6f7a, 0x6f78, 0x6f81, 0x6f80, 0x6f6f, 0x6f5b, 0x6ff3, 0x6f6d,
    0x6f82, 0x6f7c, 0x6f58, 0x6f8e, 0x6f91, 0x6fc2, 0x6f66, 0x6fb3, 0x6fa3, 0x6fa1, 0x6fa4, 0x6fb9, 0x6fc6, 0x6faa, 0x6fdf, 0x6fd5,
    0x6fec, 0x6fd4, 0x6fd8, 0x6ff1, 0x6fee, 0x6fdb, 0x7009, 0x700b, 0x6ffa, 0x7011, 0x7001, 0x700f, 0x6ffe, 0x701b, 0x701a, 0x6f74,
    0x701d, 0x7018, 0x701f, 0x7030, 0x703e, 0x7032, 0x7051, 0x7063, 0x7099, 0x7092, 0x70af, 0x70f1, 0x70ac, 0x70b8, 0x70b3, 0x70ae,
    0x70df, 0x70cb, 0x70dd, 0x70d9, 0x7109, 0x70fd, 0x711c, 0x7119, 0x7165, 0x7155, 0x7188, 0x7166, 0x7162, 0x714c, 0x7156, 0x716c,
    0x718f, 0x71fb, 0x7184, 0x7195, 0x71a8, 0x71ac, 0x71d7, 0x71b9, 0x71be, 0x71d2, 0x71c9, 0x71d4, 0x71ce, 0x71e0, 0x71ec, 0x71e7,
    0x71f5, 0x71fc, 0x71f9, 0x71ff, 0x720d, 0x7210, 0x721b, 0x7228, 0x722d, 0x722c, 0x7230, 0x7232, 0x723b, 0x723c, 0x723f, 0x7240,
    0x7246, 0x724b, 0x7258, 0x7274, 0x727e, 0x7282, 0x7281, 0x7287, 0x7292, 0x7296, 0x72a2, 0x72a7, 0x72b9, 0x72b2, 0x72c3, 0x72c6,
    0x72c4, 0x72ce, 0x72d2, 0x72e2, 0x72e0, 0x72e1, 0x72f9, 0x72f7, 0x500f, 0x7317, 0x730a, 0x731c, 0x7316, 0x731d, 0x7334, 0x732f,
    0x7329, 0x7325, 0x733e, 0x734e, 0x734f, 0x9ed8, 0x7357, 0x736a, 0x7368, 0x7370, 0x7378, 0x7375, 0x737b, 0x737a, 0x73c8, 0x73b3,
    0x73ce, 0x73bb, 0x73c0, 0x73e5, 0x73ee, 0x73de, 0x74a2, 0x7405, 0x746f, 0x7425, 0x73f8, 0x7432, 0x743a, 0x7455, 0x743f, 0x745f,
    0x7459, 0x7441, 0x745c, 0x7469, 0x7470, 0x7463, 0x746a, 0x7476, 0x747e, 0x748b, 0x749e, 0x74a7, 0x74ca, 0x74cf, 0x74d4, 0x73f1,
    0x74e0, 0x74e3, 0x74e7, 0x74e9, 0x74ee, 0x74f2, 0x74f0, 0x74f1, 0x74f8, 0x74f7, 0x7504, 0x7503, 0x7505, 0x750c, 0x750e, 0x750d,
    0x7515, 0x7513, 0x751e, 0x7526, 0x752c, 0x753c, 0x7544, 0x754d, 0x754a, 0x7549, 0x755b, 0x7546, 0x755a, 0x7569, 0x7564, 0x7567,
    0x756b, 0x756d, 0x7578, 0x7576, 0x7586, 0x7587, 0x7574, 0x758a, 0x7589, 0x7582, 0x7594, 0x759a, 0x759d, 0x75a5, 0x75a3, 0x75c2,
    0x75b3, 0x75c3, 0x75b5, 0x75bd, 0x75b8, 0x75bc, 0x75b1, 0x75cd, 0x75ca, 0x75d2, 0x75d9, 0x75e3, 0x75de, 0x75fe, 0x75ff, 0x75fc,
    0x7601, 0x75f0, 0x75fa, 0x75f2, 0x75f3, 0x760b, 0x760d, 0x7609, 0x761f, 0x7627, 0x7620, 0x7621, 0x7622, 0x7624, 0x7634, 0x7630,
    0x763b, 0x7647, 0x7648, 0x7646, 0x765c, 0x7658, 0x7661, 0x7662, 0x7668, 0x7669, 0x766a, 0x7667, 0x766c, 0x7670, 0x7672, 0x7676,
    0x7678, 0x767c, 0x7680, 0x7683, 0x7688, 0x768b, 0x768e, 0x7696, 0x7693, 0x7699, 0x769a, 0x76b0, 0x76b4, 0x76b8, 0x76b9, 0x76ba,
    0x76c2, 0x76cd, 0x76d6, 0x76d2, 0x76de, 0x76e1, 0x76e5, 0x76e7, 0x76ea, 0x862f, 0x76fb, 0x7708, 0x7707, 0x7704, 0x7729, 0x7724,
    0x771e, 0x7725, 0x7726, 0x771b, 0x7737, 0x7738, 0x7747, 0x775a, 0x7768, 0x776b, 0x775b, 0x7765, 0x777f, 0x777e, 0x7779, 0x778e,
    0x778b, 0x7791, 0x77a0, 0x779e, 0x77b0, 0x77b6, 0x77b9, 0x77bf, 0x77bc, 0x77bd, 0x77bb, 0x77c7, 0x77cd, 0x77d7, 0x77da, 0x77dc,
    0x77e3, 0x77ee, 0x77fc, 0x780c, 0x7812, 0x7926, 0x7820, 0x792a, 0x7845, 0x788e, 0x7874, 0x7886, 0x787c, 0x789a, 0x788c, 0x78a3,
    0x78b5, 0x78aa, 0x78af, 0x78d1, 0x78c6, 0x78cb, 0x78d4, 0x78be, 0x78bc, 0x78c5, 0x78ca, 0x78ec, 0x78e7, 0x78da, 0x78fd, 0x78f4,
    0x7907, 0x7912, 0x7911, 0x7919, 0x792c, 0x792b, 0x7940, 0x7960, 0x7957, 0x795f, 0x795a, 0x7955, 0x7953, 0x797a, 0x797f, 0x798a,
    0x799d, 0x79a7, 0x9f4b, 0x79aa, 0x79ae, 0x79b3, 0x79b9, 0x79ba, 0x79c9, 0x79d5, 0x79e7, 0x79ec, 0x79e1, 0x79e3, 0x7a08, 0x7a0d,
    0x7a18, 0x7a19, 0x7a20, 0x7a1f, 0x7980, 0x7a31, 0x7a3b, 0x7a3e, 0x7a37, 0x7a43, 0x7a57, 0x7a49, 0x7a61, 0x7a62, 0x7a69, 0x9f9d,
    0x7a70, 0x7a79, 0x7a7d, 0x7a88, 0x7a97, 0x7a95, 0x7a98, 0x7a96, 0x7aa9, 0x7ac8, 0x7ab0, 0x7ab6, 0x7ac5, 0x7ac4, 0x7abf, 0x9083,
    0x7ac7, 0x7aca, 0x7acd, 0x7acf, 0x7ad5, 0x7ad3, 0x7ad9, 0x7ada, 0x7add, 0x7ae1, 0x7ae2, 0x7ae6, 0x7aed, 0x7af0, 0x7b02, 0x7b0f,
    0x7b0a, 0x7b06, 0x7b33, 0x7b18, 0x7b19, 0x7b1e, 0x7b35, 0x7b28, 0x7b36, 0x7b50, 0x7b7a, 0x7b04, 0x7b4d, 0x7b0b, 0x7b4c, 0x7b45,
    0x7b75, 0x7b65, 0x7b74, 0x7b67, 0x7b70, 0x7b71, 0x7b6c, 0x7b6e, 0x7b9d, 0x7b98, 0x7b9f, 0x7b8d, 0x7b9c, 0x7b9a, 0x7b8b, 0x7b92,
    0x7b8f, 0x7b5d, 0x7b99, 0x7bcb, 0x7bc1, 0x7bcc, 0x7bcf, 0x7bb4, 0x7bc6, 0x7bdd, 0x7be9, 0x7c11, 0x7c14, 0x7be6, 0x7be5, 0x7c60,
    0x7c00, 0x7c07, 0x7c13, 0x7bf3, 0x7bf7, 0x7c17, 0x7c0d, 0x7bf6, 0x7c23, 0x7c27, 0x7c2a, 0x7c1f, 0x7c37, 0x7c2b, 0x7c3d, 0x7c4c,
    0x7c43, 0x7c54, 0x7c4f, 0x7c40, 0x7c50, 0x7c58, 0x7c5f, 0x7c64, 0x7c56, 0x7c65, 0x7c6c, 0x7c75, 0x7c83, 0x7c90, 0x7ca4, 0x7cad,
    0x7ca2, 0x7cab, 0x7ca1, 0x7ca8, 0x7cb3, 0x7cb2, 0x7cb1, 0x7cae, 0x7cb9, 0x7cbd, 0x7cc0, 0x7cc5, 0x7cc2, 0x7cd8, 0x7cd2, 0x7cdc,
    0x7ce2, 0x9b3b, 0x7cef, 0x7cf2, 0x7cf4, 0x7cf6, 0x7cfa, 0x7d06, 0x7d02, 0x7d1c, 0x7d15, 0x7d0a, 0x7d45, 0x7d4b, 0x7d2e, 0x7d32,
    0x7d3f, 0x7d35, 0x7d46, 0x7d73, 0x7d56, 0x7d4e, 0x7d72, 0x7d68, 0x7d6e, 0x7d4f, 0x7d63, 0x7d93, 0x7d89, 0x7d5b, 0x7d8f, 0x7d7d,
    0x7d9b, 0x7dba, 0x7dae, 0x7da3, 0x7db5, 0x7dc7, 0x7dbd, 0x7dab, 0x7e3d, 0x7da2, 0x7daf, 0x7ddc, 0x7db8, 0x7d9f, 0x7db0, 0x7dd8,
    0x7ddd, 0x7de4, 0x7dde, 0x7dfb, 0x7df2, 0x7de1, 0x7e05, 0x7e0a, 0x7e23, 0x7e21, 0x7e12, 0x7e31, 0x7e1f, 0x7e09, 0x7e0b, 0x7e22,
    0x7e46, 0x7e66, 0x7e3b, 0x7e35, 0x7e39, 0x7e43, 0x7e37, 0x7e32, 0x7e3a, 0x7e67, 0x7e5d, 0x7e56, 0x7e5e, 0x7e59, 0x7e5a, 0x7e79,
    0x7e6a, 0x7e69, 0x7e7c, 0x7e7b, 0x7e83, 0x7dd5, 0x7e7d, 0x8fae, 0x7e7f, 0x7e88, 0x7e89, 0x7e8c, 0x7e92, 0x7e90, 0x7e93, 0x7e94,
    0x7e96, 0x7e8e, 0x7e9b, 0x7e9c, 0x7f38, 0x7f3a, 0x7f45, 0x7f4c, 0x7f4d, 0x7f4e, 0x7f50, 0x7f51, 0x7f55, 0x7f54, 0x7f58, 0x7f5f,
    0x7f60, 0x7f68, 0x7f69, 0x7f67, 0x7f78, 0x7f82, 0x7f86, 0x7f83, 0x7f88, 0x7f87, 0x7f8c, 0x7f94, 0x7f9e, 0x7f9d, 0x7f9a, 0x7fa3,
    0x7faf, 0x7fb2, 0x7fb9, 0x7fae, 0x7fb6, 0x7fb8, 0x8b71, 0x7fc5, 0x7fc6, 0x7fca, 0x7fd5, 0x7fd4, 0x7fe1, 0x7fe6, 0x7fe9, 0x7ff3,
    0x7ff9, 0x98dc, 0x8006, 0x8004, 0x800b, 0x8012, 0x8018, 0x8019, 0x801c, 0x8021, 0x8028, 0x803f, 0x803b, 0x804a, 0x8046, 0x8052,
    0x8058, 0x805a, 0x805f, 0x8062, 0x8068, 0x8073, 0x8072, 0x8070, 0x8076, 0x8079, 0x807d, 0x807f, 0x8084, 0x8086, 0x8085, 0x809b,
    0x8093, 0x809a, 0x80ad, 0x5190, 0x80ac, 0x80db, 0x80e5, 0x80d9, 0x80dd, 0x80c4, 0x80da, 0x80d6, 0x8109, 0x80ef, 0x80f1, 0x811b,
    0x8129, 0x8123, 0x812f, 0x814b, 0x968b, 0x8146, 0x813e, 0x8153, 0x8151, 0x80fc, 0x8171, 0x816e, 0x8165, 0x8166, 0x8174, 0x8183,
    0x8188, 0x818a, 0x8180, 0x8182, 0x81a0, 0x8195, 0x81a4, 0x81a3, 0x815f, 0x8193, 0x81a9, 0x81b0, 0x81b5, 0x81be, 0x81b8, 0x81bd,
    0x81c0, 0x81c2, 0x81ba, 0x81c9, 0x81cd, 0x81d1, 0x81d9, 0x81d8, 0x81c8, 0x81da, 0x81df, 0x81e0, 0x81e7, 0x81fa, 0x81fb, 0x81fe,
    0x8201, 0x8202, 0x8205, 0x8207, 0x820a, 0x820d, 0x8210, 0x8216, 0x8229, 0x822b, 0x8238, 0x8233, 0x8240, 0x8259, 0x8258, 0x825d,
    0x825a, 0x825f, 0x8264, 0x8262, 0x8268, 0x826a, 0x826b, 0x822e, 0x8271, 0x8277, 0x8278, 0x827e, 0x828d, 0x8292, 0x82ab, 0x829f,
    0x82bb, 0x82ac, 0x82e1, 0x82e3, 0x82df, 0x82d2, 0x82f4, 0x82f3, 0x82fa, 0x8393, 0x8303, 0x82fb, 0x82f9, 0x82de, 0x8306, 0x82dc,
    0x8309, 0x82d9, 0x8335, 0x8334, 0x8316, 0x8332, 0x8331, 0x8340, 0x8339, 0x8350, 0x8345, 0x832f, 0x832b, 0x8317, 0x8318, 0x8385,
    0x839a, 0x83aa, 0x839f, 0x83a2, 0x8396, 0x8323, 0x838e, 0x8387, 0x838a, 0x837c, 0x83b5, 0x8373, 0x8375, 0x83a0, 0x8389, 0x83a8,
    0x83f4, 0x8413, 0x83eb, 0x83ce, 0x83fd, 0x8403, 0x83d8, 0x840b, 0x83c1, 0x83f7, 0x8407, 0x83e0, 0x83f2, 0x840d, 0x8422, 0x8420,
    0x83bd, 0x8438, 0x8506, 0x83fb, 0x846d, 0x842a, 0x843c, 0x855a, 0x8484, 0x8477, 0x846b, 0x84ad, 0x846e, 0x8482, 0x8469, 0x8446,
    0x842c, 0x846f, 0x8479, 0x8435, 0x84ca, 0x8462, 0x84b9, 0x84bf, 0x849f, 0x84d9, 0x84cd, 0x84bb, 0x84da, 0x84d0, 0x84c1, 0x84c6,
    0x84d6, 0x84a1, 0x8521, 0x84ff, 0x84f4, 0x8517, 0x8518, 0x852c, 0x851f, 0x8515, 0x8514, 0x84fc, 0x8540, 0x8563, 0x8558, 0x8548,
    0x8541, 0x8602, 0x854b, 0x8555, 0x8580, 0x85a4, 0x8588, 0x8591, 0x858a, 0x85a8, 0x856d, 0x8594, 0x859b, 0x85ea, 0x8587, 0x859c,
    0x8577, 0x857e, 0x8590, 0x85c9, 0x85ba, 0x85cf, 0x85b9, 0x85d0, 0x85d5, 0x85dd, 0x85e5, 0x85dc, 0x85f9, 0x860a, 0x8613, 0x860b,
    0x85fe, 0x85fa, 0x8606, 0x8622, 0x861a, 0x8630, 0x863f, 0x864d, 0x4e55, 0x8654, 0x865f, 0x8667, 0x8671, 0x8693, 0x86a3, 0x86a9,
    0x86aa, 0x868b, 0x868c, 0x86b6, 0x86af, 0x86c4, 0x86c6, 0x86b0, 0x86c9, 0x8823, 0x86ab, 0x86d4, 0x86de, 0x86e9, 0x86ec, 0x86df,
    0x86db, 0x86ef, 0x8712, 0x8706, 0x8708, 0x8700, 0x8703, 0x86fb, 0x8711, 0x8709, 0x870d, 0x86f9, 0x870a, 0x8734, 0x873f, 0x8737,
    0x873b, 0x8725, 0x8729, 0x871a, 0x8760, 0x875f, 0x8778, 0x874c, 0x874e, 0x8774, 0x8757, 0x8768, 0x876e, 0x8759, 0x8753, 0x8763,
    0x876a, 0x8805, 0x87a2, 0x879f, 0x8782, 0x87af, 0x87cb, 0x87bd, 0x87c0, 0x87d0, 0x96d6, 0x87ab, 0x87c4, 0x87b3, 0x87c7, 0x87c6,
    0x87bb, 0x87ef, 0x87f2, 0x87e0, 0x880f, 0x880d, 0x87fe, 0x87f6, 0x87f7, 0x880e, 0x87d2, 0x8811, 0x8816, 0x8815, 0x8822, 0x8821,
    0x8831, 0x8836, 0x8839, 0x8827, 0x883b, 0x8844, 0x8842, 0x8852, 0x8859, 0x885e, 0x8862, 0x886b, 0x8881, 0x887e, 0x889e, 0x8875,
    0x887d, 0x88b5, 0x8872, 0x8882, 0x8897, 0x8892, 0x88ae, 0x8899, 0x88a2, 0x888d, 0x88a4, 0x88b0, 0x88bf, 0x88b1, 0x88c3, 0x88c4,
    0x88d4, 0x88d8, 0x88d9, 0x88dd, 0x88f9, 0x8902, 0x88fc, 0x88f4, 0x88e8, 0x88f2, 0x8904, 0x890c, 0x890a, 0x8913, 0x8943, 0x891e,
    0x8925, 0x892a, 0x892b, 0x8941, 0x8944, 0x893b, 0x8936, 0x8938, 0x894c, 0x891d, 0x8960, 0x895e, 0x8966, 0x8964, 0x896d, 0x896a,
    0x896f, 0x8974, 0x8977, 0x897e, 0x8983, 0x8988, 0x898a, 0x8993, 0x8998, 0x89a1, 0x89a9, 0x89a6, 0x89ac, 0x89af, 0x89b2, 0x89ba,
    0x89bd, 0x89bf, 0x89c0, 0x89da, 0x89dc, 0x89dd, 0x89e7, 0x89f4, 0x89f8, 0x8a03, 0x8a16, 0x8a10, 0x8a0c, 0x8a1b, 0x8a1d, 0x8a25,
    0x8a36, 0x8a41, 0x8a5b, 0x8a52, 0x8a46, 0x8a48, 0x8a7c, 0x8a6d, 0x8a6c, 0x8a62, 0x8a85, 0x8a82, 0x8a84, 0x8aa8, 0x8aa1, 0x8a91,
    0x8aa5, 0x8aa6, 0x8a9a, 0x8aa3, 0x8ac4, 0x8acd, 0x8ac2, 0x8ada, 0x8aeb, 0x8af3, 0x8ae7, 0x8ae4, 0x8af1, 0x8b14, 0x8ae0, 0x8ae2,
    0x8af7, 0x8ade, 0x8adb, 0x8b0c, 0x8b07, 0x8b1a, 0x8ae1, 0x8b16, 0x8b10, 0x8b17, 0x8b20, 0x8b33, 0x97ab, 0x8b26, 0x8b2b, 0x8b3e,
    0x8b28, 0x8b41, 0x8b4c, 0x8b4f, 0x8b4e, 0x8b49, 0x8b56, 0x8b5b, 0x8b5a, 0x8b6b, 0x8b5f, 0x8b6c, 0x8b6f, 0x8b74, 0x8b7d, 0x8b80,
    0x8b8c, 0x8b8e, 0x8b92, 0x8b93, 0x8b96, 0x8b99, 0x8b9a, 0x8c3a, 0x8c41, 0x8c3f, 0x8c48, 0x8c4c, 0x8c4e, 0x8c50, 0x8c55, 0x8c62,
    0x8c6c, 0x8c78, 0x8c7a, 0x8c82, 0x8c89, 0x8c85, 0x8c8a, 0x8c8d, 0x8c8e, 0x8c94, 0x8c7c, 0x8c98, 0x621d, 0x8cad, 0x8caa, 0x8cbd,
    0x8cb2, 0x8cb3, 0x8cae, 0x8cb6, 0x8cc8, 0x8cc1, 0x8ce4, 0x8ce3, 0x8cda, 0x8cfd, 0x8cfa, 0x8cfb, 0x8d04, 0x8d05, 0x8d0a, 0x8d07,
    0x8d0f, 0x8d0d, 0x8d10, 0x9f4e, 0x8d13, 0x8ccd, 0x8d14, 0x8d16, 0x8d67, 0x8d6d, 0x8d71, 0x8d73, 0x8d81, 0x8d99, 0x8dc2, 0x8dbe,
    0x8dba, 0x8dcf, 0x8dda, 0x8dd6, 0x8dcc, 0x8ddb, 0x8dcb, 0x8dea, 0x8deb, 0x8ddf, 0x8de3, 0x8dfc, 0x8e08, 0x8e09, 0x8dff, 0x8e1d,
    0x8e1e, 0x8e10, 0x8e1f, 0x8e42, 0x8e35, 0x8e30, 0x8e34, 0x8e4a, 0x8e47, 0x8e49, 0x8e4c, 0x8e50, 0x8e48, 0x8e59, 0x8e64, 0x8e60,
    0x8e2a, 0x8e63, 0x8e55, 0x8e76, 0x8e72, 0x8e7c, 0x8e81, 0x8e87, 0x8e85, 0x8e84, 0x8e8b, 0x8e8a, 0x8e93, 0x8e91, 0x8e94, 0x8e99,
    0x8eaa, 0x8ea1, 0x8eac, 0x8eb0, 0x8ec6, 0x8eb1, 0x8ebe, 0x8ec5, 0x8ec8, 0x8ecb, 0x8edb, 0x8ee3, 0x8efc, 0x8efb, 0x8eeb, 0x8efe,
    0x8f0a, 0x8f05, 0x8f15, 0x8f12, 0x8f19, 0x8f13, 0x8f1c, 0x8f1f, 0x8f1b, 0x8f0c, 0x8f26, 0x8f33, 0x8f3b, 0x8f39, 0x8f45, 0x8f42,
    0x8f3e, 0x8f4c, 0x8f49, 0x8f46, 0x8f4e, 0x8f57, 0x8f5c, 0x8f62, 0x8f63, 0x8f64, 0x8f9c, 0x8f9f, 0x8fa3, 0x8fad, 0x8faf, 0x8fb7,
    0x8fda, 0x8fe5, 0x8fe2, 0x8fea, 0x8fef, 0x9087, 0x8ff4, 0x9005, 0x8ff9, 0x8ffa, 0x9011, 0x9015, 0x9021, 0x900d, 0x901e, 0x9016,
    0x900b, 0x9027, 0x9036, 0x9035, 0x9039, 0x8ff8, 0x904f, 0x9050, 0x9051, 0x9052, 0x900e, 0x9049, 0x903e, 0x9056, 0x9058, 0x905e,
    0x9068, 0x906f, 0x9076, 0x96a8, 0x9072, 0x9082, 0x907d, 0x9081, 0x9080, 0x908a, 0x9089, 0x908f, 0x90a8, 0x90af, 0x90b1, 0x90b5,
    0x90e2, 0x90e4, 0x6248, 0x90db, 0x9102, 0x9112, 0x9119, 0x9132, 0x9130, 0x914a, 0x9156, 0x9158, 0x9163, 0x9165, 0x9169, 0x9173,
    0x9172, 0x918b, 0x9189, 0x9182, 0x91a2, 0x91ab, 0x91af, 0x91aa, 0x91b5, 0x91b4, 0x91ba, 0x91c0, 0x91c1, 0x91c9, 0x91cb, 0x91d0,
    0x91d6, 0x91df, 0x91e1, 0x91db, 0x91fc, 0x91f5, 0x91f6, 0x921e, 0x91ff, 0x9214, 0x922c, 0x9215, 0x9211, 0x925e, 0x9257, 0x9245,
    0x9249, 0x9264, 0x9248, 0x9295, 0x923f, 0x924b, 0x9250, 0x929c, 0x9296, 0x9293, 0x929b, 0x925a, 0x92cf, 0x92b9, 0x92b7, 0x92e9,
    0x930f, 0x92fa, 0x9344, 0x932e, 0x9319, 0x9322, 0x931a, 0x9323, 0x933a, 0x9335, 0x933b, 0x935c, 0x9360, 0x937c, 0x936e, 0x9356,
    0x93b0, 0x93ac, 0x93ad, 0x9394, 0x93b9, 0x93d6, 0x93d7, 0x93e8, 0x93e5, 0x93d8, 0x93c3, 0x93dd, 0x93d0, 0x93c8, 0x93e4, 0x941a,
    0x9414, 0x9413, 0x9403, 0x9407, 0x9410, 0x9436, 0x942b, 0x9435, 0x9421, 0x943a, 0x9441, 0x9452, 0x9444, 0x945b, 0x9460, 0x9462,
    0x945e, 0x946a, 0x9229, 0x9470, 0x9475, 0x9477, 0x947d, 0x945a, 0x947c, 0x947e, 0x9481, 0x947f, 0x9582, 0x9587, 0x958a, 0x9594,
    0x9596, 0x9598, 0x9599, 0x95a0, 0x95a8, 0x95a7, 0x95ad, 0x95bc, 0x95bb, 0x95b9, 0x95be, 0x95ca, 0x6ff6, 0x95c3, 0x95cd, 0x95cc,
    0x95d5, 0x95d4, 0x95d6, 0x95dc, 0x95e1, 0x95e5, 0x95e2, 0x9621, 0x9628, 0x962e, 0x962f, 0x9642, 0x964c, 0x964f, 0x964b, 0x9677,
    0x965c, 0x965e, 0x965d, 0x965f, 0x9666, 0x9672, 0x966c, 0x968d, 0x9698, 0x9695, 0x9697, 0x96aa, 0x96a7, 0x96b1, 0x96b2, 0x96b0,
    0x96b4, 0x96b6, 0x96b8, 0x96b9, 0x96ce, 0x96cb, 0x96c9, 0x96cd, 0x894d, 0x96dc, 0x970d, 0x96d5, 0x96f9, 0x9704, 0x9706, 0x9708,
    0x9713, 0x970e, 0x9711, 0x970f, 0x9716, 0x9719, 0x9724, 0x972a, 0x9730, 0x9739, 0x973d, 0x973e, 0x9744, 0x9746, 0x9748, 0x9742,
    0x9749, 0x975c, 0x9760, 0x9764, 0x9766, 0x9768, 0x52d2, 0x976b, 0x9771, 0x9779, 0x9785, 0x977c, 0x9781, 0x977a, 0x9786, 0x978b,
    0x978f, 0x9790, 0x979c, 0x97a8, 0x97a6, 0x97a3, 0x97b3, 0x97b4, 0x97c3, 0x97c6, 0x97c8, 0x97cb, 0x97dc, 0x97ed, 0x9f4f, 0x97f2,
    0x7adf, 0x97f6, 0x97f5, 0x980f, 0x980c, 0x9838, 0x9824, 0x9821, 0x9837, 0x983d, 0x9846, 0x984f, 0x984b, 0x986b, 0x986f, 0x9870,
    0x9871, 0x9874, 0x9873, 0x98aa, 0x98af, 0x98b1, 0x98b6, 0x98c4, 0x98c3, 0x98c6, 0x98e9, 0x98eb, 0x9903, 0x9909, 0x9912, 0x9914,
    0x9918, 0x9921, 0x991d, 0x991e, 0x9924, 0x9920, 0x992c, 0x992e, 0x993d, 0x993e, 0x9942, 0x9949, 0x9945, 0x9950, 0x994b, 0x9951,
    0x9952, 0x994c, 0x9955, 0x9997, 0x9998, 0x99a5, 0x99ad, 0x99ae, 0x99bc, 0x99df, 0x99db, 0x99dd, 0x99d8, 0x99d1, 0x99ed, 0x99ee,
    0x99f1, 0x99f2, 0x99fb, 0x99f8, 0x9a01, 0x9a0f, 0x9a05, 0x99e2, 0x9a19, 0x9a2b, 0x9a37, 0x9a45, 0x9a42, 0x9a40, 0x9a43, 0x9a3e,
    0x9a55, 0x9a4d, 0x9a5b, 0x9a57, 0x9a5f, 0x9a62, 0x9a65, 0x9a64, 0x9a69, 0x9a6b, 0x9a6a, 0x9aad, 0x9ab0, 0x9abc, 0x9ac0, 0x9acf,
    0x9ad1, 0x9ad3, 0x9ad4, 0x9ade, 0x9adf, 0x9ae2, 0x9ae3, 0x9ae6, 0x9aef, 0x9aeb, 0x9aee, 0x9af4, 0x9af1, 0x9af7, 0x9afb, 0x9b06,
    0x9b18, 0x9b1a, 0x9b1f, 0x9b22, 0x9b23, 0x9b25, 0x9b27, 0x9b28, 0x9b29, 0x9b2a, 0x9b2e, 0x9b2f, 0x9b32, 0x9b44, 0x9b43, 0x9b4f,
    0x9b4d, 0x9b4e, 0x9b51, 0x9b58, 0x9b74, 0x9b93, 0x9b83, 0x9b91, 0x9b96, 0x9b97, 0x9b9f, 0x9ba0, 0x9ba8, 0x9bb4, 0x9bc0, 0x9bca,
    0x9bb9, 0x9bc6, 0x9bcf, 0x9bd1, 0x9bd2, 0x9be3, 0x9be2, 0x9be4, 0x9bd4, 0x9be1, 0x9c3a, 0x9bf2, 0x9bf1, 0x9bf0, 0x9c15, 0x9c14,
    0x9c09, 0x9c13, 0x9c0c, 0x9c06, 0x9c08, 0x9c12, 0x9c0a, 0x9c04, 0x9c2e, 0x9c1b, 0x9c25, 0x9c24, 0x9c21, 0x9c30, 0x9c47, 0x9c32,
    0x9c46, 0x9c3e, 0x9c5a, 0x9c60, 0x9c67, 0x9c76, 0x9c78, 0x9ce7, 0x9cec, 0x9cf0, 0x9d09, 0x9d08, 0x9ceb, 0x9d03, 0x9d06, 0x9d2a,
    0x9d26, 0x9daf, 0x9d23, 0x9d1f, 0x9d44, 0x9d15, 0x9d12, 0x9d41, 0x9d3f, 0x9d3e, 0x9d46, 0x9d48, 0x9d5d, 0x9d5e, 0x9d64, 0x9d51,
    0x9d50, 0x9d59, 0x9d72, 0x9d89, 0x9d87, 0x9dab, 0x9d6f, 0x9d7a, 0x9d9a, 0x9da4, 0x9da9, 0x9db2, 0x9dc4, 0x9dc1, 0x9dbb, 0x9db8,
    0x9dba, 0x9dc6, 0x9dcf, 0x9dc2, 0x9dd9, 0x9dd3, 0x9df8, 0x9de6, 0x9ded, 0x9def, 0x9dfd, 0x9e1a, 0x9e1b, 0x9e1e, 0x9e75, 0x9e79,
    0x9e7d, 0x9e81, 0x9e88, 0x9e8b, 0x9e8c, 0x9e92, 0x9e95, 0x9e91, 0x9e9d, 0x9ea5, 0x9ea9, 0x9eb8, 0x9eaa, 0x9ead, 0x9761, 0x9ecc,
    0x9ece, 0x9ecf, 0x9ed0, 0x9ed4, 0x9edc, 0x9ede, 0x9edd, 0x9ee0, 0x9ee5, 0x9ee8, 0x9eef, 0x9ef4, 0x9ef6, 0x9ef7, 0x9ef9, 0x9efb,
    0x9efc, 0x9efd, 0x9f07, 0x9f08, 0x76b7, 0x9f15, 0x9f21, 0x9f2c, 0x9f3e, 0x9f4a, 0x9f52, 0x9f54, 0x9f63, 0x9f5f, 0x9f60, 0x9f61,
    0x9f66, 0x9f67, 0x9f6c, 0x9f6a, 0x9f77, 0x9f72, 0x9f76, 0x9f95, 0x9f9c, 0x9fa0, 0x582f, 0x69c7, 0x9059, 0x7464, 0x51dc, 0x7199,
    0x5653, 0x5de2, 0x5e14, 0x5e18, 0x5e58, 0x5e5e, 0x5ebe, 0xf928, 0x5ecb, 0x5ef9, 0x5f00, 0x5f02, 0x5f07, 0x5f1d, 0x5f23, 0x5f34,
    0x5f36, 0x5f3d, 0x5f40, 0x5f45, 0x5f54, 0x5f58, 0x5f64, 0x5f67, 0x5f7d, 0x5f89, 0x5f9c, 0x5fa7, 0x5faf, 0x5fb5, 0x5fb7, 0x5fc9,
    0x5fde, 0x5fe1, 0x5fe9, 0x600d, 0x6014, 0x6018, 0x6033, 0x6035, 0x6047, 0xfa3d, 0x609d, 0x609e, 0x60cb, 0x60d4, 0x60d5, 0x60dd,
    0x60f8, 0x611c, 0x612b, 0x6130, 0x6137, 0xfa3e, 0x618d, 0xfa3f, 0x61bc, 0x61b9, 0xfa40, 0x6222, 0x623e, 0x6243, 0x6256, 0x625a,
    0x626f, 0x6285, 0x62c4, 0x62d6, 0x62fc, 0x630a, 0x6318, 0x6339, 0x6343, 0x6365, 0x637c, 0x63e5, 0x63ed, 0x63f5, 0x6410, 0x6414,
    0x6422, 0x6479, 0x6451, 0x6460, 0x646d, 0x64ce, 0x64be, 0x64bf, 0x64c4, 0x64ca, 0x64d0, 0x64f7, 0x64fb, 0x6522, 0x6529, 0xfa41,
    0x6567, 0x659d, 0xfa42, 0x6600, 0x6609, 0x6615, 0x661e, 0x663a, 0x6622, 0x6624, 0x662b, 0x6630, 0x6631, 0x6633, 0x66fb, 0x6648,
    0x664c, 0xffff, 0x6659, 0x665a, 0x6661, 0x6665, 0x6673, 0x6677, 0x6678, 0x668d, 0xfa43, 0x66a0, 0x66b2, 0x66bb, 0x66c6, 0x66c8,
    0x3b22, 0x66db, 0x66e8, 0x66fa, 0x6713, 0xf929, 0x6733, 0x6766, 0x6747, 0x6748, 0x677b, 0x6781, 0x6793, 0x6798, 0x679b, 0x67bb,
    0x67f9, 0x67c0, 0x67d7, 0x67fc, 0x6801, 0x6852, 0x681d, 0x682c, 0x6831, 0x685b, 0x6872, 0x6875, 0xfa44, 0x68a3, 0x68a5, 0x68b2,
    0x68c8, 0x68d0, 0x68e8, 0x68ed, 0x68f0, 0x68f1, 0x68fc, 0x690a, 0x6949, 0xffff, 0x6935, 0x6942, 0x6957, 0x6963, 0x6964, 0x6968,
    0x6980, 0xfa14, 0x69a5, 0x69ad, 0x69cf, 0x3bb6, 0x3bc3, 0x69e2, 0x69e9, 0x69ea, 0x69f5, 0x69f6, 0x6a0f, 0x6a15, 0xffff, 0x6a3b,
    0x6a3e, 0x6a45, 0x6a50, 0x6a56, 0x6a5b, 0x6a6b, 0x6a73, 0xffff, 0x6a89, 0x6a94, 0x6a9d, 0x6a9e, 0x6aa5, 0x6ae4, 0x6ae7, 0x3c0f,
    0xf91d, 0x6b1b, 0x6b1e, 0x6b2c, 0x6b35, 0x6b46, 0x6b56, 0x6b60, 0x6b65, 0x6b67, 0x6b77, 0x6b82, 0x6ba9, 0x6bad, 0xf970, 0x6bcf,
    0x6bd6, 0x6bd7, 0x6bff, 0x6c05, 0x6c10, 0x6c33, 0x6c59, 0x6c5c, 0x6caa, 0x6c74, 0x6c76, 0x6c85, 0x6c86, 0x6c98, 0x6c9c, 0x6cfb,
    0x6cc6, 0x6cd4, 0x6ce0, 0x6ceb, 0x6cee, 0xffff, 0x6d04, 0x6d0e, 0x6d2e, 0x6d31, 0x6d39, 0x6d3f, 0x6d58, 0x6d65, 0xfa45, 0x6d82,
    0x6d87, 0x6d89, 0x6d94, 0x6daa, 0x6dac, 0x6dbf, 0x6dc4, 0x6dd6, 0x6dda, 0x6ddb, 0x6ddd, 0x6dfc, 0xfa46, 0x6e34, 0x6e44, 0x6e5c,
    0x6e5e, 0x6eab, 0x6eb1, 0x6ec1, 0x6ec7, 0x6ece, 0x6f10, 0x6f1a, 0xfa47, 0x6f2a, 0x6f2f, 0x6f33, 0x6f51, 0x6f59, 0x6f5e, 0x6f61,
    0x6f62, 0x6f7e, 0x6f88, 0x6f8c, 0x6f8d, 0x6f94, 0x6fa0, 0x6fa7, 0x6fb6, 0x6fbc, 0x6fc7, 0x6fca, 0x6ff9, 0x6ff0, 0x6ff5, 0x7005,
    0x7006, 0x7028, 0x704a, 0x705d, 0x705e, 0x704e, 0x7064, 0x7075, 0x7085, 0x70a4, 0x70ab, 0x70b7, 0x70d4, 0x70d8, 0x70e4, 0x710f,
    0x712b, 0x711e, 0x7120, 0x712e, 0x7130, 0x7146, 0x7147, 0x7151, 0xfa48, 0x7152, 0x715c, 0x7160, 0x7168, 0xfa15, 0x7185, 0x7187,
    0x7192, 0x71c1, 0x71ba, 0x71c4, 0x71fe, 0x7200, 0x7215, 0x7255, 0x7256, 0x3e3f, 0x728d, 0x729b, 0x72be, 0x72c0, 0x72fb, 0xffff,
    0x7327, 0x7328, 0xfa16, 0x7350, 0x7366, 0x737c, 0x7395, 0x739f, 0x73a0, 0x73a2, 0x73a6, 0x73ab, 0x73c9, 0x73cf, 0x73d6, 0x73d9,
    0x73e3, 0x73e9, 0x7407, 0x740a, 0x741a, 0x741b, 0xfa4a, 0x7426, 0x7428, 0x742a, 0x742b, 0x742c, 0x742e, 0x742f, 0x7430, 0x7444,
    0x7446, 0x7447, 0x744b, 0x7457, 0x7462, 0x746b, 0x746d, 0x7486, 0x7487, 0x7489, 0x7498, 0x749c, 0x749f, 0x74a3, 0x7490, 0x74a6,
    0x74a8, 0x74a9, 0x74b5, 0x74bf, 0x74c8, 0x74c9, 0x74da, 0x74ff, 0x7501, 0x7517, 0x752f, 0x756f, 0x7579, 0x7592, 0x3f72, 0x75ce,
    0x75e4, 0x7600, 0x7602, 0x7608, 0x7615, 0x7616, 0x7619, 0x761e, 0x762d, 0x7635, 0x7643, 0x764b, 0x7664, 0x7665, 0x766d, 0x766f,
    0x7671, 0x7681, 0x769b, 0x769d, 0x769e, 0x76a6, 0x76aa, 0x76b6, 0x76c5, 0x76cc, 0x76ce, 0x76d4, 0x76e6, 0x76f1, 0x76fc, 0x770a,
    0x7719, 0x7734, 0x7736, 0x7746, 0x774d, 0x774e, 0x775c, 0x775f, 0x7762, 0x777a, 0x7780, 0x7794, 0x77aa, 0x77e0, 0x782d, 0xffff,
    0x7843, 0x784e, 0x784f, 0x7851, 0x7868, 0x786e, 0xfa4b, 0x78b0, 0xffff, 0x78ad, 0x78e4, 0x78f2, 0x7900, 0x78f7, 0x791c, 0x792e,
    0x7931, 0x7934, 0xfa4c, 0xfa4d, 0x7945, 0x7946, 0xfa4e, 0xfa4f, 0xfa50, 0x795c, 0xfa51, 0xfa19, 0xfa1a, 0x7979, 0xfa52, 0xfa53,
    0xfa1b, 0x7998, 0x79b1, 0x79b8, 0x79c8, 0x79ca, 0xffff, 0x79d4, 0x79de, 0x79eb, 0x79ed, 0x7a03, 0xfa54, 0x7a39, 0x7a5d, 0x7a6d,
    0xfa55, 0x7a85, 0x7aa0, 0xffff, 0x7ab3, 0x7abb, 0x7ace, 0x7aeb, 0x7afd, 0x7b12, 0x7b2d, 0x7b3b, 0x7b47, 0x7b4e, 0x7b60, 0x7b6d,
    0x7b6f, 0x7b72, 0x7b9e, 0xfa56, 0x7bd7, 0x7bd9, 0x7c01, 0x7c31, 0x7c1e, 0x7c20, 0x7c33, 0x7c36, 0x4264, 0xffff, 0x7c59, 0x7c6d,
    0x7c79, 0x7c8f, 0x7c94, 0x7ca0, 0x7cbc, 0x7cd5, 0x7cd9, 0x7cdd, 0x7d07, 0x7d08, 0x7d13, 0x7d1d, 0x7d23, 0x7d31, 0x7d41, 0x7d48,
    0x7d53, 0x7d5c, 0x7d7a, 0x7d83, 0x7d8b, 0x7da0, 0x7da6, 0x7dc2, 0x7dcc, 0x7dd6, 0x7de3, 0xfa57, 0x7e28, 0x7e08, 0x7e11, 0x7e15,
    0xfa59, 0x7e47, 0x7e52, 0x7e61, 0x7e8a, 0x7e8d, 0x7f47, 0xfa5a, 0x7f91, 0x7f97, 0x7fbf, 0x7fce, 0x7fdb, 0x7fdf, 0x7fec, 0x7fee,
    0x7ffa, 0xfa5b, 0x8014, 0x8026, 0x8035, 0x8037, 0x803c, 0x80ca, 0x80d7, 0x80e0, 0x80f3, 0x8118, 0x814a, 0x8160, 0x8167, 0x8168,
    0x816d, 0x81bb, 0x81ca, 0x81cf, 0x81d7, 0xfa5c, 0x4453, 0x445b, 0x8260, 0x8274, 0xffff, 0x828e, 0x82a1, 0x82a3, 0x82a4, 0x82a9,
    0x82ae, 0x82b7, 0x82be, 0x82bf, 0x82c6, 0x82d5, 0x82fd, 0x82fe, 0x8300, 0x8301, 0x8362, 0x8322, 0x832d, 0x833a, 0x8343, 0x8347,
    0x8351, 0x8355, 0x837d, 0x8386, 0x8392, 0x8398, 0x83a7, 0x83a9, 0x83bf, 0x83c0, 0x83c7, 0x83cf, 0x83d1, 0x83e1, 0x83ea, 0x8401,
    0x8406, 0x840a, 0xfa5f, 0x8448, 0x845f, 0x8470, 0x8473, 0x8485, 0x849e, 0x84af, 0x84b4, 0x84ba, 0x84c0, 0x84c2, 0xffff, 0x8532,
    0x851e, 0x8523, 0x852f, 0x8559, 0x8564, 0xfa1f, 0x85ad, 0x857a, 0x858c, 0x858f, 0x85a2, 0x85b0, 0x85cb, 0x85ce, 0x85ed, 0x8612,
    0x85ff, 0x8604, 0x8605, 0x8610, 0xffff, 0x8618, 0x8629, 0x8638, 0x8657, 0x865b, 0xf936, 0x8662, 0x459d, 0x866c, 0x8675, 0x8698,
    0x86b8, 0x86fa, 0x86fc, 0x86fd, 0x870b, 0x8771, 0x8787, 0x8788, 0x87ac, 0x87ad, 0x87b5, 0x45ea, 0x87d6, 0x87ec, 0x8806, 0x880a,
    0x8810, 0x8814, 0x881f, 0x8898, 0x88aa, 0x88ca, 0x88ce, 0xffff, 0x88f5, 0x891c, 0xfa60, 0x8918, 0x8919, 0x891a, 0x8927, 0x8930,
    0x8932, 0x8939, 0x8940, 0x8994, 0xfa61, 0x89d4, 0x89e5, 0x89f6, 0x8a12, 0x8a15, 0x8a22, 0x8a37, 0x8a47, 0x8a4e, 0x8a5d, 0x8a61,
    0x8a75, 0x8a79, 0x8aa7, 0x8ad0, 0x8adf, 0x8af4, 0x8af6, 0xfa22, 0xfa62, 0xfa63, 0x8b46, 0x8b54, 0x8b59, 0x8b69, 0x8b9d, 0x8c49,
    0x8c68, 0xfa64, 0x8ce1, 0x8cf4, 0x8cf8, 0x8cfe, 0xfa65, 0x8d12, 0x8d1b, 0x8daf, 0x8dce, 0x8dd1, 0x8dd7, 0x8e20, 0x8e23, 0x8e3d,
    0x8e70, 0x8e7b, 0xffff, 0x8ec0, 0x4844, 0x8efa, 0x8f1e, 0x8f2d, 0x8f36, 0x8f54, 0xffff, 0x8fa6, 0x8fb5, 0x8fe4, 0x8fe8, 0x8fee,
    0x9008, 0x902d, 0xfa67, 0x9088, 0x9095, 0x9097, 0x9099, 0x909b, 0x90a2, 0x90b3, 0x90be, 0x90c4, 0x90c5, 0x90c7, 0x90d7, 0x90dd,
    0x90de, 0x90ef, 0x90f4, 0xfa26, 0x9114, 0x9115, 0x9116, 0x9122, 0x9123, 0x9127, 0x912f, 0x9131, 0x9134, 0x913d, 0x9148, 0x915b,
    0x9183, 0x919e, 0x91ac, 0x91b1, 0x91bc, 0x91d7, 0x91fb, 0x91e4, 0x91e5, 0x91ed, 0x91f1, 0x9207, 0x9210, 0x9238, 0x9239, 0x923a,
    0x923c, 0x9240, 0x9243, 0x924f, 0x9278, 0x9288, 0x92c2, 0x92cb, 0x92cc, 0x92d3, 0x92e0, 0x92ff, 0x9304, 0x931f, 0x9321, 0x9325,
    0x9348, 0x9349, 0x934a, 0x9364, 0x9365, 0x936a, 0x9370, 0x939b, 0x93a3, 0x93ba, 0x93c6, 0x93de, 0x93df, 0x9404, 0x93fd, 0x9433,
    0x944a, 0x9463, 0x946b, 0x9471, 0x9472, 0x958e, 0x959f, 0x95a6, 0x95a9, 0x95ac, 0x95b6, 0x95bd, 0x95cb, 0x95d0, 0x95d3, 0x49b0,
    0x95da, 0x95de, 0x9658, 0x9684, 0xf9dc, 0x969d, 0x96a4, 0x96a5, 0x96d2, 0x96de, 0xfa68, 0x96e9, 0x96ef, 0x9733, 0x973b, 0x974d,
    0x974e, 0x974f, 0x975a, 0x976e, 0x9773, 0x9795, 0x97ae, 0x97ba, 0x97c1, 0x97c9, 0x97de, 0x97db, 0x97f4, 0xfa69, 0x980a, 0x981e,
    0x982b, 0x9830, 0xfa6a, 0x9852, 0x9853, 0x9856, 0x9857, 0x9859, 0x985a, 0xf9d0, 0x9865, 0x986c, 0x98ba, 0x98c8, 0x98e7, 0x9958,
    0x999e, 0x9a02, 0x9a03, 0x9a24, 0x9a2d, 0x9a2e, 0x9a38, 0x9a4a, 0x9a4e, 0x9a52, 0x9ab6, 0x9ac1, 0x9ac3, 0x9ace, 0x9ad6, 0x9af9,
    0x9b02, 0x9b08, 0x9b20, 0x4c17, 0x9b2d, 0x9b5e, 0x9b79, 0x9b66, 0x9b72, 0x9b75, 0x9b84, 0x9b8a, 0x9b8f, 0x9b9e, 0x9ba7, 0x9bc1,
    0x9bce, 0x9be5, 0x9bf8, 0x9bfd, 0x9c00, 0x9c23, 0x9c41, 0x9c4f, 0x9c50, 0x9c53, 0x9c63, 0x9c65, 0x9c77, 0x9d1d, 0x9d1e, 0x9d43,
    0x9d47, 0x9d52, 0x9d63, 0x9d70, 0x9d7c, 0x9d8a, 0x9d96, 0x9dc0, 0x9dac, 0x9dbc, 0x9dd7, 0xffff, 0x9de7, 0x9e07, 0x9e15, 0x9e7c,
    0x9e9e, 0x9ea4, 0x9eac, 0x9eaf, 0x9eb4, 0x9eb5, 0x9ec3, 0x9ed1, 0x9f10, 0x9f39, 0x9f57, 0x9f90, 0x9f94, 0x9f97, 0x9fa2, 0x59f8,
    0x5c5b, 0x5e77, 0x7626, 0x7e6b,
];
pub static D3: [u16; 8836] = [
    0xffff, 0x4e02, 0x4e0f, 0x4e12, 0x4e29, 0x4e2b, 0x4e2e, 0x4e40, 0x4e47, 0x4e48, 0xffff, 0x4e51, 0x3406, 0xffff, 0x4e5a, 0x4e69,
    0x4e9d, 0x342c, 0x342e, 0x4eb9, 0x4ebb, 0xffff, 0x4ebc, 0x4ec3, 0x4ec8, 0x4ed0, 0x4eeb, 0x4eda, 0x4ef1, 0x4ef5, 0x4f00, 0x4f16,
    0x4f64, 0x4f37, 0x4f3e, 0x4f54, 0x4f58, 0xffff, 0x4f77, 0x4f78, 0x4f7a, 0x4f7d, 0x4f82, 0x4f85, 0x4f92, 0x4f9a, 0x4fe6, 0x4fb2,
    0x4fbe, 0x4fc5, 0x4fcb, 0x4fcf, 0x4fd2, 0x346a, 0x4ff2, 0x5000, 0x5010, 0x5013, 0x501c, 0x501e, 0x5022, 0x3468, 0x5042, 0x5046,
    0x504e, 0x5053, 0x5057, 0x5063, 0x5066, 0x506a, 0x5070, 0x50a3, 0x5088, 0x5092, 0x5093, 0x5095, 0x5096, 0x509c, 0x50aa, 0xffff,
    0x50b1, 0x50ba, 0x50bb, 0x50c4, 0x50c7, 0x50f3, 0xffff, 0x50ce, 0xffff, 0x50d4, 0x50d9, 0x50e1, 0x50e9, 0x3492, 0x0000, 0x0000,
    0x0000, 0x0000, 0x0000, 0x0000, 0x0000, 0x0000, 0x0000, 0x0000, 0x0000, 0x0000, 0x0000, 0x0000, 0x0000, 0x0000, 0x0000, 0x0000,
    0x0000, 0x0000, 0x0000, 0x0000, 0x0000, 0x0000, 0x0000, 0x0000, 0x0000, 0x0000, 0x0000, 0x0000, 0x0000, 0x0000, 0x0000, 0x0000,
    0x0000, 0x0000, 0x0000, 0x0000, 0x0000, 0x0000, 0x0000, 0x0000, 0x0000, 0x0000, 0x0000, 0x0000, 0x0000, 0x0000, 0x0000, 0x0000,
    0x0000, 0x0000, 0x0000, 0x0000, 0x0000, 0x0000, 0x0000, 0x0000, 0x0000, 0x0000, 0x0000, 0x0000, 0x0000, 0x0000, 0x0000, 0x0000,
    0x0000, 0x0000, 0x0000, 0x0000, 0x0000, 0x0000, 0x0000, 0x0000, 0x0000, 0x0000, 0x0000, 0x0000, 0x0000, 0x0000, 0x0000, 0x0000,
    0x0000, 0x0000, 0x0000, 0x0000, 0x0000, 0x0000, 0x0000, 0x0000, 0x0000, 0x0000, 0x0000, 0x0000, 0x5108, 0xffff, 0x5117, 0x511b,
    0xffff, 0x5160, 0xffff, 0x5173, 0x5183, 0x518b, 0x34bc, 0x5198, 0x51a3, 0x51ad, 0x34c7, 0x51bc, 0xffff, 0xffff, 0x51f3, 0x51f4,
    0x5202, 0x5212, 0x5216, 0xffff, 0x5255, 0x525c, 0x526c, 0x5277, 0x5284, 0x5282, 0xffff, 0x5298, 0xffff, 0x52a4, 0x52a6, 0x52af,
    0x52ba, 0x52bb, 0x52ca, 0x351f, 0x52d1, 0xffff, 0x52f7, 0x530a, 0x530b, 0x5324, 0x5335, 0x533e, 0x5342, 0xffff, 0xffff, 0x5367,
    0x536c, 0x537a, 0x53a4, 0x53b4, 0xffff, 0x53b7, 0x53c0, 0xffff, 0x355d, 0x355e, 0x53d5, 0x53da, 0x3563, 0x53f4, 0x53f5, 0x5455,
    0x5424, 0x5428, 0x356e, 0x5443, 0x5462, 0x5466, 0x546c, 0x548a, 0x548d, 0x5495, 0x54a0, 0x54a6, 0x54ad, 0x54ae, 0x54b7, 0x54ba,
    0x54bf, 0x54c3, 0xffff, 0x54ec, 0x54ef, 0x54f1, 0x54f3, 0x5500, 0x5501, 0x5509, 0x553c, 0x5541, 0x35a6, 0x5547, 0x554a, 0x35a8,
    0x5560, 0x5561, 0x5564, 0xffff, 0x557d, 0x5582, 0x5588, 0x5591, 0x35c5, 0x55d2, 0xffff, 0xffff, 0x55bf, 0x55c9, 0x55cc, 0x55d1,
    0x55dd, 0x35da, 0x55e2, 0xffff, 0x55e9, 0x5628, 0xffff, 0x5607, 0x5610, 0x5630, 0x5637, 0x35f4, 0x563d, 0x563f, 0x5640, 0x5647,
    0x565e, 0x5660, 0x566d, 0x3605, 0x5688, 0x568c, 0x5695, 0x569a, 0x569d, 0x56a8, 0x56ad, 0x56b2, 0x56c5, 0x56cd, 0x56df, 0x56e8,
    0x56f6, 0x56f7, 0xffff, 0x5715, 0x5723, 0xffff, 0x5729, 0xffff, 0x5745, 0x5746, 0x574c, 0x574d, 0xffff, 0x5768, 0x576f, 0x5773,
    0x5774, 0x5775, 0x577b, 0xffff, 0xffff, 0x57ac, 0x579a, 0x579d, 0x579e, 0x57a8, 0x57d7, 0xffff, 0x57cc, 0xffff, 0xffff, 0x57de,
    0x57e6, 0x57f0, 0x364a, 0x57f8, 0x57fb, 0x57fd, 0x5804, 0x581e, 0x5820, 0x5827, 0x5832, 0x5839, 0xffff, 0x5849, 0x584c, 0x5867,
    0x588a, 0x588b, 0x588d, 0x588f, 0x5890, 0x5894, 0x589d, 0x58aa, 0x58b1, 0xffff, 0x58c3, 0x58cd, 0x58e2, 0x58f3, 0x58f4, 0x5905,
    0x5906, 0x590b, 0x590d, 0x5914, 0x5924, 0xffff, 0x3691, 0x593d, 0x3699, 0x5946, 0x3696, 0xffff, 0x595b, 0x595f, 0xffff, 0x5975,
    0x5976, 0x597c, 0x599f, 0x59ae, 0x59bc, 0x59c8, 0x59cd, 0x59de, 0x59e3, 0x59e4, 0x59e7, 0x59ee, 0xffff, 0xffff, 0x36cf, 0x5a0c,
    0x5a0d, 0x5a17, 0x5a27, 0x5a2d, 0x5a55, 0x5a65, 0x5a7a, 0x5a8b, 0x5a9c, 0x5a9f, 0x5aa0, 0x5aa2, 0x5ab1, 0x5ab3, 0x5ab5, 0x5aba,
    0x5abf, 0x5ada, 0x5adc, 0x5ae0, 0x5ae5, 0x5af0, 0x5aee, 0x5af5, 0x5b00, 0x5b08, 0x5b17, 0x5b34, 0x5b2d, 0x5b4c, 0x5b52, 0x5b68,
    0x5b6f, 0x5b7c, 0x5b7f, 0x5b81, 0x5b84, 0xffff, 0x0000, 0x0000, 0x0000, 0x0000, 0x0000, 0x0000, 0x0000, 0x0000, 0x0000, 0x0000,
    0x0000, 0x0000, 0x0000, 0x0000, 0x0000, 0x0000, 0x0000, 0x0000, 0x0000, 0x0000, 0x0000, 0x0000, 0x0000, 0x0000, 0x0000, 0x0000,
    0x0000, 0x0000, 0x0000, 0x0000, 0x0000, 0x0000, 0x0000, 0x0000, 0x0000, 0x0000, 0x0000, 0x0000, 0x0000, 0x0000, 0x0000, 0x0000,
    0x0000, 0x0000, 0x0000, 0x0000, 0x0000, 0x0000, 0x0000, 0x0000, 0x0000, 0x0000, 0x0000, 0x0000, 0x0000, 0x0000, 0x0000, 0x0000,
    0x0000, 0x0000, 0x0000, 0x0000, 0x0000, 0x0000, 0x0000, 0x0000, 0x0000, 0x0000, 0x0000, 0x0000, 0x0000, 0x0000, 0x0000, 0x0000,
    0x0000, 0x0000, 0x0000, 0x0000, 0x0000, 0x0000, 0x0000, 0x0000, 0x0000, 0x0000, 0x0000, 0x0000, 0x0000, 0x0000, 0x0000, 0x0000,
    0x0000, 0x0000, 0x0000, 0x0000, 0x0000, 0x0000, 0x0000, 0x0000, 0x0000, 0x0000, 0x0000, 0x0000, 0x0000, 0x0000, 0x0000, 0x0000,
    0x0000, 0x0000, 0x0000, 0x0000, 0x0000, 0x0000, 0x0000, 0x0000, 0x0000, 0x0000, 0x0000, 0x0000, 0x0000, 0x0000, 0x0000, 0x0000,
    0x0000, 0x0000, 0x0000, 0x0000, 0x0000, 0x0000, 0x0000, 0x0000, 0x0000, 0x0000, 0x0000, 0x0000, 0x0000, 0x0000, 0x0000, 0x0000,
    0x0000, 0x0000, 0x0000, 0x0000, 0x0000, 0x0000, 0x0000, 0x0000, 0x0000, 0x0000, 0x0000, 0x0000, 0x0000, 0x0000, 0x0000, 0x0000,
    0x0000, 0x0000, 0x0000, 0x0000, 0x0000, 0x0000, 0x0000, 0x0000, 0x0000, 0x0000, 0x0000, 0x0000, 0x0000, 0x0000, 0x0000, 0x0000,
    0x0000, 0x0000, 0x0000, 0x0000, 0x0000, 0x0000, 0x0000, 0x0000, 0x0000, 0x0000, 0x0000, 0x0000, 0x0000, 0x0000, 0x0000, 0x0000,
    0x0000, 0x0000, 0x5b96, 0x5bac, 0x3761, 0x5bc0, 0x3762, 0x5bce, 0x5bd6, 0x376c, 0x376b, 0x5bf1, 0x5bfd, 0x3775, 0x5c03, 0x5c29,
    0x5c30, 0xffff, 0x5c5f, 0x5c63, 0x5c67, 0x5c68, 0x5c69, 0x5c70, 0xffff, 0xffff, 0x5c7c, 0xffff, 0xffff, 0x5c88, 0x5c8a, 0x37c1,
    0xffff, 0xffff, 0x5ca0, 0x5ca2, 0x5ca6, 0x5ca7, 0xffff, 0x5cad, 0x5cb5, 0xffff, 0x5cc9, 0xffff, 0xffff, 0x5d06, 0x5d10, 0x5d2b,
    0x5d1d, 0x5d20, 0x5d24, 0x5d26, 0x5d31, 0x5d39, 0x5d42, 0x37e8, 0x5d61, 0x5d6a, 0x37f4, 0x5d70, 0xffff, 0x37fd, 0x5d88, 0x3800,
    0x5d92, 0x5d94, 0x5d97, 0x5d99, 0x5db0, 0x5db2, 0x5db4, 0xffff, 0x5db9, 0x5dd1, 0x5dd7, 0x5dd8, 0x5de0, 0xffff, 0x5de4, 0x5de9,
    0x382f, 0x5e00, 0x3836, 0x5e12, 0x5e15, 0x3840, 0x5e1f, 0x5e2e, 0x5e3e, 0x5e49, 0x385c, 0x5e56, 0x3861, 0x5e6b, 0x5e6c, 0x5e6d,
    0x0000, 0x0000, 0x0000, 0x0000, 0x0000, 0x0000, 0x0000, 0x0000, 0x0000, 0x0000, 0x0000, 0x0000, 0x0000, 0x0000, 0x0000, 0x0000,
    0x0000, 0x0000, 0x0000, 0x0000, 0x0000, 0x0000, 0x0000, 0x0000, 0x0000, 0x0000, 0x0000, 0x0000, 0x0000, 0x0000, 0x0000, 0x0000,
    0x0000, 0x0000, 0x0000, 0x0000, 0x0000, 0x0000, 0x0000, 0x0000, 0x0000, 0x0000, 0x0000, 0x0000, 0x0000, 0x0000, 0x0000, 0x0000,
    0x0000, 0x0000, 0x0000, 0x0000, 0x0000, 0x0000, 0x0000, 0x0000, 0x0000, 0x0000, 0x0000, 0x0000, 0x0000, 0x0000, 0x0000, 0x0000,
    0x0000, 0x0000, 0x0000, 0x0000, 0x0000, 0x0000, 0x0000, 0x0000, 0x0000, 0x0000, 0x0000, 0x0000, 0x0000, 0x0000, 0x0000, 0x0000,
    0x0000, 0x0000, 0x0000, 0x0000, 0x0000, 0x0000, 0x0000, 0x0000, 0x0000, 0x0000, 0x0000, 0x0000, 0x0000, 0x0000, 0x0000, 0x0000,
    0x0000, 0x0000, 0x0000, 0x0000, 0x0000, 0x0000, 0x0000, 0x0000, 0x0000, 0x0000, 0x0000, 0x0000, 0x0000, 0x0000, 0x0000, 0x0000,
    0x0000, 0x0000, 0x0000, 0x0000, 0x0000, 0x0000, 0x0000, 0x0000, 0x0000, 0x0000, 0x0000, 0x0000, 0x0000, 0x0000, 0x0000, 0x0000,
    0x0000, 0x0000, 0x0000, 0x0000, 0x0000, 0x0000, 0x0000, 0x0000, 0x0000, 0x0000, 0x0000, 0x0000, 0x0000, 0x0000, 0x0000, 0x0000,
    0x0000, 0x0000, 0x0000, 0x0000, 0x0000, 0x0000, 0x0000, 0x0000, 0x0000, 0x0000, 0x0000, 0x0000, 0x0000, 0x0000, 0x0000, 0x0000,
    0x0000, 0x0000, 0x0000, 0x0000, 0x0000, 0x0000, 0x0000, 0x0000, 0x0000, 0x0000, 0x0000, 0x0000, 0x0000, 0x0000, 0x0000, 0x0000,
    0x0000, 0x0000, 0x0000, 0x0000, 0x0000, 0x0000, 0x0000, 0x0000, 0x0000, 0x0000, 0x0000, 0x0000, 0x0000, 0x0000, 0x0000, 0x0000,
    0x0000, 0x0000, 0x0000, 0x0000, 0x0000, 0x0000, 0x0000, 0x0000, 0x0000, 0x0000, 0x0000, 0x0000, 0x0000, 0x0000, 0x0000, 0x0000,
    0x0000, 0x0000, 0x0000, 0x0000, 0x0000, 0x0000, 0x0000, 0x0000, 0x0000, 0x0000, 0x0000, 0x0000, 0x0000, 0x0000, 0x0000, 0x0000,
    0x0000, 0x0000, 0x0000, 0x0000, 0x0000, 0x0000, 0x0000, 0x0000, 0x0000, 0x0000, 0x0000, 0x0000, 0x0000, 0x0000, 0x0000, 0x0000,
    0x0000, 0x0000, 0x0000, 0x0000, 0x0000, 0x0000, 0x0000, 0x0000, 0x0000, 0x0000, 0x0000, 0x0000, 0x0000, 0x0000, 0x0000, 0x0000,
    0x0000, 0x0000, 0x0000, 0x0000, 0x0000, 0x0000, 0x0000, 0x0000, 0x0000, 0x0000, 0x0000, 0x0000, 0x0000, 0x0000, 0x0000, 0x0000,
    0x0000, 0x0000, 0x0000, 0x0000, 0x0000, 0x0000, 0x0000, 0x0000, 0x0000, 0x0000, 0x5e6e, 0xffff, 0x5ea5, 0x5eaa, 0x5eac, 0x5eb9,
    0x5ebf, 0x5ec6, 0x5ed2, 0x5ed9, 0xffff, 0x5efd, 0x5f08, 0x5f0e, 0x5f1c, 0xffff, 0x5f1e, 0x5f47, 0x5f63, 0x5f72, 0x5f7e, 0x5f8f,
    0x5fa2, 0x5fa4, 0x5fb8, 0x5fc4, 0x38fa, 0x5fc7, 0x5fcb, 0x5fd2, 0x5fd3, 0x5fd4, 0x5fe2, 0x5fee, 0x5fef, 0x5ff3, 0x5ffc, 0x3917,
    0x6017, 0x6022, 0x6024, 0x391a, 0x604c, 0x607f, 0x608a, 0x6095, 0x60a8, 0xffff, 0x60b0, 0x60b1, 0x60be, 0x60c8, 0x60d9, 0x60db,
    0x60ee, 0x60f2, 0x60f5, 0x6110, 0x6112, 0x6113, 0x6119, 0x611e, 0x613a, 0x396f, 0x6141, 0x6146, 0x6160, 0x617c, 0xffff, 0x6192,
    0x6193, 0x6197, 0x6198, 0x61a5, 0x61a8, 0x61ad, 0xffff, 0x61d5, 0x61dd, 0x61df, 0x61f5, 0xffff, 0x6215, 0x6223, 0x6229, 0x6246,
    0x624c, 0x6251, 0x6252, 0x6261, 0x6264, 0x627b, 0x626d, 0x6273, 0x6299, 0x62a6, 0x62d5, 0xffff, 0x62fd, 0x6303, 0x630d, 0x6310,
    0xffff, 0xffff, 0x6332, 0x6335, 0x633b, 0x633c, 0x6341, 0x6344, 0x634e, 0xffff, 0x6359, 0xffff, 0xffff, 0x636c, 0x6384, 0x6399,
    0xffff, 0x6394, 0x63bd, 0x63f7, 0x63d4, 0x63d5, 0x63dc, 0x63e0, 0x63eb, 0x63ec, 0x63f2, 0x6409, 0x641e, 0x6425, 0x6429, 0x642f,
    0x645a, 0x645b, 0x645d, 0x6473, 0x647d, 0x6487, 0x6491, 0x649d, 0x649f, 0x64cb, 0x64cc, 0x64d5, 0x64d7, 0xffff, 0x64e4, 0x64e5,
    0x64ff, 0x6504, 0x3a6e, 0x650f, 0x6514, 0x6516, 0x3a73, 0x651e, 0x6532, 0x6544, 0x6554, 0x656b, 0x657a, 0x6581, 0x6584, 0x6585,
    0x658a, 0x65b2, 0x65b5, 0x65b8, 0x65bf, 0x65c2, 0x65c9, 0x65d4, 0x3ad6, 0x65f2, 0x65f9, 0x65fc, 0x6604, 0x6608, 0x6621, 0x662a,
    0x6645, 0x6651, 0x664e, 0x3aea, 0xffff, 0x6657, 0x665b, 0x6663, 0xffff, 0xffff, 0x666a, 0x666b, 0x666c, 0x666d, 0x667b, 0x6680,
    0x6690, 0x6692, 0x6699, 0x3b0e, 0x66ad, 0x66b1, 0x66b5, 0x3b1a, 0x66bf, 0x3b1c, 0x66ec, 0x3ad7, 0x6701, 0x6705, 0x6712, 0xffff,
    0x6719, 0xffff, 0xffff, 0x674c, 0x674d, 0x6754, 0x675d, 0xffff, 0xffff, 0xffff, 0x6774, 0x6776, 0xffff, 0x6792, 0xffff, 0x8363,
    0x6810, 0x67b0, 0x67b2, 0x67c3, 0x67c8, 0x67d2, 0x67d9, 0x67db, 0x67f0, 0x67f7, 0xffff, 0xffff, 0xffff, 0x6818, 0x681f, 0x682d,
    0xffff, 0x6833, 0x683b, 0x683e, 0x6844, 0x6845, 0x6849, 0x684c, 0x6855, 0x6857, 0x3b77, 0x686b, 0x686e, 0x687a, 0x687c, 0x6882,
    0x6890, 0x6896, 0x3b6d, 0x6898, 0x6899, 0x689a, 0x689c, 0x68aa, 0x68ab, 0x68b4, 0x68bb, 0x68fb, 0xffff, 0xffff, 0xfa13, 0x68c3,
    0x68c5, 0x68cc, 0x68cf, 0x68d6, 0x68d9, 0x68e4, 0x68e5, 0x68ec, 0x68f7, 0x6903, 0x6907, 0x3b87, 0x3b88, 0xffff, 0x693b, 0x3b8d,
    0x6946, 0x6969, 0x696c, 0x6972, 0x697a, 0x697f, 0x6992, 0x3ba4, 0x6996, 0x6998, 0x69a6, 0x69b0, 0x69b7, 0x69ba, 0x69bc, 0x69c0,
    0x69d1, 0x69d6, 0xffff, 0xffff, 0x6a30, 0xffff, 0xffff, 0x69e3, 0x69ee, 0x69ef, 0x69f3, 0x3bcd, 0x69f4, 0x69fe, 0x6a11, 0x6a1a,
    0x6a1d, 0xffff, 0x6a32, 0x6a33, 0x6a34, 0x6a3f, 0x6a46, 0x6a49, 0x6a7a, 0x6a4e, 0x6a52, 0x6a64, 0xffff, 0x6a7e, 0x6a83, 0x6a8b,
    0x3bf0, 0x6a91, 0x6a9f, 0x6aa1, 0xffff, 0x6aab, 0x6abd, 0x6ac6, 0x6ad4, 0x6ad0, 0x6adc, 0x6add, 0xffff, 0xffff, 0x6aec, 0x6af1,
    0x6af2, 0x6af3, 0x6afd, 0xffff, 0x6b0b, 0x6b0f, 0x6b10, 0x6b11, 0xffff, 0x6b17, 0x3c26, 0x6b2f, 0x6b4a, 0x6b58, 0x6b6c, 0x6b75,
    0x6b7a, 0x6b81, 0x0000, 0x0000, 0x0000, 0x0000, 0x0000, 0x0000, 0x0000, 0x0000, 0x0000, 0x0000, 0x0000, 0x0000, 0x0000, 0x0000,
    0x0000, 0x0000, 0x0000, 0x0000, 0x0000, 0x0000, 0x0000, 0x0000, 0x0000, 0x0000, 0x0000, 0x0000, 0x0000, 0x0000, 0x0000, 0x0000,
    0x0000, 0x0000, 0x0000, 0x0000, 0x0000, 0x0000, 0x0000, 0x0000, 0x0000, 0x0000, 0x0000, 0x0000, 0x0000, 0x0000, 0x0000, 0x0000,
    0x0000, 0x0000, 0x0000, 0x0000, 0x0000, 0x0000, 0x0000, 0x0000, 0x0000, 0x0000, 0x0000, 0x0000, 0x0000, 0x0000, 0x0000, 0x0000,
    0x0000, 0x0000, 0x0000, 0x0000, 0x0000, 0x0000, 0x0000, 0x0000, 0x0000, 0x0000, 0x0000, 0x0000, 0x0000, 0x0000, 0x0000, 0x0000,
    0x0000, 0x0000, 0x0000, 0x0000, 0x0000, 0x0000, 0x0000, 0x0000, 0x0000, 0x0000, 0x0000, 0x0000, 0x0000, 0x0000, 0x0000, 0x0000,
    0x0000, 0x0000, 0x0000, 0x0000, 0x0000, 0x0000, 0x0000, 0x0000, 0x0000, 0x0000, 0x0000, 0x0000, 0x0000, 0x0000, 0x0000, 0x0000,
    0x0000, 0x0000, 0x0000, 0x0000, 0x0000, 0x0000, 0x0000, 0x0000, 0x0000, 0x0000, 0x0000, 0x0000, 0x0000, 0x0000, 0x0000, 0x0000,
    0x0000, 0x0000, 0x0000, 0x0000, 0x0000, 0x0000, 0x0000, 0x0000, 0x0000, 0x0000, 0x0000, 0x0000, 0x0000, 0x0000, 0x0000, 0x0000,
    0x0000, 0x0000, 0x0000, 0x0000, 0x0000, 0x0000, 0x0000, 0x0000, 0x0000, 0x0000, 0x0000, 0x0000, 0x0000, 0x0000, 0x0000, 0x0000,
    0x0000, 0x0000, 0x0000, 0x0000, 0x0000, 0x0000, 0x0000, 0x0000, 0x0000, 0x0000, 0x0000, 0x0000, 0x0000, 0x0000, 0x0000, 0x0000,
    0x0000, 0x0000, 0x0000, 0x0000, 0x0000, 0x0000, 0x0000, 0x0000, 0x0000, 0x0000, 0x0000, 0x0000, 0x0000, 0x0000, 0x0000, 0x0000,
    0x0000, 0x0000, 0x0000, 0x0000, 0x0000, 0x0000, 0x0000, 0x0000, 0x0000, 0x0000, 0x0000, 0x0000, 0x0000, 0x0000, 0x0000, 0x0000,
    0x0000, 0x0000, 0x0000, 0x0000, 0x0000, 0x0000, 0x0000, 0x0000, 0x0000, 0x0000, 0x0000, 0x0000, 0x0000, 0x0000, 0x0000, 0x0000,
    0x0000, 0x0000, 0x0000, 0x0000, 0x0000, 0x0000, 0x0000, 0x0000, 0x0000, 0x0000, 0x0000, 0x0000, 0x0000, 0x0000, 0x0000, 0x0000,
    0x0000, 0x0000, 0x0000, 0x0000, 0x0000, 0x0000, 0x0000, 0x0000, 0x0000, 0x0000, 0x0000, 0x0000, 0x0000, 0x0000, 0x0000, 0x0000,
    0x0000, 0x0000, 0x0000, 0x0000, 0x0000, 0x0000, 0x0000, 0x0000, 0x0000, 0x0000, 0x0000, 0x0000, 0x0000, 0x0000, 0x0000, 0x0000,
    0x0000, 0x0000, 0x0000, 0x0000, 0x0000, 0x0000, 0x0000, 0x0000, 0x0000, 0x0000, 0x0000, 0x0000, 0x0000, 0x0000, 0x0000, 0x0000,
    0x0000, 0x0000, 0x0000, 0x0000, 0x0000, 0x0000, 0x0000, 0x0000, 0x0000, 0x0000, 0x0000, 0x0000, 0x0000, 0x0000, 0x0000, 0x0000,
    0x0000, 0x0000, 0x0000, 0x0000, 0x0000, 0x0000, 0x0000, 0x0000, 0x0000, 0x0000, 0x0000, 0x0000, 0x0000, 0x0000, 0x0000, 0x0000,
    0x0000, 0x0000, 0x0000, 0x0000, 0x0000, 0x0000, 0x0000, 0x0000, 0x0000, 0x0000, 0x0000, 0x0000, 0x0000, 0x0000, 0x0000, 0x0000,
    0x0000, 0x0000, 0x0000, 0x0000, 0x0000, 0x0000, 0x0000, 0x0000, 0x0000, 0x0000, 0x0000, 0x0000, 0x0000, 0x0000, 0x0000, 0x0000,
    0x0000, 0x0000, 0x0000, 0x0000, 0x0000, 0x0000, 0x0000, 0x0000, 0x0000, 0x0000, 0x0000, 0x0000, 0x0000, 0x0000, 0x0000, 0x0000,
    0x0000, 0x0000, 0x0000, 0x0000, 0x0000, 0x0000, 0x0000, 0x0000, 0x0000, 0x0000, 0x0000, 0x0000, 0x0000, 0x0000, 0x0000, 0x0000,
    0x0000, 0x0000, 0x0000, 0x0000, 0x0000, 0x0000, 0x0000, 0x0000, 0x0000, 0x0000, 0x0000, 0x0000, 0x0000, 0x0000, 0x0000, 0x0000,
    0x0000, 0x0000, 0x0000, 0x0000, 0x0000, 0x0000, 0x0000, 0x0000, 0x0000, 0x0000, 0x0000, 0x0000, 0x0000, 0x0000, 0x0000, 0x0000,
    0x0000, 0x0000, 0x0000, 0x0000, 0x0000, 0x0000, 0x0000, 0x0000, 0x0000, 0x0000, 0x0000, 0x0000, 0x0000, 0x0000, 0x0000, 0x0000,
    0x0000, 0x0000, 0x0000, 0x0000, 0x0000, 0x0000, 0x0000, 0x0000, 0x0000, 0x0000, 0x0000, 0x0000, 0x0000, 0x0000, 0x0000, 0x0000,
    0x0000, 0x0000, 0x0000, 0x0000, 0x0000, 0x0000, 0x0000, 0x0000, 0x0000, 0x0000, 0x0000, 0x0000, 0x0000, 0x0000, 0x0000, 0x0000,
    0x0000, 0x0000, 0x0000, 0x0000, 0x0000, 0x0000, 0x0000, 0x0000, 0x0000, 0x0000, 0x0000, 0x0000, 0x0000, 0x0000, 0x0000, 0x0000,
    0x0000, 0x0000, 0x0000, 0x0000, 0x0000, 0x0000, 0x0000, 0x0000, 0x0000, 0x0000, 0x0000, 0x0000, 0x0000, 0x0000, 0x0000, 0x0000,
    0x0000, 0x0000, 0x0000, 0x0000, 0x0000, 0x0000, 0x0000, 0x0000, 0x0000, 0x0000, 0x0000, 0x0000, 0x0000, 0x0000, 0x0000, 0x0000,
    0x0000, 0x0000, 0x0000, 0x0000, 0x0000, 0x0000, 0x0000, 0x0000, 0x0000, 0x0000, 0x0000, 0x0000, 0x0000, 0x0000, 0x0000, 0x0000,
    0x0000, 0x0000, 0x0000, 0x0000, 0x0000, 0x0000, 0x0000, 0x0000, 0x0000, 0x0000, 0x0000, 0x0000, 0x0000, 0x0000, 0x0000, 0x0000,
    0x0000, 0x0000, 0x0000, 0x0000, 0x0000, 0x0000, 0x0000, 0x0000, 0x0000, 0x0000, 0x0000, 0x0000, 0x0000, 0x0000, 0x0000, 0x0000,
    0x0000, 0x0000, 0x0000, 0x0000, 0x0000, 0x0000, 0x0000, 0x0000, 0x0000, 0x0000, 0x0000, 0x0000, 0x0000, 0x0000, 0x0000, 0x0000,
    0x0000, 0x0000, 0x0000, 0x0000, 0x0000, 0x0000, 0x0000, 0x0000, 0x0000, 0x0000, 0x0000, 0x0000, 0x0000, 0x0000, 0x0000, 0x0000,
    0x0000, 0x0000, 0x0000, 0x0000, 0x0000, 0x0000, 0x0000, 0x0000, 0x0000, 0x0000, 0x0000, 0x0000, 0x0000, 0x0000, 0x0000, 0x0000,
    0x0000, 0x0000, 0x0000, 0x0000, 0x0000, 0x0000, 0x0000, 0x0000, 0x0000, 0x0000, 0x0000, 0x0000, 0x0000, 0x0000, 0x0000, 0x0000,
    0x0000, 0x0000, 0x0000, 0x0000, 0x0000, 0x0000, 0x0000, 0x0000, 0x0000, 0x0000, 0x0000, 0x0000, 0x0000, 0x0000, 0x0000, 0x0000,
    0x0000, 0x0000, 0x0000, 0x0000, 0x0000, 0x0000, 0x0000, 0x0000, 0x0000, 0x0000, 0x0000, 0x0000, 0x0000, 0x0000, 0x0000, 0x0000,
    0x0000, 0x0000, 0x0000, 0x0000, 0x0000, 0x0000, 0x0000, 0x0000, 0x0000, 0x0000, 0x0000, 0x0000, 0x0000, 0x0000, 0x0000, 0x0000,
    0x0000, 0x0000, 0x0000, 0x0000, 0x0000, 0x0000, 0x0000, 0x0000, 0x0000, 0x0000, 0x0000, 0x0000, 0x0000, 0x0000, 0x0000, 0x0000,
    0x0000, 0x0000, 0x0000, 0x0000, 0x0000, 0x0000, 0x0000, 0x0000, 0x0000, 0x0000, 0x0000, 0x0000, 0x0000, 0x0000, 0x0000, 0x0000,
    0x0000, 0x0000, 0x0000, 0x0000, 0x0000, 0x0000, 0x0000, 0x0000, 0x0000, 0x0000, 0x0000, 0x0000, 0x0000, 0x0000, 0x0000, 0x0000,
    0x0000, 0x0000, 0x0000, 0x0000, 0x0000, 0x0000, 0x0000, 0x0000, 0x0000, 0x0000, 0x0000, 0x0000, 0x0000, 0x0000, 0x0000, 0x0000,
    0x0000, 0x0000, 0x0000, 0x0000, 0x0000, 0x0000, 0x0000, 0x0000, 0x0000, 0x0000, 0x0000, 0x0000, 0x0000, 0x0000, 0x0000, 0x0000,
    0x0000, 0x0000, 0x0000, 0x0000, 0x0000, 0x0000, 0x0000, 0x0000, 0x0000, 0x0000, 0x0000, 0x0000, 0x0000, 0x0000, 0x0000, 0x0000,
    0x0000, 0x0000, 0x0000, 0x0000, 0x0000, 0x0000, 0x0000, 0x0000, 0x0000, 0x0000, 0x0000, 0x0000, 0x0000, 0x0000, 0x0000, 0x0000,
    0x0000, 0x0000, 0x0000, 0x0000, 0x0000, 0x0000, 0x0000, 0x0000, 0x0000, 0x0000, 0x0000, 0x0000, 0x0000, 0x0000, 0x0000, 0x0000,
    0x0000, 0x0000, 0x0000, 0x0000, 0x0000, 0x0000, 0x0000, 0x0000, 0x0000, 0x0000, 0x0000, 0x0000, 0x0000, 0x0000, 0x0000, 0x0000,
    0x0000, 0x0000, 0x0000, 0x0000, 0x0000, 0x0000, 0x0000, 0x0000, 0x0000, 0x0000, 0x0000, 0x0000, 0x0000, 0x0000, 0x0000, 0x0000,
    0x0000, 0x0000, 0x0000, 0x0000, 0x0000, 0x0000, 0x0000, 0x0000, 0x0000, 0x0000, 0x0000, 0x0000, 0x0000, 0x0000, 0x0000, 0x0000,
    0x0000, 0x0000, 0x0000, 0x0000, 0x0000, 0x0000, 0x0000, 0x0000, 0x0000, 0x0000, 0x0000, 0x0000, 0x0000, 0x0000, 0x0000, 0x0000,
    0x0000, 0x0000, 0x0000, 0x0000, 0x0000, 0x0000, 0x0000, 0x0000, 0x0000, 0x0000, 0x0000, 0x0000, 0x0000, 0x0000, 0x0000, 0x0000,
    0x0000, 0x0000, 0x0000, 0x0000, 0x0000, 0x0000, 0x0000, 0x0000, 0x0000, 0x0000, 0x0000, 0x0000, 0x0000, 0x0000, 0x0000, 0x0000,
    0x0000, 0x0000, 0x0000, 0x0000, 0x0000, 0x0000, 0x0000, 0x0000, 0x0000, 0x0000, 0x0000, 0x0000, 0x0000, 0x0000, 0x0000, 0x0000,
    0x0000, 0x0000, 0x0000, 0x0000, 0x0000, 0x0000, 0x0000, 0x0000, 0x0000, 0x0000, 0x0000, 0x0000, 0x0000, 0x0000, 0x0000, 0x0000,
    0x0000, 0x0000, 0x0000, 0x0000, 0x0000, 0x0000, 0x0000, 0x0000, 0x0000, 0x0000, 0x0000, 0x0000, 0x0000, 0x0000, 0x0000, 0x0000,
    0x0000, 0x0000, 0x0000, 0x0000, 0x0000, 0x0000, 0x0000, 0x0000, 0x0000, 0x0000, 0x0000, 0x0000, 0x0000, 0x0000, 0x0000, 0x0000,
    0x0000, 0x0000, 0x0000, 0x0000, 0x0000, 0x0000, 0x0000, 0x0000, 0x0000, 0x0000, 0x0000, 0x0000, 0x0000, 0x0000, 0x0000, 0x0000,
    0x0000, 0x0000, 0x0000, 0x0000, 0x0000, 0x0000, 0x0000, 0x0000, 0x0000, 0x0000, 0x0000, 0x0000, 0x0000, 0x0000, 0x0000, 0x0000,
    0x0000, 0x0000, 0x0000, 0x0000, 0x0000, 0x0000, 0x0000, 0x0000, 0x0000, 0x0000, 0x0000, 0x0000, 0x0000, 0x0000, 0x0000, 0x0000,
    0x0000, 0x0000, 0x0000, 0x0000, 0x0000, 0x0000, 0x0000, 0x0000, 0x0000, 0x0000, 0x0000, 0x0000, 0x0000, 0x0000, 0x0000, 0x0000,
    0x0000, 0x0000, 0x0000, 0x0000, 0x0000, 0x0000, 0x0000, 0x0000, 0x0000, 0x0000, 0x0000, 0x0000, 0x0000, 0x0000, 0x0000, 0x0000,
    0x0000, 0x0000, 0x0000, 0x0000, 0x0000, 0x0000, 0x0000, 0x0000, 0x0000, 0x0000, 0x0000, 0x0000, 0x0000, 0x0000, 0x0000, 0x0000,
    0x0000, 0x0000, 0x0000, 0x0000, 0x0000, 0x0000, 0x0000, 0x0000, 0x0000, 0x0000, 0x0000, 0x0000, 0x0000, 0x0000, 0x0000, 0x0000,
    0x0000, 0x0000, 0x0000, 0x0000, 0x0000, 0x0000, 0x0000, 0x0000, 0x0000, 0x0000, 0x0000, 0x0000, 0x0000, 0x0000, 0x0000, 0x0000,
    0x0000, 0x0000, 0x0000, 0x0000, 0x0000, 0x0000, 0x0000, 0x0000, 0x0000, 0x0000, 0x0000, 0x0000, 0x0000, 0x0000, 0x0000, 0x0000,
    0x0000, 0x0000, 0x0000, 0x0000, 0x0000, 0x0000, 0x0000, 0x0000, 0x0000, 0x0000, 0x0000, 0x0000, 0x0000, 0x0000, 0x0000, 0x0000,
    0x0000, 0x0000, 0x0000, 0x0000, 0x0000, 0x0000, 0x0000, 0x0000, 0x0000, 0x0000, 0x0000, 0x0000, 0x0000, 0x0000, 0x0000, 0x0000,
    0x0000, 0x0000, 0x0000, 0x0000, 0x0000, 0x0000, 0x0000, 0x0000, 0x0000, 0x0000, 0x0000, 0x0000, 0x0000, 0x0000, 0x0000, 0x0000,
    0x0000, 0x0000, 0x0000, 0x0000, 0x0000, 0x0000, 0x0000, 0x0000, 0x0000, 0x0000, 0x0000, 0x0000, 0x0000, 0x0000, 0x0000, 0x0000,
    0x0000, 0x0000, 0x0000, 0x0000, 0x0000, 0x0000, 0x0000, 0x0000, 0x0000, 0x0000, 0x0000, 0x0000, 0x0000, 0x0000, 0x0000, 0x0000,
    0x0000, 0x0000, 0x0000, 0x0000, 0x0000, 0x0000, 0x0000, 0x0000, 0x0000, 0x0000, 0x0000, 0x0000, 0x0000, 0x0000, 0x0000, 0x0000,
    0x0000, 0x0000, 0x0000, 0x0000, 0x0000, 0x0000, 0x0000, 0x0000, 0x0000, 0x0000, 0x0000, 0x0000, 0x0000, 0x0000, 0x0000, 0x0000,
    0x0000, 0x0000, 0x0000, 0x0000, 0x0000, 0x0000, 0x0000, 0x0000, 0x0000, 0x0000, 0x0000, 0x0000, 0x0000, 0x0000, 0x0000, 0x0000,
    0x0000, 0x0000, 0x0000, 0x0000, 0x0000, 0x0000, 0x0000, 0x0000, 0x0000, 0x0000, 0x0000, 0x0000, 0x0000, 0x0000, 0x0000, 0x0000,
    0x0000, 0x0000, 0x0000, 0x0000, 0x0000, 0x0000, 0x0000, 0x0000, 0x0000, 0x0000, 0x0000, 0x0000, 0x0000, 0x0000, 0x0000, 0x0000,
    0x0000, 0x0000, 0x0000, 0x0000, 0x0000, 0x0000, 0x0000, 0x0000, 0x0000, 0x0000, 0x0000, 0x0000, 0x0000, 0x0000, 0x0000, 0x0000,
    0x0000, 0x0000, 0x0000, 0x0000, 0x0000, 0x0000, 0x0000, 0x0000, 0x0000, 0x0000, 0x0000, 0x0000, 0x0000, 0x0000, 0x0000, 0x0000,
    0x0000, 0x0000, 0x0000, 0x0000, 0x0000, 0x0000, 0x0000, 0x0000, 0x0000, 0x0000, 0x0000, 0x0000, 0x0000, 0x0000, 0x0000, 0x0000,
    0x0000, 0x0000, 0x0000, 0x0000, 0x0000, 0x0000, 0x0000, 0x0000, 0x0000, 0x0000, 0x0000, 0x0000, 0x0000, 0x0000, 0x0000, 0x0000,
    0x0000, 0x0000, 0x0000, 0x0000, 0x0000, 0x0000, 0x0000, 0x0000, 0x0000, 0x0000, 0x0000, 0x0000, 0x0000, 0x0000, 0x0000, 0x0000,
    0x0000, 0x0000, 0x0000, 0x0000, 0x0000, 0x0000, 0x0000, 0x0000, 0x0000, 0x0000, 0x0000, 0x0000, 0x0000, 0x0000, 0x0000, 0x0000,
    0x0000, 0x0000, 0x0000, 0x0000, 0x0000, 0x0000, 0x0000, 0x0000, 0x0000, 0x0000, 0x0000, 0x0000, 0x0000, 0x0000, 0x0000, 0x0000,
    0x0000, 0x0000, 0x0000, 0x0000, 0x0000, 0x0000, 0x0000, 0x0000, 0x0000, 0x0000, 0x0000, 0x0000, 0x0000, 0x0000, 0x0000, 0x0000,
    0x0000, 0x0000, 0x0000, 0x0000, 0x0000, 0x0000, 0x0000, 0x0000, 0x0000, 0x0000, 0x0000, 0x0000, 0x0000, 0x0000, 0x0000, 0x0000,
    0x0000, 0x0000, 0x0000, 0x0000, 0x0000, 0x0000, 0x0000, 0x0000, 0x0000, 0x0000, 0x0000, 0x0000, 0x0000, 0x0000, 0x0000, 0x0000,
    0x0000, 0x0000, 0x0000, 0x0000, 0x0000, 0x0000, 0x0000, 0x0000, 0x0000, 0x0000, 0x0000, 0x0000, 0x0000, 0x0000, 0x0000, 0x0000,
    0x0000, 0x0000, 0x0000, 0x0000, 0x0000, 0x0000, 0x0000, 0x0000, 0x0000, 0x0000, 0x0000, 0x0000, 0x0000, 0x0000, 0x0000, 0x0000,
    0x0000, 0x0000, 0x0000, 0x0000, 0x0000, 0x0000, 0x0000, 0x0000, 0x0000, 0x0000, 0x0000, 0x0000, 0x0000, 0x0000, 0x0000, 0x0000,
    0x0000, 0x0000, 0x0000, 0x0000, 0x0000, 0x0000, 0x0000, 0x0000, 0x0000, 0x0000, 0x0000, 0x0000, 0x0000, 0x0000, 0x0000, 0x0000,
    0x0000, 0x0000, 0x0000, 0x0000, 0x0000, 0x0000, 0x0000, 0x0000, 0x0000, 0x0000, 0x0000, 0x0000, 0x0000, 0x0000, 0x0000, 0x0000,
    0x0000, 0x0000, 0x0000, 0x0000, 0x0000, 0x0000, 0x0000, 0x0000, 0x0000, 0x0000, 0x0000, 0x0000, 0x0000, 0x0000, 0x0000, 0x0000,
    0x0000, 0x0000, 0x0000, 0x0000, 0x0000, 0x0000, 0x0000, 0x0000, 0x0000, 0x0000, 0x0000, 0x0000, 0x0000, 0x0000, 0x0000, 0x0000,
    0x0000, 0x0000, 0x0000, 0x0000, 0x0000, 0x0000, 0x0000, 0x0000, 0x0000, 0x0000, 0x0000, 0x0000, 0x0000, 0x0000, 0x0000, 0x0000,
    0x0000, 0x0000, 0x0000, 0x0000, 0x0000, 0x0000, 0x0000, 0x0000, 0x0000, 0x0000, 0x0000, 0x0000, 0x0000, 0x0000, 0x0000, 0x0000,
    0x0000, 0x0000, 0x0000, 0x0000, 0x0000, 0x0000, 0x0000, 0x0000, 0x0000, 0x0000, 0x0000, 0x0000, 0x0000, 0x0000, 0x0000, 0x0000,
    0x0000, 0x0000, 0x0000, 0x0000, 0x0000, 0x0000, 0x0000, 0x0000, 0x0000, 0x0000, 0x0000, 0x0000, 0x0000, 0x0000, 0x0000, 0x0000,
    0x0000, 0x0000, 0x0000, 0x0000, 0x0000, 0x0000, 0x0000, 0x0000, 0x0000, 0x0000, 0x0000, 0x0000, 0x0000, 0x0000, 0x0000, 0x0000,
    0x0000, 0x0000, 0x0000, 0x0000, 0x0000, 0x0000, 0x0000, 0x0000, 0x0000, 0x0000, 0x0000, 0x0000, 0x0000, 0x0000, 0x0000, 0x0000,
    0x0000, 0x0000, 0x0000, 0x0000, 0x0000, 0x0000, 0x0000, 0x0000, 0x0000, 0x0000, 0x0000, 0x0000, 0x0000, 0x0000, 0x0000, 0x0000,
    0x0000, 0x0000, 0x0000, 0x0000, 0x0000, 0x0000, 0x0000, 0x0000, 0x0000, 0x0000, 0x0000, 0x0000, 0x0000, 0x0000, 0x0000, 0x0000,
    0x0000, 0x0000, 0x0000, 0x0000, 0x0000, 0x0000, 0x0000, 0x0000, 0x0000, 0x0000, 0x0000, 0x0000, 0x0000, 0x0000, 0x0000, 0x0000,
    0x0000, 0x0000, 0x0000, 0x0000, 0x0000, 0x0000, 0x0000, 0x0000, 0x0000, 0x0000, 0x0000, 0x0000, 0x0000, 0x0000, 0x0000, 0x0000,
    0x0000, 0x0000, 0x0000, 0x0000, 0x0000, 0x0000, 0x0000, 0x0000, 0x0000, 0x0000, 0x0000, 0x0000, 0x0000, 0x0000, 0x0000, 0x0000,
    0x0000, 0x0000, 0x0000, 0x0000, 0x0000, 0x0000, 0x0000, 0x0000, 0x0000, 0x0000, 0x0000, 0x0000, 0x0000, 0x0000, 0x0000, 0x0000,
    0x0000, 0x0000, 0x0000, 0x0000, 0x0000, 0x0000, 0x0000, 0x0000, 0x0000, 0x0000, 0x0000, 0x0000, 0x0000, 0x0000, 0x0000, 0x0000,
    0x0000, 0x0000, 0x0000, 0x0000, 0x0000, 0x0000, 0x0000, 0x0000, 0x0000, 0x0000, 0x0000, 0x0000, 0x0000, 0x0000, 0x0000, 0x0000,
    0x0000, 0x0000, 0x0000, 0x0000, 0x0000, 0x0000, 0x0000, 0x0000, 0x0000, 0x0000, 0x0000, 0x0000, 0x0000, 0x0000, 0x0000, 0x0000,
    0x0000, 0x0000, 0x0000, 0x0000, 0x0000, 0x0000, 0x0000, 0x0000, 0x0000, 0x0000, 0x0000, 0x0000, 0x0000, 0x0000, 0x0000, 0x0000,
    0x0000, 0x0000, 0x0000, 0x0000, 0x0000, 0x0000, 0x0000, 0x0000, 0x0000, 0x0000, 0x0000, 0x0000, 0x0000, 0x0000, 0x0000, 0x0000,
    0x0000, 0x0000, 0x0000, 0x0000, 0x0000, 0x0000, 0x0000, 0x0000, 0x0000, 0x0000, 0x0000, 0x0000, 0x0000, 0x0000, 0x0000, 0x0000,
    0x0000, 0x0000, 0x0000, 0x0000, 0x0000, 0x0000, 0x0000, 0x0000, 0x0000, 0x0000, 0x0000, 0x0000, 0x0000, 0x0000, 0x0000, 0x0000,
    0x0000, 0x0000, 0x0000, 0x0000, 0x0000, 0x0000, 0x0000, 0x0000, 0x0000, 0x0000, 0x0000, 0x0000, 0x0000, 0x0000, 0x0000, 0x0000,
    0x0000, 0x0000, 0x0000, 0x0000, 0x0000, 0x0000, 0x0000, 0x0000, 0x0000, 0x0000, 0x0000, 0x0000, 0x0000, 0x0000, 0x0000, 0x0000,
    0x0000, 0x0000, 0x0000, 0x0000, 0x0000, 0x0000, 0x0000, 0x0000, 0x0000, 0x0000, 0x0000, 0x0000, 0x0000, 0x0000, 0x0000, 0x0000,
    0x0000, 0x0000, 0x0000, 0x0000, 0x0000, 0x0000, 0x0000, 0x0000, 0x0000, 0x0000, 0x0000, 0x0000, 0x0000, 0x0000, 0x0000, 0x0000,
    0x0000, 0x0000, 0x0000, 0x0000, 0x0000, 0x0000, 0x0000, 0x0000, 0x0000, 0x0000, 0x0000, 0x0000, 0x0000, 0x0000, 0x0000, 0x0000,
    0x0000, 0x0000, 0x0000, 0x0000, 0x0000, 0x0000, 0x0000, 0x0000, 0x0000, 0x0000, 0x0000, 0x0000, 0x0000, 0x0000, 0x0000, 0x0000,
    0x0000, 0x0000, 0x0000, 0x0000, 0x0000, 0x0000, 0x0000, 0x0000, 0x0000, 0x0000, 0x0000, 0x0000, 0x0000, 0x0000, 0x0000, 0x0000,
    0x0000, 0x0000, 0x0000, 0x0000, 0x0000, 0x0000, 0x0000, 0x0000, 0x0000, 0x0000, 0x0000, 0x0000, 0x0000, 0x0000, 0x0000, 0x0000,
    0x0000, 0x0000, 0x0000, 0x0000, 0x0000, 0x0000, 0x0000, 0x0000, 0x0000, 0x0000, 0x0000, 0x0000, 0x0000, 0x0000, 0x0000, 0x0000,
    0x0000, 0x0000, 0x0000, 0x0000, 0x0000, 0x0000, 0x0000, 0x0000, 0x0000, 0x0000, 0x0000, 0x0000, 0x0000, 0x0000, 0x0000, 0x0000,
    0x0000, 0x0000, 0x0000, 0x0000, 0x0000, 0x0000, 0x0000, 0x0000, 0x0000, 0x0000, 0x0000, 0x0000, 0x0000, 0x0000, 0x0000, 0x0000,
    0x0000, 0x0000, 0x0000, 0x0000, 0x0000, 0x0000, 0x0000, 0x0000, 0x0000, 0x0000, 0x0000, 0x0000, 0x0000, 0x0000, 0x0000, 0x0000,
    0x0000, 0x0000, 0x0000, 0x0000, 0x0000, 0x0000, 0x0000, 0x0000, 0x0000, 0x0000, 0x0000, 0x0000, 0x0000, 0x0000, 0x0000, 0x0000,
    0x0000, 0x0000, 0x0000, 0x0000, 0x0000, 0x0000, 0x0000, 0x0000, 0x0000, 0x0000, 0x0000, 0x0000, 0x0000, 0x0000, 0x0000, 0x0000,
    0x0000, 0x0000, 0x0000, 0x0000, 0x0000, 0x0000, 0x0000, 0x0000, 0x0000, 0x0000, 0x0000, 0x0000, 0x0000, 0x0000, 0x0000, 0x0000,
    0x0000, 0x0000, 0x0000, 0x0000, 0x0000, 0x0000, 0x0000, 0x0000, 0x0000, 0x0000, 0x0000, 0x0000, 0x0000, 0x0000, 0x0000, 0x0000,
    0x0000, 0x0000, 0x0000, 0x0000, 0x0000, 0x0000, 0x0000, 0x0000, 0x0000, 0x0000, 0x0000, 0x0000, 0x0000, 0x0000, 0x0000, 0x0000,
    0x0000, 0x0000, 0x0000, 0x0000, 0x0000, 0x0000, 0x0000, 0x0000, 0x0000, 0x0000, 0x0000, 0x0000, 0x0000, 0x0000, 0x0000, 0x0000,
    0x0000, 0x0000, 0x0000, 0x0000, 0x0000, 0x0000, 0x0000, 0x0000, 0x0000, 0x0000, 0x0000, 0x0000, 0x0000, 0x0000, 0x0000, 0x0000,
    0x0000, 0x0000, 0x0000, 0x0000, 0x0000, 0x0000, 0x0000, 0x0000, 0x0000, 0x0000, 0x0000, 0x0000, 0x0000, 0x0000, 0x0000, 0x0000,
    0x0000, 0x0000, 0x0000, 0x0000, 0x0000, 0x0000, 0x0000, 0x0000, 0x0000, 0x0000, 0x0000, 0x0000, 0x0000, 0x0000, 0x0000, 0x0000,
    0x0000, 0x0000, 0x0000, 0x0000, 0x0000, 0x0000, 0x0000, 0x0000, 0x0000, 0x0000, 0x0000, 0x0000, 0x0000, 0x0000, 0x0000, 0x0000,
    0x0000, 0x0000, 0x0000, 0x0000, 0x0000, 0x0000, 0x0000, 0x0000, 0x0000, 0x0000, 0x0000, 0x0000, 0x0000, 0x0000, 0x0000, 0x0000,
    0x0000, 0x0000, 0x0000, 0x0000, 0x0000, 0x0000, 0x0000, 0x0000, 0x0000, 0x0000, 0x0000, 0x0000, 0x0000, 0x0000, 0x0000, 0x0000,
    0x0000, 0x0000, 0x0000, 0x0000, 0x0000, 0x0000, 0x0000, 0x0000, 0x0000, 0x0000, 0x0000, 0x0000, 0x0000, 0x0000, 0x0000, 0x0000,
    0x0000, 0x0000, 0x0000, 0x0000, 0x0000, 0x0000, 0x0000, 0x0000, 0x0000, 0x0000, 0x0000, 0x0000, 0x0000, 0x0000, 0x0000, 0x0000,
    0x0000, 0x0000, 0x0000, 0x0000, 0x0000, 0x0000, 0x0000, 0x0000, 0x0000, 0x0000, 0x0000, 0x0000, 0x0000, 0x0000, 0x0000, 0x0000,
    0x0000, 0x0000, 0x0000, 0x0000, 0x0000, 0x0000, 0x0000, 0x0000, 0x0000, 0x0000, 0x0000, 0x0000, 0x0000, 0x0000, 0x0000, 0x0000,
    0x0000, 0x0000, 0x0000, 0x0000, 0x0000, 0x0000, 0x0000, 0x0000, 0x0000, 0x0000, 0x0000, 0x0000, 0x0000, 0x0000, 0x0000, 0x0000,
    0x0000, 0x0000, 0x0000, 0x0000, 0x0000, 0x0000, 0x0000, 0x0000, 0x0000, 0x0000, 0x0000, 0x0000, 0x0000, 0x0000, 0x0000, 0x0000,
    0x0000, 0x0000, 0x0000, 0x0000, 0x0000, 0x0000, 0x0000, 0x0000, 0x0000, 0x0000, 0x0000, 0x0000, 0x0000, 0x0000, 0x0000, 0x0000,
    0x0000, 0x0000, 0x0000, 0x0000, 0x0000, 0x0000, 0x0000, 0x0000, 0x0000, 0x0000, 0x0000, 0x0000, 0x0000, 0x0000, 0x0000, 0x0000,
    0x0000, 0x0000, 0x0000, 0x0000, 0x0000, 0x0000, 0x0000, 0x0000, 0x0000, 0x0000, 0x0000, 0x0000, 0x0000, 0x0000, 0x0000, 0x0000,
    0x0000, 0x0000, 0x0000, 0x0000, 0x0000, 0x0000, 0x0000, 0x0000, 0x0000, 0x0000, 0x0000, 0x0000, 0x0000, 0x0000, 0x0000, 0x0000,
    0x0000, 0x0000, 0x0000, 0x0000, 0x0000, 0x0000, 0x0000, 0x0000, 0x0000, 0x0000, 0x0000, 0x0000, 0x0000, 0x0000, 0x0000, 0x0000,
    0x0000, 0x0000, 0x0000, 0x0000, 0x0000, 0x0000, 0x0000, 0x0000, 0x0000, 0x0000, 0x0000, 0x0000, 0x0000, 0x0000, 0x0000, 0x0000,
    0x0000, 0x0000, 0x0000, 0x0000, 0x0000, 0x0000, 0x0000, 0x0000, 0x0000, 0x0000, 0x0000, 0x0000, 0x0000, 0x0000, 0x0000, 0x0000,
    0x0000, 0x0000, 0x0000, 0x0000, 0x0000, 0x0000, 0x0000, 0x0000, 0x0000, 0x0000, 0x0000, 0x0000, 0x0000, 0x0000, 0x0000, 0x0000,
    0x0000, 0x0000, 0x0000, 0x0000, 0x0000, 0x0000, 0x0000, 0x0000, 0x0000, 0x0000, 0x0000, 0x0000, 0x0000, 0x0000, 0x0000, 0x0000,
    0x0000, 0x0000, 0x0000, 0x0000, 0x0000, 0x0000, 0x0000, 0x0000, 0x0000, 0x0000, 0x0000, 0x0000, 0x0000, 0x0000, 0x0000, 0x0000,
    0x0000, 0x0000, 0x0000, 0x0000, 0x0000, 0x0000, 0x0000, 0x0000, 0x0000, 0x0000, 0x0000, 0x0000, 0x0000, 0x0000, 0x0000, 0x0000,
    0x0000, 0x0000, 0x0000, 0x0000, 0x0000, 0x0000, 0x0000, 0x0000, 0x0000, 0x0000, 0x0000, 0x0000, 0x0000, 0x0000, 0x0000, 0x0000,
    0x0000, 0x0000, 0x0000, 0x0000, 0x0000, 0x0000, 0x0000, 0x0000, 0x0000, 0x0000, 0x0000, 0x0000, 0x0000, 0x0000, 0x0000, 0x0000,
    0x0000, 0x0000, 0x0000, 0x0000, 0x0000, 0x0000, 0x0000, 0x0000, 0x0000, 0x0000, 0x0000, 0x0000, 0x0000, 0x0000, 0x0000, 0x0000,
    0x0000, 0x0000, 0x0000, 0x0000, 0x0000, 0x0000, 0x0000, 0x0000, 0x0000, 0x0000, 0x0000, 0x0000, 0x0000, 0x0000, 0x0000, 0x0000,
    0x0000, 0x0000, 0x0000, 0x0000, 0x0000, 0x0000, 0x0000, 0x0000, 0x0000, 0x0000, 0x0000, 0x0000, 0x0000, 0x0000, 0x0000, 0x0000,
    0x0000, 0x0000, 0x0000, 0x0000, 0x0000, 0x0000, 0x0000, 0x0000, 0x0000, 0x0000, 0x0000, 0x0000, 0x0000, 0x0000, 0x0000, 0x0000,
    0x0000, 0x0000, 0x0000, 0x0000, 0x0000, 0x0000, 0x0000, 0x0000, 0x0000, 0x0000, 0x0000, 0x0000, 0x0000, 0x0000, 0x0000, 0x0000,
    0x0000, 0x0000, 0x0000, 0x0000, 0x0000, 0x0000, 0x0000, 0x0000, 0x0000, 0x0000, 0x0000, 0x0000, 0x0000, 0x0000, 0x0000, 0x0000,
    0x0000, 0x0000, 0x0000, 0x0000, 0x0000, 0x0000, 0x0000, 0x0000, 0x0000, 0x0000, 0x0000, 0x0000, 0x0000, 0x0000, 0x0000, 0x0000,
    0x0000, 0x0000, 0x0000, 0x0000, 0x0000, 0x0000, 0x0000, 0x0000, 0x0000, 0x0000, 0x0000, 0x0000, 0x0000, 0x0000, 0x0000, 0x0000,
    0x0000, 0x0000, 0x0000, 0x0000, 0x0000, 0x0000, 0x0000, 0x0000, 0x0000, 0x0000, 0x0000, 0x0000, 0x0000, 0x0000, 0x0000, 0x0000,
    0x0000, 0x0000, 0x0000, 0x0000, 0x0000, 0x0000, 0x0000, 0x0000, 0x0000, 0x0000, 0x0000, 0x0000, 0x0000, 0x0000, 0x0000, 0x0000,
    0x0000, 0x0000, 0x0000, 0x0000, 0x0000, 0x0000, 0x0000, 0x0000, 0x0000, 0x0000, 0x0000, 0x0000, 0x0000, 0x0000, 0x0000, 0x0000,
    0x0000, 0x0000, 0x0000, 0x0000, 0x0000, 0x0000, 0x0000, 0x0000, 0x0000, 0x0000, 0x0000, 0x0000, 0x0000, 0x0000, 0x0000, 0x0000,
    0x0000, 0x0000, 0x0000, 0x0000, 0x0000, 0x0000, 0x0000, 0x0000, 0x0000, 0x0000, 0x0000, 0x0000, 0x0000, 0x0000, 0x0000, 0x0000,
    0x0000, 0x0000, 0x0000, 0x0000, 0x0000, 0x0000, 0x0000, 0x0000, 0x0000, 0x0000, 0x0000, 0x0000, 0x0000, 0x0000, 0x0000, 0x0000,
    0x0000, 0x0000, 0x0000, 0x0000, 0x0000, 0x0000, 0x0000, 0x0000, 0x0000, 0x0000, 0x0000, 0x0000, 0x0000, 0x0000, 0x0000, 0x0000,
    0x0000, 0x0000, 0x0000, 0x0000, 0x0000, 0x0000, 0x0000, 0x0000, 0x0000, 0x0000, 0x0000, 0x0000, 0x0000, 0x0000, 0x0000, 0x0000,
    0x0000, 0x0000, 0x0000, 0x0000, 0x0000, 0x0000, 0x0000, 0x0000, 0x0000, 0x0000, 0x0000, 0x0000, 0x0000, 0x0000, 0x0000, 0x0000,
    0x0000, 0x0000, 0x0000, 0x0000, 0x0000, 0x0000, 0x0000, 0x0000, 0x0000, 0x0000, 0x0000, 0x0000, 0x0000, 0x0000, 0x0000, 0x0000,
    0x0000, 0x0000, 0x0000, 0x0000, 0x0000, 0x0000, 0x0000, 0x0000, 0x0000, 0x0000, 0x0000, 0x0000, 0x0000, 0x0000, 0x0000, 0x0000,
    0x0000, 0x0000, 0x0000, 0x0000, 0x0000, 0x0000, 0x0000, 0x0000, 0x0000, 0x0000, 0x0000, 0x0000, 0x0000, 0x0000, 0x0000, 0x0000,
    0x0000, 0x0000, 0x0000, 0x0000, 0x0000, 0x0000, 0x0000, 0x0000, 0x0000, 0x0000, 0x0000, 0x0000, 0x0000, 0x0000, 0x0000, 0x0000,
    0x0000, 0x0000, 0x0000, 0x0000, 0x0000, 0x0000, 0x0000, 0x0000, 0x0000, 0x0000, 0x0000, 0x0000, 0x0000, 0x0000, 0x0000, 0x0000,
    0x0000, 0x0000, 0x0000, 0x0000, 0x0000, 0x0000, 0x0000, 0x0000, 0x0000, 0x0000, 0x0000, 0x0000, 0x0000, 0x0000, 0x0000, 0x0000,
    0x0000, 0x0000, 0x0000, 0x0000, 0x0000, 0x0000, 0x0000, 0x0000, 0x0000, 0x0000, 0x0000, 0x0000, 0x0000, 0x0000, 0x0000, 0x0000,
    0x0000, 0x0000, 0x0000, 0x0000, 0x0000, 0x0000, 0x0000, 0x0000, 0x0000, 0x0000, 0x0000, 0x0000, 0x0000, 0x0000, 0x0000, 0x0000,
    0x0000, 0x0000, 0x0000, 0x0000, 0x0000, 0x0000, 0x0000, 0x0000, 0x0000, 0x0000, 0x0000, 0x0000, 0x0000, 0x0000, 0x0000, 0x0000,
    0x0000, 0x0000, 0x0000, 0x0000, 0x0000, 0x0000, 0x0000, 0x0000, 0x0000, 0x0000, 0x0000, 0x0000, 0x0000, 0x0000, 0x0000, 0x0000,
    0x0000, 0x0000, 0x0000, 0x0000, 0x0000, 0x0000, 0x0000, 0x0000, 0x0000, 0x0000, 0x0000, 0x0000, 0x0000, 0x0000, 0x0000, 0x0000,
    0x0000, 0x0000, 0x0000, 0x0000, 0x0000, 0x0000, 0x0000, 0x0000, 0x0000, 0x0000, 0x0000, 0x0000, 0x0000, 0x0000, 0x0000, 0x0000,
    0x0000, 0x0000, 0x0000, 0x0000, 0x0000, 0x0000, 0x0000, 0x0000, 0x0000, 0x0000, 0x0000, 0x0000, 0x0000, 0x0000, 0x0000, 0x0000,
    0x0000, 0x0000, 0x0000, 0x0000, 0x0000, 0x0000, 0x0000, 0x0000, 0x0000, 0x0000, 0x0000, 0x0000, 0x0000, 0x0000, 0x0000, 0x0000,
    0x0000, 0x0000, 0x0000, 0x0000, 0x0000, 0x0000, 0x0000, 0x0000, 0x0000, 0x0000, 0x0000, 0x0000, 0x0000, 0x0000, 0x0000, 0x0000,
    0x0000, 0x0000, 0x0000, 0x0000, 0x0000, 0x0000, 0x0000, 0x0000, 0x0000, 0x0000, 0x0000, 0x0000, 0x0000, 0x0000, 0x0000, 0x0000,
    0x0000, 0x0000, 0x0000, 0x0000, 0x0000, 0x0000, 0x0000, 0x0000, 0x0000, 0x0000, 0x0000, 0x0000, 0x0000, 0x0000, 0x0000, 0x0000,
    0x0000, 0x0000, 0x0000, 0x0000, 0x0000, 0x0000, 0x0000, 0x0000, 0x0000, 0x0000, 0x0000, 0x0000, 0x0000, 0x0000, 0x0000, 0x0000,
    0x0000, 0x0000, 0x0000, 0x0000, 0x0000, 0x0000, 0x0000, 0x0000, 0x0000, 0x0000, 0x0000, 0x0000, 0x0000, 0x0000, 0x0000, 0x0000,
    0x0000, 0x0000, 0x0000, 0x0000, 0x0000, 0x0000, 0x0000, 0x0000, 0x0000, 0x0000, 0x0000, 0x0000, 0x0000, 0x0000, 0x0000, 0x0000,
    0x0000, 0x0000, 0x0000, 0x0000, 0x0000, 0x0000, 0x0000, 0x0000, 0x0000, 0x0000, 0x0000, 0x0000, 0x0000, 0x0000, 0x0000, 0x0000,
    0x0000, 0x0000, 0x0000, 0x0000, 0x0000, 0x0000, 0x0000, 0x0000, 0x0000, 0x0000, 0x0000, 0x0000, 0x0000, 0x0000, 0x0000, 0x0000,
    0x0000, 0x0000, 0x0000, 0x0000, 0x0000, 0x0000, 0x0000, 0x0000, 0x0000, 0x0000, 0x0000, 0x0000, 0x0000, 0x0000, 0x0000, 0x0000,
    0x0000, 0x0000, 0x0000, 0x0000, 0x0000, 0x0000, 0x0000, 0x0000, 0x0000, 0x0000, 0x0000, 0x0000, 0x0000, 0x0000, 0x0000, 0x0000,
    0x0000, 0x0000, 0x0000, 0x0000, 0x0000, 0x0000, 0x0000, 0x0000, 0x0000, 0x0000, 0x0000, 0x0000, 0x0000, 0x0000, 0x0000, 0x0000,
    0x0000, 0x0000, 0x0000, 0x0000, 0x0000, 0x0000, 0x0000, 0x0000, 0x0000, 0x0000, 0x0000, 0x0000, 0x0000, 0x0000, 0x0000, 0x0000,
    0x0000, 0x0000, 0x0000, 0x0000, 0x0000, 0x0000, 0x0000, 0x0000, 0x0000, 0x0000, 0x0000, 0x0000, 0x0000, 0x0000, 0x0000, 0x0000,
    0x0000, 0x0000, 0x0000, 0x0000, 0x0000, 0x0000, 0x0000, 0x0000, 0x0000, 0x0000, 0x0000, 0x0000, 0x0000, 0x0000, 0x0000, 0x0000,
    0x0000, 0x0000, 0x0000, 0x0000, 0x0000, 0x0000, 0x0000, 0x0000, 0x0000, 0x0000, 0x0000, 0x0000, 0x0000, 0x0000, 0x0000, 0x0000,
    0x0000, 0x0000, 0x0000, 0x0000, 0x0000, 0x0000, 0x0000, 0x0000, 0x0000, 0x0000, 0x0000, 0x0000, 0x0000, 0x0000, 0x0000, 0x0000,
    0x0000, 0x0000, 0x0000, 0x0000, 0x0000, 0x0000, 0x0000, 0x0000, 0x0000, 0x0000, 0x0000, 0x0000, 0x0000, 0x0000, 0x0000, 0x0000,
    0x0000, 0x0000, 0x0000, 0x0000, 0x0000, 0x0000, 0x0000, 0x0000, 0x0000, 0x0000, 0x0000, 0x0000, 0x0000, 0x0000, 0x0000, 0x0000,
    0x0000, 0x0000, 0x0000, 0x0000, 0x0000, 0x0000, 0x0000, 0x0000, 0x0000, 0x0000, 0x0000, 0x0000, 0x0000, 0x0000, 0x0000, 0x0000,
    0x0000, 0x0000, 0x0000, 0x0000, 0x0000, 0x0000, 0x0000, 0x0000, 0x0000, 0x0000, 0x0000, 0x0000, 0x0000, 0x0000, 0x0000, 0x0000,
    0x0000, 0x0000, 0x0000, 0x0000, 0x0000, 0x0000, 0x0000, 0x0000, 0x0000, 0x0000, 0x0000, 0x0000, 0x0000, 0x0000, 0x0000, 0x0000,
    0x0000, 0x0000, 0x0000, 0x0000, 0x0000, 0x0000, 0x0000, 0x0000, 0x0000, 0x0000, 0x0000, 0x0000, 0x0000, 0x0000, 0x0000, 0x0000,
    0x0000, 0x0000, 0x0000, 0x0000, 0x0000, 0x0000, 0x0000, 0x0000, 0x0000, 0x0000, 0x0000, 0x0000, 0x0000, 0x0000, 0x0000, 0x0000,
    0x0000, 0x0000, 0x0000, 0x0000, 0x0000, 0x0000, 0x0000, 0x0000, 0x0000, 0x0000, 0x0000, 0x0000, 0x0000, 0x0000, 0x0000, 0x0000,
    0x0000, 0x0000, 0x0000, 0x0000, 0x0000, 0x0000, 0x0000, 0x0000, 0x0000, 0x0000, 0x0000, 0x0000, 0x0000, 0x0000, 0x0000, 0x0000,
    0x0000, 0x0000, 0x0000, 0x0000, 0x0000, 0x0000, 0x0000, 0x0000, 0x0000, 0x0000, 0x0000, 0x0000, 0x0000, 0x0000, 0x0000, 0x0000,
    0x0000, 0x0000, 0x0000, 0x0000, 0x0000, 0x0000, 0x0000, 0x0000, 0x0000, 0x0000, 0x0000, 0x0000, 0x0000, 0x0000, 0x0000, 0x0000,
    0x0000, 0x0000, 0x0000, 0x0000, 0x0000, 0x0000, 0x0000, 0x0000, 0x0000, 0x0000, 0x0000, 0x0000, 0x0000, 0x0000, 0x0000, 0x0000,
    0x0000, 0x0000, 0x0000, 0x0000, 0x0000, 0x0000, 0x0000, 0x0000, 0x0000, 0x0000, 0x0000, 0x0000, 0x0000, 0x0000, 0x0000, 0x0000,
    0x0000, 0x0000, 0x0000, 0x0000, 0x0000, 0x0000, 0x0000, 0x0000, 0x0000, 0x0000, 0x0000, 0x0000, 0x0000, 0x0000, 0x0000, 0x0000,
    0x0000, 0x0000, 0x0000, 0x0000, 0x0000, 0x0000, 0x0000, 0x0000, 0x0000, 0x0000, 0x0000, 0x0000, 0x0000, 0x0000, 0x0000, 0x0000,
    0x0000, 0x0000, 0x0000, 0x0000, 0x0000, 0x0000, 0x0000, 0x0000, 0x0000, 0x0000, 0x0000, 0x0000, 0x0000, 0x0000, 0x0000, 0x0000,
    0x0000, 0x0000, 0x0000, 0x0000, 0x0000, 0x0000, 0x0000, 0x0000, 0x0000, 0x0000, 0x0000, 0x0000, 0x0000, 0x0000, 0x0000, 0x0000,
    0x0000, 0x0000, 0x0000, 0x0000, 0x0000, 0x0000, 0x0000, 0x0000, 0x0000, 0x0000, 0x0000, 0x0000, 0x0000, 0x0000, 0x0000, 0x0000,
    0x0000, 0x0000, 0x0000, 0x0000, 0x0000, 0x0000, 0x0000, 0x0000, 0x0000, 0x0000, 0x0000, 0x0000, 0x0000, 0x0000, 0x0000, 0x0000,
    0x0000, 0x0000, 0x0000, 0x0000, 0x0000, 0x0000, 0x0000, 0x0000, 0x0000, 0x0000, 0x0000, 0x0000, 0x0000, 0x0000, 0x0000, 0x0000,
    0x0000, 0x0000, 0x0000, 0x0000, 0x0000, 0x0000, 0x0000, 0x0000, 0x0000, 0x0000, 0x0000, 0x0000, 0x0000, 0x0000, 0x0000, 0x0000,
    0x0000, 0x0000, 0x0000, 0x0000, 0x0000, 0x0000, 0x0000, 0x0000, 0x0000, 0x0000, 0x0000, 0x0000, 0x0000, 0x0000, 0x0000, 0x0000,
    0x0000, 0x0000, 0x0000, 0x0000, 0x0000, 0x0000, 0x0000, 0x0000, 0x0000, 0x0000, 0x0000, 0x0000, 0x0000, 0x0000, 0x0000, 0x0000,
    0x0000, 0x0000, 0x0000, 0x0000, 0x0000, 0x0000, 0x0000, 0x0000, 0x0000, 0x0000, 0x0000, 0x0000, 0x0000, 0x0000, 0x0000, 0x0000,
    0x0000, 0x0000, 0x0000, 0x0000, 0x0000, 0x0000, 0x0000, 0x0000, 0x0000, 0x0000, 0x0000, 0x0000, 0x0000, 0x0000, 0x0000, 0x0000,
    0x0000, 0x0000, 0x0000, 0x0000, 0x0000, 0x0000, 0x0000, 0x0000, 0x0000, 0x0000, 0x0000, 0x0000, 0x0000, 0x0000, 0x0000, 0x0000,
    0x0000, 0x0000, 0x0000, 0x0000, 0x0000, 0x0000, 0x0000, 0x0000, 0x0000, 0x0000, 0x0000, 0x0000, 0x0000, 0x0000, 0x0000, 0x0000,
    0x0000, 0x0000, 0x0000, 0x0000, 0x0000, 0x0000, 0x0000, 0x0000, 0x0000, 0x0000, 0x0000, 0x0000, 0x0000, 0x0000, 0x0000, 0x0000,
    0x0000, 0x0000, 0x0000, 0x0000, 0x0000, 0x0000, 0x0000, 0x0000, 0x0000, 0x0000, 0x0000, 0x0000, 0x0000, 0x0000, 0x0000, 0x0000,
    0x0000, 0x0000, 0x0000, 0x0000, 0x0000, 0x0000, 0x0000, 0x0000, 0x0000, 0x0000, 0x0000, 0x0000, 0x0000, 0x0000, 0x0000, 0x0000,
    0x0000, 0x0000, 0x0000, 0x0000, 0x0000, 0x0000, 0x0000, 0x0000, 0x0000, 0x0000, 0x0000, 0x0000, 0x0000, 0x0000, 0x0000, 0x0000,
    0x0000, 0x0000, 0x0000, 0x0000, 0x0000, 0x0000, 0x0000, 0x0000, 0x0000, 0x0000, 0x0000, 0x0000, 0x0000, 0x0000, 0x0000, 0x0000,
    0x0000, 0x0000, 0x0000, 0x0000, 0x0000, 0x0000, 0x0000, 0x0000, 0x0000, 0x0000, 0x0000, 0x0000, 0x0000, 0x0000, 0x0000, 0x0000,
    0x0000, 0x0000, 0x0000, 0x0000, 0x0000, 0x0000, 0x0000, 0x0000, 0x0000, 0x0000, 0x0000, 0x0000, 0x0000, 0x0000, 0x0000, 0x0000,
    0x0000, 0x0000, 0x0000, 0x0000, 0x0000, 0x0000, 0x0000, 0x0000, 0x0000, 0x0000, 0x0000, 0x0000, 0x0000, 0x0000, 0x0000, 0x0000,
    0x0000, 0x0000, 0x0000, 0x0000, 0x0000, 0x0000, 0x0000, 0x0000, 0x0000, 0x0000, 0x0000, 0x0000, 0x0000, 0x0000, 0x0000, 0x0000,
    0x0000, 0x0000, 0x0000, 0x0000, 0x0000, 0x0000, 0x0000, 0x0000, 0x0000, 0x0000, 0x0000, 0x0000, 0x0000, 0x0000, 0x0000, 0x0000,
    0x0000, 0x0000, 0x0000, 0x0000, 0x0000, 0x0000, 0x0000, 0x0000, 0x0000, 0x0000, 0x0000, 0x0000, 0x0000, 0x0000, 0x0000, 0x0000,
    0x0000, 0x0000, 0x0000, 0x0000, 0x0000, 0x0000, 0x0000, 0x0000, 0x0000, 0x0000, 0x0000, 0x0000, 0x0000, 0x0000, 0x0000, 0x0000,
    0x0000, 0x0000, 0x0000, 0x0000, 0x0000, 0x0000, 0x0000, 0x0000, 0x0000, 0x0000, 0x0000, 0x0000, 0x0000, 0x0000, 0x0000, 0x0000,
    0x0000, 0x0000, 0x0000, 0x0000, 0x0000, 0x0000, 0x0000, 0x0000, 0x0000, 0x0000, 0x0000, 0x0000, 0x0000, 0x0000, 0x0000, 0x0000,
    0x0000, 0x0000, 0x0000, 0x0000, 0x0000, 0x0000, 0x0000, 0x0000, 0x0000, 0x0000, 0x0000, 0x0000, 0x0000, 0x0000, 0x0000, 0x0000,
    0x0000, 0x0000, 0x0000, 0x0000, 0x0000, 0x0000, 0x0000, 0x0000, 0x0000, 0x0000, 0x0000, 0x0000, 0x0000, 0x0000, 0x0000, 0x0000,
    0x0000, 0x0000, 0x0000, 0x0000, 0x0000, 0x0000, 0x0000, 0x0000, 0x0000, 0x0000, 0x0000, 0x0000, 0x0000, 0x0000, 0x0000, 0x0000,
    0x0000, 0x0000, 0x0000, 0x0000, 0x0000, 0x0000, 0x0000, 0x0000, 0x0000, 0x0000, 0x0000, 0x0000, 0x0000, 0x0000, 0x0000, 0x0000,
    0x0000, 0x0000, 0x0000, 0x0000, 0x0000, 0x0000, 0x0000, 0x0000, 0x0000, 0x0000, 0x0000, 0x0000, 0x0000, 0x0000, 0x0000, 0x0000,
    0x0000, 0x0000, 0x0000, 0x0000, 0x0000, 0x0000, 0x0000, 0x0000, 0x0000, 0x0000, 0x0000, 0x0000, 0x0000, 0x0000, 0x0000, 0x0000,
    0x0000, 0x0000, 0x0000, 0x0000, 0x0000, 0x0000, 0x0000, 0x0000, 0x0000, 0x0000, 0x0000, 0x0000, 0x0000, 0x0000, 0x0000, 0x0000,
    0x0000, 0x0000, 0x0000, 0x0000, 0x0000, 0x0000, 0x0000, 0x0000, 0x0000, 0x0000, 0x0000, 0x0000, 0x0000, 0x0000, 0x0000, 0x0000,
    0x0000, 0x0000, 0x0000, 0x0000, 0x0000, 0x0000, 0x0000, 0x0000, 0x0000, 0x0000, 0x0000, 0x0000, 0x0000, 0x0000, 0x0000, 0x0000,
    0x0000, 0x0000, 0x0000, 0x0000, 0x0000, 0x0000, 0x0000, 0x0000, 0x0000, 0x0000, 0x0000, 0x0000, 0x0000, 0x0000, 0x0000, 0x0000,
    0x0000, 0x0000, 0x0000, 0x0000, 0x0000, 0x0000, 0x0000, 0x0000, 0x0000, 0x0000, 0x0000, 0x0000, 0x0000, 0x0000, 0x0000, 0x0000,
    0x0000, 0x0000, 0x0000, 0x0000, 0x0000, 0x0000, 0x0000, 0x0000, 0x0000, 0x0000, 0x0000, 0x0000, 0x0000, 0x0000, 0x0000, 0x0000,
    0x0000, 0x0000, 0x0000, 0x0000, 0x0000, 0x0000, 0x0000, 0x0000, 0x0000, 0x0000, 0x0000, 0x0000, 0x0000, 0x0000, 0x0000, 0x0000,
    0x0000, 0x0000, 0x0000, 0x0000, 0x0000, 0x0000, 0x0000, 0x0000, 0x0000, 0x0000, 0x0000, 0x0000, 0x0000, 0x0000, 0x0000, 0x0000,
    0x0000, 0x0000, 0x0000, 0x0000, 0x0000, 0x0000, 0x0000, 0x0000, 0x0000, 0x0000, 0x0000, 0x0000, 0x0000, 0x0000, 0x0000, 0x0000,
    0x0000, 0x0000, 0x0000, 0x0000, 0x0000, 0x0000, 0x0000, 0x0000, 0x0000, 0x0000, 0x0000, 0x0000, 0x0000, 0x0000, 0x0000, 0x0000,
    0x0000, 0x0000, 0x0000, 0x0000, 0x0000, 0x0000, 0x0000, 0x0000, 0x0000, 0x0000, 0x0000, 0x0000, 0x0000, 0x0000, 0x0000, 0x0000,
    0x0000, 0x0000, 0x0000, 0x0000, 0x0000, 0x0000, 0x0000, 0x0000, 0x0000, 0x0000, 0x0000, 0x0000, 0x0000, 0x0000, 0x0000, 0x0000,
    0x0000, 0x0000, 0x0000, 0x0000, 0x0000, 0x0000, 0x0000, 0x0000, 0x0000, 0x0000, 0x0000, 0x0000, 0x0000, 0x0000, 0x0000, 0x0000,
    0x0000, 0x0000, 0x0000, 0x0000, 0x0000, 0x0000, 0x0000, 0x0000, 0x0000, 0x0000, 0x0000, 0x0000, 0x0000, 0x0000, 0x0000, 0x0000,
    0x0000, 0x0000, 0x0000, 0x0000, 0x0000, 0x0000, 0x0000, 0x0000, 0x0000, 0x0000, 0x0000, 0x0000, 0x0000, 0x0000, 0x0000, 0x0000,
    0x0000, 0x0000, 0x0000, 0x0000, 0x0000, 0x0000, 0x0000, 0x0000, 0x0000, 0x0000, 0x0000, 0x0000, 0x0000, 0x0000, 0x0000, 0x0000,
    0x0000, 0x0000, 0x0000, 0x0000, 0x0000, 0x0000, 0x0000, 0x0000, 0x0000, 0x0000, 0x0000, 0x0000, 0x0000, 0x0000, 0x0000, 0x0000,
    0x0000, 0x0000, 0x0000, 0x0000, 0x0000, 0x0000, 0x0000, 0x0000, 0x0000, 0x0000, 0x0000, 0x0000, 0x0000, 0x0000, 0x0000, 0x0000,
    0x0000, 0x0000, 0x0000, 0x0000, 0x0000, 0x0000, 0x0000, 0x0000, 0x0000, 0x0000, 0x0000, 0x0000, 0x0000, 0x0000, 0x0000, 0x0000,
    0x0000, 0x0000, 0x0000, 0x0000, 0x0000, 0x0000, 0x0000, 0x0000, 0x0000, 0x0000, 0x0000, 0x0000, 0x0000, 0x0000, 0x0000, 0x0000,
    0x0000, 0x0000, 0x0000, 0x0000, 0x0000, 0x0000, 0x0000, 0x0000, 0x0000, 0x0000, 0x0000, 0x0000, 0x0000, 0x0000, 0x0000, 0x0000,
    0x0000, 0x0000, 0x0000, 0x0000, 0x0000, 0x0000, 0x0000, 0x0000, 0x0000, 0x0000, 0x0000, 0x0000, 0x0000, 0x0000, 0x0000, 0x0000,
    0x0000, 0x0000, 0x0000, 0x0000, 0x0000, 0x0000, 0x0000, 0x0000, 0x0000, 0x0000, 0x0000, 0x0000, 0x0000, 0x0000, 0x0000, 0x0000,
    0x0000, 0x0000, 0x0000, 0x0000, 0x0000, 0x0000, 0x0000, 0x0000, 0x0000, 0x0000, 0x0000, 0x0000, 0x0000, 0x0000, 0x0000, 0x0000,
    0x0000, 0x0000, 0x0000, 0x0000, 0x0000, 0x0000, 0x0000, 0x0000, 0x0000, 0x0000, 0x0000, 0x0000, 0x0000, 0x0000, 0x0000, 0x0000,
    0x0000, 0x0000, 0x0000, 0x0000, 0x0000, 0x0000, 0x0000, 0x0000, 0x0000, 0x0000, 0x0000, 0x0000, 0x0000, 0x0000, 0x0000, 0x0000,
    0x0000, 0x0000, 0x0000, 0x0000, 0x0000, 0x0000, 0x0000, 0x0000, 0x0000, 0x0000, 0x0000, 0x0000, 0x0000, 0x0000, 0x0000, 0x0000,
    0x0000, 0x0000, 0x0000, 0x0000, 0x0000, 0x0000, 0x0000, 0x0000, 0x0000, 0x0000, 0x0000, 0x0000, 0x0000, 0x0000, 0x0000, 0x0000,
    0x0000, 0x0000, 0x0000, 0x0000, 0x0000, 0x0000, 0x0000, 0x0000, 0x0000, 0x0000, 0x0000, 0x0000, 0x0000, 0x0000, 0x0000, 0x0000,
    0x0000, 0x0000, 0x0000, 0x0000, 0x0000, 0x0000, 0x0000, 0x0000, 0x0000, 0x0000, 0x0000, 0x0000, 0x0000, 0x0000, 0x0000, 0x0000,
    0x0000, 0x0000, 0x0000, 0x0000, 0x0000, 0x0000, 0x0000, 0x0000, 0x0000, 0x0000, 0x0000, 0x0000, 0x0000, 0x0000, 0x0000, 0x0000,
    0x0000, 0x0000, 0x0000, 0x0000, 0x0000, 0x0000, 0x0000, 0x0000, 0x0000, 0x0000, 0x0000, 0x0000, 0x0000, 0x0000, 0x0000, 0x0000,
    0x0000, 0x0000, 0x0000, 0x0000, 0x0000, 0x0000, 0x0000, 0x0000, 0x0000, 0x0000, 0x0000, 0x0000, 0x0000, 0x0000, 0x0000, 0x0000,
    0x0000, 0x0000, 0x0000, 0x0000, 0x0000, 0x0000, 0x0000, 0x0000, 0x0000, 0x0000, 0x0000, 0x0000, 0x0000, 0x0000, 0x0000, 0x0000,
    0x0000, 0x0000, 0x0000, 0x0000, 0x0000, 0x0000, 0x0000, 0x0000, 0x0000, 0x0000, 0x0000, 0x0000, 0x0000, 0x0000, 0x0000, 0x0000,
    0x0000, 0x0000, 0x0000, 0x0000, 0x0000, 0x0000, 0x0000, 0x0000, 0x0000, 0x0000, 0x0000, 0x0000, 0x0000, 0x0000, 0x0000, 0x0000,
    0x0000, 0x0000, 0x0000, 0x0000, 0x0000, 0x0000, 0x0000, 0x0000, 0x0000, 0x0000, 0x0000, 0x0000, 0x0000, 0x0000, 0x0000, 0x0000,
    0x0000, 0x0000, 0x0000, 0x0000, 0x0000, 0x0000, 0x0000, 0x0000, 0x0000, 0x0000, 0x0000, 0x0000, 0x0000, 0x0000, 0x0000, 0x0000,
    0x0000, 0x0000, 0x0000, 0x0000, 0x0000, 0x0000, 0x0000, 0x0000, 0x0000, 0x0000, 0x0000, 0x0000, 0x0000, 0x0000, 0x0000, 0x0000,
    0x0000, 0x0000, 0x0000, 0x0000, 0x0000, 0x0000, 0x0000, 0x0000, 0x0000, 0x0000, 0x0000, 0x0000, 0x0000, 0x0000, 0x0000, 0x0000,
    0x0000, 0x0000, 0x0000, 0x0000, 0x0000, 0x0000, 0x0000, 0x0000, 0x0000, 0x0000, 0x0000, 0x0000, 0x0000, 0x0000, 0x0000, 0x0000,
    0x0000, 0x0000, 0x0000, 0x0000, 0x0000, 0x0000, 0x0000, 0x0000, 0x0000, 0x0000, 0x0000, 0x0000, 0x0000, 0x0000, 0x0000, 0x0000,
    0x0000, 0x0000, 0x0000, 0x0000, 0x0000, 0x0000, 0x0000, 0x0000, 0x0000, 0x0000, 0x0000, 0x0000, 0x0000, 0x0000, 0x0000, 0x0000,
    0x0000, 0x0000, 0x0000, 0x0000, 0x0000, 0x0000, 0x0000, 0x0000, 0x0000, 0x0000, 0x0000, 0x0000, 0x0000, 0x0000, 0x0000, 0x0000,
    0x0000, 0x0000, 0x0000, 0x0000, 0x0000, 0x0000, 0x0000, 0x0000, 0x0000, 0x0000, 0x0000, 0x0000, 0x0000, 0x0000, 0x0000, 0x0000,
    0x0000, 0x0000, 0x0000, 0x0000, 0x0000, 0x0000, 0x0000, 0x0000, 0x0000, 0x0000, 0x0000, 0x0000, 0x0000, 0x0000, 0x0000, 0x0000,
    0x0000, 0x0000, 0x0000, 0x0000, 0x0000, 0x0000, 0x0000, 0x0000, 0x0000, 0x0000, 0x0000, 0x0000, 0x0000, 0x0000, 0x0000, 0x0000,
    0x0000, 0x0000, 0x0000, 0x0000, 0x0000, 0x0000, 0x0000, 0x0000, 0x0000, 0x0000, 0x0000, 0x0000, 0x0000, 0x0000, 0x0000, 0x0000,
    0x0000, 0x0000, 0x0000, 0x0000, 0x0000, 0x0000, 0x0000, 0x0000, 0x0000, 0x0000, 0x0000, 0x0000, 0x0000, 0x0000, 0x0000, 0x0000,
    0x0000, 0x0000, 0x0000, 0x0000, 0x0000, 0x0000, 0x0000, 0x0000, 0x0000, 0x0000, 0x0000, 0x0000, 0x0000, 0x0000, 0x0000, 0x0000,
    0x0000, 0x0000, 0x0000, 0x0000, 0x0000, 0x0000, 0x0000, 0x0000, 0x0000, 0x0000, 0x0000, 0x0000, 0x0000, 0x0000, 0x0000, 0x0000,
    0x0000, 0x0000, 0x0000, 0x0000, 0x0000, 0x0000, 0x0000, 0x0000, 0x0000, 0x0000, 0x0000, 0x0000, 0x0000, 0x0000, 0x0000, 0x0000,
    0x0000, 0x0000, 0x0000, 0x0000, 0x0000, 0x0000, 0x0000, 0x0000, 0x0000, 0x0000, 0x0000, 0x0000, 0x0000, 0x0000, 0x0000, 0x0000,
    0x0000, 0x0000, 0x0000, 0x0000, 0x0000, 0x0000, 0x0000, 0x0000, 0x0000, 0x0000, 0x0000, 0x0000, 0x0000, 0x0000, 0x0000, 0x0000,
    0x0000, 0x0000, 0x0000, 0x0000, 0x0000, 0x0000, 0x0000, 0x0000, 0x0000, 0x0000, 0x0000, 0x0000, 0x0000, 0x0000, 0x0000, 0x0000,
    0x0000, 0x0000, 0x0000, 0x0000, 0x0000, 0x0000, 0x0000, 0x0000, 0x0000, 0x0000, 0x0000, 0x0000, 0x0000, 0x0000, 0x0000, 0x0000,
    0x0000, 0x0000, 0x0000, 0x0000, 0x0000, 0x0000, 0x0000, 0x0000, 0x0000, 0x0000, 0x0000, 0x0000, 0x0000, 0x0000, 0x0000, 0x0000,
    0x0000, 0x0000, 0x0000, 0x0000, 0x0000, 0x0000, 0x0000, 0x0000, 0x0000, 0x0000, 0x0000, 0x0000, 0x0000, 0x0000, 0x0000, 0x0000,
    0x0000, 0x0000, 0x0000, 0x0000, 0x0000, 0x0000, 0x0000, 0x0000, 0x0000, 0x0000, 0x0000, 0x0000, 0x0000, 0x0000, 0x0000, 0x0000,
    0x0000, 0x0000, 0x0000, 0x0000, 0x0000, 0x0000, 0x0000, 0x0000, 0x0000, 0x0000, 0x0000, 0x0000, 0x0000, 0x0000, 0x0000, 0x0000,
    0x0000, 0x0000, 0x0000, 0x0000, 0x0000, 0x0000, 0x0000, 0x0000, 0x0000, 0x0000, 0x0000, 0x0000, 0x0000, 0x0000, 0x0000, 0x0000,
    0x0000, 0x0000, 0x0000, 0x0000, 0x0000, 0x0000, 0x0000, 0x0000, 0x0000, 0x0000, 0x0000, 0x0000, 0x0000, 0x0000, 0x0000, 0x0000,
    0x0000, 0x0000, 0x0000, 0x0000, 0x0000, 0x0000, 0x0000, 0x0000, 0x0000, 0x0000, 0x0000, 0x0000, 0x0000, 0x0000, 0x0000, 0x0000,
    0x0000, 0x0000, 0x0000, 0x0000, 0x0000, 0x0000, 0x0000, 0x0000, 0x0000, 0x0000, 0x0000, 0x0000, 0x0000, 0x0000, 0x0000, 0x0000,
    0x0000, 0x0000, 0x0000, 0x0000, 0x0000, 0x0000, 0x0000, 0x0000, 0x0000, 0x0000, 0x0000, 0x0000, 0x0000, 0x0000, 0x0000, 0x0000,
    0x0000, 0x0000, 0x0000, 0x0000, 0x0000, 0x0000, 0x0000, 0x0000, 0x0000, 0x0000, 0x0000, 0x0000, 0x0000, 0x0000, 0x0000, 0x0000,
    0x0000, 0x0000, 0x0000, 0x0000, 0x0000, 0x0000, 0x0000, 0x0000, 0x0000, 0x0000, 0x0000, 0x0000, 0x0000, 0x0000, 0x0000, 0x0000,
    0x0000, 0x0000, 0x0000, 0x0000, 0x0000, 0x0000, 0x0000, 0x0000, 0x0000, 0x0000, 0x0000, 0x0000, 0x0000, 0x0000, 0x0000, 0x0000,
    0x0000, 0x0000, 0x0000, 0x0000, 0x0000, 0x0000, 0x0000, 0x0000, 0x0000, 0x0000, 0x0000, 0x0000, 0x0000, 0x0000, 0x0000, 0x0000,
    0x0000, 0x0000, 0x0000, 0x0000, 0x0000, 0x0000, 0x0000, 0x0000, 0x0000, 0x0000, 0x0000, 0x0000, 0x0000, 0x0000, 0x0000, 0x0000,
    0x0000, 0x0000, 0x0000, 0x0000, 0x0000, 0x0000, 0x0000, 0x0000, 0x0000, 0x0000, 0x0000, 0x0000, 0x0000, 0x0000, 0x0000, 0x0000,
    0x0000, 0x0000, 0x0000, 0x0000, 0x0000, 0x0000, 0x0000, 0x0000, 0x0000, 0x0000, 0x0000, 0x0000, 0x0000, 0x0000, 0x0000, 0x0000,
    0x0000, 0x0000, 0x0000, 0x0000, 0x0000, 0x0000, 0x0000, 0x0000, 0x0000, 0x0000, 0x0000, 0x0000, 0x0000, 0x0000, 0x0000, 0x0000,
    0x0000, 0x0000, 0x0000, 0x0000, 0x0000, 0x0000, 0x0000, 0x0000, 0x0000, 0x0000, 0x0000, 0x0000, 0x0000, 0x0000, 0x0000, 0x0000,
    0x0000, 0x0000, 0x0000, 0x0000, 0x0000, 0x0000, 0x0000, 0x0000, 0x0000, 0x0000, 0x0000, 0x0000, 0x0000, 0x0000, 0x0000, 0x0000,
    0x0000, 0x0000, 0x0000, 0x0000, 0x0000, 0x0000, 0x0000, 0x0000, 0x0000, 0x0000, 0x0000, 0x0000, 0x0000, 0x0000, 0x0000, 0x0000,
    0x0000, 0x0000, 0x0000, 0x0000, 0x0000, 0x0000, 0x0000, 0x0000, 0x0000, 0x0000, 0x0000, 0x0000, 0x0000, 0x0000, 0x0000, 0x0000,
    0x0000, 0x0000, 0x0000, 0x0000, 0x0000, 0x0000, 0x0000, 0x0000, 0x0000, 0x0000, 0x0000, 0x0000, 0x0000, 0x0000, 0x0000, 0x0000,
    0x0000, 0x0000, 0x0000, 0x0000, 0x0000, 0x0000, 0x0000, 0x0000, 0x0000, 0x0000, 0x0000, 0x0000, 0x0000, 0x0000, 0x0000, 0x0000,
    0x0000, 0x0000, 0x0000, 0x0000, 0x0000, 0x0000, 0x0000, 0x0000, 0x0000, 0x0000, 0x0000, 0x0000, 0x0000, 0x0000, 0x0000, 0x0000,
    0x0000, 0x0000, 0x0000, 0x0000, 0x0000, 0x0000, 0x0000, 0x0000, 0x0000, 0x0000, 0x0000, 0x0000, 0x0000, 0x0000, 0x0000, 0x0000,
    0x0000, 0x0000, 0x0000, 0x0000, 0x0000, 0x0000, 0x0000, 0x0000, 0x0000, 0x0000, 0x0000, 0x0000, 0x0000, 0x0000, 0x0000, 0x0000,
    0x0000, 0x0000, 0x0000, 0x0000, 0x0000, 0x0000, 0x0000, 0x0000, 0x0000, 0x0000, 0x0000, 0x0000, 0x0000, 0x0000, 0x0000, 0x0000,
    0x0000, 0x0000, 0x0000, 0x0000, 0x0000, 0x0000, 0x0000, 0x0000, 0x0000, 0x0000, 0x0000, 0x0000, 0x0000, 0x0000, 0x0000, 0x0000,
    0x0000, 0x0000, 0x0000, 0x0000, 0x0000, 0x0000, 0x0000, 0x0000, 0x0000, 0x0000, 0x0000, 0x0000, 0x0000, 0x0000, 0x0000, 0x0000,
    0x0000, 0x0000, 0x0000, 0x0000, 0x0000, 0x0000, 0x0000, 0x0000, 0x0000, 0x0000, 0x0000, 0x0000, 0x0000, 0x0000, 0x0000, 0x0000,
    0x0000, 0x0000, 0x0000, 0x0000, 0x0000, 0x0000, 0x0000, 0x0000, 0x0000, 0x0000, 0x0000, 0x0000, 0x0000, 0x0000, 0x0000, 0x0000,
    0x0000, 0x0000, 0x0000, 0x0000, 0x0000, 0x0000, 0x0000, 0x0000, 0x0000, 0x0000, 0x0000, 0x0000, 0x0000, 0x0000, 0x0000, 0x0000,
    0x0000, 0x0000, 0x0000, 0x0000, 0x0000, 0x0000, 0x0000, 0x0000, 0x0000, 0x0000, 0x0000, 0x0000, 0x0000, 0x0000, 0x0000, 0x0000,
    0x0000, 0x0000, 0x0000, 0x0000, 0x0000, 0x0000, 0x0000, 0x0000, 0x0000, 0x0000, 0x0000, 0x0000, 0x0000, 0x0000, 0x0000, 0x0000,
    0x0000, 0x0000, 0x0000, 0x0000, 0x0000, 0x0000, 0x0000, 0x0000, 0x0000, 0x0000, 0x0000, 0x0000, 0x0000, 0x0000, 0x0000, 0x0000,
    0x0000, 0x0000, 0x0000, 0x0000, 0x0000, 0x0000, 0x0000, 0x0000, 0x0000, 0x0000, 0x0000, 0x0000, 0x0000, 0x0000, 0x0000, 0x0000,
    0x0000, 0x0000, 0x0000, 0x0000, 0x0000, 0x0000, 0x0000, 0x0000, 0x0000, 0x0000, 0x0000, 0x0000, 0x0000, 0x0000, 0x0000, 0x0000,
    0x0000, 0x0000, 0x0000, 0x0000, 0x0000, 0x0000, 0x0000, 0x0000, 0x0000, 0x0000, 0x0000, 0x0000, 0x0000, 0x0000, 0x0000, 0x0000,
    0x0000, 0x0000, 0x0000, 0x0000, 0x0000, 0x0000, 0x0000, 0x0000, 0x0000, 0x0000, 0x0000, 0x0000, 0x0000, 0x0000, 0x0000, 0x0000,
    0x0000, 0x0000, 0x0000, 0x0000, 0x0000, 0x0000, 0x0000, 0x0000, 0x0000, 0x0000, 0x0000, 0x0000, 0x0000, 0x0000, 0x0000, 0x0000,
    0x0000, 0x0000, 0x0000, 0x0000, 0x0000, 0x0000, 0x0000, 0x0000, 0x0000, 0x0000, 0x0000, 0x0000, 0x0000, 0x0000, 0x0000, 0x0000,
    0x0000, 0x0000, 0x0000, 0x0000, 0x0000, 0x0000, 0x0000, 0x0000, 0x0000, 0x0000, 0x0000, 0x0000, 0x0000, 0x0000, 0x0000, 0x0000,
    0x0000, 0x0000, 0x0000, 0x0000, 0x0000, 0x0000, 0x0000, 0x0000, 0x0000, 0x0000, 0x0000, 0x0000, 0x0000, 0x0000, 0x0000, 0x0000,
    0x0000, 0x0000, 0x0000, 0x0000, 0x0000, 0x0000, 0x0000, 0x0000, 0x0000, 0x0000, 0x0000, 0x0000, 0x0000, 0x0000, 0x0000, 0x0000,
    0x0000, 0x0000, 0x0000, 0x0000, 0x0000, 0x0000, 0x0000, 0x0000, 0x0000, 0x0000, 0x0000, 0x0000, 0x0000, 0x0000, 0x0000, 0x0000,
    0x0000, 0x0000, 0x0000, 0x0000, 0x0000, 0x0000, 0x0000, 0x0000, 0x0000, 0x0000, 0x0000, 0x0000, 0x0000, 0x0000, 0x0000, 0x0000,
    0x0000, 0x0000, 0x0000, 0x0000, 0x0000, 0x0000, 0x0000, 0x0000, 0x0000, 0x0000, 0x0000, 0x0000, 0x0000, 0x0000, 0x0000, 0x0000,
    0x0000, 0x0000, 0x0000, 0x0000, 0x0000, 0x0000, 0x0000, 0x0000, 0x0000, 0x0000, 0x0000, 0x0000, 0x0000, 0x0000, 0x0000, 0x0000,
    0x0000, 0x0000, 0x0000, 0x0000, 0x0000, 0x0000, 0x0000, 0x0000, 0x0000, 0x0000, 0x0000, 0x0000, 0x0000, 0x0000, 0x0000, 0x0000,
    0x0000, 0x0000, 0x0000, 0x0000, 0x0000, 0x0000, 0x0000, 0x0000, 0x0000, 0x0000, 0x0000, 0x0000, 0x0000, 0x0000, 0x0000, 0x0000,
    0x0000, 0x0000, 0x0000, 0x0000, 0x0000, 0x0000, 0x0000, 0x0000, 0x0000, 0x0000, 0x0000, 0x0000, 0x0000, 0x0000, 0x0000, 0x0000,
    0x0000, 0x0000, 0x0000, 0x0000, 0x0000, 0x0000, 0x0000, 0x0000, 0x0000, 0x0000, 0x0000, 0x0000, 0x0000, 0x0000, 0x0000, 0x0000,
    0x0000, 0x0000, 0x0000, 0x0000, 0x0000, 0x0000, 0x0000, 0x0000, 0x0000, 0x0000, 0x0000, 0x0000, 0x0000, 0x0000, 0x0000, 0x0000,
    0x0000, 0x0000, 0x0000, 0x0000, 0x0000, 0x0000, 0x0000, 0x0000, 0x0000, 0x0000, 0x0000, 0x0000, 0x0000, 0x0000, 0x0000, 0x0000,
    0x0000, 0x0000, 0x0000, 0x0000, 0x0000, 0x0000, 0x0000, 0x0000, 0x0000, 0x0000, 0x0000, 0x0000, 0x0000, 0x0000, 0x0000, 0x0000,
    0x0000, 0x0000, 0x0000, 0x0000, 0x0000, 0x0000, 0x0000, 0x0000, 0x0000, 0x0000, 0x0000, 0x0000, 0x0000, 0x0000, 0x0000, 0x0000,
    0x0000, 0x0000, 0x0000, 0x0000, 0x0000, 0x0000, 0x6b9b, 0x6bae, 0xffff, 0x6bbd, 0x6bbe, 0x6bc7, 0x6bc8, 0x6bc9, 0x6bda, 0x6be6,
    0x6be7, 0x6bee, 0x6bf1, 0x6c02, 0x6c0a, 0x6c0e, 0x6c35, 0x6c36, 0x6c3a, 0xffff, 0x6c3f, 0x6c4d, 0x6c5b, 0x6c6d, 0x6c84, 0x6c89,
    0x3cc3, 0x6c94, 0x6c95, 0x6c97, 0x6cad, 0x6cc2, 0x6cd0, 0x3cd2, 0x6cd6, 0x6cda, 0x6cdc, 0x6ce9, 0x6cec, 0x6ced, 0xffff, 0x6d00,
    0x6d0a, 0x6d24, 0x6d26, 0x6d27, 0x6c67, 0x6d2f, 0x6d3c, 0x6d5b, 0x6d5e, 0x6d60, 0x6d70, 0x6d80, 0x6d81, 0x6d8a, 0x6d8d, 0x6d91,
    0x6d98, 0xffff, 0x6e17, 0xffff, 0xffff, 0xffff, 0x6dab, 0x6dae, 0x6db4, 0x6dc2, 0x6d34, 0x6dc8, 0x6dce, 0x6dcf, 0x6dd0, 0x6ddf,
    0x6de9, 0x6df6, 0x6e36, 0x6e1e, 0x6e22, 0x6e27, 0x3d11, 0x6e32, 0x6e3c, 0x6e48, 0x6e49, 0x6e4b, 0x6e4c, 0x6e4f, 0x6e51, 0x6e53,
    0x6e54, 0x6e57, 0x6e63, 0x3d1e, 0x6e93, 0x6ea7, 0x6eb4, 0x6ebf, 0x6ec3, 0x6eca, 0x6ed9, 0x6f35, 0x6eeb, 0x6ef9, 0x6efb, 0x6f0a,
    0x6f0c, 0x6f18, 0x6f25, 0x6f36, 0x6f3c, 0xffff, 0x6f52, 0x6f57, 0x6f5a, 0x6f60, 0x6f68, 0x6f98, 0x6f7d, 0x6f90, 0x6f96, 0x6fbe,
    0x6f9f, 0x6fa5, 0x6faf, 0x3d64, 0x6fb5, 0x6fc8, 0x6fc9, 0x6fda, 0x6fde, 0x6fe9, 0xffff, 0x6ffc, 0x7000, 0x7007, 0x700a, 0x7023,
    0xffff, 0x7039, 0x703a, 0x703c, 0x7043, 0x7047, 0x704b, 0x3d9a, 0x7054, 0x7065, 0x7069, 0x706c, 0x706e, 0x7076, 0x707e, 0x7081,
    0x7086, 0x7095, 0x7097, 0x70bb, 0xffff, 0x709f, 0x70b1, 0xffff, 0x70ec, 0x70ca, 0x70d1, 0x70d3, 0x70dc, 0x7103, 0x7104, 0x7106,
    0x7107, 0x7108, 0x710c, 0x3dc0, 0x712f, 0x7131, 0x7150, 0x714a, 0x7153, 0x715e, 0x3dd4, 0x7196, 0x7180, 0x719b, 0x71a0, 0x71a2,
    0x71ae, 0x71af, 0x71b3, 0xffff, 0x71cb, 0x71d3, 0x71d9, 0x71dc, 0x7207, 0x3e05, 0xfa49, 0x722b, 0x7234, 0x7238, 0x7239, 0x4e2c,
    0x7242, 0x7253, 0x7257, 0x7263, 0xffff, 0x726e, 0x726f, 0x7278, 0x727f, 0x728e, 0xffff, 0x72ad, 0x72ae, 0x72b0, 0x72b1, 0x72c1,
    0x3e60, 0x72cc, 0x3e66, 0x3e68, 0x72f3, 0x72fa, 0x7307, 0x7312, 0x7318, 0x7319, 0x3e83, 0x7339, 0x732c, 0x7331, 0x7333, 0x733d,
    0x7352, 0x3e94, 0x736b, 0x736c, 0xffff, 0x736e, 0x736f, 0x7371, 0x7377, 0x7381, 0x7385, 0x738a, 0x7394, 0x7398, 0x739c, 0x739e,
    0x73a5, 0x73a8, 0x73b5, 0x73b7, 0x73b9, 0x73bc, 0x73bf, 0x73c5, 0x73cb, 0x73e1, 0x73e7, 0x73f9, 0x7413, 0x73fa, 0x7401, 0x7424,
    0x7431, 0x7439, 0x7453, 0x7440, 0x7443, 0x744d, 0x7452, 0x745d, 0x7471, 0x7481, 0x7485, 0x7488, 0xffff, 0x7492, 0x7497, 0x7499,
    0x74a0, 0x74a1, 0x74a5, 0x74aa, 0x74ab, 0x74b9, 0x74bb, 0x74ba, 0x74d6, 0x74d8, 0x74de, 0x74ef, 0x74eb, 0xffff, 0x74fa, 0xffff,
    0x7520, 0x7524, 0x752a, 0x3f57, 0xffff, 0x753d, 0x753e, 0x7540, 0x7548, 0x754e, 0x7550, 0x7552, 0x756c, 0x7572, 0x7571, 0x757a,
    0x757d, 0x757e, 0x7581, 0xffff, 0x758c, 0x3f75, 0x75a2, 0x3f77, 0x75b0, 0x75b7, 0x75bf, 0x75c0, 0x75c6, 0x75cf, 0x75d3, 0x75dd,
    0x75df, 0x75e0, 0x75e7, 0x75ec, 0x75ee, 0x75f1, 0x75f9, 0x7603, 0x7618, 0x7607, 0x760f, 0x3fae, 0xffff, 0x7613, 0x761b, 0x761c,
    0xffff, 0x7625, 0x7628, 0x763c, 0x7633, 0xffff, 0x3fc9, 0x7641, 0xffff, 0x7649, 0x7655, 0x3fd7, 0x766e, 0x7695, 0x769c, 0x76a1,
    0x76a0, 0x76a7, 0x76a8, 0x76af, 0xffff, 0x76c9, 0xffff, 0x76e8, 0x76ec, 0xffff, 0x7717, 0x771a, 0x772d, 0x7735, 0xffff, 0x4039,
    0xffff, 0xffff, 0x7758, 0x7760, 0x776a, 0xffff, 0x7772, 0x777c, 0x777d, 0xffff, 0x4058, 0x779a, 0x779f, 0x77a2, 0x77a4, 0x77a9,
    0x77de, 0x77df, 0x77e4, 0x77e6, 0x77ea, 0x77ec, 0x4093, 0x77f0, 0x77f4, 0x77fb, 0xffff, 0x7805, 0x7806, 0x7809, 0x780d, 0x7819,
    0x7821, 0x782c, 0x7847, 0x7864, 0x786a, 0xffff, 0x788a, 0x7894, 0x78a4, 0x789d, 0x789e, 0x789f, 0x78bb, 0x78c8, 0x78cc, 0x78ce,
    0x78d5, 0x78e0, 0x78e1, 0x78e6, 0x78f9, 0x78fa, 0x78fb, 0x78fe, 0xffff, 0x7910, 0x791b, 0x7930, 0x7925, 0x793b, 0x794a, 0x7958,
    0x795b, 0x4105, 0x7967, 0x7972, 0x7994, 0x7995, 0x7996, 0x799b, 0x79a1, 0x79a9, 0x79b4, 0x79bb, 0x79c2, 0x79c7, 0x79cc, 0x79cd,
    0x79d6, 0x4148, 0xffff, 0xffff, 0x414f, 0x7a0a, 0x7a11, 0x7a15, 0x7a1b, 0x7a1e, 0x4163, 0x7a2d, 0x7a38, 0x7a47, 0x7a4c, 0x7a56,
    0x7a59, 0x7a5c, 0x7a5f, 0x7a60, 0x7a67, 0x7a6a, 0x7a75, 0x7a78, 0x7a82, 0x7a8a, 0x7a90, 0x7aa3, 0x7aac, 0xffff, 0x41b4, 0x7ab9,
    0x7abc, 0x7abe, 0x41bf, 0x7acc, 0x7ad1, 0x7ae7, 0x7ae8, 0x7af4, 0xffff, 0xffff, 0x7b07, 0xffff, 0x7b3d, 0x7b27, 0x7b2a, 0x7b2e,
    0x7b2f, 0x7b31, 0x41e6, 0x41f3, 0x7b7f, 0x7b41, 0x41ee, 0x7b55, 0x7b79, 0x7b64, 0x7b66, 0x7b69, 0x7b73, 0xffff, 0x4207, 0x7b90,
    0x7b91, 0x7b9b, 0x420e, 0x7baf, 0x7bb5, 0x7bbc, 0x7bc5, 0x7bca, 0xffff, 0xffff, 0x7bd4, 0x7bd6, 0x7bda, 0x7bea, 0x7bf0, 0x7c03,
    0x7c0b, 0x7c0e, 0x7c0f, 0x7c26, 0x7c45, 0x7c4a, 0x7c51, 0x7c57, 0x7c5e, 0x7c61, 0x7c69, 0x7c6e, 0x7c6f, 0x7c70, 0xffff, 0xffff,
    0xffff, 0x7ca6, 0xffff, 0x7cb6, 0x7cb7, 0x7cbf, 0xffff, 0x7cc4, 0xffff, 0x7cc8, 0x7ccd, 0xffff, 0x7cd7, 0xffff, 0x7ce6, 0x7ceb,
    0xffff, 0x7cf5, 0x7d03, 0x7d09, 0x42c6, 0x7d12, 0x7d1e, 0xffff, 0xffff, 0x7d3d, 0x7d3e, 0x7d40, 0x7d47, 0xffff, 0xffff, 0x42d6,
    0x7d59, 0x7d5a, 0x7d6a, 0x7d70, 0x42dd, 0x7d7f, 0xffff, 0x7d86, 0x7d88, 0x7d8c, 0x7d97, 0xffff, 0x7d9d, 0x7da7, 0x7daa, 0x7db6,
    0x7db7, 0x7dc0, 0x7dd7, 0x7dd9, 0x7de6, 0x7df1, 0x7df9, 0x4302, 0xffff, 0xfa58, 0x7e10, 0x7e17, 0x7e1d, 0x7e20, 0x7e27, 0x7e2c,
    0x7e45, 0x7e73, 0x7e75, 0x7e7e, 0x7e86, 0x7e87, 0x432b, 0x7e91, 0x7e98, 0x7e9a, 0x4343, 0x7f3c, 0x7f3b, 0x7f3e, 0x7f43, 0x7f44,
    0x7f4f, 0x34c1, 0xffff, 0x7f52, 0xffff, 0x7f61, 0x7f63, 0x7f64, 0x7f6d, 0x7f7d, 0x7f7e, 0xffff, 0x7f90, 0x517b, 0xffff, 0x7f96,
    0x7f9c, 0x7fad, 0xffff, 0x7fc3, 0x7fcf, 0x7fe3, 0x7fe5, 0x7fef, 0x7ff2, 0x8002, 0x800a, 0x8008, 0x800e, 0x8011, 0x8016, 0x8024,
    0x802c, 0x8030, 0x8043, 0x8066, 0x8071, 0x8075, 0x807b, 0x8099, 0x809c, 0x80a4, 0x80a7, 0x80b8, 0xffff, 0x80c5, 0x80d5, 0x80d8,
    0x80e6, 0xffff, 0x810d, 0x80f5, 0x80fb, 0x43ee, 0x8135, 0x8116, 0x811e, 0x43f0, 0x8124, 0x8127, 0x812c, 0xffff, 0x813d, 0x4408,
    0x8169, 0x4417, 0x8181, 0x441c, 0x8184, 0x8185, 0x4422, 0x8198, 0x81b2, 0x81c1, 0x81c3, 0x81d6, 0x81db, 0xffff, 0x81e4, 0xffff,
    0x81ec, 0xffff, 0x81fd, 0x81ff, 0xffff, 0x8204, 0xffff, 0x8219, 0x8221, 0x8222, 0xffff, 0x8232, 0x8234, 0x823c, 0x8246, 0x8249,
    0x8245, 0xffff, 0x824b, 0x4476, 0x824f, 0x447a, 0x8257, 0xffff, 0x825c, 0x8263, 0xffff, 0xfa5d, 0xfa5e, 0x8279, 0x4491, 0x827d,
    0x827f, 0x8283, 0x828a, 0x8293, 0x82a7, 0x82a8, 0x82b2, 0x82b4, 0x82ba, 0x82bc, 0x82e2, 0x82e8, 0x82f7, 0x8307, 0x8308, 0x830c,
    0x8354, 0x831b, 0x831d, 0x8330, 0x833c, 0x8344, 0x8357, 0x44be, 0x837f, 0x44d4, 0x44b3, 0x838d, 0x8394, 0x8395, 0x839b, 0x839d,
    0x83c9, 0x83d0, 0x83d4, 0x83dd, 0x83e5, 0x83f9, 0x840f, 0x8411, 0x8415, 0xffff, 0x8417, 0x8439, 0x844a, 0x844f, 0x8451, 0x8452,
    0x8459, 0x845a, 0x845c, 0xffff, 0x8465, 0x8476, 0x8478, 0x847c, 0x8481, 0x450d, 0x84dc, 0x8497, 0x84a6, 0x84be, 0x4508, 0x84ce,
    0x84cf, 0x84d3, 0xffff, 0x84e7, 0x84ea, 0x84ef, 0x84f0, 0x84f1, 0x84fa, 0x84fd, 0x850c, 0x851b, 0x8524, 0x8525, 0x852b, 0x8534,
    0x854f, 0x856f, 0x4525, 0x4543, 0x853e, 0x8551, 0x8553, 0x855e, 0x8561, 0x8562, 0xffff, 0x857b, 0x857d, 0x857f, 0x8581, 0x8586,
    0x8593, 0x859d, 0x859f, 0xffff, 0xffff, 0xffff, 0x85b7, 0x85bc, 0x85c7, 0x85ca, 0x85d8, 0x85d9, 0x85df, 0x85e1, 0x85e6, 0x85f6,
    0x8600, 0x8611, 0x861e, 0x8621, 0x8624, 0x8627, 0xffff, 0x8639, 0x863c, 0xffff, 0x8640, 0xfa20, 0x8653, 0x8656, 0x866f, 0x8677,
    0x867a, 0x8687, 0x8689, 0x868d, 0x8691, 0x869c, 0x869d, 0x86a8, 0xfa21, 0x86b1, 0x86b3, 0x86c1, 0x86c3, 0x86d1, 0x86d5, 0x86d7,
    0x86e3, 0x86e6, 0x45b8, 0x8705, 0x8707, 0x870e, 0x8710, 0x8713, 0x8719, 0x871f, 0x8721, 0x8723, 0x8731, 0x873a, 0x873e, 0x8740,
    0x8743, 0x8751, 0x8758, 0x8764, 0x8765, 0x8772, 0x877c, 0xffff, 0xffff, 0x87a7, 0x8789, 0x878b, 0x8793, 0x87a0, 0xffff, 0x45e5,
    0x87be, 0xffff, 0x87c1, 0x87ce, 0x87f5, 0x87df, 0xffff, 0x87e3, 0x87e5, 0x87e6, 0x87ea, 0x87eb, 0x87ed, 0x8801, 0x8803, 0x880b,
    0x8813, 0x8828, 0x882e, 0x8832, 0x883c, 0x460f, 0x884a, 0x8858, 0x885f, 0x8864, 0xffff, 0xffff, 0x8869, 0xffff, 0x886f, 0x88a0,
    0x88bc, 0x88bd, 0x88be, 0x88c0, 0x88d2, 0xffff, 0x88d1, 0x88d3, 0x88db, 0x88f0, 0x88f1, 0x4641, 0x8901, 0xffff, 0x8937, 0xffff,
    0x8942, 0x8945, 0x8949, 0xffff, 0x4665, 0x8962, 0x8980, 0x8989, 0x8990, 0x899f, 0x89b0, 0x89b7, 0x89d6, 0x89d8, 0x89eb, 0x46a1,
    0x89f1, 0x89f3, 0x89fd, 0x89ff, 0x46af, 0x8a11, 0x8a14, 0xffff, 0x8a21, 0x8a35, 0x8a3e, 0x8a45, 0x8a4d, 0x8a58, 0x8aae, 0x8a90,
    0x8ab7, 0x8abe, 0x8ad7, 0x8afc, 0xffff, 0x8b0a, 0x8b05, 0x8b0d, 0x8b1c, 0x8b1f, 0x8b2d, 0x8b43, 0x470c, 0x8b51, 0x8b5e, 0x8b76,
    0x8b7f, 0x8b81, 0x8b8b, 0x8b94, 0x8b95, 0x8b9c, 0x8b9e, 0x8c39, 0xffff, 0x8c3d, 0xffff, 0xffff, 0x8c45, 0x8c47, 0x8c4f, 0x8c54,
    0x8c57, 0x8c69, 0x8c6d, 0x8c73, 0xffff, 0x8c93, 0x8c92, 0x8c99, 0x4764, 0x8c9b, 0x8ca4, 0x8cd6, 0x8cd5, 0x8cd9, 0xffff, 0x8cf0,
    0x8cf1, 0xffff, 0x8d09, 0x8d0e, 0x8d6c, 0x8d84, 0x8d95, 0x8da6, 0xffff, 0x8dc6, 0x8dc8, 0x8dd9, 0x8dec, 0x8e0c, 0x47fd, 0x8dfd,
    0x8e06, 0xffff, 0x8e14, 0x8e16, 0x8e21, 0x8e22, 0x8e27, 0xffff, 0x4816, 0x8e36, 0x8e39, 0x8e4b, 0x8e54, 0x8e62, 0x8e6c, 0x8e6d,
    0x8e6f, 0x8e98, 0x8e9e, 0x8eae, 0x8eb3, 0x8eb5, 0x8eb6, 0x8ebb, 0xffff, 0x8ed1, 0x8ed4, 0x484e, 0x8ef9, 0xffff, 0x8f00, 0x8f08,
    0x8f17, 0x8f2b, 0x8f40, 0x8f4a, 0x8f58, 0xffff, 0x8fa4, 0x8fb4, 0xfa66, 0x8fb6, 0xffff, 0x8fc1, 0x8fc6, 0xfa24, 0x8fca, 0x8fcd,
    0x8fd3, 0x8fd5, 0x8fe0, 0x8ff1, 0x8ff5, 0x8ffb, 0x9002, 0x900c, 0x9037, 0xffff, 0x9043, 0x9044, 0x905d, 0xffff, 0xffff, 0x9085,
    0x908c, 0x9090, 0x961d, 0x90a1, 0x48b5, 0x90b0, 0x90b6, 0x90c3, 0x90c8, 0xffff, 0x90dc, 0x90df, 0xffff, 0x90f6, 0x90f2, 0x9100,
    0x90eb, 0x90fe, 0x90ff, 0x9104, 0x9106, 0x9118, 0x911c, 0x911e, 0x9137, 0x9139, 0x913a, 0x9146, 0x9147, 0x9157, 0x9159, 0x9161,
    0x9164, 0x9174, 0x9179, 0x9185, 0x918e, 0x91a8, 0x91ae, 0x91b3, 0x91b6, 0x91c3, 0x91c4, 0x91da, 0xffff, 0xffff, 0x91ec, 0x91ee,
    0x9201, 0x920a, 0x9216, 0x9217, 0xffff, 0x9233, 0x9242, 0x9247, 0x924a, 0x924e, 0x9251, 0x9256, 0x9259, 0x9260, 0x9261, 0x9265,
    0x9267, 0x9268, 0xffff, 0xffff, 0x927c, 0x927d, 0x927f, 0x9289, 0x928d, 0x9297, 0x9299, 0x929f, 0x92a7, 0x92ab, 0xffff, 0xffff,
    0x92b2, 0x92bf, 0x92c0, 0x92c6, 0x92ce, 0x92d0, 0x92d7, 0x92d9, 0x92e5, 0x92e7, 0x9311, 0xffff, 0xffff, 0x92f7, 0x92f9, 0x92fb,
    0x9302, 0x930d, 0x9315, 0x931d, 0x931e, 0x9327, 0x9329, 0xffff, 0xffff, 0x9347, 0x9351, 0x9357, 0x935a, 0x936b, 0x9371, 0x9373,
    0x93a1, 0xffff, 0xffff, 0x9388, 0x938b, 0x938f, 0x939e, 0x93f5, 0xffff, 0xffff, 0x93f1, 0x93c1, 0x93c7, 0x93dc, 0x93e2, 0x93e7,
    0x9409, 0x940f, 0x9416, 0x9417, 0x93fb, 0x9432, 0x9434, 0x943b, 0x9445, 0xffff, 0xffff, 0x946d, 0x946f, 0x9578, 0x9579, 0x9586,
    0x958c, 0x958d, 0xffff, 0x95ab, 0x95b4, 0xffff, 0x95c8, 0xffff, 0xffff, 0x962c, 0x9633, 0x9634, 0xffff, 0x963c, 0x9641, 0x9661,
    0xffff, 0x9682, 0xffff, 0x969a, 0xffff, 0x49e7, 0x96a9, 0x96af, 0x96b3, 0x96ba, 0x96bd, 0x49fa, 0xffff, 0x96d8, 0x96da, 0x96dd,
    0x4a04, 0x9714, 0x9723, 0x4a29, 0x9736, 0x9741, 0x9747, 0x9755, 0x9757, 0x975b, 0x976a, 0xffff, 0xffff, 0x9796, 0x979a, 0x979e,
    0x97a2, 0x97b1, 0x97b2, 0x97be, 0x97cc, 0x97d1, 0x97d4, 0x97d8, 0x97d9, 0x97e1, 0x97f1, 0x9804, 0x980d, 0x980e, 0x9814, 0x9816,
    0x4abc, 0xffff, 0x9823, 0x9832, 0x9833, 0x9825, 0x9847, 0x9866, 0x98ab, 0x98ad, 0x98b0, 0xffff, 0x98b7, 0x98b8, 0x98bb, 0x98bc,
    0x98bf, 0x98c2, 0x98c7, 0x98cb, 0x98e0, 0xffff, 0x98e1, 0x98e3, 0x98e5, 0x98ea, 0x98f0, 0x98f1, 0x98f3, 0x9908, 0x4b3b, 0xffff,
    0x9916, 0x9917, 0xffff, 0x991a, 0x991b, 0x991c, 0xffff, 0x9931, 0x9932, 0x9933, 0x993a, 0x993b, 0x993c, 0x9940, 0x9941, 0x9946,
    0x994d, 0x994e, 0x995c, 0x995f, 0x9960, 0x99a3, 0x99a6, 0x99b9, 0x99bd, 0x99bf, 0x99c3, 0x99c9, 0x99d4, 0x99d9, 0x99de, 0xffff,
    0x99f0, 0x99f9, 0x99fc, 0x9a0a, 0x9a11, 0x9a16, 0x9a1a, 0x9a20, 0x9a31, 0x9a36, 0x9a44, 0x9a4c, 0x9a58, 0x4bc2, 0x9aaf, 0x4bca,
    0x9ab7, 0x4bd2, 0x9ab9, 0xffff, 0x9ac6, 0x9ad0, 0x9ad2, 0x9ad5, 0x4be8, 0x9adc, 0x9ae0, 0x9ae5, 0x9ae9, 0x9b03, 0x9b0c, 0x9b10,
    0x9b12, 0x9b16, 0x9b1c, 0x9b2b, 0x9b33, 0x9b3d, 0x4c20, 0x9b4b, 0x9b63, 0x9b65, 0x9b6b, 0x9b6c, 0x9b73, 0x9b76, 0x9b77, 0x9ba6,
    0x9bac, 0x9bb1, 0xffff, 0xffff, 0x9bb2, 0x9bb8, 0x9bbe, 0x9bc7, 0x9bf3, 0x9bd8, 0x9bdd, 0x9be7, 0x9bea, 0x9beb, 0x9bef, 0x9bee,
    0xffff, 0x9bfa, 0xffff, 0x9bf7, 0xffff, 0x9c16, 0x9c18, 0x9c19, 0x9c1a, 0x9c1d, 0x9c22, 0x9c27, 0x9c29, 0x9c2a, 0xffff, 0x9c31,
    0x9c36, 0x9c37, 0x9c45, 0x9c5c, 0xffff, 0x9c49, 0x9c4a, 0xffff, 0x9c54, 0x9c58, 0x9c5b, 0x9c5d, 0x9c5f, 0x9c69, 0x9c6a, 0x9c6b,
    0x9c6d, 0x9c6e, 0x9c70, 0x9c72, 0x9c75, 0x9c7a, 0x9ce6, 0x9cf2, 0x9d0b, 0x9d02, 0xffff, 0x9d11, 0x9d17, 0x9d18, 0xffff, 0x4cc4,
    0xffff, 0x9d32, 0x4cd1, 0x9d42, 0x9d4a, 0x9d5f, 0x9d62, 0xffff, 0x9d69, 0x9d6b, 0xffff, 0x9d73, 0x9d76, 0x9d77, 0x9d7e, 0x9d84,
    0x9d8d, 0x9d99, 0x9da1, 0x9dbf, 0x9db5, 0x9db9, 0x9dbd, 0x9dc3, 0x9dc7, 0x9dc9, 0x9dd6, 0x9dda, 0x9ddf, 0x9de0, 0x9de3, 0x9df4,
    0x4d07, 0x9e0a, 0x9e02, 0x9e0d, 0x9e19, 0x9e1c, 0x9e1d, 0x9e7b, 0xffff, 0x9e80, 0x9e85, 0x9e9b, 0x9ea8, 0xffff, 0x9ebd, 0xffff,
    0x9edf, 0x9ee7, 0x9eee, 0x9eff, 0x9f02, 0x4d77, 0x9f03, 0x9f17, 0x9f19, 0x9f2f, 0x9f37, 0x9f3a, 0x9f3d, 0x9f41, 0x9f45, 0x9f46,
    0x9f53, 0x9f55, 0x9f58, 0xffff, 0x9f5d, 0xffff, 0x9f69, 0xffff, 0x9f6d, 0x9f70, 0x9f75, 0xffff, 0x0000, 0x0000, 0x0000, 0x0000,
    0x0000, 0x0000, 0x0000, 0x0000,
];
pub static WIDE: [(u32, u32); 303] = [
    (0x606, 0x2000b), (0x684, 0x2123d), (0x68e, 0x2131b), (0x6a2, 0x2146e), (0x6bd, 0x218bd), (0x1256, 0x20b9f),
    (0x1265, 0x216b4), (0x1270, 0x21e34), (0x2030, 0x231c4), (0x2068, 0x235c4), (0x207d, 0x2373f), (0x2086, 0x23763),
    (0x20b4, 0x23cfe), (0x211e, 0x247f1), (0x218e, 0x2548e), (0x2197, 0x2550e), (0x21b5, 0x25771), (0x21c2, 0x259c4),
    (0x21dc, 0x25da1), (0x2229, 0x26aff), (0x225d, 0x26e40), (0x2273, 0x270f4), (0x2296, 0x27684), (0x22d1, 0x28277),
    (0x22d9, 0x283cd), (0x23aa, 0x2a190), (0x23c3, 0x20089), (0x23cd, 0x200a2), (0x23d0, 0x200a4), (0x23d8, 0x201a2),
    (0x23e8, 0x20213), (0x2412, 0x2032b), (0x2419, 0x20381), (0x241b, 0x20371), (0x2480, 0x203f9), (0x2483, 0x2044a),
    (0x2485, 0x20509), (0x248f, 0x205d6), (0x2490, 0x20628), (0x2496, 0x2074f), (0x249d, 0x20807), (0x249f, 0x2083a),
    (0x24a8, 0x208b9), (0x24b0, 0x2097c), (0x24b1, 0x2099d), (0x24b7, 0x20ad3), (0x24ba, 0x20b1d), (0x24d5, 0x20d45),
    (0x24e6, 0x20de1), (0x24ed, 0x20e95), (0x24ee, 0x20e6d), (0x24f6, 0x20e64), (0x24f9, 0x20f5f), (0x2515, 0x21201),
    (0x2518, 0x21255), (0x251a, 0x2127b), (0x251f, 0x21274), (0x2526, 0x212e4), (0x2527, 0x212d7), (0x252e, 0x212fd),
    (0x2530, 0x21336), (0x2531, 0x21344), (0x253f, 0x213c4), (0x254c, 0x2146d), (0x2558, 0x215d7), (0x255e, 0x26c29),
    (0x2561, 0x21647), (0x256f, 0x21706), (0x2570, 0x21742), (0x2598, 0x219c3), (0x2664, 0x21c56), (0x266b, 0x21d2d),
    (0x266c, 0x21d45), (0x266e, 0x21d78), (0x266f, 0x21d62), (0x2673, 0x21da1), (0x2674, 0x21d9c), (0x2679, 0x21d92),
    (0x267c, 0x21db7), (0x267e, 0x21de0), (0x267f, 0x21e33), (0x268f, 0x21f1e), (0x269a, 0x21f76), (0x26a0, 0x21ffa),
    (0x27ce, 0x2217b), (0x27d7, 0x2231e), (0x27dc, 0x223ad), (0x27fc, 0x226f3), (0x2811, 0x2285b), (0x2819, 0x228ab),
    (0x281e, 0x2298f), (0x282e, 0x22ab8), (0x2833, 0x22b4f), (0x2834, 0x22b50), (0x283c, 0x22b46), (0x283e, 0x22c1d),
    (0x283f, 0x22ba6), (0x2843, 0x22c24), (0x2860, 0x22de1), (0x2887, 0x231c3), (0x288b, 0x231f5), (0x288c, 0x231b6),
    (0x28a2, 0x23372), (0x28a4, 0x233d3), (0x28a5, 0x233d2), (0x28aa, 0x233d0), (0x28ab, 0x233e4), (0x28ac, 0x233d5),
    (0x28af, 0x233da), (0x28b1, 0x233df), (0x28bd, 0x2344a), (0x28be, 0x23451), (0x28bf, 0x2344b), (0x28c3, 0x23465),
    (0x28df, 0x234e4), (0x28e0, 0x2355a), (0x28f0, 0x23594), (0x2905, 0x23639), (0x2906, 0x23647), (0x2908, 0x23638),
    (0x2909, 0x2363a), (0x2914, 0x2371c), (0x291f, 0x2370c), (0x2927, 0x23764), (0x292f, 0x237ff), (0x2930, 0x237e7),
    (0x2936, 0x23824), (0x293b, 0x2383d), (0x400b, 0x23a98), (0x401c, 0x23c7f), (0x4031, 0x23d00), (0x4044, 0x23d40),
    (0x4046, 0x23dfa), (0x4047, 0x23df9), (0x4048, 0x23dd3), (0x4078, 0x23f7e), (0x408d, 0x24096), (0x4093, 0x24103),
    (0x40a7, 0x241c6), (0x40aa, 0x241fe), (0x40c6, 0x243bc), (0x40d7, 0x24629), (0x40dd, 0x246a5), (0x40f7, 0x24896),
    (0x411f, 0x24a4d), (0x4130, 0x24b56), (0x4132, 0x24b6f), (0x4137, 0x24c16), (0x4146, 0x24d14), (0x415f, 0x24e0e),
    (0x4163, 0x24e37), (0x4168, 0x24e6a), (0x416b, 0x24e8b), (0x4177, 0x2504a), (0x4179, 0x25055), (0x417c, 0x25122),
    (0x4181, 0x251a9), (0x4183, 0x251e5), (0x4184, 0x251cd), (0x4188, 0x2521e), (0x418c, 0x2524c), (0x419d, 0x2542e),
    (0x41a8, 0x254d9), (0x41bb, 0x255a7), (0x41d5, 0x257a9), (0x41d6, 0x257b4), (0x41f0, 0x259d4), (0x41fb, 0x25ae4),
    (0x41fc, 0x25ae3), (0x41fe, 0x25af1), (0x4210, 0x25bb2), (0x421b, 0x25c4b), (0x421c, 0x25c64), (0x4231, 0x25e2e),
    (0x4232, 0x25e56), (0x4233, 0x25e65), (0x4235, 0x25e62), (0x4239, 0x25ed8), (0x423b, 0x25ec2), (0x423e, 0x25ee8),
    (0x4240, 0x25f23), (0x4243, 0x25f5c), (0x424a, 0x25fe0), (0x424b, 0x25fd4), (0x4250, 0x2600c), (0x4251, 0x25ffb),
    (0x4259, 0x26017), (0x425e, 0x26060), (0x426b, 0x260ed), (0x4285, 0x26270), (0x4287, 0x26286), (0x428e, 0x2634c),
    (0x4291, 0x23d0e), (0x4295, 0x26402), (0x42af, 0x2667e), (0x42b4, 0x266b0), (0x42c0, 0x2671d), (0x42d0, 0x268dd),
    (0x42d2, 0x268ea), (0x42d4, 0x26951), (0x42d7, 0x2696f), (0x42d9, 0x269dd), (0x42dd, 0x26a1e), (0x42e4, 0x26a58),
    (0x42ea, 0x26a8c), (0x42ed, 0x26ab7), (0x431c, 0x26c73), (0x4326, 0x26cdd), (0x4335, 0x26e65), (0x434d, 0x26f94),
    (0x4356, 0x26ff8), (0x4357, 0x26ff6), (0x4358, 0x26ff7), (0x4369, 0x2710d), (0x436c, 0x27139), (0x439a, 0x273db),
    (0x439b, 0x273da), (0x43a1, 0x273fe), (0x43a4, 0x27410), (0x43a9, 0x27449), (0x43bd, 0x27615), (0x43be, 0x27614),
    (0x43c0, 0x27631), (0x43c8, 0x27693), (0x43d0, 0x2770e), (0x43d2, 0x27723), (0x43d6, 0x27752), (0x43ea, 0x27985),
    (0x43f7, 0x27a84), (0x440b, 0x27bb3), (0x440d, 0x27bbe), (0x440e, 0x27bc7), (0x4417, 0x27cb8), (0x4421, 0x27da0),
    (0x4424, 0x27e10), (0x442b, 0x27fb7), (0x4434, 0x2808a), (0x443a, 0x280bb), (0x444b, 0x28282), (0x4450, 0x282f3),
    (0x4458, 0x2840c), (0x445d, 0x28455), (0x446c, 0x2856b), (0x4470, 0x285c8), (0x4471, 0x285c9), (0x447c, 0x286d7),
    (0x447f, 0x286fa), (0x449f, 0x28949), (0x44a0, 0x28946), (0x44a7, 0x2896b), (0x44b5, 0x28987), (0x44b6, 0x28988),
    (0x44c1, 0x289ba), (0x44c2, 0x289bb), (0x44ce, 0x28a1e), (0x44cf, 0x28a29), (0x44da, 0x28a71), (0x44db, 0x28a43),
    (0x44e4, 0x28a99), (0x44e5, 0x28acd), (0x44eb, 0x28ae4), (0x44ec, 0x28add), (0x44fc, 0x28bc1), (0x44fd, 0x28bef),
    (0x4505, 0x28d10), (0x4508, 0x28d71), (0x450a, 0x28dfb), (0x450b, 0x28e1f), (0x450f, 0x28e36), (0x4513, 0x28e89),
    (0x4515, 0x28eeb), (0x4517, 0x28f32), (0x451f, 0x28ff8), (0x452e, 0x292a0), (0x452f, 0x292b1), (0x4544, 0x29490),
    (0x454e, 0x295cf), (0x4558, 0x2967f), (0x4562, 0x296f0), (0x4565, 0x29719), (0x4569, 0x29750), (0x4582, 0x298c6),
    (0x4596, 0x29a72), (0x45b5, 0x29ddb), (0x45b6, 0x29e3d), (0x45c3, 0x29e15), (0x45c5, 0x29e8a), (0x45c7, 0x29e49),
    (0x45d1, 0x29ec4), (0x45d7, 0x29ee9), (0x45da, 0x29edb), (0x45ed, 0x29fce), (0x45f1, 0x2a02f), (0x45f3, 0x2a01a),
    (0x45fa, 0x2a0f9), (0x45fd, 0x2a082), (0x461b, 0x22218), (0x4620, 0x2a38c), (0x4622, 0x2a437), (0x4636, 0x2a5f1),
    (0x4638, 0x2a602), (0x463a, 0x2a61a), (0x463e, 0x2a6b2),
];
pub static ENC_CP: [u16; 11096] = [
    0x0000, 0x0001, 0x0002, 0x0003, 0x0004, 0x0005, 0x0006, 0x0007, 0x0008, 0x0009, 0x000a, 0x000b, 0x000c, 0x000d, 0x000e, 0x000f,
    0x0010, 0x0011, 0x0012, 0x0013, 0x0014, 0x0015, 0x0016, 0x0017, 0x0018, 0x0019, 0x001a, 0x001b, 0x001c, 0x001d, 0x001e, 0x001f,
    0x0020, 0x0021, 0x0022, 0x0023, 0x0024, 0x0025, 0x0026, 0x0027, 0x0028, 0x0029, 0x002a, 0x002b, 0x002c, 0x002d, 0x002e, 0x002f,
    0x0030, 0x0031, 0x0032, 0x0033, 0x0034, 0x0035, 0x0036, 0x0037, 0x0038, 0x0039, 0x003a, 0x003b, 0x003c, 0x003d, 0x003e, 0x003f,
    0x0040, 0x0041, 0x0042, 0x0043, 0x0044, 0x0045, 0x0046, 0x0047, 0x0048, 0x0049, 0x004a, 0x004b, 0x004c, 0x004d, 0x004e, 0x004f,
    0x0050, 0x0051, 0x0052, 0x0053, 0x0054, 0x0055, 0x0056, 0x0057, 0x0058, 0x0059, 0x005a, 0x005b, 0x005c, 0x005d, 0x005e, 0x005f,
    0x0060, 0x0061, 0x0062, 0x0063, 0x0064, 0x0065, 0x0066, 0x0067, 0x0068, 0x0069, 0x006a, 0x006b, 0x006c, 0x006d, 0x006e, 0x006f,
    0x0070, 0x0071, 0x0072, 0x0073, 0x0074, 0x0075, 0x0076, 0x0077, 0x0078, 0x0079, 0x007a, 0x007b, 0x007c, 0x007d, 0x007e, 0x007f,
    0x00a0, 0x00a1, 0x00a2, 0x00a3, 0x00a4, 0x00a6, 0x00a7, 0x00a8, 0x00a9, 0x00aa, 0x00ab, 0x00ac, 0x00ad, 0x00ae, 0x00af, 0x00b0,
    0x00b1, 0x00b2, 0x00b3, 0x00b4, 0x00b6, 0x00b7, 0x00b8, 0x00b9, 0x00ba, 0x00bb, 0x00bc, 0x00bd, 0x00be, 0x00bf, 0x00c0, 0x00c1,
    0x00c2, 0x00c3, 0x00c4, 0x00c5, 0x00c6, 0x00c7, 0x00c8, 0x00c9, 0x00ca, 0x00cb, 0x00cc, 0x00cd, 0x00ce, 0x00cf, 0x00d0, 0x00d1,
    0x00d2, 0x00d3, 0x00d4, 0x00d5, 0x00d6, 0x00d7, 0x00d8, 0x00d9, 0x00da, 0x00db, 0x00dc, 0x00dd, 0x00de, 0x00df, 0x00e0, 0x00e1,
    0x00e2, 0x00e3, 0x00e4, 0x00e5, 0x00e6, 0x00e7, 0x00e8, 0x00e9, 0x00ea, 0x00eb, 0x00ec, 0x00ed, 0x00ee, 0x00ef, 0x00f0, 0x00f1,
    0x00f2, 0x00f3, 0x00f4, 0x00f5, 0x00f6, 0x00f7, 0x00f8, 0x00f9, 0x00fa, 0x00fb, 0x00fc, 0x00fd, 0x00fe, 0x00ff, 0x0100, 0x0101,
    0x0102, 0x0103, 0x0104, 0x0105, 0x0106, 0x0107, 0x0108, 0x0109, 0x010c, 0x010d, 0x010e, 0x010f, 0x0111, 0x0112, 0x0113, 0x0118,
    0x0119, 0x011a, 0x011b, 0x011c, 0x011d, 0x0124, 0x0125, 0x0127, 0x012a, 0x012b, 0x0134, 0x0135, 0x0139, 0x013a, 0x013d, 0x013e,
    0x0141, 0x0142, 0x0143, 0x0144, 0x0147, 0x0148, 0x014b, 0x014c, 0x014d, 0x0150, 0x0151, 0x0152, 0x0153, 0x0154, 0x0155, 0x0158,
    0x0159, 0x015a, 0x015b, 0x015c, 0x015d, 0x015e, 0x015f, 0x0160, 0x0161, 0x0162, 0x0163, 0x0164, 0x0165, 0x016a, 0x016b, 0x016c,
    0x016d, 0x016e, 0x016f, 0x0170, 0x0171, 0x0179, 0x017a, 0x017b, 0x017c, 0x017d, 0x017e, 0x0193, 0x01c2, 0x01cd, 0x01ce, 0x01d0,
    0x01d1, 0x01d2, 0x01d4, 0x01d6, 0x01d8, 0x01da, 0x01dc, 0x01f8, 0x01f9, 0x01fd, 0x0250, 0x0251, 0x0252, 0x0253, 0x0254, 0x0255,
    0x0256, 0x0257, 0x0258, 0x0259, 0x025a, 0x025c, 0x025e, 0x025f, 0x0260, 0x0261, 0x0264, 0x0265, 0x0266, 0x0267, 0x0268, 0x026c,
    0x026d, 0x026e, 0x026f, 0x0270, 0x0271, 0x0272, 0x0273, 0x0275, 0x0279, 0x027a, 0x027b, 0x027d, 0x027e, 0x0281, 0x0282, 0x0283,
    0x0284, 0x0288, 0x0289, 0x028a, 0x028b, 0x028c, 0x028d, 0x028e, 0x0290, 0x0291, 0x0292, 0x0294, 0x0295, 0x0298, 0x029d, 0x02a1,
    0x02a2, 0x02c7, 0x02c8, 0x02cc, 0x02d0, 0x02d1, 0x02d8, 0x02d9, 0x02db, 0x02dd, 0x02de, 0x02e5, 0x02e6, 0x02e7, 0x02e8, 0x02e9,
    0x0300, 0x0301, 0x0302, 0x0303, 0x0304, 0x0306, 0x0308, 0x030b, 0x030c, 0x030f, 0x0318, 0x0319, 0x031a, 0x031c, 0x031d, 0x031e,
    0x031f, 0x0320, 0x0324, 0x0325, 0x0329, 0x032a, 0x032c, 0x032f, 0x0330, 0x0334, 0x0339, 0x033a, 0x033b, 0x033c, 0x033d, 0x0361,
    0x0391, 0x0392, 0x0393, 0x0394, 0x0395, 0x0396, 0x0397, 0x0398, 0x0399, 0x039a, 0x039b, 0x039c, 0x039d, 0x039e, 0x039f, 0x03a0,
    0x03a1, 0x03a3, 0x03a4, 0x03a5, 0x03a6, 0x03a7, 0x03a8, 0x03a9, 0x03b1, 0x03b2, 0x03b3, 0x03b4, 0x03b5, 0x03b6, 0x03b7, 0x03b8,
    0x03b9, 0x03ba, 0x03bb, 0x03bc, 0x03bd, 0x03be, 0x03bf, 0x03c0, 0x03c1, 0x03c2, 0x03c3, 0x03c4, 0x03c5, 0x03c6, 0x03c7, 0x03c8,
    0x03c9, 0x0401, 0x0410, 0x0411, 0x0412, 0x0413, 0x0414, 0x0415, 0x0416, 0x0417, 0x0418, 0x0419, 0x041a, 0x041b, 0x041c, 0x041d,
    0x041e, 0x041f, 0x0420, 0x0421, 0x0422, 0x0423, 0x0424, 0x0425, 0x0426, 0x0427, 0x0428, 0x0429, 0x042a, 0x042b, 0x042c, 0x042d,
    0x042e, 0x042f, 0x0430, 0x0431, 0x0432, 0x0433, 0x0434, 0x0435, 0x0436, 0x0437, 0x0438, 0x0439, 0x043a, 0x043b, 0x043c, 0x043d,
    0x043e, 0x043f, 0x0440, 0x0441, 0x0442, 0x0443, 0x0444, 0x0445, 0x0446, 0x0447, 0x0448, 0x0449, 0x044a, 0x044b, 0x044c, 0x044d,
    0x044e, 0x044f, 0x0451, 0x1e3e, 0x1e3f, 0x1f70, 0x1f71, 0x1f72, 0x1f73, 0x2010, 0x2013, 0x2014, 0x2016, 0x2018, 0x2019, 0x201c,
    0x201d, 0x2020, 0x2021, 0x2022, 0x2025, 0x2026, 0x2030, 0x2032, 0x2033, 0x203b, 0x203c, 0x203f, 0x2042, 0x2047, 0x2048, 0x2049,
    0x2051, 0x20ac, 0x2103, 0x210f, 0x2113, 0x2116, 0x2121, 0x2127, 0x212b, 0x2135, 0x2153, 0x2154, 0x2155, 0x2160, 0x2161, 0x2162,
    0x2163, 0x2164, 0x2165, 0x2166, 0x2167, 0x2168, 0x2169, 0x216a, 0x216b, 0x2170, 0x2171, 0x2172, 0x2173, 0x2174, 0x2175, 0x2176,
    0x2177, 0x2178, 0x2179, 0x217a, 0x217b, 0x2190, 0x2191, 0x2192, 0x2193, 0x2194, 0x2196, 0x2197, 0x2198, 0x2199, 0x21c4, 0x21d2,
    0x21d4, 0x21e6, 0x21e7, 0x21e8, 0x21e9, 0x2200, 0x2202, 0x2203, 0x2205, 0x2207, 0x2208, 0x2209, 0x220b, 0x2212, 0x2213, 0x221a,
    0x221d, 0x221e, 0x221f, 0x2220, 0x2225, 0x2226, 0x2227, 0x2228, 0x2229, 0x222a, 0x222b, 0x222c, 0x222e, 0x2234, 0x2235, 0x223d,
    0x2243, 0x2245, 0x2248, 0x2252, 0x2260, 0x2261, 0x2262, 0x2266, 0x2267, 0x226a, 0x226b, 0x2276, 0x2277, 0x2282, 0x2283, 0x2284,
    0x2285, 0x2286, 0x2287, 0x228a, 0x228b, 0x2295, 0x2296, 0x2297, 0x22a5, 0x22bf, 0x22da, 0x22db, 0x2305, 0x2306, 0x2312, 0x2318,
    0x23be, 0x23bf, 0x23c0, 0x23c1, 0x23c2, 0x23c3, 0x23c4, 0x23c5, 0x23c6, 0x23c7, 0x23c8, 0x23c9, 0x23ca, 0x23cb, 0x23cc, 0x23ce,
    0x2423, 0x2460, 0x2461, 0x2462, 0x2463, 0x2464, 0x2465, 0x2466, 0x2467, 0x2468, 0x2469, 0x246a, 0x246b, 0x246c, 0x246d, 0x246e,
    0x246f, 0x2470, 0x2471, 0x2472, 0x2473, 0x24d0, 0x24d1, 0x24d2, 0x24d3, 0x24d4, 0x24d5, 0x24d6, 0x24d7, 0x24d8, 0x24d9, 0x24da,
    0x24db, 0x24dc, 0x24dd, 0x24de, 0x24df, 0x24e0, 0x24e1, 0x24e2, 0x24e3, 0x24e4, 0x24e5, 0x24e6, 0x24e7, 0x24e8, 0x24e9, 0x24eb,
    0x24ec, 0x24ed, 0x24ee, 0x24ef, 0x24f0, 0x24f1, 0x24f2, 0x24f3, 0x24f4, 0x24f5, 0x24f6, 0x24f7, 0x24f8, 0x24f9, 0x24fa, 0x24fb,
    0x24fc, 0x24fd, 0x24fe, 0x2500, 0x2501, 0x2502, 0x2503, 0x250c, 0x250f, 0x2510, 0x2513, 0x2514, 0x2517, 0x2518, 0x251b, 0x251c,
    0x251d, 0x2520, 0x2523, 0x2524, 0x2525, 0x2528, 0x252b, 0x252c, 0x252f, 0x2530, 0x2533, 0x2534, 0x2537, 0x2538, 0x253b, 0x253c,
    0x253f, 0x2542, 0x254b, 0x25a0, 0x25a1, 0x25b1, 0x25b2, 0x25b3, 0x25b6, 0x25b7, 0x25bc, 0x25bd, 0x25c0, 0x25c1, 0x25c6, 0x25c7,
    0x25c9, 0x25cb, 0x25ce, 0x25cf, 0x25d0, 0x25d1, 0x25d2, 0x25d3, 0x25e6, 0x25ef, 0x2600, 0x2601, 0x2602, 0x2603, 0x2605, 0x2606,
    0x260e, 0x2616, 0x2617, 0x261e, 0x2640, 0x2642, 0x2660, 0x2661, 0x2662, 0x2663, 0x2664, 0x2665, 0x2666, 0x2667, 0x2668, 0x2669,
    0x266a, 0x266b, 0x266c, 0x266d, 0x266e, 0x266f, 0x2713, 0x2756, 0x2776, 0x2777, 0x2778, 0x2779, 0x277a, 0x277b, 0x277c, 0x277d,
    0x277e, 0x277f, 0x2934, 0x2935, 0x29bf, 0x29fa, 0x29fb, 0x3000, 0x3001, 0x3002, 0x3003, 0x3005, 0x3006, 0x3007, 0x3008, 0x3009,
    0x300a, 0x300b, 0x300c, 0x300d, 0x300e, 0x300f, 0x3010, 0x3011, 0x3012, 0x3013, 0x3014, 0x3015, 0x3016, 0x3017, 0x3018, 0x3019,
    0x301c, 0x301d, 0x301f, 0x3020, 0x3033, 0x3034, 0x3035, 0x303b, 0x303c, 0x303d, 0x3041, 0x3042, 0x3043, 0x3044, 0x3045, 0x3046,
    0x3047, 0x3048, 0x3049, 0x304a, 0x304b, 0x304c, 0x304d, 0x304e, 0x304f, 0x3050, 0x3051, 0x3052, 0x3053, 0x3054, 0x3055, 0x3056,
    0x3057, 0x3058, 0x3059, 0x305a, 0x305b, 0x305c, 0x305d, 0x305e, 0x305f, 0x3060, 0x3061, 0x3062, 0x3063, 0x3064, 0x3065, 0x3066,
    0x3067, 0x3068, 0x3069, 0x306a, 0x306b, 0x306c, 0x306d, 0x306e, 0x306f, 0x3070, 0x3071, 0x3072, 0x3073, 0x3074, 0x3075, 0x3076,
    0x3077, 0x3078, 0x3079, 0x307a, 0x307b, 0x307c, 0x307d, 0x307e, 0x307f, 0x3080, 0x3081, 0x3082, 0x3083, 0x3084, 0x3085, 0x3086,
    0x3087, 0x3088, 0x3089, 0x308a, 0x308b, 0x308c, 0x308d, 0x308e, 0x308f, 0x3090, 0x3091, 0x3092, 0x3093, 0x3094, 0x3095, 0x3096,
    0x309b, 0x309c, 0x309d, 0x309e, 0x309f, 0x30a0, 0x30a1, 0x30a2, 0x30a3, 0x30a4, 0x30a5, 0x30a6, 0x30a7, 0x30a8, 0x30a9, 0x30aa,
    0x30ab, 0x30ac, 0x30ad, 0x30ae, 0x30af, 0x30b0, 0x30b1, 0x30b2, 0x30b3, 0x30b4, 0x30b5, 0x30b6, 0x30b7, 0x30b8, 0x30b9, 0x30ba,
    0x30bb, 0x30bc, 0x30bd, 0x30be, 0x30bf, 0x30c0, 0x30c1, 0x30c2, 0x30c3, 0x30c4, 0x30c5, 0x30c6, 0x30c7, 0x30c8, 0x30c9, 0x30ca,
    0x30cb, 0x30cc, 0x30cd, 0x30ce, 0x30cf, 0x30d0, 0x30d1, 0x30d2, 0x30d3, 0x30d4, 0x30d5, 0x30d6, 0x30d7, 0x30d8, 0x30d9, 0x30da,
    0x30db, 0x30dc, 0x30dd, 0x30de, 0x30df, 0x30e0, 0x30e1, 0x30e2, 0x30e3, 0x30e4, 0x30e5, 0x30e6, 0x30e7, 0x30e8, 0x30e9, 0x30ea,
    0x30eb, 0x30ec, 0x30ed, 0x30ee, 0x30ef, 0x30f0, 0x30f1, 0x30f2, 0x30f3, 0x30f4, 0x30f5, 0x30f6, 0x30f7, 0x30f8, 0x30f9, 0x30fa,
    0x30fb, 0x30fc, 0x30fd, 0x30fe, 0x30ff, 0x31f0, 0x31f1, 0x31f2, 0x31f3, 0x31f4, 0x31f5, 0x31f6, 0x31f7, 0x31f8, 0x31f9, 0x31fa,
    0x31fb, 0x31fc, 0x31fd, 0x31fe, 0x31ff, 0x3231, 0x3232, 0x3239, 0x3251, 0x3252, 0x3253, 0x3254, 0x3255, 0x3256, 0x3257, 0x3258,
    0x3259, 0x325a, 0x325b, 0x325c, 0x325d, 0x325e, 0x325f, 0x32a4, 0x32a5, 0x32a6, 0x32a7, 0x32a8, 0x32b1, 0x32b2, 0x32b3, 0x32b4,
    0x32b5, 0x32b6, 0x32b7, 0x32b8, 0x32b9, 0x32ba, 0x32bb, 0x32bc, 0x32bd, 0x32be, 0x32bf, 0x32d0, 0x32d1, 0x32d2, 0x32d3, 0x32d4,
    0x32d5, 0x32d6, 0x32d7, 0x32d8, 0x32d9, 0x32da, 0x32db, 0x32dc, 0x32dd, 0x32de, 0x32df, 0x32e0, 0x32e1, 0x32e2, 0x32e3, 0x32e5,
    0x32e9, 0x32ec, 0x32ed, 0x32fa, 0x3303, 0x330d, 0x3314, 0x3318, 0x3322, 0x3323, 0x3326, 0x3327, 0x332b, 0x3336, 0x333b, 0x3349,
    0x334a, 0x334d, 0x3351, 0x3357, 0x337b, 0x337c, 0x337d, 0x337e, 0x338e, 0x338f, 0x339c, 0x339d, 0x339e, 0x33a1, 0x33c4, 0x33cb,
    0x33cd, 0x3402, 0x3406, 0x342c, 0x342e, 0x3468, 0x346a, 0x3492, 0x34b5, 0x34bc, 0x34c1, 0x34c7, 0x34db, 0x351f, 0x355d, 0x355e,
    0x3563, 0x356e, 0x35a6, 0x35a8, 0x35c5, 0x35da, 0x35f4, 0x3605, 0x364a, 0x3691, 0x3696, 0x3699, 0x36cf, 0x3761, 0x3762, 0x376b,
    0x376c, 0x3775, 0x378d, 0x37c1, 0x37e2, 0x37e8, 0x37f4, 0x37fd, 0x3800, 0x382f, 0x3836, 0x3840, 0x385c, 0x3861, 0x38fa, 0x3917,
    0x391a, 0x396f, 0x3a6e, 0x3a73, 0x3ad6, 0x3ad7, 0x3aea, 0x3b0e, 0x3b1a, 0x3b1c, 0x3b22, 0x3b6d, 0x3b77, 0x3b87, 0x3b88, 0x3b8d,
    0x3ba4, 0x3bb6, 0x3bc3, 0x3bcd, 0x3bf0, 0x3c0f, 0x3c26, 0x3cc3, 0x3cd2, 0x3d11, 0x3d1e, 0x3d64, 0x3d9a, 0x3dc0, 0x3dd4, 0x3e05,
    0x3e3f, 0x3e60, 0x3e66, 0x3e68, 0x3e83, 0x3e94, 0x3f57, 0x3f72, 0x3f75, 0x3f77, 0x3fae, 0x3fc9, 0x3fd7, 0x4039, 0x4058, 0x4093,
    0x4105, 0x4148, 0x414f, 0x4163, 0x41b4, 0x41bf, 0x41e6, 0x41ee, 0x41f3, 0x4207, 0x420e, 0x4264, 0x42c6, 0x42d6, 0x42dd, 0x4302,
    0x432b, 0x4343, 0x43ee, 0x43f0, 0x4408, 0x4417, 0x441c, 0x4422, 0x4453, 0x445b, 0x4476, 0x447a, 0x4491, 0x44b3, 0x44be, 0x44d4,
    0x4508, 0x450d, 0x4525, 0x4543, 0x459d, 0x45b8, 0x45e5, 0x45ea, 0x460f, 0x4641, 0x4665, 0x46a1, 0x46af, 0x470c, 0x4764, 0x47fd,
    0x4816, 0x4844, 0x484e, 0x48b5, 0x49b0, 0x49e7, 0x49fa, 0x4a04, 0x4a29, 0x4abc, 0x4b3b, 0x4bc2, 0x4bca, 0x4bd2, 0x4be8, 0x4c17,
    0x4c20, 0x4cc4, 0x4cd1, 0x4d07, 0x4d77, 0x4e00, 0x4e01, 0x4e02, 0x4e03, 0x4e07, 0x4e08, 0x4e09, 0x4e0a, 0x4e0b, 0x4e0d, 0x4e0e,
    0x4e0f, 0x4e10, 0x4e11, 0x4e12, 0x4e14, 0x4e15, 0x4e16, 0x4e17, 0x4e18, 0x4e19, 0x4e1e, 0x4e21, 0x4e26, 0x4e28, 0x4e29, 0x4e2a,
    0x4e2b, 0x4e2c, 0x4e2d, 0x4e2e, 0x4e2f, 0x4e30, 0x4e31, 0x4e32, 0x4e36, 0x4e38, 0x4e39, 0x4e3b, 0x4e3c, 0x4e3f, 0x4e40, 0x4e42,
    0x4e43, 0x4e45, 0x4e47, 0x4e48, 0x4e4b, 0x4e4d, 0x4e4e, 0x4e4f, 0x4e51, 0x4e55, 0x4e56, 0x4e57, 0x4e58, 0x4e59, 0x4e5a, 0x4e5d,
    0x4e5e, 0x4e5f, 0x4e62, 0x4e69, 0x4e71, 0x4e73, 0x4e7e, 0x4e80, 0x4e82, 0x4e85, 0x4e86, 0x4e88, 0x4e89, 0x4e8a, 0x4e8b, 0x4e8c,
    0x4e8d, 0x4e8e, 0x4e91, 0x4e92, 0x4e94, 0x4e95, 0x4e98, 0x4e99, 0x4e9b, 0x4e9c, 0x4e9d, 0x4e9e, 0x4e9f, 0x4ea0, 0x4ea1, 0x4ea2,
    0x4ea4, 0x4ea5, 0x4ea6, 0x4ea8, 0x4eab, 0x4eac, 0x4ead, 0x4eae, 0x4eb0, 0x4eb3, 0x4eb6, 0x4eb9, 0x4eba, 0x4ebb, 0x4ebc, 0x4ec0,
    0x4ec1, 0x4ec2, 0x4ec3, 0x4ec4, 0x4ec6, 0x4ec7, 0x4ec8, 0x4eca, 0x4ecb, 0x4ecd, 0x4ece, 0x4ecf, 0x4ed0, 0x4ed4, 0x4ed5, 0x4ed6,
    0x4ed7, 0x4ed8, 0x4ed9, 0x4eda, 0x4edd, 0x4ede, 0x4edf, 0x4ee1, 0x4ee3, 0x4ee4, 0x4ee5, 0x4eeb, 0x4eed, 0x4eee, 0x4ef0, 0x4ef1,
    0x4ef2, 0x4ef5, 0x4ef6, 0x4ef7, 0x4efb, 0x4efd, 0x4eff, 0x4f00, 0x4f01, 0x4f03, 0x4f09, 0x4f0a, 0x4f0b, 0x4f0d, 0x4f0e, 0x4f0f,
    0x4f10, 0x4f11, 0x4f16, 0x4f1a, 0x4f1c, 0x4f1d, 0x4f2f, 0x4f30, 0x4f34, 0x4f36, 0x4f37, 0x4f38, 0x4f3a, 0x4f3c, 0x4f3d, 0x4f3e,
    0x4f43, 0x4f46, 0x4f47, 0x4f48, 0x4f49, 0x4f4d, 0x4f4e, 0x4f4f, 0x4f50, 0x4f51, 0x4f53, 0x4f54, 0x4f55, 0x4f56, 0x4f57, 0x4f58,
    0x4f59, 0x4f5a, 0x4f5b, 0x4f5c, 0x4f5d, 0x4f5e, 0x4f5f, 0x4f60, 0x4f64, 0x4f69, 0x4f6a, 0x4f6c, 0x4f6f, 0x4f70, 0x4f73, 0x4f75,
    0x4f76, 0x4f77, 0x4f78, 0x4f7a, 0x4f7b, 0x4f7c, 0x4f7d, 0x4f7e, 0x4f7f, 0x4f82, 0x4f83, 0x4f85, 0x4f86, 0x4f88, 0x4f8a, 0x4f8b,
    0x4f8d, 0x4f8f, 0x4f91, 0x4f92, 0x4f94, 0x4f96, 0x4f97, 0x4f98, 0x4f9a, 0x4f9b, 0x4f9d, 0x4fa0, 0x4fa1, 0x4fab, 0x4fad, 0x4fae,
    0x4faf, 0x4fb2, 0x4fb5, 0x4fb6, 0x4fbe, 0x4fbf, 0x4fc2, 0x4fc3, 0x4fc4, 0x4fc5, 0x4fc9, 0x4fca, 0x4fcb, 0x4fce, 0x4fcf, 0x4fd0,
    0x4fd1, 0x4fd2, 0x4fd4, 0x4fd7, 0x4fd8, 0x4fda, 0x4fdb, 0x4fdd, 0x4fdf, 0x4fe0, 0x4fe1, 0x4fe3, 0x4fe4, 0x4fe5, 0x4fe6, 0x4fee,
    0x4fef, 0x4ff1, 0x4ff2, 0x4ff3, 0x4ff5, 0x4ff6, 0x4ff8, 0x4ffa, 0x4ffe, 0x5000, 0x5001, 0x5002, 0x5005, 0x5006, 0x5009, 0x500b,
    0x500d, 0x500e, 0x500f, 0x5010, 0x5011, 0x5012, 0x5013, 0x5014, 0x5016, 0x5018, 0x5019, 0x501a, 0x501c, 0x501e, 0x501f, 0x5021,
    0x5022, 0x5023, 0x5024, 0x5025, 0x5026, 0x5027, 0x5028, 0x5029, 0x502a, 0x502b, 0x502c, 0x502d, 0x502e, 0x5036, 0x5039, 0x503b,
    0x5040, 0x5041, 0x5042, 0x5043, 0x5046, 0x5047, 0x5048, 0x5049, 0x504e, 0x504f, 0x5050, 0x5053, 0x5055, 0x5056, 0x5057, 0x505a,
    0x505c, 0x5063, 0x5065, 0x5066, 0x506a, 0x506c, 0x5070, 0x5072, 0x5074, 0x5075, 0x5076, 0x5078, 0x507d, 0x5080, 0x5085, 0x5088,
    0x508d, 0x5091, 0x5092, 0x5093, 0x5094, 0x5095, 0x5096, 0x5098, 0x5099, 0x509a, 0x509c, 0x50a3, 0x50aa, 0x50ac, 0x50ad, 0x50b1,
    0x50b2, 0x50b3, 0x50b4, 0x50b5, 0x50b7, 0x50ba, 0x50bb, 0x50be, 0x50c2, 0x50c4, 0x50c5, 0x50c7, 0x50c9, 0x50ca, 0x50cc, 0x50cd,
    0x50ce, 0x50cf, 0x50d0, 0x50d1, 0x50d4, 0x50d5, 0x50d6, 0x50d9, 0x50da, 0x50de, 0x50e1, 0x50e3, 0x50e5, 0x50e6, 0x50e7, 0x50e9,
    0x50ed, 0x50ee, 0x50f2, 0x50f3, 0x50f5, 0x50f9, 0x50fb, 0x5100, 0x5101, 0x5102, 0x5103, 0x5104, 0x5106, 0x5108, 0x5109, 0x510b,
    0x5112, 0x5114, 0x5115, 0x5116, 0x5117, 0x5118, 0x511a, 0x511b, 0x511e, 0x511f, 0x5121, 0x512a, 0x5132, 0x5135, 0x5137, 0x513a,
    0x513b, 0x513c, 0x513f, 0x5140, 0x5141, 0x5143, 0x5144, 0x5145, 0x5146, 0x5147, 0x5148, 0x5149, 0x514a, 0x514b, 0x514c, 0x514d,
    0x514e, 0x5150, 0x5152, 0x5154, 0x5155, 0x5157, 0x515a, 0x515c, 0x5160, 0x5162, 0x5165, 0x5168, 0x5169, 0x516a, 0x516b, 0x516c,
    0x516d, 0x516e, 0x5171, 0x5173, 0x5175, 0x5176, 0x5177, 0x5178, 0x517b, 0x517c, 0x5180, 0x5182, 0x5183, 0x5185, 0x5186, 0x5189,
    0x518a, 0x518b, 0x518c, 0x518d, 0x518f, 0x5190, 0x5191, 0x5192, 0x5193, 0x5195, 0x5196, 0x5197, 0x5198, 0x5199, 0x519d, 0x51a0,
    0x51a2, 0x51a3, 0x51a4, 0x51a5, 0x51a6, 0x51a8, 0x51a9, 0x51aa, 0x51ab, 0x51ac, 0x51ad, 0x51b0, 0x51b1, 0x51b2, 0x51b3, 0x51b4,
    0x51b5, 0x51b6, 0x51b7, 0x51bc, 0x51bd, 0x51c3, 0x51c4, 0x51c5, 0x51c6, 0x51c9, 0x51ca, 0x51cb, 0x51cc, 0x51cd, 0x51d6, 0x51db,
    0x51dc, 0x51dd, 0x51de, 0x51e0, 0x51e1, 0x51e2, 0x51e6, 0x51e7, 0x51e9, 0x51ea, 0x51ed, 0x51ee, 0x51f0, 0x51f1, 0x51f3, 0x51f4,
    0x51f5, 0x51f6, 0x51f8, 0x51f9, 0x51fa, 0x51fd, 0x51fe, 0x5200, 0x5201, 0x5202, 0x5203, 0x5204, 0x5206, 0x5207, 0x5208, 0x520a,
    0x520b, 0x520e, 0x5211, 0x5212, 0x5213, 0x5214, 0x5215, 0x5216, 0x5217, 0x521d, 0x5224, 0x5225, 0x5227, 0x5229, 0x522a, 0x522e,
    0x5230, 0x5233, 0x5236, 0x5237, 0x5238, 0x5239, 0x523a, 0x523b, 0x5243, 0x5244, 0x5247, 0x5249, 0x524a, 0x524b, 0x524c, 0x524d,
    0x524f, 0x5254, 0x5255, 0x5256, 0x5257, 0x525b, 0x525c, 0x525d, 0x525e, 0x5261, 0x5263, 0x5264, 0x5265, 0x5269, 0x526a, 0x526c,
    0x526f, 0x5270, 0x5271, 0x5272, 0x5273, 0x5274, 0x5275, 0x5277, 0x527d, 0x527f, 0x5282, 0x5283, 0x5284, 0x5287, 0x5288, 0x5289,
    0x528d, 0x5291, 0x5292, 0x5293, 0x5294, 0x5298, 0x529b, 0x529f, 0x52a0, 0x52a3, 0x52a4, 0x52a6, 0x52a9, 0x52aa, 0x52ab, 0x52ac,
    0x52ad, 0x52af, 0x52b1, 0x52b4, 0x52b5, 0x52b9, 0x52ba, 0x52bb, 0x52bc, 0x52be, 0x52c1, 0x52c3, 0x52c5, 0x52c7, 0x52c8, 0x52c9,
    0x52ca, 0x52cc, 0x52cd, 0x52d0, 0x52d1, 0x52d2, 0x52d5, 0x52d6, 0x52d7, 0x52d8, 0x52d9, 0x52db, 0x52dd, 0x52de, 0x52df, 0x52e0,
    0x52e2, 0x52e3, 0x52e4, 0x52e6, 0x52e7, 0x52f0, 0x52f2, 0x52f3, 0x52f5, 0x52f7, 0x52f8, 0x52f9, 0x52fa, 0x52fb, 0x52fe, 0x52ff,
    0x5300, 0x5301, 0x5302, 0x5305, 0x5306, 0x5307, 0x5308, 0x530a, 0x530b, 0x530d, 0x530f, 0x5310, 0x5315, 0x5316, 0x5317, 0x5319,
    0x531a, 0x531c, 0x531d, 0x5320, 0x5321, 0x5323, 0x5324, 0x532a, 0x532f, 0x5331, 0x5333, 0x5335, 0x5338, 0x5339, 0x533a, 0x533b,
    0x533e, 0x533f, 0x5340, 0x5341, 0x5342, 0x5343, 0x5345, 0x5346, 0x5347, 0x5348, 0x5349, 0x534a, 0x534d, 0x5351, 0x5352, 0x5353,
    0x5354, 0x5357, 0x5358, 0x535a, 0x535c, 0x535e, 0x5360, 0x5361, 0x5363, 0x5366, 0x5367, 0x5369, 0x536c, 0x536e, 0x536f, 0x5370,
    0x5371, 0x5373, 0x5374, 0x5375, 0x5377, 0x5378, 0x537a, 0x537b, 0x537d, 0x537f, 0x5382, 0x5384, 0x5393, 0x5396, 0x5398, 0x539a,
    0x539d, 0x539f, 0x53a0, 0x53a4, 0x53a5, 0x53a6, 0x53a8, 0x53a9, 0x53ad, 0x53ae, 0x53b0, 0x53b2, 0x53b3, 0x53b4, 0x53b6, 0x53b7,
    0x53bb, 0x53c0, 0x53c2, 0x53c3, 0x53c8, 0x53c9, 0x53ca, 0x53cb, 0x53cc, 0x53cd, 0x53ce, 0x53d4, 0x53d5, 0x53d6, 0x53d7, 0x53d9,
    0x53da, 0x53db, 0x53df, 0x53e1, 0x53e2, 0x53e3, 0x53e4, 0x53e5, 0x53e8, 0x53e9, 0x53ea, 0x53eb, 0x53ec, 0x53ed, 0x53ee, 0x53ef,
    0x53f0, 0x53f1, 0x53f2, 0x53f3, 0x53f4, 0x53f5, 0x53f6, 0x53f7, 0x53f8, 0x53fa, 0x5401, 0x5403, 0x5404, 0x5408, 0x5409, 0x540a,
    0x540b, 0x540c, 0x540d, 0x540e, 0x540f, 0x5410, 0x5411, 0x5412, 0x541b, 0x541d, 0x541e, 0x541f, 0x5420, 0x5424, 0x5426, 0x5427,
    0x5428, 0x5429, 0x542b, 0x542c, 0x542d, 0x542e, 0x5436, 0x5438, 0x5439, 0x543b, 0x543c, 0x543d, 0x543e, 0x5440, 0x5442, 0x5443,
    0x5446, 0x5448, 0x5449, 0x544a, 0x544d, 0x544e, 0x5451, 0x5455, 0x545f, 0x5462, 0x5466, 0x5468, 0x546a, 0x546b, 0x546c, 0x5470,
    0x5471, 0x5473, 0x5474, 0x5475, 0x5476, 0x5477, 0x547b, 0x547c, 0x547d, 0x547f, 0x5480, 0x5484, 0x5486, 0x5488, 0x548a, 0x548b,
    0x548c, 0x548d, 0x548e, 0x548f, 0x5490, 0x5492, 0x5495, 0x5496, 0x549c, 0x54a0, 0x54a1, 0x54a2, 0x54a4, 0x54a5, 0x54a6, 0x54a8,
    0x54a9, 0x54ab, 0x54ac, 0x54ad, 0x54ae, 0x54af, 0x54b2, 0x54b3, 0x54b7, 0x54b8, 0x54ba, 0x54bc, 0x54bd, 0x54be, 0x54bf, 0x54c0,
    0x54c1, 0x54c2, 0x54c3, 0x54c4, 0x54c6, 0x54c7, 0x54c8, 0x54c9, 0x54d8, 0x54e1, 0x54e2, 0x54e5, 0x54e6, 0x54e8, 0x54e9, 0x54ec,
    0x54ed, 0x54ee, 0x54ef, 0x54f1, 0x54f2, 0x54f3, 0x54fa, 0x54fd, 0x54ff, 0x5500, 0x5501, 0x5504, 0x5506, 0x5507, 0x5509, 0x550e,
    0x550f, 0x5510, 0x5514, 0x5516, 0x552b, 0x552e, 0x552f, 0x5531, 0x5533, 0x5535, 0x5538, 0x5539, 0x553c, 0x553e, 0x5540, 0x5541,
    0x5544, 0x5545, 0x5546, 0x5547, 0x554a, 0x554c, 0x554f, 0x5550, 0x5553, 0x5556, 0x5557, 0x555c, 0x555d, 0x555e, 0x5560, 0x5561,
    0x5563, 0x5564, 0x557b, 0x557c, 0x557d, 0x557e, 0x5580, 0x5581, 0x5582, 0x5583, 0x5584, 0x5586, 0x5587, 0x5588, 0x5589, 0x558a,
    0x558b, 0x558e, 0x5591, 0x5598, 0x5599, 0x559a, 0x559c, 0x559d, 0x559e, 0x559f, 0x55a7, 0x55a8, 0x55a9, 0x55aa, 0x55ab, 0x55ac,
    0x55ad, 0x55ae, 0x55b0, 0x55b6, 0x55bf, 0x55c4, 0x55c5, 0x55c7, 0x55c9, 0x55cc, 0x55ce, 0x55d1, 0x55d2, 0x55d4, 0x55da, 0x55dc,
    0x55dd, 0x55df, 0x55e2, 0x55e3, 0x55e4, 0x55e9, 0x55f7, 0x55f9, 0x55fd, 0x55fe, 0x5606, 0x5607, 0x5608, 0x5609, 0x560e, 0x5610,
    0x5614, 0x5616, 0x5617, 0x5618, 0x561b, 0x5628, 0x5629, 0x562f, 0x5630, 0x5631, 0x5632, 0x5634, 0x5636, 0x5637, 0x5638, 0x563b,
    0x563d, 0x563f, 0x5640, 0x5642, 0x5647, 0x5649, 0x564c, 0x564e, 0x5650, 0x5653, 0x565b, 0x565e, 0x5660, 0x5664, 0x5666, 0x5668,
    0x566a, 0x566b, 0x566c, 0x566d, 0x566f, 0x5671, 0x5672, 0x5674, 0x5676, 0x5678, 0x567a, 0x5680, 0x5686, 0x5687, 0x5688, 0x568a,
    0x568c, 0x568f, 0x5694, 0x5695, 0x5699, 0x569a, 0x569d, 0x569e, 0x56a0, 0x56a2, 0x56a5, 0x56a8, 0x56a9, 0x56ac, 0x56ad, 0x56ae,
    0x56b2, 0x56b3, 0x56b4, 0x56b6, 0x56bc, 0x56c0, 0x56c1, 0x56c2, 0x56c3, 0x56c5, 0x56c8, 0x56c9, 0x56ca, 0x56cd, 0x56ce, 0x56d1,
    0x56d3, 0x56d7, 0x56d8, 0x56da, 0x56db, 0x56de, 0x56df, 0x56e0, 0x56e3, 0x56e8, 0x56ee, 0x56f0, 0x56f2, 0x56f3, 0x56f6, 0x56f7,
    0x56f9, 0x56fa, 0x56fd, 0x56ff, 0x5700, 0x5703, 0x5704, 0x5708, 0x5709, 0x570a, 0x570b, 0x570d, 0x570f, 0x5712, 0x5713, 0x5715,
    0x5716, 0x5718, 0x571c, 0x571f, 0x5721, 0x5723, 0x5726, 0x5727, 0x5728, 0x5729, 0x572d, 0x572f, 0x5730, 0x5733, 0x5734, 0x5737,
    0x5738, 0x573b, 0x5740, 0x5742, 0x5745, 0x5746, 0x5747, 0x574a, 0x574c, 0x574d, 0x574e, 0x574f, 0x5750, 0x5751, 0x5761, 0x5764,
    0x5766, 0x5768, 0x5769, 0x576a, 0x576f, 0x5770, 0x5773, 0x5774, 0x5775, 0x5777, 0x577b, 0x577c, 0x577f, 0x5782, 0x5788, 0x5789,
    0x578b, 0x5793, 0x579a, 0x579c, 0x579d, 0x579e, 0x57a0, 0x57a2, 0x57a3, 0x57a4, 0x57a8, 0x57aa, 0x57ac, 0x57b0, 0x57b3, 0x57b8,
    0x57c0, 0x57c3, 0x57c6, 0x57c7, 0x57c8, 0x57cb, 0x57cc, 0x57ce, 0x57cf, 0x57d2, 0x57d3, 0x57d4, 0x57d6, 0x57d7, 0x57dc, 0x57de,
    0x57df, 0x57e0, 0x57e3, 0x57e4, 0x57e6, 0x57ed, 0x57f0, 0x57f4, 0x57f5, 0x57f6, 0x57f7, 0x57f8, 0x57f9, 0x57fa, 0x57fb, 0x57fc,
    0x57fd, 0x57ff, 0x5800, 0x5802, 0x5804, 0x5805, 0x5806, 0x5809, 0x580a, 0x580b, 0x5815, 0x5819, 0x581d, 0x581e, 0x5820, 0x5821,
    0x5824, 0x5827, 0x582a, 0x582f, 0x5830, 0x5831, 0x5832, 0x5834, 0x5835, 0x5839, 0x583a, 0x583d, 0x5840, 0x5841, 0x5849, 0x584a,
    0x584b, 0x584c, 0x5851, 0x5852, 0x5854, 0x5857, 0x5858, 0x5859, 0x585a, 0x585e, 0x5861, 0x5862, 0x5864, 0x5867, 0x5869, 0x586b,
    0x5870, 0x5872, 0x5875, 0x5879, 0x587c, 0x587e, 0x5883, 0x5885, 0x5889, 0x588a, 0x588b, 0x588d, 0x588f, 0x5890, 0x5893, 0x5894,
    0x5897, 0x589c, 0x589d, 0x589e, 0x589f, 0x58a8, 0x58a9, 0x58aa, 0x58ab, 0x58ae, 0x58b1, 0x58b3, 0x58b8, 0x58b9, 0x58ba, 0x58bb,
    0x58be, 0x58c1, 0x58c3, 0x58c5, 0x58c7, 0x58ca, 0x58cc, 0x58cd, 0x58ce, 0x58d1, 0x58d2, 0x58d3, 0x58d4, 0x58d5, 0x58d7, 0x58d8,
    0x58d9, 0x58da, 0x58dc, 0x58de, 0x58df, 0x58e0, 0x58e2, 0x58e4, 0x58e5, 0x58e9, 0x58eb, 0x58ec, 0x58ee, 0x58ef, 0x58f0, 0x58f1,
    0x58f2, 0x58f3, 0x58f4, 0x58f7, 0x58f9, 0x58fa, 0x58fb, 0x58fc, 0x58fd, 0x5902, 0x5905, 0x5906, 0x5909, 0x590a, 0x590b, 0x590c,
    0x590d, 0x590f, 0x5910, 0x5914, 0x5915, 0x5916, 0x5918, 0x5919, 0x591a, 0x591b, 0x591c, 0x5922, 0x5924, 0x5925, 0x5927, 0x5929,
    0x592a, 0x592b, 0x592c, 0x592d, 0x592e, 0x5931, 0x5932, 0x5937, 0x5938, 0x593d, 0x593e, 0x5944, 0x5946, 0x5947, 0x5948, 0x5949,
    0x594e, 0x594f, 0x5950, 0x5951, 0x5954, 0x5955, 0x5957, 0x5958, 0x595a, 0x595b, 0x595d, 0x595f, 0x5960, 0x5962, 0x5965, 0x5967,
    0x5968, 0x5969, 0x596a, 0x596c, 0x596d, 0x596e, 0x5973, 0x5974, 0x5975, 0x5976, 0x5978, 0x597c, 0x597d, 0x5981, 0x5982, 0x5983,
    0x5984, 0x598a, 0x598b, 0x598d, 0x5992, 0x5993, 0x5996, 0x5999, 0x599b, 0x599d, 0x599f, 0x59a3, 0x59a4, 0x59a5, 0x59a8, 0x59ac,
    0x59ae, 0x59b2, 0x59b9, 0x59bb, 0x59bc, 0x59be, 0x59c3, 0x59c6, 0x59c8, 0x59c9, 0x59cb, 0x59cd, 0x59d0, 0x59d1, 0x59d2, 0x59d3,
    0x59d4, 0x59d9, 0x59da, 0x59dc, 0x59dd, 0x59de, 0x59e3, 0x59e4, 0x59e5, 0x59e6, 0x59e7, 0x59e8, 0x59ea, 0x59eb, 0x59ee, 0x59f6,
    0x59f8, 0x59fb, 0x59ff, 0x5a01, 0x5a03, 0x5a09, 0x5a0c, 0x5a0d, 0x5a11, 0x5a13, 0x5a17, 0x5a18, 0x5a1a, 0x5a1c, 0x5a1f, 0x5a20,
    0x5a23, 0x5a25, 0x5a27, 0x5a29, 0x5a2d, 0x5a2f, 0x5a35, 0x5a36, 0x5a3c, 0x5a40, 0x5a41, 0x5a46, 0x5a49, 0x5a55, 0x5a5a, 0x5a62,
    0x5a65, 0x5a66, 0x5a67, 0x5a6a, 0x5a6c, 0x5a6d, 0x5a77, 0x5a7a, 0x5a7e, 0x5a7f, 0x5a84, 0x5a8b, 0x5a92, 0x5a9a, 0x5a9b, 0x5a9c,
    0x5a9e, 0x5a9f, 0x5aa0, 0x5aa2, 0x5aa7, 0x5ab1, 0x5ab3, 0x5ab5, 0x5aba, 0x5abc, 0x5abd, 0x5abe, 0x5abf, 0x5ac1, 0x5ac2, 0x5ac4,
    0x5ac9, 0x5acb, 0x5acc, 0x5ad0, 0x5ad6, 0x5ad7, 0x5ada, 0x5adc, 0x5ae0, 0x5ae1, 0x5ae3, 0x5ae5, 0x5ae6, 0x5ae9, 0x5aee, 0x5af0,
    0x5af5, 0x5afa, 0x5afb, 0x5b00, 0x5b08, 0x5b09, 0x5b0b, 0x5b0c, 0x5b16, 0x5b17, 0x5b19, 0x5b22, 0x5b25, 0x5b2a, 0x5b2c, 0x5b2d,
    0x5b30, 0x5b32, 0x5b34, 0x5b36, 0x5b3e, 0x5b40, 0x5b41, 0x5b43, 0x5b45, 0x5b4c, 0x5b50, 0x5b51, 0x5b52, 0x5b54, 0x5b55, 0x5b56,
    0x5b57, 0x5b58, 0x5b5a, 0x5b5b, 0x5b5c, 0x5b5d, 0x5b5f, 0x5b63, 0x5b64, 0x5b65, 0x5b66, 0x5b68, 0x5b69, 0x5b6b, 0x5b6f, 0x5b70,
    0x5b71, 0x5b73, 0x5b75, 0x5b78, 0x5b7a, 0x5b7c, 0x5b7d, 0x5b7f, 0x5b80, 0x5b81, 0x5b83, 0x5b84, 0x5b85, 0x5b87, 0x5b88, 0x5b89,
    0x5b8b, 0x5b8c, 0x5b8d, 0x5b8f, 0x5b93, 0x5b95, 0x5b96, 0x5b97, 0x5b98, 0x5b99, 0x5b9a, 0x5b9b, 0x5b9c, 0x5b9d, 0x5b9f, 0x5ba2,
    0x5ba3, 0x5ba4, 0x5ba5, 0x5ba6, 0x5bac, 0x5bae, 0x5bb0, 0x5bb3, 0x5bb4, 0x5bb5, 0x5bb6, 0x5bb8, 0x5bb9, 0x5bbf, 0x5bc0, 0x5bc2,
    0x5bc3, 0x5bc4, 0x5bc5, 0x5bc6, 0x5bc7, 0x5bc9, 0x5bcc, 0x5bce, 0x5bd0, 0x5bd2, 0x5bd3, 0x5bd4, 0x5bd6, 0x5bd8, 0x5bdb, 0x5bdd,
    0x5bde, 0x5bdf, 0x5be1, 0x5be2, 0x5be4, 0x5be5, 0x5be6, 0x5be7, 0x5be8, 0x5be9, 0x5beb, 0x5bec, 0x5bee, 0x5bf0, 0x5bf1, 0x5bf3,
    0x5bf5, 0x5bf6, 0x5bf8, 0x5bfa, 0x5bfd, 0x5bfe, 0x5bff, 0x5c01, 0x5c02, 0x5c03, 0x5c04, 0x5c05, 0x5c06, 0x5c07, 0x5c08, 0x5c09,
    0x5c0a, 0x5c0b, 0x5c0d, 0x5c0e, 0x5c0f, 0x5c11, 0x5c12, 0x5c13, 0x5c16, 0x5c1a, 0x5c1e, 0x5c20, 0x5c22, 0x5c23, 0x5c24, 0x5c28,
    0x5c29, 0x5c2b, 0x5c2d, 0x5c30, 0x5c31, 0x5c38, 0x5c39, 0x5c3a, 0x5c3b, 0x5c3c, 0x5c3d, 0x5c3e, 0x5c3f, 0x5c40, 0x5c41, 0x5c45,
    0x5c46, 0x5c48, 0x5c4a, 0x5c4b, 0x5c4d, 0x5c4e, 0x5c4f, 0x5c50, 0x5c51, 0x5c53, 0x5c55, 0x5c5b, 0x5c5e, 0x5c5f, 0x5c60, 0x5c61,
    0x5c62, 0x5c63, 0x5c64, 0x5c65, 0x5c67, 0x5c68, 0x5c69, 0x5c6c, 0x5c6e, 0x5c6f, 0x5c70, 0x5c71, 0x5c76, 0x5c79, 0x5c7a, 0x5c7c,
    0x5c88, 0x5c8a, 0x5c8c, 0x5c8f, 0x5c90, 0x5c91, 0x5c94, 0x5c9f, 0x5ca0, 0x5ca1, 0x5ca2, 0x5ca3, 0x5ca6, 0x5ca7, 0x5ca8, 0x5ca9,
    0x5caa, 0x5cab, 0x5cac, 0x5cad, 0x5cb1, 0x5cb3, 0x5cb5, 0x5cb6, 0x5cb7, 0x5cb8, 0x5cba, 0x5cbb, 0x5cbc, 0x5cbe, 0x5cc5, 0x5cc7,
    0x5cc9, 0x5ccb, 0x5cd0, 0x5cd2, 0x5cd9, 0x5ce0, 0x5ce1, 0x5ce8, 0x5ce9, 0x5cea, 0x5ced, 0x5cef, 0x5cf0, 0x5cf4, 0x5cf6, 0x5cfa,
    0x5cfb, 0x5cfd, 0x5d06, 0x5d07, 0x5d0b, 0x5d0d, 0x5d0e, 0x5d10, 0x5d11, 0x5d14, 0x5d15, 0x5d16, 0x5d17, 0x5d18, 0x5d19, 0x5d1a,
    0x5d1b, 0x5d1d, 0x5d1f, 0x5d20, 0x5d22, 0x5d24, 0x5d26, 0x5d27, 0x5d29, 0x5d2b, 0x5d31, 0x5d39, 0x5d42, 0x5d46, 0x5d47, 0x5d4a,
    0x5d4b, 0x5d4c, 0x5d4e, 0x5d50, 0x5d52, 0x5d53, 0x5d5c, 0x5d61, 0x5d69, 0x5d6a, 0x5d6c, 0x5d6d, 0x5d6f, 0x5d70, 0x5d73, 0x5d76,
    0x5d81, 0x5d82, 0x5d84, 0x5d87, 0x5d88, 0x5d8b, 0x5d8c, 0x5d90, 0x5d92, 0x5d94, 0x5d97, 0x5d99, 0x5d9d, 0x5da0, 0x5da2, 0x5da4,
    0x5da7, 0x5dac, 0x5dae, 0x5db0, 0x5db2, 0x5db4, 0x5db7, 0x5db8, 0x5db9, 0x5dba, 0x5dbc, 0x5dbd, 0x5dc9, 0x5dcb, 0x5dcc, 0x5dcd,
    0x5dd1, 0x5dd2, 0x5dd3, 0x5dd6, 0x5dd7, 0x5dd8, 0x5ddb, 0x5ddd, 0x5dde, 0x5de0, 0x5de1, 0x5de2, 0x5de3, 0x5de4, 0x5de5, 0x5de6,
    0x5de7, 0x5de8, 0x5de9, 0x5deb, 0x5dee, 0x5df1, 0x5df2, 0x5df3, 0x5df4, 0x5df5, 0x5df7, 0x5dfb, 0x5dfd, 0x5dfe, 0x5e00, 0x5e02,
    0x5e03, 0x5e06, 0x5e0b, 0x5e0c, 0x5e11, 0x5e12, 0x5e14, 0x5e15, 0x5e16, 0x5e18, 0x5e19, 0x5e1a, 0x5e1b, 0x5e1d, 0x5e1f, 0x5e25,
    0x5e2b, 0x5e2d, 0x5e2e, 0x5e2f, 0x5e30, 0x5e33, 0x5e36, 0x5e37, 0x5e38, 0x5e3d, 0x5e3e, 0x5e40, 0x5e43, 0x5e44, 0x5e45, 0x5e47,
    0x5e49, 0x5e4c, 0x5e4e, 0x5e54, 0x5e55, 0x5e56, 0x5e57, 0x5e58, 0x5e5e, 0x5e5f, 0x5e61, 0x5e62, 0x5e63, 0x5e64, 0x5e6b, 0x5e6c,
    0x5e6d, 0x5e6e, 0x5e72, 0x5e73, 0x5e74, 0x5e75, 0x5e76, 0x5e77, 0x5e78, 0x5e79, 0x5e7a, 0x5e7b, 0x5e7c, 0x5e7d, 0x5e7e, 0x5e7f,
    0x5e81, 0x5e83, 0x5e84, 0x5e87, 0x5e8a, 0x5e8f, 0x5e95, 0x5e96, 0x5e97, 0x5e9a, 0x5e9c, 0x5ea0, 0x5ea5, 0x5ea6, 0x5ea7, 0x5eaa,
    0x5eab, 0x5eac, 0x5ead, 0x5eb5, 0x5eb6, 0x5eb7, 0x5eb8, 0x5eb9, 0x5ebe, 0x5ebf, 0x5ec1, 0x5ec2, 0x5ec3, 0x5ec6, 0x5ec8, 0x5ec9,
    0x5eca, 0x5ecb, 0x5ecf, 0x5ed0, 0x5ed2, 0x5ed3, 0x5ed6, 0x5ed9, 0x5eda, 0x5edb, 0x5edd, 0x5edf, 0x5ee0, 0x5ee1, 0x5ee2, 0x5ee3,
    0x5ee8, 0x5ee9, 0x5eec, 0x5ef0, 0x5ef1, 0x5ef3, 0x5ef4, 0x5ef6, 0x5ef7, 0x5ef8, 0x5ef9, 0x5efa, 0x5efb, 0x5efc, 0x5efd, 0x5efe,
    0x5eff, 0x5f00, 0x5f01, 0x5f02, 0x5f03, 0x5f04, 0x5f07, 0x5f08, 0x5f09, 0x5f0a, 0x5f0b, 0x5f0c, 0x5f0d, 0x5f0e, 0x5f0f, 0x5f10,
    0x5f11, 0x5f13, 0x5f14, 0x5f15, 0x5f16, 0x5f17, 0x5f18, 0x5f1b, 0x5f1c, 0x5f1d, 0x5f1e, 0x5f1f, 0x5f23, 0x5f25, 0x5f26, 0x5f27,
    0x5f29, 0x5f2d, 0x5f2f, 0x5f31, 0x5f34, 0x5f35, 0x5f36, 0x5f37, 0x5f38, 0x5f3c, 0x5f3d, 0x5f3e, 0x5f40, 0x5f41, 0x5f45, 0x5f47,
    0x5f48, 0x5f4a, 0x5f4c, 0x5f4e, 0x5f51, 0x5f53, 0x5f54, 0x5f56, 0x5f57, 0x5f58, 0x5f59, 0x5f5c, 0x5f5d, 0x5f61, 0x5f62, 0x5f63,
    0x5f64, 0x5f66, 0x5f67, 0x5f69, 0x5f6a, 0x5f6b, 0x5f6c, 0x5f6d, 0x5f70, 0x5f71, 0x5f72, 0x5f73, 0x5f77, 0x5f79, 0x5f7c, 0x5f7d,
    0x5f7e, 0x5f7f, 0x5f80, 0x5f81, 0x5f82, 0x5f83, 0x5f84, 0x5f85, 0x5f87, 0x5f88, 0x5f89, 0x5f8a, 0x5f8b, 0x5f8c, 0x5f8f, 0x5f90,
    0x5f91, 0x5f92, 0x5f93, 0x5f97, 0x5f98, 0x5f99, 0x5f9c, 0x5f9e, 0x5fa0, 0x5fa1, 0x5fa2, 0x5fa4, 0x5fa7, 0x5fa8, 0x5fa9, 0x5faa,
    0x5fad, 0x5fae, 0x5faf, 0x5fb3, 0x5fb4, 0x5fb5, 0x5fb7, 0x5fb8, 0x5fb9, 0x5fbc, 0x5fbd, 0x5fc3, 0x5fc4, 0x5fc5, 0x5fc7, 0x5fc9,
    0x5fcb, 0x5fcc, 0x5fcd, 0x5fd2, 0x5fd3, 0x5fd4, 0x5fd6, 0x5fd7, 0x5fd8, 0x5fd9, 0x5fdc, 0x5fdd, 0x5fde, 0x5fe0, 0x5fe1, 0x5fe2,
    0x5fe4, 0x5fe9, 0x5feb, 0x5fee, 0x5fef, 0x5ff0, 0x5ff1, 0x5ff3, 0x5ff5, 0x5ff8, 0x5ffb, 0x5ffc, 0x5ffd, 0x5fff, 0x600d, 0x600e,
    0x600f, 0x6010, 0x6012, 0x6014, 0x6015, 0x6016, 0x6017, 0x6018, 0x6019, 0x601b, 0x601c, 0x601d, 0x6020, 0x6021, 0x6022, 0x6024,
    0x6025, 0x6026, 0x6027, 0x6028, 0x6029, 0x602a, 0x602b, 0x602f, 0x6031, 0x6033, 0x6035, 0x603a, 0x6041, 0x6042, 0x6043, 0x6046,
    0x6047, 0x604a, 0x604b, 0x604c, 0x604d, 0x6050, 0x6052, 0x6055, 0x6059, 0x605a, 0x605f, 0x6060, 0x6062, 0x6063, 0x6064, 0x6065,
    0x6068, 0x6069, 0x606a, 0x606b, 0x606c, 0x606d, 0x606f, 0x6070, 0x6075, 0x6077, 0x607f, 0x6081, 0x6083, 0x6084, 0x6089, 0x608a,
    0x608b, 0x608c, 0x608d, 0x6092, 0x6094, 0x6095, 0x6096, 0x6097, 0x609a, 0x609b, 0x609d, 0x609e, 0x609f, 0x60a0, 0x60a3, 0x60a6,
    0x60a7, 0x60a8, 0x60a9, 0x60aa, 0x60b0, 0x60b1, 0x60b2, 0x60b3, 0x60b4, 0x60b5, 0x60b6, 0x60b8, 0x60bc, 0x60bd, 0x60be, 0x60c5,
    0x60c6, 0x60c7, 0x60c8, 0x60cb, 0x60d1, 0x60d3, 0x60d4, 0x60d5, 0x60d8, 0x60d9, 0x60da, 0x60db, 0x60dc, 0x60dd, 0x60df, 0x60e0,
    0x60e1, 0x60e3, 0x60e7, 0x60e8, 0x60ee, 0x60f0, 0x60f1, 0x60f2, 0x60f3, 0x60f4, 0x60f5, 0x60f6, 0x60f7, 0x60f8, 0x60f9, 0x60fa,
    0x60fb, 0x6100, 0x6101, 0x6103, 0x6106, 0x6108, 0x6109, 0x610d, 0x610e, 0x610f, 0x6110, 0x6112, 0x6113, 0x6115, 0x6119, 0x611a,
    0x611b, 0x611c, 0x611e, 0x611f, 0x6121, 0x6127, 0x6128, 0x612b, 0x612c, 0x6130, 0x6134, 0x6137, 0x613a, 0x613c, 0x613d, 0x613e,
    0x613f, 0x6141, 0x6142, 0x6144, 0x6146, 0x6147, 0x6148, 0x614a, 0x614b, 0x614c, 0x614d, 0x614e, 0x6153, 0x6155, 0x6158, 0x6159,
    0x615a, 0x615d, 0x615f, 0x6160, 0x6162, 0x6163, 0x6165, 0x6167, 0x6168, 0x616b, 0x616e, 0x616f, 0x6170, 0x6171, 0x6173, 0x6174,
    0x6175, 0x6176, 0x6177, 0x617c, 0x617e, 0x6182, 0x6187, 0x618a, 0x618d, 0x618e, 0x6190, 0x6191, 0x6192, 0x6193, 0x6194, 0x6196,
    0x6197, 0x6198, 0x6199, 0x619a, 0x61a4, 0x61a5, 0x61a7, 0x61a8, 0x61a9, 0x61ab, 0x61ac, 0x61ad, 0x61ae, 0x61b2, 0x61b6, 0x61b9,
    0x61ba, 0x61bc, 0x61be, 0x61c3, 0x61c6, 0x61c7, 0x61c8, 0x61c9, 0x61ca, 0x61cb, 0x61cc, 0x61cd, 0x61d0, 0x61d5, 0x61dd, 0x61df,
    0x61e3, 0x61e6, 0x61f2, 0x61f4, 0x61f5, 0x61f6, 0x61f7, 0x61f8, 0x61fa, 0x61fc, 0x61fd, 0x61fe, 0x61ff, 0x6200, 0x6208, 0x6209,
    0x620a, 0x620c, 0x620d, 0x620e, 0x6210, 0x6211, 0x6212, 0x6214, 0x6215, 0x6216, 0x621a, 0x621b, 0x621d, 0x621e, 0x621f, 0x6221,
    0x6222, 0x6223, 0x6226, 0x6229, 0x622a, 0x622e, 0x622f, 0x6230, 0x6232, 0x6233, 0x6234, 0x6238, 0x623b, 0x623e, 0x623f, 0x6240,
    0x6241, 0x6243, 0x6246, 0x6247, 0x6248, 0x6249, 0x624b, 0x624c, 0x624d, 0x624e, 0x6251, 0x6252, 0x6253, 0x6255, 0x6256, 0x6258,
    0x625a, 0x625b, 0x625e, 0x6260, 0x6261, 0x6263, 0x6264, 0x6268, 0x626d, 0x626e, 0x626f, 0x6271, 0x6273, 0x6276, 0x6279, 0x627b,
    0x627c, 0x627e, 0x627f, 0x6280, 0x6282, 0x6283, 0x6284, 0x6285, 0x6289, 0x628a, 0x6291, 0x6292, 0x6293, 0x6294, 0x6295, 0x6296,
    0x6297, 0x6298, 0x6299, 0x629b, 0x629c, 0x629e, 0x62a6, 0x62ab, 0x62ac, 0x62b1, 0x62b5, 0x62b9, 0x62bb, 0x62bc, 0x62bd, 0x62c2,
    0x62c4, 0x62c5, 0x62c6, 0x62c7, 0x62c8, 0x62c9, 0x62ca, 0x62cc, 0x62cd, 0x62cf, 0x62d0, 0x62d1, 0x62d2, 0x62d3, 0x62d4, 0x62d5,
    0x62d6, 0x62d7, 0x62d8, 0x62d9, 0x62db, 0x62dc, 0x62dd, 0x62e0, 0x62e1, 0x62ec, 0x62ed, 0x62ee, 0x62ef, 0x62f1, 0x62f3, 0x62f5,
    0x62f6, 0x62f7, 0x62fc, 0x62fd, 0x62fe, 0x62ff, 0x6301, 0x6302, 0x6303, 0x6307, 0x6308, 0x6309, 0x630a, 0x630c, 0x630d, 0x6310,
    0x6311, 0x6318, 0x6319, 0x631f, 0x6327, 0x6328, 0x632b, 0x632f, 0x6332, 0x6335, 0x6339, 0x633a, 0x633b, 0x633c, 0x633d, 0x633e,
    0x633f, 0x6341, 0x6343, 0x6344, 0x6349, 0x634c, 0x634d, 0x634e, 0x634f, 0x6350, 0x6355, 0x6357, 0x6359, 0x635c, 0x6365, 0x6367,
    0x6368, 0x6369, 0x636b, 0x636c, 0x636e, 0x6372, 0x6376, 0x6377, 0x637a, 0x637b, 0x637c, 0x6380, 0x6383, 0x6384, 0x6388, 0x6389,
    0x638c, 0x638e, 0x638f, 0x6392, 0x6394, 0x6396, 0x6398, 0x6399, 0x639b, 0x639f, 0x63a0, 0x63a1, 0x63a2, 0x63a3, 0x63a5, 0x63a7,
    0x63a8, 0x63a9, 0x63aa, 0x63ab, 0x63ac, 0x63b2, 0x63b4, 0x63b5, 0x63bb, 0x63bd, 0x63be, 0x63c0, 0x63c3, 0x63c4, 0x63c6, 0x63c9,
    0x63cf, 0x63d0, 0x63d2, 0x63d4, 0x63d5, 0x63d6, 0x63da, 0x63db, 0x63dc, 0x63e0, 0x63e1, 0x63e3, 0x63e5, 0x63e9, 0x63eb, 0x63ec,
    0x63ed, 0x63ee, 0x63f2, 0x63f4, 0x63f5, 0x63f6, 0x63f7, 0x63fa, 0x6406, 0x6409, 0x640d, 0x640f, 0x6410, 0x6413, 0x6414, 0x6416,
    0x6417, 0x641c, 0x641e, 0x6422, 0x6425, 0x6426, 0x6428, 0x6429, 0x642c, 0x642d, 0x642f, 0x6434, 0x6436, 0x643a, 0x643e, 0x6442,
    0x644e, 0x6451, 0x6458, 0x645a, 0x645b, 0x645d, 0x6460, 0x6467, 0x6469, 0x646d, 0x646f, 0x6473, 0x6476, 0x6478, 0x6479, 0x647a,
    0x647d, 0x6483, 0x6487, 0x6488, 0x6491, 0x6492, 0x6493, 0x6495, 0x649a, 0x649d, 0x649e, 0x649f, 0x64a4, 0x64a5, 0x64a9, 0x64ab,
    0x64ad, 0x64ae, 0x64b0, 0x64b2, 0x64b9, 0x64bb, 0x64bc, 0x64be, 0x64bf, 0x64c1, 0x64c2, 0x64c4, 0x64c5, 0x64c7, 0x64ca, 0x64cb,
    0x64cc, 0x64cd, 0x64ce, 0x64d0, 0x64d2, 0x64d4, 0x64d5, 0x64d7, 0x64d8, 0x64da, 0x64e0, 0x64e1, 0x64e2, 0x64e3, 0x64e4, 0x64e5,
    0x64e6, 0x64e7, 0x64ec, 0x64ef, 0x64f1, 0x64f2, 0x64f4, 0x64f6, 0x64f7, 0x64fa, 0x64fb, 0x64fd, 0x64fe, 0x64ff, 0x6500, 0x6504,
    0x6505, 0x650f, 0x6514, 0x6516, 0x6518, 0x651c, 0x651d, 0x651e, 0x6522, 0x6523, 0x6524, 0x6529, 0x652a, 0x652b, 0x652c, 0x652f,
    0x6532, 0x6534, 0x6535, 0x6536, 0x6537, 0x6538, 0x6539, 0x653b, 0x653e, 0x653f, 0x6544, 0x6545, 0x6548, 0x654d, 0x654f, 0x6551,
    0x6554, 0x6555, 0x6556, 0x6557, 0x6558, 0x6559, 0x655d, 0x655e, 0x6562, 0x6563, 0x6566, 0x6567, 0x656b, 0x656c, 0x6570, 0x6572,
    0x6574, 0x6575, 0x6577, 0x6578, 0x657a, 0x6581, 0x6582, 0x6583, 0x6584, 0x6585, 0x6587, 0x6588, 0x6589, 0x658a, 0x658c, 0x658e,
    0x6590, 0x6591, 0x6597, 0x6599, 0x659b, 0x659c, 0x659d, 0x659f, 0x65a1, 0x65a4, 0x65a5, 0x65a7, 0x65ab, 0x65ac, 0x65ad, 0x65af,
    0x65b0, 0x65b2, 0x65b5, 0x65b7, 0x65b8, 0x65b9, 0x65bc, 0x65bd, 0x65bf, 0x65c1, 0x65c2, 0x65c3, 0x65c4, 0x65c5, 0x65c6, 0x65c9,
    0x65cb, 0x65cc, 0x65cf, 0x65d2, 0x65d4, 0x65d7, 0x65d9, 0x65db, 0x65e0, 0x65e1, 0x65e2, 0x65e5, 0x65e6, 0x65e7, 0x65e8, 0x65e9,
    0x65ec, 0x65ed, 0x65f1, 0x65f2, 0x65f9, 0x65fa, 0x65fb, 0x65fc, 0x6600, 0x6602, 0x6603, 0x6604, 0x6606, 0x6607, 0x6608, 0x6609,
    0x660a, 0x660c, 0x660e, 0x660f, 0x6613, 0x6614, 0x6615, 0x661c, 0x661e, 0x661f, 0x6620, 0x6621, 0x6622, 0x6624, 0x6625, 0x6627,
    0x6628, 0x662a, 0x662b, 0x662d, 0x662f, 0x6630, 0x6631, 0x6633, 0x6634, 0x6635, 0x6636, 0x663a, 0x663c, 0x663f, 0x6641, 0x6642,
    0x6643, 0x6644, 0x6645, 0x6648, 0x6649, 0x664b, 0x664c, 0x664e, 0x664f, 0x6651, 0x6652, 0x6657, 0x6659, 0x665a, 0x665b, 0x665d,
    0x665e, 0x665f, 0x6661, 0x6662, 0x6663, 0x6664, 0x6665, 0x6666, 0x6667, 0x6668, 0x6669, 0x666a, 0x666b, 0x666c, 0x666d, 0x666e,
    0x666f, 0x6670, 0x6673, 0x6674, 0x6676, 0x6677, 0x6678, 0x667a, 0x667b, 0x6680, 0x6681, 0x6683, 0x6684, 0x6687, 0x6688, 0x6689,
    0x668d, 0x668e, 0x6690, 0x6691, 0x6692, 0x6696, 0x6697, 0x6698, 0x6699, 0x669d, 0x66a0, 0x66a2, 0x66a6, 0x66ab, 0x66ad, 0x66ae,
    0x66b1, 0x66b2, 0x66b4, 0x66b5, 0x66b8, 0x66b9, 0x66bb, 0x66bc, 0x66be, 0x66bf, 0x66c1, 0x66c4, 0x66c6, 0x66c7, 0x66c8, 0x66c9,
    0x66d6, 0x66d9, 0x66da, 0x66db, 0x66dc, 0x66dd, 0x66e0, 0x66e6, 0x66e8, 0x66e9, 0x66ec, 0x66f0, 0x66f2, 0x66f3, 0x66f4, 0x66f5,
    0x66f7, 0x66f8, 0x66f9, 0x66fa, 0x66fb, 0x66fc, 0x66fd, 0x66fe, 0x66ff, 0x6700, 0x6701, 0x6703, 0x6705, 0x6708, 0x6709, 0x670b,
    0x670d, 0x670f, 0x6712, 0x6713, 0x6714, 0x6715, 0x6716, 0x6717, 0x6719, 0x671b, 0x671d, 0x671e, 0x671f, 0x6726, 0x6727, 0x6728,
    0x672a, 0x672b, 0x672c, 0x672d, 0x672e, 0x6731, 0x6733, 0x6734, 0x6736, 0x6737, 0x6738, 0x673a, 0x673d, 0x673f, 0x6741, 0x6746,
    0x6747, 0x6748, 0x6749, 0x674c, 0x674d, 0x674e, 0x674f, 0x6750, 0x6751, 0x6753, 0x6754, 0x6756, 0x6759, 0x675c, 0x675d, 0x675e,
    0x675f, 0x6760, 0x6761, 0x6762, 0x6763, 0x6764, 0x6765, 0x6766, 0x676a, 0x676d, 0x676f, 0x6770, 0x6771, 0x6772, 0x6773, 0x6774,
    0x6775, 0x6776, 0x6777, 0x677b, 0x677c, 0x677e, 0x677f, 0x6781, 0x6785, 0x6787, 0x6789, 0x678b, 0x678c, 0x6790, 0x6792, 0x6793,
    0x6795, 0x6797, 0x6798, 0x679a, 0x679b, 0x679c, 0x679d, 0x67a0, 0x67a1, 0x67a2, 0x67a6, 0x67a9, 0x67af, 0x67b0, 0x67b2, 0x67b3,
    0x67b4, 0x67b6, 0x67b7, 0x67b8, 0x67b9, 0x67bb, 0x67c0, 0x67c1, 0x67c3, 0x67c4, 0x67c6, 0x67c8, 0x67ca, 0x67ce, 0x67cf, 0x67d0,
    0x67d1, 0x67d2, 0x67d3, 0x67d4, 0x67d7, 0x67d8, 0x67d9, 0x67da, 0x67db, 0x67dd, 0x67de, 0x67e2, 0x67e4, 0x67e7, 0x67e9, 0x67ec,
    0x67ee, 0x67ef, 0x67f0, 0x67f1, 0x67f3, 0x67f4, 0x67f5, 0x67f7, 0x67f9, 0x67fb, 0x67fc, 0x67fe, 0x67ff, 0x6801, 0x6802, 0x6803,
    0x6804, 0x6810, 0x6813, 0x6816, 0x6817, 0x6818, 0x681d, 0x681e, 0x681f, 0x6821, 0x6822, 0x6829, 0x682a, 0x682b, 0x682c, 0x682d,
    0x6831, 0x6832, 0x6833, 0x6834, 0x6838, 0x6839, 0x683b, 0x683c, 0x683d, 0x683e, 0x6840, 0x6841, 0x6842, 0x6843, 0x6844, 0x6845,
    0x6846, 0x6848, 0x6849, 0x684c, 0x684d, 0x684e, 0x6850, 0x6851, 0x6852, 0x6853, 0x6854, 0x6855, 0x6857, 0x6859, 0x685b, 0x685c,
    0x685d, 0x685f, 0x6863, 0x6867, 0x686b, 0x686e, 0x6872, 0x6874, 0x6875, 0x6876, 0x6877, 0x687a, 0x687c, 0x687e, 0x687f, 0x6881,
    0x6882, 0x6883, 0x6885, 0x688d, 0x688f, 0x6890, 0x6893, 0x6894, 0x6896, 0x6897, 0x6898, 0x6899, 0x689a, 0x689b, 0x689c, 0x689d,
    0x689f, 0x68a0, 0x68a2, 0x68a3, 0x68a5, 0x68a6, 0x68a7, 0x68a8, 0x68aa, 0x68ab, 0x68ad, 0x68af, 0x68b0, 0x68b1, 0x68b2, 0x68b3,
    0x68b4, 0x68b5, 0x68b6, 0x68b9, 0x68ba, 0x68bb, 0x68bc, 0x68c3, 0x68c4, 0x68c5, 0x68c6, 0x68c8, 0x68c9, 0x68ca, 0x68cb, 0x68cc,
    0x68cd, 0x68cf, 0x68d0, 0x68d2, 0x68d4, 0x68d5, 0x68d6, 0x68d7, 0x68d8, 0x68d9, 0x68da, 0x68df, 0x68e0, 0x68e1, 0x68e3, 0x68e4,
    0x68e5, 0x68e7, 0x68e8, 0x68ec, 0x68ed, 0x68ee, 0x68ef, 0x68f0, 0x68f1, 0x68f2, 0x68f7, 0x68f9, 0x68fa, 0x68fb, 0x68fc, 0x6900,
    0x6901, 0x6903, 0x6904, 0x6905, 0x6907, 0x6908, 0x690a, 0x690b, 0x690c, 0x690d, 0x690e, 0x690f, 0x6912, 0x6919, 0x691a, 0x691b,
    0x691c, 0x6921, 0x6922, 0x6923, 0x6925, 0x6926, 0x6928, 0x692a, 0x6930, 0x6934, 0x6935, 0x6936, 0x6939, 0x693b, 0x693d, 0x693f,
    0x6942, 0x6946, 0x6949, 0x694a, 0x6953, 0x6954, 0x6955, 0x6957, 0x6959, 0x695a, 0x695c, 0x695d, 0x695e, 0x6960, 0x6961, 0x6962,
    0x6963, 0x6964, 0x6968, 0x6969, 0x696a, 0x696b, 0x696c, 0x696d, 0x696e, 0x696f, 0x6972, 0x6973, 0x6974, 0x6975, 0x6977, 0x6978,
    0x6979, 0x697a, 0x697c, 0x697d, 0x697e, 0x697f, 0x6980, 0x6981, 0x6982, 0x698a, 0x698e, 0x6991, 0x6992, 0x6994, 0x6995, 0x6996,
    0x6998, 0x699b, 0x699c, 0x69a0, 0x69a5, 0x69a6, 0x69a7, 0x69ad, 0x69ae, 0x69b0, 0x69b1, 0x69b2, 0x69b4, 0x69b7, 0x69ba, 0x69bb,
    0x69bc, 0x69be, 0x69bf, 0x69c0, 0x69c1, 0x69c3, 0x69c7, 0x69ca, 0x69cb, 0x69cc, 0x69cd, 0x69ce, 0x69cf, 0x69d0, 0x69d1, 0x69d3,
    0x69d6, 0x69d8, 0x69d9, 0x69dd, 0x69de, 0x69e2, 0x69e3, 0x69e7, 0x69e8, 0x69e9, 0x69ea, 0x69eb, 0x69ed, 0x69ee, 0x69ef, 0x69f2,
    0x69f3, 0x69f4, 0x69f5, 0x69f6, 0x69f9, 0x69fb, 0x69fd, 0x69fe, 0x69ff, 0x6a02, 0x6a05, 0x6a0a, 0x6a0b, 0x6a0c, 0x6a0f, 0x6a11,
    0x6a12, 0x6a13, 0x6a14, 0x6a15, 0x6a17, 0x6a19, 0x6a1a, 0x6a1b, 0x6a1d, 0x6a1e, 0x6a1f, 0x6a21, 0x6a22, 0x6a23, 0x6a29, 0x6a2a,
    0x6a2b, 0x6a2e, 0x6a30, 0x6a32, 0x6a33, 0x6a34, 0x6a35, 0x6a36, 0x6a38, 0x6a39, 0x6a3a, 0x6a3b, 0x6a3d, 0x6a3e, 0x6a3f, 0x6a44,
    0x6a45, 0x6a46, 0x6a47, 0x6a48, 0x6a49, 0x6a4b, 0x6a4e, 0x6a50, 0x6a52, 0x6a56, 0x6a58, 0x6a59, 0x6a5b, 0x6a5f, 0x6a61, 0x6a62,
    0x6a64, 0x6a66, 0x6a6b, 0x6a72, 0x6a73, 0x6a78, 0x6a7a, 0x6a7e, 0x6a7f, 0x6a80, 0x6a83, 0x6a84, 0x6a89, 0x6a8b, 0x6a8d, 0x6a8e,
    0x6a90, 0x6a91, 0x6a94, 0x6a97, 0x6a9c, 0x6a9d, 0x6a9e, 0x6a9f, 0x6aa0, 0x6aa1, 0x6aa2, 0x6aa3, 0x6aa5, 0x6aaa, 0x6aab, 0x6aac,
    0x6aae, 0x6ab3, 0x6ab8, 0x6abb, 0x6abd, 0x6ac1, 0x6ac2, 0x6ac3, 0x6ac6, 0x6ad0, 0x6ad1, 0x6ad3, 0x6ad4, 0x6ada, 0x6adb, 0x6adc,
    0x6add, 0x6ade, 0x6adf, 0x6ae4, 0x6ae7, 0x6ae8, 0x6aea, 0x6aec, 0x6af1, 0x6af2, 0x6af3, 0x6afa, 0x6afb, 0x6afd, 0x6b04, 0x6b05,
    0x6b0a, 0x6b0b, 0x6b0f, 0x6b10, 0x6b11, 0x6b12, 0x6b16, 0x6b17, 0x6b1b, 0x6b1d, 0x6b1e, 0x6b1f, 0x6b20, 0x6b21, 0x6b23, 0x6b27,
    0x6b2c, 0x6b2f, 0x6b32, 0x6b35, 0x6b37, 0x6b38, 0x6b39, 0x6b3a, 0x6b3d, 0x6b3e, 0x6b43, 0x6b46, 0x6b47, 0x6b49, 0x6b4a, 0x6b4c,
    0x6b4e, 0x6b50, 0x6b53, 0x6b54, 0x6b56, 0x6b58, 0x6b59, 0x6b5b, 0x6b5f, 0x6b60, 0x6b61, 0x6b62, 0x6b63, 0x6b64, 0x6b65, 0x6b66,
    0x6b67, 0x6b69, 0x6b6a, 0x6b6c, 0x6b6f, 0x6b73, 0x6b74, 0x6b75, 0x6b77, 0x6b78, 0x6b79, 0x6b7a, 0x6b7b, 0x6b7f, 0x6b80, 0x6b81,
    0x6b82, 0x6b83, 0x6b84, 0x6b86, 0x6b89, 0x6b8a, 0x6b8b, 0x6b8d, 0x6b95, 0x6b96, 0x6b98, 0x6b9b, 0x6b9e, 0x6ba4, 0x6ba9, 0x6baa,
    0x6bab, 0x6bad, 0x6bae, 0x6baf, 0x6bb1, 0x6bb2, 0x6bb3, 0x6bb4, 0x6bb5, 0x6bb7, 0x6bba, 0x6bbb, 0x6bbc, 0x6bbd, 0x6bbe, 0x6bbf,
    0x6bc0, 0x6bc5, 0x6bc6, 0x6bc7, 0x6bc8, 0x6bc9, 0x6bcb, 0x6bcd, 0x6bce, 0x6bcf, 0x6bd2, 0x6bd3, 0x6bd4, 0x6bd6, 0x6bd7, 0x6bd8,
    0x6bda, 0x6bdb, 0x6bdf, 0x6be6, 0x6be7, 0x6beb, 0x6bec, 0x6bee, 0x6bef, 0x6bf1, 0x6bf3, 0x6bff, 0x6c02, 0x6c05, 0x6c08, 0x6c0a,
    0x6c0e, 0x6c0f, 0x6c10, 0x6c11, 0x6c13, 0x6c14, 0x6c17, 0x6c1b, 0x6c23, 0x6c24, 0x6c33, 0x6c34, 0x6c35, 0x6c36, 0x6c37, 0x6c38,
    0x6c3a, 0x6c3e, 0x6c3f, 0x6c40, 0x6c41, 0x6c42, 0x6c4d, 0x6c4e, 0x6c50, 0x6c55, 0x6c57, 0x6c59, 0x6c5a, 0x6c5b, 0x6c5c, 0x6c5d,
    0x6c5e, 0x6c5f, 0x6c60, 0x6c62, 0x6c67, 0x6c68, 0x6c6a, 0x6c6d, 0x6c70, 0x6c72, 0x6c73, 0x6c74, 0x6c76, 0x6c7a, 0x6c7d, 0x6c7e,
    0x6c81, 0x6c82, 0x6c83, 0x6c84, 0x6c85, 0x6c86, 0x6c88, 0x6c89, 0x6c8c, 0x6c8d, 0x6c90, 0x6c92, 0x6c93, 0x6c94, 0x6c95, 0x6c96,
    0x6c97, 0x6c98, 0x6c99, 0x6c9a, 0x6c9b, 0x6c9c, 0x6ca1, 0x6ca2, 0x6caa, 0x6cab, 0x6cad, 0x6cae, 0x6cb1, 0x6cb3, 0x6cb8, 0x6cb9,
    0x6cba, 0x6cbb, 0x6cbc, 0x6cbd, 0x6cbe, 0x6cbf, 0x6cc1, 0x6cc2, 0x6cc4, 0x6cc5, 0x6cc6, 0x6cc9, 0x6cca, 0x6ccc, 0x6cd0, 0x6cd3,
    0x6cd4, 0x6cd5, 0x6cd6, 0x6cd7, 0x6cd9, 0x6cda, 0x6cdb, 0x6cdc, 0x6cdd, 0x6ce0, 0x6ce1, 0x6ce2, 0x6ce3, 0x6ce5, 0x6ce8, 0x6ce9,
    0x6cea, 0x6ceb, 0x6cec, 0x6ced, 0x6cee, 0x6cef, 0x6cf0, 0x6cf1, 0x6cf3, 0x6cfb, 0x6d00, 0x6d04, 0x6d0a, 0x6d0b, 0x6d0c, 0x6d0e,
    0x6d12, 0x6d17, 0x6d19, 0x6d1b, 0x6d1e, 0x6d1f, 0x6d24, 0x6d25, 0x6d26, 0x6d27, 0x6d29, 0x6d2a, 0x6d2b, 0x6d2e, 0x6d2f, 0x6d31,
    0x6d32, 0x6d33, 0x6d34, 0x6d35, 0x6d36, 0x6d38, 0x6d39, 0x6d3b, 0x6d3c, 0x6d3d, 0x6d3e, 0x6d3f, 0x6d41, 0x6d44, 0x6d45, 0x6d58,
    0x6d59, 0x6d5a, 0x6d5b, 0x6d5c, 0x6d5e, 0x6d60, 0x6d63, 0x6d64, 0x6d65, 0x6d66, 0x6d69, 0x6d6a, 0x6d6c, 0x6d6e, 0x6d70, 0x6d74,
    0x6d77, 0x6d78, 0x6d79, 0x6d80, 0x6d81, 0x6d82, 0x6d85, 0x6d87, 0x6d88, 0x6d89, 0x6d8a, 0x6d8c, 0x6d8d, 0x6d8e, 0x6d91, 0x6d93,
    0x6d94, 0x6d95, 0x6d98, 0x6d99, 0x6d9b, 0x6d9c, 0x6daa, 0x6dab, 0x6dac, 0x6dae, 0x6daf, 0x6db2, 0x6db4, 0x6db5, 0x6db8, 0x6dbc,
    0x6dbf, 0x6dc0, 0x6dc2, 0x6dc4, 0x6dc5, 0x6dc6, 0x6dc7, 0x6dc8, 0x6dcb, 0x6dcc, 0x6dce, 0x6dcf, 0x6dd0, 0x6dd1, 0x6dd2, 0x6dd5,
    0x6dd6, 0x6dd8, 0x6dd9, 0x6dda, 0x6ddb, 0x6ddd, 0x6dde, 0x6ddf, 0x6de1, 0x6de4, 0x6de6, 0x6de8, 0x6de9, 0x6dea, 0x6deb, 0x6dec,
    0x6dee, 0x6df1, 0x6df3, 0x6df5, 0x6df6, 0x6df7, 0x6df9, 0x6dfa, 0x6dfb, 0x6dfc, 0x6e05, 0x6e07, 0x6e08, 0x6e09, 0x6e0a, 0x6e0b,
    0x6e13, 0x6e15, 0x6e17, 0x6e19, 0x6e1a, 0x6e1b, 0x6e1d, 0x6e1e, 0x6e1f, 0x6e20, 0x6e21, 0x6e22, 0x6e23, 0x6e24, 0x6e25, 0x6e26,
    0x6e27, 0x6e29, 0x6e2b, 0x6e2c, 0x6e2d, 0x6e2e, 0x6e2f, 0x6e32, 0x6e34, 0x6e36, 0x6e38, 0x6e3a, 0x6e3c, 0x6e3e, 0x6e43, 0x6e44,
    0x6e48, 0x6e49, 0x6e4a, 0x6e4b, 0x6e4c, 0x6e4d, 0x6e4e, 0x6e4f, 0x6e51, 0x6e53, 0x6e54, 0x6e56, 0x6e57, 0x6e58, 0x6e5b, 0x6e5c,
    0x6e5e, 0x6e5f, 0x6e63, 0x6e67, 0x6e6b, 0x6e6e, 0x6e6f, 0x6e72, 0x6e76, 0x6e7e, 0x6e7f, 0x6e80, 0x6e82, 0x6e8c, 0x6e8f, 0x6e90,
    0x6e93, 0x6e96, 0x6e98, 0x6e9c, 0x6e9d, 0x6e9f, 0x6ea2, 0x6ea5, 0x6ea7, 0x6eaa, 0x6eab, 0x6eaf, 0x6eb1, 0x6eb2, 0x6eb4, 0x6eb6,
    0x6eb7, 0x6eba, 0x6ebd, 0x6ebf, 0x6ec1, 0x6ec2, 0x6ec3, 0x6ec4, 0x6ec5, 0x6ec7, 0x6ec9, 0x6eca, 0x6ecb, 0x6ecc, 0x6ece, 0x6ed1,
    0x6ed3, 0x6ed4, 0x6ed5, 0x6ed9, 0x6edd, 0x6ede, 0x6eeb, 0x6eec, 0x6eef, 0x6ef2, 0x6ef4, 0x6ef7, 0x6ef8, 0x6ef9, 0x6efb, 0x6efe,
    0x6eff, 0x6f01, 0x6f02, 0x6f06, 0x6f09, 0x6f0a, 0x6f0c, 0x6f0f, 0x6f10, 0x6f11, 0x6f13, 0x6f14, 0x6f15, 0x6f18, 0x6f1a, 0x6f20,
    0x6f22, 0x6f23, 0x6f25, 0x6f2a, 0x6f2b, 0x6f2c, 0x6f2f, 0x6f31, 0x6f32, 0x6f33, 0x6f35, 0x6f36, 0x6f38, 0x6f3c, 0x6f3e, 0x6f3f,
    0x6f41, 0x6f45, 0x6f51, 0x6f52, 0x6f54, 0x6f57, 0x6f58, 0x6f59, 0x6f5a, 0x6f5b, 0x6f5c, 0x6f5e, 0x6f5f, 0x6f60, 0x6f61, 0x6f62,
    0x6f64, 0x6f66, 0x6f68, 0x6f6d, 0x6f6e, 0x6f6f, 0x6f70, 0x6f74, 0x6f78, 0x6f7a, 0x6f7c, 0x6f7d, 0x6f7e, 0x6f80, 0x6f81, 0x6f82,
    0x6f84, 0x6f86, 0x6f88, 0x6f8c, 0x6f8d, 0x6f8e, 0x6f90, 0x6f91, 0x6f94, 0x6f96, 0x6f97, 0x6f98, 0x6f9f, 0x6fa0, 0x6fa1, 0x6fa3,
    0x6fa4, 0x6fa5, 0x6fa7, 0x6faa, 0x6faf, 0x6fb1, 0x6fb3, 0x6fb5, 0x6fb6, 0x6fb9, 0x6fbc, 0x6fbe, 0x6fc0, 0x6fc1, 0x6fc2, 0x6fc3,
    0x6fc6, 0x6fc7, 0x6fc8, 0x6fc9, 0x6fca, 0x6fd4, 0x6fd5, 0x6fd8, 0x6fda, 0x6fdb, 0x6fde, 0x6fdf, 0x6fe0, 0x6fe1, 0x6fe4, 0x6fe9,
    0x6feb, 0x6fec, 0x6fee, 0x6fef, 0x6ff0, 0x6ff1, 0x6ff3, 0x6ff5, 0x6ff6, 0x6ff9, 0x6ffa, 0x6ffc, 0x6ffe, 0x7000, 0x7001, 0x7005,
    0x7006, 0x7007, 0x7009, 0x700a, 0x700b, 0x700f, 0x7011, 0x7015, 0x7018, 0x701a, 0x701b, 0x701d, 0x701e, 0x701f, 0x7023, 0x7026,
    0x7027, 0x7028, 0x702c, 0x7030, 0x7032, 0x7039, 0x703a, 0x703c, 0x703e, 0x7043, 0x7047, 0x704a, 0x704b, 0x704c, 0x704e, 0x7051,
    0x7054, 0x7058, 0x705d, 0x705e, 0x7063, 0x7064, 0x7065, 0x7069, 0x706b, 0x706c, 0x706e, 0x706f, 0x7070, 0x7075, 0x7076, 0x7078,
    0x707c, 0x707d, 0x707e, 0x7081, 0x7085, 0x7086, 0x7089, 0x708a, 0x708e, 0x7092, 0x7095, 0x7097, 0x7099, 0x709f, 0x70a4, 0x70ab,
    0x70ac, 0x70ad, 0x70ae, 0x70af, 0x70b1, 0x70b3, 0x70b7, 0x70b8, 0x70b9, 0x70ba, 0x70bb, 0x70c8, 0x70ca, 0x70cb, 0x70cf, 0x70d1,
    0x70d3, 0x70d4, 0x70d8, 0x70d9, 0x70dc, 0x70dd, 0x70df, 0x70e4, 0x70ec, 0x70f1, 0x70f9, 0x70fd, 0x7103, 0x7104, 0x7106, 0x7107,
    0x7108, 0x7109, 0x710c, 0x710f, 0x7114, 0x7119, 0x711a, 0x711c, 0x711e, 0x7120, 0x7121, 0x7126, 0x712b, 0x712e, 0x712f, 0x7130,
    0x7131, 0x7136, 0x713c, 0x7146, 0x7147, 0x7149, 0x714a, 0x714c, 0x714e, 0x7150, 0x7151, 0x7152, 0x7153, 0x7155, 0x7156, 0x7159,
    0x715c, 0x715e, 0x7160, 0x7162, 0x7164, 0x7165, 0x7166, 0x7167, 0x7168, 0x7169, 0x716c, 0x716e, 0x717d, 0x7180, 0x7184, 0x7185,
    0x7187, 0x7188, 0x718a, 0x718f, 0x7192, 0x7194, 0x7195, 0x7196, 0x7199, 0x719b, 0x719f, 0x71a0, 0x71a2, 0x71a8, 0x71ac, 0x71ae,
    0x71af, 0x71b1, 0x71b3, 0x71b9, 0x71ba, 0x71be, 0x71c1, 0x71c3, 0x71c4, 0x71c8, 0x71c9, 0x71cb, 0x71ce, 0x71d0, 0x71d2, 0x71d3,
    0x71d4, 0x71d5, 0x71d7, 0x71d9, 0x71dc, 0x71df, 0x71e0, 0x71e5, 0x71e6, 0x71e7, 0x71ec, 0x71ed, 0x71ee, 0x71f5, 0x71f9, 0x71fb,
    0x71fc, 0x71fe, 0x71ff, 0x7200, 0x7206, 0x7207, 0x720d, 0x7210, 0x7215, 0x721b, 0x7228, 0x722a, 0x722b, 0x722c, 0x722d, 0x7230,
    0x7232, 0x7234, 0x7235, 0x7236, 0x7238, 0x7239, 0x723a, 0x723b, 0x723c, 0x723d, 0x723e, 0x723f, 0x7240, 0x7242, 0x7246, 0x7247,
    0x7248, 0x724b, 0x724c, 0x7252, 0x7253, 0x7255, 0x7256, 0x7257, 0x7258, 0x7259, 0x725b, 0x725d, 0x725f, 0x7261, 0x7262, 0x7263,
    0x7267, 0x7269, 0x726e, 0x726f, 0x7272, 0x7274, 0x7278, 0x7279, 0x727d, 0x727e, 0x727f, 0x7280, 0x7281, 0x7282, 0x7287, 0x728d,
    0x728e, 0x7292, 0x7296, 0x729b, 0x72a0, 0x72a2, 0x72a7, 0x72ac, 0x72ad, 0x72ae, 0x72af, 0x72b0, 0x72b1, 0x72b2, 0x72b6, 0x72b9,
    0x72be, 0x72c0, 0x72c1, 0x72c2, 0x72c3, 0x72c4, 0x72c6, 0x72cc, 0x72ce, 0x72d0, 0x72d2, 0x72d7, 0x72d9, 0x72db, 0x72e0, 0x72e1,
    0x72e2, 0x72e9, 0x72ec, 0x72ed, 0x72f3, 0x72f7, 0x72f8, 0x72f9, 0x72fa, 0x72fb, 0x72fc, 0x72fd, 0x7307, 0x730a, 0x7312, 0x7316,
    0x7317, 0x7318, 0x7319, 0x731b, 0x731c, 0x731d, 0x731f, 0x7325, 0x7327, 0x7328, 0x7329, 0x732a, 0x732b, 0x732c, 0x732e, 0x732f,
    0x7331, 0x7333, 0x7334, 0x7336, 0x7337, 0x7339, 0x733d, 0x733e, 0x733f, 0x7344, 0x7345, 0x734e, 0x734f, 0x7350, 0x7352, 0x7357,
    0x7363, 0x7366, 0x7368, 0x736a, 0x736b, 0x736c, 0x736e, 0x736f, 0x7370, 0x7371, 0x7372, 0x7375, 0x7377, 0x7378, 0x737a, 0x737b,
    0x737c, 0x7381, 0x7384, 0x7385, 0x7387, 0x7389, 0x738a, 0x738b, 0x7394, 0x7395, 0x7396, 0x7398, 0x739c, 0x739e, 0x739f, 0x73a0,
    0x73a2, 0x73a5, 0x73a6, 0x73a8, 0x73a9, 0x73ab, 0x73b2, 0x73b3, 0x73b5, 0x73b7, 0x73b9, 0x73bb, 0x73bc, 0x73bf, 0x73c0, 0x73c2,
    0x73c5, 0x73c8, 0x73c9, 0x73ca, 0x73cb, 0x73cd, 0x73ce, 0x73cf, 0x73d6, 0x73d9, 0x73de, 0x73e0, 0x73e1, 0x73e3, 0x73e5, 0x73e7,
    0x73e9, 0x73ea, 0x73ed, 0x73ee, 0x73f1, 0x73f8, 0x73f9, 0x73fa, 0x73fe, 0x7401, 0x7403, 0x7405, 0x7406, 0x7407, 0x7409, 0x740a,
    0x7413, 0x741a, 0x741b, 0x7422, 0x7424, 0x7425, 0x7426, 0x7428, 0x742a, 0x742b, 0x742c, 0x742e, 0x742f, 0x7430, 0x7431, 0x7432,
    0x7433, 0x7434, 0x7435, 0x7436, 0x7439, 0x743a, 0x743f, 0x7440, 0x7441, 0x7443, 0x7444, 0x7446, 0x7447, 0x744b, 0x744d, 0x7452,
    0x7453, 0x7455, 0x7457, 0x7459, 0x745a, 0x745b, 0x745c, 0x745d, 0x745e, 0x745f, 0x7460, 0x7462, 0x7463, 0x7464, 0x7469, 0x746a,
    0x746b, 0x746d, 0x746f, 0x7470, 0x7471, 0x7473, 0x7476, 0x747e, 0x7481, 0x7483, 0x7485, 0x7486, 0x7487, 0x7488, 0x7489, 0x748b,
    0x7490, 0x7492, 0x7497, 0x7498, 0x7499, 0x749c, 0x749e, 0x749f, 0x74a0, 0x74a1, 0x74a2, 0x74a3, 0x74a5, 0x74a6, 0x74a7, 0x74a8,
    0x74a9, 0x74aa, 0x74ab, 0x74b0, 0x74b5, 0x74b9, 0x74ba, 0x74bb, 0x74bd, 0x74bf, 0x74c8, 0x74c9, 0x74ca, 0x74cf, 0x74d4, 0x74d6,
    0x74d8, 0x74da, 0x74dc, 0x74de, 0x74e0, 0x74e2, 0x74e3, 0x74e6, 0x74e7, 0x74e9, 0x74eb, 0x74ee, 0x74ef, 0x74f0, 0x74f1, 0x74f2,
    0x74f6, 0x74f7, 0x74f8, 0x74fa, 0x74ff, 0x7501, 0x7503, 0x7504, 0x7505, 0x750c, 0x750d, 0x750e, 0x7511, 0x7513, 0x7515, 0x7517,
    0x7518, 0x751a, 0x751c, 0x751e, 0x751f, 0x7520, 0x7523, 0x7524, 0x7525, 0x7526, 0x7528, 0x752a, 0x752b, 0x752c, 0x752f, 0x7530,
    0x7531, 0x7532, 0x7533, 0x7537, 0x7538, 0x753a, 0x753b, 0x753c, 0x753d, 0x753e, 0x7540, 0x7544, 0x7546, 0x7548, 0x7549, 0x754a,
    0x754b, 0x754c, 0x754d, 0x754e, 0x754f, 0x7550, 0x7551, 0x7552, 0x7554, 0x7559, 0x755a, 0x755b, 0x755c, 0x755d, 0x7560, 0x7562,
    0x7564, 0x7565, 0x7566, 0x7567, 0x7569, 0x756a, 0x756b, 0x756c, 0x756d, 0x756f, 0x7570, 0x7571, 0x7572, 0x7573, 0x7574, 0x7576,
    0x7577, 0x7578, 0x7579, 0x757a, 0x757d, 0x757e, 0x757f, 0x7581, 0x7582, 0x7586, 0x7587, 0x7589, 0x758a, 0x758b, 0x758c, 0x758e,
    0x758f, 0x7591, 0x7592, 0x7594, 0x759a, 0x759d, 0x75a2, 0x75a3, 0x75a5, 0x75ab, 0x75b0, 0x75b1, 0x75b2, 0x75b3, 0x75b5, 0x75b7,
    0x75b8, 0x75b9, 0x75bc, 0x75bd, 0x75be, 0x75bf, 0x75c0, 0x75c2, 0x75c3, 0x75c5, 0x75c6, 0x75c7, 0x75ca, 0x75cd, 0x75ce, 0x75cf,
    0x75d2, 0x75d3, 0x75d4, 0x75d5, 0x75d8, 0x75d9, 0x75db, 0x75dd, 0x75de, 0x75df, 0x75e0, 0x75e2, 0x75e3, 0x75e4, 0x75e7, 0x75e9,
    0x75ec, 0x75ee, 0x75f0, 0x75f1, 0x75f2, 0x75f3, 0x75f4, 0x75f9, 0x75fa, 0x75fc, 0x75fe, 0x75ff, 0x7600, 0x7601, 0x7602, 0x7603,
    0x7607, 0x7608, 0x7609, 0x760b, 0x760d, 0x760f, 0x7613, 0x7615, 0x7616, 0x7618, 0x7619, 0x761b, 0x761c, 0x761e, 0x761f, 0x7620,
    0x7621, 0x7622, 0x7624, 0x7625, 0x7626, 0x7627, 0x7628, 0x762d, 0x7630, 0x7633, 0x7634, 0x7635, 0x763b, 0x763c, 0x7641, 0x7642,
    0x7643, 0x7646, 0x7647, 0x7648, 0x7649, 0x764b, 0x764c, 0x7652, 0x7655, 0x7656, 0x7658, 0x765c, 0x7661, 0x7662, 0x7664, 0x7665,
    0x7667, 0x7668, 0x7669, 0x766a, 0x766c, 0x766d, 0x766e, 0x766f, 0x7670, 0x7671, 0x7672, 0x7676, 0x7678, 0x767a, 0x767b, 0x767c,
    0x767d, 0x767e, 0x7680, 0x7681, 0x7683, 0x7684, 0x7686, 0x7687, 0x7688, 0x768b, 0x768e, 0x7690, 0x7693, 0x7695, 0x7696, 0x7699,
    0x769a, 0x769b, 0x769c, 0x769d, 0x769e, 0x76a0, 0x76a1, 0x76a6, 0x76a7, 0x76a8, 0x76aa, 0x76ae, 0x76af, 0x76b0, 0x76b4, 0x76b6,
    0x76b7, 0x76b8, 0x76b9, 0x76ba, 0x76bf, 0x76c2, 0x76c3, 0x76c5, 0x76c6, 0x76c8, 0x76c9, 0x76ca, 0x76cc, 0x76cd, 0x76ce, 0x76d2,
    0x76d4, 0x76d6, 0x76d7, 0x76db, 0x76dc, 0x76de, 0x76df, 0x76e1, 0x76e3, 0x76e4, 0x76e5, 0x76e6, 0x76e7, 0x76e8, 0x76ea, 0x76ec,
    0x76ee, 0x76f1, 0x76f2, 0x76f4, 0x76f8, 0x76fb, 0x76fc, 0x76fe, 0x7701, 0x7704, 0x7707, 0x7708, 0x7709, 0x770a, 0x770b, 0x770c,
    0x7717, 0x7719, 0x771a, 0x771b, 0x771e, 0x771f, 0x7720, 0x7724, 0x7725, 0x7726, 0x7729, 0x772d, 0x7734, 0x7735, 0x7736, 0x7737,
    0x7738, 0x773a, 0x773c, 0x7740, 0x7746, 0x7747, 0x774d, 0x774e, 0x7758, 0x775a, 0x775b, 0x775c, 0x775f, 0x7760, 0x7761, 0x7762,
    0x7763, 0x7765, 0x7766, 0x7768, 0x776a, 0x776b, 0x7772, 0x7779, 0x777a, 0x777c, 0x777d, 0x777e, 0x777f, 0x7780, 0x778b, 0x778e,
    0x7791, 0x7794, 0x779a, 0x779e, 0x779f, 0x77a0, 0x77a2, 0x77a4, 0x77a5, 0x77a9, 0x77aa, 0x77ac, 0x77ad, 0x77b0, 0x77b3, 0x77b6,
    0x77b9, 0x77bb, 0x77bc, 0x77bd, 0x77bf, 0x77c7, 0x77cd, 0x77d7, 0x77da, 0x77db, 0x77dc, 0x77de, 0x77df, 0x77e0, 0x77e2, 0x77e3,
    0x77e4, 0x77e5, 0x77e6, 0x77e7, 0x77e9, 0x77ea, 0x77ec, 0x77ed, 0x77ee, 0x77ef, 0x77f0, 0x77f3, 0x77f4, 0x77fb, 0x77fc, 0x7802,
    0x7805, 0x7806, 0x7809, 0x780c, 0x780d, 0x7812, 0x7814, 0x7815, 0x7819, 0x7820, 0x7821, 0x7825, 0x7826, 0x7827, 0x782c, 0x782d,
    0x7832, 0x7834, 0x783a, 0x783f, 0x7843, 0x7845, 0x7847, 0x784e, 0x784f, 0x7851, 0x785d, 0x7864, 0x7868, 0x786a, 0x786b, 0x786c,
    0x786e, 0x786f, 0x7872, 0x7874, 0x787c, 0x7881, 0x7886, 0x7887, 0x788a, 0x788c, 0x788d, 0x788e, 0x7891, 0x7893, 0x7894, 0x7895,
    0x7897, 0x789a, 0x789d, 0x789e, 0x789f, 0x78a3, 0x78a4, 0x78a7, 0x78a9, 0x78aa, 0x78ad, 0x78af, 0x78b0, 0x78b5, 0x78ba, 0x78bb,
    0x78bc, 0x78be, 0x78c1, 0x78c5, 0x78c6, 0x78c8, 0x78ca, 0x78cb, 0x78cc, 0x78ce, 0x78d0, 0x78d1, 0x78d4, 0x78d5, 0x78da, 0x78e0,
    0x78e1, 0x78e4, 0x78e6, 0x78e7, 0x78e8, 0x78ec, 0x78ef, 0x78f2, 0x78f4, 0x78f7, 0x78f9, 0x78fa, 0x78fb, 0x78fd, 0x78fe, 0x7900,
    0x7901, 0x7907, 0x790e, 0x7910, 0x7911, 0x7912, 0x7919, 0x791b, 0x791c, 0x7925, 0x7926, 0x792a, 0x792b, 0x792c, 0x792e, 0x7930,
    0x7931, 0x7934, 0x793a, 0x793b, 0x793c, 0x793e, 0x7940, 0x7941, 0x7945, 0x7946, 0x7947, 0x7948, 0x7949, 0x794a, 0x7950, 0x7953,
    0x7955, 0x7956, 0x7957, 0x7958, 0x795a, 0x795b, 0x795c, 0x795d, 0x795e, 0x795f, 0x7960, 0x7962, 0x7965, 0x7967, 0x7968, 0x796d,
    0x7972, 0x7977, 0x7979, 0x797a, 0x797f, 0x7980, 0x7981, 0x7984, 0x7985, 0x798a, 0x798d, 0x798e, 0x798f, 0x7994, 0x7995, 0x7996,
    0x7998, 0x799b, 0x799d, 0x79a1, 0x79a6, 0x79a7, 0x79a9, 0x79aa, 0x79ae, 0x79b0, 0x79b1, 0x79b3, 0x79b4, 0x79b8, 0x79b9, 0x79ba,
    0x79bb, 0x79bd, 0x79be, 0x79bf, 0x79c0, 0x79c1, 0x79c2, 0x79c7, 0x79c8, 0x79c9, 0x79ca, 0x79cb, 0x79cc, 0x79cd, 0x79d1, 0x79d2,
    0x79d4, 0x79d5, 0x79d6, 0x79d8, 0x79de, 0x79df, 0x79e1, 0x79e3, 0x79e4, 0x79e6, 0x79e7, 0x79e9, 0x79eb, 0x79ec, 0x79ed, 0x79f0,
    0x79fb, 0x7a00, 0x7a03, 0x7a08, 0x7a0a, 0x7a0b, 0x7a0d, 0x7a0e, 0x7a11, 0x7a14, 0x7a15, 0x7a17, 0x7a18, 0x7a19, 0x7a1a, 0x7a1b,
    0x7a1c, 0x7a1e, 0x7a1f, 0x7a20, 0x7a2d, 0x7a2e, 0x7a31, 0x7a32, 0x7a37, 0x7a38, 0x7a39, 0x7a3b, 0x7a3c, 0x7a3d, 0x7a3e, 0x7a3f,
    0x7a40, 0x7a42, 0x7a43, 0x7a46, 0x7a47, 0x7a49, 0x7a4c, 0x7a4d, 0x7a4e, 0x7a4f, 0x7a50, 0x7a56, 0x7a57, 0x7a59, 0x7a5c, 0x7a5d,
    0x7a5f, 0x7a60, 0x7a61, 0x7a62, 0x7a63, 0x7a67, 0x7a69, 0x7a6a, 0x7a6b, 0x7a6d, 0x7a70, 0x7a74, 0x7a75, 0x7a76, 0x7a78, 0x7a79,
    0x7a7a, 0x7a7d, 0x7a7f, 0x7a81, 0x7a82, 0x7a83, 0x7a84, 0x7a85, 0x7a88, 0x7a8a, 0x7a90, 0x7a92, 0x7a93, 0x7a95, 0x7a96, 0x7a97,
    0x7a98, 0x7a9f, 0x7aa0, 0x7aa3, 0x7aa9, 0x7aaa, 0x7aac, 0x7aae, 0x7aaf, 0x7ab0, 0x7ab3, 0x7ab6, 0x7ab9, 0x7aba, 0x7abb, 0x7abc,
    0x7abe, 0x7abf, 0x7ac3, 0x7ac4, 0x7ac5, 0x7ac7, 0x7ac8, 0x7aca, 0x7acb, 0x7acc, 0x7acd, 0x7ace, 0x7acf, 0x7ad1, 0x7ad2, 0x7ad3,
    0x7ad5, 0x7ad9, 0x7ada, 0x7adc, 0x7add, 0x7adf, 0x7ae0, 0x7ae1, 0x7ae2, 0x7ae3, 0x7ae5, 0x7ae6, 0x7ae7, 0x7ae8, 0x7aea, 0x7aeb,
    0x7aed, 0x7aef, 0x7af0, 0x7af4, 0x7af6, 0x7af8, 0x7af9, 0x7afa, 0x7afd, 0x7aff, 0x7b02, 0x7b04, 0x7b06, 0x7b07, 0x7b08, 0x7b0a,
    0x7b0b, 0x7b0f, 0x7b11, 0x7b12, 0x7b18, 0x7b19, 0x7b1b, 0x7b1e, 0x7b20, 0x7b25, 0x7b26, 0x7b27, 0x7b28, 0x7b2a, 0x7b2c, 0x7b2d,
    0x7b2e, 0x7b2f, 0x7b31, 0x7b33, 0x7b35, 0x7b36, 0x7b39, 0x7b3b, 0x7b3d, 0x7b41, 0x7b45, 0x7b46, 0x7b47, 0x7b48, 0x7b49, 0x7b4b,
    0x7b4c, 0x7b4d, 0x7b4e, 0x7b4f, 0x7b50, 0x7b51, 0x7b52, 0x7b54, 0x7b55, 0x7b56, 0x7b5d, 0x7b60, 0x7b64, 0x7b65, 0x7b66, 0x7b67,
    0x7b69, 0x7b6c, 0x7b6d, 0x7b6e, 0x7b6f, 0x7b70, 0x7b71, 0x7b72, 0x7b73, 0x7b74, 0x7b75, 0x7b79, 0x7b7a, 0x7b7f, 0x7b86, 0x7b87,
    0x7b8b, 0x7b8d, 0x7b8f, 0x7b90, 0x7b91, 0x7b92, 0x7b94, 0x7b95, 0x7b97, 0x7b98, 0x7b99, 0x7b9a, 0x7b9b, 0x7b9c, 0x7b9d, 0x7b9e,
    0x7b9f, 0x7ba1, 0x7baa, 0x7bad, 0x7baf, 0x7bb1, 0x7bb4, 0x7bb5, 0x7bb8, 0x7bbc, 0x7bc0, 0x7bc1, 0x7bc4, 0x7bc5, 0x7bc6, 0x7bc7,
    0x7bc9, 0x7bca, 0x7bcb, 0x7bcc, 0x7bcf, 0x7bd4, 0x7bd6, 0x7bd7, 0x7bd9, 0x7bda, 0x7bdd, 0x7be0, 0x7be4, 0x7be5, 0x7be6, 0x7be9,
    0x7bea, 0x7bed, 0x7bf0, 0x7bf3, 0x7bf6, 0x7bf7, 0x7c00, 0x7c01, 0x7c03, 0x7c07, 0x7c0b, 0x7c0d, 0x7c0e, 0x7c0f, 0x7c11, 0x7c12,
    0x7c13, 0x7c14, 0x7c17, 0x7c1e, 0x7c1f, 0x7c20, 0x7c21, 0x7c23, 0x7c26, 0x7c27, 0x7c2a, 0x7c2b, 0x7c31, 0x7c33, 0x7c36, 0x7c37,
    0x7c38, 0x7c3d, 0x7c3e, 0x7c3f, 0x7c40, 0x7c43, 0x7c45, 0x7c4a, 0x7c4c, 0x7c4d, 0x7c4f, 0x7c50, 0x7c51, 0x7c54, 0x7c56, 0x7c57,
    0x7c58, 0x7c59, 0x7c5e, 0x7c5f, 0x7c60, 0x7c61, 0x7c64, 0x7c65, 0x7c69, 0x7c6c, 0x7c6d, 0x7c6e, 0x7c6f, 0x7c70, 0x7c73, 0x7c75,
    0x7c79, 0x7c7e, 0x7c81, 0x7c82, 0x7c83, 0x7c89, 0x7c8b, 0x7c8d, 0x7c8f, 0x7c90, 0x7c92, 0x7c94, 0x7c95, 0x7c97, 0x7c98, 0x7c9b,
    0x7c9f, 0x7ca0, 0x7ca1, 0x7ca2, 0x7ca4, 0x7ca5, 0x7ca6, 0x7ca7, 0x7ca8, 0x7cab, 0x7cad, 0x7cae, 0x7cb1, 0x7cb2, 0x7cb3, 0x7cb6,
    0x7cb7, 0x7cb9, 0x7cbc, 0x7cbd, 0x7cbe, 0x7cbf, 0x7cc0, 0x7cc2, 0x7cc4, 0x7cc5, 0x7cc8, 0x7cca, 0x7ccd, 0x7cce, 0x7cd2, 0x7cd5,
    0x7cd6, 0x7cd7, 0x7cd8, 0x7cd9, 0x7cdc, 0x7cdd, 0x7cde, 0x7cdf, 0x7ce0, 0x7ce2, 0x7ce6, 0x7ce7, 0x7ceb, 0x7cef, 0x7cf2, 0x7cf4,
    0x7cf5, 0x7cf6, 0x7cf8, 0x7cfa, 0x7cfb, 0x7cfe, 0x7d00, 0x7d02, 0x7d03, 0x7d04, 0x7d05, 0x7d06, 0x7d07, 0x7d08, 0x7d09, 0x7d0a,
    0x7d0b, 0x7d0d, 0x7d10, 0x7d12, 0x7d13, 0x7d14, 0x7d15, 0x7d17, 0x7d18, 0x7d19, 0x7d1a, 0x7d1b, 0x7d1c, 0x7d1d, 0x7d1e, 0x7d20,
    0x7d21, 0x7d22, 0x7d23, 0x7d2b, 0x7d2c, 0x7d2e, 0x7d2f, 0x7d30, 0x7d31, 0x7d32, 0x7d33, 0x7d35, 0x7d39, 0x7d3a, 0x7d3d, 0x7d3e,
    0x7d3f, 0x7d40, 0x7d41, 0x7d42, 0x7d43, 0x7d44, 0x7d45, 0x7d46, 0x7d47, 0x7d48, 0x7d4b, 0x7d4c, 0x7d4e, 0x7d4f, 0x7d50, 0x7d53,
    0x7d56, 0x7d59, 0x7d5a, 0x7d5b, 0x7d5c, 0x7d5e, 0x7d61, 0x7d62, 0x7d63, 0x7d66, 0x7d68, 0x7d6a, 0x7d6e, 0x7d70, 0x7d71, 0x7d72,
    0x7d73, 0x7d75, 0x7d76, 0x7d79, 0x7d7a, 0x7d7d, 0x7d7f, 0x7d83, 0x7d86, 0x7d88, 0x7d89, 0x7d8b, 0x7d8c, 0x7d8f, 0x7d93, 0x7d97,
    0x7d99, 0x7d9a, 0x7d9b, 0x7d9c, 0x7d9d, 0x7d9f, 0x7da0, 0x7da2, 0x7da3, 0x7da6, 0x7da7, 0x7daa, 0x7dab, 0x7dac, 0x7dad, 0x7dae,
    0x7daf, 0x7db0, 0x7db1, 0x7db2, 0x7db4, 0x7db5, 0x7db6, 0x7db7, 0x7db8, 0x7dba, 0x7dbb, 0x7dbd, 0x7dbe, 0x7dbf, 0x7dc0, 0x7dc2,
    0x7dc7, 0x7dca, 0x7dcb, 0x7dcc, 0x7dcf, 0x7dd1, 0x7dd2, 0x7dd5, 0x7dd6, 0x7dd7, 0x7dd8, 0x7dd9, 0x7dda, 0x7ddc, 0x7ddd, 0x7dde,
    0x7de0, 0x7de1, 0x7de3, 0x7de4, 0x7de6, 0x7de8, 0x7de9, 0x7dec, 0x7def, 0x7df1, 0x7df2, 0x7df4, 0x7df9, 0x7dfb, 0x7e01, 0x7e04,
    0x7e05, 0x7e08, 0x7e09, 0x7e0a, 0x7e0b, 0x7e10, 0x7e11, 0x7e12, 0x7e15, 0x7e17, 0x7e1b, 0x7e1d, 0x7e1e, 0x7e1f, 0x7e20, 0x7e21,
    0x7e22, 0x7e23, 0x7e26, 0x7e27, 0x7e28, 0x7e2b, 0x7e2c, 0x7e2e, 0x7e31, 0x7e32, 0x7e35, 0x7e37, 0x7e39, 0x7e3a, 0x7e3b, 0x7e3d,
    0x7e3e, 0x7e41, 0x7e43, 0x7e45, 0x7e46, 0x7e47, 0x7e4a, 0x7e4b, 0x7e4d, 0x7e52, 0x7e54, 0x7e55, 0x7e56, 0x7e59, 0x7e5a, 0x7e5d,
    0x7e5e, 0x7e61, 0x7e66, 0x7e67, 0x7e69, 0x7e6a, 0x7e6b, 0x7e6d, 0x7e70, 0x7e73, 0x7e75, 0x7e79, 0x7e7b, 0x7e7c, 0x7e7d, 0x7e7e,
    0x7e7f, 0x7e82, 0x7e83, 0x7e86, 0x7e87, 0x7e88, 0x7e89, 0x7e8a, 0x7e8c, 0x7e8d, 0x7e8e, 0x7e8f, 0x7e90, 0x7e91, 0x7e92, 0x7e93,
    0x7e94, 0x7e96, 0x7e98, 0x7e9a, 0x7e9b, 0x7e9c, 0x7f36, 0x7f38, 0x7f3a, 0x7f3b, 0x7f3c, 0x7f3e, 0x7f43, 0x7f44, 0x7f45, 0x7f47,
    0x7f4c, 0x7f4d, 0x7f4e, 0x7f4f, 0x7f50, 0x7f51, 0x7f52, 0x7f54, 0x7f55, 0x7f58, 0x7f5f, 0x7f60, 0x7f61, 0x7f63, 0x7f64, 0x7f67,
    0x7f68, 0x7f69, 0x7f6a, 0x7f6b, 0x7f6d, 0x7f6e, 0x7f70, 0x7f72, 0x7f75, 0x7f77, 0x7f78, 0x7f79, 0x7f7d, 0x7f7e, 0x7f82, 0x7f83,
    0x7f85, 0x7f86, 0x7f87, 0x7f88, 0x7f8a, 0x7f8c, 0x7f8e, 0x7f90, 0x7f91, 0x7f94, 0x7f96, 0x7f97, 0x7f9a, 0x7f9c, 0x7f9d, 0x7f9e,
    0x7fa3, 0x7fa4, 0x7fa8, 0x7fa9, 0x7fad, 0x7fae, 0x7faf, 0x7fb2, 0x7fb6, 0x7fb8, 0x7fb9, 0x7fbd, 0x7fbf, 0x7fc1, 0x7fc3, 0x7fc5,
    0x7fc6, 0x7fca, 0x7fcc, 0x7fce, 0x7fcf, 0x7fd2, 0x7fd4, 0x7fd5, 0x7fdb, 0x7fdf, 0x7fe0, 0x7fe1, 0x7fe3, 0x7fe5, 0x7fe6, 0x7fe9,
    0x7feb, 0x7fec, 0x7fee, 0x7fef, 0x7ff0, 0x7ff2, 0x7ff3, 0x7ff9, 0x7ffa, 0x7ffb, 0x7ffc, 0x8000, 0x8001, 0x8002, 0x8003, 0x8004,
    0x8005, 0x8006, 0x8008, 0x800a, 0x800b, 0x800c, 0x800e, 0x8010, 0x8011, 0x8012, 0x8014, 0x8015, 0x8016, 0x8017, 0x8018, 0x8019,
    0x801c, 0x8021, 0x8024, 0x8026, 0x8028, 0x802c, 0x8030, 0x8033, 0x8035, 0x8036, 0x8037, 0x803b, 0x803c, 0x803d, 0x803f, 0x8043,
    0x8046, 0x804a, 0x8052, 0x8056, 0x8058, 0x805a, 0x805e, 0x805f, 0x8061, 0x8062, 0x8066, 0x8068, 0x806f, 0x8070, 0x8071, 0x8072,
    0x8073, 0x8074, 0x8075, 0x8076, 0x8077, 0x8079, 0x807b, 0x807d, 0x807e, 0x807f, 0x8084, 0x8085, 0x8086, 0x8087, 0x8089, 0x808b,
    0x808c, 0x8093, 0x8096, 0x8098, 0x8099, 0x809a, 0x809b, 0x809c, 0x809d, 0x80a1, 0x80a2, 0x80a4, 0x80a5, 0x80a7, 0x80a9, 0x80aa,
    0x80ac, 0x80ad, 0x80af, 0x80b1, 0x80b2, 0x80b4, 0x80b8, 0x80ba, 0x80c3, 0x80c4, 0x80c5, 0x80c6, 0x80ca, 0x80cc, 0x80ce, 0x80d5,
    0x80d6, 0x80d7, 0x80d8, 0x80d9, 0x80da, 0x80db, 0x80dd, 0x80de, 0x80e0, 0x80e1, 0x80e4, 0x80e5, 0x80e6, 0x80ef, 0x80f1, 0x80f3,
    0x80f4, 0x80f5, 0x80f8, 0x80fb, 0x80fc, 0x80fd, 0x8102, 0x8105, 0x8106, 0x8107, 0x8108, 0x8109, 0x810a, 0x810d, 0x8116, 0x8118,
    0x811a, 0x811b, 0x811e, 0x8123, 0x8124, 0x8127, 0x8129, 0x812c, 0x812f, 0x8131, 0x8133, 0x8135, 0x8139, 0x813d, 0x813e, 0x8146,
    0x814a, 0x814b, 0x814e, 0x8150, 0x8151, 0x8153, 0x8154, 0x8155, 0x815f, 0x8160, 0x8165, 0x8166, 0x8167, 0x8168, 0x8169, 0x816b,
    0x816d, 0x816e, 0x8170, 0x8171, 0x8174, 0x8178, 0x8179, 0x817a, 0x817f, 0x8180, 0x8181, 0x8182, 0x8183, 0x8184, 0x8185, 0x8188,
    0x818a, 0x818f, 0x8193, 0x8195, 0x8198, 0x819a, 0x819c, 0x819d, 0x81a0, 0x81a3, 0x81a4, 0x81a8, 0x81a9, 0x81b0, 0x81b2, 0x81b3,
    0x81b5, 0x81b8, 0x81ba, 0x81bb, 0x81bd, 0x81be, 0x81bf, 0x81c0, 0x81c1, 0x81c2, 0x81c3, 0x81c6, 0x81c8, 0x81c9, 0x81ca, 0x81cd,
    0x81cf, 0x81d1, 0x81d3, 0x81d6, 0x81d7, 0x81d8, 0x81d9, 0x81da, 0x81db, 0x81df, 0x81e0, 0x81e3, 0x81e4, 0x81e5, 0x81e7, 0x81e8,
    0x81ea, 0x81ec, 0x81ed, 0x81f3, 0x81f4, 0x81fa, 0x81fb, 0x81fc, 0x81fd, 0x81fe, 0x81ff, 0x8201, 0x8202, 0x8204, 0x8205, 0x8207,
    0x8208, 0x8209, 0x820a, 0x820c, 0x820d, 0x820e, 0x8210, 0x8212, 0x8216, 0x8217, 0x8218, 0x8219, 0x821b, 0x821c, 0x821e, 0x821f,
    0x8221, 0x8222, 0x8229, 0x822a, 0x822b, 0x822c, 0x822e, 0x8232, 0x8233, 0x8234, 0x8235, 0x8236, 0x8237, 0x8238, 0x8239, 0x823c,
    0x8240, 0x8245, 0x8246, 0x8247, 0x8249, 0x824b, 0x824f, 0x8257, 0x8258, 0x8259, 0x825a, 0x825c, 0x825d, 0x825f, 0x8260, 0x8262,
    0x8263, 0x8264, 0x8266, 0x8268, 0x826a, 0x826b, 0x826e, 0x826f, 0x8271, 0x8272, 0x8274, 0x8276, 0x8277, 0x8278, 0x8279, 0x827d,
    0x827e, 0x827f, 0x8283, 0x828a, 0x828b, 0x828d, 0x828e, 0x8292, 0x8293, 0x8299, 0x829d, 0x829f, 0x82a1, 0x82a3, 0x82a4, 0x82a5,
    0x82a6, 0x82a7, 0x82a8, 0x82a9, 0x82ab, 0x82ac, 0x82ad, 0x82ae, 0x82af, 0x82b1, 0x82b2, 0x82b3, 0x82b4, 0x82b7, 0x82b8, 0x82b9,
    0x82ba, 0x82bb, 0x82bc, 0x82bd, 0x82be, 0x82bf, 0x82c5, 0x82c6, 0x82d1, 0x82d2, 0x82d3, 0x82d4, 0x82d5, 0x82d7, 0x82d9, 0x82db,
    0x82dc, 0x82de, 0x82df, 0x82e1, 0x82e2, 0x82e3, 0x82e5, 0x82e6, 0x82e7, 0x82e8, 0x82eb, 0x82f1, 0x82f3, 0x82f4, 0x82f7, 0x82f9,
    0x82fa, 0x82fb, 0x82fd, 0x82fe, 0x8300, 0x8301, 0x8302, 0x8303, 0x8304, 0x8305, 0x8306, 0x8307, 0x8308, 0x8309, 0x830c, 0x830e,
    0x8316, 0x8317, 0x8318, 0x831b, 0x831c, 0x831d, 0x8322, 0x8323, 0x8328, 0x832b, 0x832d, 0x832f, 0x8330, 0x8331, 0x8332, 0x8334,
    0x8335, 0x8336, 0x8338, 0x8339, 0x833a, 0x833c, 0x8340, 0x8343, 0x8344, 0x8345, 0x8347, 0x8349, 0x834a, 0x834f, 0x8350, 0x8351,
    0x8352, 0x8354, 0x8355, 0x8357, 0x8358, 0x8362, 0x8363, 0x8373, 0x8375, 0x8377, 0x837b, 0x837c, 0x837d, 0x837f, 0x8385, 0x8386,
    0x8387, 0x8389, 0x838a, 0x838d, 0x838e, 0x8392, 0x8393, 0x8394, 0x8395, 0x8396, 0x8398, 0x839a, 0x839b, 0x839d, 0x839e, 0x839f,
    0x83a0, 0x83a2, 0x83a7, 0x83a8, 0x83a9, 0x83aa, 0x83ab, 0x83b1, 0x83b5, 0x83bd, 0x83bf, 0x83c0, 0x83c1, 0x83c5, 0x83c7, 0x83c9,
    0x83ca, 0x83cc, 0x83ce, 0x83cf, 0x83d0, 0x83d1, 0x83d3, 0x83d4, 0x83d6, 0x83d8, 0x83dc, 0x83dd, 0x83df, 0x83e0, 0x83e1, 0x83e5,
    0x83e9, 0x83ea, 0x83eb, 0x83ef, 0x83f0, 0x83f1, 0x83f2, 0x83f4, 0x83f7, 0x83f9, 0x83fb, 0x83fd, 0x8401, 0x8403, 0x8404, 0x8406,
    0x8407, 0x840a, 0x840b, 0x840c, 0x840d, 0x840e, 0x840f, 0x8411, 0x8413, 0x8415, 0x8417, 0x8420, 0x8422, 0x8429, 0x842a, 0x842c,
    0x8431, 0x8435, 0x8438, 0x8439, 0x843c, 0x843d, 0x8446, 0x8448, 0x8449, 0x844a, 0x844e, 0x844f, 0x8451, 0x8452, 0x8457, 0x8459,
    0x845a, 0x845b, 0x845c, 0x845f, 0x8461, 0x8462, 0x8463, 0x8465, 0x8466, 0x8469, 0x846b, 0x846c, 0x846d, 0x846e, 0x846f, 0x8470,
    0x8471, 0x8473, 0x8475, 0x8476, 0x8477, 0x8478, 0x8479, 0x847a, 0x847c, 0x8481, 0x8482, 0x8484, 0x8485, 0x848b, 0x8490, 0x8494,
    0x8497, 0x8499, 0x849c, 0x849e, 0x849f, 0x84a1, 0x84a6, 0x84ad, 0x84af, 0x84b2, 0x84b4, 0x84b8, 0x84b9, 0x84ba, 0x84bb, 0x84bc,
    0x84be, 0x84bf, 0x84c0, 0x84c1, 0x84c2, 0x84c4, 0x84c6, 0x84c9, 0x84ca, 0x84cb, 0x84cd, 0x84ce, 0x84cf, 0x84d0, 0x84d1, 0x84d3,
    0x84d6, 0x84d9, 0x84da, 0x84dc, 0x84e7, 0x84ea, 0x84ec, 0x84ee, 0x84ef, 0x84f0, 0x84f1, 0x84f4, 0x84fa, 0x84fc, 0x84fd, 0x84ff,
    0x8500, 0x8506, 0x850c, 0x8511, 0x8513, 0x8514, 0x8515, 0x8517, 0x8518, 0x851a, 0x851b, 0x851e, 0x851f, 0x8521, 0x8523, 0x8524,
    0x8525, 0x8526, 0x852b, 0x852c, 0x852d, 0x852f, 0x8532, 0x8534, 0x8535, 0x853d, 0x853e, 0x8540, 0x8541, 0x8543, 0x8548, 0x8549,
    0x854a, 0x854b, 0x854e, 0x854f, 0x8551, 0x8553, 0x8555, 0x8557, 0x8558, 0x8559, 0x855a, 0x855e, 0x8561, 0x8562, 0x8563, 0x8564,
    0x8568, 0x8569, 0x856a, 0x856d, 0x856f, 0x8577, 0x857a, 0x857b, 0x857d, 0x857e, 0x857f, 0x8580, 0x8581, 0x8584, 0x8586, 0x8587,
    0x8588, 0x858a, 0x858c, 0x858f, 0x8590, 0x8591, 0x8593, 0x8594, 0x8597, 0x8599, 0x859b, 0x859c, 0x859d, 0x859f, 0x85a2, 0x85a4,
    0x85a6, 0x85a8, 0x85a9, 0x85aa, 0x85ab, 0x85ac, 0x85ad, 0x85ae, 0x85af, 0x85b0, 0x85b7, 0x85b9, 0x85ba, 0x85bc, 0x85c1, 0x85c7,
    0x85c9, 0x85ca, 0x85cb, 0x85cd, 0x85ce, 0x85cf, 0x85d0, 0x85d5, 0x85d8, 0x85d9, 0x85dc, 0x85dd, 0x85df, 0x85e1, 0x85e4, 0x85e5,
    0x85e6, 0x85e9, 0x85ea, 0x85ed, 0x85f6, 0x85f7, 0x85f9, 0x85fa, 0x85fb, 0x85fe, 0x85ff, 0x8600, 0x8602, 0x8604, 0x8605, 0x8606,
    0x8607, 0x860a, 0x860b, 0x8610, 0x8611, 0x8612, 0x8613, 0x8616, 0x8617, 0x8618, 0x861a, 0x861e, 0x8621, 0x8622, 0x8624, 0x8627,
    0x8629, 0x862d, 0x862f, 0x8630, 0x8638, 0x8639, 0x863c, 0x863f, 0x8640, 0x8641, 0x864d, 0x864e, 0x8650, 0x8653, 0x8654, 0x8655,
    0x8656, 0x8657, 0x865a, 0x865b, 0x865c, 0x865e, 0x865f, 0x8662, 0x8667, 0x866b, 0x866c, 0x866f, 0x8671, 0x8675, 0x8677, 0x8679,
    0x867a, 0x867b, 0x8687, 0x8689, 0x868a, 0x868b, 0x868c, 0x868d, 0x8691, 0x8693, 0x8695, 0x8698, 0x869c, 0x869d, 0x86a3, 0x86a4,
    0x86a8, 0x86a9, 0x86aa, 0x86ab, 0x86af, 0x86b0, 0x86b1, 0x86b3, 0x86b6, 0x86b8, 0x86c1, 0x86c3, 0x86c4, 0x86c6, 0x86c7, 0x86c9,
    0x86cb, 0x86cd, 0x86ce, 0x86d1, 0x86d4, 0x86d5, 0x86d7, 0x86d9, 0x86db, 0x86de, 0x86df, 0x86e3, 0x86e4, 0x86e6, 0x86e9, 0x86ec,
    0x86ed, 0x86ee, 0x86ef, 0x86f8, 0x86f9, 0x86fa, 0x86fb, 0x86fc, 0x86fd, 0x86fe, 0x8700, 0x8702, 0x8703, 0x8705, 0x8706, 0x8707,
    0x8708, 0x8709, 0x870a, 0x870b, 0x870d, 0x870e, 0x8710, 0x8711, 0x8712, 0x8713, 0x8718, 0x8719, 0x871a, 0x871c, 0x871f, 0x8721,
    0x8723, 0x8725, 0x8729, 0x8731, 0x8734, 0x8737, 0x873a, 0x873b, 0x873e, 0x873f, 0x8740, 0x8743, 0x8749, 0x874b, 0x874c, 0x874e,
    0x8751, 0x8753, 0x8755, 0x8757, 0x8758, 0x8759, 0x875f, 0x8760, 0x8763, 0x8764, 0x8765, 0x8766, 0x8768, 0x876a, 0x876e, 0x8771,
    0x8772, 0x8774, 0x8776, 0x8778, 0x877c, 0x877f, 0x8782, 0x8787, 0x8788, 0x8789, 0x878b, 0x878d, 0x8793, 0x879f, 0x87a0, 0x87a2,
    0x87a7, 0x87ab, 0x87ac, 0x87ad, 0x87af, 0x87b3, 0x87b5, 0x87ba, 0x87bb, 0x87bd, 0x87be, 0x87c0, 0x87c1, 0x87c4, 0x87c6, 0x87c7,
    0x87cb, 0x87ce, 0x87d0, 0x87d2, 0x87d6, 0x87df, 0x87e0, 0x87e3, 0x87e5, 0x87e6, 0x87ea, 0x87eb, 0x87ec, 0x87ed, 0x87ef, 0x87f2,
    0x87f5, 0x87f6, 0x87f7, 0x87f9, 0x87fb, 0x87fe, 0x8801, 0x8803, 0x8805, 0x8806, 0x880a, 0x880b, 0x880d, 0x880e, 0x880f, 0x8810,
    0x8811, 0x8813, 0x8814, 0x8815, 0x8816, 0x881f, 0x8821, 0x8822, 0x8823, 0x8827, 0x8828, 0x882e, 0x8831, 0x8832, 0x8836, 0x8839,
    0x883b, 0x883c, 0x8840, 0x8842, 0x8844, 0x8846, 0x884a, 0x884c, 0x884d, 0x8852, 0x8853, 0x8857, 0x8858, 0x8859, 0x885b, 0x885d,
    0x885e, 0x885f, 0x8861, 0x8862, 0x8863, 0x8864, 0x8868, 0x8869, 0x886b, 0x886f, 0x8870, 0x8872, 0x8875, 0x8877, 0x887d, 0x887e,
    0x887f, 0x8881, 0x8882, 0x8888, 0x888b, 0x888d, 0x8892, 0x8896, 0x8897, 0x8898, 0x8899, 0x889e, 0x88a0, 0x88a2, 0x88a4, 0x88aa,
    0x88ab, 0x88ae, 0x88b0, 0x88b1, 0x88b4, 0x88b5, 0x88b7, 0x88bc, 0x88bd, 0x88be, 0x88bf, 0x88c0, 0x88c1, 0x88c2, 0x88c3, 0x88c4,
    0x88c5, 0x88ca, 0x88ce, 0x88cf, 0x88d1, 0x88d2, 0x88d3, 0x88d4, 0x88d5, 0x88d8, 0x88d9, 0x88db, 0x88dc, 0x88dd, 0x88df, 0x88e1,
    0x88e8, 0x88f0, 0x88f1, 0x88f2, 0x88f3, 0x88f4, 0x88f5, 0x88f8, 0x88f9, 0x88fc, 0x88fd, 0x88fe, 0x8901, 0x8902, 0x8904, 0x8907,
    0x890a, 0x890c, 0x8910, 0x8912, 0x8913, 0x8918, 0x8919, 0x891a, 0x891c, 0x891d, 0x891e, 0x8925, 0x8927, 0x892a, 0x892b, 0x8930,
    0x8932, 0x8936, 0x8937, 0x8938, 0x8939, 0x893b, 0x8940, 0x8941, 0x8942, 0x8943, 0x8944, 0x8945, 0x8949, 0x894c, 0x894d, 0x8956,
    0x895e, 0x895f, 0x8960, 0x8962, 0x8964, 0x8966, 0x896a, 0x896d, 0x896f, 0x8972, 0x8974, 0x8977, 0x897e, 0x897f, 0x8980, 0x8981,
    0x8983, 0x8986, 0x8987, 0x8988, 0x8989, 0x898a, 0x898b, 0x898f, 0x8990, 0x8993, 0x8994, 0x8996, 0x8997, 0x8998, 0x899a, 0x899f,
    0x89a1, 0x89a6, 0x89a7, 0x89a9, 0x89aa, 0x89ac, 0x89af, 0x89b0, 0x89b2, 0x89b3, 0x89b7, 0x89ba, 0x89bd, 0x89bf, 0x89c0, 0x89d2,
    0x89d4, 0x89d6, 0x89d8, 0x89da, 0x89dc, 0x89dd, 0x89e3, 0x89e5, 0x89e6, 0x89e7, 0x89eb, 0x89f1, 0x89f3, 0x89f4, 0x89f6, 0x89f8,
    0x89fd, 0x89ff, 0x8a00, 0x8a02, 0x8a03, 0x8a08, 0x8a0a, 0x8a0c, 0x8a0e, 0x8a10, 0x8a11, 0x8a12, 0x8a13, 0x8a14, 0x8a15, 0x8a16,
    0x8a17, 0x8a18, 0x8a1b, 0x8a1d, 0x8a1f, 0x8a21, 0x8a22, 0x8a23, 0x8a25, 0x8a2a, 0x8a2d, 0x8a31, 0x8a33, 0x8a34, 0x8a35, 0x8a36,
    0x8a37, 0x8a3a, 0x8a3b, 0x8a3c, 0x8a3e, 0x8a41, 0x8a45, 0x8a46, 0x8a47, 0x8a48, 0x8a4d, 0x8a4e, 0x8a50, 0x8a51, 0x8a52, 0x8a54,
    0x8a55, 0x8a58, 0x8a5b, 0x8a5d, 0x8a5e, 0x8a60, 0x8a61, 0x8a62, 0x8a63, 0x8a66, 0x8a69, 0x8a6b, 0x8a6c, 0x8a6d, 0x8a6e, 0x8a70,
    0x8a71, 0x8a72, 0x8a73, 0x8a75, 0x8a79, 0x8a7c, 0x8a82, 0x8a84, 0x8a85, 0x8a87, 0x8a89, 0x8a8c, 0x8a8d, 0x8a90, 0x8a91, 0x8a93,
    0x8a95, 0x8a98, 0x8a9a, 0x8a9e, 0x8aa0, 0x8aa1, 0x8aa3, 0x8aa4, 0x8aa5, 0x8aa6, 0x8aa7, 0x8aa8, 0x8aac, 0x8aad, 0x8aae, 0x8ab0,
    0x8ab2, 0x8ab7, 0x8ab9, 0x8abc, 0x8abe, 0x8abf, 0x8ac2, 0x8ac4, 0x8ac7, 0x8acb, 0x8acc, 0x8acd, 0x8acf, 0x8ad0, 0x8ad2, 0x8ad6,
    0x8ad7, 0x8ada, 0x8adb, 0x8adc, 0x8ade, 0x8adf, 0x8ae0, 0x8ae1, 0x8ae2, 0x8ae4, 0x8ae6, 0x8ae7, 0x8aeb, 0x8aed, 0x8aee, 0x8af1,
    0x8af3, 0x8af4, 0x8af6, 0x8af7, 0x8af8, 0x8afa, 0x8afc, 0x8afe, 0x8b00, 0x8b01, 0x8b02, 0x8b04, 0x8b05, 0x8b07, 0x8b0a, 0x8b0c,
    0x8b0d, 0x8b0e, 0x8b10, 0x8b14, 0x8b16, 0x8b17, 0x8b19, 0x8b1a, 0x8b1b, 0x8b1c, 0x8b1d, 0x8b1f, 0x8b20, 0x8b21, 0x8b26, 0x8b28,
    0x8b2b, 0x8b2c, 0x8b2d, 0x8b33, 0x8b39, 0x8b3e, 0x8b41, 0x8b43, 0x8b46, 0x8b49, 0x8b4c, 0x8b4e, 0x8b4f, 0x8b51, 0x8b54, 0x8b56,
    0x8b58, 0x8b59, 0x8b5a, 0x8b5b, 0x8b5c, 0x8b5e, 0x8b5f, 0x8b66, 0x8b69, 0x8b6b, 0x8b6c, 0x8b6f, 0x8b70, 0x8b71, 0x8b72, 0x8b74,
    0x8b76, 0x8b77, 0x8b7d, 0x8b7f, 0x8b80, 0x8b81, 0x8b83, 0x8b8a, 0x8b8b, 0x8b8c, 0x8b8e, 0x8b90, 0x8b92, 0x8b93, 0x8b94, 0x8b95,
    0x8b96, 0x8b99, 0x8b9a, 0x8b9c, 0x8b9d, 0x8b9e, 0x8c37, 0x8c39, 0x8c3a, 0x8c3d, 0x8c3f, 0x8c41, 0x8c45, 0x8c46, 0x8c47, 0x8c48,
    0x8c49, 0x8c4a, 0x8c4c, 0x8c4e, 0x8c4f, 0x8c50, 0x8c54, 0x8c55, 0x8c57, 0x8c5a, 0x8c61, 0x8c62, 0x8c68, 0x8c69, 0x8c6a, 0x8c6b,
    0x8c6c, 0x8c6d, 0x8c73, 0x8c78, 0x8c79, 0x8c7a, 0x8c7c, 0x8c82, 0x8c85, 0x8c89, 0x8c8a, 0x8c8c, 0x8c8d, 0x8c8e, 0x8c92, 0x8c93,
    0x8c94, 0x8c98, 0x8c99, 0x8c9b, 0x8c9d, 0x8c9e, 0x8ca0, 0x8ca1, 0x8ca2, 0x8ca4, 0x8ca7, 0x8ca8, 0x8ca9, 0x8caa, 0x8cab, 0x8cac,
    0x8cad, 0x8cae, 0x8caf, 0x8cb0, 0x8cb2, 0x8cb3, 0x8cb4, 0x8cb6, 0x8cb7, 0x8cb8, 0x8cbb, 0x8cbc, 0x8cbd, 0x8cbf, 0x8cc0, 0x8cc1,
    0x8cc2, 0x8cc3, 0x8cc4, 0x8cc7, 0x8cc8, 0x8cca, 0x8ccd, 0x8cce, 0x8cd1, 0x8cd3, 0x8cd5, 0x8cd6, 0x8cd9, 0x8cda, 0x8cdb, 0x8cdc,
    0x8cde, 0x8ce0, 0x8ce1, 0x8ce2, 0x8ce3, 0x8ce4, 0x8ce6, 0x8cea, 0x8ced, 0x8cf0, 0x8cf1, 0x8cf4, 0x8cf8, 0x8cfa, 0x8cfb, 0x8cfc,
    0x8cfd, 0x8cfe, 0x8d04, 0x8d05, 0x8d07, 0x8d08, 0x8d09, 0x8d0a, 0x8d0b, 0x8d0d, 0x8d0e, 0x8d0f, 0x8d10, 0x8d12, 0x8d13, 0x8d14,
    0x8d16, 0x8d1b, 0x8d64, 0x8d66, 0x8d67, 0x8d6b, 0x8d6c, 0x8d6d, 0x8d70, 0x8d71, 0x8d73, 0x8d74, 0x8d77, 0x8d81, 0x8d84, 0x8d85,
    0x8d8a, 0x8d95, 0x8d99, 0x8da3, 0x8da6, 0x8da8, 0x8daf, 0x8db3, 0x8dba, 0x8dbe, 0x8dc2, 0x8dc6, 0x8dc8, 0x8dcb, 0x8dcc, 0x8dce,
    0x8dcf, 0x8dd1, 0x8dd6, 0x8dd7, 0x8dd9, 0x8dda, 0x8ddb, 0x8ddd, 0x8ddf, 0x8de1, 0x8de3, 0x8de8, 0x8dea, 0x8deb, 0x8dec, 0x8def,
    0x8df3, 0x8df5, 0x8dfc, 0x8dfd, 0x8dff, 0x8e06, 0x8e08, 0x8e09, 0x8e0a, 0x8e0c, 0x8e0f, 0x8e10, 0x8e14, 0x8e16, 0x8e1d, 0x8e1e,
    0x8e1f, 0x8e20, 0x8e21, 0x8e22, 0x8e23, 0x8e27, 0x8e2a, 0x8e30, 0x8e34, 0x8e35, 0x8e36, 0x8e39, 0x8e3d, 0x8e42, 0x8e44, 0x8e47,
    0x8e48, 0x8e49, 0x8e4a, 0x8e4b, 0x8e4c, 0x8e50, 0x8e54, 0x8e55, 0x8e59, 0x8e5f, 0x8e60, 0x8e62, 0x8e63, 0x8e64, 0x8e6c, 0x8e6d,
    0x8e6f, 0x8e70, 0x8e72, 0x8e74, 0x8e76, 0x8e7b, 0x8e7c, 0x8e81, 0x8e84, 0x8e85, 0x8e87, 0x8e8a, 0x8e8b, 0x8e8d, 0x8e91, 0x8e93,
    0x8e94, 0x8e98, 0x8e99, 0x8e9e, 0x8ea1, 0x8eaa, 0x8eab, 0x8eac, 0x8eae, 0x8eaf, 0x8eb0, 0x8eb1, 0x8eb3, 0x8eb5, 0x8eb6, 0x8ebb,
    0x8ebe, 0x8ec0, 0x8ec5, 0x8ec6, 0x8ec8, 0x8eca, 0x8ecb, 0x8ecc, 0x8ecd, 0x8ed1, 0x8ed2, 0x8ed4, 0x8edb, 0x8edf, 0x8ee2, 0x8ee3,
    0x8eeb, 0x8ef8, 0x8ef9, 0x8efa, 0x8efb, 0x8efc, 0x8efd, 0x8efe, 0x8f00, 0x8f03, 0x8f05, 0x8f08, 0x8f09, 0x8f0a, 0x8f0c, 0x8f12,
    0x8f13, 0x8f14, 0x8f15, 0x8f17, 0x8f19, 0x8f1b, 0x8f1c, 0x8f1d, 0x8f1e, 0x8f1f, 0x8f26, 0x8f29, 0x8f2a, 0x8f2b, 0x8f2d, 0x8f2f,
    0x8f33, 0x8f36, 0x8f38, 0x8f39, 0x8f3b, 0x8f3e, 0x8f3f, 0x8f40, 0x8f42, 0x8f44, 0x8f45, 0x8f46, 0x8f49, 0x8f4a, 0x8f4c, 0x8f4d,
    0x8f4e, 0x8f54, 0x8f57, 0x8f58, 0x8f5c, 0x8f5f, 0x8f61, 0x8f62, 0x8f63, 0x8f64, 0x8f9b, 0x8f9c, 0x8f9e, 0x8f9f, 0x8fa3, 0x8fa4,
    0x8fa6, 0x8fa7, 0x8fa8, 0x8fad, 0x8fae, 0x8faf, 0x8fb0, 0x8fb1, 0x8fb2, 0x8fb4, 0x8fb5, 0x8fb6, 0x8fb7, 0x8fba, 0x8fbb, 0x8fbc,
    0x8fbf, 0x8fc1, 0x8fc2, 0x8fc4, 0x8fc5, 0x8fc6, 0x8fca, 0x8fcd, 0x8fce, 0x8fd1, 0x8fd3, 0x8fd4, 0x8fd5, 0x8fda, 0x8fe0, 0x8fe2,
    0x8fe4, 0x8fe5, 0x8fe6, 0x8fe8, 0x8fe9, 0x8fea, 0x8feb, 0x8fed, 0x8fee, 0x8fef, 0x8ff0, 0x8ff1, 0x8ff4, 0x8ff5, 0x8ff7, 0x8ff8,
    0x8ff9, 0x8ffa, 0x8ffb, 0x8ffd, 0x9000, 0x9001, 0x9002, 0x9003, 0x9005, 0x9006, 0x9008, 0x900b, 0x900c, 0x900d, 0x900e, 0x900f,
    0x9010, 0x9011, 0x9013, 0x9014, 0x9015, 0x9016, 0x9017, 0x9019, 0x901a, 0x901d, 0x901e, 0x901f, 0x9020, 0x9021, 0x9022, 0x9023,
    0x9027, 0x902d, 0x902e, 0x9031, 0x9032, 0x9035, 0x9036, 0x9037, 0x9038, 0x9039, 0x903c, 0x903e, 0x9041, 0x9042, 0x9043, 0x9044,
    0x9045, 0x9047, 0x9049, 0x904a, 0x904b, 0x904d, 0x904e, 0x904f, 0x9050, 0x9051, 0x9052, 0x9053, 0x9054, 0x9055, 0x9056, 0x9058,
    0x9059, 0x905c, 0x905d, 0x905e, 0x9060, 0x9061, 0x9063, 0x9065, 0x9068, 0x9069, 0x906d, 0x906e, 0x906f, 0x9072, 0x9075, 0x9076,
    0x9077, 0x9078, 0x907a, 0x907c, 0x907d, 0x907f, 0x9080, 0x9081, 0x9082, 0x9083, 0x9084, 0x9085, 0x9087, 0x9088, 0x9089, 0x908a,
    0x908c, 0x908f, 0x9090, 0x9091, 0x9095, 0x9097, 0x9099, 0x909b, 0x90a1, 0x90a2, 0x90a3, 0x90a6, 0x90a8, 0x90aa, 0x90af, 0x90b0,
    0x90b1, 0x90b3, 0x90b5, 0x90b6, 0x90b8, 0x90be, 0x90c1, 0x90c3, 0x90c4, 0x90c5, 0x90c7, 0x90c8, 0x90ca, 0x90ce, 0x90d7, 0x90db,
    0x90dc, 0x90dd, 0x90de, 0x90df, 0x90e1, 0x90e2, 0x90e4, 0x90e8, 0x90eb, 0x90ed, 0x90ef, 0x90f2, 0x90f4, 0x90f5, 0x90f6, 0x90f7,
    0x90fd, 0x90fe, 0x90ff, 0x9100, 0x9102, 0x9104, 0x9106, 0x9112, 0x9114, 0x9115, 0x9116, 0x9118, 0x9119, 0x911c, 0x911e, 0x9122,
    0x9123, 0x9127, 0x912d, 0x912f, 0x9130, 0x9131, 0x9132, 0x9134, 0x9137, 0x9139, 0x913a, 0x913d, 0x9146, 0x9147, 0x9148, 0x9149,
    0x914a, 0x914b, 0x914c, 0x914d, 0x914e, 0x9152, 0x9154, 0x9156, 0x9157, 0x9158, 0x9159, 0x915b, 0x9161, 0x9162, 0x9163, 0x9164,
    0x9165, 0x9169, 0x916a, 0x916c, 0x9172, 0x9173, 0x9174, 0x9175, 0x9177, 0x9178, 0x9179, 0x9182, 0x9183, 0x9185, 0x9187, 0x9189,
    0x918b, 0x918d, 0x918e, 0x9190, 0x9192, 0x9197, 0x919c, 0x919e, 0x91a2, 0x91a4, 0x91a8, 0x91aa, 0x91ab, 0x91ac, 0x91ae, 0x91af,
    0x91b1, 0x91b3, 0x91b4, 0x91b5, 0x91b6, 0x91b8, 0x91ba, 0x91bc, 0x91c0, 0x91c1, 0x91c3, 0x91c4, 0x91c6, 0x91c7, 0x91c8, 0x91c9,
    0x91cb, 0x91cc, 0x91cd, 0x91ce, 0x91cf, 0x91d0, 0x91d1, 0x91d6, 0x91d7, 0x91d8, 0x91da, 0x91db, 0x91dc, 0x91dd, 0x91df, 0x91e1,
    0x91e3, 0x91e4, 0x91e5, 0x91e6, 0x91e7, 0x91ec, 0x91ed, 0x91ee, 0x91f1, 0x91f5, 0x91f6, 0x91fb, 0x91fc, 0x91ff, 0x9201, 0x9207,
    0x920a, 0x920d, 0x920e, 0x9210, 0x9211, 0x9214, 0x9215, 0x9216, 0x9217, 0x921e, 0x9229, 0x922c, 0x9233, 0x9234, 0x9237, 0x9238,
    0x9239, 0x923a, 0x923c, 0x923f, 0x9240, 0x9242, 0x9243, 0x9244, 0x9245, 0x9247, 0x9248, 0x9249, 0x924a, 0x924b, 0x924e, 0x924f,
    0x9250, 0x9251, 0x9256, 0x9257, 0x9259, 0x925a, 0x925b, 0x925e, 0x9260, 0x9261, 0x9262, 0x9264, 0x9265, 0x9266, 0x9267, 0x9268,
    0x9271, 0x9278, 0x927c, 0x927d, 0x927e, 0x927f, 0x9280, 0x9283, 0x9285, 0x9288, 0x9289, 0x928d, 0x9291, 0x9293, 0x9295, 0x9296,
    0x9297, 0x9298, 0x9299, 0x929a, 0x929b, 0x929c, 0x929f, 0x92a7, 0x92ab, 0x92ad, 0x92b2, 0x92b7, 0x92b9, 0x92bf, 0x92c0, 0x92c2,
    0x92c6, 0x92cb, 0x92cc, 0x92ce, 0x92cf, 0x92d0, 0x92d2, 0x92d3, 0x92d7, 0x92d9, 0x92e0, 0x92e4, 0x92e5, 0x92e7, 0x92e9, 0x92ea,
    0x92ed, 0x92f2, 0x92f3, 0x92f7, 0x92f8, 0x92f9, 0x92fa, 0x92fb, 0x92fc, 0x92ff, 0x9302, 0x9304, 0x9306, 0x930d, 0x930f, 0x9310,
    0x9311, 0x9315, 0x9318, 0x9319, 0x931a, 0x931d, 0x931e, 0x931f, 0x9320, 0x9321, 0x9322, 0x9323, 0x9325, 0x9326, 0x9327, 0x9328,
    0x9329, 0x932b, 0x932c, 0x932e, 0x932f, 0x9332, 0x9335, 0x933a, 0x933b, 0x9344, 0x9347, 0x9348, 0x9349, 0x934a, 0x934b, 0x934d,
    0x9351, 0x9354, 0x9356, 0x9357, 0x935a, 0x935b, 0x935c, 0x9360, 0x9364, 0x9365, 0x936a, 0x936b, 0x936c, 0x936e, 0x9370, 0x9371,
    0x9373, 0x9375, 0x937c, 0x937e, 0x9388, 0x938b, 0x938c, 0x938f, 0x9394, 0x9396, 0x9397, 0x939a, 0x939b, 0x939e, 0x93a1, 0x93a3,
    0x93a7, 0x93ac, 0x93ad, 0x93ae, 0x93b0, 0x93b9, 0x93ba, 0x93c1, 0x93c3, 0x93c6, 0x93c7, 0x93c8, 0x93d0, 0x93d1, 0x93d6, 0x93d7,
    0x93d8, 0x93dc, 0x93dd, 0x93de, 0x93df, 0x93e1, 0x93e2, 0x93e4, 0x93e5, 0x93e7, 0x93e8, 0x93f1, 0x93f5, 0x93fb, 0x93fd, 0x9403,
    0x9404, 0x9407, 0x9409, 0x940f, 0x9410, 0x9413, 0x9414, 0x9416, 0x9417, 0x9418, 0x9419, 0x941a, 0x9421, 0x942b, 0x9432, 0x9433,
    0x9434, 0x9435, 0x9436, 0x9438, 0x943a, 0x943b, 0x9441, 0x9444, 0x9445, 0x944a, 0x9451, 0x9452, 0x9453, 0x945a, 0x945b, 0x945e,
    0x9460, 0x9462, 0x9463, 0x946a, 0x946b, 0x946d, 0x946f, 0x9470, 0x9471, 0x9472, 0x9475, 0x9477, 0x947c, 0x947d, 0x947e, 0x947f,
    0x9481, 0x9577, 0x9578, 0x9579, 0x9580, 0x9582, 0x9583, 0x9586, 0x9587, 0x9589, 0x958a, 0x958b, 0x958c, 0x958d, 0x958e, 0x958f,
    0x9591, 0x9593, 0x9594, 0x9596, 0x9598, 0x9599, 0x959f, 0x95a0, 0x95a2, 0x95a3, 0x95a4, 0x95a5, 0x95a6, 0x95a7, 0x95a8, 0x95a9,
    0x95ab, 0x95ac, 0x95ad, 0x95b2, 0x95b4, 0x95b6, 0x95b9, 0x95bb, 0x95bc, 0x95bd, 0x95be, 0x95c3, 0x95c7, 0x95c8, 0x95ca, 0x95cb,
    0x95cc, 0x95cd, 0x95d0, 0x95d3, 0x95d4, 0x95d5, 0x95d6, 0x95d8, 0x95da, 0x95dc, 0x95de, 0x95e1, 0x95e2, 0x95e5, 0x961c, 0x961d,
    0x9621, 0x9628, 0x962a, 0x962c, 0x962e, 0x962f, 0x9632, 0x9633, 0x9634, 0x963b, 0x963c, 0x963f, 0x9640, 0x9641, 0x9642, 0x9644,
    0x964b, 0x964c, 0x964d, 0x964f, 0x9650, 0x9658, 0x965b, 0x965c, 0x965d, 0x965e, 0x965f, 0x9661, 0x9662, 0x9663, 0x9664, 0x9665,
    0x9666, 0x966a, 0x966c, 0x9670, 0x9672, 0x9673, 0x9675, 0x9676, 0x9677, 0x9678, 0x967a, 0x967d, 0x9682, 0x9684, 0x9685, 0x9686,
    0x9688, 0x968a, 0x968b, 0x968d, 0x968e, 0x968f, 0x9694, 0x9695, 0x9697, 0x9698, 0x9699, 0x969a, 0x969b, 0x969c, 0x969d, 0x96a0,
    0x96a3, 0x96a4, 0x96a5, 0x96a7, 0x96a8, 0x96a9, 0x96aa, 0x96af, 0x96b0, 0x96b1, 0x96b2, 0x96b3, 0x96b4, 0x96b6, 0x96b7, 0x96b8,
    0x96b9, 0x96ba, 0x96bb, 0x96bc, 0x96bd, 0x96c0, 0x96c1, 0x96c4, 0x96c5, 0x96c6, 0x96c7, 0x96c9, 0x96cb, 0x96cc, 0x96cd, 0x96ce,
    0x96d1, 0x96d2, 0x96d5, 0x96d6, 0x96d8, 0x96d9, 0x96da, 0x96db, 0x96dc, 0x96dd, 0x96de, 0x96e2, 0x96e3, 0x96e8, 0x96e9, 0x96ea,
    0x96eb, 0x96ef, 0x96f0, 0x96f2, 0x96f6, 0x96f7, 0x96f9, 0x96fb, 0x9700, 0x9704, 0x9706, 0x9707, 0x9708, 0x970a, 0x970d, 0x970e,
    0x970f, 0x9711, 0x9713, 0x9714, 0x9716, 0x9719, 0x971c, 0x971e, 0x9723, 0x9724, 0x9727, 0x972a, 0x9730, 0x9732, 0x9733, 0x9736,
    0x9738, 0x9739, 0x973b, 0x973d, 0x973e, 0x9741, 0x9742, 0x9744, 0x9746, 0x9747, 0x9748, 0x9749, 0x974d, 0x974e, 0x974f, 0x9752,
    0x9755, 0x9756, 0x9757, 0x9759, 0x975a, 0x975b, 0x975c, 0x975e, 0x9760, 0x9761, 0x9762, 0x9764, 0x9766, 0x9768, 0x9769, 0x976a,
    0x976b, 0x976d, 0x976e, 0x9771, 0x9773, 0x9774, 0x9779, 0x977a, 0x977c, 0x9781, 0x9784, 0x9785, 0x9786, 0x978b, 0x978d, 0x978f,
    0x9790, 0x9795, 0x9796, 0x9798, 0x979a, 0x979c, 0x979e, 0x97a0, 0x97a2, 0x97a3, 0x97a6, 0x97a8, 0x97ab, 0x97ad, 0x97ae, 0x97b1,
    0x97b2, 0x97b3, 0x97b4, 0x97ba, 0x97be, 0x97c1, 0x97c3, 0x97c6, 0x97c8, 0x97c9, 0x97cb, 0x97cc, 0x97d1, 0x97d3, 0x97d4, 0x97d8,
    0x97d9, 0x97db, 0x97dc, 0x97de, 0x97e1, 0x97ed, 0x97ee, 0x97f1, 0x97f2, 0x97f3, 0x97f4, 0x97f5, 0x97f6, 0x97fb, 0x97ff, 0x9801,
    0x9802, 0x9803, 0x9804, 0x9805, 0x9806, 0x9808, 0x980a, 0x980c, 0x980d, 0x980e, 0x980f, 0x9810, 0x9811, 0x9812, 0x9813, 0x9814,
    0x9816, 0x9817, 0x9818, 0x981a, 0x981e, 0x9821, 0x9823, 0x9824, 0x9825, 0x982b, 0x982c, 0x982d, 0x9830, 0x9832, 0x9833, 0x9834,
    0x9837, 0x9838, 0x983b, 0x983c, 0x983d, 0x9846, 0x9847, 0x984b, 0x984c, 0x984d, 0x984e, 0x984f, 0x9852, 0x9853, 0x9854, 0x9855,
    0x9856, 0x9857, 0x9858, 0x9859, 0x985a, 0x985b, 0x985e, 0x9865, 0x9866, 0x9867, 0x986b, 0x986c, 0x986f, 0x9870, 0x9871, 0x9873,
    0x9874, 0x98a8, 0x98aa, 0x98ab, 0x98ad, 0x98af, 0x98b0, 0x98b1, 0x98b6, 0x98b7, 0x98b8, 0x98ba, 0x98bb, 0x98bc, 0x98bf, 0x98c2,
    0x98c3, 0x98c4, 0x98c6, 0x98c7, 0x98c8, 0x98cb, 0x98db, 0x98dc, 0x98df, 0x98e0, 0x98e1, 0x98e2, 0x98e3, 0x98e5, 0x98e7, 0x98e9,
    0x98ea, 0x98eb, 0x98ed, 0x98ee, 0x98ef, 0x98f0, 0x98f1, 0x98f2, 0x98f3, 0x98f4, 0x98fc, 0x98fd, 0x98fe, 0x9903, 0x9905, 0x9908,
    0x9909, 0x990a, 0x990c, 0x9910, 0x9912, 0x9913, 0x9914, 0x9916, 0x9917, 0x9918, 0x991a, 0x991b, 0x991c, 0x991d, 0x991e, 0x9920,
    0x9921, 0x9924, 0x9928, 0x992c, 0x992e, 0x9931, 0x9932, 0x9933, 0x993a, 0x993b, 0x993c, 0x993d, 0x993e, 0x9940, 0x9941, 0x9942,
    0x9945, 0x9946, 0x9949, 0x994b, 0x994c, 0x994d, 0x994e, 0x9950, 0x9951, 0x9952, 0x9955, 0x9957, 0x9958, 0x995c, 0x995f, 0x9960,
    0x9996, 0x9997, 0x9998, 0x9999, 0x999e, 0x99a3, 0x99a5, 0x99a6, 0x99a8, 0x99ac, 0x99ad, 0x99ae, 0x99b3, 0x99b4, 0x99b9, 0x99bc,
    0x99bd, 0x99bf, 0x99c1, 0x99c3, 0x99c4, 0x99c5, 0x99c6, 0x99c8, 0x99c9, 0x99d0, 0x99d1, 0x99d2, 0x99d4, 0x99d5, 0x99d8, 0x99d9,
    0x99db, 0x99dd, 0x99de, 0x99df, 0x99e2, 0x99ed, 0x99ee, 0x99f0, 0x99f1, 0x99f2, 0x99f8, 0x99f9, 0x99fb, 0x99fc, 0x99ff, 0x9a01,
    0x9a02, 0x9a03, 0x9a05, 0x9a0a, 0x9a0e, 0x9a0f, 0x9a11, 0x9a12, 0x9a13, 0x9a16, 0x9a19, 0x9a1a, 0x9a20, 0x9a24, 0x9a28, 0x9a2b,
    0x9a2d, 0x9a2e, 0x9a30, 0x9a31, 0x9a36, 0x9a37, 0x9a38, 0x9a3e, 0x9a40, 0x9a42, 0x9a43, 0x9a44, 0x9a45, 0x9a4a, 0x9a4c, 0x9a4d,
    0x9a4e, 0x9a52, 0x9a55, 0x9a57, 0x9a58, 0x9a5a, 0x9a5b, 0x9a5f, 0x9a62, 0x9a64, 0x9a65, 0x9a69, 0x9a6a, 0x9a6b, 0x9aa8, 0x9aad,
    0x9aaf, 0x9ab0, 0x9ab6, 0x9ab7, 0x9ab8, 0x9ab9, 0x9abc, 0x9ac0, 0x9ac1, 0x9ac3, 0x9ac4, 0x9ac6, 0x9ace, 0x9acf, 0x9ad0, 0x9ad1,
    0x9ad2, 0x9ad3, 0x9ad4, 0x9ad5, 0x9ad6, 0x9ad8, 0x9adc, 0x9ade, 0x9adf, 0x9ae0, 0x9ae2, 0x9ae3, 0x9ae5, 0x9ae6, 0x9ae9, 0x9aea,
    0x9aeb, 0x9aed, 0x9aee, 0x9aef, 0x9af1, 0x9af4, 0x9af7, 0x9af9, 0x9afb, 0x9b02, 0x9b03, 0x9b06, 0x9b08, 0x9b0c, 0x9b10, 0x9b12,
    0x9b16, 0x9b18, 0x9b1a, 0x9b1c, 0x9b1f, 0x9b20, 0x9b22, 0x9b23, 0x9b25, 0x9b27, 0x9b28, 0x9b29, 0x9b2a, 0x9b2b, 0x9b2d, 0x9b2e,
    0x9b2f, 0x9b31, 0x9b32, 0x9b33, 0x9b3b, 0x9b3c, 0x9b3d, 0x9b41, 0x9b42, 0x9b43, 0x9b44, 0x9b45, 0x9b4b, 0x9b4d, 0x9b4e, 0x9b4f,
    0x9b51, 0x9b54, 0x9b58, 0x9b5a, 0x9b5e, 0x9b63, 0x9b65, 0x9b66, 0x9b6b, 0x9b6c, 0x9b6f, 0x9b72, 0x9b73, 0x9b74, 0x9b75, 0x9b76,
    0x9b77, 0x9b79, 0x9b83, 0x9b84, 0x9b8a, 0x9b8e, 0x9b8f, 0x9b91, 0x9b92, 0x9b93, 0x9b96, 0x9b97, 0x9b9e, 0x9b9f, 0x9ba0, 0x9ba6,
    0x9ba7, 0x9ba8, 0x9baa, 0x9bab, 0x9bac, 0x9bad, 0x9bae, 0x9bb1, 0x9bb2, 0x9bb4, 0x9bb8, 0x9bb9, 0x9bbe, 0x9bc0, 0x9bc1, 0x9bc6,
    0x9bc7, 0x9bc9, 0x9bca, 0x9bce, 0x9bcf, 0x9bd1, 0x9bd2, 0x9bd4, 0x9bd6, 0x9bd8, 0x9bdb, 0x9bdd, 0x9be1, 0x9be2, 0x9be3, 0x9be4,
    0x9be5, 0x9be7, 0x9be8, 0x9bea, 0x9beb, 0x9bee, 0x9bef, 0x9bf0, 0x9bf1, 0x9bf2, 0x9bf3, 0x9bf5, 0x9bf7, 0x9bf8, 0x9bfa, 0x9bfd,
    0x9c00, 0x9c04, 0x9c06, 0x9c08, 0x9c09, 0x9c0a, 0x9c0c, 0x9c0d, 0x9c10, 0x9c12, 0x9c13, 0x9c14, 0x9c15, 0x9c16, 0x9c18, 0x9c19,
    0x9c1a, 0x9c1b, 0x9c1d, 0x9c21, 0x9c22, 0x9c23, 0x9c24, 0x9c25, 0x9c27, 0x9c29, 0x9c2a, 0x9c2d, 0x9c2e, 0x9c2f, 0x9c30, 0x9c31,
    0x9c32, 0x9c36, 0x9c37, 0x9c39, 0x9c3a, 0x9c3b, 0x9c3e, 0x9c41, 0x9c45, 0x9c46, 0x9c47, 0x9c48, 0x9c49, 0x9c4a, 0x9c4f, 0x9c50,
    0x9c52, 0x9c53, 0x9c54, 0x9c57, 0x9c58, 0x9c5a, 0x9c5b, 0x9c5c, 0x9c5d, 0x9c5f, 0x9c60, 0x9c63, 0x9c65, 0x9c67, 0x9c69, 0x9c6a,
    0x9c6b, 0x9c6d, 0x9c6e, 0x9c70, 0x9c72, 0x9c75, 0x9c76, 0x9c77, 0x9c78, 0x9c7a, 0x9ce5, 0x9ce6, 0x9ce7, 0x9ce9, 0x9ceb, 0x9cec,
    0x9cf0, 0x9cf2, 0x9cf3, 0x9cf4, 0x9cf6, 0x9d02, 0x9d03, 0x9d06, 0x9d07, 0x9d08, 0x9d09, 0x9d0b, 0x9d0e, 0x9d11, 0x9d12, 0x9d15,
    0x9d17, 0x9d18, 0x9d1b, 0x9d1d, 0x9d1e, 0x9d1f, 0x9d23, 0x9d26, 0x9d28, 0x9d2a, 0x9d2b, 0x9d2c, 0x9d32, 0x9d3b, 0x9d3e, 0x9d3f,
    0x9d41, 0x9d42, 0x9d43, 0x9d44, 0x9d46, 0x9d47, 0x9d48, 0x9d4a, 0x9d50, 0x9d51, 0x9d52, 0x9d59, 0x9d5c, 0x9d5d, 0x9d5e, 0x9d5f,
    0x9d60, 0x9d61, 0x9d62, 0x9d63, 0x9d64, 0x9d69, 0x9d6b, 0x9d6c, 0x9d6f, 0x9d70, 0x9d72, 0x9d73, 0x9d76, 0x9d77, 0x9d7a, 0x9d7c,
    0x9d7e, 0x9d84, 0x9d87, 0x9d89, 0x9d8a, 0x9d8d, 0x9d8f, 0x9d96, 0x9d99, 0x9d9a, 0x9da1, 0x9da4, 0x9da9, 0x9dab, 0x9dac, 0x9daf,
    0x9db2, 0x9db4, 0x9db5, 0x9db8, 0x9db9, 0x9dba, 0x9dbb, 0x9dbc, 0x9dbd, 0x9dbf, 0x9dc0, 0x9dc1, 0x9dc2, 0x9dc3, 0x9dc4, 0x9dc6,
    0x9dc7, 0x9dc9, 0x9dcf, 0x9dd3, 0x9dd6, 0x9dd7, 0x9dd9, 0x9dda, 0x9ddf, 0x9de0, 0x9de3, 0x9de6, 0x9de7, 0x9ded, 0x9def, 0x9df2,
    0x9df4, 0x9df8, 0x9df9, 0x9dfa, 0x9dfd, 0x9e02, 0x9e07, 0x9e0a, 0x9e0d, 0x9e15, 0x9e19, 0x9e1a, 0x9e1b, 0x9e1c, 0x9e1d, 0x9e1e,
    0x9e75, 0x9e78, 0x9e79, 0x9e7b, 0x9e7c, 0x9e7d, 0x9e7f, 0x9e80, 0x9e81, 0x9e85, 0x9e88, 0x9e8b, 0x9e8c, 0x9e91, 0x9e92, 0x9e93,
    0x9e95, 0x9e97, 0x9e9b, 0x9e9d, 0x9e9e, 0x9e9f, 0x9ea4, 0x9ea5, 0x9ea6, 0x9ea8, 0x9ea9, 0x9eaa, 0x9eac, 0x9ead, 0x9eaf, 0x9eb4,
    0x9eb5, 0x9eb8, 0x9eb9, 0x9eba, 0x9ebb, 0x9ebc, 0x9ebd, 0x9ebe, 0x9ebf, 0x9ec3, 0x9ec4, 0x9ecc, 0x9ecd, 0x9ece, 0x9ecf, 0x9ed0,
    0x9ed1, 0x9ed2, 0x9ed4, 0x9ed8, 0x9ed9, 0x9edb, 0x9edc, 0x9edd, 0x9ede, 0x9edf, 0x9ee0, 0x9ee5, 0x9ee7, 0x9ee8, 0x9eee, 0x9eef,
    0x9ef4, 0x9ef6, 0x9ef7, 0x9ef9, 0x9efb, 0x9efc, 0x9efd, 0x9eff, 0x9f02, 0x9f03, 0x9f07, 0x9f08, 0x9f0e, 0x9f10, 0x9f13, 0x9f15,
    0x9f17, 0x9f19, 0x9f20, 0x9f21, 0x9f2c, 0x9f2f, 0x9f37, 0x9f39, 0x9f3a, 0x9f3b, 0x9f3d, 0x9f3e, 0x9f41, 0x9f45, 0x9f46, 0x9f4a,
    0x9f4b, 0x9f4e, 0x9f4f, 0x9f52, 0x9f53, 0x9f54, 0x9f55, 0x9f57, 0x9f58, 0x9f5d, 0x9f5f, 0x9f60, 0x9f61, 0x9f62, 0x9f63, 0x9f66,
    0x9f67, 0x9f69, 0x9f6a, 0x9f6c, 0x9f6d, 0x9f70, 0x9f72, 0x9f75, 0x9f76, 0x9f77, 0x9f8d, 0x9f90, 0x9f94, 0x9f95, 0x9f97, 0x9f9c,
    0x9f9d, 0x9fa0, 0x9fa2, 0xf91d, 0xf928, 0xf929, 0xf936, 0xf970, 0xf9d0, 0xf9dc, 0xfa0f, 0xfa10, 0xfa11, 0xfa13, 0xfa14, 0xfa15,
    0xfa16, 0xfa19, 0xfa1a, 0xfa1b, 0xfa1f, 0xfa20, 0xfa21, 0xfa22, 0xfa24, 0xfa26, 0xfa30, 0xfa31, 0xfa32, 0xfa33, 0xfa34, 0xfa35,
    0xfa36, 0xfa37, 0xfa38, 0xfa39, 0xfa3a, 0xfa3b, 0xfa3c, 0xfa3d, 0xfa3e, 0xfa3f, 0xfa40, 0xfa41, 0xfa42, 0xfa43, 0xfa44, 0xfa45,
    0xfa46, 0xfa47, 0xfa48, 0xfa49, 0xfa4a, 0xfa4b, 0xfa4c, 0xfa4d, 0xfa4e, 0xfa4f, 0xfa50, 0xfa51, 0xfa52, 0xfa53, 0xfa54, 0xfa55,
    0xfa56, 0xfa57, 0xfa58, 0xfa59, 0xfa5a, 0xfa5b, 0xfa5c, 0xfa5d, 0xfa5e, 0xfa5f, 0xfa60, 0xfa61, 0xfa62, 0xfa63, 0xfa64, 0xfa65,
    0xfa66, 0xfa67, 0xfa68, 0xfa69, 0xfa6a, 0xfe45, 0xfe46, 0xff01, 0xff02, 0xff03, 0xff04, 0xff05, 0xff06, 0xff07, 0xff08, 0xff09,
    0xff0a, 0xff0b, 0xff0c, 0xff0d, 0xff0e, 0xff0f, 0xff10, 0xff11, 0xff12, 0xff13, 0xff14, 0xff15, 0xff16, 0xff17, 0xff18, 0xff19,
    0xff1a, 0xff1b, 0xff1c, 0xff1d, 0xff1e, 0xff1f, 0xff20, 0xff21, 0xff22, 0xff23, 0xff24, 0xff25, 0xff26, 0xff27, 0xff28, 0xff29,
    0xff2a, 0xff2b, 0xff2c, 0xff2d, 0xff2e, 0xff2f, 0xff30, 0xff31, 0xff32, 0xff33, 0xff34, 0xff35, 0xff36, 0xff37, 0xff38, 0xff39,
    0xff3a, 0xff3b, 0xff3c, 0xff3d, 0xff3e, 0xff3f, 0xff40, 0xff41, 0xff42, 0xff43, 0xff44, 0xff45, 0xff46, 0xff47, 0xff48, 0xff49,
    0xff4a, 0xff4b, 0xff4c, 0xff4d, 0xff4e, 0xff4f, 0xff50, 0xff51, 0xff52, 0xff53, 0xff54, 0xff55, 0xff56, 0xff57, 0xff58, 0xff59,
    0xff5a, 0xff5b, 0xff5c, 0xff5d, 0xff5e, 0xff5f, 0xff60, 0xff61, 0xff62, 0xff63, 0xff64, 0xff65, 0xff66, 0xff67, 0xff68, 0xff69,
    0xff6a, 0xff6b, 0xff6c, 0xff6d, 0xff6e, 0xff6f, 0xff70, 0xff71, 0xff72, 0xff73, 0xff74, 0xff75, 0xff76, 0xff77, 0xff78, 0xff79,
    0xff7a, 0xff7b, 0xff7c, 0xff7d, 0xff7e, 0xff7f, 0xff80, 0xff81, 0xff82, 0xff83, 0xff84, 0xff85, 0xff86, 0xff87, 0xff88, 0xff89,
    0xff8a, 0xff8b, 0xff8c, 0xff8d, 0xff8e, 0xff8f, 0xff90, 0xff91, 0xff92, 0xff93, 0xff94, 0xff95, 0xff96, 0xff97, 0xff98, 0xff99,
    0xff9a, 0xff9b, 0xff9c, 0xff9d, 0xff9e, 0xff9f, 0xffe3, 0xffe5,
];
pub static ENC_POS: [u16; 11096] = [
    0x0000, 0x0001, 0x0002, 0x0003, 0x0004, 0x0005, 0x0006, 0x0007, 0x0008, 0x0009, 0x000a, 0x000b, 0x000c, 0x000d, 0x000e, 0x000f,
    0x0010, 0x0011, 0x0012, 0x0013, 0x0014, 0x0015, 0x0016, 0x0017, 0x0018, 0x0019, 0x001a, 0x001b, 0x001c, 0x001d, 0x001e, 0x001f,
    0x0020, 0x0021, 0x0022, 0x0023, 0x0024, 0x0025, 0x0026, 0x0027, 0x0028, 0x0029, 0x002a, 0x002b, 0x002c, 0x002d, 0x002e, 0x002f,
    0x0030, 0x0031, 0x0032, 0x0033, 0x0034, 0x0035, 0x0036, 0x0037, 0x0038, 0x0039, 0x003a, 0x003b, 0x003c, 0x003d, 0x003e, 0x003f,
    0x0040, 0x0041, 0x0042, 0x0043, 0x0044, 0x0045, 0x0046, 0x0047, 0x0048, 0x0049, 0x004a, 0x004b, 0x004c, 0x004d, 0x004e, 0x004f,
    0x0050, 0x0051, 0x0052, 0x0053, 0x0054, 0x0055, 0x0056, 0x0057, 0x0058, 0x0059, 0x005a, 0x005b, 0x005c, 0x005d, 0x005e, 0x005f,
    0x0060, 0x0061, 0x0062, 0x0063, 0x0064, 0x0065, 0x0066, 0x0067, 0x0068, 0x0069, 0x006a, 0x006b, 0x006c, 0x006d, 0x006e, 0x006f,
    0x0070, 0x0071, 0x0072, 0x0073, 0x0074, 0x0075, 0x0076, 0x0077, 0x0078, 0x0079, 0x007a, 0x007b, 0x007c, 0x007d, 0x007e, 0x007f,
    0x0430, 0x0431, 0x018f, 0x0190, 0x0432, 0x0433, 0x0196, 0x014d, 0x0434, 0x0435, 0x0436, 0x01c8, 0x0437, 0x0438, 0x0439, 0x0189,
    0x017c, 0x043a, 0x043b, 0x014b, 0x01f5, 0x043c, 0x043d, 0x043e, 0x043f, 0x0440, 0x0441, 0x0442, 0x0443, 0x0444, 0x0445, 0x0446,
    0x0447, 0x0448, 0x0449, 0x044a, 0x044b, 0x044c, 0x044d, 0x044e, 0x044f, 0x0450, 0x0451, 0x0452, 0x0453, 0x0454, 0x0455, 0x0456,
    0x0457, 0x0458, 0x0459, 0x045a, 0x045b, 0x017d, 0x045c, 0x045d, 0x045e, 0x045f, 0x0460, 0x0461, 0x0462, 0x0463, 0x0464, 0x0465,
    0x0466, 0x0467, 0x0468, 0x0469, 0x046a, 0x046b, 0x046c, 0x046d, 0x046e, 0x046f, 0x0470, 0x0471, 0x0472, 0x0473, 0x0474, 0x0475,
    0x0476, 0x0477, 0x0478, 0x0479, 0x047a, 0x017e, 0x047b, 0x047c, 0x047d, 0x047e, 0x047f, 0x0480, 0x0481, 0x0482, 0x0483, 0x0488,
    0x04a6, 0x04b5, 0x048d, 0x0498, 0x04a8, 0x04b7, 0x04c5, 0x04cb, 0x04a9, 0x04b8, 0x04ac, 0x04bb, 0x04bc, 0x0486, 0x048b, 0x04aa,
    0x04b9, 0x04ab, 0x04ba, 0x04c6, 0x04cc, 0x04c7, 0x04cd, 0x04e9, 0x0484, 0x0489, 0x04c8, 0x04ce, 0x04a7, 0x04b6, 0x0490, 0x049b,
    0x048f, 0x049a, 0x04ad, 0x04bd, 0x04ae, 0x04be, 0x04e6, 0x0487, 0x048c, 0x04af, 0x04bf, 0x04f5, 0x04f4, 0x04a5, 0x04b4, 0x04b0,
    0x04c0, 0x0491, 0x049c, 0x04c9, 0x04cf, 0x0493, 0x049f, 0x0492, 0x049e, 0x04b3, 0x04c3, 0x0494, 0x04a0, 0x0485, 0x048a, 0x04ca,
    0x04d0, 0x04b1, 0x04c1, 0x04b2, 0x04c2, 0x0495, 0x04a1, 0x0497, 0x04a4, 0x0496, 0x04a3, 0x04f3, 0x04ee, 0x041f, 0x0420, 0x0421,
    0x0426, 0x0427, 0x0428, 0x0429, 0x042a, 0x042b, 0x042c, 0x0424, 0x0425, 0x050f, 0x04fd, 0x0503, 0x0504, 0x04ef, 0x0502, 0x0509,
    0x04da, 0x04f0, 0x04f8, 0x04fa, 0x050d, 0x04fb, 0x04fc, 0x04e1, 0x04f2, 0x04e5, 0x0500, 0x0506, 0x04ec, 0x050c, 0x04f6, 0x04d6,
    0x04e0, 0x04d7, 0x04fe, 0x04e7, 0x04d1, 0x04e2, 0x04db, 0x04f9, 0x04d8, 0x050b, 0x04df, 0x04dc, 0x04d3, 0x04e8, 0x04dd, 0x04d4,
    0x04f1, 0x04d9, 0x04f7, 0x04ff, 0x04d2, 0x0501, 0x0505, 0x04e4, 0x04de, 0x050a, 0x04d5, 0x04eb, 0x04ea, 0x04ed, 0x04e3, 0x0508,
    0x0507, 0x049d, 0x051d, 0x051e, 0x051f, 0x0520, 0x048e, 0x04c4, 0x0499, 0x04a2, 0x053b, 0x052a, 0x052b, 0x052c, 0x052d, 0x052e,
    0x0526, 0x0524, 0x0529, 0x0547, 0x0525, 0x0521, 0x0537, 0x0523, 0x0528, 0x0527, 0x0542, 0x0543, 0x0548, 0x0534, 0x0540, 0x0541,
    0x0535, 0x0536, 0x053c, 0x0531, 0x0539, 0x0544, 0x0532, 0x053a, 0x053d, 0x053f, 0x0533, 0x0545, 0x0546, 0x053e, 0x0538, 0x051c,
    0x0315, 0x0316, 0x0317, 0x0318, 0x0319, 0x031a, 0x031b, 0x031c, 0x031d, 0x031e, 0x031f, 0x0320, 0x0321, 0x0322, 0x0323, 0x0324,
    0x0325, 0x0326, 0x0327, 0x0328, 0x0329, 0x032a, 0x032b, 0x032c, 0x0335, 0x0336, 0x0337, 0x0338, 0x0339, 0x033a, 0x033b, 0x033c,
    0x033d, 0x033e, 0x033f, 0x0340, 0x0341, 0x0342, 0x0343, 0x0344, 0x0345, 0x034d, 0x0346, 0x0347, 0x0348, 0x0349, 0x034a, 0x034b,
    0x034c, 0x0379, 0x0373, 0x0374, 0x0375, 0x0376, 0x0377, 0x0378, 0x037a, 0x037b, 0x037c, 0x037d, 0x037e, 0x037f, 0x0380, 0x0381,
    0x0382, 0x0383, 0x0384, 0x0385, 0x0386, 0x0387, 0x0388, 0x0389, 0x038a, 0x038b, 0x038c, 0x038d, 0x038e, 0x038f, 0x0390, 0x0391,
    0x0392, 0x0393, 0x03a3, 0x03a4, 0x03a5, 0x03a6, 0x03a7, 0x03a8, 0x03aa, 0x03ab, 0x03ac, 0x03ad, 0x03ae, 0x03af, 0x03b0, 0x03b1,
    0x03b2, 0x03b3, 0x03b4, 0x03b5, 0x03b6, 0x03b7, 0x03b8, 0x03b9, 0x03ba, 0x03bb, 0x03bc, 0x03bd, 0x03be, 0x03bf, 0x03c0, 0x03c1,
    0x03c2, 0x03c3, 0x03a9, 0x0422, 0x0423, 0x0510, 0x0511, 0x051a, 0x051b, 0x015c, 0x0256, 0x015b, 0x0160, 0x0164, 0x0165, 0x0166,
    0x0167, 0x01f3, 0x01f4, 0x021a, 0x0163, 0x0162, 0x01ef, 0x018a, 0x018b, 0x01a4, 0x041b, 0x0522, 0x05a6, 0x041c, 0x041d, 0x041e,
    0x05a5, 0x042f, 0x018c, 0x0237, 0x0239, 0x05e8, 0x05ea, 0x023a, 0x01ee, 0x0236, 0x03ca, 0x03cb, 0x03cc, 0x05bb, 0x05bc, 0x05bd,
    0x05be, 0x05bf, 0x05c0, 0x05c1, 0x05c2, 0x05c3, 0x05c4, 0x05c5, 0x05dd, 0x055d, 0x055e, 0x055f, 0x0560, 0x0561, 0x0562, 0x0563,
    0x0564, 0x0565, 0x0566, 0x0567, 0x0568, 0x01a7, 0x01a8, 0x01a6, 0x01a9, 0x01ed, 0x0201, 0x01ff, 0x0200, 0x0202, 0x0203, 0x01c9,
    0x01ca, 0x0205, 0x0206, 0x0204, 0x0207, 0x01cb, 0x01db, 0x01cc, 0x01c3, 0x01dc, 0x01b6, 0x01c2, 0x01b7, 0x017b, 0x0235, 0x01e1,
    0x01e3, 0x0185, 0x05fe, 0x01d8, 0x01d0, 0x01d1, 0x01c6, 0x01c7, 0x01bd, 0x01bc, 0x01e5, 0x01e6, 0x05f9, 0x0186, 0x01e4, 0x01e2,
    0x01e8, 0x01e9, 0x01ea, 0x01de, 0x0180, 0x01dd, 0x01e7, 0x0183, 0x0184, 0x01df, 0x01e0, 0x01eb, 0x01ec, 0x01ba, 0x01bb, 0x01be,
    0x01bf, 0x01b8, 0x01b9, 0x01c0, 0x01c1, 0x01cd, 0x01ce, 0x01cf, 0x01d9, 0x05ff, 0x03c8, 0x03c9, 0x01c4, 0x01c5, 0x01da, 0x03ce,
    0x0394, 0x0395, 0x0396, 0x0397, 0x0398, 0x0399, 0x039a, 0x039b, 0x039c, 0x039d, 0x039e, 0x039f, 0x03a0, 0x03a1, 0x03a2, 0x03d0,
    0x03cf, 0x05a7, 0x05a8, 0x05a9, 0x05aa, 0x05ab, 0x05ac, 0x05ad, 0x05ae, 0x05af, 0x05b0, 0x05b1, 0x05b2, 0x05b3, 0x05b4, 0x05b5,
    0x05b6, 0x05b7, 0x05b8, 0x05b9, 0x05ba, 0x0569, 0x056a, 0x056b, 0x056c, 0x056d, 0x056e, 0x056f, 0x0570, 0x0571, 0x0572, 0x0573,
    0x0574, 0x0575, 0x0576, 0x0577, 0x0578, 0x0579, 0x057a, 0x057b, 0x057c, 0x057d, 0x057e, 0x057f, 0x0580, 0x0581, 0x0582, 0x0553,
    0x0554, 0x0555, 0x0556, 0x0557, 0x0558, 0x0559, 0x055a, 0x055b, 0x055c, 0x034e, 0x034f, 0x0350, 0x0351, 0x0352, 0x0353, 0x0354,
    0x0355, 0x0356, 0x0357, 0x03d1, 0x03dc, 0x03d2, 0x03dd, 0x03d3, 0x03de, 0x03d4, 0x03df, 0x03d6, 0x03e1, 0x03d5, 0x03e0, 0x03d7,
    0x03ec, 0x03e7, 0x03e2, 0x03d9, 0x03ee, 0x03e9, 0x03e4, 0x03d8, 0x03e8, 0x03ed, 0x03e3, 0x03da, 0x03ea, 0x03ef, 0x03e5, 0x03db,
    0x03eb, 0x03f0, 0x03e6, 0x019f, 0x019e, 0x0361, 0x01a1, 0x01a0, 0x01fc, 0x01fb, 0x01a3, 0x01a2, 0x01fe, 0x01fd, 0x019d, 0x019c,
    0x0215, 0x0199, 0x019b, 0x019a, 0x0417, 0x0418, 0x0419, 0x041a, 0x0219, 0x01fa, 0x035c, 0x035d, 0x035e, 0x035f, 0x0198, 0x0197,
    0x035b, 0x0358, 0x0359, 0x0604, 0x0188, 0x0187, 0x032e, 0x0331, 0x032f, 0x0334, 0x032d, 0x0332, 0x0330, 0x0333, 0x0360, 0x01f9,
    0x01f2, 0x01f7, 0x01f8, 0x01f1, 0x01f6, 0x01f0, 0x03cd, 0x0603, 0x0549, 0x054a, 0x054b, 0x054c, 0x054d, 0x054e, 0x054f, 0x0550,
    0x0551, 0x0552, 0x0208, 0x0209, 0x0214, 0x0257, 0x0258, 0x013f, 0x0140, 0x0141, 0x0155, 0x0157, 0x0158, 0x0159, 0x0170, 0x0171,
    0x0172, 0x0173, 0x0174, 0x0175, 0x0176, 0x0177, 0x0178, 0x0179, 0x01a5, 0x01aa, 0x016a, 0x016b, 0x01d6, 0x01d7, 0x01d4, 0x01d5,
    0x015f, 0x05e6, 0x05e7, 0x035a, 0x01af, 0x01b0, 0x01b1, 0x01b2, 0x01b3, 0x0216, 0x0259, 0x025a, 0x025b, 0x025c, 0x025d, 0x025e,
    0x025f, 0x0260, 0x0261, 0x0262, 0x0263, 0x0264, 0x0265, 0x0266, 0x0267, 0x0268, 0x0269, 0x026a, 0x026b, 0x026c, 0x026d, 0x026e,
    0x026f, 0x0270, 0x0271, 0x0272, 0x0273, 0x0274, 0x0275, 0x0276, 0x0277, 0x0278, 0x0279, 0x027a, 0x027b, 0x027c, 0x027d, 0x027e,
    0x027f, 0x0280, 0x0281, 0x0282, 0x0283, 0x0284, 0x0285, 0x0286, 0x0287, 0x0288, 0x0289, 0x028a, 0x028b, 0x028c, 0x028d, 0x028e,
    0x028f, 0x0290, 0x0291, 0x0292, 0x0293, 0x0294, 0x0295, 0x0296, 0x0297, 0x0298, 0x0299, 0x029a, 0x029b, 0x029c, 0x029d, 0x029e,
    0x029f, 0x02a0, 0x02a1, 0x02a2, 0x02a3, 0x02a4, 0x02a5, 0x02a6, 0x02a7, 0x02a8, 0x02a9, 0x02aa, 0x02ab, 0x02ac, 0x02ad, 0x02ae,
    0x0149, 0x014a, 0x0153, 0x0154, 0x01b5, 0x0255, 0x02b7, 0x02b8, 0x02b9, 0x02ba, 0x02bb, 0x02bc, 0x02bd, 0x02be, 0x02bf, 0x02c0,
    0x02c1, 0x02c2, 0x02c3, 0x02c4, 0x02c5, 0x02c6, 0x02c7, 0x02c8, 0x02c9, 0x02ca, 0x02cb, 0x02cc, 0x02cd, 0x02ce, 0x02cf, 0x02d0,
    0x02d1, 0x02d2, 0x02d3, 0x02d4, 0x02d5, 0x02d6, 0x02d7, 0x02d8, 0x02d9, 0x02da, 0x02db, 0x02dc, 0x02dd, 0x02de, 0x02df, 0x02e0,
    0x02e1, 0x02e2, 0x02e3, 0x02e4, 0x02e5, 0x02e6, 0x02e7, 0x02e8, 0x02e9, 0x02ea, 0x02eb, 0x02ec, 0x02ed, 0x02ee, 0x02ef, 0x02f0,
    0x02f1, 0x02f2, 0x02f3, 0x02f4, 0x02f5, 0x02f6, 0x02f7, 0x02f8, 0x02f9, 0x02fa, 0x02fb, 0x02fc, 0x02fd, 0x02fe, 0x02ff, 0x0300,
    0x0301, 0x0302, 0x0303, 0x0304, 0x0305, 0x0306, 0x0307, 0x0308, 0x0309, 0x030a, 0x030b, 0x030c, 0x03c4, 0x03c5, 0x03c6, 0x03c7,
    0x0144, 0x015a, 0x0151, 0x0152, 0x01b4, 0x0362, 0x0363, 0x0364, 0x0365, 0x0366, 0x0367, 0x0368, 0x0369, 0x036a, 0x036b, 0x036d,
    0x036e, 0x036f, 0x0370, 0x0371, 0x0372, 0x05f0, 0x05f1, 0x05f2, 0x03f1, 0x03f2, 0x03f3, 0x03f4, 0x03f5, 0x03f6, 0x03f7, 0x03f8,
    0x03f9, 0x03fa, 0x03fb, 0x03fc, 0x03fd, 0x03fe, 0x03ff, 0x05eb, 0x05ec, 0x05ed, 0x05ee, 0x05ef, 0x0400, 0x0401, 0x0402, 0x0403,
    0x0404, 0x0405, 0x0406, 0x0407, 0x0408, 0x0409, 0x040a, 0x040b, 0x040c, 0x040d, 0x040e, 0x0583, 0x0584, 0x0585, 0x0586, 0x0587,
    0x0588, 0x0589, 0x058a, 0x058b, 0x058c, 0x058d, 0x058e, 0x058f, 0x0590, 0x0591, 0x0592, 0x0593, 0x0594, 0x0595, 0x0596, 0x0599,
    0x0598, 0x059b, 0x059a, 0x0597, 0x05cc, 0x05d0, 0x05c7, 0x05ca, 0x05c8, 0x05d2, 0x05d1, 0x05cb, 0x05d3, 0x05cd, 0x05d5, 0x05c6,
    0x05d4, 0x05c9, 0x05ce, 0x05cf, 0x05e5, 0x05f5, 0x05f4, 0x05f3, 0x05d9, 0x05da, 0x05d6, 0x05d7, 0x05d8, 0x05dc, 0x05db, 0x0238,
    0x05e9, 0x0607, 0x23cf, 0x23d4, 0x23d5, 0x2400, 0x23f8, 0x2420, 0x0637, 0x2489, 0x4284, 0x248d, 0x063f, 0x24a6, 0x24bb, 0x24bc,
    0x24bf, 0x24c5, 0x24df, 0x24e2, 0x24eb, 0x24f4, 0x24fe, 0x2506, 0x2535, 0x2559, 0x255d, 0x255b, 0x2571, 0x2657, 0x2659, 0x265d,
    0x265c, 0x2660, 0x1261, 0x2672, 0x1271, 0x268a, 0x268d, 0x2690, 0x2692, 0x26a3, 0x26a5, 0x26a8, 0x26ad, 0x26af, 0x27e7, 0x27f2,
    0x27f6, 0x280c, 0x2865, 0x2869, 0x287b, 0x289e, 0x2886, 0x2896, 0x289a, 0x289c, 0x203f, 0x28d5, 0x28cd, 0x28ee, 0x28ef, 0x28f2,
    0x28fa, 0x2074, 0x2075, 0x290e, 0x2923, 0x208e, 0x293d, 0x4023, 0x402a, 0x4059, 0x4066, 0x4086, 0x409a, 0x40b6, 0x40bd, 0x40cc,
    0x2118, 0x40e3, 0x40e5, 0x40e6, 0x40ed, 0x40f4, 0x4136, 0x215d, 0x4148, 0x414a, 0x415e, 0x4169, 0x416e, 0x4182, 0x418d, 0x4199,
    0x41c4, 0x41d4, 0x41d7, 0x41dd, 0x41f1, 0x41f5, 0x4205, 0x4209, 0x4206, 0x4211, 0x4215, 0x21db, 0x4247, 0x4252, 0x4257, 0x426a,
    0x4279, 0x427d, 0x42b8, 0x42bc, 0x42c2, 0x42c4, 0x42c6, 0x42c9, 0x2225, 0x2226, 0x42e6, 0x42e8, 0x42f1, 0x430d, 0x430a, 0x430c,
    0x4331, 0x432c, 0x4345, 0x4346, 0x227b, 0x4385, 0x43a2, 0x228a, 0x43b8, 0x43ce, 0x43d7, 0x43e2, 0x43e7, 0x43ff, 0x441b, 0x4431,
    0x443b, 0x22d3, 0x444e, 0x4477, 0x233e, 0x4518, 0x451e, 0x4523, 0x4526, 0x4543, 0x4561, 0x4590, 0x4592, 0x4594, 0x459b, 0x2382,
    0x45a9, 0x45f2, 0x45f5, 0x4613, 0x4628, 0x070c, 0x0e14, 0x23c4, 0x0b3f, 0x1106, 0x0c2a, 0x0ada, 0x0c29, 0x0798, 0x1022, 0x1185,
    0x23c5, 0x1282, 0x072d, 0x23c6, 0x0828, 0x1283, 0x0ca4, 0x135e, 0x08cc, 0x1066, 0x0c2b, 0x11e2, 0x106e, 0x0608, 0x23c7, 0x1284,
    0x23c8, 0x40d2, 0x0e00, 0x23c9, 0x0609, 0x060a, 0x1285, 0x094e, 0x1286, 0x0875, 0x0dca, 0x0b6f, 0x1287, 0x1288, 0x23ca, 0x1289,
    0x0f47, 0x08cd, 0x23cb, 0x23cc, 0x0f49, 0x0f17, 0x09d3, 0x10bd, 0x23ce, 0x1bd7, 0x128a, 0x0c2c, 0x128b, 0x0791, 0x23d1, 0x0939,
    0x0a00, 0x1151, 0x14ba, 0x23d2, 0x11b6, 0x0f31, 0x083d, 0x08ab, 0x128c, 0x128d, 0x11df, 0x1183, 0x0d46, 0x128f, 0x0b20, 0x0f27,
    0x060b, 0x1292, 0x073c, 0x09ef, 0x09ee, 0x0706, 0x124d, 0x124c, 0x0a7f, 0x06c1, 0x23d3, 0x1293, 0x1294, 0x1295, 0x10be, 0x1296,
    0x0a02, 0x0707, 0x10fc, 0x08f2, 0x08f3, 0x08f4, 0x0e5a, 0x11e0, 0x1297, 0x1298, 0x1299, 0x23d6, 0x0c6f, 0x23d7, 0x23d9, 0x0ba0,
    0x0c70, 0x129e, 0x23da, 0x129c, 0x129d, 0x08ce, 0x23db, 0x0a6f, 0x07cc, 0x129b, 0x129a, 0x1055, 0x23dc, 0x0af0, 0x0aef, 0x0d7a,
    0x129f, 0x1023, 0x0ce7, 0x23de, 0x0156, 0x12a0, 0x12a2, 0x060c, 0x0da1, 0x1205, 0x06ea, 0x23dd, 0x12a1, 0x079a, 0x0918, 0x23df,
    0x0e01, 0x23e0, 0x09a1, 0x12a3, 0x0f36, 0x060d, 0x060e, 0x23e1, 0x0883, 0x060f, 0x12a4, 0x06eb, 0x0610, 0x09f0, 0x0884, 0x1048,
    0x0fa2, 0x08cf, 0x23e2, 0x07cd, 0x12c7, 0x0e97, 0x0f7e, 0x12a6, 0x0fac, 0x1206, 0x23e4, 0x0c4f, 0x0af1, 0x0b21, 0x079c, 0x23e5,
    0x0e49, 0x0dbc, 0x12aa, 0x0612, 0x0613, 0x06ec, 0x0e5b, 0x0ba1, 0x0a80, 0x116a, 0x0d8a, 0x23e6, 0x079b, 0x0614, 0x12a9, 0x23e7,
    0x1184, 0x12a5, 0x12a7, 0x0aba, 0x12a8, 0x145a, 0x0615, 0x0611, 0x23e3, 0x12b0, 0x0616, 0x0617, 0x12b3, 0x12b1, 0x079e, 0x1067,
    0x12ab, 0x23e9, 0x23ea, 0x23eb, 0x12af, 0x0a03, 0x23ec, 0x0618, 0x0af2, 0x23ed, 0x083e, 0x23ee, 0x12b4, 0x12ac, 0x0619, 0x1207,
    0x0b22, 0x12ad, 0x12b2, 0x23ef, 0x061a, 0x12b5, 0x061b, 0x12ae, 0x23f0, 0x08f5, 0x06ed, 0x08f6, 0x079d, 0x145b, 0x1103, 0x103c,
    0x0a04, 0x23f2, 0x0c51, 0x11db, 0x23f3, 0x1084, 0x096a, 0x0d61, 0x07c0, 0x23f4, 0x061d, 0x0bb9, 0x23f5, 0x12b9, 0x23f6, 0x12be,
    0x12bc, 0x23f7, 0x12b7, 0x0d6b, 0x12ba, 0x12bd, 0x12bb, 0x1089, 0x12b8, 0x061e, 0x0c50, 0x10fd, 0x12bf, 0x12c0, 0x23f1, 0x0b8a,
    0x12cd, 0x0605, 0x23f9, 0x0f62, 0x1004, 0x12c8, 0x109c, 0x0792, 0x12cc, 0x23fa, 0x061f, 0x0620, 0x12c6, 0x12cf, 0x0d30, 0x09d4,
    0x0f6e, 0x0621, 0x1887, 0x23fb, 0x12ce, 0x0eb3, 0x23fc, 0x12c3, 0x0a06, 0x0622, 0x0a05, 0x12c1, 0x23fd, 0x23fe, 0x0b62, 0x12c9,
    0x23ff, 0x109b, 0x0de7, 0x12c5, 0x09a3, 0x0623, 0x12c2, 0x12ca, 0x12c4, 0x11f5, 0x12cb, 0x1243, 0x0624, 0x093a, 0x09a2, 0x0626,
    0x0625, 0x0627, 0x2401, 0x12d0, 0x2402, 0x12d1, 0x12d5, 0x06ee, 0x2403, 0x107c, 0x12d4, 0x2404, 0x12d3, 0x12d7, 0x2405, 0x12d6,
    0x0e5c, 0x2406, 0x09a4, 0x2407, 0x2408, 0x12d8, 0x2409, 0x0b4d, 0x0d62, 0x0e5d, 0x094a, 0x12d9, 0x08ac, 0x12da, 0x12dc, 0x240b,
    0x10bf, 0x0998, 0x240c, 0x240d, 0x0628, 0x240e, 0x240f, 0x0adb, 0x0fe7, 0x12db, 0x2410, 0x240a, 0x2411, 0x0a91, 0x1189, 0x2413,
    0x12de, 0x12e1, 0x12dd, 0x0a90, 0x0be3, 0x2414, 0x2415, 0x096b, 0x12e2, 0x2416, 0x0923, 0x2417, 0x12df, 0x12e0, 0x0629, 0x0ee3,
    0x241a, 0x0d5a, 0x062b, 0x08f7, 0x241c, 0x10d7, 0x12e3, 0x241d, 0x11e1, 0x12e4, 0x241e, 0x12e7, 0x12e5, 0x062c, 0x0d2c, 0x241f,
    0x12e6, 0x12e8, 0x062a, 0x2418, 0x12ea, 0x12e9, 0x1074, 0x08ad, 0x12ec, 0x12ed, 0x062f, 0x078b, 0x062e, 0x247f, 0x12eb, 0x0630,
    0x0b7c, 0x12f0, 0x12ef, 0x12ee, 0x2481, 0x12b6, 0x12f1, 0x2482, 0x0631, 0x0be4, 0x12f2, 0x116b, 0x1141, 0x0632, 0x12f4, 0x12f3,
    0x12f6, 0x12f5, 0x12f7, 0x12f8, 0x0714, 0x09c5, 0x096d, 0x0ba2, 0x0e15, 0x08f8, 0x0ce8, 0x0a07, 0x0633, 0x0a5c, 0x12fa, 0x1130,
    0x0e9c, 0x0b23, 0x12f9, 0x12fb, 0x0635, 0x0636, 0x0eb4, 0x082f, 0x2484, 0x12fc, 0x0f32, 0x0d12, 0x12fe, 0x12ff, 0x0f9c, 0x0a08,
    0x123d, 0x1300, 0x08fa, 0x2486, 0x1068, 0x0d72, 0x0945, 0x0e8b, 0x4290, 0x09a5, 0x1301, 0x1302, 0x2487, 0x0f16, 0x075d, 0x1305,
    0x0ac9, 0x2488, 0x1304, 0x0a92, 0x1306, 0x1ae2, 0x1307, 0x10cb, 0x1308, 0x1309, 0x130a, 0x0c2d, 0x248a, 0x0b54, 0x0638, 0x083f,
    0x130d, 0x248b, 0x130b, 0x1125, 0x130c, 0x1028, 0x130e, 0x130f, 0x1310, 0x0eb5, 0x248c, 0x1314, 0x1312, 0x1313, 0x1311, 0x0aaf,
    0x1315, 0x1152, 0x1208, 0x248e, 0x1316, 0x0639, 0x0ca8, 0x1317, 0x0bc0, 0x1318, 0x063a, 0x0e16, 0x11e3, 0x0eb6, 0x1361, 0x1319,
    0x1fbd, 0x0919, 0x063b, 0x131a, 0x10e8, 0x063c, 0x0bce, 0x0db8, 0x131c, 0x0f18, 0x131d, 0x063d, 0x131e, 0x07e8, 0x2491, 0x2492,
    0x131f, 0x08fb, 0x0f00, 0x0778, 0x0bb6, 0x0f91, 0x1320, 0x0eb7, 0x063e, 0x2493, 0x0c71, 0x1321, 0x1058, 0x0cda, 0x083a, 0x0841,
    0x1322, 0x1324, 0x096c, 0x2494, 0x0640, 0x1323, 0x0641, 0x2495, 0x1217, 0x0bcf, 0x0fad, 0x1078, 0x1325, 0x11be, 0x1326, 0x1327,
    0x0ed4, 0x1328, 0x0ca9, 0x0aca, 0x09a6, 0x1329, 0x0af3, 0x0a5d, 0x0e5e, 0x132b, 0x0d63, 0x0642, 0x0abb, 0x132c, 0x132d, 0x0d0e,
    0x132a, 0x132f, 0x2497, 0x10c0, 0x0643, 0x0a52, 0x2498, 0x06c0, 0x132e, 0x0644, 0x09a7, 0x0aaa, 0x0f7f, 0x1332, 0x1330, 0x2499,
    0x1049, 0x0c2e, 0x1339, 0x081e, 0x1333, 0x1331, 0x0d2d, 0x249a, 0x1335, 0x1334, 0x249c, 0x07fe, 0x249b, 0x0992, 0x133a, 0x11d1,
    0x1336, 0x133b, 0x1338, 0x0645, 0x1337, 0x249e, 0x11f3, 0x0a09, 0x079f, 0x1218, 0x24a0, 0x24a1, 0x0bdb, 0x0eae, 0x0a53, 0x133e,
    0x133f, 0x24a2, 0x1209, 0x122d, 0x1341, 0x0a0a, 0x24a3, 0x24a4, 0x1340, 0x07e9, 0x1342, 0x10e0, 0x0e34, 0x116c, 0x0646, 0x1085,
    0x24a5, 0x0648, 0x1343, 0x0649, 0x24a7, 0x1e75, 0x0ee4, 0x064a, 0x1344, 0x0842, 0x111b, 0x064b, 0x0be5, 0x1345, 0x1093, 0x1349,
    0x0caa, 0x1346, 0x0924, 0x1347, 0x0843, 0x064d, 0x0960, 0x134a, 0x134b, 0x24a9, 0x134c, 0x134d, 0x0b63, 0x064e, 0x0a0b, 0x1146,
    0x064f, 0x1150, 0x0f2b, 0x109d, 0x134e, 0x0650, 0x134f, 0x24aa, 0x24ab, 0x1351, 0x1353, 0x1352, 0x1354, 0x0799, 0x10d6, 0x0ac8,
    0x1355, 0x0651, 0x0d37, 0x0be6, 0x08fd, 0x1356, 0x24ac, 0x0fcb, 0x1357, 0x1358, 0x1359, 0x24ad, 0x135a, 0x0ff2, 0x093c, 0x0705,
    0x24ae, 0x0ef3, 0x135b, 0x0ba3, 0x24af, 0x0ce9, 0x135d, 0x135c, 0x0be7, 0x09f1, 0x135f, 0x0fae, 0x1360, 0x0fcc, 0x0d70, 0x0daa,
    0x08fc, 0x0f22, 0x0dcb, 0x0f80, 0x10d8, 0x1362, 0x0cea, 0x0653, 0x0654, 0x0967, 0x24b2, 0x1363, 0x24b3, 0x1364, 0x072a, 0x0715,
    0x0885, 0x0d64, 0x08c7, 0x11b7, 0x1367, 0x0793, 0x24b4, 0x1366, 0x0655, 0x08fe, 0x1368, 0x1159, 0x0656, 0x1369, 0x11f6, 0x0a0c,
    0x0657, 0x09c6, 0x136a, 0x24b5, 0x136c, 0x136b, 0x0c81, 0x0737, 0x075c, 0x136d, 0x136e, 0x0658, 0x09c7, 0x24b6, 0x136f, 0x24b8,
    0x08e4, 0x24b9, 0x0adc, 0x1370, 0x10fe, 0x0a81, 0x08d0, 0x116d, 0x0d2e, 0x0faf, 0x0b85, 0x0bad, 0x24bd, 0x0b70, 0x0b7d, 0x0bdc,
    0x24be, 0x0fb0, 0x1373, 0x0741, 0x0d2f, 0x0a0d, 0x09d5, 0x093b, 0x1377, 0x0dbb, 0x0dba, 0x08ff, 0x0be8, 0x1378, 0x1376, 0x07a0,
    0x0da2, 0x0b40, 0x0af5, 0x0724, 0x24c0, 0x24c1, 0x082a, 0x0a54, 0x0af4, 0x1379, 0x137a, 0x08bf, 0x0800, 0x0a55, 0x08be, 0x0e57,
    0x0723, 0x0ee5, 0x1126, 0x0a0f, 0x11bf, 0x0e9d, 0x0a0e, 0x0659, 0x0961, 0x1383, 0x1280, 0x0937, 0x10d4, 0x24c3, 0x0fcd, 0x065a,
    0x24c4, 0x1382, 0x0876, 0x137d, 0x137e, 0x1380, 0x1381, 0x08d1, 0x0c83, 0x1059, 0x137f, 0x137b, 0x09f3, 0x137c, 0x1226, 0x24c6,
    0x109e, 0x0e60, 0x09f2, 0x0a5e, 0x065b, 0x1384, 0x0f11, 0x24c2, 0x1388, 0x24c7, 0x24c8, 0x0b86, 0x0b7e, 0x065d, 0x24c9, 0x138b,
    0x1389, 0x110b, 0x065e, 0x1386, 0x138f, 0x138a, 0x138d, 0x09d6, 0x1127, 0x065f, 0x138e, 0x1390, 0x1392, 0x0660, 0x24ca, 0x0abc,
    0x1244, 0x24cb, 0x1387, 0x1385, 0x1391, 0x138c, 0x24cc, 0x0661, 0x065c, 0x24cd, 0x0662, 0x1394, 0x139d, 0x1396, 0x24ce, 0x139a,
    0x0663, 0x139b, 0x1397, 0x24cf, 0x24d0, 0x13b8, 0x0ab5, 0x07eb, 0x24d1, 0x1395, 0x24d2, 0x139f, 0x0716, 0x139e, 0x24d3, 0x06c5,
    0x1018, 0x139c, 0x24d4, 0x1398, 0x0664, 0x1393, 0x1399, 0x0a94, 0x13a0, 0x0717, 0x13a9, 0x13a1, 0x13a2, 0x0be9, 0x10f3, 0x24d6,
    0x13a7, 0x13a6, 0x24d7, 0x24d8, 0x0e85, 0x24d9, 0x13a8, 0x13a5, 0x0665, 0x24da, 0x24db, 0x0732, 0x0a82, 0x0c52, 0x24dc, 0x0666,
    0x13a3, 0x0eb8, 0x13a4, 0x06c2, 0x0667, 0x13ae, 0x1169, 0x0beb, 0x13b4, 0x0668, 0x13b3, 0x13aa, 0x24dd, 0x0d7f, 0x13ab, 0x24de,
    0x0dab, 0x13b0, 0x0bea, 0x24e0, 0x24e1, 0x13ad, 0x114c, 0x0669, 0x096e, 0x13b1, 0x13b2, 0x13af, 0x13b5, 0x066a, 0x24e3, 0x24e4,
    0x13ac, 0x24e5, 0x13bb, 0x13c0, 0x24e7, 0x13bc, 0x13b7, 0x066b, 0x24e8, 0x13c1, 0x0d0f, 0x066c, 0x13c3, 0x24e9, 0x0a10, 0x13b9,
    0x0e17, 0x066d, 0x24ea, 0x13bd, 0x13b6, 0x0845, 0x0886, 0x081f, 0x13be, 0x13ba, 0x09a8, 0x13c4, 0x13c2, 0x0d31, 0x08c0, 0x0900,
    0x066f, 0x13bf, 0x0948, 0x0742, 0x24ef, 0x13c8, 0x13c6, 0x13ff, 0x24f0, 0x24f1, 0x0670, 0x24f2, 0x24ec, 0x13cb, 0x13c5, 0x13c9,
    0x24f3, 0x13c7, 0x24f5, 0x0af6, 0x13ca, 0x24f7, 0x13cd, 0x13d2, 0x13d0, 0x13cf, 0x0dcc, 0x24fa, 0x0672, 0x07a1, 0x0673, 0x24fb,
    0x13cc, 0x13ce, 0x0bec, 0x0731, 0x13d1, 0x24f8, 0x07ba, 0x13dc, 0x24fc, 0x0c40, 0x13d8, 0x13d6, 0x13d7, 0x24fd, 0x13d9, 0x0674,
    0x24ff, 0x2500, 0x2501, 0x073b, 0x2502, 0x0675, 0x0d17, 0x13d3, 0x13d4, 0x1fbf, 0x0834, 0x2503, 0x2504, 0x13db, 0x0677, 0x0887,
    0x13de, 0x13da, 0x13dd, 0x2505, 0x0679, 0x067a, 0x067b, 0x105a, 0x0676, 0x0f09, 0x0fa8, 0x13e0, 0x13df, 0x07ff, 0x2507, 0x13e1,
    0x2508, 0x13e4, 0x13e3, 0x2509, 0x067c, 0x250a, 0x250b, 0x067d, 0x13e2, 0x0f4b, 0x13e5, 0x250c, 0x067e, 0x067f, 0x250d, 0x13e6,
    0x250e, 0x0680, 0x13e8, 0x13e7, 0x13ea, 0x13ed, 0x13eb, 0x13e9, 0x13ec, 0x250f, 0x13ee, 0x0681, 0x0682, 0x2510, 0x13ef, 0x13f0,
    0x13f1, 0x13f2, 0x1303, 0x0b84, 0x0af7, 0x07cf, 0x2511, 0x0718, 0x0dde, 0x2512, 0x13f3, 0x0a70, 0x06ef, 0x0c80, 0x2513, 0x2514,
    0x13f4, 0x09d7, 0x0a5f, 0x13f6, 0x13f5, 0x108c, 0x13f7, 0x13f9, 0x13f8, 0x0683, 0x13fa, 0x13fb, 0x09a9, 0x075e, 0x13fc, 0x2516,
    0x13fe, 0x13fd, 0x1400, 0x0eb0, 0x0685, 0x2517, 0x1401, 0x06d5, 0x0aab, 0x2519, 0x096f, 0x0686, 0x0de9, 0x0687, 0x0688, 0x1402,
    0x1403, 0x1405, 0x1406, 0x0ab0, 0x251b, 0x251c, 0x0925, 0x10c1, 0x251d, 0x251e, 0x1404, 0x1407, 0x0a8d, 0x0a11, 0x140b, 0x0a71,
    0x0dcd, 0x2520, 0x1408, 0x0e52, 0x2521, 0x0689, 0x2522, 0x2523, 0x2524, 0x068a, 0x2525, 0x068b, 0x140c, 0x0c84, 0x140a, 0x140d,
    0x0971, 0x140e, 0x2529, 0x068c, 0x252a, 0x252b, 0x140f, 0x0a12, 0x07fa, 0x1411, 0x252c, 0x1412, 0x2528, 0x1413, 0x1410, 0x068f,
    0x1409, 0x1414, 0x1415, 0x0690, 0x0691, 0x10ee, 0x252f, 0x0c2f, 0x0692, 0x1417, 0x1418, 0x1416, 0x141a, 0x252d, 0x0f4a, 0x2532,
    0x0708, 0x1024, 0x141b, 0x0693, 0x2533, 0x0694, 0x2534, 0x0c41, 0x0695, 0x0696, 0x0b41, 0x2536, 0x0f6f, 0x0888, 0x2537, 0x0ab7,
    0x2538, 0x0697, 0x10e3, 0x0ee6, 0x2539, 0x09aa, 0x0d8b, 0x0698, 0x1419, 0x141c, 0x0d80, 0x141d, 0x141e, 0x253a, 0x253b, 0x1420,
    0x0e61, 0x253c, 0x0846, 0x1fb9, 0x075f, 0x109f, 0x253d, 0x0c30, 0x0e9e, 0x253e, 0x0ab2, 0x1426, 0x1069, 0x1201, 0x2540, 0x07d0,
    0x1422, 0x2541, 0x0d18, 0x1425, 0x0eb9, 0x0e9f, 0x0eba, 0x0fa9, 0x0e45, 0x0a95, 0x069a, 0x1421, 0x069b, 0x2542, 0x0774, 0x0e8c,
    0x1423, 0x141f, 0x0c72, 0x1427, 0x069d, 0x0bb4, 0x0901, 0x1428, 0x069e, 0x2543, 0x2544, 0x2545, 0x2546, 0x2547, 0x1094, 0x2548,
    0x0d5b, 0x0e3e, 0x2549, 0x069f, 0x142a, 0x10d9, 0x06a1, 0x254a, 0x142b, 0x1430, 0x254b, 0x105b, 0x142f, 0x1429, 0x142c, 0x142e,
    0x0a72, 0x1075, 0x254d, 0x1431, 0x0ddf, 0x07d1, 0x0c31, 0x254e, 0x06a4, 0x1433, 0x06a3, 0x1432, 0x06a5, 0x0a56, 0x1434, 0x1436,
    0x1435, 0x06a6, 0x1438, 0x142d, 0x143a, 0x06a7, 0x254f, 0x1439, 0x1437, 0x06a8, 0x0af8, 0x0c73, 0x0d32, 0x143b, 0x0cbc, 0x070d,
    0x0f76, 0x2550, 0x2551, 0x0e53, 0x143d, 0x143c, 0x143e, 0x143f, 0x1440, 0x1441, 0x2552, 0x2553, 0x107d, 0x1442, 0x2554, 0x06a9,
    0x2555, 0x07a2, 0x1443, 0x2556, 0x1182, 0x07ea, 0x1365, 0x0bae, 0x0d7b, 0x1444, 0x1153, 0x111c, 0x2557, 0x1446, 0x0da3, 0x0e8d,
    0x0d7c, 0x1025, 0x1447, 0x1448, 0x0779, 0x0b42, 0x1449, 0x06f0, 0x144a, 0x255a, 0x144b, 0x0760, 0x255c, 0x0889, 0x0f14, 0x10a0,
    0x144f, 0x0d33, 0x144e, 0x0972, 0x10e5, 0x144d, 0x0ebb, 0x1451, 0x1450, 0x255f, 0x06ab, 0x2560, 0x1453, 0x1452, 0x077a, 0x1454,
    0x0bed, 0x1456, 0x0dbf, 0x1455, 0x06ac, 0x105f, 0x0bdd, 0x0eb1, 0x2562, 0x2563, 0x1457, 0x2564, 0x0a13, 0x1458, 0x0f33, 0x0fce,
    0x1139, 0x0f37, 0x06ad, 0x1461, 0x06ae, 0x08ae, 0x118b, 0x1117, 0x14c0, 0x1459, 0x2565, 0x145c, 0x06af, 0x0d81, 0x10c2, 0x0ea0,
    0x2566, 0x145d, 0x10ef, 0x0a96, 0x2567, 0x0bee, 0x06b0, 0x145e, 0x2568, 0x0afa, 0x0af9, 0x2569, 0x06d9, 0x09d8, 0x06b1, 0x0cab,
    0x06f1, 0x1462, 0x1463, 0x1460, 0x06b2, 0x256a, 0x256b, 0x256c, 0x0736, 0x0847, 0x256d, 0x145f, 0x112d, 0x0fff, 0x256e, 0x06c8,
    0x23be, 0x0719, 0x0afb, 0x06f2, 0x06c3, 0x1468, 0x2572, 0x2573, 0x1466, 0x06b3, 0x2574, 0x1124, 0x1469, 0x1467, 0x1465, 0x0c53,
    0x06b4, 0x1464, 0x2575, 0x1086, 0x2576, 0x09f4, 0x146d, 0x146e, 0x0bef, 0x146a, 0x122e, 0x0f5e, 0x146c, 0x2577, 0x0a73, 0x146f,
    0x2578, 0x1026, 0x06b5, 0x1470, 0x146b, 0x06b6, 0x06b7, 0x2579, 0x06b8, 0x1123, 0x06b9, 0x257a, 0x0f70, 0x1471, 0x1000, 0x257b,
    0x06ba, 0x257c, 0x257d, 0x257e, 0x06bb, 0x257f, 0x2580, 0x2581, 0x2582, 0x1472, 0x1476, 0x1473, 0x2583, 0x07a3, 0x1475, 0x06bc,
    0x0b43, 0x1474, 0x09ab, 0x1482, 0x147b, 0x1478, 0x2584, 0x2585, 0x2586, 0x0dfe, 0x1477, 0x2587, 0x1479, 0x147a, 0x2589, 0x2588,
    0x258a, 0x147c, 0x147d, 0x258b, 0x258c, 0x088a, 0x147f, 0x147e, 0x1480, 0x258d, 0x06be, 0x0c32, 0x06bf, 0x1483, 0x0e54, 0x258f,
    0x0743, 0x1481, 0x258e, 0x1484, 0x1485, 0x1488, 0x1257, 0x1486, 0x1487, 0x2590, 0x0afc, 0x1489, 0x2591, 0x0a14, 0x148a, 0x1258,
    0x0b24, 0x0d74, 0x148b, 0x148c, 0x0b04, 0x0a15, 0x113a, 0x089e, 0x09d9, 0x148d, 0x0812, 0x2592, 0x148e, 0x0d75, 0x2593, 0x148f,
    0x14b7, 0x1490, 0x1491, 0x1492, 0x1494, 0x2594, 0x1259, 0x2595, 0x1495, 0x2596, 0x1496, 0x2597, 0x0dac, 0x0725, 0x0b71, 0x06e2,
    0x0d35, 0x0848, 0x0b3d, 0x0a16, 0x125a, 0x0ebc, 0x2655, 0x0b87, 0x0849, 0x0e02, 0x0e62, 0x06d8, 0x08af, 0x10a1, 0x0b4a, 0x08c8,
    0x0ceb, 0x0b44, 0x116e, 0x1497, 0x2656, 0x08d2, 0x0a97, 0x07ec, 0x0761, 0x0bf0, 0x07a4, 0x1498, 0x118c, 0x0baf, 0x2658, 0x0b6c,
    0x1499, 0x088b, 0x0f06, 0x1111, 0x149a, 0x149b, 0x1027, 0x265a, 0x149d, 0x0840, 0x094b, 0x149c, 0x265b, 0x125b, 0x084a, 0x0c54,
    0x14a1, 0x0acb, 0x07a5, 0x14a0, 0x149e, 0x14a2, 0x149f, 0x0f3d, 0x1715, 0x0c55, 0x14a3, 0x125c, 0x11e4, 0x14a4, 0x265e, 0x14a6,
    0x0e18, 0x14a5, 0x0ca3, 0x0b25, 0x265f, 0x0d8c, 0x0b7f, 0x1043, 0x0cec, 0x2661, 0x0b55, 0x14a7, 0x0bf1, 0x14a8, 0x14a9, 0x06f3,
    0x0d76, 0x0c74, 0x14aa, 0x0ee7, 0x0bf2, 0x0bf3, 0x125d, 0x14ab, 0x0ced, 0x0bf4, 0x125e, 0x14ac, 0x14ad, 0x125f, 0x1148, 0x14ae,
    0x2662, 0x1260, 0x091a, 0x2663, 0x0b88, 0x14af, 0x14b0, 0x0b64, 0x0c4e, 0x0f28, 0x0c76, 0x0fe8, 0x0f34, 0x091d, 0x14b1, 0x08e5,
    0x14b2, 0x0952, 0x0f03, 0x078c, 0x0afd, 0x14b3, 0x14b6, 0x14b5, 0x0951, 0x14b4, 0x0e8e, 0x23bf, 0x0d6c, 0x2665, 0x0ea1, 0x0b50,
    0x1262, 0x2666, 0x0d36, 0x11c0, 0x2667, 0x2668, 0x2669, 0x14b8, 0x14b9, 0x0f0a, 0x266a, 0x0add, 0x14bb, 0x14bc, 0x1266, 0x266d,
    0x2670, 0x2671, 0x14bd, 0x1267, 0x088c, 0x14be, 0x14bf, 0x1268, 0x2675, 0x0788, 0x2676, 0x1269, 0x2677, 0x2678, 0x0d19, 0x087c,
    0x126a, 0x14c1, 0x1110, 0x267a, 0x0d8e, 0x0813, 0x267b, 0x14c3, 0x14c5, 0x0877, 0x126b, 0x14c2, 0x14c4, 0x14c7, 0x14c6, 0x14c8,
    0x267d, 0x126c, 0x126d, 0x126e, 0x14c9, 0x0ef1, 0x0902, 0x07c1, 0x14ca, 0x14cf, 0x14cd, 0x10a3, 0x10a2, 0x126f, 0x0ebd, 0x14cc,
    0x0bba, 0x14cb, 0x2680, 0x0c94, 0x14d0, 0x1272, 0x0ab6, 0x2681, 0x14d6, 0x14d7, 0x14d1, 0x07ed, 0x14d2, 0x14db, 0x14da, 0x14d9,
    0x14d5, 0x2683, 0x14d4, 0x2684, 0x14d8, 0x2685, 0x2686, 0x1273, 0x10a4, 0x2682, 0x2687, 0x2688, 0x2689, 0x1275, 0x1276, 0x1278,
    0x14df, 0x14dc, 0x14de, 0x11b8, 0x14dd, 0x1277, 0x14d3, 0x268b, 0x0c95, 0x268c, 0x14e0, 0x1279, 0x0a83, 0x268e, 0x14e1, 0x14e2,
    0x127a, 0x14e5, 0x14e4, 0x14e3, 0x2691, 0x0ebe, 0x14ce, 0x14eb, 0x2693, 0x2694, 0x2695, 0x2696, 0x14e7, 0x127b, 0x14e6, 0x127c,
    0x127d, 0x14e8, 0x14e9, 0x2697, 0x2698, 0x2699, 0x14ec, 0x127e, 0x269b, 0x120a, 0x14ed, 0x14ea, 0x14ee, 0x127f, 0x0878, 0x14ef,
    0x269c, 0x14f1, 0x14f0, 0x14f2, 0x269d, 0x269e, 0x14f3, 0x0cee, 0x0b89, 0x269f, 0x0bca, 0x1fc0, 0x0d41, 0x26a1, 0x0a17, 0x0a84,
    0x0a18, 0x08e6, 0x26a2, 0x14f4, 0x0a85, 0x09da, 0x14f5, 0x110e, 0x0f55, 0x14f6, 0x0a19, 0x0844, 0x0dc1, 0x0926, 0x26a4, 0x0afe,
    0x1029, 0x0fb1, 0x14f7, 0x088d, 0x14fa, 0x26a6, 0x1fc1, 0x26a7, 0x0e19, 0x1fc2, 0x14f9, 0x14f8, 0x14fb, 0x0e63, 0x26a9, 0x0c85,
    0x0aff, 0x0cca, 0x26aa, 0x0d8f, 0x0898, 0x0e1a, 0x14fc, 0x14fd, 0x0c33, 0x10c3, 0x26ab, 0x1500, 0x14ff, 0x14fe, 0x104b, 0x1507,
    0x26ac, 0x10e4, 0x1501, 0x1503, 0x10f5, 0x26ae, 0x1502, 0x1fc3, 0x1fc4, 0x1504, 0x0f98, 0x1505, 0x106a, 0x1506, 0x26b0, 0x26b1,
    0x26b2, 0x27cd, 0x084b, 0x106b, 0x0f41, 0x1508, 0x1509, 0x23c0, 0x0a1a, 0x084c, 0x150a, 0x09c8, 0x118a, 0x116f, 0x088e, 0x150c,
    0x0e1b, 0x0a1b, 0x0bf5, 0x0fcf, 0x0bf6, 0x0bde, 0x0e64, 0x10a5, 0x0e8f, 0x0a1c, 0x102a, 0x150d, 0x27cf, 0x0eaf, 0x0a8e, 0x27d0,
    0x09db, 0x27d1, 0x0e65, 0x06e3, 0x0bd4, 0x0a1d, 0x118d, 0x27d2, 0x1fc5, 0x27d3, 0x150e, 0x150f, 0x0f63, 0x27d4, 0x1510, 0x121b,
    0x122f, 0x1fc7, 0x1512, 0x1511, 0x27d5, 0x0801, 0x1513, 0x27d6, 0x1516, 0x1517, 0x1515, 0x100e, 0x0bf7, 0x1519, 0x1518, 0x1514,
    0x151a, 0x151b, 0x151c, 0x151f, 0x151d, 0x151e, 0x1520, 0x0762, 0x0e66, 0x1521, 0x1fc8, 0x09ac, 0x07d2, 0x0f48, 0x27d8, 0x1522,
    0x0f2f, 0x1fc9, 0x1087, 0x1fca, 0x1523, 0x1230, 0x1fcb, 0x27d9, 0x1524, 0x106c, 0x1527, 0x1281, 0x1291, 0x27da, 0x0b38, 0x0f29,
    0x1528, 0x08d3, 0x0e1c, 0x071a, 0x1529, 0x1052, 0x0a1e, 0x0dea, 0x27db, 0x1fcc, 0x27dd, 0x0e67, 0x1fcd, 0x1157, 0x09c9, 0x09dc,
    0x152a, 0x152b, 0x1531, 0x0b6d, 0x1fce, 0x0e1d, 0x1fcf, 0x0903, 0x152c, 0x0ff9, 0x1fd0, 0x0de0, 0x1fd1, 0x152d, 0x1fd2, 0x27de,
    0x152e, 0x0904, 0x152f, 0x1530, 0x1532, 0x0ecc, 0x1fd3, 0x1533, 0x1534, 0x1fd4, 0x1535, 0x1526, 0x1525, 0x1536, 0x0973, 0x27df,
    0x1fd5, 0x0ff5, 0x1fd6, 0x0a98, 0x1005, 0x0e1e, 0x1019, 0x1537, 0x0bf8, 0x0744, 0x27e0, 0x1538, 0x1539, 0x115a, 0x0fd0, 0x1fd7,
    0x27e1, 0x153c, 0x077b, 0x0cac, 0x153b, 0x153a, 0x0974, 0x0d90, 0x1540, 0x153e, 0x1fd8, 0x153d, 0x11cb, 0x09f5, 0x27e2, 0x0bdf,
    0x153f, 0x0ea2, 0x0ba4, 0x0ef4, 0x1543, 0x1542, 0x1fd9, 0x1541, 0x1544, 0x09f6, 0x27e3, 0x27e4, 0x1fda, 0x1545, 0x104a, 0x0bc1,
    0x1546, 0x0fe9, 0x1fdb, 0x0ef5, 0x0e1f, 0x1fdc, 0x1fdd, 0x27e5, 0x0e86, 0x1547, 0x08a1, 0x0c56, 0x27e6, 0x0ffa, 0x27e8, 0x1fde,
    0x27e9, 0x088f, 0x0f38, 0x27ea, 0x27eb, 0x27ec, 0x1548, 0x0b00, 0x10c4, 0x10c5, 0x077c, 0x154d, 0x1fdf, 0x0e03, 0x1fe0, 0x27ed,
    0x154a, 0x1fe1, 0x07d3, 0x27ee, 0x27ef, 0x157d, 0x154c, 0x27f0, 0x0f42, 0x154b, 0x1549, 0x27f1, 0x0a68, 0x154f, 0x1fe2, 0x1555,
    0x155b, 0x1553, 0x0eb2, 0x1fe3, 0x1558, 0x102b, 0x27f3, 0x1fe4, 0x1552, 0x1557, 0x120b, 0x0b01, 0x0d91, 0x1550, 0x27f4, 0x27f5,
    0x08d4, 0x155a, 0x0cad, 0x0763, 0x1554, 0x07d4, 0x1559, 0x0905, 0x1556, 0x1fe5, 0x1fe6, 0x155c, 0x155e, 0x1568, 0x1566, 0x1563,
    0x1fe7, 0x1562, 0x121c, 0x27f7, 0x1564, 0x0906, 0x0a1f, 0x0be0, 0x156b, 0x155d, 0x1561, 0x1551, 0x07d6, 0x1565, 0x1567, 0x0deb,
    0x0a74, 0x0794, 0x155f, 0x156a, 0x1569, 0x0907, 0x0d65, 0x0820, 0x0975, 0x1560, 0x27f8, 0x156c, 0x156f, 0x1571, 0x0b45, 0x27f9,
    0x1577, 0x0e68, 0x156d, 0x1575, 0x07d5, 0x27fa, 0x1573, 0x1574, 0x1570, 0x1572, 0x1fe9, 0x1fea, 0x09f7, 0x1170, 0x084d, 0x0757,
    0x1576, 0x27fb, 0x0f4c, 0x06cd, 0x27fd, 0x27fe, 0x0fd1, 0x154e, 0x157c, 0x1580, 0x114d, 0x1579, 0x0ebf, 0x157e, 0x27ff, 0x0c34,
    0x157f, 0x0f0b, 0x2800, 0x1feb, 0x1249, 0x157b, 0x1fec, 0x1fed, 0x1581, 0x2801, 0x0a69, 0x2802, 0x0ccb, 0x1fee, 0x06f4, 0x157a,
    0x1578, 0x0d38, 0x156e, 0x0ade, 0x2803, 0x0d82, 0x158d, 0x2804, 0x0d39, 0x1588, 0x2805, 0x1585, 0x1586, 0x1fef, 0x0b6e, 0x1589,
    0x158c, 0x1587, 0x0b8b, 0x158a, 0x1584, 0x1164, 0x1163, 0x158e, 0x158f, 0x06f5, 0x2806, 0x2807, 0x2808, 0x1583, 0x2809, 0x0946,
    0x06c6, 0x1ff0, 0x280a, 0x084e, 0x158b, 0x1593, 0x1592, 0x1ff1, 0x1597, 0x1ff2, 0x1598, 0x1ff3, 0x280b, 0x1596, 0x1599, 0x1591,
    0x1595, 0x280d, 0x159a, 0x159b, 0x280e, 0x1590, 0x0b26, 0x1594, 0x0d92, 0x0a20, 0x1582, 0x0c57, 0x15a8, 0x1095, 0x159e, 0x159f,
    0x15a0, 0x15a7, 0x15a6, 0x280f, 0x1107, 0x084f, 0x15a4, 0x0977, 0x07ee, 0x15a1, 0x11dc, 0x15a3, 0x06f6, 0x15a5, 0x159c, 0x15a2,
    0x15a9, 0x0976, 0x159d, 0x2810, 0x11a3, 0x1171, 0x15ac, 0x15b0, 0x1ff5, 0x0d5c, 0x121d, 0x15b1, 0x2812, 0x2813, 0x15ae, 0x15ab,
    0x2814, 0x2815, 0x15aa, 0x15af, 0x105c, 0x2816, 0x0ee8, 0x2817, 0x0978, 0x15b2, 0x15ad, 0x2818, 0x15b3, 0x09ad, 0x078d, 0x1ff8,
    0x15bb, 0x1ff7, 0x0850, 0x15b9, 0x15ba, 0x0a75, 0x15b8, 0x15b6, 0x15b5, 0x15bc, 0x15b4, 0x15be, 0x07d7, 0x281a, 0x281b, 0x281c,
    0x15c0, 0x15bf, 0x0e20, 0x15c3, 0x281d, 0x15c1, 0x15b7, 0x09ae, 0x15c2, 0x15c6, 0x15c5, 0x15c7, 0x15c4, 0x15c8, 0x15c9, 0x15ca,
    0x1096, 0x15cc, 0x15cb, 0x0ba5, 0x0cae, 0x07c2, 0x07d8, 0x15cd, 0x281f, 0x06df, 0x0ccc, 0x15ce, 0x1ceb, 0x15cf, 0x0993, 0x15d0,
    0x1ffa, 0x2820, 0x0cef, 0x2821, 0x15d1, 0x15d2, 0x08b0, 0x15d3, 0x15d4, 0x15d5, 0x0d93, 0x09dd, 0x1149, 0x1ffb, 0x10c6, 0x0bd0,
    0x15d6, 0x1ffc, 0x2822, 0x0cf0, 0x1da1, 0x0fd2, 0x0b72, 0x2823, 0x0a99, 0x15d7, 0x2824, 0x2825, 0x0d83, 0x1053, 0x1ffd, 0x0dad,
    0x1ffe, 0x15da, 0x15d8, 0x15db, 0x2826, 0x15d9, 0x2827, 0x15dc, 0x2829, 0x105d, 0x1fff, 0x06d7, 0x282a, 0x102c, 0x0fd3, 0x2828,
    0x15dd, 0x15e0, 0x0bf9, 0x08b1, 0x15de, 0x15e5, 0x0bfa, 0x2000, 0x15df, 0x0f56, 0x11a4, 0x15e1, 0x15e2, 0x15e6, 0x0ec0, 0x15e3,
    0x0a21, 0x0cde, 0x282b, 0x15f4, 0x0fa4, 0x0dae, 0x282c, 0x0fd4, 0x1639, 0x10a6, 0x0e69, 0x10ff, 0x15e9, 0x077d, 0x0e04, 0x15f2,
    0x2001, 0x0dce, 0x15ec, 0x15f3, 0x15ee, 0x15f5, 0x15f1, 0x15f0, 0x0f81, 0x15ea, 0x07d9, 0x15e8, 0x08e7, 0x0daf, 0x15e4, 0x282d,
    0x2002, 0x15e7, 0x0a22, 0x0cdb, 0x0bfb, 0x15ef, 0x0f64, 0x08e8, 0x0802, 0x0821, 0x0c43, 0x15f7, 0x15fc, 0x15f8, 0x09af, 0x15fd,
    0x0acc, 0x0a57, 0x2003, 0x282f, 0x0b8c, 0x15eb, 0x0b27, 0x15fa, 0x2830, 0x0b02, 0x15fb, 0x06e4, 0x2004, 0x15f6, 0x2831, 0x2832,
    0x0e21, 0x2005, 0x08e9, 0x0908, 0x15f9, 0x06c7, 0x0a8f, 0x0c58, 0x2835, 0x2836, 0x2006, 0x0e6a, 0x2837, 0x2838, 0x0fc4, 0x15ff,
    0x0d3c, 0x2839, 0x2007, 0x283a, 0x0d66, 0x0ad5, 0x1600, 0x283b, 0x1602, 0x15fe, 0x108d, 0x0e35, 0x283d, 0x0d3a, 0x2008, 0x10a7,
    0x0b56, 0x160e, 0x160d, 0x2840, 0x0c9a, 0x09b0, 0x1607, 0x0bfd, 0x0f1c, 0x0f43, 0x2009, 0x1605, 0x0d3b, 0x2841, 0x0b80, 0x160a,
    0x0bfc, 0x1604, 0x1609, 0x0f65, 0x2844, 0x1603, 0x0953, 0x2842, 0x0817, 0x160b, 0x11cf, 0x0a9a, 0x0dcf, 0x1608, 0x0cdc, 0x0a23,
    0x0c86, 0x0764, 0x0d1a, 0x1606, 0x08bb, 0x0979, 0x0e47, 0x160c, 0x0d3d, 0x2845, 0x160f, 0x1611, 0x0d73, 0x1617, 0x1612, 0x1614,
    0x100f, 0x0e6b, 0x1615, 0x2847, 0x2848, 0x1172, 0x118e, 0x0851, 0x2849, 0x284a, 0x06ce, 0x1613, 0x200a, 0x1610, 0x284b, 0x284c,
    0x200b, 0x0890, 0x284d, 0x0765, 0x200c, 0x1616, 0x2846, 0x118f, 0x161a, 0x284e, 0x0d77, 0x1621, 0x200d, 0x161b, 0x200e, 0x1618,
    0x161f, 0x1601, 0x284f, 0x200f, 0x2850, 0x161c, 0x1620, 0x2851, 0x0fb2, 0x0ec1, 0x2852, 0x1619, 0x161d, 0x097a, 0x0abd, 0x0cdd,
    0x1625, 0x2011, 0x0e7c, 0x2853, 0x2854, 0x2855, 0x2012, 0x1622, 0x10ea, 0x2013, 0x1623, 0x2856, 0x1624, 0x1136, 0x2010, 0x0ca2,
    0x2857, 0x0994, 0x2858, 0x162b, 0x2859, 0x0adf, 0x1628, 0x1627, 0x0f44, 0x285a, 0x0ee9, 0x285b, 0x0e87, 0x1629, 0x162a, 0x103d,
    0x0f57, 0x0acd, 0x0cf1, 0x10da, 0x0803, 0x1631, 0x162c, 0x2015, 0x2016, 0x1190, 0x1633, 0x2017, 0x162f, 0x1630, 0x2018, 0x285c,
    0x285d, 0x0d3e, 0x2014, 0x2019, 0x162e, 0x15ed, 0x285e, 0x285f, 0x1632, 0x162d, 0x1637, 0x1638, 0x0e7d, 0x163a, 0x2861, 0x2862,
    0x0ace, 0x1635, 0x08b2, 0x163b, 0x1634, 0x163f, 0x163e, 0x163d, 0x201a, 0x1640, 0x201b, 0x1642, 0x0c35, 0x2863, 0x1641, 0x2864,
    0x1645, 0x2866, 0x2867, 0x2868, 0x1643, 0x1644, 0x161e, 0x286a, 0x201c, 0x1647, 0x1646, 0x201d, 0x1626, 0x1648, 0x163c, 0x0b03,
    0x286b, 0x1649, 0x164a, 0x164c, 0x164b, 0x164d, 0x07da, 0x0a24, 0x10a8, 0x0caf, 0x286c, 0x09de, 0x164f, 0x1652, 0x1020, 0x08d5,
    0x286d, 0x1651, 0x1650, 0x0f66, 0x1653, 0x0909, 0x1655, 0x1654, 0x0852, 0x0ae0, 0x0f0c, 0x201f, 0x286e, 0x097b, 0x0c96, 0x1656,
    0x0cb0, 0x0e7e, 0x102d, 0x1657, 0x286f, 0x2870, 0x1658, 0x1659, 0x2871, 0x2872, 0x1064, 0x1493, 0x0cc6, 0x2873, 0x101a, 0x0aa4,
    0x0fd5, 0x0fb3, 0x0ea3, 0x11e5, 0x165b, 0x0b58, 0x2020, 0x165c, 0x06d6, 0x0928, 0x0ccd, 0x102e, 0x165d, 0x0aec, 0x0de1, 0x0b05,
    0x0c59, 0x2874, 0x2875, 0x165e, 0x2876, 0x10a9, 0x0775, 0x0b06, 0x2877, 0x1661, 0x2878, 0x165f, 0x1662, 0x11dd, 0x1660, 0x2879,
    0x0cfb, 0x1663, 0x0d6e, 0x1664, 0x287a, 0x0892, 0x1666, 0x1665, 0x1667, 0x1668, 0x0893, 0x0f30, 0x0dd0, 0x08e2, 0x0b07, 0x0d3f,
    0x0bc2, 0x06d0, 0x1669, 0x287c, 0x287d, 0x077e, 0x166d, 0x287e, 0x2022, 0x0a25, 0x166c, 0x287f, 0x0a77, 0x0bfe, 0x2880, 0x2023,
    0x166b, 0x0bff, 0x1128, 0x0a76, 0x06f7, 0x0cce, 0x2024, 0x1672, 0x2025, 0x0cb1, 0x0745, 0x2881, 0x2027, 0x2028, 0x0bbb, 0x10f0,
    0x0abe, 0x2882, 0x2029, 0x0c00, 0x0ca7, 0x202a, 0x202b, 0x202c, 0x1671, 0x166f, 0x1670, 0x2026, 0x0e05, 0x1690, 0x1676, 0x0b28,
    0x0a26, 0x1674, 0x2883, 0x202e, 0x1675, 0x0c5a, 0x202f, 0x2885, 0x1673, 0x2884, 0x0ad9, 0x2888, 0x2031, 0x2032, 0x2889, 0x1678,
    0x1677, 0x167c, 0x2033, 0x167d, 0x288a, 0x1679, 0x2034, 0x07dc, 0x167a, 0x167b, 0x0fc5, 0x288d, 0x288e, 0x288f, 0x2890, 0x102f,
    0x097c, 0x167e, 0x2035, 0x0cb2, 0x0c01, 0x2036, 0x2037, 0x0dec, 0x2891, 0x2892, 0x091b, 0x167f, 0x1683, 0x07a7, 0x1680, 0x1682,
    0x2038, 0x1681, 0x2893, 0x0bd1, 0x2894, 0x0de2, 0x06e5, 0x1684, 0x2895, 0x1685, 0x203a, 0x0e22, 0x1215, 0x0aed, 0x2897, 0x1097,
    0x2898, 0x203b, 0x10c7, 0x2899, 0x168c, 0x1687, 0x203c, 0x168a, 0x1689, 0x289b, 0x1686, 0x168b, 0x203d, 0x0f12, 0x203e, 0x1688,
    0x168d, 0x0bd2, 0x168e, 0x2040, 0x1191, 0x0f8a, 0x168f, 0x1691, 0x2041, 0x1692, 0x289d, 0x1693, 0x091e, 0x0746, 0x0a27, 0x1694,
    0x1695, 0x0bd7, 0x0d40, 0x2042, 0x202d, 0x1374, 0x0d1c, 0x0d1b, 0x0d94, 0x0a93, 0x289f, 0x12d2, 0x28a0, 0x09a0, 0x1173, 0x10aa,
    0x104c, 0x1696, 0x28a1, 0x2043, 0x0abf, 0x0e37, 0x1697, 0x1231, 0x28a3, 0x10c8, 0x0e23, 0x1698, 0x0894, 0x1699, 0x169a, 0x1142,
    0x110c, 0x1100, 0x10e6, 0x0acf, 0x169c, 0x0b73, 0x2045, 0x10db, 0x169e, 0x16a1, 0x16a0, 0x0891, 0x08d6, 0x169d, 0x169f, 0x16a2,
    0x2047, 0x2048, 0x0c9b, 0x28a6, 0x28a7, 0x11c1, 0x06e9, 0x0aac, 0x0d78, 0x0b65, 0x28a8, 0x0c37, 0x16a5, 0x0ea4, 0x28a9, 0x16a3,
    0x0d67, 0x16a4, 0x0c36, 0x1145, 0x16a6, 0x16a7, 0x11ae, 0x2046, 0x16ac, 0x0a28, 0x0f67, 0x16a9, 0x0ec2, 0x166a, 0x166e, 0x28ad,
    0x08c5, 0x28ae, 0x0f59, 0x2049, 0x16ab, 0x0c02, 0x0fb4, 0x204a, 0x16b1, 0x0fea, 0x16a8, 0x16ae, 0x16ad, 0x0ccf, 0x28b0, 0x204b,
    0x10f7, 0x11f7, 0x204c, 0x10f1, 0x204d, 0x07a8, 0x0b08, 0x124a, 0x16b0, 0x0c97, 0x16af, 0x16aa, 0x09df, 0x28b4, 0x28b5, 0x16b6,
    0x16b4, 0x07a9, 0x16b2, 0x16b8, 0x16be, 0x204e, 0x2050, 0x0d84, 0x28b6, 0x106d, 0x16c0, 0x28b7, 0x0ff0, 0x16bf, 0x0f82, 0x10c9,
    0x0853, 0x28b8, 0x0cf7, 0x0ba6, 0x2051, 0x0e4b, 0x28b9, 0x1174, 0x28ba, 0x16bb, 0x16ba, 0x16bc, 0x16b9, 0x16c1, 0x16b7, 0x16b5,
    0x16bd, 0x16b3, 0x28bb, 0x0e06, 0x1160, 0x0b4e, 0x0ac0, 0x28bc, 0x204f, 0x0a86, 0x2052, 0x10f9, 0x07fb, 0x2053, 0x0e46, 0x0efe,
    0x0747, 0x28b3, 0x0cf2, 0x0cb4, 0x095c, 0x28c0, 0x2055, 0x16c3, 0x28c1, 0x0a29, 0x0836, 0x16c5, 0x082e, 0x16cb, 0x2056, 0x28c2,
    0x2057, 0x16c8, 0x28c4, 0x0cf3, 0x0805, 0x0a78, 0x28c5, 0x0804, 0x0a9b, 0x28c6, 0x16c6, 0x0997, 0x097d, 0x0ec3, 0x28c7, 0x28c8,
    0x16c4, 0x06e6, 0x28c9, 0x28ca, 0x16c7, 0x16c9, 0x0921, 0x095e, 0x2054, 0x0854, 0x08c1, 0x28cb, 0x28cc, 0x16cc, 0x2058, 0x0ac5,
    0x10fb, 0x0ae1, 0x16cd, 0x0ffe, 0x28ce, 0x28cf, 0x2059, 0x16d9, 0x205a, 0x078f, 0x16ce, 0x28d0, 0x28d1, 0x16df, 0x16cf, 0x11e6,
    0x28d2, 0x16d6, 0x0f71, 0x16de, 0x16d1, 0x28d3, 0x06d4, 0x16d3, 0x28d4, 0x0a2a, 0x28d6, 0x28d7, 0x28d8, 0x16d5, 0x28d9, 0x16d4,
    0x16d0, 0x16db, 0x0c03, 0x205c, 0x205d, 0x1445, 0x09f8, 0x11c2, 0x28da, 0x28db, 0x16d2, 0x0e6c, 0x07dd, 0x0a79, 0x205e, 0x16ca,
    0x28dc, 0x16da, 0x081b, 0x16d8, 0x16dc, 0x28dd, 0x0ec4, 0x28e2, 0x0896, 0x28e3, 0x16fa, 0x205f, 0x1131, 0x16e1, 0x0895, 0x28e4,
    0x16e8, 0x28e5, 0x2060, 0x10ca, 0x16e9, 0x16eb, 0x28e6, 0x16ef, 0x16e3, 0x28e7, 0x0dc4, 0x0ec5, 0x16f3, 0x16e6, 0x16f0, 0x28e8,
    0x28e9, 0x16ea, 0x2061, 0x28ea, 0x2062, 0x0c5b, 0x16f4, 0x2063, 0x2064, 0x0cb3, 0x28eb, 0x16f2, 0x0855, 0x28de, 0x2065, 0x1252,
    0x16e0, 0x28ec, 0x16ee, 0x06f8, 0x28ed, 0x16e2, 0x2066, 0x1122, 0x16e7, 0x0c44, 0x0e3f, 0x16dd, 0x16ed, 0x0c9c, 0x16f7, 0x082b,
    0x09b1, 0x16f9, 0x16e4, 0x16f8, 0x16f1, 0x16e5, 0x16f5, 0x16f6, 0x1707, 0x0f02, 0x2069, 0x16ec, 0x1703, 0x28f1, 0x1705, 0x0e50,
    0x206a, 0x28f3, 0x2067, 0x1192, 0x1044, 0x1700, 0x0d86, 0x206b, 0x1706, 0x0d1d, 0x16fd, 0x170a, 0x1709, 0x0f23, 0x1708, 0x0f1e,
    0x206c, 0x206d, 0x206e, 0x28f4, 0x170c, 0x16ff, 0x28f5, 0x091c, 0x1702, 0x0bc3, 0x28f6, 0x0f72, 0x1704, 0x091f, 0x16fc, 0x16fe,
    0x16fb, 0x28f7, 0x1232, 0x0814, 0x1701, 0x28f8, 0x206f, 0x170b, 0x07ef, 0x0ab3, 0x075b, 0x171c, 0x28f9, 0x1233, 0x171f, 0x28fb,
    0x28fc, 0x0c5c, 0x171e, 0x171d, 0x2071, 0x28fd, 0x171a, 0x2072, 0x170e, 0x28fe, 0x172b, 0x170d, 0x1720, 0x28ff, 0x2900, 0x1718,
    0x2901, 0x1713, 0x1710, 0x2902, 0x1711, 0x1719, 0x1fba, 0x1716, 0x0a2b, 0x0e40, 0x0d42, 0x1714, 0x2073, 0x170f, 0x2903, 0x1712,
    0x2904, 0x1193, 0x10f4, 0x1717, 0x1721, 0x2076, 0x290a, 0x1729, 0x1722, 0x2077, 0x2078, 0x172f, 0x172d, 0x290b, 0x290c, 0x1728,
    0x290d, 0x290f, 0x2079, 0x207a, 0x1727, 0x0e48, 0x0d43, 0x2910, 0x1725, 0x1723, 0x172a, 0x1730, 0x0fe5, 0x1736, 0x207b, 0x2911,
    0x1731, 0x1734, 0x172e, 0x207c, 0x0e0e, 0x1006, 0x2912, 0x1724, 0x2913, 0x172c, 0x0c04, 0x1137, 0x1740, 0x1733, 0x09b2, 0x077f,
    0x0819, 0x171b, 0x2907, 0x2915, 0x2916, 0x2917, 0x0c05, 0x1738, 0x173f, 0x0b81, 0x082c, 0x207e, 0x0dc8, 0x207f, 0x2918, 0x1735,
    0x2080, 0x2919, 0x173a, 0x173e, 0x291a, 0x090a, 0x291c, 0x2081, 0x291d, 0x2082, 0x08c2, 0x173c, 0x2083, 0x0897, 0x0eff, 0x173b,
    0x291e, 0x173d, 0x2084, 0x1737, 0x2085, 0x1739, 0x291b, 0x2920, 0x081a, 0x0de3, 0x2921, 0x1744, 0x2087, 0x2922, 0x1742, 0x09f9,
    0x1741, 0x2924, 0x2088, 0x1747, 0x16c2, 0x2089, 0x208a, 0x2925, 0x1743, 0x2926, 0x1745, 0x1746, 0x208b, 0x1752, 0x2928, 0x174e,
    0x16d7, 0x174d, 0x174c, 0x1749, 0x2929, 0x1732, 0x174b, 0x174a, 0x292a, 0x292c, 0x1750, 0x1228, 0x292b, 0x1753, 0x094f, 0x292d,
    0x292e, 0x174f, 0x1751, 0x208c, 0x208d, 0x0f97, 0x1754, 0x2931, 0x2932, 0x2933, 0x2934, 0x1758, 0x1755, 0x2935, 0x11b9, 0x1756,
    0x1726, 0x2937, 0x2938, 0x2939, 0x293a, 0x1759, 0x175a, 0x293c, 0x2090, 0x0733, 0x2091, 0x175c, 0x0999, 0x0b29, 0x0929, 0x0780,
    0x2092, 0x293e, 0x11a5, 0x2093, 0x175e, 0x175d, 0x1760, 0x08b3, 0x092a, 0x0856, 0x1763, 0x2094, 0x1762, 0x1764, 0x293f, 0x07aa,
    0x0dd1, 0x1765, 0x0857, 0x1767, 0x2095, 0x2940, 0x1766, 0x1768, 0x1769, 0x2096, 0x176a, 0x0b09, 0x0cb5, 0x0a6d, 0x2097, 0x103e,
    0x2098, 0x108e, 0x1246, 0x2941, 0x0b1f, 0x0a9c, 0x1216, 0x2942, 0x2099, 0x176b, 0x176c, 0x2943, 0x0b0a, 0x176d, 0x176e, 0x2944,
    0x209a, 0x1770, 0x176f, 0x10e2, 0x0bc4, 0x0b74, 0x0aee, 0x1771, 0x1773, 0x0c45, 0x1772, 0x4009, 0x1774, 0x1775, 0x209b, 0x1776,
    0x1777, 0x209c, 0x400a, 0x1778, 0x177a, 0x1779, 0x177b, 0x0781, 0x0de4, 0x177c, 0x0ad0, 0x0806, 0x177d, 0x400c, 0x400d, 0x0e98,
    0x1424, 0x0899, 0x177e, 0x400e, 0x400f, 0x4010, 0x177f, 0x1098, 0x10f2, 0x209e, 0x0efb, 0x1780, 0x0fd6, 0x209f, 0x20a0, 0x0feb,
    0x4011, 0x113b, 0x1781, 0x4012, 0x4013, 0x1783, 0x1782, 0x4014, 0x1785, 0x4015, 0x1784, 0x20a1, 0x4016, 0x20a2, 0x1787, 0x4017,
    0x4018, 0x0b0b, 0x20a3, 0x1119, 0x1788, 0x1789, 0x089a, 0x178a, 0x178c, 0x178b, 0x20a4, 0x0c87, 0x4019, 0x401a, 0x1007, 0x0748,
    0x401b, 0x0fb5, 0x401d, 0x0e6d, 0x0ba7, 0x08d7, 0x401e, 0x0fb6, 0x0b36, 0x178e, 0x0858, 0x20a5, 0x0776, 0x401f, 0x20a6, 0x0f26,
    0x178d, 0x0a2c, 0x0ded, 0x178f, 0x4037, 0x1797, 0x1790, 0x4020, 0x0d7d, 0x08d8, 0x1798, 0x20a8, 0x20a9, 0x099a, 0x089b, 0x1796,
    0x1794, 0x1791, 0x11a6, 0x4021, 0x20aa, 0x20ab, 0x0e38, 0x4022, 0x0f0d, 0x1792, 0x179a, 0x1799, 0x0955, 0x4024, 0x4025, 0x0789,
    0x4026, 0x20ac, 0x0a87, 0x1793, 0x1795, 0x20ad, 0x10e1, 0x0db0, 0x20a7, 0x1101, 0x4027, 0x17a2, 0x17a3, 0x07ab, 0x1054, 0x1165,
    0x17a5, 0x0b2b, 0x0c06, 0x179e, 0x17a4, 0x0766, 0x090b, 0x4028, 0x179b, 0x17a0, 0x20af, 0x0cf4, 0x0f83, 0x0fd7, 0x4029, 0x179d,
    0x20b0, 0x10ab, 0x402b, 0x179f, 0x17a8, 0x402c, 0x17a6, 0x402d, 0x17a1, 0x20b1, 0x10ac, 0x0f5a, 0x08d9, 0x0e7b, 0x0e07, 0x402e,
    0x17a9, 0x20b2, 0x402f, 0x4030, 0x20b3, 0x17a7, 0x0d95, 0x179c, 0x0749, 0x20ae, 0x4032, 0x20b5, 0x4033, 0x1194, 0x17b4, 0x20b6,
    0x17b3, 0x0cf6, 0x17b0, 0x11b2, 0x0eea, 0x17aa, 0x4034, 0x0e3d, 0x4035, 0x4036, 0x074a, 0x0a2d, 0x17ad, 0x20b7, 0x4038, 0x20b8,
    0x0b8d, 0x17b2, 0x404d, 0x17b1, 0x17ac, 0x17af, 0x20b9, 0x0822, 0x4039, 0x17ae, 0x0f5b, 0x20ba, 0x11d2, 0x0c38, 0x0cf5, 0x20bb,
    0x17ba, 0x17b8, 0x403a, 0x101b, 0x403b, 0x403c, 0x17b5, 0x17b7, 0x20bc, 0x0738, 0x0a2e, 0x1234, 0x07f7, 0x1030, 0x403d, 0x11a7,
    0x07de, 0x0c5d, 0x17b9, 0x403e, 0x403f, 0x20be, 0x17be, 0x20bf, 0x0c07, 0x20c0, 0x4040, 0x1176, 0x4041, 0x17bb, 0x4042, 0x17b6,
    0x20c1, 0x17bc, 0x4043, 0x1202, 0x0ec9, 0x0ef6, 0x20c2, 0x4049, 0x20c3, 0x404a, 0x07f0, 0x0753, 0x404b, 0x17c2, 0x17c5, 0x11e7,
    0x20c4, 0x11aa, 0x404c, 0x20c5, 0x17cc, 0x17c6, 0x17c3, 0x404e, 0x11f8, 0x17c9, 0x404f, 0x4050, 0x4051, 0x0bb0, 0x17cb, 0x17d0,
    0x20c6, 0x0ec7, 0x17ce, 0x20c7, 0x20c8, 0x20c9, 0x17c8, 0x4052, 0x0dd2, 0x17cf, 0x17c4, 0x17ca, 0x4053, 0x17d1, 0x071c, 0x17c7,
    0x17d2, 0x0c5e, 0x0bc5, 0x1051, 0x4054, 0x0a7a, 0x17bf, 0x17cd, 0x0e90, 0x20ca, 0x0cb6, 0x0823, 0x0a9d, 0x0c08, 0x17c1, 0x0ba8,
    0x097e, 0x17c0, 0x4045, 0x17d6, 0x0bd3, 0x09ca, 0x17e5, 0x4056, 0x17df, 0x08ea, 0x0ea5, 0x4057, 0x17da, 0x17e3, 0x06cf, 0x0730,
    0x4058, 0x0795, 0x17dc, 0x0d68, 0x17d3, 0x17d5, 0x0a2f, 0x405a, 0x20cc, 0x4055, 0x17e6, 0x17e1, 0x405b, 0x17d9, 0x17e0, 0x20cd,
    0x405c, 0x405d, 0x1113, 0x405e, 0x405f, 0x17de, 0x17e2, 0x4060, 0x4061, 0x4062, 0x4063, 0x09e0, 0x4064, 0x0c09, 0x0dd3, 0x20ce,
    0x20cf, 0x17d8, 0x4065, 0x1175, 0x17db, 0x17d4, 0x0ec8, 0x17d7, 0x17dd, 0x1253, 0x0b46, 0x1108, 0x17e7, 0x0f9e, 0x17f3, 0x09cb,
    0x4067, 0x0bc6, 0x17e9, 0x11d3, 0x0a30, 0x17f6, 0x070e, 0x17f4, 0x4068, 0x17e8, 0x20d0, 0x17ee, 0x20d1, 0x17f0, 0x4069, 0x1195,
    0x17eb, 0x0e84, 0x17ed, 0x406a, 0x20d2, 0x17f5, 0x406b, 0x17ef, 0x112f, 0x20d3, 0x17ea, 0x406c, 0x0b2a, 0x1802, 0x20d4, 0x0824,
    0x17ec, 0x17f1, 0x17f2, 0x406d, 0x0da8, 0x0d96, 0x406f, 0x17fa, 0x1800, 0x17fe, 0x0e7f, 0x1805, 0x17fb, 0x4070, 0x4071, 0x17fc,
    0x17e4, 0x08ef, 0x1008, 0x0b47, 0x0a65, 0x4072, 0x4073, 0x1235, 0x20d5, 0x17f8, 0x1804, 0x0767, 0x0d44, 0x4074, 0x20d6, 0x0f8b,
    0x0859, 0x121e, 0x4075, 0x20d8, 0x1109, 0x0e4a, 0x20d9, 0x17ff, 0x1801, 0x20da, 0x406e, 0x4076, 0x0d10, 0x4077, 0x1803, 0x17fd,
    0x17f7, 0x085b, 0x20db, 0x4079, 0x099b, 0x407a, 0x1811, 0x20dc, 0x407b, 0x180c, 0x0cf8, 0x20dd, 0x081d, 0x407c, 0x20de, 0x20df,
    0x0bc7, 0x1815, 0x407d, 0x180e, 0x0e24, 0x180b, 0x0e51, 0x182e, 0x1808, 0x1807, 0x1810, 0x407f, 0x20e0, 0x180a, 0x1809, 0x180f,
    0x0ca1, 0x1806, 0x20e1, 0x20e2, 0x20e3, 0x1812, 0x4080, 0x1813, 0x20e4, 0x4081, 0x085a, 0x407e, 0x4083, 0x20e5, 0x1818, 0x1817,
    0x1819, 0x4084, 0x20e6, 0x181c, 0x4085, 0x0e99, 0x1816, 0x4087, 0x20e7, 0x181a, 0x20e8, 0x4082, 0x0995, 0x0db5, 0x1814, 0x0f4d,
    0x181b, 0x20e9, 0x4088, 0x4089, 0x20ea, 0x1820, 0x181e, 0x1821, 0x408a, 0x1824, 0x408b, 0x181d, 0x0a58, 0x0f3a, 0x17bd, 0x408c,
    0x11ba, 0x181f, 0x1823, 0x0db1, 0x20ec, 0x1822, 0x180d, 0x20ed, 0x1e2b, 0x20eb, 0x1827, 0x408e, 0x182b, 0x408f, 0x1829, 0x20ee,
    0x20ef, 0x4090, 0x1825, 0x4091, 0x1826, 0x182a, 0x1828, 0x101c, 0x1830, 0x182d, 0x182c, 0x182f, 0x0f08, 0x1831, 0x4092, 0x0e0f,
    0x0da9, 0x20f0, 0x0ca5, 0x1832, 0x1834, 0x4094, 0x4095, 0x4096, 0x1833, 0x4097, 0x4098, 0x20f1, 0x4099, 0x17f9, 0x20f4, 0x1835,
    0x409b, 0x0f1b, 0x20f2, 0x20f3, 0x1836, 0x20f5, 0x409c, 0x409d, 0x07ac, 0x409e, 0x409f, 0x0eca, 0x07df, 0x20f6, 0x40a0, 0x08da,
    0x0b66, 0x0a9e, 0x40a1, 0x40a2, 0x20f7, 0x40a3, 0x1229, 0x0c88, 0x0768, 0x1838, 0x40a4, 0x40a5, 0x1837, 0x40a8, 0x20f8, 0x20f9,
    0x183b, 0x0dd4, 0x183e, 0x1839, 0x40a9, 0x183d, 0x20fa, 0x183c, 0x0e96, 0x06f9, 0x40a6, 0x1219, 0x40ac, 0x1840, 0x0726, 0x40ad,
    0x40ae, 0x20fb, 0x20fc, 0x1842, 0x40af, 0x1841, 0x183f, 0x20fd, 0x40ab, 0x183a, 0x10ad, 0x1844, 0x40b0, 0x40b1, 0x40b2, 0x40b3,
    0x40b4, 0x1843, 0x40b5, 0x20fe, 0x0769, 0x1846, 0x105e, 0x1845, 0x2100, 0x2101, 0x111d, 0x0c0b, 0x20ff, 0x2102, 0x40b7, 0x2103,
    0x40b8, 0x0d11, 0x0c0a, 0x2104, 0x2105, 0x121f, 0x40ba, 0x184c, 0x0cf9, 0x40b9, 0x2106, 0x2108, 0x40bb, 0x1848, 0x184d, 0x076a,
    0x2109, 0x40bc, 0x210a, 0x184b, 0x0f73, 0x1847, 0x184a, 0x0c0c, 0x210b, 0x0fc1, 0x184e, 0x0b59, 0x0cfa, 0x40bf, 0x1851, 0x210d,
    0x210e, 0x1849, 0x0959, 0x184f, 0x210f, 0x1196, 0x1852, 0x40be, 0x1fbe, 0x40c0, 0x0bb5, 0x40c1, 0x40c2, 0x1853, 0x1854, 0x40c3,
    0x40c4, 0x0f40, 0x40c5, 0x1856, 0x2111, 0x1857, 0x2110, 0x0f45, 0x2112, 0x0ecb, 0x1859, 0x40c7, 0x185b, 0x11f9, 0x1858, 0x40c8,
    0x185a, 0x076b, 0x1855, 0x40c9, 0x40ca, 0x13d5, 0x185c, 0x0d45, 0x0ae2, 0x185e, 0x185d, 0x0c46, 0x1375, 0x185f, 0x1861, 0x1850,
    0x1860, 0x2113, 0x1862, 0x2114, 0x0f8c, 0x40cb, 0x1863, 0x1864, 0x2115, 0x1865, 0x1866, 0x0e56, 0x40ce, 0x1868, 0x1867, 0x1869,
    0x186a, 0x40cf, 0x0b67, 0x1031, 0x40d0, 0x40d1, 0x1154, 0x186b, 0x186c, 0x0d34, 0x0b2c, 0x186d, 0x186e, 0x40d3, 0x186f, 0x107e,
    0x0fb7, 0x1870, 0x0f69, 0x0e25, 0x40d4, 0x2116, 0x2117, 0x40d5, 0x1871, 0x07c3, 0x08e3, 0x112e, 0x111e, 0x0790, 0x1236, 0x40d6,
    0x10dc, 0x1056, 0x40d8, 0x40d9, 0x0cb7, 0x1872, 0x40da, 0x0ef7, 0x09b3, 0x1873, 0x40db, 0x0aa0, 0x1875, 0x1874, 0x1876, 0x2119,
    0x40dc, 0x1877, 0x1878, 0x211a, 0x08b4, 0x1879, 0x187a, 0x09b4, 0x40de, 0x40df, 0x0fb8, 0x40e0, 0x40e1, 0x187c, 0x0c39, 0x187b,
    0x211b, 0x211c, 0x40e2, 0x090c, 0x187d, 0x187f, 0x187e, 0x40e4, 0x1880, 0x09e1, 0x1881, 0x093d, 0x0d1e, 0x0a6b, 0x1883, 0x1884,
    0x1882, 0x0b75, 0x0efc, 0x090d, 0x40e7, 0x1886, 0x0dc6, 0x1885, 0x40e8, 0x211d, 0x1237, 0x0f74, 0x40e9, 0x1889, 0x40ea, 0x188b,
    0x1888, 0x40eb, 0x40ec, 0x113c, 0x188a, 0x188c, 0x11e8, 0x1890, 0x211f, 0x2120, 0x188f, 0x0e10, 0x0f3f, 0x40ef, 0x09b5, 0x188e,
    0x40f0, 0x40f1, 0x188d, 0x1177, 0x1178, 0x40ee, 0x40f2, 0x1891, 0x076c, 0x0a64, 0x0b0c, 0x1892, 0x1893, 0x2122, 0x40f3, 0x1895,
    0x0ba9, 0x2123, 0x1897, 0x1896, 0x40f5, 0x40f6, 0x40f8, 0x40f9, 0x1898, 0x40fa, 0x0807, 0x189a, 0x40fb, 0x1899, 0x189c, 0x189b,
    0x2124, 0x40fc, 0x09cc, 0x40fd, 0x11cc, 0x0920, 0x40fe, 0x0782, 0x40ff, 0x2125, 0x093e, 0x4100, 0x4101, 0x4102, 0x2126, 0x2127,
    0x2128, 0x4103, 0x2129, 0x4104, 0x0879, 0x212a, 0x120c, 0x189e, 0x4105, 0x4106, 0x4107, 0x18a0, 0x4108, 0x4109, 0x18a1, 0x07ad,
    0x410a, 0x189d, 0x212b, 0x0ae3, 0x410b, 0x0e39, 0x189f, 0x212c, 0x212d, 0x212e, 0x18a4, 0x0b76, 0x410c, 0x212f, 0x18a2, 0x410d,
    0x2130, 0x0970, 0x0fb9, 0x18a3, 0x18be, 0x18a9, 0x410e, 0x4110, 0x09cd, 0x4111, 0x08db, 0x18a6, 0x11c3, 0x2131, 0x11d4, 0x2132,
    0x410f, 0x2133, 0x2134, 0x0db2, 0x4112, 0x18a8, 0x2136, 0x2137, 0x2138, 0x2139, 0x213a, 0x213b, 0x213c, 0x213d, 0x4113, 0x18aa,
    0x11fa, 0x092b, 0x0fec, 0x0f5c, 0x4114, 0x18ab, 0x18ad, 0x4116, 0x18b0, 0x4117, 0x213e, 0x213f, 0x2140, 0x2141, 0x4118, 0x4119,
    0x4115, 0x18ac, 0x2142, 0x18af, 0x09fa, 0x074b, 0x18b1, 0x411a, 0x0c92, 0x18ae, 0x1200, 0x2143, 0x18b4, 0x1fbc, 0x18b2, 0x18b5,
    0x2144, 0x2145, 0x18a7, 0x18b3, 0x411b, 0x0a88, 0x18b6, 0x18b7, 0x411c, 0x11c4, 0x411d, 0x2146, 0x2147, 0x411e, 0x2148, 0x18b8,
    0x214d, 0x4120, 0x4121, 0x2149, 0x4122, 0x214a, 0x18b9, 0x214b, 0x4123, 0x4124, 0x18a5, 0x214c, 0x4125, 0x214e, 0x18ba, 0x214f,
    0x2150, 0x4126, 0x4127, 0x085c, 0x2151, 0x4128, 0x412a, 0x4129, 0x0b2d, 0x2152, 0x2153, 0x2154, 0x18bb, 0x18bc, 0x18bd, 0x412b,
    0x412c, 0x2155, 0x0739, 0x412d, 0x18bf, 0x1009, 0x18c0, 0x083c, 0x18c1, 0x18c2, 0x412f, 0x18c3, 0x412e, 0x18c5, 0x18c6, 0x18c4,
    0x1021, 0x18c8, 0x18c7, 0x4131, 0x2156, 0x2157, 0x18ca, 0x18c9, 0x18cb, 0x18cc, 0x18ce, 0x18cd, 0x0a67, 0x18d0, 0x18cf, 0x2158,
    0x085d, 0x0c75, 0x0e92, 0x18d1, 0x0cb8, 0x4133, 0x0ae4, 0x4134, 0x0777, 0x18d2, 0x1197, 0x4135, 0x108f, 0x18d3, 0x2159, 0x0e9a,
    0x1179, 0x0a31, 0x0c5f, 0x0de5, 0x1350, 0x0e26, 0x07c4, 0x18d4, 0x4138, 0x4139, 0x413a, 0x18d5, 0x18da, 0x413b, 0x18d8, 0x18d7,
    0x164e, 0x07e0, 0x18d6, 0x413c, 0x06fa, 0x413d, 0x0f9a, 0x413e, 0x0fba, 0x11d5, 0x18db, 0x18d9, 0x0df6, 0x0ca6, 0x0f9b, 0x0ffb,
    0x18dd, 0x11d0, 0x097f, 0x18de, 0x18dc, 0x0fc6, 0x18df, 0x413f, 0x18e0, 0x215a, 0x06fb, 0x4141, 0x4140, 0x0c3a, 0x18e5, 0x18e2,
    0x0f21, 0x18e1, 0x215b, 0x4142, 0x4143, 0x4144, 0x089c, 0x4145, 0x18e8, 0x18e3, 0x18e4, 0x18e7, 0x18e6, 0x0ff3, 0x4147, 0x0d20,
    0x0d1f, 0x08b5, 0x215c, 0x18e9, 0x18ea, 0x18eb, 0x4149, 0x18ed, 0x18ec, 0x0754, 0x414b, 0x18f5, 0x0fd8, 0x18ef, 0x18f1, 0x414c,
    0x18f3, 0x0c60, 0x18f4, 0x18f2, 0x0b48, 0x414d, 0x414e, 0x18ee, 0x18f0, 0x1010, 0x414f, 0x0c0d, 0x18f7, 0x18f6, 0x215e, 0x4150,
    0x18f8, 0x4151, 0x0b2e, 0x0a7b, 0x0ecd, 0x18f9, 0x0e43, 0x4152, 0x18fb, 0x4153, 0x4154, 0x11c5, 0x18fa, 0x215f, 0x4155, 0x0d47,
    0x4156, 0x4157, 0x1900, 0x4158, 0x1902, 0x1903, 0x0dee, 0x4159, 0x1901, 0x18fe, 0x18fc, 0x18fd, 0x2160, 0x18ff, 0x2161, 0x415a,
    0x415c, 0x2162, 0x1906, 0x1904, 0x1905, 0x415d, 0x4160, 0x2163, 0x2164, 0x415b, 0x2165, 0x4161, 0x4162, 0x2166, 0x1907, 0x1909,
    0x190a, 0x190b, 0x190c, 0x4164, 0x23c1, 0x1908, 0x4165, 0x2167, 0x190e, 0x4167, 0x190d, 0x2168, 0x190f, 0x4166, 0x416a, 0x11e9,
    0x2169, 0x1912, 0x1910, 0x1911, 0x416c, 0x216a, 0x087a, 0x1166, 0x416d, 0x1076, 0x1914, 0x1913, 0x1915, 0x1916, 0x216b, 0x216c,
    0x191a, 0x1917, 0x1918, 0x1919, 0x191b, 0x216d, 0x416f, 0x216e, 0x191c, 0x216f, 0x191d, 0x191e, 0x191f, 0x0f9f, 0x0ea6, 0x1920,
    0x0f84, 0x1002, 0x1921, 0x2170, 0x1922, 0x0e80, 0x07e1, 0x0a32, 0x1923, 0x1924, 0x1925, 0x0ad3, 0x1927, 0x4170, 0x1926, 0x1928,
    0x1929, 0x2171, 0x4171, 0x2172, 0x2173, 0x4173, 0x4172, 0x2174, 0x4174, 0x4175, 0x2175, 0x0fd9, 0x4176, 0x192a, 0x192b, 0x2176,
    0x1fa3, 0x192c, 0x192d, 0x192e, 0x0ad8, 0x192f, 0x0f68, 0x2177, 0x10e9, 0x074c, 0x4178, 0x0755, 0x2178, 0x1930, 0x2179, 0x1932,
    0x217a, 0x1931, 0x0ec6, 0x0cb9, 0x175f, 0x1933, 0x1129, 0x1934, 0x085e, 0x0fc7, 0x1935, 0x217b, 0x1936, 0x417a, 0x1937, 0x417b,
    0x1144, 0x217c, 0x113d, 0x0e36, 0x0d48, 0x1939, 0x217d, 0x0bc8, 0x0c0e, 0x193c, 0x193b, 0x193a, 0x0fed, 0x217e, 0x085f, 0x09b9,
    0x417d, 0x217f, 0x417e, 0x1942, 0x193f, 0x0c61, 0x111a, 0x193e, 0x1940, 0x1941, 0x193d, 0x417f, 0x2180, 0x4180, 0x2181, 0x1943,
    0x1944, 0x0e27, 0x087b, 0x0dff, 0x2182, 0x1945, 0x2183, 0x2184, 0x4185, 0x1946, 0x1949, 0x2185, 0x2186, 0x4186, 0x0c89, 0x2187,
    0x0ef8, 0x194a, 0x10dd, 0x1947, 0x4187, 0x1948, 0x4189, 0x194d, 0x2188, 0x418a, 0x418b, 0x194c, 0x194b, 0x2189, 0x194f, 0x194e,
    0x1950, 0x218a, 0x418e, 0x1952, 0x418f, 0x1951, 0x4190, 0x4191, 0x1079, 0x4192, 0x218b, 0x0bbc, 0x11ea, 0x1953, 0x0eeb, 0x1954,
    0x1955, 0x1959, 0x1957, 0x1958, 0x1956, 0x195a, 0x195b, 0x195c, 0x195d, 0x111f, 0x195e, 0x4193, 0x4194, 0x218c, 0x1158, 0x195f,
    0x4195, 0x0de8, 0x4196, 0x0f7c, 0x093f, 0x4197, 0x4198, 0x0dd5, 0x1960, 0x090e, 0x419a, 0x0cd0, 0x419b, 0x419c, 0x1961, 0x0a89,
    0x419e, 0x419f, 0x41a0, 0x1962, 0x41a1, 0x1963, 0x09b6, 0x0aa1, 0x41a2, 0x1965, 0x41a3, 0x0eac, 0x0aa2, 0x08c4, 0x41a4, 0x218d,
    0x10ae, 0x0f5d, 0x0ead, 0x0a4a, 0x218f, 0x1967, 0x41a5, 0x2190, 0x2191, 0x2192, 0x0c0f, 0x41a6, 0x2193, 0x41a7, 0x11d6, 0x0a33,
    0x2194, 0x09b7, 0x0f93, 0x1969, 0x196b, 0x09fb, 0x196a, 0x0e6e, 0x41a9, 0x196d, 0x07f1, 0x1968, 0x0fda, 0x072e, 0x41aa, 0x0ab8,
    0x1254, 0x196c, 0x41ac, 0x41ad, 0x41ae, 0x196e, 0x41ab, 0x1077, 0x0cd9, 0x1970, 0x2198, 0x1971, 0x2196, 0x196f, 0x0808, 0x41af,
    0x1977, 0x1976, 0x0b2f, 0x1978, 0x1973, 0x41b0, 0x1979, 0x1974, 0x41b1, 0x41b2, 0x0fc8, 0x1972, 0x1975, 0x41b3, 0x197c, 0x41b4,
    0x41b5, 0x2199, 0x41b6, 0x197b, 0x10eb, 0x197a, 0x070b, 0x219a, 0x197e, 0x219c, 0x41b7, 0x41b8, 0x41b9, 0x197d, 0x41ba, 0x219b,
    0x0c10, 0x197f, 0x0d21, 0x41bc, 0x1981, 0x1980, 0x1982, 0x41bd, 0x219d, 0x41bf, 0x1964, 0x1966, 0x1984, 0x1983, 0x219e, 0x41be,
    0x219f, 0x21a0, 0x0b30, 0x41c0, 0x120d, 0x0b5a, 0x1985, 0x0969, 0x21a3, 0x21a4, 0x08b6, 0x089d, 0x0b0d, 0x41c1, 0x117a, 0x198b,
    0x198a, 0x0d22, 0x1987, 0x41c2, 0x1989, 0x41c3, 0x21a8, 0x0bb1, 0x0c62, 0x1988, 0x1986, 0x0f3c, 0x0c11, 0x41c5, 0x100a, 0x0aa3,
    0x41c6, 0x0ece, 0x21ac, 0x198c, 0x198d, 0x19a3, 0x092c, 0x123f, 0x0d13, 0x198e, 0x07ae, 0x0e6f, 0x104d, 0x41c7, 0x41c8, 0x41c9,
    0x21b0, 0x41ca, 0x198f, 0x41cb, 0x08f0, 0x1990, 0x41cc, 0x1992, 0x1993, 0x0f3b, 0x21b1, 0x1994, 0x41cd, 0x21b2, 0x1995, 0x1996,
    0x41ce, 0x092d, 0x07af, 0x0ef9, 0x0b8e, 0x0b0e, 0x41cf, 0x41d0, 0x21b3, 0x1997, 0x21b4, 0x0b8f, 0x41d1, 0x41d2, 0x07a6, 0x1011,
    0x21b6, 0x1998, 0x41d3, 0x0fdb, 0x21b7, 0x0d23, 0x199b, 0x199c, 0x0f7b, 0x0c63, 0x1999, 0x0dfb, 0x21b8, 0x199a, 0x21b9, 0x0c12,
    0x06fc, 0x089f, 0x21ba, 0x199d, 0x41d8, 0x0e70, 0x199e, 0x0cc7, 0x41d9, 0x1115, 0x41da, 0x0ff1, 0x199f, 0x19a0, 0x0def, 0x41db,
    0x11eb, 0x41dc, 0x19a2, 0x19a1, 0x41de, 0x0b77, 0x19a4, 0x0710, 0x19a7, 0x41df, 0x21bc, 0x19a5, 0x07b0, 0x0980, 0x19a6, 0x0a34,
    0x0a60, 0x1092, 0x19a8, 0x10de, 0x41e0, 0x19aa, 0x41e1, 0x0cd1, 0x074d, 0x0796, 0x06cc, 0x41e2, 0x19a9, 0x41e3, 0x41e4, 0x21bd,
    0x41e5, 0x41e6, 0x19ab, 0x19ac, 0x0c3b, 0x41e7, 0x19ad, 0x41e8, 0x0809, 0x21be, 0x19af, 0x099c, 0x41e9, 0x08dc, 0x41ea, 0x19b0,
    0x0949, 0x19b1, 0x0cfc, 0x0f01, 0x41eb, 0x0ce0, 0x0ac1, 0x21c0, 0x19b2, 0x41ec, 0x41ed, 0x0dfc, 0x0d49, 0x19b4, 0x19b6, 0x19b3,
    0x19b5, 0x0954, 0x21c1, 0x41ee, 0x19b7, 0x0958, 0x41ef, 0x08dd, 0x1198, 0x19b9, 0x21c3, 0x19ba, 0x41f2, 0x072c, 0x21c4, 0x41f3,
    0x41f4, 0x19bd, 0x0830, 0x19bc, 0x19bb, 0x19bf, 0x19b8, 0x19c0, 0x11cd, 0x41f6, 0x19c1, 0x21c5, 0x19c2, 0x41f7, 0x144c, 0x19c4,
    0x19c3, 0x19c5, 0x19c6, 0x11d9, 0x19c7, 0x1e8f, 0x0c13, 0x19c8, 0x19c9, 0x0bbd, 0x0eec, 0x19ca, 0x41f8, 0x41f9, 0x0dc2, 0x21c6,
    0x19cb, 0x0dd6, 0x19cc, 0x41fa, 0x08f9, 0x12fd, 0x0df7, 0x0b3b, 0x21c7, 0x0860, 0x19cd, 0x19da, 0x19d0, 0x41fd, 0x08de, 0x19cf,
    0x19dc, 0x19ce, 0x0c14, 0x21c8, 0x19d2, 0x19d3, 0x0e81, 0x19d4, 0x0818, 0x0c7c, 0x1032, 0x4200, 0x19d6, 0x4201, 0x0da4, 0x21c9,
    0x4202, 0x4203, 0x4204, 0x19d1, 0x19d5, 0x19d7, 0x0ac7, 0x21ca, 0x41ff, 0x4208, 0x19de, 0x0ffc, 0x21cb, 0x0f96, 0x0ecf, 0x092e,
    0x19dd, 0x19db, 0x21cc, 0x0fa5, 0x19d8, 0x0df8, 0x0ed1, 0x0ed0, 0x420a, 0x0ac2, 0x19f0, 0x21cd, 0x420c, 0x19e0, 0x420d, 0x19e2,
    0x420e, 0x19e5, 0x21ce, 0x19e6, 0x21cf, 0x19e3, 0x19e4, 0x21d0, 0x420f, 0x19e1, 0x19df, 0x420b, 0x19d9, 0x4207, 0x107b, 0x07b1,
    0x19ed, 0x19ea, 0x19ef, 0x4212, 0x4213, 0x19ee, 0x0f85, 0x110f, 0x0ae5, 0x19e8, 0x19f1, 0x19ec, 0x4214, 0x19eb, 0x19e7, 0x21d1,
    0x19e9, 0x0861, 0x0dd7, 0x0cfd, 0x4216, 0x0f92, 0x19f6, 0x4217, 0x0f94, 0x4218, 0x0ce1, 0x19f3, 0x0fbf, 0x4219, 0x19f7, 0x107f,
    0x0df5, 0x421a, 0x19f2, 0x19f4, 0x19f5, 0x421d, 0x421e, 0x21d3, 0x21d4, 0x421f, 0x19f8, 0x0b4c, 0x0efa, 0x19fd, 0x19fc, 0x19f9,
    0x4220, 0x1238, 0x4221, 0x1a02, 0x1a06, 0x1a03, 0x19ff, 0x21d5, 0x4222, 0x1a00, 0x4223, 0x1a05, 0x4224, 0x4225, 0x19fa, 0x1371,
    0x1a01, 0x19fb, 0x1a04, 0x21d7, 0x1a0a, 0x21d8, 0x0862, 0x1a07, 0x4226, 0x1a08, 0x1a09, 0x1a0c, 0x21d6, 0x21d9, 0x21da, 0x1a0b,
    0x0fe6, 0x1a0d, 0x1220, 0x1099, 0x1a12, 0x1a0f, 0x4227, 0x4228, 0x1a0e, 0x0cd2, 0x1a11, 0x1a13, 0x4229, 0x1a10, 0x1a17, 0x422a,
    0x1a14, 0x21dd, 0x422b, 0x1a15, 0x19fe, 0x422c, 0x1a16, 0x1a18, 0x422d, 0x1a19, 0x21de, 0x422e, 0x422f, 0x4230, 0x1072, 0x1a1a,
    0x21df, 0x114a, 0x0922, 0x095b, 0x1a1b, 0x1060, 0x0c8a, 0x1118, 0x21e0, 0x1a1c, 0x11d7, 0x21e1, 0x0f86, 0x0d24, 0x0f46, 0x0bb3,
    0x06e0, 0x21e2, 0x1a21, 0x1a1f, 0x1a1d, 0x0839, 0x4234, 0x0c15, 0x1a22, 0x1a20, 0x1a1e, 0x1a26, 0x1a25, 0x1a24, 0x1a23, 0x4236,
    0x4237, 0x1a27, 0x21e3, 0x1a28, 0x0cba, 0x4238, 0x1a29, 0x1a2b, 0x423a, 0x1a2a, 0x423c, 0x09e2, 0x423d, 0x0d16, 0x1a2d, 0x21e4,
    0x0ed2, 0x423f, 0x1a2c, 0x21e5, 0x1a2e, 0x21e6, 0x1061, 0x0d4a, 0x0a35, 0x1a2f, 0x4241, 0x11ec, 0x4242, 0x1a31, 0x1a32, 0x1a33,
    0x4244, 0x1a34, 0x0b0f, 0x1a35, 0x0981, 0x08e0, 0x08a0, 0x1a37, 0x4245, 0x115b, 0x0a36, 0x1a36, 0x21e7, 0x21e8, 0x4246, 0x1a3a,
    0x114e, 0x0f4e, 0x1001, 0x4248, 0x21e9, 0x0bc9, 0x1a39, 0x0b5b, 0x0a37, 0x0b10, 0x08df, 0x1062, 0x1a38, 0x21ea, 0x4249, 0x0d25,
    0x10cc, 0x0ac3, 0x21eb, 0x0b11, 0x0e55, 0x1a3d, 0x1203, 0x0aa5, 0x21ec, 0x1a3e, 0x0c64, 0x1a40, 0x0c16, 0x0a7c, 0x424c, 0x424d,
    0x1a3f, 0x424e, 0x21ed, 0x0b90, 0x09ce, 0x0d26, 0x1a3b, 0x1a41, 0x424f, 0x21ee, 0x1a3c, 0x0982, 0x1a44, 0x1a48, 0x099d, 0x21ef,
    0x1a43, 0x4253, 0x4254, 0x1a4c, 0x21f0, 0x0a38, 0x11b3, 0x06dc, 0x1a49, 0x08e1, 0x1a46, 0x4255, 0x1a47, 0x4256, 0x0ed3, 0x1a45,
    0x1a42, 0x07e2, 0x0ce4, 0x09b8, 0x21f1, 0x1a4e, 0x4258, 0x21f2, 0x425a, 0x425b, 0x1a4b, 0x21f3, 0x425c, 0x1a4d, 0x1a4a, 0x425d,
    0x0983, 0x0d6f, 0x1a4f, 0x0d4c, 0x425f, 0x1a5c, 0x21f4, 0x1a58, 0x1a52, 0x21f5, 0x4260, 0x4261, 0x1a56, 0x0b82, 0x06fd, 0x1a51,
    0x1a59, 0x1a5d, 0x0a39, 0x113e, 0x0e4e, 0x1a53, 0x4262, 0x4263, 0x1a5b, 0x1a50, 0x0dd8, 0x1a55, 0x06dd, 0x1132, 0x4264, 0x21f6,
    0x1a54, 0x092f, 0x0fdc, 0x21f7, 0x0d4b, 0x11f4, 0x0bd5, 0x1a84, 0x21f8, 0x4265, 0x1a5e, 0x4266, 0x0cfe, 0x1a5a, 0x1a5f, 0x1a61,
    0x0e71, 0x1a64, 0x21f9, 0x1a60, 0x4267, 0x1080, 0x0863, 0x1133, 0x06fe, 0x4268, 0x1a63, 0x1221, 0x4269, 0x1a62, 0x076d, 0x0f20,
    0x1a65, 0x21fc, 0x1a6c, 0x1a66, 0x1a6d, 0x426d, 0x21fd, 0x1a69, 0x21fe, 0x426e, 0x0f8d, 0x426f, 0x0b52, 0x1a6b, 0x4270, 0x1a68,
    0x1a6e, 0x1a67, 0x0baa, 0x4271, 0x21fb, 0x10af, 0x4272, 0x0bb2, 0x1a6a, 0x1a76, 0x1a72, 0x1a75, 0x1a73, 0x1a77, 0x1a71, 0x1a57,
    0x0cd3, 0x0fbb, 0x1a74, 0x4273, 0x1a6f, 0x2200, 0x0cff, 0x0984, 0x0b91, 0x2201, 0x0c47, 0x0d14, 0x1a7a, 0x1a7c, 0x1a7d, 0x1a79,
    0x1a7b, 0x2202, 0x1a70, 0x1a78, 0x1a80, 0x1a7f, 0x23c2, 0x1104, 0x095d, 0x4274, 0x4275, 0x1a7e, 0x1a82, 0x1a81, 0x1a85, 0x4276,
    0x1a87, 0x0ae6, 0x1a83, 0x4277, 0x4278, 0x1a88, 0x1a89, 0x2203, 0x1a8a, 0x2204, 0x1a90, 0x0e91, 0x1a8c, 0x427a, 0x1a8b, 0x1a8d,
    0x1a8e, 0x1a8f, 0x427b, 0x427c, 0x1a91, 0x1a92, 0x0864, 0x1a93, 0x1a94, 0x427f, 0x427e, 0x4280, 0x4281, 0x4282, 0x1a95, 0x2205,
    0x1a96, 0x1a97, 0x1a98, 0x4283, 0x1a99, 0x1a9a, 0x4286, 0x1a9c, 0x1a9b, 0x1a9d, 0x1a9e, 0x1a9f, 0x4288, 0x4289, 0x428a, 0x1aa2,
    0x1aa0, 0x1aa1, 0x0aad, 0x0985, 0x428b, 0x0df0, 0x0fa3, 0x0bd6, 0x0f5f, 0x0fdd, 0x1aa3, 0x15bd, 0x428c, 0x428d, 0x1aa4, 0x1aa6,
    0x11ab, 0x1aa5, 0x1aa8, 0x1aa7, 0x1199, 0x1aa9, 0x0fee, 0x428f, 0x2207, 0x1aaa, 0x4292, 0x2208, 0x1aad, 0x4293, 0x1aac, 0x1aab,
    0x1aae, 0x0964, 0x0d00, 0x08b7, 0x4294, 0x1ab2, 0x1aaf, 0x1ab0, 0x1ab3, 0x1ab4, 0x1ab1, 0x0727, 0x2209, 0x0783, 0x4296, 0x1ab6,
    0x1ab7, 0x1ab8, 0x11a8, 0x220a, 0x4297, 0x0b92, 0x1aba, 0x1ab9, 0x220b, 0x220c, 0x0c8b, 0x1abb, 0x4298, 0x4299, 0x1abc, 0x1abd,
    0x087d, 0x220d, 0x220e, 0x429a, 0x0865, 0x429b, 0x1abe, 0x1abf, 0x220f, 0x10e7, 0x11a9, 0x119a, 0x1239, 0x429c, 0x0a3b, 0x1ac2,
    0x0b5c, 0x1ac1, 0x429e, 0x429d, 0x1ac3, 0x0b31, 0x429f, 0x0d8d, 0x42a0, 0x1ac4, 0x2211, 0x0a3a, 0x42a1, 0x113f, 0x1ac5, 0x1ac6,
    0x1ac7, 0x1ac8, 0x42a2, 0x2212, 0x1ac9, 0x42a3, 0x42a4, 0x0b32, 0x2213, 0x1155, 0x2214, 0x1acb, 0x2215, 0x0dd9, 0x1aca, 0x42a5,
    0x1acd, 0x1acc, 0x1ace, 0x0cbb, 0x1acf, 0x1ad0, 0x1065, 0x1ad1, 0x0d4d, 0x1ad2, 0x42a6, 0x1ad3, 0x1222, 0x1ad6, 0x42a7, 0x1ad5,
    0x1ad4, 0x0e28, 0x42a8, 0x1ad7, 0x0c48, 0x1ad8, 0x42a9, 0x1ad9, 0x123a, 0x1ada, 0x1adb, 0x1add, 0x1adc, 0x0f95, 0x0f2d, 0x1240,
    0x0f99, 0x1adf, 0x0c17, 0x0ff8, 0x42aa, 0x1ae0, 0x1ade, 0x42ab, 0x0866, 0x09e4, 0x0b12, 0x42ac, 0x0fde, 0x42ad, 0x09ba, 0x10cd,
    0x1ae3, 0x1ae1, 0x0a3c, 0x0a3d, 0x0709, 0x0ab4, 0x42ae, 0x0f6b, 0x06ff, 0x1ae8, 0x42b0, 0x0dda, 0x2216, 0x0f6a, 0x0d97, 0x42b1,
    0x1aea, 0x2217, 0x42b2, 0x1ae6, 0x1ae9, 0x1ae4, 0x1ae7, 0x10b0, 0x2218, 0x09e5, 0x071d, 0x1ae5, 0x42b3, 0x1aec, 0x1aed, 0x2219,
    0x0eed, 0x42b6, 0x090f, 0x42b7, 0x1af8, 0x0f4f, 0x0b13, 0x0910, 0x0cc8, 0x1248, 0x1116, 0x1aeb, 0x0cd4, 0x42b5, 0x42ba, 0x221a,
    0x08c9, 0x1aee, 0x42bb, 0x1af0, 0x42bd, 0x42be, 0x1aef, 0x42bf, 0x1af1, 0x0dc0, 0x0f50, 0x42b9, 0x0e29, 0x42c1, 0x1af5, 0x1af4,
    0x221b, 0x1af2, 0x0c77, 0x1033, 0x1af7, 0x1af6, 0x0a3e, 0x1255, 0x1b07, 0x221c, 0x1afb, 0x1afc, 0x221d, 0x221e, 0x42c3, 0x0b78,
    0x221f, 0x1afa, 0x0a66, 0x1af9, 0x1afd, 0x0e2a, 0x104e, 0x0d01, 0x0d98, 0x1b01, 0x42c5, 0x1b02, 0x1afe, 0x42c7, 0x42c8, 0x1aff,
    0x1b00, 0x0a3f, 0x1b08, 0x1b04, 0x42ca, 0x1034, 0x10f6, 0x0ff6, 0x1b03, 0x1b06, 0x1b05, 0x10ce, 0x1b09, 0x1b0a, 0x42cb, 0x0d15,
    0x1b0b, 0x1b0d, 0x1b11, 0x2220, 0x1b0e, 0x1b0c, 0x0f51, 0x1b0f, 0x42cc, 0x1b10, 0x42cd, 0x078e, 0x1b17, 0x1b12, 0x2221, 0x1b13,
    0x2222, 0x1b14, 0x0d5d, 0x42ce, 0x2223, 0x1b16, 0x1b15, 0x1b18, 0x42cf, 0x1b19, 0x1b1a, 0x0c65, 0x42d1, 0x07c5, 0x1b1b, 0x11fb,
    0x0b33, 0x42d3, 0x0b93, 0x0b14, 0x0df1, 0x1b1c, 0x1b1d, 0x072f, 0x42d5, 0x1b1e, 0x42d6, 0x1b1f, 0x1b20, 0x42d8, 0x1b21, 0x1b22,
    0x0911, 0x1636, 0x1b23, 0x0ce5, 0x1b24, 0x0b53, 0x1b25, 0x1290, 0x1b26, 0x108a, 0x0874, 0x42da, 0x0d02, 0x0bbe, 0x103f, 0x0b94,
    0x42db, 0x42dc, 0x1b27, 0x0a40, 0x1b28, 0x0fbc, 0x1b36, 0x42de, 0x1b2a, 0x42df, 0x0d85, 0x0f87, 0x09cf, 0x1b29, 0x0d03, 0x42e0,
    0x1b2b, 0x42e3, 0x42e1, 0x0e72, 0x42e2, 0x42e5, 0x42e7, 0x42e9, 0x1b2d, 0x1b2c, 0x1b2f, 0x42eb, 0x1b2e, 0x1b30, 0x2227, 0x1b32,
    0x42ec, 0x1b31, 0x0867, 0x1b33, 0x1b34, 0x1b35, 0x0a7d, 0x11ed, 0x1b37, 0x0c49, 0x2228, 0x076e, 0x1b38, 0x1b39, 0x42f0, 0x42f2,
    0x1b3a, 0x42f3, 0x42f4, 0x42f5, 0x0712, 0x1b3b, 0x222a, 0x1b3c, 0x42f6, 0x1035, 0x0b4f, 0x1b3e, 0x222b, 0x222c, 0x222d, 0x07e3,
    0x06d2, 0x42f7, 0x42f8, 0x222e, 0x1b3d, 0x1b40, 0x0f60, 0x222f, 0x0c66, 0x07b2, 0x42f9, 0x10b1, 0x42fa, 0x2230, 0x098f, 0x0930,
    0x42fb, 0x1b3f, 0x42fc, 0x07c6, 0x2231, 0x2232, 0x083b, 0x2233, 0x076f, 0x1b44, 0x120e, 0x0d99, 0x2234, 0x1012, 0x1b50, 0x07b3,
    0x1b4e, 0x1b4c, 0x1b43, 0x1b41, 0x42fd, 0x1b42, 0x0b6b, 0x0940, 0x0e11, 0x42fe, 0x0f05, 0x074f, 0x1b46, 0x1b45, 0x42ff, 0x1b4b,
    0x1b47, 0x1b4a, 0x2235, 0x2236, 0x2237, 0x2238, 0x1138, 0x1b49, 0x07b4, 0x0837, 0x1b4d, 0x4300, 0x4301, 0x1b4f, 0x4302, 0x0986,
    0x1b53, 0x1b5c, 0x1b5d, 0x4304, 0x06cb, 0x4305, 0x223a, 0x1b64, 0x0711, 0x1b5b, 0x223b, 0x1b5a, 0x4306, 0x1b55, 0x1b54, 0x1b52,
    0x1b51, 0x0dfd, 0x0db7, 0x1b57, 0x223c, 0x4307, 0x1b56, 0x223d, 0x4308, 0x1b59, 0x223e, 0x0d4e, 0x0987, 0x073f, 0x1b58, 0x223f,
    0x0a41, 0x4303, 0x2240, 0x4309, 0x0d4f, 0x2239, 0x28b2, 0x1b6a, 0x1b6b, 0x07b5, 0x078a, 0x1b68, 0x2241, 0x430b, 0x1b5e, 0x2242,
    0x1b66, 0x1b6d, 0x1b67, 0x430e, 0x1b65, 0x2243, 0x1b48, 0x430f, 0x4310, 0x1b63, 0x2244, 0x1b5f, 0x4311, 0x4312, 0x0868, 0x1b61,
    0x1b6c, 0x1b62, 0x2245, 0x1b6e, 0x2246, 0x1b60, 0x0f8e, 0x11af, 0x1b69, 0x1b7f, 0x2247, 0x2248, 0x1b77, 0x0c9d, 0x2249, 0x4313,
    0x08bc, 0x0931, 0x1b72, 0x224a, 0x4314, 0x224b, 0x07b7, 0x4315, 0x0c18, 0x1b75, 0x0aa6, 0x4316, 0x0ea7, 0x1b7a, 0x224c, 0x4317,
    0x109a, 0x224d, 0x1b71, 0x07b6, 0x09e6, 0x0ff7, 0x1b7b, 0x1b6f, 0x1b78, 0x4318, 0x1b82, 0x1b73, 0x224e, 0x1b74, 0x0eee, 0x224f,
    0x1b79, 0x2250, 0x1b76, 0x10b2, 0x1b7c, 0x0700, 0x4319, 0x431a, 0x1b70, 0x431b, 0x431d, 0x1b7e, 0x1b7d, 0x0f7d, 0x1b84, 0x1b8f,
    0x0838, 0x1b92, 0x1b80, 0x431e, 0x1b85, 0x11b4, 0x1b8e, 0x2252, 0x119b, 0x431f, 0x11ce, 0x4320, 0x4321, 0x4322, 0x0e12, 0x4323,
    0x4324, 0x0825, 0x4325, 0x2253, 0x1040, 0x1b94, 0x0ed5, 0x4327, 0x06d1, 0x1b8d, 0x1b89, 0x0d50, 0x1b83, 0x1b8b, 0x1b90, 0x2254,
    0x0f3e, 0x2255, 0x06ca, 0x4328, 0x1b88, 0x4329, 0x1b91, 0x1046, 0x432a, 0x432b, 0x1b8c, 0x1b87, 0x2256, 0x0c19, 0x0b95, 0x0b34,
    0x432e, 0x1140, 0x1015, 0x2257, 0x1b97, 0x1ba0, 0x432f, 0x1b8a, 0x2258, 0x0831, 0x2259, 0x0c3c, 0x1b95, 0x225a, 0x1b9a, 0x0d51,
    0x4330, 0x1b96, 0x225b, 0x1b9d, 0x225c, 0x0df9, 0x1b9e, 0x119c, 0x1b93, 0x07f2, 0x1b99, 0x4332, 0x4333, 0x1b9c, 0x1114, 0x4334,
    0x1b9f, 0x1b98, 0x1b9b, 0x432d, 0x4336, 0x4337, 0x10b3, 0x1223, 0x4338, 0x4339, 0x433a, 0x1ba3, 0x433b, 0x1baa, 0x433c, 0x1ba2,
    0x0b4b, 0x1b81, 0x433d, 0x107a, 0x110a, 0x1ba9, 0x1ba8, 0x1ba4, 0x1ba5, 0x0734, 0x433e, 0x225f, 0x1ba7, 0x1ba1, 0x2260, 0x433f,
    0x4340, 0x0e4d, 0x4341, 0x1ba6, 0x071e, 0x2261, 0x225e, 0x4342, 0x0d5e, 0x106f, 0x4347, 0x1bab, 0x1baf, 0x0fc9, 0x1bae, 0x0c1a,
    0x0b51, 0x1bb1, 0x0912, 0x4343, 0x4348, 0x4349, 0x1bb2, 0x1047, 0x1bad, 0x2262, 0x1b86, 0x434a, 0x434b, 0x434c, 0x1bac, 0x2263,
    0x1251, 0x0ed6, 0x1041, 0x1bb9, 0x4344, 0x1bbf, 0x2266, 0x434e, 0x434f, 0x1bc0, 0x4350, 0x1bb3, 0x4351, 0x0f88, 0x4352, 0x1bbd,
    0x1bb5, 0x1bb7, 0x2267, 0x2268, 0x1bc1, 0x1bb6, 0x4353, 0x1bba, 0x0770, 0x0f19, 0x1bbb, 0x1bbe, 0x4354, 0x4355, 0x2269, 0x1bb4,
    0x0d04, 0x1bb8, 0x0ad1, 0x0c67, 0x0962, 0x115c, 0x2265, 0x1161, 0x0bd8, 0x226a, 0x4359, 0x1bc5, 0x1bc3, 0x435a, 0x1250, 0x435b,
    0x1bc2, 0x435c, 0x226b, 0x11bb, 0x226c, 0x1bc4, 0x1bc6, 0x1bc7, 0x435d, 0x435e, 0x1bca, 0x1bc8, 0x435f, 0x4360, 0x0ed7, 0x1bc9,
    0x4361, 0x0fbd, 0x1bbc, 0x226d, 0x4362, 0x0bd9, 0x1bcb, 0x1bd0, 0x0d52, 0x1bcf, 0x226f, 0x4363, 0x1bb0, 0x2270, 0x2271, 0x1bd1,
    0x0d27, 0x1bcc, 0x1bce, 0x2272, 0x4364, 0x226e, 0x1bcd, 0x1757, 0x1748, 0x2274, 0x1bd3, 0x4365, 0x4366, 0x1bd2, 0x4367, 0x4368,
    0x2275, 0x11bc, 0x1938, 0x1bd4, 0x2276, 0x436a, 0x436b, 0x1bd5, 0x436d, 0x06aa, 0x1bd6, 0x09e7, 0x08ca, 0x436f, 0x1bd8, 0x131b,
    0x4370, 0x2277, 0x08eb, 0x2278, 0x11de, 0x0947, 0x1bd9, 0x227a, 0x1bda, 0x0e08, 0x227c, 0x4371, 0x1bdb, 0x227d, 0x4372, 0x0f2e,
    0x4373, 0x06da, 0x4374, 0x4375, 0x07bf, 0x1be0, 0x1be1, 0x4376, 0x4377, 0x1bdc, 0x0ae7, 0x227e, 0x4378, 0x4379, 0x1bdd, 0x0f54,
    0x437a, 0x1bde, 0x1bdf, 0x1be9, 0x1be3, 0x1be6, 0x437c, 0x437d, 0x1be2, 0x227f, 0x437e, 0x437f, 0x1be4, 0x1be5, 0x0b60, 0x1be7,
    0x0ddb, 0x0988, 0x07fc, 0x4380, 0x1bea, 0x4381, 0x4382, 0x07f9, 0x1bef, 0x1beb, 0x1bee, 0x4383, 0x0faa, 0x4384, 0x1bec, 0x1bed,
    0x1016, 0x0fca, 0x1bf0, 0x0db9, 0x1bfa, 0x2280, 0x1bf6, 0x2281, 0x2282, 0x07c7, 0x1bf4, 0x10b4, 0x1bf5, 0x4386, 0x1bf2, 0x4387,
    0x1bf3, 0x1bf8, 0x1bfb, 0x2283, 0x1bf9, 0x4388, 0x4389, 0x1bf7, 0x1bf1, 0x438a, 0x0df2, 0x438b, 0x1c02, 0x1112, 0x438c, 0x438d,
    0x438e, 0x1c00, 0x1c01, 0x438f, 0x1bfc, 0x1bfe, 0x4390, 0x1bff, 0x4391, 0x1bfd, 0x4392, 0x4393, 0x0ce6, 0x123b, 0x1c06, 0x1c07,
    0x4394, 0x1c0d, 0x0c4c, 0x1c09, 0x4395, 0x1c0c, 0x1c04, 0x1c03, 0x1c0e, 0x4396, 0x4397, 0x07b8, 0x1c0a, 0x1c0f, 0x1c0b, 0x2284,
    0x4398, 0x1c08, 0x0e2b, 0x1c05, 0x4399, 0x0f7a, 0x1c13, 0x2285, 0x2286, 0x439d, 0x439e, 0x1181, 0x439f, 0x1c12, 0x43a0, 0x1c11,
    0x439c, 0x1c1a, 0x2287, 0x2288, 0x1c14, 0x1c1c, 0x2289, 0x11ac, 0x1c1f, 0x1c16, 0x43a3, 0x1c17, 0x43a5, 0x1c1b, 0x1c1e, 0x1c1d,
    0x1c15, 0x43a6, 0x1c18, 0x1c29, 0x228b, 0x43a8, 0x1c22, 0x43aa, 0x43ab, 0x43ac, 0x43ad, 0x43ae, 0x228c, 0x43af, 0x1c20, 0x1c21,
    0x43a7, 0x1c26, 0x1c27, 0x07e4, 0x08b8, 0x1c25, 0x43b0, 0x43b1, 0x1c10, 0x228d, 0x228e, 0x43b2, 0x1c24, 0x1c28, 0x1c23, 0x228f,
    0x1c2a, 0x43b3, 0x2290, 0x1c2c, 0x1c2b, 0x2291, 0x1c2e, 0x1c2d, 0x1be8, 0x1c32, 0x43b4, 0x43b5, 0x1c2f, 0x43b6, 0x1c30, 0x1c31,
    0x1c33, 0x43b7, 0x099e, 0x1c35, 0x1c34, 0x0b96, 0x43b9, 0x0a42, 0x17ab, 0x1c36, 0x0bb7, 0x07f3, 0x43ba, 0x1c37, 0x0750, 0x0c1b,
    0x1c38, 0x43bb, 0x0a43, 0x1c39, 0x0701, 0x43bc, 0x100b, 0x43bf, 0x1c3a, 0x43c1, 0x0c8c, 0x1c41, 0x1c3e, 0x0e09, 0x1c3f, 0x1c3c,
    0x0932, 0x1c3b, 0x1c42, 0x0968, 0x0d9a, 0x1c48, 0x1c44, 0x0d71, 0x1c43, 0x2292, 0x1c46, 0x1c3d, 0x43c2, 0x1c47, 0x1c49, 0x2293,
    0x0fdf, 0x1c45, 0x1c4a, 0x1c4c, 0x09e3, 0x1c40, 0x06e1, 0x43c3, 0x43c4, 0x43c5, 0x1c4b, 0x43c6, 0x0aa7, 0x121a, 0x1c4d, 0x1c4e,
    0x0d53, 0x2294, 0x2295, 0x11c6, 0x43c9, 0x43c7, 0x43ca, 0x1c4f, 0x117b, 0x1c50, 0x1c51, 0x43cb, 0x1090, 0x1c52, 0x0a8c, 0x11c7,
    0x1c57, 0x43cc, 0x43cd, 0x1c58, 0x0c1c, 0x1c56, 0x2297, 0x11ad, 0x1c53, 0x1c55, 0x0cbd, 0x0ca0, 0x43cf, 0x1c54, 0x1c59, 0x104f,
    0x1c5b, 0x1c5a, 0x0826, 0x10b5, 0x1c5c, 0x229a, 0x229b, 0x229c, 0x2298, 0x1c68, 0x1c5e, 0x1c5f, 0x229d, 0x1c60, 0x1c61, 0x229e,
    0x229f, 0x1c65, 0x43d1, 0x1c66, 0x22a0, 0x1c64, 0x22a1, 0x1c62, 0x43d3, 0x1c5d, 0x1c63, 0x43d4, 0x43d5, 0x1c67, 0x1e57, 0x0784,
    0x1c6a, 0x0933, 0x1c69, 0x43d8, 0x1c6c, 0x1c6b, 0x1c6e, 0x1c6d, 0x1c6f, 0x0b97, 0x1c70, 0x1c71, 0x1c72, 0x0cbe, 0x43d9, 0x119d,
    0x1c73, 0x1050, 0x0f58, 0x1c74, 0x43da, 0x1c75, 0x09bb, 0x08a2, 0x43db, 0x1c76, 0x22a2, 0x0b15, 0x0f53, 0x1c77, 0x080a, 0x43dc,
    0x1c78, 0x1c7a, 0x11bd, 0x1c79, 0x0c68, 0x1c7b, 0x1c7c, 0x43dd, 0x1c7d, 0x0869, 0x43de, 0x1c7e, 0x1c7f, 0x1c80, 0x1c81, 0x080b,
    0x22a4, 0x43df, 0x43e0, 0x1c82, 0x1c83, 0x1c84, 0x07ce, 0x22a5, 0x0c4a, 0x1c85, 0x43e1, 0x43e3, 0x43e4, 0x1c86, 0x22a6, 0x1c87,
    0x43e5, 0x43e6, 0x09d0, 0x0e73, 0x1c88, 0x0989, 0x0c78, 0x1c8b, 0x0ed8, 0x1c8a, 0x43e8, 0x22a7, 0x0963, 0x43e9, 0x22a8, 0x1c89,
    0x0db3, 0x08a3, 0x1c8c, 0x1c8d, 0x0c1d, 0x43eb, 0x22a9, 0x099f, 0x1c8e, 0x10b6, 0x0cdf, 0x08ec, 0x115d, 0x0d28, 0x43ec, 0x1c8f,
    0x22aa, 0x0c69, 0x0e0a, 0x0c1e, 0x43ed, 0x1c90, 0x43ee, 0x1c93, 0x22ab, 0x1c94, 0x43ef, 0x22ac, 0x0a8a, 0x0d7e, 0x1c92, 0x0c1f,
    0x100c, 0x43f0, 0x1c91, 0x22ad, 0x0b16, 0x0751, 0x22ae, 0x1c98, 0x098a, 0x0b18, 0x0b17, 0x124f, 0x1c97, 0x1c96, 0x0d05, 0x08c3,
    0x1245, 0x07f4, 0x0c20, 0x22af, 0x22b0, 0x1c95, 0x1c9a, 0x1c9b, 0x1c99, 0x09e8, 0x1186, 0x0b19, 0x0f39, 0x43f2, 0x1c9e, 0x0cc0,
    0x0ddc, 0x117c, 0x1ca1, 0x09fc, 0x0cbf, 0x1c9d, 0x1ca2, 0x09fd, 0x1c9f, 0x1ca0, 0x22b1, 0x1c9c, 0x0ce2, 0x0efd, 0x43f1, 0x0dc9,
    0x07b9, 0x43f3, 0x0fe0, 0x08b9, 0x43f4, 0x0e2c, 0x1ca5, 0x1ca3, 0x0de6, 0x0cc1, 0x086a, 0x1ca4, 0x0c7d, 0x22b2, 0x11ee, 0x1242,
    0x43f5, 0x1ca6, 0x1cb1, 0x0e2d, 0x1cb0, 0x22b3, 0x1cad, 0x1cb5, 0x1cae, 0x1caa, 0x0e74, 0x1ca9, 0x1ca7, 0x1167, 0x0b1a, 0x1cab,
    0x1ca8, 0x22b4, 0x22b5, 0x1caf, 0x0bda, 0x09d1, 0x43f6, 0x0db6, 0x10cf, 0x0758, 0x0702, 0x0ed9, 0x43f9, 0x1cb3, 0x43f8, 0x1cb2,
    0x43fa, 0x0f1a, 0x1cb7, 0x1cac, 0x1cb6, 0x1cb8, 0x09bc, 0x1cb4, 0x0a44, 0x43fb, 0x0b5d, 0x43fc, 0x1cb9, 0x119e, 0x1cbc, 0x1cbf,
    0x1cbd, 0x1003, 0x43fd, 0x1cba, 0x0934, 0x1cbe, 0x1cc0, 0x43fe, 0x22b9, 0x1cc4, 0x1cc1, 0x1cc3, 0x1cc2, 0x4400, 0x22ba, 0x1cc5,
    0x0b39, 0x22bb, 0x1cc7, 0x1cc6, 0x1036, 0x4401, 0x1cc9, 0x098b, 0x22bc, 0x1cc8, 0x1cca, 0x1ccb, 0x08ba, 0x1ab5, 0x0c3d, 0x1ccc,
    0x4402, 0x09fe, 0x1ccd, 0x4403, 0x1cce, 0x4404, 0x0ae8, 0x165a, 0x4405, 0x1ccf, 0x1cd0, 0x0b98, 0x1cd1, 0x1cd2, 0x4406, 0x4407,
    0x1cd3, 0x1cd4, 0x1cd5, 0x4408, 0x22bd, 0x4409, 0x0dc5, 0x440a, 0x1cd6, 0x440c, 0x1cd8, 0x1cd7, 0x440f, 0x0eda, 0x4410, 0x1cd9,
    0x22be, 0x10b7, 0x1cda, 0x1cdb, 0x4411, 0x1cdc, 0x4412, 0x1cdd, 0x4413, 0x0f0e, 0x0c21, 0x1cde, 0x22bf, 0x4414, 0x0a59, 0x128e,
    0x1cdf, 0x4415, 0x4416, 0x1ce0, 0x100d, 0x1ce1, 0x1ce9, 0x1ce2, 0x1ce4, 0x1ce3, 0x1ce5, 0x10d0, 0x1ce6, 0x1ce7, 0x4419, 0x4418,
    0x1ce8, 0x1cea, 0x441a, 0x441c, 0x07e7, 0x0e5f, 0x1037, 0x0aae, 0x0a45, 0x441d, 0x101d, 0x07bb, 0x0fbe, 0x1ced, 0x086b, 0x0cd5,
    0x1cec, 0x1cf1, 0x0e13, 0x114b, 0x1cef, 0x1cf0, 0x08a4, 0x1cf2, 0x0f75, 0x0d9b, 0x0fe1, 0x0e93, 0x1cee, 0x10d1, 0x07c8, 0x1cf4,
    0x122a, 0x0e3a, 0x1247, 0x0b1b, 0x1cf3, 0x0d6d, 0x1d04, 0x0d06, 0x0f2c, 0x101e, 0x441f, 0x441e, 0x4420, 0x1cf7, 0x0ae9, 0x0b1c,
    0x0c22, 0x0f77, 0x22c1, 0x09bd, 0x1cf6, 0x1cf5, 0x1038, 0x0b49, 0x0ea8, 0x4422, 0x4423, 0x22c2, 0x22c3, 0x1cf9, 0x1cfa, 0x0a46,
    0x1cf8, 0x22c4, 0x1cfb, 0x1cfc, 0x1cfe, 0x0d5f, 0x4425, 0x1cfd, 0x087e, 0x1d00, 0x4426, 0x1cff, 0x1d01, 0x22c6, 0x1d03, 0x1d05,
    0x1d06, 0x22c7, 0x0cd6, 0x0b57, 0x1d07, 0x080c, 0x4427, 0x1d08, 0x0d54, 0x1d09, 0x1d0a, 0x1039, 0x08a5, 0x1d0b, 0x4428, 0x0e2e,
    0x0759, 0x4429, 0x1d0c, 0x0b79, 0x442a, 0x0c98, 0x22c8, 0x0d69, 0x1d0f, 0x1d0e, 0x1d0d, 0x442c, 0x442d, 0x1d15, 0x1d13, 0x22c9,
    0x1d10, 0x22ca, 0x1d12, 0x22cb, 0x442e, 0x1d11, 0x1d14, 0x08ed, 0x1d18, 0x0cd7, 0x1d19, 0x09e9, 0x1d16, 0x1d17, 0x442f, 0x122b,
    0x0e2f, 0x0d07, 0x1d1a, 0x4432, 0x1d1d, 0x4433, 0x1d1b, 0x1d1c, 0x119f, 0x4430, 0x0edb, 0x1d20, 0x4435, 0x4436, 0x1d1e, 0x1d1f,
    0x1d21, 0x22cc, 0x4437, 0x4438, 0x22cd, 0x4439, 0x1d2f, 0x1d24, 0x1d25, 0x1d23, 0x443c, 0x443d, 0x22ce, 0x1d22, 0x0e75, 0x1d27,
    0x1d2b, 0x1d28, 0x1d26, 0x443e, 0x1d29, 0x1d2a, 0x443f, 0x1d31, 0x1d2c, 0x0cd8, 0x1d2e, 0x4440, 0x1d30, 0x1d2d, 0x4441, 0x4442,
    0x4443, 0x22cf, 0x1d33, 0x0b99, 0x1d32, 0x22d0, 0x1d34, 0x1d35, 0x1d38, 0x1d37, 0x1d36, 0x1d3a, 0x1d39, 0x115e, 0x1d3c, 0x1d3b,
    0x1d3d, 0x4444, 0x1d3e, 0x4445, 0x1d40, 0x1d3f, 0x0c6a, 0x1d41, 0x4446, 0x0941, 0x1d42, 0x1d44, 0x4447, 0x4448, 0x4449, 0x444a,
    0x1d45, 0x22d2, 0x1d46, 0x1d43, 0x1d47, 0x0b5e, 0x1d48, 0x08a6, 0x0965, 0x444c, 0x09be, 0x444d, 0x1d49, 0x0f24, 0x0e94, 0x1d4a,
    0x1d4d, 0x0b3c, 0x444f, 0x22d4, 0x1d4c, 0x1d4b, 0x098c, 0x1d4e, 0x4451, 0x080d, 0x1d50, 0x4452, 0x0aa8, 0x1d4f, 0x1d58, 0x1d52,
    0x1d54, 0x1091, 0x1d51, 0x4453, 0x1d53, 0x1d57, 0x1d55, 0x08a7, 0x22d5, 0x1d56, 0x1d59, 0x0f6c, 0x11fc, 0x4454, 0x22d6, 0x0b9a,
    0x1d5a, 0x22d7, 0x1168, 0x1d5c, 0x1d5b, 0x1d5f, 0x1187, 0x4455, 0x1d5e, 0x0827, 0x1d5d, 0x1d62, 0x1d61, 0x4456, 0x1d60, 0x0e88,
    0x1d63, 0x22d8, 0x1d64, 0x4457, 0x1d65, 0x0a5a, 0x0957, 0x1d66, 0x1d67, 0x1d68, 0x0c6b, 0x1d69, 0x0b35, 0x1d6a, 0x1d6b, 0x4459,
    0x22da, 0x133d, 0x133c, 0x1d6c, 0x1a86, 0x1d6d, 0x0dbe, 0x0c4d, 0x0f52, 0x445a, 0x22db, 0x445c, 0x1d6e, 0x1081, 0x0e4c, 0x0a6c,
    0x0dc3, 0x445e, 0x0728, 0x1102, 0x0c79, 0x445f, 0x4461, 0x4462, 0x0990, 0x0935, 0x4463, 0x1082, 0x4464, 0x1d6f, 0x4465, 0x1d71,
    0x22dc, 0x1d70, 0x07bc, 0x22dd, 0x0f2a, 0x1d72, 0x0f89, 0x0e89, 0x22de, 0x1d73, 0x0bb8, 0x4466, 0x1d75, 0x4467, 0x112a, 0x1d84,
    0x1d77, 0x1d78, 0x4468, 0x0e41, 0x0d9c, 0x0d55, 0x4469, 0x0edc, 0x1d76, 0x08cb, 0x22df, 0x1d7f, 0x446a, 0x1d7c, 0x1d89, 0x0edd,
    0x0dfa, 0x1d79, 0x0e76, 0x0ea9, 0x1d7a, 0x1d7e, 0x0c82, 0x0f79, 0x0e44, 0x0cc2, 0x1d7d, 0x0d6a, 0x0d60, 0x1d7b, 0x06c9, 0x1224,
    0x1d80, 0x22e0, 0x0d9d, 0x0b9b, 0x0c6c, 0x1d82, 0x1d81, 0x446b, 0x070f, 0x1d83, 0x0ffd, 0x1d8b, 0x0f0f, 0x0c8d, 0x446d, 0x446e,
    0x0df3, 0x094c, 0x1d8a, 0x117d, 0x073d, 0x1083, 0x07bd, 0x1d85, 0x1d86, 0x1d87, 0x1d88, 0x0eef, 0x0dbd, 0x0703, 0x1d8c, 0x1d8d,
    0x1fbb, 0x0d79, 0x446f, 0x1d8e, 0x0771, 0x0d2a, 0x09bf, 0x11a0, 0x1d8f, 0x0e82, 0x0d56, 0x0b5f, 0x1d90, 0x1d93, 0x0bcb, 0x1d91,
    0x0d09, 0x0d08, 0x0704, 0x11ef, 0x1d95, 0x0fe2, 0x1d97, 0x1d96, 0x1d94, 0x19be, 0x086c, 0x4472, 0x1d74, 0x22e2, 0x1d99, 0x1d98,
    0x4473, 0x1d9a, 0x4474, 0x117e, 0x22e3, 0x22e4, 0x22e5, 0x22e6, 0x4476, 0x22e7, 0x0f15, 0x10b8, 0x1d9b, 0x0b61, 0x1d9c, 0x4478,
    0x1d9d, 0x22e8, 0x1d9e, 0x4479, 0x0e77, 0x22e9, 0x070a, 0x447a, 0x22ea, 0x22eb, 0x22ec, 0x447b, 0x0a47, 0x123c, 0x22ed, 0x1da2,
    0x447d, 0x22ee, 0x22ef, 0x447e, 0x0966, 0x1d9f, 0x1da0, 0x1042, 0x4483, 0x080e, 0x22f0, 0x4481, 0x22f1, 0x117f, 0x4480, 0x0913,
    0x0eaa, 0x4484, 0x4485, 0x4482, 0x1da3, 0x4486, 0x4487, 0x1da4, 0x22f3, 0x22f4, 0x22f5, 0x4488, 0x1da5, 0x4489, 0x448a, 0x22f6,
    0x22f7, 0x22f8, 0x0e78, 0x22f9, 0x1da7, 0x22fa, 0x1da6, 0x22fb, 0x448b, 0x448c, 0x448d, 0x22fc, 0x448e, 0x448f, 0x22fd, 0x0f07,
    0x1da8, 0x0b9c, 0x0b68, 0x0f6d, 0x0e0b, 0x0b7a, 0x0c8e, 0x1da9, 0x4490, 0x1daa, 0x4491, 0x22fe, 0x4492, 0x0c7f, 0x1dab, 0x4493,
    0x1dac, 0x1dad, 0x11b5, 0x0b9d, 0x1daf, 0x1dae, 0x4494, 0x0a48, 0x0a61, 0x0aea, 0x4495, 0x1db2, 0x22ff, 0x4496, 0x0bcc, 0x1db1,
    0x1db0, 0x0da5, 0x4497, 0x09ff, 0x0cc3, 0x0fa0, 0x0b9f, 0x2300, 0x1db3, 0x0c23, 0x4498, 0x1db6, 0x1db4, 0x2301, 0x4499, 0x1db5,
    0x2302, 0x449a, 0x1db8, 0x1db7, 0x449b, 0x0c3e, 0x1db9, 0x2303, 0x1dba, 0x1dbb, 0x449c, 0x449d, 0x0fc0, 0x0a9f, 0x0b69, 0x1dbc,
    0x1dbd, 0x11c8, 0x0bab, 0x1156, 0x11f0, 0x1dbe, 0x0936, 0x1dbf, 0x2304, 0x0e79, 0x449e, 0x1dc2, 0x0832, 0x0c6d, 0x1dc0, 0x1dc1,
    0x0e58, 0x2306, 0x2307, 0x10df, 0x0950, 0x44a1, 0x2308, 0x44a2, 0x2309, 0x1dc4, 0x1dc5, 0x2305, 0x1dc3, 0x1dc7, 0x44a3, 0x230a,
    0x44a4, 0x0f13, 0x07fd, 0x230b, 0x1dcb, 0x1dc8, 0x1dca, 0x44a5, 0x44a6, 0x1dc6, 0x1e11, 0x1dc9, 0x44a8, 0x120f, 0x09ea, 0x230c,
    0x230d, 0x230e, 0x230f, 0x1dd3, 0x2310, 0x44a9, 0x2311, 0x0e8a, 0x1dce, 0x44aa, 0x1dd1, 0x1dcf, 0x44ab, 0x1dd4, 0x44ac, 0x2312,
    0x1dd5, 0x44ad, 0x44ae, 0x1dcd, 0x44af, 0x1dda, 0x0772, 0x1dcc, 0x44b0, 0x44b1, 0x0f9d, 0x1dd0, 0x44b2, 0x0c24, 0x44b3, 0x44b4,
    0x0a49, 0x2313, 0x44b7, 0x44b8, 0x10d2, 0x44b9, 0x0938, 0x0bac, 0x0ef0, 0x2314, 0x44ba, 0x44bb, 0x0d0b, 0x1dd8, 0x1dd2, 0x1dd7,
    0x44bc, 0x112b, 0x44bd, 0x0e30, 0x1dd9, 0x1dd6, 0x44be, 0x44bf, 0x44c0, 0x0d0a, 0x44c3, 0x1ddd, 0x1ddc, 0x44c4, 0x44c5, 0x2315,
    0x44c6, 0x2316, 0x2317, 0x44c7, 0x1ddb, 0x44c8, 0x10b9, 0x2318, 0x44c9, 0x44ca, 0x2319, 0x0be1, 0x44cb, 0x44cc, 0x1dde, 0x108b,
    0x0752, 0x1014, 0x0e0c, 0x44d0, 0x08ee, 0x44d1, 0x1de0, 0x44d2, 0x0a4b, 0x231a, 0x44d3, 0x231b, 0x0ad6, 0x44d4, 0x1ddf, 0x0c8f,
    0x44cd, 0x44d5, 0x0c90, 0x1de3, 0x1de5, 0x44d6, 0x44d7, 0x231c, 0x0c3f, 0x231d, 0x1de4, 0x1de6, 0x231e, 0x0927, 0x44d8, 0x1013,
    0x44d9, 0x0b6a, 0x1225, 0x1de2, 0x0ac4, 0x1241, 0x1de8, 0x1de7, 0x1de9, 0x1de1, 0x44dc, 0x231f, 0x2320, 0x2321, 0x0f1d, 0x0eab,
    0x44dd, 0x0e4f, 0x1dee, 0x44de, 0x44df, 0x0ddd, 0x1dea, 0x1deb, 0x2322, 0x2323, 0x2324, 0x44e0, 0x095f, 0x1ded, 0x2325, 0x44e1,
    0x44e2, 0x09c0, 0x1dec, 0x0c25, 0x44e6, 0x44e7, 0x0833, 0x44e8, 0x1df2, 0x0a8b, 0x0d57, 0x0e42, 0x2326, 0x44e9, 0x44e3, 0x2327,
    0x07f5, 0x1df0, 0x1df1, 0x0e3b, 0x1def, 0x1df3, 0x2328, 0x44ee, 0x1df9, 0x2329, 0x44ef, 0x1dfc, 0x1dfb, 0x0e83, 0x1df4, 0x1df5,
    0x1df8, 0x44f0, 0x1dfa, 0x232a, 0x232b, 0x0914, 0x44f1, 0x1dfd, 0x1df7, 0x44f2, 0x1df6, 0x44ed, 0x44ea, 0x44f7, 0x232d, 0x1e01,
    0x232c, 0x1e02, 0x44f3, 0x44f4, 0x1e03, 0x1e00, 0x1dff, 0x44f5, 0x44f6, 0x0c26, 0x0ede, 0x1dfe, 0x1e07, 0x1e05, 0x44f8, 0x232e,
    0x44f9, 0x1e06, 0x1e04, 0x0db4, 0x1e08, 0x44fa, 0x1e09, 0x1e0b, 0x44fb, 0x232f, 0x086d, 0x1e0a, 0x1162, 0x1e16, 0x1e0c, 0x1e0f,
    0x1e0d, 0x1e0e, 0x2330, 0x1e10, 0x2331, 0x44fe, 0x44ff, 0x1e12, 0x2332, 0x2333, 0x1e13, 0x1e14, 0x1e17, 0x1e15, 0x1e18, 0x1e1a,
    0x1e19, 0x0e31, 0x4500, 0x4501, 0x114f, 0x1e1b, 0x0d0c, 0x4502, 0x1e1c, 0x1070, 0x1e1d, 0x07e5, 0x4503, 0x4504, 0x2334, 0x073a,
    0x086f, 0x086e, 0x1e1e, 0x1e1f, 0x1e20, 0x1e21, 0x2335, 0x1e22, 0x0870, 0x080f, 0x0a4c, 0x0fa6, 0x2336, 0x1e24, 0x1e23, 0x2337,
    0x4506, 0x2338, 0x1e25, 0x075a, 0x4507, 0x2339, 0x1e28, 0x1e27, 0x1e26, 0x233a, 0x1e29, 0x1e2c, 0x06e7, 0x4509, 0x1e2a, 0x233b,
    0x1e2e, 0x1e2d, 0x233c, 0x233d, 0x1e30, 0x1e2f, 0x1e31, 0x0ee2, 0x233f, 0x1e32, 0x2340, 0x1e33, 0x1e35, 0x1e34, 0x103a, 0x4475,
    0x1e36, 0x1e37, 0x0ab1, 0x450c, 0x1e38, 0x1e39, 0x10d3, 0x450d, 0x450e, 0x0d29, 0x4510, 0x06c4, 0x0d87, 0x4511, 0x1e3a, 0x103b,
    0x1e3d, 0x1e3b, 0x0a4d, 0x1e3c, 0x09d2, 0x2341, 0x1071, 0x1e3f, 0x1e41, 0x1e40, 0x1e42, 0x4512, 0x071f, 0x0c7a, 0x0be2, 0x0871,
    0x1e43, 0x0f78, 0x1e45, 0x0720, 0x1e44, 0x0e3c, 0x11f1, 0x0edf, 0x1e3e, 0x11ca, 0x09c1, 0x11a1, 0x4514, 0x2342, 0x094d, 0x11d8,
    0x095a, 0x0d9e, 0x1af3, 0x1e46, 0x07e6, 0x0c91, 0x0810, 0x1e48, 0x1e49, 0x1e47, 0x0996, 0x4516, 0x0aa9, 0x0c27, 0x2344, 0x0721,
    0x11fd, 0x2345, 0x2346, 0x1e4b, 0x1d92, 0x4519, 0x1e4a, 0x451a, 0x1e4e, 0x1e4c, 0x1e4d, 0x451b, 0x1e4f, 0x1e50, 0x1210, 0x1e51,
    0x1e52, 0x451c, 0x0cc9, 0x0fab, 0x451d, 0x0c9f, 0x087f, 0x1180, 0x07c9, 0x0b9e, 0x09eb, 0x1e55, 0x1e54, 0x0b1d, 0x1e56, 0x1e53,
    0x0ad2, 0x2347, 0x1e5a, 0x1c19, 0x4520, 0x1372, 0x4521, 0x0c99, 0x1e58, 0x4522, 0x2348, 0x11c9, 0x0f25, 0x0729, 0x234a, 0x0ce3,
    0x0b3e, 0x234b, 0x1063, 0x073e, 0x1211, 0x11b1, 0x1e5b, 0x0e9b, 0x0b83, 0x1e5c, 0x1e5d, 0x0c6e, 0x1e5e, 0x1212, 0x1e59, 0x1e60,
    0x1e62, 0x1e61, 0x1e5f, 0x4524, 0x1e63, 0x1e64, 0x0d58, 0x07be, 0x4525, 0x1e65, 0x1120, 0x1e66, 0x1e67, 0x122c, 0x234c, 0x4527,
    0x169b, 0x1e68, 0x234d, 0x1e69, 0x1e6a, 0x4528, 0x1e6e, 0x1e6b, 0x1e6c, 0x4529, 0x1e6d, 0x1e6f, 0x234e, 0x234f, 0x2350, 0x0cc4,
    0x452a, 0x115f, 0x452b, 0x0cc5, 0x2351, 0x452c, 0x1e70, 0x0fe3, 0x1e71, 0x1f8d, 0x1134, 0x1e72, 0x1e73, 0x1e74, 0x0811, 0x452d,
    0x1e76, 0x0c7b, 0x2352, 0x1e77, 0x2353, 0x0956, 0x1e78, 0x1e7c, 0x1e7a, 0x1e7b, 0x082d, 0x1e79, 0x1e7d, 0x1e7e, 0x06e8, 0x1e7f,
    0x1e80, 0x2354, 0x4530, 0x0c28, 0x4531, 0x1e81, 0x4532, 0x08bd, 0x4533, 0x1e84, 0x1e83, 0x1e82, 0x1cbb, 0x1088, 0x2355, 0x4534,
    0x4535, 0x1e85, 0x1e86, 0x2356, 0x4536, 0x2357, 0x1e87, 0x1e88, 0x1e89, 0x2358, 0x1e8a, 0x4537, 0x4538, 0x0872, 0x4539, 0x453a,
    0x453b, 0x235a, 0x1e8b, 0x2359, 0x453c, 0x1e8c, 0x0f35, 0x453d, 0x1e8e, 0x0797, 0x235b, 0x1e91, 0x1e90, 0x0722, 0x0915, 0x1073,
    0x0e32, 0x0a6e, 0x453e, 0x0a4e, 0x0bcd, 0x0c7e, 0x235d, 0x1e93, 0x453f, 0x4540, 0x1e92, 0x1188, 0x0880, 0x0fc2, 0x0f10, 0x4541,
    0x4542, 0x0c9e, 0x11f2, 0x098d, 0x235e, 0x1e96, 0x4545, 0x1e95, 0x4548, 0x235f, 0x10d5, 0x0ee0, 0x2360, 0x4546, 0x4547, 0x074e,
    0x1e97, 0x1e94, 0x101f, 0x11b0, 0x1e98, 0x1e99, 0x4549, 0x1e9b, 0x0da6, 0x0815, 0x0816, 0x1e9a, 0x2362, 0x2363, 0x0881, 0x09c2,
    0x2364, 0x2365, 0x0882, 0x2366, 0x2367, 0x0e95, 0x1204, 0x2369, 0x454a, 0x09ec, 0x1e9c, 0x236a, 0x1e9d, 0x1e9e, 0x1e9f, 0x1ea1,
    0x1ea0, 0x1045, 0x1ea2, 0x454b, 0x454c, 0x1ea3, 0x454d, 0x1ea4, 0x1ea5, 0x454f, 0x4550, 0x236b, 0x4551, 0x4552, 0x4553, 0x4554,
    0x1ea7, 0x1ea6, 0x1ea8, 0x4555, 0x236c, 0x4556, 0x0fe4, 0x1ac0, 0x0c4b, 0x4557, 0x4559, 0x08a8, 0x455a, 0x455b, 0x236d, 0x1ea9,
    0x455c, 0x1eaa, 0x1348, 0x1761, 0x0fc3, 0x455d, 0x455e, 0x071b, 0x455f, 0x06db, 0x0b1e, 0x10ba, 0x0c42, 0x1eab, 0x1147, 0x4560,
    0x1eac, 0x11a2, 0x0740, 0x0aeb, 0x1ead, 0x07ca, 0x1eae, 0x4563, 0x4564, 0x1eaf, 0x4566, 0x4567, 0x4568, 0x1eb1, 0x1eb2, 0x1eb4,
    0x1eb0, 0x1eb3, 0x0873, 0x1eb5, 0x1eb6, 0x456a, 0x456b, 0x456c, 0x456d, 0x456e, 0x456f, 0x1eb7, 0x1eb8, 0x4570, 0x4571, 0x1eb9,
    0x1ebb, 0x4572, 0x1eba, 0x1ebd, 0x1ec0, 0x4573, 0x4574, 0x1ebc, 0x1ebe, 0x1ebf, 0x1ec1, 0x0916, 0x236e, 0x4575, 0x4576, 0x4577,
    0x0b7b, 0x1ec2, 0x1ec3, 0x0a4f, 0x236f, 0x4578, 0x1ec4, 0x4579, 0x07f8, 0x0f61, 0x1ec5, 0x1ec6, 0x0df4, 0x0f1f, 0x457a, 0x1ec7,
    0x457b, 0x457c, 0x0f8f, 0x457d, 0x0d88, 0x0756, 0x0942, 0x0943, 0x457e, 0x0e0d, 0x1ecc, 0x0944, 0x457f, 0x07cb, 0x1ecb, 0x4580,
    0x1ec9, 0x1eca, 0x4581, 0x1ec8, 0x1ed6, 0x1ecd, 0x1ece, 0x4583, 0x1ecf, 0x1ed0, 0x1ed2, 0x4584, 0x1ed1, 0x4585, 0x0bbf, 0x1ed3,
    0x2370, 0x2371, 0x1ed5, 0x4586, 0x08a9, 0x1ed4, 0x4587, 0x0d59, 0x09c3, 0x4588, 0x1ed7, 0x4589, 0x458a, 0x2372, 0x0d89, 0x1ed8,
    0x2373, 0x2374, 0x0ee1, 0x458b, 0x458c, 0x1ed9, 0x2375, 0x1ede, 0x1edc, 0x1edb, 0x1edd, 0x458d, 0x1eda, 0x2376, 0x458e, 0x1ee0,
    0x2377, 0x2378, 0x1edf, 0x1ee2, 0x458f, 0x0917, 0x1ee1, 0x1ee3, 0x1ee4, 0x1ee6, 0x1ee5, 0x1ee7, 0x1ee9, 0x1ee8, 0x0a6a, 0x1eea,
    0x4591, 0x1eeb, 0x2379, 0x4593, 0x07f6, 0x4595, 0x1eec, 0x1eed, 0x237a, 0x237b, 0x0c93, 0x4597, 0x237c, 0x1eee, 0x4598, 0x1eef,
    0x4599, 0x1ef0, 0x1ef1, 0x459a, 0x237d, 0x0a50, 0x459c, 0x1ef2, 0x1ef3, 0x459d, 0x1ef4, 0x1ef5, 0x459e, 0x1ef6, 0x459f, 0x0fa1,
    0x1ef8, 0x0ff4, 0x1ef9, 0x1ef7, 0x1efb, 0x1efa, 0x1efc, 0x237e, 0x1efd, 0x237f, 0x45a0, 0x1efe, 0x2380, 0x45a1, 0x45a2, 0x45a3,
    0x45a4, 0x1eff, 0x1f00, 0x45a5, 0x1f01, 0x2381, 0x1f02, 0x1f03, 0x1f04, 0x1f05, 0x1f06, 0x1f07, 0x1f08, 0x45a6, 0x2383, 0x1f09,
    0x1f0a, 0x175b, 0x1f0b, 0x45a7, 0x1a30, 0x08aa, 0x45a8, 0x07db, 0x0a7e, 0x1f0d, 0x1f0c, 0x110d, 0x45aa, 0x1f0f, 0x1f10, 0x1f0e,
    0x1f11, 0x10ec, 0x1f12, 0x08f1, 0x2384, 0x45ab, 0x45ac, 0x2386, 0x45ad, 0x45ae, 0x1227, 0x2387, 0x45af, 0x1f13, 0x2388, 0x45b0,
    0x45b1, 0x2385, 0x1f15, 0x2389, 0x238a, 0x06de, 0x238b, 0x1f16, 0x1057, 0x1f14, 0x1f17, 0x1f18, 0x238c, 0x1f19, 0x1f1a, 0x45b2,
    0x238d, 0x1f1b, 0x10f8, 0x0ad7, 0x45b3, 0x0ac6, 0x0d0d, 0x45b4, 0x45b7, 0x1f1c, 0x45b8, 0x1f1f, 0x45b9, 0x1f1d, 0x238e, 0x1f20,
    0x45ba, 0x0a01, 0x1f1e, 0x238f, 0x1f21, 0x1f22, 0x1f23, 0x1f27, 0x0ad4, 0x45bc, 0x0da0, 0x45bd, 0x1f28, 0x1f25, 0x1f24, 0x1f26,
    0x2390, 0x45be, 0x0991, 0x45bf, 0x45c0, 0x45c2, 0x45c1, 0x1f2c, 0x1f2b, 0x1f2a, 0x45bb, 0x06d3, 0x45c6, 0x2391, 0x45c4, 0x2392,
    0x2393, 0x1f36, 0x1f32, 0x1f33, 0x1f2f, 0x1f35, 0x1f31, 0x081c, 0x124e, 0x1f34, 0x1f30, 0x1f2e, 0x1f2d, 0x45c8, 0x45c9, 0x45ca,
    0x45cb, 0x1f38, 0x45cc, 0x1f3b, 0x45cd, 0x2394, 0x1f3a, 0x1f39, 0x45ce, 0x45cf, 0x45d0, 0x1017, 0x1f37, 0x0713, 0x1f3c, 0x45d2,
    0x1f3e, 0x45d3, 0x45d4, 0x0829, 0x1f29, 0x0735, 0x1f40, 0x2395, 0x45d5, 0x1f3f, 0x1f3d, 0x0dc7, 0x45d8, 0x45d9, 0x2396, 0x2397,
    0x10fa, 0x2398, 0x45db, 0x11fe, 0x45dc, 0x1f41, 0x45dd, 0x45d6, 0x45de, 0x45df, 0x1f42, 0x2399, 0x239a, 0x1f43, 0x45e0, 0x45e1,
    0x45e2, 0x45e3, 0x45e4, 0x45e5, 0x45e6, 0x45e7, 0x1f44, 0x239b, 0x1f45, 0x45e8, 0x0e33, 0x45e9, 0x1f46, 0x0fa7, 0x1f4b, 0x1f47,
    0x1f48, 0x45ea, 0x10bb, 0x112c, 0x0f04, 0x45ec, 0x1f4c, 0x1f4d, 0x0ef2, 0x1f4a, 0x1f49, 0x45eb, 0x0786, 0x45ee, 0x1f55, 0x1f54,
    0x45ef, 0x45f0, 0x0773, 0x239c, 0x239d, 0x1f52, 0x1f51, 0x1f4f, 0x0835, 0x1f4e, 0x0b3a, 0x0785, 0x45f4, 0x0a51, 0x1f58, 0x1f57,
    0x1f56, 0x45f6, 0x239e, 0x1f53, 0x1f59, 0x239f, 0x1f5a, 0x45f7, 0x1f5f, 0x1f5e, 0x23a0, 0x1f60, 0x072b, 0x1f5b, 0x1f5c, 0x45f8,
    0x0a62, 0x1121, 0x45f9, 0x23a1, 0x1f5d, 0x45fb, 0x45fc, 0x10bc, 0x1f65, 0x23a2, 0x1f61, 0x45fe, 0x45ff, 0x4600, 0x1f66, 0x23a3,
    0x4601, 0x4602, 0x1f63, 0x1f62, 0x23a4, 0x4603, 0x098e, 0x23a5, 0x4604, 0x1f67, 0x4605, 0x1f68, 0x1f69, 0x1f64, 0x23a7, 0x1f50,
    0x1f6a, 0x0e59, 0x4607, 0x1f6e, 0x4608, 0x1f6f, 0x1f6d, 0x23a8, 0x4609, 0x4606, 0x23a6, 0x1f6c, 0x1f72, 0x460a, 0x1f6b, 0x1f70,
    0x460b, 0x460c, 0x1f71, 0x1f74, 0x460d, 0x23a9, 0x1f73, 0x460e, 0x460f, 0x4610, 0x4611, 0x1f76, 0x23ab, 0x1f77, 0x1f78, 0x124b,
    0x4612, 0x1f75, 0x0da7, 0x0ab9, 0x1f79, 0x4615, 0x23ac, 0x4614, 0x4616, 0x23ad, 0x4617, 0x1f7a, 0x1f7b, 0x4618, 0x4619, 0x1f7c,
    0x1f7d, 0x09c4, 0x1f7e, 0x461a, 0x23ae, 0x1f7f, 0x0b37, 0x461c, 0x1f80, 0x461d, 0x1f81, 0x1f82, 0x1f83, 0x1f86, 0x1f84, 0x123e,
    0x1f85, 0x1213, 0x461e, 0x1f87, 0x23af, 0x11ff, 0x23b0, 0x1f88, 0x0f90, 0x461f, 0x1f89, 0x1f8b, 0x23b1, 0x1f8c, 0x23b2, 0x23b3,
    0x23b4, 0x1f8a, 0x0a5b, 0x1135, 0x10ed, 0x150b, 0x4621, 0x1786, 0x1105, 0x23b5, 0x0787, 0x1f8e, 0x08c6, 0x1f8f, 0x1f90, 0x1f91,
    0x23b6, 0x0a63, 0x1f92, 0x1894, 0x1143, 0x0d9f, 0x1f93, 0x1f95, 0x1f94, 0x4623, 0x1f96, 0x1f97, 0x4624, 0x1f98, 0x4625, 0x1f99,
    0x1f9a, 0x1f9b, 0x1f9c, 0x1f9d, 0x1f9e, 0x1f9f, 0x1fa0, 0x4626, 0x4627, 0x4629, 0x1fa1, 0x1fa2, 0x0e7a, 0x23b7, 0x09ed, 0x1fa4,
    0x462a, 0x462b, 0x0d2b, 0x1fa5, 0x1fa6, 0x462c, 0x462d, 0x23b8, 0x462e, 0x0fef, 0x462f, 0x1fa7, 0x4630, 0x4631, 0x4632, 0x1fa8,
    0x1991, 0x1d02, 0x1e8d, 0x1fa9, 0x4633, 0x1faa, 0x4634, 0x23b9, 0x4635, 0x4637, 0x1fac, 0x1fad, 0x1fae, 0x1214, 0x1fab, 0x1faf,
    0x1fb0, 0x4639, 0x1fb2, 0x1fb1, 0x463b, 0x463c, 0x1fb4, 0x463d, 0x1fb5, 0x1fb3, 0x11da, 0x23ba, 0x23bb, 0x1fb6, 0x23bc, 0x1fb7,
    0x19ae, 0x1fb8, 0x23bd, 0x208f, 0x1fc6, 0x2044, 0x2279, 0x209d, 0x2368, 0x2343, 0x068d, 0x0699, 0x1274, 0x28e1, 0x2070, 0x210c,
    0x2121, 0x21aa, 0x21ab, 0x21af, 0x2264, 0x436e, 0x437b, 0x22b6, 0x4460, 0x22f2, 0x061c, 0x062d, 0x0634, 0x0647, 0x064c, 0x0652,
    0x066e, 0x0671, 0x0678, 0x069c, 0x06a0, 0x1263, 0x1264, 0x1fe8, 0x1ff4, 0x1ff6, 0x1ff9, 0x201e, 0x2021, 0x2039, 0x205b, 0x20bd,
    0x20cb, 0x20d7, 0x2107, 0x40cd, 0x2135, 0x2195, 0x21a1, 0x21a2, 0x21a5, 0x21a6, 0x21a7, 0x21a9, 0x21ad, 0x21ae, 0x21bb, 0x21bf,
    0x21d2, 0x21fa, 0x426c, 0x21ff, 0x2206, 0x2210, 0x2224, 0x42ee, 0x42ef, 0x2251, 0x2299, 0x22a3, 0x22b7, 0x22b8, 0x22c0, 0x22c5,
    0x445b, 0x22e1, 0x2349, 0x235c, 0x2361, 0x0218, 0x0217, 0x0148, 0x01ac, 0x0192, 0x018e, 0x0191, 0x0193, 0x01ab, 0x0168, 0x0169,
    0x0194, 0x017a, 0x0142, 0x01ad, 0x0143, 0x015d, 0x020a, 0x020b, 0x020c, 0x020d, 0x020e, 0x020f, 0x0210, 0x0211, 0x0212, 0x0213,
    0x0145, 0x0146, 0x0181, 0x017f, 0x0182, 0x0147, 0x0195, 0x021b, 0x021c, 0x021d, 0x021e, 0x021f, 0x0220, 0x0221, 0x0222, 0x0223,
    0x0224, 0x0225, 0x0226, 0x0227, 0x0228, 0x0229, 0x022a, 0x022b, 0x022c, 0x022d, 0x022e, 0x022f, 0x0230, 0x0231, 0x0232, 0x0233,
    0x0234, 0x016c, 0x015e, 0x016d, 0x014e, 0x0150, 0x014c, 0x023b, 0x023c, 0x023d, 0x023e, 0x023f, 0x0240, 0x0241, 0x0242, 0x0243,
    0x0244, 0x0245, 0x0246, 0x0247, 0x0248, 0x0249, 0x024a, 0x024b, 0x024c, 0x024d, 0x024e, 0x024f, 0x0250, 0x0251, 0x0252, 0x0253,
    0x0254, 0x016e, 0x0161, 0x016f, 0x01ae, 0x01d2, 0x01d3, 0x0100, 0x0101, 0x0102, 0x0103, 0x0104, 0x0105, 0x0106, 0x0107, 0x0108,
    0x0109, 0x010a, 0x010b, 0x010c, 0x010d, 0x010e, 0x010f, 0x0110, 0x0111, 0x0112, 0x0113, 0x0114, 0x0115, 0x0116, 0x0117, 0x0118,
    0x0119, 0x011a, 0x011b, 0x011c, 0x011d, 0x011e, 0x011f, 0x0120, 0x0121, 0x0122, 0x0123, 0x0124, 0x0125, 0x0126, 0x0127, 0x0128,
    0x0129, 0x012a, 0x012b, 0x012c, 0x012d, 0x012e, 0x012f, 0x0130, 0x0131, 0x0132, 0x0133, 0x0134, 0x0135, 0x0136, 0x0137, 0x0138,
    0x0139, 0x013a, 0x013b, 0x013c, 0x013d, 0x013e, 0x014f, 0x018d,
];
pub static EXTRA: [(u32, u32, u8); 303] = [
    (0x2000b, 0xaea2, 2), (0x20089, 0x8fa1a1, 3), (0x200a2, 0x8fa1ab, 3), (0x200a4, 0x8fa1ae, 3),
    (0x201a2, 0x8fa1b6, 3), (0x20213, 0x8fa1c6, 3), (0x2032b, 0x8fa1f0, 3), (0x20371, 0x8fa1f9, 3),
    (0x20381, 0x8fa1f7, 3), (0x203f9, 0x8fa3a2, 3), (0x2044a, 0x8fa3a5, 3), (0x20509, 0x8fa3a7, 3),
    (0x205d6, 0x8fa3b1, 3), (0x20628, 0x8fa3b2, 3), (0x2074f, 0x8fa3b8, 3), (0x20807, 0x8fa3bf, 3),
    (0x2083a, 0x8fa3c1, 3), (0x208b9, 0x8fa3ca, 3), (0x2097c, 0x8fa3d2, 3), (0x2099d, 0x8fa3d3, 3),
    (0x20ad3, 0x8fa3d9, 3), (0x20b1d, 0x8fa3dc, 3), (0x20b9f, 0xcfd4, 2), (0x20d45, 0x8fa3f7, 3),
    (0x20de1, 0x8fa4aa, 3), (0x20e64, 0x8fa4ba, 3), (0x20e6d, 0x8fa4b2, 3), (0x20e95, 0x8fa4b1, 3),
    (0x20f5f, 0x8fa4bd, 3), (0x21201, 0x8fa4d9, 3), (0x2123d, 0xafc2, 2), (0x21255, 0x8fa4dc, 3),
    (0x21274, 0x8fa4e3, 3), (0x2127b, 0x8fa4de, 3), (0x212d7, 0x8fa4eb, 3), (0x212e4, 0x8fa4ea, 3),
    (0x212fd, 0x8fa4f2, 3), (0x2131b, 0xafcc, 2), (0x21336, 0x8fa4f4, 3), (0x21344, 0x8fa4f5, 3),
    (0x213c4, 0x8fa5a5, 3), (0x2146d, 0x8fa5b2, 3), (0x2146e, 0xafe0, 2), (0x215d7, 0x8fa5be, 3),
    (0x21647, 0x8fa5c7, 3), (0x216b4, 0xcfe3, 2), (0x21706, 0x8fa5d5, 3), (0x21742, 0x8fa5d6, 3),
    (0x218bd, 0xaffb, 2), (0x219c3, 0x8fa5fe, 3), (0x21c56, 0x8fa8b0, 3), (0x21d2d, 0x8fa8b7, 3),
    (0x21d45, 0x8fa8b8, 3), (0x21d62, 0x8fa8bb, 3), (0x21d78, 0x8fa8ba, 3), (0x21d92, 0x8fa8c5, 3),
    (0x21d9c, 0x8fa8c0, 3), (0x21da1, 0x8fa8bf, 3), (0x21db7, 0x8fa8c8, 3), (0x21de0, 0x8fa8ca, 3),
    (0x21e33, 0x8fa8cb, 3), (0x21e34, 0xcfee, 2), (0x21f1e, 0x8fa8db, 3), (0x21f76, 0x8fa8e6, 3),
    (0x21ffa, 0x8fa8ec, 3), (0x2217b, 0x8faca2, 3), (0x22218, 0x8ffed3, 3), (0x2231e, 0x8facab, 3),
    (0x223ad, 0x8facb0, 3), (0x226f3, 0x8facd0, 3), (0x2285b, 0x8face5, 3), (0x228ab, 0x8faced, 3),
    (0x2298f, 0x8facf2, 3), (0x22ab8, 0x8fada4, 3), (0x22b46, 0x8fadb2, 3), (0x22b4f, 0x8fada9, 3),
    (0x22b50, 0x8fadaa, 3), (0x22ba6, 0x8fadb5, 3), (0x22c1d, 0x8fadb4, 3), (0x22c24, 0x8fadb9, 3),
    (0x22de1, 0x8fadd6, 3), (0x231b6, 0x8faea4, 3), (0x231c3, 0x8fadfd, 3), (0x231c4, 0xf5ba, 2),
    (0x231f5, 0x8faea3, 3), (0x23372, 0x8faeba, 3), (0x233d0, 0x8faec2, 3), (0x233d2, 0x8faebd, 3),
    (0x233d3, 0x8faebc, 3), (0x233d5, 0x8faec4, 3), (0x233da, 0x8faec7, 3), (0x233df, 0x8faec9, 3),
    (0x233e4, 0x8faec3, 3), (0x2344a, 0x8faed5, 3), (0x2344b, 0x8faed7, 3), (0x23451, 0x8faed6, 3),
    (0x23465, 0x8faedb, 3), (0x234e4, 0x8faef7, 3), (0x2355a, 0x8faef8, 3), (0x23594, 0x8fafaa, 3),
    (0x235c4, 0xf5f2, 2), (0x23638, 0x8fafc2, 3), (0x23639, 0x8fafbf, 3), (0x2363a, 0x8fafc3, 3),
    (0x23647, 0x8fafc0, 3), (0x2370c, 0x8fafd9, 3), (0x2371c, 0x8fafce, 3), (0x2373f, 0xf6a9, 2),
    (0x23763, 0xf6b2, 2), (0x23764, 0x8fafe1, 3), (0x237e7, 0x8fafea, 3), (0x237ff, 0x8fafe9, 3),
    (0x23824, 0x8faff0, 3), (0x2383d, 0x8faff5, 3), (0x23a98, 0x8feea3, 3), (0x23c7f, 0x8feeb4, 3),
    (0x23cfe, 0xf6e0, 2), (0x23d00, 0x8feec9, 3), (0x23d0e, 0x8ff4f5, 3), (0x23d40, 0x8feedc, 3),
    (0x23dd3, 0x8feee0, 3), (0x23df9, 0x8feedf, 3), (0x23dfa, 0x8feede, 3), (0x23f7e, 0x8fefb2, 3),
    (0x24096, 0x8fefc7, 3), (0x24103, 0x8fefcd, 3), (0x241c6, 0x8fefe1, 3), (0x241fe, 0x8fefe4, 3),
    (0x243bc, 0x8ff0a2, 3), (0x24629, 0x8ff0b3, 3), (0x246a5, 0x8ff0b9, 3), (0x247f1, 0xf7ec, 2),
    (0x24896, 0x8ff0d3, 3), (0x24a4d, 0x8ff0fb, 3), (0x24b56, 0x8ff1ae, 3), (0x24b6f, 0x8ff1b0, 3),
    (0x24c16, 0x8ff1b5, 3), (0x24d14, 0x8ff1c4, 3), (0x24e0e, 0x8ff1dd, 3), (0x24e37, 0x8ff1e1, 3),
    (0x24e6a, 0x8ff1e6, 3), (0x24e8b, 0x8ff1e9, 3), (0x2504a, 0x8ff1f5, 3), (0x25055, 0x8ff1f7, 3),
    (0x25122, 0x8ff1fa, 3), (0x251a9, 0x8ff2a1, 3), (0x251cd, 0x8ff2a4, 3), (0x251e5, 0x8ff2a3, 3),
    (0x2521e, 0x8ff2a8, 3), (0x2524c, 0x8ff2ac, 3), (0x2542e, 0x8ff2bd, 3), (0x2548e, 0xf8fe, 2),
    (0x254d9, 0x8ff2c8, 3), (0x2550e, 0xf9a9, 2), (0x255a7, 0x8ff2db, 3), (0x25771, 0xf9c7, 2),
    (0x257a9, 0x8ff2f5, 3), (0x257b4, 0x8ff2f6, 3), (0x259c4, 0xf9d4, 2), (0x259d4, 0x8ff3b2, 3),
    (0x25ae3, 0x8ff3be, 3), (0x25ae4, 0x8ff3bd, 3), (0x25af1, 0x8ff3c0, 3), (0x25bb2, 0x8ff3d2, 3),
    (0x25c4b, 0x8ff3dd, 3), (0x25c64, 0x8ff3de, 3), (0x25da1, 0xf9ee, 2), (0x25e2e, 0x8ff3f3, 3),
    (0x25e56, 0x8ff3f4, 3), (0x25e62, 0x8ff3f7, 3), (0x25e65, 0x8ff3f5, 3), (0x25ec2, 0x8ff3fd, 3),
    (0x25ed8, 0x8ff3fb, 3), (0x25ee8, 0x8ff4a2, 3), (0x25f23, 0x8ff4a4, 3), (0x25f5c, 0x8ff4a7, 3),
    (0x25fd4, 0x8ff4af, 3), (0x25fe0, 0x8ff4ae, 3), (0x25ffb, 0x8ff4b5, 3), (0x2600c, 0x8ff4b4, 3),
    (0x26017, 0x8ff4bd, 3), (0x26060, 0x8ff4c2, 3), (0x260ed, 0x8ff4cf, 3), (0x26270, 0x8ff4e9, 3),
    (0x26286, 0x8ff4eb, 3), (0x2634c, 0x8ff4f2, 3), (0x26402, 0x8ff4f9, 3), (0x2667e, 0x8ff5b5, 3),
    (0x266b0, 0x8ff5ba, 3), (0x2671d, 0x8ff5c6, 3), (0x268dd, 0x8ff5d6, 3), (0x268ea, 0x8ff5d8, 3),
    (0x26951, 0x8ff5da, 3), (0x2696f, 0x8ff5dd, 3), (0x269dd, 0x8ff5df, 3), (0x26a1e, 0x8ff5e3, 3),
    (0x26a58, 0x8ff5ea, 3), (0x26a8c, 0x8ff5f0, 3), (0x26ab7, 0x8ff5f3, 3), (0x26aff, 0xfadd, 2),
    (0x26c29, 0x8fa5c4, 3), (0x26c73, 0x8ff6c4, 3), (0x26cdd, 0x8ff6ce, 3), (0x26e40, 0xfbb3, 2),
    (0x26e65, 0x8ff6dd, 3), (0x26f94, 0x8ff6f5, 3), (0x26ff6, 0x8ff7a1, 3), (0x26ff7, 0x8ff7a2, 3),
    (0x26ff8, 0x8ff6fe, 3), (0x270f4, 0xfbc9, 2), (0x2710d, 0x8ff7b3, 3), (0x27139, 0x8ff7b6, 3),
    (0x273da, 0x8ff7e5, 3), (0x273db, 0x8ff7e4, 3), (0x273fe, 0x8ff7eb, 3), (0x27410, 0x8ff7ee, 3),
    (0x27449, 0x8ff7f3, 3), (0x27614, 0x8ff8aa, 3), (0x27615, 0x8ff8a9, 3), (0x27631, 0x8ff8ac, 3),
    (0x27684, 0xfbec, 2), (0x27693, 0x8ff8b4, 3), (0x2770e, 0x8ff8bc, 3), (0x27723, 0x8ff8be, 3),
    (0x27752, 0x8ff8c2, 3), (0x27985, 0x8ff8d6, 3), (0x27a84, 0x8ff8e3, 3), (0x27bb3, 0x8ff8f7, 3),
    (0x27bbe, 0x8ff8f9, 3), (0x27bc7, 0x8ff8fa, 3), (0x27cb8, 0x8ff9a5, 3), (0x27da0, 0x8ff9af, 3),
    (0x27e10, 0x8ff9b2, 3), (0x27fb7, 0x8ff9b9, 3), (0x2808a, 0x8ff9c2, 3), (0x280bb, 0x8ff9c8, 3),
    (0x28277, 0xfcc9, 2), (0x28282, 0x8ff9d9, 3), (0x282f3, 0x8ff9de, 3), (0x283cd, 0xfcd1, 2),
    (0x2840c, 0x8ff9e6, 3), (0x28455, 0x8ff9eb, 3), (0x2856b, 0x8ff9fa, 3), (0x285c8, 0x8ff9fe, 3),
    (0x285c9, 0x8ffaa1, 3), (0x286d7, 0x8ffaac, 3), (0x286fa, 0x8ffaaf, 3), (0x28946, 0x8ffad0, 3),
    (0x28949, 0x8ffacf, 3), (0x2896b, 0x8ffad7, 3), (0x28987, 0x8ffae5, 3), (0x28988, 0x8ffae6, 3),
    (0x289ba, 0x8ffaf1, 3), (0x289bb, 0x8ffaf2, 3), (0x28a1e, 0x8ffafe, 3), (0x28a29, 0x8ffba1, 3),
    (0x28a43, 0x8ffbad, 3), (0x28a71, 0x8ffbac, 3), (0x28a99, 0x8ffbb6, 3), (0x28acd, 0x8ffbb7, 3),
    (0x28add, 0x8ffbbe, 3), (0x28ae4, 0x8ffbbd, 3), (0x28bc1, 0x8ffbce, 3), (0x28bef, 0x8ffbcf, 3),
    (0x28d10, 0x8ffbd7, 3), (0x28d71, 0x8ffbda, 3), (0x28dfb, 0x8ffbdc, 3), (0x28e1f, 0x8ffbdd, 3),
    (0x28e36, 0x8ffbe1, 3), (0x28e89, 0x8ffbe5, 3), (0x28eeb, 0x8ffbe7, 3), (0x28f32, 0x8ffbe9, 3),
    (0x28ff8, 0x8ffbf1, 3), (0x292a0, 0x8ffca2, 3), (0x292b1, 0x8ffca3, 3), (0x29490, 0x8ffcb8, 3),
    (0x295cf, 0x8ffcc2, 3), (0x2967f, 0x8ffccc, 3), (0x296f0, 0x8ffcd6, 3), (0x29719, 0x8ffcd9, 3),
    (0x29750, 0x8ffcdd, 3), (0x298c6, 0x8ffcf6, 3), (0x29a72, 0x8ffdac, 3), (0x29ddb, 0x8ffdcb, 3),
    (0x29e15, 0x8ffdd9, 3), (0x29e3d, 0x8ffdcc, 3), (0x29e49, 0x8ffddd, 3), (0x29e8a, 0x8ffddb, 3),
    (0x29ec4, 0x8ffde7, 3), (0x29edb, 0x8ffdf0, 3), (0x29ee9, 0x8ffded, 3), (0x29fce, 0x8ffea5, 3),
    (0x2a01a, 0x8ffeab, 3), (0x2a02f, 0x8ffea9, 3), (0x2a082, 0x8ffeb5, 3), (0x2a0f9, 0x8ffeb2, 3),
    (0x2a190, 0xfee6, 2), (0x2a38c, 0x8ffed8, 3), (0x2a437, 0x8ffeda, 3), (0x2a5f1, 0x8ffeee, 3),
    (0x2a602, 0x8ffef0, 3), (0x2a61a, 0x8ffef2, 3), (0x2a6b2, 0x8ffef6, 3),
];
pub static COMBOS: [(u32, u32, u32); 25] = [
    (0xa4f7, 0x304b, 0x309a), (0xa4f8, 0x304d, 0x309a), (0xa4f9, 0x304f, 0x309a), (0xa4fa, 0x3051, 0x309a),
    (0xa4fb, 0x3053, 0x309a), (0xa5f7, 0x30ab, 0x309a), (0xa5f8, 0x30ad, 0x309a), (0xa5f9, 0x30af, 0x309a),
    (0xa5fa, 0x30b1, 0x309a), (0xa5fb, 0x30b3, 0x309a), (0xa5fc, 0x30bb, 0x309a), (0xa5fd, 0x30c4, 0x309a),
    (0xa5fe, 0x30c8, 0x309a), (0xa6f8, 0x31f7, 0x309a), (0xabc4, 0xe6, 0x300), (0xabc8, 0x254, 0x300),
    (0xabc9, 0x254, 0x301), (0xabca, 0x28c, 0x300), (0xabcb, 0x28c, 0x301), (0xabcc, 0x259, 0x300),
    (0xabcd, 0x259, 0x301), (0xabce, 0x25a, 0x300), (0xabcf, 0x25a, 0x301), (0xabe5, 0x2e9, 0x2e5),
    (0xabe6, 0x2e5, 0x2e9),
];
pub static BUFFERED: [u32; 21] = [
    0xe6, 0x254, 0x259, 0x25a, 0x28c, 0x2e5, 0x2e9, 0x304b, 0x304d, 0x304f, 0x3051, 0x3053,
    0x30ab, 0x30ad, 0x30af, 0x30b1, 0x30b3, 0x30bb, 0x30c4, 0x30c8, 0x31f7,
];
pub static RDEC: [(u32, u32, u32); 0] = [
];
pub static RENC: [(u32, u32, u32); 0] = [
];

pub static MB: Mb = Mb {
    sets: &[
        Set { prefix: &[], lead_lo: 0x0, lead_hi: 0xff, trail_lo: 0x0, trail_hi: 0x0, nbytes: 1, base: 0, data: &D0 },
        Set { prefix: &[], lead_lo: 0x8e, lead_hi: 0x8e, trail_lo: 0xa1, trail_hi: 0xdf, nbytes: 2, base: 256, data: &D1 },
        Set { prefix: &[], lead_lo: 0xa1, lead_hi: 0xfe, trail_lo: 0xa1, trail_hi: 0xfe, nbytes: 2, base: 319, data: &D2 },
        Set { prefix: &[143], lead_lo: 0xa1, lead_hi: 0xfe, trail_lo: 0xa1, trail_hi: 0xfe, nbytes: 2, base: 9155, data: &D3 },
    ],
    wide: &WIDE,
    enc_cp: &ENC_CP,
    enc_pos: &ENC_POS,
    extra: &EXTRA,
    runs_dec: &RDEC,
    runs_enc: &RENC,
};
