use crate::mb::{Mb, Set};

pub static D0: [u16; 256] = [
    0xfffe, 0x0001, 0x0002, 0x0003, 0x0004, 0x0005, 0x0006, 0x0007, 0x0008, 0x0009, 0x000a, 0x000b, 0x000c, 0x000d, 0x000e, 0x000f,
    0x0010, 0x0011, 0x0012, 0x0013, 0x0014, 0x0015, 0x0016, 0x0017, 0x0018, 0x0019, 0x001a, 0x001b, 0x001c, 0x001d, 0x001e, 0x001f,
    0x0020, 0x0021, 0x0022, 0x0023, 0x0024, 0x0025, 0x0026, 0x0027, 0x0028, 0x0029, 0x002a, 0x002b, 0x002c, 0x002d, 0x002e, 0x002f,
    0x0030, 0x0031, 0x0032, 0x0033, 0x0034, 0x0035, 0x0036, 0x0037, 0x0038, 0x0039, 0x003a, 0x003b, 0x003c, 0x003d, 0x003e, 0x003f,
    0x0040, 0x0041, 0x0042, 0x0043, 0x0044, 0x0045, 0x0046, 0x0047, 0x0048, 0x0049, 0x004a, 0x004b, 0x004c, 0x004d, 0x004e, 0x004f,
    0x0050, 0x0051, 0x0052, 0x0053, 0x0054, 0x0055, 0x0056, 0x0057, 0x0058, 0x0059, 0x005a, 0x005b, 0x005c, 0x005d, 0x005e, 0x005f,
    0x0060, 0x0061, 0x0062, 0x0063, 0x0064, 0x0065, 0x0066, 0x0067, 0x0068, 0x0069, 0x006a, 0x006b, 0x006c, 0x006d, 0x006e, 0x006f,
    0x0070, 0x0071, 0x0072, 0x0073, 0x0074, 0x0075, 0x0076, 0x0077, 0x0078, 0x0079, 0x007a, 0x007b, 0x007c, 0x007d, 0x007e, 0x007f,
    0x0080, 0x0081, 0x0082, 0x0083, 0x0084, 0x0085, 0x0086, 0x0087, 0x0088, 0x0089, 0x008a, 0x008b, 0x008c, 0x008d, 0x0000, 0x0000,
    0x0090, 0x0091, 0x0092, 0x0093, 0x0094, 0x0095, 0x0096, 0x0097, 0x0098, 0x0099, 0x009a, 0x009b, 0x009c, 0x009d, 0x009e, 0x009f,
    0x0000, 0x0000, 0x0000, 0x0000, 0x0000, 0x0000, 0x0000, 0x0000, 0x0000, 0x0000, 0x0000, 0x0000, 0x0000, 0x0000, 0x0000, 0x0000,
    0x0000, 0x0000, 0x0000, 0x0000, 0x0000, 0x0000, 0x0000, 0x0000, 0x0000, 0x0000, 0x0000, 0x0000, 0x0000, 0x0000, 0x0000, 0x0000,
    0x0000, 0x0000, 0x0000, 0x0000, 0x0000, 0x0000, 0x0000, 0x0000, 0x0000, 0x0000, 0x0000, 0x0000, 0x0000, 0x0000, 0x0000, 0x0000,
    0x0000, 0x0000, 0x0000, 0x0000, 0x0000, 0x0000, 0x0000, 0x0000, 0x0000, 0x0000, 0x0000, 0x0000, 0x0000, 0x0000, 0x0000, 0x0000,
    0x0000, 0x0000, 0x0000, 0x0000, 0x0000, 0x0000, 0x0000, 0x0000, 0x0000, 0x0000, 0x0000, 0x0000, 0x0000, 0x0000, 0x0000, 0x0000,
    0x0000, 0x0000, 0x0000, 0x0000, 0x0000, 0x0000, 0x0000, 0x0000, 0x0000, 0x0000, 0x0000, 0x0000, 0x0000, 0x0000, 0x0000, 0x0000,
];
pub static D1: [u16; 63] = [
    0xff61, 0xff62, 0xff63, 0xff64, 0xff65, 0xff66, 0xff67, 0xff68, 0xff69, 0xff6a, 0xff6b, 0xff6c, 0xff6d, 0xff6e, 0xff6f, 0xff70,
    0xff71, 0xff72, 0xff73, 0xff74, 0xff75, 0xff76, 0xff77, 0xff78, 0xff79, 0xff7a, 0xff7b, 0xff7c, 0xff7d, 0xff7e, 0xff7f, 0xff80,
    0xff81, 0xff82, 0xff83, 0xff84, 0xff85, 0xff86, 0xff87, 0xff88, 0xff89, 0xff8a, 0xff8b, 0xff8c, 0xff8d, 0xff8e, 0xff8f, 0xff90,
    0xff91, 0xff92, 0xff93, 0xff94, 0xff95, 0xff96, 0xff97, 0xff98, 0xff99, 0xff9a, 0xff9b, 0xff9c, 0xff9d, 0xff9e, 0xff9f,
];
pub static D2: [u16; 8836] = [
    0x3000, 0x3001, 0x3002, 0xff0c, 0xff0e, 0x30fb, 0xff1a, 0xff1b, 0xff1f, 0xff01, 0x309b, 0x309c, 0x00b4, 0xff40, 0x00a8, 0xff3e,
    0xffe3, 0xff3f, 0x30fd, 0x30fe, 0x309d, 0x309e, 0x3003, 0x4edd, 0x3005, 0x3006, 0x3007, 0x30fc, 0x2015, 0x2010, 0xff0f, 0xff3c,
    0xff5e, 0x2225, 0xff5c, 0x2026, 0x2025, 0x2018, 0x2019, 0x201c, 0x201d, 0xff08, 0xff09, 0x3014, 0x3015, 0xff3b, 0xff3d, 0xff5b,
    0xff5d, 0x3008, 0x3009, 0x300a, 0x300b, 0x300c, 0x300d, 0x300e, 0x300f, 0x3010, 0x3011, 0xff0b, 0xff0d, 0x00b1, 0x00d7, 0x00f7,
    0xff1d, 0x2260, 0xff1c, 0xff1e, 0x2266, 0x2267, 0x221e, 0x2234, 0x2642, 0x2640, 0x00b0, 0x2032, 0x2033, 0x2103, 0xffe5, 0xff04,
    0xffe0, 0xffe1, 0xff05, 0xff03, 0xff06, 0xff0a, 0xff20, 0x00a7, 0x2606, 0x2605, 0x25cb, 0x25cf, 0x25ce, 0x25c7, 0x25c6, 0x25a1,
    0x25a0, 0x25b3, 0x25b2, 0x25bd, 0x25bc, 0x203b, 0x3012, 0x2192, 0x2190, 0x2191, 0x2193, 0x3013, 0x0000, 0x0000, 0x0000, 0x0000,
    0x0000, 0x0000, 0x0000, 0x0000, 0x0000, 0x0000, 0x0000, 0x2208, 0x220b, 0x2286, 0x2287, 0x2282, 0x2283, 0x222a, 0x2229, 0x0000,
    0x0000, 0x0000, 0x0000, 0x0000, 0x0000, 0x0000, 0x0000, 0x2227, 0x2228, 0xffe2, 0x21d2, 0x21d4, 0x2200, 0x2203, 0x0000, 0x0000,
    0x0000, 0x0000, 0x0000, 0x0000, 0x0000, 0x0000, 0x0000, 0x0000, 0x0000, 0x2220, 0x22a5, 0x2312, 0x2202, 0x2207, 0x2261, 0x2252,
    0x226a, 0x226b, 0x221a, 0x223d, 0x221d, 0x2235, 0x222b, 0x222c, 0x0000, 0x0000, 0x0000, 0x0000, 0x0000, 0x0000, 0x0000, 0x212b,
    0x2030, 0x266f, 0x266d, 0x266a, 0x2020, 0x2021, 0x00b6, 0x0000, 0x0000, 0x0000, 0x0000, 0x25ef, 0x0000, 0x0000, 0x0000, 0x0000,
    0x0000, 0x0000, 0x0000, 0x0000, 0x0000, 0x0000, 0x0000, 0x0000, 0x0000, 0x0000, 0x0000, 0xff10, 0xff11, 0xff12, 0xff13, 0xff14,
    0xff15, 0xff16, 0xff17, 0xff18, 0xff19, 0x0000, 0x0000, 0x0000, 0x0000, 0x0000, 0x0000, 0x0000, 0xff21, 0xff22, 0xff23, 0xff24,
    0xff25, 0xff26, 0xff27, 0xff28, 0xff29, 0xff2a, 0xff2b, 0xff2c, 0xff2d, 0xff2e, 0xff2f, 0xff30, 0xff31, 0xff32, 0xff33, 0xff34,
    0xff35, 0xff36, 0xff37, 0xff38, 0xff39, 0xff3a, 0x0000, 0x0000, 0x0000, 0x0000, 0x0000, 0x0000, 0xff41, 0xff42, 0xff43, 0xff44,
    0xff45, 0xff46, 0xff47, 0xff48, 0xff49, 0xff4a, 0xff4b, 0xff4c, 0xff4d, 0xff4e, 0xff4f, 0xff50, 0xff51, 0xff52, 0xff53, 0xff54,
    0xff55, 0xff56, 0xff57, 0xff58, 0xff59, 0xff5a, 0x0000, 0x0000, 0x0000, 0x0000, 0x3041, 0x3042, 0x3043, 0x3044, 0x3045, 0x3046,
    0x3047, 0x3048, 0x3049, 0x304a, 0x304b, 0x304c, 0x304d, 0x304e, 0x304f, 0x3050, 0x3051, 0x3052, 0x3053, 0x3054, 0x3055, 0x3056,
    0x3057, 0x3058, 0x3059, 0x305a, 0x305b, 0x305c, 0x305d, 0x305e, 0x305f, 0x3060, 0x3061, 0x3062, 0x3063, 0x3064, 0x3065, 0x3066,
    0x3067, 0x3068, 0x3069, 0x306a, 0x306b, 0x306c, 0x306d, 0x306e, 0x306f, 0x3070, 0x3071, 0x3072, 0x3073, 0x3074, 0x3075, 0x3076,
    0x3077, 0x3078, 0x3079, 0x307a, 0x307b, 0x307c, 0x307d, 0x307e, 0x307f, 0x3080, 0x3081, 0x3082, 0x3083, 0x3084, 0x3085, 0x3086,
    0x3087, 0x3088, 0x3089, 0x308a, 0x308b, 0x308c, 0x308d, 0x308e, 0x308f, 0x3090, 0x3091, 0x3092, 0x3093, 0x0000, 0x0000, 0x0000,
    0x0000, 0x0000, 0x0000, 0x0000, 0x0000, 0x0000, 0x0000, 0x0000, 0x30a1, 0x30a2, 0x30a3, 0x30a4, 0x30a5, 0x30a6, 0x30a7, 0x30a8,
    0x30a9, 0x30aa, 0x30ab, 0x30ac, 0x30ad, 0x30ae, 0x30af, 0x30b0, 0x30b1, 0x30b2, 0x30b3, 0x30b4, 0x30b5, 0x30b6, 0x30b7, 0x30b8,
    0x30b9, 0x30ba, 0x30bb, 0x30bc, 0x30bd, 0x30be, 0x30bf, 0x30c0, 0x30c1, 0x30c2, 0x30c3, 0x30c4, 0x30c5, 0x30c6, 0x30c7, 0x30c8,
    0x30c9, 0x30ca, 0x30cb, 0x30cc, 0x30cd, 0x30ce, 0x30cf, 0x30d0, 0x30d1, 0x30d2, 0x30d3, 0x30d4, 0x30d5, 0x30d6, 0x30d7, 0x30d8,
    0x30d9, 0x30da, 0x30db, 0x30dc, 0x30dd, 0x30de, 0x30df, 0x30e0, 0x30e1, 0x30e2, 0x30e3, 0x30e4, 0x30e5, 0x30e6, 0x30e7, 0x30e8,
    0x30e9, 0x30ea, 0x30eb, 0x30ec, 0x30ed, 0x30ee, 0x30ef, 0x30f0, 0x30f1, 0x30f2, 0x30f3, 0x30f4, 0x30f5, 0x30f6, 0x0000, 0x0000,
    0x0000, 0x0000, 0x0000, 0x0000, 0x0000, 0x0000, 0x0391, 0x0392, 0x0393, 0x0394, 0x0395, 0x0396, 0x0397, 0x0398, 0x0399, 0x039a,
    0x039b, 0x039c, 0x039d, 0x039e, 0x039f, 0x03a0, 0x03a1, 0x03a3, 0x03a4, 0x03a5, 0x03a6, 0x03a7, 0x03a8, 0x03a9, 0x0000, 0x0000,
    0x0000, 0x0000, 0x0000, 0x0000, 0x0000, 0x0000, 0x03b1, 0x03b2, 0x03b3, 0x03b4, 0x03b5, 0x03b6, 0x03b7, 0x03b8, 0x03b9, 0x03ba,
    0x03bb, 0x03bc, 0x03bd, 0x03be, 0x03bf, 0x03c0, 0x03c1, 0x03c3, 0x03c4, 0x03c5, 0x03c6, 0x03c7, 0x03c8, 0x03c9, 0x0000, 0x0000,
    0x0000, 0x0000, 0x0000, 0x0000, 0x0000, 0x0000, 0x0000, 0x0000, 0x0000, 0x0000, 0x0000, 0x0000, 0x0000, 0x0000, 0x0000, 0x0000,
    0x0000, 0x0000, 0x0000, 0x0000, 0x0000, 0x0000, 0x0000, 0x0000, 0x0000, 0x0000, 0x0000, 0x0000, 0x0000, 0x0000, 0x0000, 0x0000,
    0x0000, 0x0000, 0x0000, 0x0000, 0x0410, 0x0411, 0x0412, 0x0413, 0x0414, 0x0415, 0x0401, 0x0416, 0x0417, 0x0418, 0x0419, 0x041a,
    0x041b, 0x041c, 0x041d, 0x041e, 0x041f, 0x0420, 0x0421, 0x0422, 0x0423, 0x0424, 0x0425, 0x0426, 0x0427, 0x0428, 0x0429, 0x042a,
    0x042b, 0x042c, 0x042d, 0x042e, 0x042f, 0x0000, 0x0000, 0x0000, 0x0000, 0x0000, 0x0000, 0x0000, 0x0000, 0x0000, 0x0000, 0x0000,
    0x0000, 0x0000, 0x0000, 0x0000, 0x0430, 0x0431, 0x0432, 0x0433, 0x0434, 0x0435, 0x0451, 0x0436, 0x0437, 0x0438, 0x0439, 0x043a,
    0x043b, 0x043c, 0x043d, 0x043e, 0x043f, 0x0440, 0x0441, 0x0442, 0x0443, 0x0444, 0x0445, 0x0446, 0x0447, 0x0448, 0x0449, 0x044a,
    0x044b, 0x044c, 0x044d, 0x044e, 0x044f, 0x0000, 0x0000, 0x0000, 0x0000, 0x0000, 0x0000, 0x0000, 0x0000, 0x0000, 0x0000, 0x0000,
    0x0000, 0x0000, 0x2500, 0x2502, 0x250c, 0x2510, 0x2518, 0x2514, 0x251c, 0x252c, 0x2524, 0x2534, 0x253c, 0x2501, 0x2503, 0x250f,
    0x2513, 0x251b, 0x2517, 0x2523, 0x2533, 0x252b, 0x253b, 0x254b, 0x2520, 0x252f, 0x2528, 0x2537, 0x253f, 0x251d, 0x2530, 0x2525,
    0x2538, 0x2542, 0x0000, 0x0000, 0x0000, 0x0000, 0x0000, 0x0000, 0x0000, 0x0000, 0x0000, 0x0000, 0x0000, 0x0000, 0x0000, 0x0000,
    0x0000, 0x0000, 0x0000, 0x0000, 0x0000, 0x0000, 0x0000, 0x0000, 0x0000, 0x0000, 0x0000, 0x0000, 0x0000, 0x0000, 0x0000, 0x0000,
    0x0000, 0x0000, 0x0000, 0x0000, 0x0000, 0x0000, 0x0000, 0x0000, 0x0000, 0x0000, 0x0000, 0x0000, 0x0000, 0x0000, 0x0000, 0x0000,
    0x0000, 0x0000, 0x0000, 0x0000, 0x0000, 0x0000, 0x0000, 0x0000, 0x0000, 0x0000, 0x0000, 0x0000, 0x0000, 0x0000, 0x0000, 0x0000,
    0x0000, 0x0000, 0x0000, 0x0000, 0x0000, 0x0000, 0x0000, 0x0000, 0x0000, 0x0000, 0x0000, 0x0000, 0x0000, 0x0000, 0x0000, 0x0000,
    0x0000, 0x0000, 0x0000, 0x0000, 0x0000, 0x0000, 0x0000, 0x0000, 0x0000, 0x0000, 0x0000, 0x0000, 0x0000, 0x0000, 0x0000, 0x0000,
    0x0000, 0x0000, 0x0000, 0x0000, 0x0000, 0x0000, 0x0000, 0x0000, 0x0000, 0x0000, 0x0000, 0x0000, 0x0000, 0x0000, 0x0000, 0x0000,
    0x0000, 0x0000, 0x0000, 0x0000, 0x0000, 0x0000, 0x0000, 0x0000, 0x0000, 0x0000, 0x0000, 0x0000, 0x0000, 0x0000, 0x0000, 0x0000,
    0x0000, 0x0000, 0x0000, 0x0000, 0x0000, 0x0000, 0x0000, 0x0000, 0x0000, 0x0000, 0x0000, 0x0000, 0x0000, 0x0000, 0x0000, 0x0000,
    0x0000, 0x0000, 0x0000, 0x0000, 0x0000, 0x0000, 0x0000, 0x0000, 0x0000, 0x0000, 0x0000, 0x0000, 0x0000, 0x0000, 0x0000, 0x0000,
    0x0000, 0x0000, 0x0000, 0x0000, 0x0000, 0x0000, 0x0000, 0x0000, 0x0000, 0x0000, 0x0000, 0x0000, 0x0000, 0x0000, 0x0000, 0x0000,
    0x0000, 0x0000, 0x0000, 0x0000, 0x0000, 0x0000, 0x0000, 0x0000, 0x0000, 0x0000, 0x0000, 0x0000, 0x0000, 0x0000, 0x0000, 0x0000,
    0x0000, 0x0000, 0x0000, 0x0000, 0x0000, 0x0000, 0x0000, 0x0000, 0x0000, 0x0000, 0x0000, 0x0000, 0x0000, 0x0000, 0x0000, 0x0000,
    0x0000, 0x0000, 0x0000, 0x0000, 0x0000, 0x0000, 0x0000, 0x0000, 0x0000, 0x0000, 0x0000, 0x0000, 0x0000, 0x0000, 0x0000, 0x0000,
    0x0000, 0x0000, 0x0000, 0x0000, 0x0000, 0x0000, 0x0000, 0x0000, 0x0000, 0x0000, 0x0000, 0x0000, 0x0000, 0x0000, 0x0000, 0x0000,
    0x0000, 0x0000, 0x0000, 0x0000, 0x0000, 0x0000, 0x0000, 0x0000, 0x0000, 0x0000, 0x0000, 0x0000, 0x0000, 0x0000, 0x0000, 0x0000,
    0x0000, 0x0000, 0x0000, 0x0000, 0x0000, 0x0000, 0x0000, 0x0000, 0x0000, 0x0000, 0x0000, 0x0000, 0x0000, 0x0000, 0x0000, 0x0000,
    0x0000, 0x0000, 0x0000, 0x0000, 0x0000, 0x0000, 0x0000, 0x0000, 0x0000, 0x0000, 0x0000, 0x0000, 0x0000, 0x0000, 0x0000, 0x0000,
    0x0000, 0x0000, 0x0000, 0x0000, 0x0000, 0x0000, 0x0000, 0x0000, 0x0000, 0x0000, 0x0000, 0x0000, 0x0000, 0x0000, 0x0000, 0x0000,
    0x0000, 0x0000, 0x0000, 0x0000, 0x0000, 0x0000, 0x0000, 0x0000, 0x0000, 0x0000, 0x0000, 0x0000, 0x0000, 0x0000, 0x0000, 0x0000,
    0x0000, 0x0000, 0x0000, 0x0000, 0x0000, 0x0000, 0x0000, 0x0000, 0x0000, 0x0000, 0x0000, 0x0000, 0x0000, 0x0000, 0x0000, 0x0000,
    0x0000, 0x0000, 0x0000, 0x0000, 0x0000, 0x0000, 0x0000, 0x0000, 0x0000, 0x0000, 0x0000, 0x0000, 0x0000, 0x0000, 0x0000, 0x0000,
    0x0000, 0x0000, 0x0000, 0x0000, 0x0000, 0x0000, 0x0000, 0x0000, 0x0000, 0x0000, 0x0000, 0x0000, 0x0000, 0x0000, 0x0000, 0x0000,
    0x0000, 0x0000, 0x0000, 0x0000, 0x0000, 0x0000, 0x0000, 0x0000, 0x0000, 0x0000, 0x0000, 0x0000, 0x0000, 0x0000, 0x0000, 0x0000,
    0x0000, 0x0000, 0x0000, 0x0000, 0x0000, 0x0000, 0x0000, 0x0000, 0x0000, 0x0000, 0x0000, 0x0000, 0x0000, 0x0000, 0x0000, 0x0000,
    0x0000, 0x0000, 0x0000, 0x0000, 0x0000, 0x0000, 0x0000, 0x0000, 0x0000, 0x0000, 0x0000, 0x0000, 0x0000, 0x0000, 0x0000, 0x0000,
    0x0000, 0x0000, 0x0000, 0x0000, 0x0000, 0x0000, 0x0000, 0x0000, 0x0000, 0x0000, 0x0000, 0x0000, 0x0000, 0x0000, 0x0000, 0x0000,
    0x0000, 0x0000, 0x0000, 0x0000, 0x0000, 0x0000, 0x0000, 0x0000, 0x2460, 0x2461, 0x2462, 0x2463, 0x2464, 0x2465, 0x2466, 0x2467,
    0x2468, 0x2469, 0x246a, 0x246b, 0x246c, 0x246d, 0x246e, 0x246f, 0x2470, 0x2471, 0x2472, 0x2473, 0x2160, 0x2161, 0x2162, 0x2163,
    0x2164, 0x2165, 0x2166, 0x2167, 0x2168, 0x2169, 0x0000, 0x3349, 0x3314, 0x3322, 0x334d, 0x3318, 0x3327, 0x3303, 0x3336, 0x3351,
    0x3357, 0x330d, 0x3326, 0x3323, 0x332b, 0x334a, 0x333b, 0x339c, 0x339d, 0x339e, 0x338e, 0x338f, 0x33c4, 0x33a1, 0x0000, 0x0000,
    0x0000, 0x0000, 0x0000, 0x0000, 0x0000, 0x0000, 0x337b, 0x301d, 0x301f, 0x2116, 0x33cd, 0x2121, 0x32a4, 0x32a5, 0x32a6, 0x32a7,
    0x32a8, 0x3231, 0x3232, 0x3239, 0x337e, 0x337d, 0x337c, 0x2252, 0x2261, 0x222b, 0x222e, 0x2211, 0x221a, 0x22a5, 0x2220, 0x221f,
    0x22bf, 0x2235, 0x2229, 0x222a, 0x0000, 0x0000, 0x0000, 0x0000, 0x0000, 0x0000, 0x0000, 0x0000, 0x0000, 0x0000, 0x0000, 0x0000,
    0x0000, 0x0000, 0x0000, 0x0000, 0x0000, 0x0000, 0x0000, 0x0000, 0x0000, 0x0000, 0x0000, 0x0000, 0x0000, 0x0000, 0x0000, 0x0000,
    0x0000, 0x0000, 0x0000, 0x0000, 0x0000, 0x0000, 0x0000, 0x0000, 0x0000, 0x0000, 0x0000, 0x0000, 0x0000, 0x0000, 0x0000, 0x0000,
    0x0000, 0x0000, 0x0000, 0x0000, 0x0000, 0x0000, 0x0000, 0x0000, 0x0000, 0x0000, 0x0000, 0x0000, 0x0000, 0x0000, 0x0000, 0x0000,
    0x0000, 0x0000, 0x0000, 0x0000, 0x0000, 0x0000, 0x0000, 0x0000, 0x0000, 0x0000, 0x0000, 0x0000, 0x0000, 0x0000, 0x0000, 0x0000,
    0x0000, 0x0000, 0x0000, 0x0000, 0x0000, 0x0000, 0x0000, 0x0000, 0x0000, 0x0000, 0x0000, 0x0000, 0x0000, 0x0000, 0x0000, 0x0000,
    0x0000, 0x0000, 0x0000, 0x0000, 0x0000, 0x0000, 0x0000, 0x0000, 0x0000, 0x0000, 0x0000, 0x0000, 0x0000, 0x0000, 0x0000, 0x0000,
    0x0000, 0x0000, 0x0000, 0x0000, 0x0000, 0x0000, 0x0000, 0x0000, 0x0000, 0x0000, 0x0000, 0x0000, 0x0000, 0x0000, 0x0000, 0x0000,
    0x0000, 0x0000, 0x0000, 0x0000, 0x0000, 0x0000, 0x0000, 0x0000, 0x0000, 0x0000, 0x0000, 0x0000, 0x0000, 0x0000, 0x0000, 0x0000,
    0x0000, 0x0000, 0x0000, 0x0000, 0x0000, 0x0000, 0x0000, 0x0000, 0x0000, 0x0000, 0x0000, 0x0000, 0x0000, 0x0000, 0x0000, 0x0000,
    0x0000, 0x0000, 0x0000, 0x0000, 0x0000, 0x0000, 0x0000, 0x0000, 0x0000, 0x0000, 0x0000, 0x0000, 0x0000, 0x0000, 0x0000, 0x0000,
    0x0000, 0x0000, 0x0000, 0x0000, 0x0000, 0x0000, 0x0000, 0x0000, 0x0000, 0x0000, 0x0000, 0x0000, 0x0000, 0x0000, 0x0000, 0x0000,
    0x0000, 0x0000, 0x4e9c, 0x5516, 0x5a03, 0x963f, 0x54c0, 0x611b, 0x6328, 0x59f6, 0x9022, 0x8475, 0x831c, 0x7a50, 0x60aa, 0x63e1,
    0x6e25, 0x65ed, 0x8466, 0x82a6, 0x9bf5, 0x6893, 0x5727, 0x65a1, 0x6271, 0x5b9b, 0x59d0, 0x867b, 0x98f4, 0x7d62, 0x7dbe, 0x9b8e,
    0x6216, 0x7c9f, 0x88b7, 0x5b89, 0x5eb5, 0x6309, 0x6697, 0x6848, 0x95c7, 0x978d, 0x674f, 0x4ee5, 0x4f0a, 0x4f4d, 0x4f9d, 0x5049,
    0x56f2, 0x5937, 0x59d4, 0x5a01, 0x5c09, 0x60df, 0x610f, 0x6170, 0x6613, 0x6905, 0x70ba, 0x754f, 0x7570, 0x79fb, 0x7dad, 0x7def,
    0x80c3, 0x840e, 0x8863, 0x8b02, 0x9055, 0x907a, 0x533b, 0x4e95, 0x4ea5, 0x57df, 0x80b2, 0x90c1, 0x78ef, 0x4e00, 0x58f1, 0x6ea2,
    0x9038, 0x7a32, 0x8328, 0x828b, 0x9c2f, 0x5141, 0x5370, 0x54bd, 0x54e1, 0x56e0, 0x59fb, 0x5f15, 0x98f2, 0x6deb, 0x80e4, 0x852d,
    0x9662, 0x9670, 0x96a0, 0x97fb, 0x540b, 0x53f3, 0x5b87, 0x70cf, 0x7fbd, 0x8fc2, 0x96e8, 0x536f, 0x9d5c, 0x7aba, 0x4e11, 0x7893,
    0x81fc, 0x6e26, 0x5618, 0x5504, 0x6b1d, 0x851a, 0x9c3b, 0x59e5, 0x53a9, 0x6d66, 0x74dc, 0x958f, 0x5642, 0x4e91, 0x904b, 0x96f2,
    0x834f, 0x990c, 0x53e1, 0x55b6, 0x5b30, 0x5f71, 0x6620, 0x66f3, 0x6804, 0x6c38, 0x6cf3, 0x6d29, 0x745b, 0x76c8, 0x7a4e, 0x9834,
    0x82f1, 0x885b, 0x8a60, 0x92ed, 0x6db2, 0x75ab, 0x76ca, 0x99c5, 0x60a6, 0x8b01, 0x8d8a, 0x95b2, 0x698e, 0x53ad, 0x5186, 0x5712,
    0x5830, 0x5944, 0x5bb4, 0x5ef6, 0x6028, 0x63a9, 0x63f4, 0x6cbf, 0x6f14, 0x708e, 0x7114, 0x7159, 0x71d5, 0x733f, 0x7e01, 0x8276,
    0x82d1, 0x8597, 0x9060, 0x925b, 0x9d1b, 0x5869, 0x65bc, 0x6c5a, 0x7525, 0x51f9, 0x592e, 0x5965, 0x5f80, 0x5fdc, 0x62bc, 0x65fa,
    0x6a2a, 0x6b27, 0x6bb4, 0x738b, 0x7fc1, 0x8956, 0x9d2c, 0x9d0e, 0x9ec4, 0x5ca1, 0x6c96, 0x837b, 0x5104, 0x5c4b, 0x61b6, 0x81c6,
    0x6876, 0x7261, 0x4e59, 0x4ffa, 0x5378, 0x6069, 0x6e29, 0x7a4f, 0x97f3, 0x4e0b, 0x5316, 0x4eee, 0x4f55, 0x4f3d, 0x4fa1, 0x4f73,
    0x52a0, 0x53ef, 0x5609, 0x590f, 0x5ac1, 0x5bb6, 0x5be1, 0x79d1, 0x6687, 0x679c, 0x67b6, 0x6b4c, 0x6cb3, 0x706b, 0x73c2, 0x798d,
    0x79be, 0x7a3c, 0x7b87, 0x82b1, 0x82db, 0x8304, 0x8377, 0x83ef, 0x83d3, 0x8766, 0x8ab2, 0x5629, 0x8ca8, 0x8fe6, 0x904e, 0x971e,
    0x868a, 0x4fc4, 0x5ce8, 0x6211, 0x7259, 0x753b, 0x81e5, 0x82bd, 0x86fe, 0x8cc0, 0x96c5, 0x9913, 0x99d5, 0x4ecb, 0x4f1a, 0x89e3,
    0x56de, 0x584a, 0x58ca, 0x5efb, 0x5feb, 0x602a, 0x6094, 0x6062, 0x61d0, 0x6212, 0x62d0, 0x6539, 0x9b41, 0x6666, 0x68b0, 0x6d77,
    0x7070, 0x754c, 0x7686, 0x7d75, 0x82a5, 0x87f9, 0x958b, 0x968e, 0x8c9d, 0x51f1, 0x52be, 0x5916, 0x54b3, 0x5bb3, 0x5d16, 0x6168,
    0x6982, 0x6daf, 0x788d, 0x84cb, 0x8857, 0x8a72, 0x93a7, 0x9ab8, 0x6d6c, 0x99a8, 0x86d9, 0x57a3, 0x67ff, 0x86ce, 0x920e, 0x5283,
    0x5687, 0x5404, 0x5ed3, 0x62e1, 0x64b9, 0x683c, 0x6838, 0x6bbb, 0x7372, 0x78ba, 0x7a6b, 0x899a, 0x89d2, 0x8d6b, 0x8f03, 0x90ed,
    0x95a3, 0x9694, 0x9769, 0x5b66, 0x5cb3, 0x697d, 0x984d, 0x984e, 0x639b, 0x7b20, 0x6a2b, 0x6a7f, 0x68b6, 0x9c0d, 0x6f5f, 0x5272,
    0x559d, 0x6070, 0x62ec, 0x6d3b, 0x6e07, 0x6ed1, 0x845b, 0x8910, 0x8f44, 0x4e14, 0x9c39, 0x53f6, 0x691b, 0x6a3a, 0x9784, 0x682a,
    0x515c, 0x7ac3, 0x84b2, 0x91dc, 0x938c, 0x565b, 0x9d28, 0x6822, 0x8305, 0x8431, 0x7ca5, 0x5208, 0x82c5, 0x74e6, 0x4e7e, 0x4f83,
    0x51a0, 0x5bd2, 0x520a, 0x52d8, 0x52e7, 0x5dfb, 0x559a, 0x582a, 0x59e6, 0x5b8c, 0x5b98, 0x5bdb, 0x5e72, 0x5e79, 0x60a3, 0x611f,
    0x6163, 0x61be, 0x63db, 0x6562, 0x67d1, 0x6853, 0x68fa, 0x6b3e, 0x6b53, 0x6c57, 0x6f22, 0x6f97, 0x6f45, 0x74b0, 0x7518, 0x76e3,
    0x770b, 0x7aff, 0x7ba1, 0x7c21, 0x7de9, 0x7f36, 0x7ff0, 0x809d, 0x8266, 0x839e, 0x89b3, 0x8acc, 0x8cab, 0x9084, 0x9451, 0x9593,
    0x9591, 0x95a2, 0x9665, 0x97d3, 0x9928, 0x8218, 0x4e38, 0x542b, 0x5cb8, 0x5dcc, 0x73a9, 0x764c, 0x773c, 0x5ca9, 0x7feb, 0x8d0b,
    0x96c1, 0x9811, 0x9854, 0x9858, 0x4f01, 0x4f0e, 0x5371, 0x559c, 0x5668, 0x57fa, 0x5947, 0x5b09, 0x5bc4, 0x5c90, 0x5e0c, 0x5e7e,
    0x5fcc, 0x63ee, 0x673a, 0x65d7, 0x65e2, 0x671f, 0x68cb, 0x68c4, 0x6a5f, 0x5e30, 0x6bc5, 0x6c17, 0x6c7d, 0x757f, 0x7948, 0x5b63,
    0x7a00, 0x7d00, 0x5fbd, 0x898f, 0x8a18, 0x8cb4, 0x8d77, 0x8ecc, 0x8f1d, 0x98e2, 0x9a0e, 0x9b3c, 0x4e80, 0x507d, 0x5100, 0x5993,
    0x5b9c, 0x622f, 0x6280, 0x64ec, 0x6b3a, 0x72a0, 0x7591, 0x7947, 0x7fa9, 0x87fb, 0x8abc, 0x8b70, 0x63ac, 0x83ca, 0x97a0, 0x5409,
    0x5403, 0x55ab, 0x6854, 0x6a58, 0x8a70, 0x7827, 0x6775, 0x9ecd, 0x5374, 0x5ba2, 0x811a, 0x8650, 0x9006, 0x4e18, 0x4e45, 0x4ec7,
    0x4f11, 0x53ca, 0x5438, 0x5bae, 0x5f13, 0x6025, 0x6551, 0x673d, 0x6c42, 0x6c72, 0x6ce3, 0x7078, 0x7403, 0x7a76, 0x7aae, 0x7b08,
    0x7d1a, 0x7cfe, 0x7d66, 0x65e7, 0x725b, 0x53bb, 0x5c45, 0x5de8, 0x62d2, 0x62e0, 0x6319, 0x6e20, 0x865a, 0x8a31, 0x8ddd, 0x92f8,
    0x6f01, 0x79a6, 0x9b5a, 0x4ea8, 0x4eab, 0x4eac, 0x4f9b, 0x4fa0, 0x50d1, 0x5147, 0x7af6, 0x5171, 0x51f6, 0x5354, 0x5321, 0x537f,
    0x53eb, 0x55ac, 0x5883, 0x5ce1, 0x5f37, 0x5f4a, 0x602f, 0x6050, 0x606d, 0x631f, 0x6559, 0x6a4b, 0x6cc1, 0x72c2, 0x72ed, 0x77ef,
    0x80f8, 0x8105, 0x8208, 0x854e, 0x90f7, 0x93e1, 0x97ff, 0x9957, 0x9a5a, 0x4ef0, 0x51dd, 0x5c2d, 0x6681, 0x696d, 0x5c40, 0x66f2,
    0x6975, 0x7389, 0x6850, 0x7c81, 0x50c5, 0x52e4, 0x5747, 0x5dfe, 0x9326, 0x65a4, 0x6b23, 0x6b3d, 0x7434, 0x7981, 0x79bd, 0x7b4b,
    0x7dca, 0x82b9, 0x83cc, 0x887f, 0x895f, 0x8b39, 0x8fd1, 0x91d1, 0x541f, 0x9280, 0x4e5d, 0x5036, 0x53e5, 0x533a, 0x72d7, 0x7396,
    0x77e9, 0x82e6, 0x8eaf, 0x99c6, 0x99c8, 0x99d2, 0x5177, 0x611a, 0x865e, 0x55b0, 0x7a7a, 0x5076, 0x5bd3, 0x9047, 0x9685, 0x4e32,
    0x6adb, 0x91e7, 0x5c51, 0x5c48, 0x6398, 0x7a9f, 0x6c93, 0x9774, 0x8f61, 0x7aaa, 0x718a, 0x9688, 0x7c82, 0x6817, 0x7e70, 0x6851,
    0x936c, 0x52f2, 0x541b, 0x85ab, 0x8a13, 0x7fa4, 0x8ecd, 0x90e1, 0x5366, 0x8888, 0x7941, 0x4fc2, 0x50be, 0x5211, 0x5144, 0x5553,
    0x572d, 0x73ea, 0x578b, 0x5951, 0x5f62, 0x5f84, 0x6075, 0x6176, 0x6167, 0x61a9, 0x63b2, 0x643a, 0x656c, 0x666f, 0x6842, 0x6e13,
    0x7566, 0x7a3d, 0x7cfb, 0x7d4c, 0x7d99, 0x7e4b, 0x7f6b, 0x830e, 0x834a, 0x86cd, 0x8a08, 0x8a63, 0x8b66, 0x8efd, 0x981a, 0x9d8f,
    0x82b8, 0x8fce, 0x9be8, 0x5287, 0x621f, 0x6483, 0x6fc0, 0x9699, 0x6841, 0x5091, 0x6b20, 0x6c7a, 0x6f54, 0x7a74, 0x7d50, 0x8840,
    0x8a23, 0x6708, 0x4ef6, 0x5039, 0x5026, 0x5065, 0x517c, 0x5238, 0x5263, 0x55a7, 0x570f, 0x5805, 0x5acc, 0x5efa, 0x61b2, 0x61f8,
    0x62f3, 0x6372, 0x691c, 0x6a29, 0x727d, 0x72ac, 0x732e, 0x7814, 0x786f, 0x7d79, 0x770c, 0x80a9, 0x898b, 0x8b19, 0x8ce2, 0x8ed2,
    0x9063, 0x9375, 0x967a, 0x9855, 0x9a13, 0x9e78, 0x5143, 0x539f, 0x53b3, 0x5e7b, 0x5f26, 0x6e1b, 0x6e90, 0x7384, 0x73fe, 0x7d43,
    0x8237, 0x8a00, 0x8afa, 0x9650, 0x4e4e, 0x500b, 0x53e4, 0x547c, 0x56fa, 0x59d1, 0x5b64, 0x5df1, 0x5eab, 0x5f27, 0x6238, 0x6545,
    0x67af, 0x6e56, 0x72d0, 0x7cca, 0x88b4, 0x80a1, 0x80e1, 0x83f0, 0x864e, 0x8a87, 0x8de8, 0x9237, 0x96c7, 0x9867, 0x9f13, 0x4e94,
    0x4e92, 0x4f0d, 0x5348, 0x5449, 0x543e, 0x5a2f, 0x5f8c, 0x5fa1, 0x609f, 0x68a7, 0x6a8e, 0x745a, 0x7881, 0x8a9e, 0x8aa4, 0x8b77,
    0x9190, 0x4e5e, 0x9bc9, 0x4ea4, 0x4f7c, 0x4faf, 0x5019, 0x5016, 0x5149, 0x516c, 0x529f, 0x52b9, 0x52fe, 0x539a, 0x53e3, 0x5411,
    0x540e, 0x5589, 0x5751, 0x57a2, 0x597d, 0x5b54, 0x5b5d, 0x5b8f, 0x5de5, 0x5de7, 0x5df7, 0x5e78, 0x5e83, 0x5e9a, 0x5eb7, 0x5f18,
    0x6052, 0x614c, 0x6297, 0x62d8, 0x63a7, 0x653b, 0x6602, 0x6643, 0x66f4, 0x676d, 0x6821, 0x6897, 0x69cb, 0x6c5f, 0x6d2a, 0x6d69,
    0x6e2f, 0x6e9d, 0x7532, 0x7687, 0x786c, 0x7a3f, 0x7ce0, 0x7d05, 0x7d18, 0x7d5e, 0x7db1, 0x8015, 0x8003, 0x80af, 0x80b1, 0x8154,
    0x818f, 0x822a, 0x8352, 0x884c, 0x8861, 0x8b1b, 0x8ca2, 0x8cfc, 0x90ca, 0x9175, 0x9271, 0x783f, 0x92fc, 0x95a4, 0x964d, 0x9805,
    0x9999, 0x9ad8, 0x9d3b, 0x525b, 0x52ab, 0x53f7, 0x5408, 0x58d5, 0x62f7, 0x6fe0, 0x8c6a, 0x8f5f, 0x9eb9, 0x514b, 0x523b, 0x544a,
    0x56fd, 0x7a40, 0x9177, 0x9d60, 0x9ed2, 0x7344, 0x6f09, 0x8170, 0x7511, 0x5ffd, 0x60da, 0x9aa8, 0x72db, 0x8fbc, 0x6b64, 0x9803,
    0x4eca, 0x56f0, 0x5764, 0x58be, 0x5a5a, 0x6068, 0x61c7, 0x660f, 0x6606, 0x6839, 0x68b1, 0x6df7, 0x75d5, 0x7d3a, 0x826e, 0x9b42,
    0x4e9b, 0x4f50, 0x53c9, 0x5506, 0x5d6f, 0x5de6, 0x5dee, 0x67fb, 0x6c99, 0x7473, 0x7802, 0x8a50, 0x9396, 0x88df, 0x5750, 0x5ea7,
    0x632b, 0x50b5, 0x50ac, 0x518d, 0x6700, 0x54c9, 0x585e, 0x59bb, 0x5bb0, 0x5f69, 0x624d, 0x63a1, 0x683d, 0x6b73, 0x6e08, 0x707d,
    0x91c7, 0x7280, 0x7815, 0x7826, 0x796d, 0x658e, 0x7d30, 0x83dc, 0x88c1, 0x8f09, 0x969b, 0x5264, 0x5728, 0x6750, 0x7f6a, 0x8ca1,
    0x51b4, 0x5742, 0x962a, 0x583a, 0x698a, 0x80b4, 0x54b2, 0x5d0e, 0x57fc, 0x7895, 0x9dfa, 0x4f5c, 0x524a, 0x548b, 0x643e, 0x6628,
    0x6714, 0x67f5, 0x7a84, 0x7b56, 0x7d22, 0x932f, 0x685c, 0x9bad, 0x7b39, 0x5319, 0x518a, 0x5237, 0x5bdf, 0x62f6, 0x64ae, 0x64e6,
    0x672d, 0x6bba, 0x85a9, 0x96d1, 0x7690, 0x9bd6, 0x634c, 0x9306, 0x9bab, 0x76bf, 0x6652, 0x4e09, 0x5098, 0x53c2, 0x5c71, 0x60e8,
    0x6492, 0x6563, 0x685f, 0x71e6, 0x73ca, 0x7523, 0x7b97, 0x7e82, 0x8695, 0x8b83, 0x8cdb, 0x9178, 0x9910, 0x65ac, 0x66ab, 0x6b8b,
    0x4ed5, 0x4ed4, 0x4f3a, 0x4f7f, 0x523a, 0x53f8, 0x53f2, 0x55e3, 0x56db, 0x58eb, 0x59cb, 0x59c9, 0x59ff, 0x5b50, 0x5c4d, 0x5e02,
    0x5e2b, 0x5fd7, 0x601d, 0x6307, 0x652f, 0x5b5c, 0x65af, 0x65bd, 0x65e8, 0x679d, 0x6b62, 0x6b7b, 0x6c0f, 0x7345, 0x7949, 0x79c1,
    0x7cf8, 0x7d19, 0x7d2b, 0x80a2, 0x8102, 0x81f3, 0x8996, 0x8a5e, 0x8a69, 0x8a66, 0x8a8c, 0x8aee, 0x8cc7, 0x8cdc, 0x96cc, 0x98fc,
    0x6b6f, 0x4e8b, 0x4f3c, 0x4f8d, 0x5150, 0x5b57, 0x5bfa, 0x6148, 0x6301, 0x6642, 0x6b21, 0x6ecb, 0x6cbb, 0x723e, 0x74bd, 0x75d4,
    0x78c1, 0x793a, 0x800c, 0x8033, 0x81ea, 0x8494, 0x8f9e, 0x6c50, 0x9e7f, 0x5f0f, 0x8b58, 0x9d2b, 0x7afa, 0x8ef8, 0x5b8d, 0x96eb,
    0x4e03, 0x53f1, 0x57f7, 0x5931, 0x5ac9, 0x5ba4, 0x6089, 0x6e7f, 0x6f06, 0x75be, 0x8cea, 0x5b9f, 0x8500, 0x7be0, 0x5072, 0x67f4,
    0x829d, 0x5c61, 0x854a, 0x7e1e, 0x820e, 0x5199, 0x5c04, 0x6368, 0x8d66, 0x659c, 0x716e, 0x793e, 0x7d17, 0x8005, 0x8b1d, 0x8eca,
    0x906e, 0x86c7, 0x90aa, 0x501f, 0x52fa, 0x5c3a, 0x6753, 0x707c, 0x7235, 0x914c, 0x91c8, 0x932b, 0x82e5, 0x5bc2, 0x5f31, 0x60f9,
    0x4e3b, 0x53d6, 0x5b88, 0x624b, 0x6731, 0x6b8a, 0x72e9, 0x73e0, 0x7a2e, 0x816b, 0x8da3, 0x9152, 0x9996, 0x5112, 0x53d7, 0x546a,
    0x5bff, 0x6388, 0x6a39, 0x7dac, 0x9700, 0x56da, 0x53ce, 0x5468, 0x5b97, 0x5c31, 0x5dde, 0x4fee, 0x6101, 0x62fe, 0x6d32, 0x79c0,
    0x79cb, 0x7d42, 0x7e4d, 0x7fd2, 0x81ed, 0x821f, 0x8490, 0x8846, 0x8972, 0x8b90, 0x8e74, 0x8f2f, 0x9031, 0x914b, 0x916c, 0x96c6,
    0x919c, 0x4ec0, 0x4f4f, 0x5145, 0x5341, 0x5f93, 0x620e, 0x67d4, 0x6c41, 0x6e0b, 0x7363, 0x7e26, 0x91cd, 0x9283, 0x53d4, 0x5919,
    0x5bbf, 0x6dd1, 0x795d, 0x7e2e, 0x7c9b, 0x587e, 0x719f, 0x51fa, 0x8853, 0x8ff0, 0x4fca, 0x5cfb, 0x6625, 0x77ac, 0x7ae3, 0x821c,
    0x99ff, 0x51c6, 0x5faa, 0x65ec, 0x696f, 0x6b89, 0x6df3, 0x6e96, 0x6f64, 0x76fe, 0x7d14, 0x5de1, 0x9075, 0x9187, 0x9806, 0x51e6,
    0x521d, 0x6240, 0x6691, 0x66d9, 0x6e1a, 0x5eb6, 0x7dd2, 0x7f72, 0x66f8, 0x85af, 0x85f7, 0x8af8, 0x52a9, 0x53d9, 0x5973, 0x5e8f,
    0x5f90, 0x6055, 0x92e4, 0x9664, 0x50b7, 0x511f, 0x52dd, 0x5320, 0x5347, 0x53ec, 0x54e8, 0x5546, 0x5531, 0x5617, 0x5968, 0x59be,
    0x5a3c, 0x5bb5, 0x5c06, 0x5c0f, 0x5c11, 0x5c1a, 0x5e84, 0x5e8a, 0x5ee0, 0x5f70, 0x627f, 0x6284, 0x62db, 0x638c, 0x6377, 0x6607,
    0x660c, 0x662d, 0x6676, 0x677e, 0x68a2, 0x6a1f, 0x6a35, 0x6cbc, 0x6d88, 0x6e09, 0x6e58, 0x713c, 0x7126, 0x7167, 0x75c7, 0x7701,
    0x785d, 0x7901, 0x7965, 0x79f0, 0x7ae0, 0x7b11, 0x7ca7, 0x7d39, 0x8096, 0x83d6, 0x848b, 0x8549, 0x885d, 0x88f3, 0x8a1f, 0x8a3c,
    0x8a54, 0x8a73, 0x8c61, 0x8cde, 0x91a4, 0x9266, 0x937e, 0x9418, 0x969c, 0x9798, 0x4e0a, 0x4e08, 0x4e1e, 0x4e57, 0x5197, 0x5270,
    0x57ce, 0x5834, 0x58cc, 0x5b22, 0x5e38, 0x60c5, 0x64fe, 0x6761, 0x6756, 0x6d44, 0x72b6, 0x7573, 0x7a63, 0x84b8, 0x8b72, 0x91b8,
    0x9320, 0x5631, 0x57f4, 0x98fe, 0x62ed, 0x690d, 0x6b96, 0x71ed, 0x7e54, 0x8077, 0x8272, 0x89e6, 0x98df, 0x8755, 0x8fb1, 0x5c3b,
    0x4f38, 0x4fe1, 0x4fb5, 0x5507, 0x5a20, 0x5bdd, 0x5be9, 0x5fc3, 0x614e, 0x632f, 0x65b0, 0x664b, 0x68ee, 0x699b, 0x6d78, 0x6df1,
    0x7533, 0x75b9, 0x771f, 0x795e, 0x79e6, 0x7d33, 0x81e3, 0x82af, 0x85aa, 0x89aa, 0x8a3a, 0x8eab, 0x8f9b, 0x9032, 0x91dd, 0x9707,
    0x4eba, 0x4ec1, 0x5203, 0x5875, 0x58ec, 0x5c0b, 0x751a, 0x5c3d, 0x814e, 0x8a0a, 0x8fc5, 0x9663, 0x976d, 0x7b25, 0x8acf, 0x9808,
    0x9162, 0x56f3, 0x53a8, 0x9017, 0x5439, 0x5782, 0x5e25, 0x63a8, 0x6c34, 0x708a, 0x7761, 0x7c8b, 0x7fe0, 0x8870, 0x9042, 0x9154,
    0x9310, 0x9318, 0x968f, 0x745e, 0x9ac4, 0x5d07, 0x5d69, 0x6570, 0x67a2, 0x8da8, 0x96db, 0x636e, 0x6749, 0x6919, 0x83c5, 0x9817,
    0x96c0, 0x88fe, 0x6f84, 0x647a, 0x5bf8, 0x4e16, 0x702c, 0x755d, 0x662f, 0x51c4, 0x5236, 0x52e2, 0x59d3, 0x5f81, 0x6027, 0x6210,
    0x653f, 0x6574, 0x661f, 0x6674, 0x68f2, 0x6816, 0x6b63, 0x6e05, 0x7272, 0x751f, 0x76db, 0x7cbe, 0x8056, 0x58f0, 0x88fd, 0x897f,
    0x8aa0, 0x8a93, 0x8acb, 0x901d, 0x9192, 0x9752, 0x9759, 0x6589, 0x7a0e, 0x8106, 0x96bb, 0x5e2d, 0x60dc, 0x621a, 0x65a5, 0x6614,
    0x6790, 0x77f3, 0x7a4d, 0x7c4d, 0x7e3e, 0x810a, 0x8cac, 0x8d64, 0x8de1, 0x8e5f, 0x78a9, 0x5207, 0x62d9, 0x63a5, 0x6442, 0x6298,
    0x8a2d, 0x7a83, 0x7bc0, 0x8aac, 0x96ea, 0x7d76, 0x820c, 0x8749, 0x4ed9, 0x5148, 0x5343, 0x5360, 0x5ba3, 0x5c02, 0x5c16, 0x5ddd,
    0x6226, 0x6247, 0x64b0, 0x6813, 0x6834, 0x6cc9, 0x6d45, 0x6d17, 0x67d3, 0x6f5c, 0x714e, 0x717d, 0x65cb, 0x7a7f, 0x7bad, 0x7dda,
    0x7e4a, 0x7fa8, 0x817a, 0x821b, 0x8239, 0x85a6, 0x8a6e, 0x8cce, 0x8df5, 0x9078, 0x9077, 0x92ad, 0x9291, 0x9583, 0x9bae, 0x524d,
    0x5584, 0x6f38, 0x7136, 0x5168, 0x7985, 0x7e55, 0x81b3, 0x7cce, 0x564c, 0x5851, 0x5ca8, 0x63aa, 0x66fe, 0x66fd, 0x695a, 0x72d9,
    0x758f, 0x758e, 0x790e, 0x7956, 0x79df, 0x7c97, 0x7d20, 0x7d44, 0x8607, 0x8a34, 0x963b, 0x9061, 0x9f20, 0x50e7, 0x5275, 0x53cc,
    0x53e2, 0x5009, 0x55aa, 0x58ee, 0x594f, 0x723d, 0x5b8b, 0x5c64, 0x531d, 0x60e3, 0x60f3, 0x635c, 0x6383, 0x633f, 0x63bb, 0x64cd,
    0x65e9, 0x66f9, 0x5de3, 0x69cd, 0x69fd, 0x6f15, 0x71e5, 0x4e89, 0x75e9, 0x76f8, 0x7a93, 0x7cdf, 0x7dcf, 0x7d9c, 0x8061, 0x8349,
    0x8358, 0x846c, 0x84bc, 0x85fb, 0x88c5, 0x8d70, 0x9001, 0x906d, 0x9397, 0x971c, 0x9a12, 0x50cf, 0x5897, 0x618e, 0x81d3, 0x8535,
    0x8d08, 0x9020, 0x4fc3, 0x5074, 0x5247, 0x5373, 0x606f, 0x6349, 0x675f, 0x6e2c, 0x8db3, 0x901f, 0x4fd7, 0x5c5e, 0x8cca, 0x65cf,
    0x7d9a, 0x5352, 0x8896, 0x5176, 0x63c3, 0x5b58, 0x5b6b, 0x5c0a, 0x640d, 0x6751, 0x905c, 0x4ed6, 0x591a, 0x592a, 0x6c70, 0x8a51,
    0x553e, 0x5815, 0x59a5, 0x60f0, 0x6253, 0x67c1, 0x8235, 0x6955, 0x9640, 0x99c4, 0x9a28, 0x4f53, 0x5806, 0x5bfe, 0x8010, 0x5cb1,
    0x5e2f, 0x5f85, 0x6020, 0x614b, 0x6234, 0x66ff, 0x6cf0, 0x6ede, 0x80ce, 0x817f, 0x82d4, 0x888b, 0x8cb8, 0x9000, 0x902e, 0x968a,
    0x9edb, 0x9bdb, 0x4ee3, 0x53f0, 0x5927, 0x7b2c, 0x918d, 0x984c, 0x9df9, 0x6edd, 0x7027, 0x5353, 0x5544, 0x5b85, 0x6258, 0x629e,
    0x62d3, 0x6ca2, 0x6fef, 0x7422, 0x8a17, 0x9438, 0x6fc1, 0x8afe, 0x8338, 0x51e7, 0x86f8, 0x53ea, 0x53e9, 0x4f46, 0x9054, 0x8fb0,
    0x596a, 0x8131, 0x5dfd, 0x7aea, 0x8fbf, 0x68da, 0x8c37, 0x72f8, 0x9c48, 0x6a3d, 0x8ab0, 0x4e39, 0x5358, 0x5606, 0x5766, 0x62c5,
    0x63a2, 0x65e6, 0x6b4e, 0x6de1, 0x6e5b, 0x70ad, 0x77ed, 0x7aef, 0x7baa, 0x7dbb, 0x803d, 0x80c6, 0x86cb, 0x8a95, 0x935b, 0x56e3,
    0x58c7, 0x5f3e, 0x65ad, 0x6696, 0x6a80, 0x6bb5, 0x7537, 0x8ac7, 0x5024, 0x77e5, 0x5730, 0x5f1b, 0x6065, 0x667a, 0x6c60, 0x75f4,
    0x7a1a, 0x7f6e, 0x81f4, 0x8718, 0x9045, 0x99b3, 0x7bc9, 0x755c, 0x7af9, 0x7b51, 0x84c4, 0x9010, 0x79e9, 0x7a92, 0x8336, 0x5ae1,
    0x7740, 0x4e2d, 0x4ef2, 0x5b99, 0x5fe0, 0x62bd, 0x663c, 0x67f1, 0x6ce8, 0x866b, 0x8877, 0x8a3b, 0x914e, 0x92f3, 0x99d0, 0x6a17,
    0x7026, 0x732a, 0x82e7, 0x8457, 0x8caf, 0x4e01, 0x5146, 0x51cb, 0x558b, 0x5bf5, 0x5e16, 0x5e33, 0x5e81, 0x5f14, 0x5f35, 0x5f6b,
    0x5fb4, 0x61f2, 0x6311, 0x66a2, 0x671d, 0x6f6e, 0x7252, 0x753a, 0x773a, 0x8074, 0x8139, 0x8178, 0x8776, 0x8abf, 0x8adc, 0x8d85,
    0x8df3, 0x929a, 0x9577, 0x9802, 0x9ce5, 0x52c5, 0x6357, 0x76f4, 0x6715, 0x6c88, 0x73cd, 0x8cc3, 0x93ae, 0x9673, 0x6d25, 0x589c,
    0x690e, 0x69cc, 0x8ffd, 0x939a, 0x75db, 0x901a, 0x585a, 0x6802, 0x63b4, 0x69fb, 0x4f43, 0x6f2c, 0x67d8, 0x8fbb, 0x8526, 0x7db4,
    0x9354, 0x693f, 0x6f70, 0x576a, 0x58f7, 0x5b2c, 0x7d2c, 0x722a, 0x540a, 0x91e3, 0x9db4, 0x4ead, 0x4f4e, 0x505c, 0x5075, 0x5243,
    0x8c9e, 0x5448, 0x5824, 0x5b9a, 0x5e1d, 0x5e95, 0x5ead, 0x5ef7, 0x5f1f, 0x608c, 0x62b5, 0x633a, 0x63d0, 0x68af, 0x6c40, 0x7887,
    0x798e, 0x7a0b, 0x7de0, 0x8247, 0x8a02, 0x8ae6, 0x8e44, 0x9013, 0x90b8, 0x912d, 0x91d8, 0x9f0e, 0x6ce5, 0x6458, 0x64e2, 0x6575,
    0x6ef4, 0x7684, 0x7b1b, 0x9069, 0x93d1, 0x6eba, 0x54f2, 0x5fb9, 0x64a4, 0x8f4d, 0x8fed, 0x9244, 0x5178, 0x586b, 0x5929, 0x5c55,
    0x5e97, 0x6dfb, 0x7e8f, 0x751c, 0x8cbc, 0x8ee2, 0x985b, 0x70b9, 0x4f1d, 0x6bbf, 0x6fb1, 0x7530, 0x96fb, 0x514e, 0x5410, 0x5835,
    0x5857, 0x59ac, 0x5c60, 0x5f92, 0x6597, 0x675c, 0x6e21, 0x767b, 0x83df, 0x8ced, 0x9014, 0x90fd, 0x934d, 0x7825, 0x783a, 0x52aa,
    0x5ea6, 0x571f, 0x5974, 0x6012, 0x5012, 0x515a, 0x51ac, 0x51cd, 0x5200, 0x5510, 0x5854, 0x5858, 0x5957, 0x5b95, 0x5cf6, 0x5d8b,
    0x60bc, 0x6295, 0x642d, 0x6771, 0x6843, 0x68bc, 0x68df, 0x76d7, 0x6dd8, 0x6e6f, 0x6d9b, 0x706f, 0x71c8, 0x5f53, 0x75d8, 0x7977,
    0x7b49, 0x7b54, 0x7b52, 0x7cd6, 0x7d71, 0x5230, 0x8463, 0x8569, 0x85e4, 0x8a0e, 0x8b04, 0x8c46, 0x8e0f, 0x9003, 0x900f, 0x9419,
    0x9676, 0x982d, 0x9a30, 0x95d8, 0x50cd, 0x52d5, 0x540c, 0x5802, 0x5c0e, 0x61a7, 0x649e, 0x6d1e, 0x77b3, 0x7ae5, 0x80f4, 0x8404,
    0x9053, 0x9285, 0x5ce0, 0x9d07, 0x533f, 0x5f97, 0x5fb3, 0x6d9c, 0x7279, 0x7763, 0x79bf, 0x7be4, 0x6bd2, 0x72ec, 0x8aad, 0x6803,
    0x6a61, 0x51f8, 0x7a81, 0x6934, 0x5c4a, 0x9cf6, 0x82eb, 0x5bc5, 0x9149, 0x701e, 0x5678, 0x5c6f, 0x60c7, 0x6566, 0x6c8c, 0x8c5a,
    0x9041, 0x9813, 0x5451, 0x66c7, 0x920d, 0x5948, 0x90a3, 0x5185, 0x4e4d, 0x51ea, 0x8599, 0x8b0e, 0x7058, 0x637a, 0x934b, 0x6962,
    0x99b4, 0x7e04, 0x7577, 0x5357, 0x6960, 0x8edf, 0x96e3, 0x6c5d, 0x4e8c, 0x5c3c, 0x5f10, 0x8fe9, 0x5302, 0x8cd1, 0x8089, 0x8679,
    0x5eff, 0x65e5, 0x4e73, 0x5165, 0x5982, 0x5c3f, 0x97ee, 0x4efb, 0x598a, 0x5fcd, 0x8a8d, 0x6fe1, 0x79b0, 0x7962, 0x5be7, 0x8471,
    0x732b, 0x71b1, 0x5e74, 0x5ff5, 0x637b, 0x649a, 0x71c3, 0x7c98, 0x4e43, 0x5efc, 0x4e4b, 0x57dc, 0x56a2, 0x60a9, 0x6fc3, 0x7d0d,
    0x80fd, 0x8133, 0x81bf, 0x8fb2, 0x8997, 0x86a4, 0x5df4, 0x628a, 0x64ad, 0x8987, 0x6777, 0x6ce2, 0x6d3e, 0x7436, 0x7834, 0x5a46,
    0x7f75, 0x82ad, 0x99ac, 0x4ff3, 0x5ec3, 0x62dd, 0x6392, 0x6557, 0x676f, 0x76c3, 0x724c, 0x80cc, 0x80ba, 0x8f29, 0x914d, 0x500d,
    0x57f9, 0x5a92, 0x6885, 0x6973, 0x7164, 0x72fd, 0x8cb7, 0x58f2, 0x8ce0, 0x966a, 0x9019, 0x877f, 0x79e4, 0x77e7, 0x8429, 0x4f2f,
    0x5265, 0x535a, 0x62cd, 0x67cf, 0x6cca, 0x767d, 0x7b94, 0x7c95, 0x8236, 0x8584, 0x8feb, 0x66dd, 0x6f20, 0x7206, 0x7e1b, 0x83ab,
    0x99c1, 0x9ea6, 0x51fd, 0x7bb1, 0x7872, 0x7bb8, 0x8087, 0x7b48, 0x6ae8, 0x5e61, 0x808c, 0x7551, 0x7560, 0x516b, 0x9262, 0x6e8c,
    0x767a, 0x9197, 0x9aea, 0x4f10, 0x7f70, 0x629c, 0x7b4f, 0x95a5, 0x9ce9, 0x567a, 0x5859, 0x86e4, 0x96bc, 0x4f34, 0x5224, 0x534a,
    0x53cd, 0x53db, 0x5e06, 0x642c, 0x6591, 0x677f, 0x6c3e, 0x6c4e, 0x7248, 0x72af, 0x73ed, 0x7554, 0x7e41, 0x822c, 0x85e9, 0x8ca9,
    0x7bc4, 0x91c6, 0x7169, 0x9812, 0x98ef, 0x633d, 0x6669, 0x756a, 0x76e4, 0x78d0, 0x8543, 0x86ee, 0x532a, 0x5351, 0x5426, 0x5983,
    0x5e87, 0x5f7c, 0x60b2, 0x6249, 0x6279, 0x62ab, 0x6590, 0x6bd4, 0x6ccc, 0x75b2, 0x76ae, 0x7891, 0x79d8, 0x7dcb, 0x7f77, 0x80a5,
    0x88ab, 0x8ab9, 0x8cbb, 0x907f, 0x975e, 0x98db, 0x6a0b, 0x7c38, 0x5099, 0x5c3e, 0x5fae, 0x6787, 0x6bd8, 0x7435, 0x7709, 0x7f8e,
    0x9f3b, 0x67ca, 0x7a17, 0x5339, 0x758b, 0x9aed, 0x5f66, 0x819d, 0x83f1, 0x8098, 0x5f3c, 0x5fc5, 0x7562, 0x7b46, 0x903c, 0x6867,
    0x59eb, 0x5a9b, 0x7d10, 0x767e, 0x8b2c, 0x4ff5, 0x5f6a, 0x6a19, 0x6c37, 0x6f02, 0x74e2, 0x7968, 0x8868, 0x8a55, 0x8c79, 0x5edf,
    0x63cf, 0x75c5, 0x79d2, 0x82d7, 0x9328, 0x92f2, 0x849c, 0x86ed, 0x9c2d, 0x54c1, 0x5f6c, 0x658c, 0x6d5c, 0x7015, 0x8ca7, 0x8cd3,
    0x983b, 0x654f, 0x74f6, 0x4e0d, 0x4ed8, 0x57e0, 0x592b, 0x5a66, 0x5bcc, 0x51a8, 0x5e03, 0x5e9c, 0x6016, 0x6276, 0x6577, 0x65a7,
    0x666e, 0x6d6e, 0x7236, 0x7b26, 0x8150, 0x819a, 0x8299, 0x8b5c, 0x8ca0, 0x8ce6, 0x8d74, 0x961c, 0x9644, 0x4fae, 0x64ab, 0x6b66,
    0x821e, 0x8461, 0x856a, 0x90e8, 0x5c01, 0x6953, 0x98a8, 0x847a, 0x8557, 0x4f0f, 0x526f, 0x5fa9, 0x5e45, 0x670d, 0x798f, 0x8179,
    0x8907, 0x8986, 0x6df5, 0x5f17, 0x6255, 0x6cb8, 0x4ecf, 0x7269, 0x9b92, 0x5206, 0x543b, 0x5674, 0x58b3, 0x61a4, 0x626e, 0x711a,
    0x596e, 0x7c89, 0x7cde, 0x7d1b, 0x96f0, 0x6587, 0x805e, 0x4e19, 0x4f75, 0x5175, 0x5840, 0x5e63, 0x5e73, 0x5f0a, 0x67c4, 0x4e26,
    0x853d, 0x9589, 0x965b, 0x7c73, 0x9801, 0x50fb, 0x58c1, 0x7656, 0x78a7, 0x5225, 0x77a5, 0x8511, 0x7b86, 0x504f, 0x5909, 0x7247,
    0x7bc7, 0x7de8, 0x8fba, 0x8fd4, 0x904d, 0x4fbf, 0x52c9, 0x5a29, 0x5f01, 0x97ad, 0x4fdd, 0x8217, 0x92ea, 0x5703, 0x6355, 0x6b69,
    0x752b, 0x88dc, 0x8f14, 0x7a42, 0x52df, 0x5893, 0x6155, 0x620a, 0x66ae, 0x6bcd, 0x7c3f, 0x83e9, 0x5023, 0x4ff8, 0x5305, 0x5446,
    0x5831, 0x5949, 0x5b9d, 0x5cf0, 0x5cef, 0x5d29, 0x5e96, 0x62b1, 0x6367, 0x653e, 0x65b9, 0x670b, 0x6cd5, 0x6ce1, 0x70f9, 0x7832,
    0x7e2b, 0x80de, 0x82b3, 0x840c, 0x84ec, 0x8702, 0x8912, 0x8a2a, 0x8c4a, 0x90a6, 0x92d2, 0x98fd, 0x9cf3, 0x9d6c, 0x4e4f, 0x4ea1,
    0x508d, 0x5256, 0x574a, 0x59a8, 0x5e3d, 0x5fd8, 0x5fd9, 0x623f, 0x66b4, 0x671b, 0x67d0, 0x68d2, 0x5192, 0x7d21, 0x80aa, 0x81a8,
    0x8b00, 0x8c8c, 0x8cbf, 0x927e, 0x9632, 0x5420, 0x982c, 0x5317, 0x50d5, 0x535c, 0x58a8, 0x64b2, 0x6734, 0x7267, 0x7766, 0x7a46,
    0x91e6, 0x52c3, 0x6ca1, 0x6b86, 0x5800, 0x5e4c, 0x5954, 0x672c, 0x7ffb, 0x51e1, 0x76c6, 0x6469, 0x78e8, 0x9b54, 0x9ebb, 0x57cb,
    0x59b9, 0x6627, 0x679a, 0x6bce, 0x54e9, 0x69d9, 0x5e55, 0x819c, 0x6795, 0x9baa, 0x67fe, 0x9c52, 0x685d, 0x4ea6, 0x4fe3, 0x53c8,
    0x62b9, 0x672b, 0x6cab, 0x8fc4, 0x4fad, 0x7e6d, 0x9ebf, 0x4e07, 0x6162, 0x6e80, 0x6f2b, 0x8513, 0x5473, 0x672a, 0x9b45, 0x5df3,
    0x7b95, 0x5cac, 0x5bc6, 0x871c, 0x6e4a, 0x84d1, 0x7a14, 0x8108, 0x5999, 0x7c8d, 0x6c11, 0x7720, 0x52d9, 0x5922, 0x7121, 0x725f,
    0x77db, 0x9727, 0x9d61, 0x690b, 0x5a7f, 0x5a18, 0x51a5, 0x540d, 0x547d, 0x660e, 0x76df, 0x8ff7, 0x9298, 0x9cf4, 0x59ea, 0x725d,
    0x6ec5, 0x514d, 0x68c9, 0x7dbf, 0x7dec, 0x9762, 0x9eba, 0x6478, 0x6a21, 0x8302, 0x5984, 0x5b5f, 0x6bdb, 0x731b, 0x76f2, 0x7db2,
    0x8017, 0x8499, 0x5132, 0x6728, 0x9ed9, 0x76ee, 0x6762, 0x52ff, 0x9905, 0x5c24, 0x623b, 0x7c7e, 0x8cb0, 0x554f, 0x60b6, 0x7d0b,
    0x9580, 0x5301, 0x4e5f, 0x51b6, 0x591c, 0x723a, 0x8036, 0x91ce, 0x5f25, 0x77e2, 0x5384, 0x5f79, 0x7d04, 0x85ac, 0x8a33, 0x8e8d,
    0x9756, 0x67f3, 0x85ae, 0x9453, 0x6109, 0x6108, 0x6cb9, 0x7652, 0x8aed, 0x8f38, 0x552f, 0x4f51, 0x512a, 0x52c7, 0x53cb, 0x5ba5,
    0x5e7d, 0x60a0, 0x6182, 0x63d6, 0x6709, 0x67da, 0x6e67, 0x6d8c, 0x7336, 0x7337, 0x7531, 0x7950, 0x88d5, 0x8a98, 0x904a, 0x9091,
    0x90f5, 0x96c4, 0x878d, 0x5915, 0x4e88, 0x4f59, 0x4e0e, 0x8a89, 0x8f3f, 0x9810, 0x50ad, 0x5e7c, 0x5996, 0x5bb9, 0x5eb8, 0x63da,
    0x63fa, 0x64c1, 0x66dc, 0x694a, 0x69d8, 0x6d0b, 0x6eb6, 0x7194, 0x7528, 0x7aaf, 0x7f8a, 0x8000, 0x8449, 0x84c9, 0x8981, 0x8b21,
    0x8e0a, 0x9065, 0x967d, 0x990a, 0x617e, 0x6291, 0x6b32, 0x6c83, 0x6d74, 0x7fcc, 0x7ffc, 0x6dc0, 0x7f85, 0x87ba, 0x88f8, 0x6765,
    0x83b1, 0x983c, 0x96f7, 0x6d1b, 0x7d61, 0x843d, 0x916a, 0x4e71, 0x5375, 0x5d50, 0x6b04, 0x6feb, 0x85cd, 0x862d, 0x89a7, 0x5229,
    0x540f, 0x5c65, 0x674e, 0x68a8, 0x7406, 0x7483, 0x75e2, 0x88cf, 0x88e1, 0x91cc, 0x96e2, 0x9678, 0x5f8b, 0x7387, 0x7acb, 0x844e,
    0x63a0, 0x7565, 0x5289, 0x6d41, 0x6e9c, 0x7409, 0x7559, 0x786b, 0x7c92, 0x9686, 0x7adc, 0x9f8d, 0x4fb6, 0x616e, 0x65c5, 0x865c,
    0x4e86, 0x4eae, 0x50da, 0x4e21, 0x51cc, 0x5bee, 0x6599, 0x6881, 0x6dbc, 0x731f, 0x7642, 0x77ad, 0x7a1c, 0x7ce7, 0x826f, 0x8ad2,
    0x907c, 0x91cf, 0x9675, 0x9818, 0x529b, 0x7dd1, 0x502b, 0x5398, 0x6797, 0x6dcb, 0x71d0, 0x7433, 0x81e8, 0x8f2a, 0x96a3, 0x9c57,
    0x9e9f, 0x7460, 0x5841, 0x6d99, 0x7d2f, 0x985e, 0x4ee4, 0x4f36, 0x4f8b, 0x51b7, 0x52b1, 0x5dba, 0x601c, 0x73b2, 0x793c, 0x82d3,
    0x9234, 0x96b7, 0x96f6, 0x970a, 0x9e97, 0x9f62, 0x66a6, 0x6b74, 0x5217, 0x52a3, 0x70c8, 0x88c2, 0x5ec9, 0x604b, 0x6190, 0x6f23,
    0x7149, 0x7c3e, 0x7df4, 0x806f, 0x84ee, 0x9023, 0x932c, 0x5442, 0x9b6f, 0x6ad3, 0x7089, 0x8cc2, 0x8def, 0x9732, 0x52b4, 0x5a41,
    0x5eca, 0x5f04, 0x6717, 0x697c, 0x6994, 0x6d6a, 0x6f0f, 0x7262, 0x72fc, 0x7bed, 0x8001, 0x807e, 0x874b, 0x90ce, 0x516d, 0x9e93,
    0x7984, 0x808b, 0x9332, 0x8ad6, 0x502d, 0x548c, 0x8a71, 0x6b6a, 0x8cc4, 0x8107, 0x60d1, 0x67a0, 0x9df2, 0x4e99, 0x4e98, 0x9c10,
    0x8a6b, 0x85c1, 0x8568, 0x6900, 0x6e7e, 0x7897, 0x8155, 0x0000, 0x0000, 0x0000, 0x0000, 0x0000, 0x0000, 0x0000, 0x0000, 0x0000,
    0x0000, 0x0000, 0x0000, 0x0000, 0x0000, 0x0000, 0x0000, 0x0000, 0x0000, 0x0000, 0x0000, 0x0000, 0x0000, 0x0000, 0x0000, 0x0000,
    0x0000, 0x0000, 0x0000, 0x0000, 0x0000, 0x0000, 0x0000, 0x0000, 0x0000, 0x0000, 0x0000, 0x0000, 0x0000, 0x0000, 0x0000, 0x0000,
    0x0000, 0x0000, 0x5f0c, 0x4e10, 0x4e15, 0x4e2a, 0x4e31, 0x4e36, 0x4e3c, 0x4e3f, 0x4e42, 0x4e56, 0x4e58, 0x4e82, 0x4e85, 0x8c6b,
    0x4e8a, 0x8212, 0x5f0d, 0x4e8e, 0x4e9e, 0x4e9f, 0x4ea0, 0x4ea2, 0x4eb0, 0x4eb3, 0x4eb6, 0x4ece, 0x4ecd, 0x4ec4, 0x4ec6, 0x4ec2,
    0x4ed7, 0x4ede, 0x4eed, 0x4edf, 0x4ef7, 0x4f09, 0x4f5a, 0x4f30, 0x4f5b, 0x4f5d, 0x4f57, 0x4f47, 0x4f76, 0x4f88, 0x4f8f, 0x4f98,
    0x4f7b, 0x4f69, 0x4f70, 0x4f91, 0x4f6f, 0x4f86, 0x4f96, 0x5118, 0x4fd4, 0x4fdf, 0x4fce, 0x4fd8, 0x4fdb, 0x4fd1, 0x4fda, 0x4fd0,
    0x4fe4, 0x4fe5, 0x501a, 0x5028, 0x5014, 0x502a, 0x5025, 0x5005, 0x4f1c, 0x4ff6, 0x5021, 0x5029, 0x502c, 0x4ffe, 0x4fef, 0x5011,
    0x5006, 0x5043, 0x5047, 0x6703, 0x5055, 0x5050, 0x5048, 0x505a, 0x5056, 0x506c, 0x5078, 0x5080, 0x509a, 0x5085, 0x50b4, 0x50b2,
    0x50c9, 0x50ca, 0x50b3, 0x50c2, 0x50d6, 0x50de, 0x50e5, 0x50ed, 0x50e3, 0x50ee, 0x50f9, 0x50f5, 0x5109, 0x5101, 0x5102, 0x5116,
    0x5115, 0x5114, 0x511a, 0x5121, 0x513a, 0x5137, 0x513c, 0x513b, 0x513f, 0x5140, 0x5152, 0x514c, 0x5154, 0x5162, 0x7af8, 0x5169,
    0x516a, 0x516e, 0x5180, 0x5182, 0x56d8, 0x518c, 0x5189, 0x518f, 0x5191, 0x5193, 0x5195, 0x5196, 0x51a4, 0x51a6, 0x51a2, 0x51a9,
    0x51aa, 0x51ab, 0x51b3, 0x51b1, 0x51b2, 0x51b0, 0x51b5, 0x51bd, 0x51c5, 0x51c9, 0x51db, 0x51e0, 0x8655, 0x51e9, 0x51ed, 0x51f0,
    0x51f5, 0x51fe, 0x5204, 0x520b, 0x5214, 0x520e, 0x5227, 0x522a, 0x522e, 0x5233, 0x5239, 0x524f, 0x5244, 0x524b, 0x524c, 0x525e,
    0x5254, 0x526a, 0x5274, 0x5269, 0x5273, 0x527f, 0x527d, 0x528d, 0x5294, 0x5292, 0x5271, 0x5288, 0x5291, 0x8fa8, 0x8fa7, 0x52ac,
    0x52ad, 0x52bc, 0x52b5, 0x52c1, 0x52cd, 0x52d7, 0x52de, 0x52e3, 0x52e6, 0x98ed, 0x52e0, 0x52f3, 0x52f5, 0x52f8, 0x52f9, 0x5306,
    0x5308, 0x7538, 0x530d, 0x5310, 0x530f, 0x5315, 0x531a, 0x5323, 0x532f, 0x5331, 0x5333, 0x5338, 0x5340, 0x5346, 0x5345, 0x4e17,
    0x5349, 0x534d, 0x51d6, 0x535e, 0x5369, 0x536e, 0x5918, 0x537b, 0x5377, 0x5382, 0x5396, 0x53a0, 0x53a6, 0x53a5, 0x53ae, 0x53b0,
    0x53b6, 0x53c3, 0x7c12, 0x96d9, 0x53df, 0x66fc, 0x71ee, 0x53ee, 0x53e8, 0x53ed, 0x53fa, 0x5401, 0x543d, 0x5440, 0x542c, 0x542d,
    0x543c, 0x542e, 0x5436, 0x5429, 0x541d, 0x544e, 0x548f, 0x5475, 0x548e, 0x545f, 0x5471, 0x5477, 0x5470, 0x5492, 0x547b, 0x5480,
    0x5476, 0x5484, 0x5490, 0x5486, 0x54c7, 0x54a2, 0x54b8, 0x54a5, 0x54ac, 0x54c4, 0x54c8, 0x54a8, 0x54ab, 0x54c2, 0x54a4, 0x54be,
    0x54bc, 0x54d8, 0x54e5, 0x54e6, 0x550f, 0x5514, 0x54fd, 0x54ee, 0x54ed, 0x54fa, 0x54e2, 0x5539, 0x5540, 0x5563, 0x554c, 0x552e,
    0x555c, 0x5545, 0x5556, 0x5557, 0x5538, 0x5533, 0x555d, 0x5599, 0x5580, 0x54af, 0x558a, 0x559f, 0x557b, 0x557e, 0x5598, 0x559e,
    0x55ae, 0x557c, 0x5583, 0x55a9, 0x5587, 0x55a8, 0x55da, 0x55c5, 0x55df, 0x55c4, 0x55dc, 0x55e4, 0x55d4, 0x5614, 0x55f7, 0x5616,
    0x55fe, 0x55fd, 0x561b, 0x55f9, 0x564e, 0x5650, 0x71df, 0x5634, 0x5636, 0x5632, 0x5638, 0x566b, 0x5664, 0x562f, 0x566c, 0x566a,
    0x5686, 0x5680, 0x568a, 0x56a0, 0x5694, 0x568f, 0x56a5, 0x56ae, 0x56b6, 0x56b4, 0x56c2, 0x56bc, 0x56c1, 0x56c3, 0x56c0, 0x56c8,
    0x56ce, 0x56d1, 0x56d3, 0x56d7, 0x56ee, 0x56f9, 0x5700, 0x56ff, 0x5704, 0x5709, 0x5708, 0x570b, 0x570d, 0x5713, 0x5718, 0x5716,
    0x55c7, 0x571c, 0x5726, 0x5737, 0x5738, 0x574e, 0x573b, 0x5740, 0x574f, 0x5769, 0x57c0, 0x5788, 0x5761, 0x577f, 0x5789, 0x5793,
    0x57a0, 0x57b3, 0x57a4, 0x57aa, 0x57b0, 0x57c3, 0x57c6, 0x57d4, 0x57d2, 0x57d3, 0x580a, 0x57d6, 0x57e3, 0x580b, 0x5819, 0x581d,
    0x5872, 0x5821, 0x5862, 0x584b, 0x5870, 0x6bc0, 0x5852, 0x583d, 0x5879, 0x5885, 0x58b9, 0x589f, 0x58ab, 0x58ba, 0x58de, 0x58bb,
    0x58b8, 0x58ae, 0x58c5, 0x58d3, 0x58d1, 0x58d7, 0x58d9, 0x58d8, 0x58e5, 0x58dc, 0x58e4, 0x58df, 0x58ef, 0x58fa, 0x58f9, 0x58fb,
    0x58fc, 0x58fd, 0x5902, 0x590a, 0x5910, 0x591b, 0x68a6, 0x5925, 0x592c, 0x592d, 0x5932, 0x5938, 0x593e, 0x7ad2, 0x5955, 0x5950,
    0x594e, 0x595a, 0x5958, 0x5962, 0x5960, 0x5967, 0x596c, 0x5969, 0x5978, 0x5981, 0x599d, 0x4f5e, 0x4fab, 0x59a3, 0x59b2, 0x59c6,
    0x59e8, 0x59dc, 0x598d, 0x59d9, 0x59da, 0x5a25, 0x5a1f, 0x5a11, 0x5a1c, 0x5a09, 0x5a1a, 0x5a40, 0x5a6c, 0x5a49, 0x5a35, 0x5a36,
    0x5a62, 0x5a6a, 0x5a9a, 0x5abc, 0x5abe, 0x5acb, 0x5ac2, 0x5abd, 0x5ae3, 0x5ad7, 0x5ae6, 0x5ae9, 0x5ad6, 0x5afa, 0x5afb, 0x5b0c,
    0x5b0b, 0x5b16, 0x5b32, 0x5ad0, 0x5b2a, 0x5b36, 0x5b3e, 0x5b43, 0x5b45, 0x5b40, 0x5b51, 0x5b55, 0x5b5a, 0x5b5b, 0x5b65, 0x5b69,
    0x5b70, 0x5b73, 0x5b75, 0x5b78, 0x6588, 0x5b7a, 0x5b80, 0x5b83, 0x5ba6, 0x5bb8, 0x5bc3, 0x5bc7, 0x5bc9, 0x5bd4, 0x5bd0, 0x5be4,
    0x5be6, 0x5be2, 0x5bde, 0x5be5, 0x5beb, 0x5bf0, 0x5bf6, 0x5bf3, 0x5c05, 0x5c07, 0x5c08, 0x5c0d, 0x5c13, 0x5c20, 0x5c22, 0x5c28,
    0x5c38, 0x5c39, 0x5c41, 0x5c46, 0x5c4e, 0x5c53, 0x5c50, 0x5c4f, 0x5b71, 0x5c6c, 0x5c6e, 0x4e62, 0x5c76, 0x5c79, 0x5c8c, 0x5c91,
    0x5c94, 0x599b, 0x5cab, 0x5cbb, 0x5cb6, 0x5cbc, 0x5cb7, 0x5cc5, 0x5cbe, 0x5cc7, 0x5cd9, 0x5ce9, 0x5cfd, 0x5cfa, 0x5ced, 0x5d8c,
    0x5cea, 0x5d0b, 0x5d15, 0x5d17, 0x5d5c, 0x5d1f, 0x5d1b, 0x5d11, 0x5d14, 0x5d22, 0x5d1a, 0x5d19, 0x5d18, 0x5d4c, 0x5d52, 0x5d4e,
    0x5d4b, 0x5d6c, 0x5d73, 0x5d76, 0x5d87, 0x5d84, 0x5d82, 0x5da2, 0x5d9d, 0x5dac, 0x5dae, 0x5dbd, 0x5d90, 0x5db7, 0x5dbc, 0x5dc9,
    0x5dcd, 0x5dd3, 0x5dd2, 0x5dd6, 0x5ddb, 0x5deb, 0x5df2, 0x5df5, 0x5e0b, 0x5e1a, 0x5e19, 0x5e11, 0x5e1b, 0x5e36, 0x5e37, 0x5e44,
    0x5e43, 0x5e40, 0x5e4e, 0x5e57, 0x5e54, 0x5e5f, 0x5e62, 0x5e64, 0x5e47, 0x5e75, 0x5e76, 0x5e7a, 0x9ebc, 0x5e7f, 0x5ea0, 0x5ec1,
    0x5ec2, 0x5ec8, 0x5ed0, 0x5ecf, 0x5ed6, 0x5ee3, 0x5edd, 0x5eda, 0x5edb, 0x5ee2, 0x5ee1, 0x5ee8, 0x5ee9, 0x5eec, 0x5ef1, 0x5ef3,
    0x5ef0, 0x5ef4, 0x5ef8, 0x5efe, 0x5f03, 0x5f09, 0x5f5d, 0x5f5c, 0x5f0b, 0x5f11, 0x5f16, 0x5f29, 0x5f2d, 0x5f38, 0x5f41, 0x5f48,
    0x5f4c, 0x5f4e, 0x5f2f, 0x5f51, 0x5f56, 0x5f57, 0x5f59, 0x5f61, 0x5f6d, 0x5f73, 0x5f77, 0x5f83, 0x5f82, 0x5f7f, 0x5f8a, 0x5f88,
    0x5f91, 0x5f87, 0x5f9e, 0x5f99, 0x5f98, 0x5fa0, 0x5fa8, 0x5fad, 0x5fbc, 0x5fd6, 0x5ffb, 0x5fe4, 0x5ff8, 0x5ff1, 0x5fdd, 0x60b3,
    0x5fff, 0x6021, 0x6060, 0x6019, 0x6010, 0x6029, 0x600e, 0x6031, 0x601b, 0x6015, 0x602b, 0x6026, 0x600f, 0x603a, 0x605a, 0x6041,
    0x606a, 0x6077, 0x605f, 0x604a, 0x6046, 0x604d, 0x6063, 0x6043, 0x6064, 0x6042, 0x606c, 0x606b, 0x6059, 0x6081, 0x608d, 0x60e7,
    0x6083, 0x609a, 0x6084, 0x609b, 0x6096, 0x6097, 0x6092, 0x60a7, 0x608b, 0x60e1, 0x60b8, 0x60e0, 0x60d3, 0x60b4, 0x5ff0, 0x60bd,
    0x60c6, 0x60b5, 0x60d8, 0x614d, 0x6115, 0x6106, 0x60f6, 0x60f7, 0x6100, 0x60f4, 0x60fa, 0x6103, 0x6121, 0x60fb, 0x60f1, 0x610d,
    0x610e, 0x6147, 0x613e, 0x6128, 0x6127, 0x614a, 0x613f, 0x613c, 0x612c, 0x6134, 0x613d, 0x6142, 0x6144, 0x6173, 0x6177, 0x6158,
    0x6159, 0x615a, 0x616b, 0x6174, 0x616f, 0x6165, 0x6171, 0x615f, 0x615d, 0x6153, 0x6175, 0x6199, 0x6196, 0x6187, 0x61ac, 0x6194,
    0x619a, 0x618a, 0x6191, 0x61ab, 0x61ae, 0x61cc, 0x61ca, 0x61c9, 0x61f7, 0x61c8, 0x61c3, 0x61c6, 0x61ba, 0x61cb, 0x7f79, 0x61cd,
    0x61e6, 0x61e3, 0x61f6, 0x61fa, 0x61f4, 0x61ff, 0x61fd, 0x61fc, 0x61fe, 0x6200, 0x6208, 0x6209, 0x620d, 0x620c, 0x6214, 0x621b,
    0x621e, 0x6221, 0x622a, 0x622e, 0x6230, 0x6232, 0x6233, 0x6241, 0x624e, 0x625e, 0x6263, 0x625b, 0x6260, 0x6268, 0x627c, 0x6282,
    0x6289, 0x627e, 0x6292, 0x6293, 0x6296, 0x62d4, 0x6283, 0x6294, 0x62d7, 0x62d1, 0x62bb, 0x62cf, 0x62ff, 0x62c6, 0x64d4, 0x62c8,
    0x62dc, 0x62cc, 0x62ca, 0x62c2, 0x62c7, 0x629b, 0x62c9, 0x630c, 0x62ee, 0x62f1, 0x6327, 0x6302, 0x6308, 0x62ef, 0x62f5, 0x6350,
    0x633e, 0x634d, 0x641c, 0x634f, 0x6396, 0x638e, 0x6380, 0x63ab, 0x6376, 0x63a3, 0x638f, 0x6389, 0x639f, 0x63b5, 0x636b, 0x6369,
    0x63be, 0x63e9, 0x63c0, 0x63c6, 0x63e3, 0x63c9, 0x63d2, 0x63f6, 0x63c4, 0x6416, 0x6434, 0x6406, 0x6413, 0x6426, 0x6436, 0x651d,
    0x6417, 0x6428, 0x640f, 0x6467, 0x646f, 0x6476, 0x644e, 0x652a, 0x6495, 0x6493, 0x64a5, 0x64a9, 0x6488, 0x64bc, 0x64da, 0x64d2,
    0x64c5, 0x64c7, 0x64bb, 0x64d8, 0x64c2, 0x64f1, 0x64e7, 0x8209, 0x64e0, 0x64e1, 0x62ac, 0x64e3, 0x64ef, 0x652c, 0x64f6, 0x64f4,
    0x64f2, 0x64fa, 0x6500, 0x64fd, 0x6518, 0x651c, 0x6505, 0x6524, 0x6523, 0x652b, 0x6534, 0x6535, 0x6537, 0x6536, 0x6538, 0x754b,
    0x6548, 0x6556, 0x6555, 0x654d, 0x6558, 0x655e, 0x655d, 0x6572, 0x6578, 0x6582, 0x6583, 0x8b8a, 0x659b, 0x659f, 0x65ab, 0x65b7,
    0x65c3, 0x65c6, 0x65c1, 0x65c4, 0x65cc, 0x65d2, 0x65db, 0x65d9, 0x65e0, 0x65e1, 0x65f1, 0x6772, 0x660a, 0x6603, 0x65fb, 0x6773,
    0x6635, 0x6636, 0x6634, 0x661c, 0x664f, 0x6644, 0x6649, 0x6641, 0x665e, 0x665d, 0x6664, 0x6667, 0x6668, 0x665f, 0x6662, 0x6670,
    0x6683, 0x6688, 0x668e, 0x6689, 0x6684, 0x6698, 0x669d, 0x66c1, 0x66b9, 0x66c9, 0x66be, 0x66bc, 0x66c4, 0x66b8, 0x66d6, 0x66da,
    0x66e0, 0x663f, 0x66e6, 0x66e9, 0x66f0, 0x66f5, 0x66f7, 0x670f, 0x6716, 0x671e, 0x6726, 0x6727, 0x9738, 0x672e, 0x673f, 0x6736,
    0x6741, 0x6738, 0x6737, 0x6746, 0x675e, 0x6760, 0x6759, 0x6763, 0x6764, 0x6789, 0x6770, 0x67a9, 0x677c, 0x676a, 0x678c, 0x678b,
    0x67a6, 0x67a1, 0x6785, 0x67b7, 0x67ef, 0x67b4, 0x67ec, 0x67b3, 0x67e9, 0x67b8, 0x67e4, 0x67de, 0x67dd, 0x67e2, 0x67ee, 0x67b9,
    0x67ce, 0x67c6, 0x67e7, 0x6a9c, 0x681e, 0x6846, 0x6829, 0x6840, 0x684d, 0x6832, 0x684e, 0x68b3, 0x682b, 0x6859, 0x6863, 0x6877,
    0x687f, 0x689f, 0x688f, 0x68ad, 0x6894, 0x689d, 0x689b, 0x6883, 0x6aae, 0x68b9, 0x6874, 0x68b5, 0x68a0, 0x68ba, 0x690f, 0x688d,
    0x687e, 0x6901, 0x68ca, 0x6908, 0x68d8, 0x6922, 0x6926, 0x68e1, 0x690c, 0x68cd, 0x68d4, 0x68e7, 0x68d5, 0x6936, 0x6912, 0x6904,
    0x68d7, 0x68e3, 0x6925, 0x68f9, 0x68e0, 0x68ef, 0x6928, 0x692a, 0x691a, 0x6923, 0x6921, 0x68c6, 0x6979, 0x6977, 0x695c, 0x6978,
    0x696b, 0x6954, 0x697e, 0x696e, 0x6939, 0x6974, 0x693d, 0x6959, 0x6930, 0x6961, 0x695e, 0x695d, 0x6981, 0x696a, 0x69b2, 0x69ae,
    0x69d0, 0x69bf, 0x69c1, 0x69d3, 0x69be, 0x69ce, 0x5be8, 0x69ca, 0x69dd, 0x69bb, 0x69c3, 0x69a7, 0x6a2e, 0x6991, 0x69a0, 0x699c,
    0x6995, 0x69b4, 0x69de, 0x69e8, 0x6a02, 0x6a1b, 0x69ff, 0x6b0a, 0x69f9, 0x69f2, 0x69e7, 0x6a05, 0x69b1, 0x6a1e, 0x69ed, 0x6a14,
    0x69eb, 0x6a0a, 0x6a12, 0x6ac1, 0x6a23, 0x6a13, 0x6a44, 0x6a0c, 0x6a72, 0x6a36, 0x6a78, 0x6a47, 0x6a62, 0x6a59, 0x6a66, 0x6a48,
    0x6a38, 0x6a22, 0x6a90, 0x6a8d, 0x6aa0, 0x6a84, 0x6aa2, 0x6aa3, 0x6a97, 0x8617, 0x6abb, 0x6ac3, 0x6ac2, 0x6ab8, 0x6ab3, 0x6aac,
    0x6ade, 0x6ad1, 0x6adf, 0x6aaa, 0x6ada, 0x6aea, 0x6afb, 0x6b05, 0x8616, 0x6afa, 0x6b12, 0x6b16, 0x9b31, 0x6b1f, 0x6b38, 0x6b37,
    0x76dc, 0x6b39, 0x98ee, 0x6b47, 0x6b43, 0x6b49, 0x6b50, 0x6b59, 0x6b54, 0x6b5b, 0x6b5f, 0x6b61, 0x6b78, 0x6b79, 0x6b7f, 0x6b80,
    0x6b84, 0x6b83, 0x6b8d, 0x6b98, 0x6b95, 0x6b9e, 0x6ba4, 0x6baa, 0x6bab, 0x6baf, 0x6bb2, 0x6bb1, 0x6bb3, 0x6bb7, 0x6bbc, 0x6bc6,
    0x6bcb, 0x6bd3, 0x6bdf, 0x6bec, 0x6beb, 0x6bf3, 0x6bef, 0x9ebe, 0x6c08, 0x6c13, 0x6c14, 0x6c1b, 0x6c24, 0x6c23, 0x6c5e, 0x6c55,
    0x6c62, 0x6c6a, 0x6c82, 0x6c8d, 0x6c9a, 0x6c81, 0x6c9b, 0x6c7e, 0x6c68, 0x6c73, 0x6c92, 0x6c90, 0x6cc4, 0x6cf1, 0x6cd3, 0x6cbd,
    0x6cd7, 0x6cc5, 0x6cdd, 0x6cae, 0x6cb1, 0x6cbe, 0x6cba, 0x6cdb, 0x6cef, 0x6cd9, 0x6cea, 0x6d1f, 0x884d, 0x6d36, 0x6d2b, 0x6d3d,
    0x6d38, 0x6d19, 0x6d35, 0x6d33, 0x6d12, 0x6d0c, 0x6d63, 0x6d93, 0x6d64, 0x6d5a, 0x6d79, 0x6d59, 0x6d8e, 0x6d95, 0x6fe4, 0x6d85,
    0x6df9, 0x6e15, 0x6e0a, 0x6db5, 0x6dc7, 0x6de6, 0x6db8, 0x6dc6, 0x6dec, 0x6dde, 0x6dcc, 0x6de8, 0x6dd2, 0x6dc5, 0x6dfa, 0x6dd9,
    0x6de4, 0x6dd5, 0x6dea, 0x6dee, 0x6e2d, 0x6e6e, 0x6e2e, 0x6e19, 0x6e72, 0x6e5f, 0x6e3e, 0x6e23, 0x6e6b, 0x6e2b, 0x6e76, 0x6e4d,
    0x6e1f, 0x6e43, 0x6e3a, 0x6e4e, 0x6e24, 0x6eff, 0x6e1d, 0x6e38, 0x6e82, 0x6eaa, 0x6e98, 0x6ec9, 0x6eb7, 0x6ed3, 0x6ebd, 0x6eaf,
    0x6ec4, 0x6eb2, 0x6ed4, 0x6ed5, 0x6e8f, 0x6ea5, 0x6ec2, 0x6e9f, 0x6f41, 0x6f11, 0x704c, 0x6eec, 0x6ef8, 0x6efe, 0x6f3f, 0x6ef2,
    0x6f31, 0x6eef, 0x6f32, 0x6ecc, 0x6f3e, 0x6f13, 0x6ef7, 0x6f86, 0x6f7a, 0x6f78, 0x6f81, 0x6f80, 0x6f6f, 0x6f5b, 0x6ff3, 0x6f6d,
    0x6f82, 0x6f7c, 0x6f58, 0x6f8e, 0x6f91, 0x6fc2, 0x6f66, 0x6fb3, 0x6fa3, 0x6fa1, 0x6fa4, 0x6fb9, 0x6fc6, 0x6faa, 0x6fdf, 0x6fd5,
    0x6fec, 0x6fd4, 0x6fd8, 0x6ff1, 0x6fee, 0x6fdb, 0x7009, 0x700b, 0x6ffa, 0x7011, 0x7001, 0x700f, 0x6ffe, 0x701b, 0x701a, 0x6f74,
    0x701d, 0x7018, 0x701f, 0x7030, 0x703e, 0x7032, 0x7051, 0x7063, 0x7099, 0x7092, 0x70af, 0x70f1, 0x70ac, 0x70b8, 0x70b3, 0x70ae,
    0x70df, 0x70cb, 0x70dd, 0x70d9, 0x7109, 0x70fd, 0x711c, 0x7119, 0x7165, 0x7155, 0x7188, 0x7166, 0x7162, 0x714c, 0x7156, 0x716c,
    0x718f, 0x71fb, 0x7184, 0x7195, 0x71a8, 0x71ac, 0x71d7, 0x71b9, 0x71be, 0x71d2, 0x71c9, 0x71d4, 0x71ce, 0x71e0, 0x71ec, 0x71e7,
    0x71f5, 0x71fc, 0x71f9, 0x71ff, 0x720d, 0x7210, 0x721b, 0x7228, 0x722d, 0x722c, 0x7230, 0x7232, 0x723b, 0x723c, 0x723f, 0x7240,
    0x7246, 0x724b, 0x7258, 0x7274, 0x727e, 0x7282, 0x7281, 0x7287, 0x7292, 0x7296, 0x72a2, 0x72a7, 0x72b9, 0x72b2, 0x72c3, 0x72c6,
    0x72c4, 0x72ce, 0x72d2, 0x72e2, 0x72e0, 0x72e1, 0x72f9, 0x72f7, 0x500f, 0x7317, 0x730a, 0x731c, 0x7316, 0x731d, 0x7334, 0x732f,
    0x7329, 0x7325, 0x733e, 0x734e, 0x734f, 0x9ed8, 0x7357, 0x736a, 0x7368, 0x7370, 0x7378, 0x7375, 0x737b, 0x737a, 0x73c8, 0x73b3,
    0x73ce, 0x73bb, 0x73c0, 0x73e5, 0x73ee, 0x73de, 0x74a2, 0x7405, 0x746f, 0x7425, 0x73f8, 0x7432, 0x743a, 0x7455, 0x743f, 0x745f,
    0x7459, 0x7441, 0x745c, 0x7469, 0x7470, 0x7463, 0x746a, 0x7476, 0x747e, 0x748b, 0x749e, 0x74a7, 0x74ca, 0x74cf, 0x74d4, 0x73f1,
    0x74e0, 0x74e3, 0x74e7, 0x74e9, 0x74ee, 0x74f2, 0x74f0, 0x74f1, 0x74f8, 0x74f7, 0x7504, 0x7503, 0x7505, 0x750c, 0x750e, 0x750d,
    0x7515, 0x7513, 0x751e, 0x7526, 0x752c, 0x753c, 0x7544, 0x754d, 0x754a, 0x7549, 0x755b, 0x7546, 0x755a, 0x7569, 0x7564, 0x7567,
    0x756b, 0x756d, 0x7578, 0x7576, 0x7586, 0x7587, 0x7574, 0x758a, 0x7589, 0x7582, 0x7594, 0x759a, 0x759d, 0x75a5, 0x75a3, 0x75c2,
    0x75b3, 0x75c3, 0x75b5, 0x75bd, 0x75b8, 0x75bc, 0x75b1, 0x75cd, 0x75ca, 0x75d2, 0x75d9, 0x75e3, 0x75de, 0x75fe, 0x75ff, 0x75fc,
    0x7601, 0x75f0, 0x75fa, 0x75f2, 0x75f3, 0x760b, 0x760d, 0x7609, 0x761f, 0x7627, 0x7620, 0x7621, 0x7622, 0x7624, 0x7634, 0x7630,
    0x763b, 0x7647, 0x7648, 0x7646, 0x765c, 0x7658, 0x7661, 0x7662, 0x7668, 0x7669, 0x766a, 0x7667, 0x766c, 0x7670, 0x7672, 0x7676,
    0x7678, 0x767c, 0x7680, 0x7683, 0x7688, 0x768b, 0x768e, 0x7696, 0x7693, 0x7699, 0x769a, 0x76b0, 0x76b4, 0x76b8, 0x76b9, 0x76ba,
    0x76c2, 0x76cd, 0x76d6, 0x76d2, 0x76de, 0x76e1, 0x76e5, 0x76e7, 0x76ea, 0x862f, 0x76fb, 0x7708, 0x7707, 0x7704, 0x7729, 0x7724,
    0x771e, 0x7725, 0x7726, 0x771b, 0x7737, 0x7738, 0x7747, 0x775a, 0x7768, 0x776b, 0x775b, 0x7765, 0x777f, 0x777e, 0x7779, 0x778e,
    0x778b, 0x7791, 0x77a0, 0x779e, 0x77b0, 0x77b6, 0x77b9, 0x77bf, 0x77bc, 0x77bd, 0x77bb, 0x77c7, 0x77cd, 0x77d7, 0x77da, 0x77dc,
    0x77e3, 0x77ee, 0x77fc, 0x780c, 0x7812, 0x7926, 0x7820, 0x792a, 0x7845, 0x788e, 0x7874, 0x7886, 0x787c, 0x789a, 0x788c, 0x78a3,
    0x78b5, 0x78aa, 0x78af, 0x78d1, 0x78c6, 0x78cb, 0x78d4, 0x78be, 0x78bc, 0x78c5, 0x78ca, 0x78ec, 0x78e7, 0x78da, 0x78fd, 0x78f4,
    0x7907, 0x7912, 0x7911, 0x7919, 0x792c, 0x792b, 0x7940, 0x7960, 0x7957, 0x795f, 0x795a, 0x7955, 0x7953, 0x797a, 0x797f, 0x798a,
    0x799d, 0x79a7, 0x9f4b, 0x79aa, 0x79ae, 0x79b3, 0x79b9, 0x79ba, 0x79c9, 0x79d5, 0x79e7, 0x79ec, 0x79e1, 0x79e3, 0x7a08, 0x7a0d,
    0x7a18, 0x7a19, 0x7a20, 0x7a1f, 0x7980, 0x7a31, 0x7a3b, 0x7a3e, 0x7a37, 0x7a43, 0x7a57, 0x7a49, 0x7a61, 0x7a62, 0x7a69, 0x9f9d,
    0x7a70, 0x7a79, 0x7a7d, 0x7a88, 0x7a97, 0x7a95, 0x7a98, 0x7a96, 0x7aa9, 0x7ac8, 0x7ab0, 0x7ab6, 0x7ac5, 0x7ac4, 0x7abf, 0x9083,
    0x7ac7, 0x7aca, 0x7acd, 0x7acf, 0x7ad5, 0x7ad3, 0x7ad9, 0x7ada, 0x7add, 0x7ae1, 0x7ae2, 0x7ae6, 0x7aed, 0x7af0, 0x7b02, 0x7b0f,
    0x7b0a, 0x7b06, 0x7b33, 0x7b18, 0x7b19, 0x7b1e, 0x7b35, 0x7b28, 0x7b36, 0x7b50, 0x7b7a, 0x7b04, 0x7b4d, 0x7b0b, 0x7b4c, 0x7b45,
    0x7b75, 0x7b65, 0x7b74, 0x7b67, 0x7b70, 0x7b71, 0x7b6c, 0x7b6e, 0x7b9d, 0x7b98, 0x7b9f, 0x7b8d, 0x7b9c, 0x7b9a, 0x7b8b, 0x7b92,
    0x7b8f, 0x7b5d, 0x7b99, 0x7bcb, 0x7bc1, 0x7bcc, 0x7bcf, 0x7bb4, 0x7bc6, 0x7bdd, 0x7be9, 0x7c11, 0x7c14, 0x7be6, 0x7be5, 0x7c60,
    0x7c00, 0x7c07, 0x7c13, 0x7bf3, 0x7bf7, 0x7c17, 0x7c0d, 0x7bf6, 0x7c23, 0x7c27, 0x7c2a, 0x7c1f, 0x7c37, 0x7c2b, 0x7c3d, 0x7c4c,
    0x7c43, 0x7c54, 0x7c4f, 0x7c40, 0x7c50, 0x7c58, 0x7c5f, 0x7c64, 0x7c56, 0x7c65, 0x7c6c, 0x7c75, 0x7c83, 0x7c90, 0x7ca4, 0x7cad,
    0x7ca2, 0x7cab, 0x7ca1, 0x7ca8, 0x7cb3, 0x7cb2, 0x7cb1, 0x7cae, 0x7cb9, 0x7cbd, 0x7cc0, 0x7cc5, 0x7cc2, 0x7cd8, 0x7cd2, 0x7cdc,
    0x7ce2, 0x9b3b, 0x7cef, 0x7cf2, 0x7cf4, 0x7cf6, 0x7cfa, 0x7d06, 0x7d02, 0x7d1c, 0x7d15, 0x7d0a, 0x7d45, 0x7d4b, 0x7d2e, 0x7d32,
    0x7d3f, 0x7d35, 0x7d46, 0x7d73, 0x7d56, 0x7d4e, 0x7d72, 0x7d68, 0x7d6e, 0x7d4f, 0x7d63, 0x7d93, 0x7d89, 0x7d5b, 0x7d8f, 0x7d7d,
    0x7d9b, 0x7dba, 0x7dae, 0x7da3, 0x7db5, 0x7dc7, 0x7dbd, 0x7dab, 0x7e3d, 0x7da2, 0x7daf, 0x7ddc, 0x7db8, 0x7d9f, 0x7db0, 0x7dd8,
    0x7ddd, 0x7de4, 0x7dde, 0x7dfb, 0x7df2, 0x7de1, 0x7e05, 0x7e0a, 0x7e23, 0x7e21, 0x7e12, 0x7e31, 0x7e1f, 0x7e09, 0x7e0b, 0x7e22,
    0x7e46, 0x7e66, 0x7e3b, 0x7e35, 0x7e39, 0x7e43, 0x7e37, 0x7e32, 0x7e3a, 0x7e67, 0x7e5d, 0x7e56, 0x7e5e, 0x7e59, 0x7e5a, 0x7e79,
    0x7e6a, 0x7e69, 0x7e7c, 0x7e7b, 0x7e83, 0x7dd5, 0x7e7d, 0x8fae, 0x7e7f, 0x7e88, 0x7e89, 0x7e8c, 0x7e92, 0x7e90, 0x7e93, 0x7e94,
    0x7e96, 0x7e8e, 0x7e9b, 0x7e9c, 0x7f38, 0x7f3a, 0x7f45, 0x7f4c, 0x7f4d, 0x7f4e, 0x7f50, 0x7f51, 0x7f55, 0x7f54, 0x7f58, 0x7f5f,
    0x7f60, 0x7f68, 0x7f69, 0x7f67, 0x7f78, 0x7f82, 0x7f86, 0x7f83, 0x7f88, 0x7f87, 0x7f8c, 0x7f94, 0x7f9e, 0x7f9d, 0x7f9a, 0x7fa3,
    0x7faf, 0x7fb2, 0x7fb9, 0x7fae, 0x7fb6, 0x7fb8, 0x8b71, 0x7fc5, 0x7fc6, 0x7fca, 0x7fd5, 0x7fd4, 0x7fe1, 0x7fe6, 0x7fe9, 0x7ff3,
    0x7ff9, 0x98dc, 0x8006, 0x8004, 0x800b, 0x8012, 0x8018, 0x8019, 0x801c, 0x8021, 0x8028, 0x803f, 0x803b, 0x804a, 0x8046, 0x8052,
    0x8058, 0x805a, 0x805f, 0x8062, 0x8068, 0x8073, 0x8072, 0x8070, 0x8076, 0x8079, 0x807d, 0x807f, 0x8084, 0x8086, 0x8085, 0x809b,
    0x8093, 0x809a, 0x80ad, 0x5190, 0x80ac, 0x80db, 0x80e5, 0x80d9, 0x80dd, 0x80c4, 0x80da, 0x80d6, 0x8109, 0x80ef, 0x80f1, 0x811b,
    0x8129, 0x8123, 0x812f, 0x814b, 0x968b, 0x8146, 0x813e, 0x8153, 0x8151, 0x80fc, 0x8171, 0x816e, 0x8165, 0x8166, 0x8174, 0x8183,
    0x8188, 0x818a, 0x8180, 0x8182, 0x81a0, 0x8195, 0x81a4, 0x81a3, 0x815f, 0x8193, 0x81a9, 0x81b0, 0x81b5, 0x81be, 0x81b8, 0x81bd,
    0x81c0, 0x81c2, 0x81ba, 0x81c9, 0x81cd, 0x81d1, 0x81d9, 0x81d8, 0x81c8, 0x81da, 0x81df, 0x81e0, 0x81e7, 0x81fa, 0x81fb, 0x81fe,
    0x8201, 0x8202, 0x8205, 0x8207, 0x820a, 0x820d, 0x8210, 0x8216, 0x8229, 0x822b, 0x8238, 0x8233, 0x8240, 0x8259, 0x8258, 0x825d,
    0x825a, 0x825f, 0x8264, 0x8262, 0x8268, 0x826a, 0x826b, 0x822e, 0x8271, 0x8277, 0x8278, 0x827e, 0x828d, 0x8292, 0x82ab, 0x829f,
    0x82bb, 0x82ac, 0x82e1, 0x82e3, 0x82df, 0x82d2, 0x82f4, 0x82f3, 0x82fa, 0x8393, 0x8303, 0x82fb, 0x82f9, 0x82de, 0x8306, 0x82dc,
    0x8309, 0x82d9, 0x8335, 0x8334, 0x8316, 0x8332, 0x8331, 0x8340, 0x8339, 0x8350, 0x8345, 0x832f, 0x832b, 0x8317, 0x8318, 0x8385,
    0x839a, 0x83aa, 0x839f, 0x83a2, 0x8396, 0x8323, 0x838e, 0x8387, 0x838a, 0x837c, 0x83b5, 0x8373, 0x8375, 0x83a0, 0x8389, 0x83a8,
    0x83f4, 0x8413, 0x83eb, 0x83ce, 0x83fd, 0x8403, 0x83d8, 0x840b, 0x83c1, 0x83f7, 0x8407, 0x83e0, 0x83f2, 0x840d, 0x8422, 0x8420,
    0x83bd, 0x8438, 0x8506, 0x83fb, 0x846d, 0x842a, 0x843c, 0x855a, 0x8484, 0x8477, 0x846b, 0x84ad, 0x846e, 0x8482, 0x8469, 0x8446,
    0x842c, 0x846f, 0x8479, 0x8435, 0x84ca, 0x8462, 0x84b9, 0x84bf, 0x849f, 0x84d9, 0x84cd, 0x84bb, 0x84da, 0x84d0, 0x84c1, 0x84c6,
    0x84d6, 0x84a1, 0x8521, 0x84ff, 0x84f4, 0x8517, 0x8518, 0x852c, 0x851f, 0x8515, 0x8514, 0x84fc, 0x8540, 0x8563, 0x8558, 0x8548,
    0x8541, 0x8602, 0x854b, 0x8555, 0x8580, 0x85a4, 0x8588, 0x8591, 0x858a, 0x85a8, 0x856d, 0x8594, 0x859b, 0x85ea, 0x8587, 0x859c,
    0x8577, 0x857e, 0x8590, 0x85c9, 0x85ba, 0x85cf, 0x85b9, 0x85d0, 0x85d5, 0x85dd, 0x85e5, 0x85dc, 0x85f9, 0x860a, 0x8613, 0x860b,
    0x85fe, 0x85fa, 0x8606, 0x8622, 0x861a, 0x8630, 0x863f, 0x864d, 0x4e55, 0x8654, 0x865f, 0x8667, 0x8671, 0x8693, 0x86a3, 0x86a9,
    0x86aa, 0x868b, 0x868c, 0x86b6, 0x86af, 0x86c4, 0x86c6, 0x86b0, 0x86c9, 0x8823, 0x86ab, 0x86d4, 0x86de, 0x86e9, 0x86ec, 0x86df,
    0x86db, 0x86ef, 0x8712, 0x8706, 0x8708, 0x8700, 0x8703, 0x86fb, 0x8711, 0x8709, 0x870d, 0x86f9, 0x870a, 0x8734, 0x873f, 0x8737,
    0x873b, 0x8725, 0x8729, 0x871a, 0x8760, 0x875f, 0x8778, 0x874c, 0x874e, 0x8774, 0x8757, 0x8768, 0x876e, 0x8759, 0x8753, 0x8763,
    0x876a, 0x8805, 0x87a2, 0x879f, 0x8782, 0x87af, 0x87cb, 0x87bd, 0x87c0, 0x87d0, 0x96d6, 0x87ab, 0x87c4, 0x87b3, 0x87c7, 0x87c6,
    0x87bb, 0x87ef, 0x87f2, 0x87e0, 0x880f, 0x880d, 0x87fe, 0x87f6, 0x87f7, 0x880e, 0x87d2, 0x8811, 0x8816, 0x8815, 0x8822, 0x8821,
    0x8831, 0x8836, 0x8839, 0x8827, 0x883b, 0x8844, 0x8842, 0x8852, 0x8859, 0x885e, 0x8862, 0x886b, 0x8881, 0x887e, 0x889e, 0x8875,
    0x887d, 0x88b5, 0x8872, 0x8882, 0x8897, 0x8892, 0x88ae, 0x8899, 0x88a2, 0x888d, 0x88a4, 0x88b0, 0x88bf, 0x88b1, 0x88c3, 0x88c4,
    0x88d4, 0x88d8, 0x88d9, 0x88dd, 0x88f9, 0x8902, 0x88fc, 0x88f4, 0x88e8, 0x88f2, 0x8904, 0x890c, 0x890a, 0x8913, 0x8943, 0x891e,
    0x8925, 0x892a, 0x892b, 0x8941, 0x8944, 0x893b, 0x8936, 0x8938, 0x894c, 0x891d, 0x8960, 0x895e, 0x8966, 0x8964, 0x896d, 0x896a,
    0x896f, 0x8974, 0x8977, 0x897e, 0x8983, 0x8988, 0x898a, 0x8993, 0x8998, 0x89a1, 0x89a9, 0x89a6, 0x89ac, 0x89af, 0x89b2, 0x89ba,
    0x89bd, 0x89bf, 0x89c0, 0x89da, 0x89dc, 0x89dd, 0x89e7, 0x89f4, 0x89f8, 0x8a03, 0x8a16, 0x8a10, 0x8a0c, 0x8a1b, 0x8a1d, 0x8a25,
    0x8a36, 0x8a41, 0x8a5b, 0x8a52, 0x8a46, 0x8a48, 0x8a7c, 0x8a6d, 0x8a6c, 0x8a62, 0x8a85, 0x8a82, 0x8a84, 0x8aa8, 0x8aa1, 0x8a91,
    0x8aa5, 0x8aa6, 0x8a9a, 0x8aa3, 0x8ac4, 0x8acd, 0x8ac2, 0x8ada, 0x8aeb, 0x8af3, 0x8ae7, 0x8ae4, 0x8af1, 0x8b14, 0x8ae0, 0x8ae2,
    0x8af7, 0x8ade, 0x8adb, 0x8b0c, 0x8b07, 0x8b1a, 0x8ae1, 0x8b16, 0x8b10, 0x8b17, 0x8b20, 0x8b33, 0x97ab, 0x8b26, 0x8b2b, 0x8b3e,
    0x8b28, 0x8b41, 0x8b4c, 0x8b4f, 0x8b4e, 0x8b49, 0x8b56, 0x8b5b, 0x8b5a, 0x8b6b, 0x8b5f, 0x8b6c, 0x8b6f, 0x8b74, 0x8b7d, 0x8b80,
    0x8b8c, 0x8b8e, 0x8b92, 0x8b93, 0x8b96, 0x8b99, 0x8b9a, 0x8c3a, 0x8c41, 0x8c3f, 0x8c48, 0x8c4c, 0x8c4e, 0x8c50, 0x8c55, 0x8c62,
    0x8c6c, 0x8c78, 0x8c7a, 0x8c82, 0x8c89, 0x8c85, 0x8c8a, 0x8c8d, 0x8c8e, 0x8c94, 0x8c7c, 0x8c98, 0x621d, 0x8cad, 0x8caa, 0x8cbd,
    0x8cb2, 0x8cb3, 0x8cae, 0x8cb6, 0x8cc8, 0x8cc1, 0x8ce4, 0x8ce3, 0x8cda, 0x8cfd, 0x8cfa, 0x8cfb, 0x8d04, 0x8d05, 0x8d0a, 0x8d07,
    0x8d0f, 0x8d0d, 0x8d10, 0x9f4e, 0x8d13, 0x8ccd, 0x8d14, 0x8d16, 0x8d67, 0x8d6d, 0x8d71, 0x8d73, 0x8d81, 0x8d99, 0x8dc2, 0x8dbe,
    0x8dba, 0x8dcf, 0x8dda, 0x8dd6, 0x8dcc, 0x8ddb, 0x8dcb, 0x8dea, 0x8deb, 0x8ddf, 0x8de3, 0x8dfc, 0x8e08, 0x8e09, 0x8dff, 0x8e1d,
    0x8e1e, 0x8e10, 0x8e1f, 0x8e42, 0x8e35, 0x8e30, 0x8e34, 0x8e4a, 0x8e47, 0x8e49, 0x8e4c, 0x8e50, 0x8e48, 0x8e59, 0x8e64, 0x8e60,
    0x8e2a, 0x8e63, 0x8e55, 0x8e76, 0x8e72, 0x8e7c, 0x8e81, 0x8e87, 0x8e85, 0x8e84, 0x8e8b, 0x8e8a, 0x8e93, 0x8e91, 0x8e94, 0x8e99,
    0x8eaa, 0x8ea1, 0x8eac, 0x8eb0, 0x8ec6, 0x8eb1, 0x8ebe, 0x8ec5, 0x8ec8, 0x8ecb, 0x8edb, 0x8ee3, 0x8efc, 0x8efb, 0x8eeb, 0x8efe,
    0x8f0a, 0x8f05, 0x8f15, 0x8f12, 0x8f19, 0x8f13, 0x8f1c, 0x8f1f, 0x8f1b, 0x8f0c, 0x8f26, 0x8f33, 0x8f3b, 0x8f39, 0x8f45, 0x8f42,
    0x8f3e, 0x8f4c, 0x8f49, 0x8f46, 0x8f4e, 0x8f57, 0x8f5c, 0x8f62, 0x8f63, 0x8f64, 0x8f9c, 0x8f9f, 0x8fa3, 0x8fad, 0x8faf, 0x8fb7,
    0x8fda, 0x8fe5, 0x8fe2, 0x8fea, 0x8fef, 0x9087, 0x8ff4, 0x9005, 0x8ff9, 0x8ffa, 0x9011, 0x9015, 0x9021, 0x900d, 0x901e, 0x9016,
    0x900b, 0x9027, 0x9036, 0x9035, 0x9039, 0x8ff8, 0x904f, 0x9050, 0x9051, 0x9052, 0x900e, 0x9049, 0x903e, 0x9056, 0x9058, 0x905e,
    0x9068, 0x906f, 0x9076, 0x96a8, 0x9072, 0x9082, 0x907d, 0x9081, 0x9080, 0x908a, 0x9089, 0x908f, 0x90a8, 0x90af, 0x90b1, 0x90b5,
    0x90e2, 0x90e4, 0x6248, 0x90db, 0x9102, 0x9112, 0x9119, 0x9132, 0x9130, 0x914a, 0x9156, 0x9158, 0x9163, 0x9165, 0x9169, 0x9173,
    0x9172, 0x918b, 0x9189, 0x9182, 0x91a2, 0x91ab, 0x91af, 0x91aa, 0x91b5, 0x91b4, 0x91ba, 0x91c0, 0x91c1, 0x91c9, 0x91cb, 0x91d0,
    0x91d6, 0x91df, 0x91e1, 0x91db, 0x91fc, 0x91f5, 0x91f6, 0x921e, 0x91ff, 0x9214, 0x922c, 0x9215, 0x9211, 0x925e, 0x9257, 0x9245,
    0x9249, 0x9264, 0x9248, 0x9295, 0x923f, 0x924b, 0x9250, 0x929c, 0x9296, 0x9293, 0x929b, 0x925a, 0x92cf, 0x92b9, 0x92b7, 0x92e9,
    0x930f, 0x92fa, 0x9344, 0x932e, 0x9319, 0x9322, 0x931a, 0x9323, 0x933a, 0x9335, 0x933b, 0x935c, 0x9360, 0x937c, 0x936e, 0x9356,
    0x93b0, 0x93ac, 0x93ad, 0x9394, 0x93b9, 0x93d6, 0x93d7, 0x93e8, 0x93e5, 0x93d8, 0x93c3, 0x93dd, 0x93d0, 0x93c8, 0x93e4, 0x941a,
    0x9414, 0x9413, 0x9403, 0x9407, 0x9410, 0x9436, 0x942b, 0x9435, 0x9421, 0x943a, 0x9441, 0x9452, 0x9444, 0x945b, 0x9460, 0x9462,
    0x945e, 0x946a, 0x9229, 0x9470, 0x9475, 0x9477, 0x947d, 0x945a, 0x947c, 0x947e, 0x9481, 0x947f, 0x9582, 0x9587, 0x958a, 0x9594,
    0x9596, 0x9598, 0x9599, 0x95a0, 0x95a8, 0x95a7, 0x95ad, 0x95bc, 0x95bb, 0x95b9, 0x95be, 0x95ca, 0x6ff6, 0x95c3, 0x95cd, 0x95cc,
    0x95d5, 0x95d4, 0x95d6, 0x95dc, 0x95e1, 0x95e5, 0x95e2, 0x9621, 0x9628, 0x962e, 0x962f, 0x9642, 0x964c, 0x964f, 0x964b, 0x9677,
    0x965c, 0x965e, 0x965d, 0x965f, 0x9666, 0x9672, 0x966c, 0x968d, 0x9698, 0x9695, 0x9697, 0x96aa, 0x96a7, 0x96b1, 0x96b2, 0x96b0,
    0x96b4, 0x96b6, 0x96b8, 0x96b9, 0x96ce, 0x96cb, 0x96c9, 0x96cd, 0x894d, 0x96dc, 0x970d, 0x96d5, 0x96f9, 0x9704, 0x9706, 0x9708,
    0x9713, 0x970e, 0x9711, 0x970f, 0x9716, 0x9719, 0x9724, 0x972a, 0x9730, 0x9739, 0x973d, 0x973e, 0x9744, 0x9746, 0x9748, 0x9742,
    0x9749, 0x975c, 0x9760, 0x9764, 0x9766, 0x9768, 0x52d2, 0x976b, 0x9771, 0x9779, 0x9785, 0x977c, 0x9781, 0x977a, 0x9786, 0x978b,
    0x978f, 0x9790, 0x979c, 0x97a8, 0x97a6, 0x97a3, 0x97b3, 0x97b4, 0x97c3, 0x97c6, 0x97c8, 0x97cb, 0x97dc, 0x97ed, 0x9f4f, 0x97f2,
    0x7adf, 0x97f6, 0x97f5, 0x980f, 0x980c, 0x9838, 0x9824, 0x9821, 0x9837, 0x983d, 0x9846, 0x984f, 0x984b, 0x986b, 0x986f, 0x9870,
    0x9871, 0x9874, 0x9873, 0x98aa, 0x98af, 0x98b1, 0x98b6, 0x98c4, 0x98c3, 0x98c6, 0x98e9, 0x98eb, 0x9903, 0x9909, 0x9912, 0x9914,
    0x9918, 0x9921, 0x991d, 0x991e, 0x9924, 0x9920, 0x992c, 0x992e, 0x993d, 0x993e, 0x9942, 0x9949, 0x9945, 0x9950, 0x994b, 0x9951,
    0x9952, 0x994c, 0x9955, 0x9997, 0x9998, 0x99a5, 0x99ad, 0x99ae, 0x99bc, 0x99df, 0x99db, 0x99dd, 0x99d8, 0x99d1, 0x99ed, 0x99ee,
    0x99f1, 0x99f2, 0x99fb, 0x99f8, 0x9a01, 0x9a0f, 0x9a05, 0x99e2, 0x9a19, 0x9a2b, 0x9a37, 0x9a45, 0x9a42, 0x9a40, 0x9a43, 0x9a3e,
    0x9a55, 0x9a4d, 0x9a5b, 0x9a57, 0x9a5f, 0x9a62, 0x9a65, 0x9a64, 0x9a69, 0x9a6b, 0x9a6a, 0x9aad, 0x9ab0, 0x9abc, 0x9ac0, 0x9acf,
    0x9ad1, 0x9ad3, 0x9ad4, 0x9ade, 0x9adf, 0x9ae2, 0x9ae3, 0x9ae6, 0x9aef, 0x9aeb, 0x9aee, 0x9af4, 0x9af1, 0x9af7, 0x9afb, 0x9b06,
    0x9b18, 0x9b1a, 0x9b1f, 0x9b22, 0x9b23, 0x9b25, 0x9b27, 0x9b28, 0x9b29, 0x9b2a, 0x9b2e, 0x9b2f, 0x9b32, 0x9b44, 0x9b43, 0x9b4f,
    0x9b4d, 0x9b4e, 0x9b51, 0x9b58, 0x9b74, 0x9b93, 0x9b83, 0x9b91, 0x9b96, 0x9b97, 0x9b9f, 0x9ba0, 0x9ba8, 0x9bb4, 0x9bc0, 0x9bca,
    0x9bb9, 0x9bc6, 0x9bcf, 0x9bd1, 0x9bd2, 0x9be3, 0x9be2, 0x9be4, 0x9bd4, 0x9be1, 0x9c3a, 0x9bf2, 0x9bf1, 0x9bf0, 0x9c15, 0x9c14,
    0x9c09, 0x9c13, 0x9c0c, 0x9c06, 0x9c08, 0x9c12, 0x9c0a, 0x9c04, 0x9c2e, 0x9c1b, 0x9c25, 0x9c24, 0x9c21, 0x9c30, 0x9c47, 0x9c32,
    0x9c46, 0x9c3e, 0x9c5a, 0x9c60, 0x9c67, 0x9c76, 0x9c78, 0x9ce7, 0x9cec, 0x9cf0, 0x9d09, 0x9d08, 0x9ceb, 0x9d03, 0x9d06, 0x9d2a,
    0x9d26, 0x9daf, 0x9d23, 0x9d1f, 0x9d44, 0x9d15, 0x9d12, 0x9d41, 0x9d3f, 0x9d3e, 0x9d46, 0x9d48, 0x9d5d, 0x9d5e, 0x9d64, 0x9d51,
    0x9d50, 0x9d59, 0x9d72, 0x9d89, 0x9d87, 0x9dab, 0x9d6f, 0x9d7a, 0x9d9a, 0x9da4, 0x9da9, 0x9db2, 0x9dc4, 0x9dc1, 0x9dbb, 0x9db8,
    0x9dba, 0x9dc6, 0x9dcf, 0x9dc2, 0x9dd9, 0x9dd3, 0x9df8, 0x9de6, 0x9ded, 0x9def, 0x9dfd, 0x9e1a, 0x9e1b, 0x9e1e, 0x9e75, 0x9e79,
    0x9e7d, 0x9e81, 0x9e88, 0x9e8b, 0x9e8c, 0x9e92, 0x9e95, 0x9e91, 0x9e9d, 0x9ea5, 0x9ea9, 0x9eb8, 0x9eaa, 0x9ead, 0x9761, 0x9ecc,
    0x9ece, 0x9ecf, 0x9ed0, 0x9ed4, 0x9edc, 0x9ede, 0x9edd, 0x9ee0, 0x9ee5, 0x9ee8, 0x9eef, 0x9ef4, 0x9ef6, 0x9ef7, 0x9ef9, 0x9efb,
    0x9efc, 0x9efd, 0x9f07, 0x9f08, 0x76b7, 0x9f15, 0x9f21, 0x9f2c, 0x9f3e, 0x9f4a, 0x9f52, 0x9f54, 0x9f63, 0x9f5f, 0x9f60, 0x9f61,
    0x9f66, 0x9f67, 0x9f6c, 0x9f6a, 0x9f77, 0x9f72, 0x9f76, 0x9f95, 0x9f9c, 0x9fa0, 0x582f, 0x69c7, 0x9059, 0x7464, 0x51dc, 0x7199,
    0x0000, 0x0000, 0x0000, 0x0000, 0x0000, 0x0000, 0x0000, 0x0000, 0x0000, 0x0000, 0x0000, 0x0000, 0x0000, 0x0000, 0x0000, 0x0000,
    0x0000, 0x0000, 0x0000, 0x0000, 0x0000, 0x0000, 0x0000, 0x0000, 0x0000, 0x0000, 0x0000, 0x0000, 0x0000, 0x0000, 0x0000, 0x0000,
    0x0000, 0x0000, 0x0000, 0x0000, 0x0000, 0x0000, 0x0000, 0x0000, 0x0000, 0x0000, 0x0000, 0x0000, 0x0000, 0x0000, 0x0000, 0x0000,
    0x0000, 0x0000, 0x0000, 0x0000, 0x0000, 0x0000, 0x0000, 0x0000, 0x0000, 0x0000, 0x0000, 0x0000, 0x0000, 0x0000, 0x0000, 0x0000,
    0x0000, 0x0000, 0x0000, 0x0000, 0x0000, 0x0000, 0x0000, 0x0000, 0x0000, 0x0000, 0x0000, 0x0000, 0x0000, 0x0000, 0x0000, 0x0000,
    0x0000, 0x0000, 0x0000, 0x0000, 0x0000, 0x0000, 0x0000, 0x0000, 0xe000, 0xe001, 0xe002, 0xe003, 0xe004, 0xe005, 0xe006, 0xe007,
    0xe008, 0xe009, 0xe00a, 0xe00b, 0xe00c, 0xe00d, 0xe00e, 0xe00f, 0xe010, 0xe011, 0xe012, 0xe013, 0xe014, 0xe015, 0xe016, 0xe017,
    0xe018, 0xe019, 0xe01a, 0xe01b, 0xe01c, 0xe01d, 0xe01e, 0xe01f, 0xe020, 0xe021, 0xe022, 0xe023, 0xe024, 0xe025, 0xe026, 0xe027,
    0xe028, 0xe029, 0xe02a, 0xe02b, 0xe02c, 0xe02d, 0xe02e, 0xe02f, 0xe030, 0xe031, 0xe032, 0xe033, 0xe034, 0xe035, 0xe036, 0xe037,
    0xe038, 0xe039, 0xe03a, 0xe03b, 0xe03c, 0xe03d, 0xe03e, 0xe03f, 0xe040, 0xe041, 0xe042, 0xe043, 0xe044, 0xe045, 0xe046, 0xe047,
    0xe048, 0xe049, 0xe04a, 0xe04b, 0xe04c, 0xe04d, 0xe04e, 0xe04f, 0xe050, 0xe051, 0xe052, 0xe053, 0xe054, 0xe055, 0xe056, 0xe057,
    0xe058, 0xe059, 0xe05a, 0xe05b, 0xe05c, 0xe05d, 0xe05e, 0xe05f, 0xe060, 0xe061, 0xe062, 0xe063, 0xe064, 0xe065, 0xe066, 0xe067,
    0xe068, 0xe069, 0xe06a, 0xe06b, 0xe06c, 0xe06d, 0xe06e, 0xe06f, 0xe070, 0xe071, 0xe072, 0xe073, 0xe074, 0xe075, 0xe076, 0xe077,
    0xe078, 0xe079, 0xe07a, 0xe07b, 0xe07c, 0xe07d, 0xe07e, 0xe07f, 0xe080, 0xe081, 0xe082, 0xe083, 0xe084, 0xe085, 0xe086, 0xe087,
    0xe088, 0xe089, 0xe08a, 0xe08b, 0xe08c, 0xe08d, 0xe08e, 0xe08f, 0xe090, 0xe091, 0xe092, 0xe093, 0xe094, 0xe095, 0xe096, 0xe097,
    0xe098, 0xe099, 0xe09a, 0xe09b, 0xe09c, 0xe09d, 0xe09e, 0xe09f, 0xe0a0, 0xe0a1, 0xe0a2, 0xe0a3, 0xe0a4, 0xe0a5, 0xe0a6, 0xe0a7,
    0xe0a8, 0xe0a9, 0xe0aa, 0xe0ab, 0xe0ac, 0xe0ad, 0xe0ae, 0xe0af, 0xe0b0, 0xe0b1, 0xe0b2, 0xe0b3, 0xe0b4, 0xe0b5, 0xe0b6, 0xe0b7,
    0xe0b8, 0xe0b9, 0xe0ba, 0xe0bb, 0xe0bc, 0xe0bd, 0xe0be, 0xe0bf, 0xe0c0, 0xe0c1, 0xe0c2, 0xe0c3, 0xe0c4, 0xe0c5, 0xe0c6, 0xe0c7,
    0xe0c8, 0xe0c9, 0xe0ca, 0xe0cb, 0xe0cc, 0xe0cd, 0xe0ce, 0xe0cf, 0xe0d0, 0xe0d1, 0xe0d2, 0xe0d3, 0xe0d4, 0xe0d5, 0xe0d6, 0xe0d7,
    0xe0d8, 0xe0d9, 0xe0da, 0xe0db, 0xe0dc, 0xe0dd, 0xe0de, 0xe0df, 0xe0e0, 0xe0e1, 0xe0e2, 0xe0e3, 0xe0e4, 0xe0e5, 0xe0e6, 0xe0e7,
    0xe0e8, 0xe0e9, 0xe0ea, 0xe0eb, 0xe0ec, 0xe0ed, 0xe0ee, 0xe0ef, 0xe0f0, 0xe0f1, 0xe0f2, 0xe0f3, 0xe0f4, 0xe0f5, 0xe0f6, 0xe0f7,
    0xe0f8, 0xe0f9, 0xe0fa, 0xe0fb, 0xe0fc, 0xe0fd, 0xe0fe, 0xe0ff, 0xe100, 0xe101, 0xe102, 0xe103, 0xe104, 0xe105, 0xe106, 0xe107,
    0xe108, 0xe109, 0xe10a, 0xe10b, 0xe10c, 0xe10d, 0xe10e, 0xe10f, 0xe110, 0xe111, 0xe112, 0xe113, 0xe114, 0xe115, 0xe116, 0xe117,
    0xe118, 0xe119, 0xe11a, 0xe11b, 0xe11c, 0xe11d, 0xe11e, 0xe11f, 0xe120, 0xe121, 0xe122, 0xe123, 0xe124, 0xe125, 0xe126, 0xe127,
    0xe128, 0xe129, 0xe12a, 0xe12b, 0xe12c, 0xe12d, 0xe12e, 0xe12f, 0xe130, 0xe131, 0xe132, 0xe133, 0xe134, 0xe135, 0xe136, 0xe137,
    0xe138, 0xe139, 0xe13a, 0xe13b, 0xe13c, 0xe13d, 0xe13e, 0xe13f, 0xe140, 0xe141, 0xe142, 0xe143, 0xe144, 0xe145, 0xe146, 0xe147,
    0xe148, 0xe149, 0xe14a, 0xe14b, 0xe14c, 0xe14d, 0xe14e, 0xe14f, 0xe150, 0xe151, 0xe152, 0xe153, 0xe154, 0xe155, 0xe156, 0xe157,
    0xe158, 0xe159, 0xe15a, 0xe15b, 0xe15c, 0xe15d, 0xe15e, 0xe15f, 0xe160, 0xe161, 0xe162, 0xe163, 0xe164, 0xe165, 0xe166, 0xe167,
    0xe168, 0xe169, 0xe16a, 0xe16b, 0xe16c, 0xe16d, 0xe16e, 0xe16f, 0xe170, 0xe171, 0xe172, 0xe173, 0xe174, 0xe175, 0xe176, 0xe177,
    0xe178, 0xe179, 0xe17a, 0xe17b, 0xe17c, 0xe17d, 0xe17e, 0xe17f, 0xe180, 0xe181, 0xe182, 0xe183, 0xe184, 0xe185, 0xe186, 0xe187,
    0xe188, 0xe189, 0xe18a, 0xe18b, 0xe18c, 0xe18d, 0xe18e, 0xe18f, 0xe190, 0xe191, 0xe192, 0xe193, 0xe194, 0xe195, 0xe196, 0xe197,
    0xe198, 0xe199, 0xe19a, 0xe19b, 0xe19c, 0xe19d, 0xe19e, 0xe19f, 0xe1a0, 0xe1a1, 0xe1a2, 0xe1a3, 0xe1a4, 0xe1a5, 0xe1a6, 0xe1a7,
    0xe1a8, 0xe1a9, 0xe1aa, 0xe1ab, 0xe1ac, 0xe1ad, 0xe1ae, 0xe1af, 0xe1b0, 0xe1b1, 0xe1b2, 0xe1b3, 0xe1b4, 0xe1b5, 0xe1b6, 0xe1b7,
    0xe1b8, 0xe1b9, 0xe1ba, 0xe1bb, 0xe1bc, 0xe1bd, 0xe1be, 0xe1bf, 0xe1c0, 0xe1c1, 0xe1c2, 0xe1c3, 0xe1c4, 0xe1c5, 0xe1c6, 0xe1c7,
    0xe1c8, 0xe1c9, 0xe1ca, 0xe1cb, 0xe1cc, 0xe1cd, 0xe1ce, 0xe1cf, 0xe1d0, 0xe1d1, 0xe1d2, 0xe1d3, 0xe1d4, 0xe1d5, 0xe1d6, 0xe1d7,
    0xe1d8, 0xe1d9, 0xe1da, 0xe1db, 0xe1dc, 0xe1dd, 0xe1de, 0xe1df, 0xe1e0, 0xe1e1, 0xe1e2, 0xe1e3, 0xe1e4, 0xe1e5, 0xe1e6, 0xe1e7,
    0xe1e8, 0xe1e9, 0xe1ea, 0xe1eb, 0xe1ec, 0xe1ed, 0xe1ee, 0xe1ef, 0xe1f0, 0xe1f1, 0xe1f2, 0xe1f3, 0xe1f4, 0xe1f5, 0xe1f6, 0xe1f7,
    0xe1f8, 0xe1f9, 0xe1fa, 0xe1fb, 0xe1fc, 0xe1fd, 0xe1fe, 0xe1ff, 0xe200, 0xe201, 0xe202, 0xe203, 0xe204, 0xe205, 0xe206, 0xe207,
    0xe208, 0xe209, 0xe20a, 0xe20b, 0xe20c, 0xe20d, 0xe20e, 0xe20f, 0xe210, 0xe211, 0xe212, 0xe213, 0xe214, 0xe215, 0xe216, 0xe217,
    0xe218, 0xe219, 0xe21a, 0xe21b, 0xe21c, 0xe21d, 0xe21e, 0xe21f, 0xe220, 0xe221, 0xe222, 0xe223, 0xe224, 0xe225, 0xe226, 0xe227,
    0xe228, 0xe229, 0xe22a, 0xe22b, 0xe22c, 0xe22d, 0xe22e, 0xe22f, 0xe230, 0xe231, 0xe232, 0xe233, 0xe234, 0xe235, 0xe236, 0xe237,
    0xe238, 0xe239, 0xe23a, 0xe23b, 0xe23c, 0xe23d, 0xe23e, 0xe23f, 0xe240, 0xe241, 0xe242, 0xe243, 0xe244, 0xe245, 0xe246, 0xe247,
    0xe248, 0xe249, 0xe24a, 0xe24b, 0xe24c, 0xe24d, 0xe24e, 0xe24f, 0xe250, 0xe251, 0xe252, 0xe253, 0xe254, 0xe255, 0xe256, 0xe257,
    0xe258, 0xe259, 0xe25a, 0xe25b, 0xe25c, 0xe25d, 0xe25e, 0xe25f, 0xe260, 0xe261, 0xe262, 0xe263, 0xe264, 0xe265, 0xe266, 0xe267,
    0xe268, 0xe269, 0xe26a, 0xe26b, 0xe26c, 0xe26d, 0xe26e, 0xe26f, 0xe270, 0xe271, 0xe272, 0xe273, 0xe274, 0xe275, 0xe276, 0xe277,
    0xe278, 0xe279, 0xe27a, 0xe27b, 0xe27c, 0xe27d, 0xe27e, 0xe27f, 0xe280, 0xe281, 0xe282, 0xe283, 0xe284, 0xe285, 0xe286, 0xe287,
    0xe288, 0xe289, 0xe28a, 0xe28b, 0xe28c, 0xe28d, 0xe28e, 0xe28f, 0xe290, 0xe291, 0xe292, 0xe293, 0xe294, 0xe295, 0xe296, 0xe297,
    0xe298, 0xe299, 0xe29a, 0xe29b, 0xe29c, 0xe29d, 0xe29e, 0xe29f, 0xe2a0, 0xe2a1, 0xe2a2, 0xe2a3, 0xe2a4, 0xe2a5, 0xe2a6, 0xe2a7,
    0xe2a8, 0xe2a9, 0xe2aa, 0xe2ab, 0xe2ac, 0xe2ad, 0xe2ae, 0xe2af, 0xe2b0, 0xe2b1, 0xe2b2, 0xe2b3, 0xe2b4, 0xe2b5, 0xe2b6, 0xe2b7,
    0xe2b8, 0xe2b9, 0xe2ba, 0xe2bb, 0xe2bc, 0xe2bd, 0xe2be, 0xe2bf, 0xe2c0, 0xe2c1, 0xe2c2, 0xe2c3, 0xe2c4, 0xe2c5, 0xe2c6, 0xe2c7,
    0xe2c8, 0xe2c9, 0xe2ca, 0xe2cb, 0xe2cc, 0xe2cd, 0xe2ce, 0xe2cf, 0xe2d0, 0xe2d1, 0xe2d2, 0xe2d3, 0xe2d4, 0xe2d5, 0xe2d6, 0xe2d7,
    0xe2d8, 0xe2d9, 0xe2da, 0xe2db, 0xe2dc, 0xe2dd, 0xe2de, 0xe2df, 0xe2e0, 0xe2e1, 0xe2e2, 0xe2e3, 0xe2e4, 0xe2e5, 0xe2e6, 0xe2e7,
    0xe2e8, 0xe2e9, 0xe2ea, 0xe2eb, 0xe2ec, 0xe2ed, 0xe2ee, 0xe2ef, 0xe2f0, 0xe2f1, 0xe2f2, 0xe2f3, 0xe2f4, 0xe2f5, 0xe2f6, 0xe2f7,
    0xe2f8, 0xe2f9, 0xe2fa, 0xe2fb, 0xe2fc, 0xe2fd, 0xe2fe, 0xe2ff, 0xe300, 0xe301, 0xe302, 0xe303, 0xe304, 0xe305, 0xe306, 0xe307,
    0xe308, 0xe309, 0xe30a, 0xe30b, 0xe30c, 0xe30d, 0xe30e, 0xe30f, 0xe310, 0xe311, 0xe312, 0xe313, 0xe314, 0xe315, 0xe316, 0xe317,
    0xe318, 0xe319, 0xe31a, 0xe31b, 0xe31c, 0xe31d, 0xe31e, 0xe31f, 0xe320, 0xe321, 0xe322, 0xe323, 0xe324, 0xe325, 0xe326, 0xe327,
    0xe328, 0xe329, 0xe32a, 0xe32b, 0xe32c, 0xe32d, 0xe32e, 0xe32f, 0xe330, 0xe331, 0xe332, 0xe333, 0xe334, 0xe335, 0xe336, 0xe337,
    0xe338, 0xe339, 0xe33a, 0xe33b, 0xe33c, 0xe33d, 0xe33e, 0xe33f, 0xe340, 0xe341, 0xe342, 0xe343, 0xe344, 0xe345, 0xe346, 0xe347,
    0xe348, 0xe349, 0xe34a, 0xe34b, 0xe34c, 0xe34d, 0xe34e, 0xe34f, 0xe350, 0xe351, 0xe352, 0xe353, 0xe354, 0xe355, 0xe356, 0xe357,
    0xe358, 0xe359, 0xe35a, 0xe35b, 0xe35c, 0xe35d, 0xe35e, 0xe35f, 0xe360, 0xe361, 0xe362, 0xe363, 0xe364, 0xe365, 0xe366, 0xe367,
    0xe368, 0xe369, 0xe36a, 0xe36b, 0xe36c, 0xe36d, 0xe36e, 0xe36f, 0xe370, 0xe371, 0xe372, 0xe373, 0xe374, 0xe375, 0xe376, 0xe377,
    0xe378, 0xe379, 0xe37a, 0xe37b, 0xe37c, 0xe37d, 0xe37e, 0xe37f, 0xe380, 0xe381, 0xe382, 0xe383, 0xe384, 0xe385, 0xe386, 0xe387,
    0xe388, 0xe389, 0xe38a, 0xe38b, 0xe38c, 0xe38d, 0xe38e, 0xe38f, 0xe390, 0xe391, 0xe392, 0xe393, 0xe394, 0xe395, 0xe396, 0xe397,
    0xe398, 0xe399, 0xe39a, 0xe39b, 0xe39c, 0xe39d, 0xe39e, 0xe39f, 0xe3a0, 0xe3a1, 0xe3a2, 0xe3a3, 0xe3a4, 0xe3a5, 0xe3a6, 0xe3a7,
    0xe3a8, 0xe3a9, 0xe3aa, 0xe3ab,
];
pub static D3: [u16; 8836] = [
    0x0000, 0x0000, 0x0000, 0x0000, 0x0000, 0x0000, 0x0000, 0x0000, 0x0000, 0x0000, 0x0000, 0x0000, 0x0000, 0x0000, 0x0000, 0x0000,
    0x0000, 0x0000, 0x0000, 0x0000, 0x0000, 0x0000, 0x0000, 0x0000, 0x0000, 0x0000, 0x0000, 0x0000, 0x0000, 0x0000, 0x0000, 0x0000,
    0x0000, 0x0000, 0x0000, 0x0000, 0x0000, 0x0000, 0x0000, 0x0000, 0x0000, 0x0000, 0x0000, 0x0000, 0x0000, 0x0000, 0x0000, 0x0000,
    0x0000, 0x0000, 0x0000, 0x0000, 0x0000, 0x0000, 0x0000, 0x0000, 0x0000, 0x0000, 0x0000, 0x0000, 0x0000, 0x0000, 0x0000, 0x0000,
    0x0000, 0x0000, 0x0000, 0x0000, 0x0000, 0x0000, 0x0000, 0x0000, 0x0000, 0x0000, 0x0000, 0x0000, 0x0000, 0x0000, 0x0000, 0x0000,
    0x0000, 0x0000, 0x0000, 0x0000, 0x0000, 0x0000, 0x0000, 0x0000, 0x0000, 0x0000, 0x0000, 0x0000, 0x0000, 0x0000, 0x0000, 0x0000,
    0x0000, 0x0000, 0x0000, 0x0000, 0x0000, 0x0000, 0x0000, 0x0000, 0x0000, 0x0000, 0x0000, 0x0000, 0x02d8, 0x02c7, 0x00b8, 0x02d9,
    0x02dd, 0x00af, 0x02db, 0x02da, 0xff5e, 0x0384, 0x0385, 0x0000, 0x0000, 0x0000, 0x0000, 0x0000, 0x0000, 0x0000, 0x0000, 0x00a1,
    0xffe4, 0x00bf, 0x0000, 0x0000, 0x0000, 0x0000, 0x0000, 0x0000, 0x0000, 0x0000, 0x0000, 0x0000, 0x0000, 0x0000, 0x0000, 0x0000,
    0x0000, 0x0000, 0x0000, 0x0000, 0x0000, 0x0000, 0x0000, 0x0000, 0x0000, 0x0000, 0x0000, 0x0000, 0x0000, 0x0000, 0x0000, 0x0000,
    0x0000, 0x0000, 0x0000, 0x0000, 0x0000, 0x0000, 0x0000, 0x0000, 0x00ba, 0x00aa, 0x00a9, 0x00ae, 0x2122, 0x00a4, 0x2116, 0x0000,
    0x0000, 0x0000, 0x0000, 0x0000, 0x0000, 0x0000, 0x0000, 0x0000, 0x0000, 0x0000, 0x0000, 0x0000, 0x0000, 0x0000, 0x0000, 0x0000,
    0x0000, 0x0000, 0x0000, 0x0000, 0x0000, 0x0000, 0x0000, 0x0000, 0x0000, 0x0000, 0x0000, 0x0000, 0x0000, 0x0000, 0x0000, 0x0000,
    0x0000, 0x0000, 0x0000, 0x0000, 0x0000, 0x0000, 0x0000, 0x0000, 0x0000, 0x0000, 0x0000, 0x0000, 0x0000, 0x0000, 0x0000, 0x0000,
    0x0000, 0x0000, 0x0000, 0x0000, 0x0000, 0x0000, 0x0000, 0x0000, 0x0000, 0x0000, 0x0000, 0x0000, 0x0000, 0x0000, 0x0000, 0x0000,
    0x0000, 0x0000, 0x0000, 0x0000, 0x0000, 0x0000, 0x0000, 0x0000, 0x0000, 0x0000, 0x0000, 0x0000, 0x0000, 0x0000, 0x0000, 0x0000,
    0x0000, 0x0000, 0x0000, 0x0000, 0x0000, 0x0000, 0x0000, 0x0000, 0x0000, 0x0000, 0x0000, 0x0000, 0x0000, 0x0000, 0x0000, 0x0000,
    0x0000, 0x0000, 0x0000, 0x0000, 0x0000, 0x0000, 0x0000, 0x0000, 0x0000, 0x0000, 0x0000, 0x0000, 0x0000, 0x0000, 0x0000, 0x0000,
    0x0000, 0x0000, 0x0000, 0x0000, 0x0000, 0x0000, 0x0000, 0x0000, 0x0000, 0x0000, 0x0000, 0x0000, 0x0000, 0x0000, 0x0000, 0x0000,
    0x0000, 0x0000, 0x0000, 0x0000, 0x0000, 0x0000, 0x0000, 0x0000, 0x0000, 0x0000, 0x0000, 0x0000, 0x0000, 0x0000, 0x0000, 0x0000,
    0x0000, 0x0000, 0x0000, 0x0000, 0x0000, 0x0000, 0x0000, 0x0000, 0x0000, 0x0000, 0x0000, 0x0000, 0x0000, 0x0000, 0x0000, 0x0000,
    0x0000, 0x0000, 0x0000, 0x0000, 0x0000, 0x0000, 0x0000, 0x0000, 0x0000, 0x0000, 0x0000, 0x0000, 0x0000, 0x0000, 0x0000, 0x0000,
    0x0000, 0x0000, 0x0000, 0x0000, 0x0000, 0x0000, 0x0000, 0x0000, 0x0000, 0x0000, 0x0000, 0x0000, 0x0000, 0x0000, 0x0000, 0x0000,
    0x0000, 0x0000, 0x0000, 0x0000, 0x0000, 0x0000, 0x0000, 0x0000, 0x0000, 0x0000, 0x0000, 0x0000, 0x0000, 0x0000, 0x0000, 0x0000,
    0x0000, 0x0000, 0x0000, 0x0000, 0x0000, 0x0000, 0x0000, 0x0000, 0x0000, 0x0000, 0x0000, 0x0000, 0x0000, 0x0000, 0x0000, 0x0000,
    0x0000, 0x0000, 0x0000, 0x0000, 0x0000, 0x0000, 0x0000, 0x0000, 0x0000, 0x0000, 0x0000, 0x0000, 0x0000, 0x0000, 0x0000, 0x0000,
    0x0000, 0x0000, 0x0000, 0x0000, 0x0000, 0x0000, 0x0000, 0x0000, 0x0000, 0x0000, 0x0000, 0x0000, 0x0000, 0x0000, 0x0000, 0x0000,
    0x0000, 0x0000, 0x0000, 0x0000, 0x0000, 0x0000, 0x0000, 0x0000, 0x0000, 0x0000, 0x0000, 0x0000, 0x0000, 0x0000, 0x0000, 0x0000,
    0x0000, 0x0000, 0x0000, 0x0000, 0x0000, 0x0000, 0x0000, 0x0000, 0x0000, 0x0000, 0x0000, 0x0000, 0x0000, 0x0000, 0x0000, 0x0000,
    0x0000, 0x0000, 0x0000, 0x0000, 0x0000, 0x0000, 0x0000, 0x0000, 0x0000, 0x0000, 0x0000, 0x0000, 0x0000, 0x0000, 0x0000, 0x0000,
    0x0000, 0x0000, 0x0000, 0x0000, 0x0000, 0x0000, 0x0000, 0x0000, 0x0000, 0x0000, 0x0000, 0x0000, 0x0000, 0x0000, 0x0000, 0x0000,
    0x0000, 0x0000, 0x0000, 0x0000, 0x0000, 0x0000, 0x0000, 0x0000, 0x0000, 0x0000, 0x0000, 0x0000, 0x0000, 0x0000, 0x0000, 0x0000,
    0x0000, 0x0000, 0x0000, 0x0000, 0x0000, 0x0000, 0x0000, 0x0000, 0x0000, 0x0000, 0x0000, 0x0000, 0x0000, 0x0000, 0x0000, 0x0000,
    0x0000, 0x0000, 0x0000, 0x0000, 0x0000, 0x0000, 0x0386, 0x0388, 0x0389, 0x038a, 0x03aa, 0x0000, 0x038c, 0x0000, 0x038e, 0x03ab,
    0x0000, 0x038f, 0x0000, 0x0000, 0x0000, 0x0000, 0x03ac, 0x03ad, 0x03ae, 0x03af, 0x03ca, 0x0390, 0x03cc, 0x03c2, 0x03cd, 0x03cb,
    0x03b0, 0x03ce, 0x0000, 0x0000, 0x0000, 0x0000, 0x0000, 0x0000, 0x0000, 0x0000, 0x0000, 0x0000, 0x0000, 0x0000, 0x0000, 0x0000,
    0x0000, 0x0000, 0x0000, 0x0000, 0x0000, 0x0000, 0x0000, 0x0000, 0x0000, 0x0000, 0x0000, 0x0000, 0x0000, 0x0000, 0x0000, 0x0000,
    0x0000, 0x0000, 0x0000, 0x0000, 0x0000, 0x0402, 0x0403, 0x0404, 0x0405, 0x0406, 0x0407, 0x0408, 0x0409, 0x040a, 0x040b, 0x040c,
    0x040e, 0x040f, 0x0000, 0x0000, 0x0000, 0x0000, 0x0000, 0x0000, 0x0000, 0x0000, 0x0000, 0x0000, 0x0000, 0x0000, 0x0000, 0x0000,
    0x0000, 0x0000, 0x0000, 0x0000, 0x0000, 0x0000, 0x0000, 0x0000, 0x0000, 0x0000, 0x0000, 0x0000, 0x0000, 0x0000, 0x0000, 0x0000,
    0x0000, 0x0000, 0x0000, 0x0000, 0x0000, 0x0452, 0x0453, 0x0454, 0x0455, 0x0456, 0x0457, 0x0458, 0x0459, 0x045a, 0x045b, 0x045c,
    0x045e, 0x045f, 0x0000, 0x0000, 0x0000, 0x0000, 0x0000, 0x0000, 0x0000, 0x0000, 0x0000, 0x0000, 0x0000, 0x0000, 0x0000, 0x0000,
    0x0000, 0x0000, 0x0000, 0x0000, 0x0000, 0x0000, 0x0000, 0x0000, 0x0000, 0x0000, 0x0000, 0x0000, 0x0000, 0x0000, 0x0000, 0x0000,
    0x0000, 0x0000, 0x0000, 0x0000, 0x0000, 0x0000, 0x0000, 0x0000, 0x0000, 0x0000, 0x0000, 0x0000, 0x0000, 0x0000, 0x0000, 0x0000,
    0x0000, 0x0000, 0x0000, 0x0000, 0x0000, 0x0000, 0x0000, 0x0000, 0x0000, 0x0000, 0x0000, 0x0000, 0x0000, 0x0000, 0x0000, 0x0000,
    0x0000, 0x0000, 0x0000, 0x0000, 0x0000, 0x0000, 0x0000, 0x0000, 0x0000, 0x0000, 0x0000, 0x0000, 0x0000, 0x0000, 0x0000, 0x0000,
    0x0000, 0x0000, 0x0000, 0x0000, 0x0000, 0x0000, 0x0000, 0x0000, 0x0000, 0x0000, 0x0000, 0x0000, 0x0000, 0x0000, 0x0000, 0x0000,
    0x00c6, 0x0110, 0x0000, 0x0126, 0x0000, 0x0132, 0x0000, 0x0141, 0x013f, 0x0000, 0x014a, 0x00d8, 0x0152, 0x0000, 0x0166, 0x00de,
    0x0000, 0x0000, 0x0000, 0x0000, 0x0000, 0x0000, 0x0000, 0x0000, 0x0000, 0x0000, 0x0000, 0x0000, 0x0000, 0x0000, 0x0000, 0x0000,
    0x00e6, 0x0111, 0x00f0, 0x0127, 0x0131, 0x0133, 0x0138, 0x0142, 0x0140, 0x0149, 0x014b, 0x00f8, 0x0153, 0x00df, 0x0167, 0x00fe,
    0x0000, 0x0000, 0x0000, 0x0000, 0x0000, 0x0000, 0x0000, 0x0000, 0x0000, 0x0000, 0x0000, 0x0000, 0x0000, 0x0000, 0x0000, 0x0000,
    0x0000, 0x0000, 0x0000, 0x0000, 0x0000, 0x0000, 0x0000, 0x0000, 0x0000, 0x0000, 0x0000, 0x0000, 0x0000, 0x0000, 0x0000, 0x0000,
    0x0000, 0x0000, 0x0000, 0x0000, 0x0000, 0x0000, 0x0000, 0x0000, 0x0000, 0x0000, 0x0000, 0x0000, 0x0000, 0x0000, 0x00c1, 0x00c0,
    0x00c4, 0x00c2, 0x0102, 0x01cd, 0x0100, 0x0104, 0x00c5, 0x00c3, 0x0106, 0x0108, 0x010c, 0x00c7, 0x010a, 0x010e, 0x00c9, 0x00c8,
    0x00cb, 0x00ca, 0x011a, 0x0116, 0x0112, 0x0118, 0x0000, 0x011c, 0x011e, 0x0122, 0x0120, 0x0124, 0x00cd, 0x00cc, 0x00cf, 0x00ce,
    0x01cf, 0x0130, 0x012a, 0x012e, 0x0128, 0x0134, 0x0136, 0x0139, 0x013d, 0x013b, 0x0143, 0x0147, 0x0145, 0x00d1, 0x00d3, 0x00d2,
    0x00d6, 0x00d4, 0x01d1, 0x0150, 0x014c, 0x00d5, 0x0154, 0x0158, 0x0156, 0x015a, 0x015c, 0x0160, 0x015e, 0x0164, 0x0162, 0x00da,
    0x00d9, 0x00dc, 0x00db, 0x016c, 0x01d3, 0x0170, 0x016a, 0x0172, 0x016e, 0x0168, 0x01d7, 0x01db, 0x01d9, 0x01d5, 0x0174, 0x00dd,
    0x0178, 0x0176, 0x0179, 0x017d, 0x017b, 0x0000, 0x0000, 0x0000, 0x0000, 0x0000, 0x0000, 0x0000, 0x00e1, 0x00e0, 0x00e4, 0x00e2,
    0x0103, 0x01ce, 0x0101, 0x0105, 0x00e5, 0x00e3, 0x0107, 0x0109, 0x010d, 0x00e7, 0x010b, 0x010f, 0x00e9, 0x00e8, 0x00eb, 0x00ea,
    0x011b, 0x0117, 0x0113, 0x0119, 0x01f5, 0x011d, 0x011f, 0x0000, 0x0121, 0x0125, 0x00ed, 0x00ec, 0x00ef, 0x00ee, 0x01d0, 0x0000,
    0x012b, 0x012f, 0x0129, 0x0135, 0x0137, 0x013a, 0x013e, 0x013c, 0x0144, 0x0148, 0x0146, 0x00f1, 0x00f3, 0x00f2, 0x00f6, 0x00f4,
    0x01d2, 0x0151, 0x014d, 0x00f5, 0x0155, 0x0159, 0x0157, 0x015b, 0x015d, 0x0161, 0x015f, 0x0165, 0x0163, 0x00fa, 0x00f9, 0x00fc,
    0x00fb, 0x016d, 0x01d4, 0x0171, 0x016b, 0x0173, 0x016f, 0x0169, 0x01d8, 0x01dc, 0x01da, 0x01d6, 0x0175, 0x00fd, 0x00ff, 0x0177,
    0x017a, 0x017e, 0x017c, 0x0000, 0x0000, 0x0000, 0x0000, 0x0000, 0x0000, 0x0000, 0x0000, 0x0000, 0x0000, 0x0000, 0x0000, 0x0000,
    0x0000, 0x0000, 0x0000, 0x0000, 0x0000, 0x0000, 0x0000, 0x0000, 0x0000, 0x0000, 0x0000, 0x0000, 0x0000, 0x0000, 0x0000, 0x0000,
    0x0000, 0x0000, 0x0000, 0x0000, 0x0000, 0x0000, 0x0000, 0x0000, 0x0000, 0x0000, 0x0000, 0x0000, 0x0000, 0x0000, 0x0000, 0x0000,
    0x0000, 0x0000, 0x0000, 0x0000, 0x0000, 0x0000, 0x0000, 0x0000, 0x0000, 0x0000, 0x0000, 0x0000, 0x0000, 0x0000, 0x0000, 0x0000,
    0x0000, 0x0000, 0x0000, 0x0000, 0x0000, 0x0000, 0x0000, 0x0000, 0x0000, 0x0000, 0x0000, 0x0000, 0x0000, 0x0000, 0x0000, 0x0000,
    0x0000, 0x0000, 0x0000, 0x0000, 0x0000, 0x0000, 0x0000, 0x0000, 0x0000, 0x0000, 0x0000, 0x0000, 0x0000, 0x0000, 0x0000, 0x0000,
    0x0000, 0x0000, 0x0000, 0x0000, 0x0000, 0x0000, 0x0000, 0x0000, 0x0000, 0x0000, 0x0000, 0x0000, 0x0000, 0x0000, 0x0000, 0x0000,
    0x0000, 0x0000, 0x0000, 0x0000, 0x0000, 0x0000, 0x0000, 0x0000, 0x0000, 0x0000, 0x0000, 0x0000, 0x0000, 0x0000, 0x0000, 0x0000,
    0x0000, 0x0000, 0x0000, 0x0000, 0x0000, 0x0000, 0x0000, 0x0000, 0x0000, 0x0000, 0x0000, 0x0000, 0x0000, 0x0000, 0x0000, 0x0000,
    0x0000, 0x0000, 0x0000, 0x0000, 0x0000, 0x0000, 0x0000, 0x0000, 0x0000, 0x0000, 0x0000, 0x0000, 0x0000, 0x0000, 0x0000, 0x0000,
    0x0000, 0x0000, 0x0000, 0x0000, 0x0000, 0x0000, 0x0000, 0x0000, 0x0000, 0x0000, 0x0000, 0x0000, 0x0000, 0x0000, 0x0000, 0x0000,
    0x0000, 0x0000, 0x0000, 0x0000, 0x0000, 0x0000, 0x0000, 0x0000, 0x0000, 0x0000, 0x0000, 0x0000, 0x0000, 0x0000, 0x0000, 0x0000,
    0x0000, 0x0000, 0x0000, 0x0000, 0x0000, 0x0000, 0x0000, 0x0000, 0x0000, 0x0000, 0x0000, 0x0000, 0x0000, 0x0000, 0x0000, 0x0000,
    0x0000, 0x0000, 0x0000, 0x0000, 0x0000, 0x0000, 0x0000, 0x0000, 0x0000, 0x0000, 0x0000, 0x0000, 0x0000, 0x0000, 0x0000, 0x0000,
    0x0000, 0x0000, 0x0000, 0x0000, 0x0000, 0x0000, 0x0000, 0x0000, 0x0000, 0x0000, 0x0000, 0x0000, 0x0000, 0x0000, 0x0000, 0x0000,
    0x0000, 0x0000, 0x0000, 0x0000, 0x0000, 0x0000, 0x0000, 0x0000, 0x0000, 0x0000, 0x0000, 0x0000, 0x0000, 0x0000, 0x0000, 0x0000,
    0x0000, 0x0000, 0x0000, 0x0000, 0x0000, 0x0000, 0x0000, 0x0000, 0x0000, 0x0000, 0x0000, 0x0000, 0x0000, 0x0000, 0x0000, 0x0000,
    0x0000, 0x0000, 0x0000, 0x0000, 0x0000, 0x0000, 0x0000, 0x0000, 0x0000, 0x0000, 0x0000, 0x0000, 0x0000, 0x0000, 0x0000, 0x0000,
    0x0000, 0x0000, 0x0000, 0x0000, 0x0000, 0x0000, 0x0000, 0x0000, 0x0000, 0x0000, 0x0000, 0x0000, 0x0000, 0x0000, 0x0000, 0x0000,
    0x0000, 0x0000, 0x0000, 0x0000, 0x0000, 0x0000, 0x0000, 0x0000, 0x0000, 0x0000, 0x0000, 0x0000, 0x0000, 0x0000, 0x0000, 0x0000,
    0x0000, 0x0000, 0x0000, 0x0000, 0x0000, 0x0000, 0x0000, 0x0000, 0x0000, 0x0000, 0x0000, 0x0000, 0x0000, 0x0000, 0x0000, 0x0000,
    0x0000, 0x0000, 0x0000, 0x0000, 0x0000, 0x0000, 0x0000, 0x0000, 0x0000, 0x0000, 0x0000, 0x0000, 0x0000, 0x0000, 0x0000, 0x0000,
    0x0000, 0x0000, 0x0000, 0x0000, 0x0000, 0x0000, 0x0000, 0x0000, 0x0000, 0x0000, 0x0000, 0x0000, 0x0000, 0x0000, 0x0000, 0x0000,
    0x0000, 0x0000, 0x0000, 0x0000, 0x0000, 0x0000, 0x0000, 0x0000, 0x0000, 0x0000, 0x0000, 0x0000, 0x0000, 0x0000, 0x0000, 0x0000,
    0x0000, 0x0000, 0x4e02, 0x4e04, 0x4e05, 0x4e0c, 0x4e12, 0x4e1f, 0x4e23, 0x4e24, 0x4e28, 0x4e2b, 0x4e2e, 0x4e2f, 0x4e30, 0x4e35,
    0x4e40, 0x4e41, 0x4e44, 0x4e47, 0x4e51, 0x4e5a, 0x4e5c, 0x4e63, 0x4e68, 0x4e69, 0x4e74, 0x4e75, 0x4e79, 0x4e7f, 0x4e8d, 0x4e96,
    0x4e97, 0x4e9d, 0x4eaf, 0x4eb9, 0x4ec3, 0x4ed0, 0x4eda, 0x4edb, 0x4ee0, 0x4ee1, 0x4ee2, 0x4ee8, 0x4eef, 0x4ef1, 0x4ef3, 0x4ef5,
    0x4efd, 0x4efe, 0x4eff, 0x4f00, 0x4f02, 0x4f03, 0x4f08, 0x4f0b, 0x4f0c, 0x4f12, 0x4f15, 0x4f16, 0x4f17, 0x4f19, 0x4f2e, 0x4f31,
    0x4f60, 0x4f33, 0x4f35, 0x4f37, 0x4f39, 0x4f3b, 0x4f3e, 0x4f40, 0x4f42, 0x4f48, 0x4f49, 0x4f4b, 0x4f4c, 0x4f52, 0x4f54, 0x4f56,
    0x4f58, 0x4f5f, 0x4f63, 0x4f6a, 0x4f6c, 0x4f6e, 0x4f71, 0x4f77, 0x4f78, 0x4f79, 0x4f7a, 0x4f7d, 0x4f7e, 0x4f81, 0x4f82, 0x4f84,
    0x4f85, 0x4f89, 0x4f8a, 0x4f8c, 0x4f8e, 0x4f90, 0x4f92, 0x4f93, 0x4f94, 0x4f97, 0x4f99, 0x4f9a, 0x4f9e, 0x4f9f, 0x4fb2, 0x4fb7,
    0x4fb9, 0x4fbb, 0x4fbc, 0x4fbd, 0x4fbe, 0x4fc0, 0x4fc1, 0x4fc5, 0x4fc6, 0x4fc8, 0x4fc9, 0x4fcb, 0x4fcc, 0x4fcd, 0x4fcf, 0x4fd2,
    0x4fdc, 0x4fe0, 0x4fe2, 0x4ff0, 0x4ff2, 0x4ffc, 0x4ffd, 0x4fff, 0x5000, 0x5001, 0x5004, 0x5007, 0x500a, 0x500c, 0x500e, 0x5010,
    0x5013, 0x5017, 0x5018, 0x501b, 0x501c, 0x501d, 0x501e, 0x5022, 0x5027, 0x502e, 0x5030, 0x5032, 0x5033, 0x5035, 0x5040, 0x5041,
    0x5042, 0x5045, 0x5046, 0x504a, 0x504c, 0x504e, 0x5051, 0x5052, 0x5053, 0x5057, 0x5059, 0x505f, 0x5060, 0x5062, 0x5063, 0x5066,
    0x5067, 0x506a, 0x506d, 0x5070, 0x5071, 0x503b, 0x5081, 0x5083, 0x5084, 0x5086, 0x508a, 0x508e, 0x508f, 0x5090, 0x5092, 0x5093,
    0x5094, 0x5096, 0x509b, 0x509c, 0x509e, 0x509f, 0x50a0, 0x50a1, 0x50a2, 0x50aa, 0x50af, 0x50b0, 0x50b9, 0x50ba, 0x50bd, 0x50c0,
    0x50c3, 0x50c4, 0x50c7, 0x50cc, 0x50ce, 0x50d0, 0x50d3, 0x50d4, 0x50d8, 0x50dc, 0x50dd, 0x50df, 0x50e2, 0x50e4, 0x50e6, 0x50e8,
    0x50e9, 0x50ef, 0x50f1, 0x50f6, 0x50fa, 0x50fe, 0x5103, 0x5106, 0x5107, 0x5108, 0x510b, 0x510c, 0x510d, 0x510e, 0x50f2, 0x5110,
    0x5117, 0x5119, 0x511b, 0x511c, 0x511d, 0x511e, 0x5123, 0x5127, 0x5128, 0x512c, 0x512d, 0x512f, 0x5131, 0x5133, 0x5134, 0x5135,
    0x5138, 0x5139, 0x5142, 0x514a, 0x514f, 0x5153, 0x5155, 0x5157, 0x5158, 0x515f, 0x5164, 0x5166, 0x517e, 0x5183, 0x5184, 0x518b,
    0x518e, 0x5198, 0x519d, 0x51a1, 0x51a3, 0x51ad, 0x51b8, 0x51ba, 0x51bc, 0x51be, 0x51bf, 0x51c2, 0x51c8, 0x51cf, 0x51d1, 0x51d2,
    0x51d3, 0x51d5, 0x51d8, 0x51de, 0x51e2, 0x51e5, 0x51ee, 0x51f2, 0x51f3, 0x51f4, 0x51f7, 0x5201, 0x5202, 0x5205, 0x5212, 0x5213,
    0x5215, 0x5216, 0x5218, 0x5222, 0x5228, 0x5231, 0x5232, 0x5235, 0x523c, 0x5245, 0x5249, 0x5255, 0x5257, 0x5258, 0x525a, 0x525c,
    0x525f, 0x5260, 0x5261, 0x5266, 0x526e, 0x5277, 0x5278, 0x5279, 0x5280, 0x5282, 0x5285, 0x528a, 0x528c, 0x5293, 0x5295, 0x5296,
    0x5297, 0x5298, 0x529a, 0x529c, 0x52a4, 0x52a5, 0x52a6, 0x52a7, 0x52af, 0x52b0, 0x52b6, 0x52b7, 0x52b8, 0x52ba, 0x52bb, 0x52bd,
    0x52c0, 0x52c4, 0x52c6, 0x52c8, 0x52cc, 0x52cf, 0x52d1, 0x52d4, 0x52d6, 0x52db, 0x52dc, 0x52e1, 0x52e5, 0x52e8, 0x52e9, 0x52ea,
    0x52ec, 0x52f0, 0x52f1, 0x52f4, 0x52f6, 0x52f7, 0x5300, 0x5303, 0x530a, 0x530b, 0x530c, 0x5311, 0x5313, 0x5318, 0x531b, 0x531c,
    0x531e, 0x531f, 0x5325, 0x5327, 0x5328, 0x5329, 0x532b, 0x532c, 0x532d, 0x5330, 0x5332, 0x5335, 0x533c, 0x533d, 0x533e, 0x5342,
    0x534c, 0x534b, 0x5359, 0x535b, 0x5361, 0x5363, 0x5365, 0x536c, 0x536d, 0x5372, 0x5379, 0x537e, 0x5383, 0x5387, 0x5388, 0x538e,
    0x5393, 0x5394, 0x5399, 0x539d, 0x53a1, 0x53a4, 0x53aa, 0x53ab, 0x53af, 0x53b2, 0x53b4, 0x53b5, 0x53b7, 0x53b8, 0x53ba, 0x53bd,
    0x53c0, 0x53c5, 0x53cf, 0x53d2, 0x53d3, 0x53d5, 0x53da, 0x53dd, 0x53de, 0x53e0, 0x53e6, 0x53e7, 0x53f5, 0x5402, 0x5413, 0x541a,
    0x5421, 0x5427, 0x5428, 0x542a, 0x542f, 0x5431, 0x5434, 0x5435, 0x5443, 0x5444, 0x5447, 0x544d, 0x544f, 0x545e, 0x5462, 0x5464,
    0x5466, 0x5467, 0x5469, 0x546b, 0x546d, 0x546e, 0x5474, 0x547f, 0x5481, 0x5483, 0x5485, 0x5488, 0x5489, 0x548d, 0x5491, 0x5495,
    0x5496, 0x549c, 0x549f, 0x54a1, 0x54a6, 0x54a7, 0x54a9, 0x54aa, 0x54ad, 0x54ae, 0x54b1, 0x54b7, 0x54b9, 0x54ba, 0x54bb, 0x54bf,
    0x54c6, 0x54ca, 0x54cd, 0x54ce, 0x54e0, 0x54ea, 0x54ec, 0x54ef, 0x54f6, 0x54fc, 0x54fe, 0x54ff, 0x5500, 0x5501, 0x5505, 0x5508,
    0x5509, 0x550c, 0x550d, 0x550e, 0x5515, 0x552a, 0x552b, 0x5532, 0x5535, 0x5536, 0x553b, 0x553c, 0x553d, 0x5541, 0x5547, 0x5549,
    0x554a, 0x554d, 0x5550, 0x5551, 0x5558, 0x555a, 0x555b, 0x555e, 0x5560, 0x5561, 0x5564, 0x5566, 0x557f, 0x5581, 0x5582, 0x5586,
    0x5588, 0x558e, 0x558f, 0x5591, 0x5592, 0x5593, 0x5594, 0x5597, 0x55a3, 0x55a4, 0x55ad, 0x55b2, 0x55bf, 0x55c1, 0x55c3, 0x55c6,
    0x55c9, 0x55cb, 0x55cc, 0x55ce, 0x55d1, 0x55d2, 0x55d3, 0x55d7, 0x55d8, 0x55db, 0x55de, 0x55e2, 0x55e9, 0x55f6, 0x55ff, 0x5605,
    0x5608, 0x560a, 0x560d, 0x560e, 0x560f, 0x5610, 0x5611, 0x5612, 0x5619, 0x562c, 0x5630, 0x5633, 0x5635, 0x5637, 0x5639, 0x563b,
    0x563c, 0x563d, 0x563f, 0x5640, 0x5641, 0x5643, 0x5644, 0x5646, 0x5649, 0x564b, 0x564d, 0x564f, 0x5654, 0x565e, 0x5660, 0x5661,
    0x5662, 0x5663, 0x5666, 0x5669, 0x566d, 0x566f, 0x5671, 0x5672, 0x5675, 0x5684, 0x5685, 0x5688, 0x568b, 0x568c, 0x5695, 0x5699,
    0x569a, 0x569d, 0x569e, 0x569f, 0x56a6, 0x56a7, 0x56a8, 0x56a9, 0x56ab, 0x56ac, 0x56ad, 0x56b1, 0x56b3, 0x56b7, 0x56be, 0x56c5,
    0x56c9, 0x56ca, 0x56cb, 0x56cf, 0x56d0, 0x56cc, 0x56cd, 0x56d9, 0x56dc, 0x56dd, 0x56df, 0x56e1, 0x56e4, 0x56e5, 0x56e6, 0x56e7,
    0x56e8, 0x56f1, 0x56eb, 0x56ed, 0x56f6, 0x56f7, 0x5701, 0x5702, 0x5707, 0x570a, 0x570c, 0x5711, 0x5715, 0x571a, 0x571b, 0x571d,
    0x5720, 0x5722, 0x5723, 0x5724, 0x5725, 0x5729, 0x572a, 0x572c, 0x572e, 0x572f, 0x5733, 0x5734, 0x573d, 0x573e, 0x573f, 0x5745,
    0x5746, 0x574c, 0x574d, 0x5752, 0x5762, 0x5765, 0x5767, 0x5768, 0x576b, 0x576d, 0x576e, 0x576f, 0x5770, 0x5771, 0x5773, 0x5774,
    0x5775, 0x5777, 0x5779, 0x577a, 0x577b, 0x577c, 0x577e, 0x5781, 0x5783, 0x578c, 0x5794, 0x5797, 0x5799, 0x579a, 0x579c, 0x579d,
    0x579e, 0x579f, 0x57a1, 0x5795, 0x57a7, 0x57a8, 0x57a9, 0x57ac, 0x57b8, 0x57bd, 0x57c7, 0x57c8, 0x57cc, 0x57cf, 0x57d5, 0x57dd,
    0x57de, 0x57e4, 0x57e6, 0x57e7, 0x57e9, 0x57ed, 0x57f0, 0x57f5, 0x57f6, 0x57f8, 0x57fd, 0x57fe, 0x57ff, 0x5803, 0x5804, 0x5808,
    0x5809, 0x57e1, 0x580c, 0x580d, 0x581b, 0x581e, 0x581f, 0x5820, 0x5826, 0x5827, 0x582d, 0x5832, 0x5839, 0x583f, 0x5849, 0x584c,
    0x584d, 0x584f, 0x5850, 0x5855, 0x585f, 0x5861, 0x5864, 0x5867, 0x5868, 0x5878, 0x587c, 0x587f, 0x5880, 0x5881, 0x5887, 0x5888,
    0x5889, 0x588a, 0x588c, 0x588d, 0x588f, 0x5890, 0x5894, 0x5896, 0x589d, 0x58a0, 0x58a1, 0x58a2, 0x58a6, 0x58a9, 0x58b1, 0x58b2,
    0x58c4, 0x58bc, 0x58c2, 0x58c8, 0x58cd, 0x58ce, 0x58d0, 0x58d2, 0x58d4, 0x58d6, 0x58da, 0x58dd, 0x58e1, 0x58e2, 0x58e9, 0x58f3,
    0x5905, 0x5906, 0x590b, 0x590c, 0x5912, 0x5913, 0x5914, 0x8641, 0x591d, 0x5921, 0x5923, 0x5924, 0x5928, 0x592f, 0x5930, 0x5933,
    0x5935, 0x5936, 0x593f, 0x5943, 0x5946, 0x5952, 0x5953, 0x5959, 0x595b, 0x595d, 0x595e, 0x595f, 0x5961, 0x5963, 0x596b, 0x596d,
    0x596f, 0x5972, 0x5975, 0x5976, 0x5979, 0x597b, 0x597c, 0x598b, 0x598c, 0x598e, 0x5992, 0x5995, 0x5997, 0x599f, 0x59a4, 0x59a7,
    0x59ad, 0x59ae, 0x59af, 0x59b0, 0x59b3, 0x59b7, 0x59ba, 0x59bc, 0x59c1, 0x59c3, 0x59c4, 0x59c8, 0x59ca, 0x59cd, 0x59d2, 0x59dd,
    0x59de, 0x59df, 0x59e3, 0x59e4, 0x59e7, 0x59ee, 0x59ef, 0x59f1, 0x59f2, 0x59f4, 0x59f7, 0x5a00, 0x5a04, 0x5a0c, 0x5a0d, 0x5a0e,
    0x5a12, 0x5a13, 0x5a1e, 0x5a23, 0x5a24, 0x5a27, 0x5a28, 0x5a2a, 0x5a2d, 0x5a30, 0x5a44, 0x5a45, 0x5a47, 0x5a48, 0x5a4c, 0x5a50,
    0x5a55, 0x5a5e, 0x5a63, 0x5a65, 0x5a67, 0x5a6d, 0x5a77, 0x5a7a, 0x5a7b, 0x5a7e, 0x5a8b, 0x5a90, 0x5a93, 0x5a96, 0x5a99, 0x5a9c,
    0x5a9e, 0x5a9f, 0x5aa0, 0x5aa2, 0x5aa7, 0x5aac, 0x5ab1, 0x5ab2, 0x5ab3, 0x5ab5, 0x5ab8, 0x5aba, 0x5abb, 0x5abf, 0x5ac4, 0x5ac6,
    0x5ac8, 0x5acf, 0x5ada, 0x5adc, 0x5ae0, 0x5ae5, 0x5aea, 0x5aee, 0x5af5, 0x5af6, 0x5afd, 0x5b00, 0x5b01, 0x5b08, 0x5b17, 0x5b34,
    0x5b19, 0x5b1b, 0x5b1d, 0x5b21, 0x5b25, 0x5b2d, 0x5b38, 0x5b41, 0x5b4b, 0x5b4c, 0x5b52, 0x5b56, 0x5b5e, 0x5b68, 0x5b6e, 0x5b6f,
    0x5b7c, 0x5b7d, 0x5b7e, 0x5b7f, 0x5b81, 0x5b84, 0x5b86, 0x5b8a, 0x5b8e, 0x5b90, 0x5b91, 0x5b93, 0x5b94, 0x5b96, 0x5ba8, 0x5ba9,
    0x5bac, 0x5bad, 0x5baf, 0x5bb1, 0x5bb2, 0x5bb7, 0x5bba, 0x5bbc, 0x5bc0, 0x5bc1, 0x5bcd, 0x5bcf, 0x5bd6, 0x5bd7, 0x5bd8, 0x5bd9,
    0x5bda, 0x5be0, 0x5bef, 0x5bf1, 0x5bf4, 0x5bfd, 0x5c0c, 0x5c17, 0x5c1e, 0x5c1f, 0x5c23, 0x5c26, 0x5c29, 0x5c2b, 0x5c2c, 0x5c2e,
    0x5c30, 0x5c32, 0x5c35, 0x5c36, 0x5c59, 0x5c5a, 0x5c5c, 0x5c62, 0x5c63, 0x5c67, 0x5c68, 0x5c69, 0x5c6d, 0x5c70, 0x5c74, 0x5c75,
    0x5c7a, 0x5c7b, 0x5c7c, 0x5c7d, 0x5c87, 0x5c88, 0x5c8a, 0x5c8f, 0x5c92, 0x5c9d, 0x5c9f, 0x5ca0, 0x5ca2, 0x5ca3, 0x5ca6, 0x5caa,
    0x5cb2, 0x5cb4, 0x5cb5, 0x5cba, 0x5cc9, 0x5ccb, 0x5cd2, 0x5cdd, 0x5cd7, 0x5cee, 0x5cf1, 0x5cf2, 0x5cf4, 0x5d01, 0x5d06, 0x5d0d,
    0x5d12, 0x5d2b, 0x5d23, 0x5d24, 0x5d26, 0x5d27, 0x5d31, 0x5d34, 0x5d39, 0x5d3d, 0x5d3f, 0x5d42, 0x5d43, 0x5d46, 0x5d48, 0x5d55,
    0x5d51, 0x5d59, 0x5d4a, 0x5d5f, 0x5d60, 0x5d61, 0x5d62, 0x5d64, 0x5d6a, 0x5d6d, 0x5d70, 0x5d79, 0x5d7a, 0x5d7e, 0x5d7f, 0x5d81,
    0x5d83, 0x5d88, 0x5d8a, 0x5d92, 0x5d93, 0x5d94, 0x5d95, 0x5d99, 0x5d9b, 0x5d9f, 0x5da0, 0x5da7, 0x5dab, 0x5db0, 0x5db4, 0x5db8,
    0x5db9, 0x5dc3, 0x5dc7, 0x5dcb, 0x5dd0, 0x5dce, 0x5dd8, 0x5dd9, 0x5de0, 0x5de4, 0x5de9, 0x5df8, 0x5df9, 0x5e00, 0x5e07, 0x5e0d,
    0x5e12, 0x5e14, 0x5e15, 0x5e18, 0x5e1f, 0x5e20, 0x5e2e, 0x5e28, 0x5e32, 0x5e35, 0x5e3e, 0x5e4b, 0x5e50, 0x5e49, 0x5e51, 0x5e56,
    0x5e58, 0x5e5b, 0x5e5c, 0x5e5e, 0x5e68, 0x5e6a, 0x5e6b, 0x5e6c, 0x5e6d, 0x5e6e, 0x5e70, 0x5e80, 0x5e8b, 0x5e8e, 0x5ea2, 0x5ea4,
    0x5ea5, 0x5ea8, 0x5eaa, 0x5eac, 0x5eb1, 0x5eb3, 0x5ebd, 0x5ebe, 0x5ebf, 0x5ec6, 0x5ecc, 0x5ecb, 0x5ece, 0x5ed1, 0x5ed2, 0x5ed4,
    0x5ed5, 0x5edc, 0x5ede, 0x5ee5, 0x5eeb, 0x5f02, 0x5f06, 0x5f07, 0x5f08, 0x5f0e, 0x5f19, 0x5f1c, 0x5f1d, 0x5f21, 0x5f22, 0x5f23,
    0x5f24, 0x5f28, 0x5f2b, 0x5f2c, 0x5f2e, 0x5f30, 0x5f34, 0x5f36, 0x5f3b, 0x5f3d, 0x5f3f, 0x5f40, 0x5f44, 0x5f45, 0x5f47, 0x5f4d,
    0x5f50, 0x5f54, 0x5f58, 0x5f5b, 0x5f60, 0x5f63, 0x5f64, 0x5f67, 0x5f6f, 0x5f72, 0x5f74, 0x5f75, 0x5f78, 0x5f7a, 0x5f7d, 0x5f7e,
    0x5f89, 0x5f8d, 0x5f8f, 0x5f96, 0x5f9c, 0x5f9d, 0x5fa2, 0x5fa7, 0x5fab, 0x5fa4, 0x5fac, 0x5faf, 0x5fb0, 0x5fb1, 0x5fb8, 0x5fc4,
    0x5fc7, 0x5fc8, 0x5fc9, 0x5fcb, 0x5fd0, 0x5fd1, 0x5fd2, 0x5fd3, 0x5fd4, 0x5fde, 0x5fe1, 0x5fe2, 0x5fe8, 0x5fe9, 0x5fea, 0x5fec,
    0x5fed, 0x5fee, 0x5fef, 0x5ff2, 0x5ff3, 0x5ff6, 0x5ffa, 0x5ffc, 0x6007, 0x600a, 0x600d, 0x6013, 0x6014, 0x6017, 0x6018, 0x601a,
    0x601f, 0x6024, 0x602d, 0x6033, 0x6035, 0x6040, 0x6047, 0x6048, 0x6049, 0x604c, 0x6051, 0x6054, 0x6056, 0x6057, 0x605d, 0x6061,
    0x6067, 0x6071, 0x607e, 0x607f, 0x6082, 0x6086, 0x6088, 0x608a, 0x608e, 0x6091, 0x6093, 0x6095, 0x6098, 0x609d, 0x609e, 0x60a2,
    0x60a4, 0x60a5, 0x60a8, 0x60b0, 0x60b1, 0x60b7, 0x60bb, 0x60be, 0x60c2, 0x60c4, 0x60c8, 0x60c9, 0x60ca, 0x60cb, 0x60ce, 0x60cf,
    0x60d4, 0x60d5, 0x60d9, 0x60db, 0x60dd, 0x60de, 0x60e2, 0x60e5, 0x60f2, 0x60f5, 0x60f8, 0x60fc, 0x60fd, 0x6102, 0x6107, 0x610a,
    0x610c, 0x6110, 0x6111, 0x6112, 0x6113, 0x6114, 0x6116, 0x6117, 0x6119, 0x611c, 0x611e, 0x6122, 0x612a, 0x612b, 0x6130, 0x6131,
    0x6135, 0x6136, 0x6137, 0x6139, 0x6141, 0x6145, 0x6146, 0x6149, 0x615e, 0x6160, 0x616c, 0x6172, 0x6178, 0x617b, 0x617c, 0x617f,
    0x6180, 0x6181, 0x6183, 0x6184, 0x618b, 0x618d, 0x6192, 0x6193, 0x6197, 0x6198, 0x619c, 0x619d, 0x619f, 0x61a0, 0x61a5, 0x61a8,
    0x61aa, 0x61ad, 0x61b8, 0x61b9, 0x61bc, 0x61c0, 0x61c1, 0x61c2, 0x61ce, 0x61cf, 0x61d5, 0x61dc, 0x61dd, 0x61de, 0x61df, 0x61e1,
    0x61e2, 0x61e7, 0x61e9, 0x61e5, 0x61ec, 0x61ed, 0x61ef, 0x6201, 0x6203, 0x6204, 0x6207, 0x6213, 0x6215, 0x621c, 0x6220, 0x6222,
    0x6223, 0x6227, 0x6229, 0x622b, 0x6239, 0x623d, 0x6242, 0x6243, 0x6244, 0x6246, 0x624c, 0x6250, 0x6251, 0x6252, 0x6254, 0x6256,
    0x625a, 0x625c, 0x6264, 0x626d, 0x626f, 0x6273, 0x627a, 0x627d, 0x628d, 0x628e, 0x628f, 0x6290, 0x62a6, 0x62a8, 0x62b3, 0x62b6,
    0x62b7, 0x62ba, 0x62be, 0x62bf, 0x62c4, 0x62ce, 0x62d5, 0x62d6, 0x62da, 0x62ea, 0x62f2, 0x62f4, 0x62fc, 0x62fd, 0x6303, 0x6304,
    0x630a, 0x630b, 0x630d, 0x6310, 0x6313, 0x6316, 0x6318, 0x6329, 0x632a, 0x632d, 0x6335, 0x6336, 0x6339, 0x633c, 0x6341, 0x6342,
    0x6343, 0x6344, 0x6346, 0x634a, 0x634b, 0x634e, 0x6352, 0x6353, 0x6354, 0x6358, 0x635b, 0x6365, 0x6366, 0x636c, 0x636d, 0x6371,
    0x6374, 0x6375, 0x6378, 0x637c, 0x637d, 0x637f, 0x6382, 0x6384, 0x6387, 0x638a, 0x6390, 0x6394, 0x6395, 0x6399, 0x639a, 0x639e,
    0x63a4, 0x63a6, 0x63ad, 0x63ae, 0x63af, 0x63bd, 0x63c1, 0x63c5, 0x63c8, 0x63ce, 0x63d1, 0x63d3, 0x63d4, 0x63d5, 0x63dc, 0x63e0,
    0x63e5, 0x63ea, 0x63ec, 0x63f2, 0x63f3, 0x63f5, 0x63f8, 0x63f9, 0x6409, 0x640a, 0x6410, 0x6412, 0x6414, 0x6418, 0x641e, 0x6420,
    0x6422, 0x6424, 0x6425, 0x6429, 0x642a, 0x642f, 0x6430, 0x6435, 0x643d, 0x643f, 0x644b, 0x644f, 0x6451, 0x6452, 0x6453, 0x6454,
    0x645a, 0x645b, 0x645c, 0x645d, 0x645f, 0x6460, 0x6461, 0x6463, 0x646d, 0x6473, 0x6474, 0x647b, 0x647d, 0x6485, 0x6487, 0x648f,
    0x6490, 0x6491, 0x6498, 0x6499, 0x649b, 0x649d, 0x649f, 0x64a1, 0x64a3, 0x64a6, 0x64a8, 0x64ac, 0x64b3, 0x64bd, 0x64be, 0x64bf,
    0x64c4, 0x64c9, 0x64ca, 0x64cb, 0x64cc, 0x64ce, 0x64d0, 0x64d1, 0x64d5, 0x64d7, 0x64e4, 0x64e5, 0x64e9, 0x64ea, 0x64ed, 0x64f0,
    0x64f5, 0x64f7, 0x64fb, 0x64ff, 0x6501, 0x6504, 0x6508, 0x6509, 0x650a, 0x650f, 0x6513, 0x6514, 0x6516, 0x6519, 0x651b, 0x651e,
    0x651f, 0x6522, 0x6526, 0x6529, 0x652e, 0x6531, 0x653a, 0x653c, 0x653d, 0x6543, 0x6547, 0x6549, 0x6550, 0x6552, 0x6554, 0x655f,
    0x6560, 0x6567, 0x656b, 0x657a, 0x657d, 0x6581, 0x6585, 0x658a, 0x6592, 0x6595, 0x6598, 0x659d, 0x65a0, 0x65a3, 0x65a6, 0x65ae,
    0x65b2, 0x65b3, 0x65b4, 0x65bf, 0x65c2, 0x65c8, 0x65c9, 0x65ce, 0x65d0, 0x65d4, 0x65d6, 0x65d8, 0x65df, 0x65f0, 0x65f2, 0x65f4,
    0x65f5, 0x65f9, 0x65fe, 0x65ff, 0x6600, 0x6604, 0x6608, 0x6609, 0x660d, 0x6611, 0x6612, 0x6615, 0x6616, 0x661d, 0x661e, 0x6621,
    0x6622, 0x6623, 0x6624, 0x6626, 0x6629, 0x662a, 0x662b, 0x662c, 0x662e, 0x6630, 0x6631, 0x6633, 0x6639, 0x6637, 0x6640, 0x6645,
    0x6646, 0x664a, 0x664c, 0x6651, 0x664e, 0x6657, 0x6658, 0x6659, 0x665b, 0x665c, 0x6660, 0x6661, 0x66fb, 0x666a, 0x666b, 0x666c,
    0x667e, 0x6673, 0x6675, 0x667f, 0x6677, 0x6678, 0x6679, 0x667b, 0x6680, 0x667c, 0x668b, 0x668c, 0x668d, 0x6690, 0x6692, 0x6699,
    0x669a, 0x669b, 0x669c, 0x669f, 0x66a0, 0x66a4, 0x66ad, 0x66b1, 0x66b2, 0x66b5, 0x66bb, 0x66bf, 0x66c0, 0x66c2, 0x66c3, 0x66c8,
    0x66cc, 0x66ce, 0x66cf, 0x66d4, 0x66db, 0x66df, 0x66e8, 0x66eb, 0x66ec, 0x66ee, 0x66fa, 0x6705, 0x6707, 0x670e, 0x6713, 0x6719,
    0x671c, 0x6720, 0x6722, 0x6733, 0x673e, 0x6745, 0x6747, 0x6748, 0x674c, 0x6754, 0x6755, 0x675d, 0x6766, 0x676c, 0x676e, 0x6774,
    0x6776, 0x677b, 0x6781, 0x6784, 0x678e, 0x678f, 0x6791, 0x6793, 0x6796, 0x6798, 0x6799, 0x679b, 0x67b0, 0x67b1, 0x67b2, 0x67b5,
    0x67bb, 0x67bc, 0x67bd, 0x67f9, 0x67c0, 0x67c2, 0x67c3, 0x67c5, 0x67c8, 0x67c9, 0x67d2, 0x67d7, 0x67d9, 0x67dc, 0x67e1, 0x67e6,
    0x67f0, 0x67f2, 0x67f6, 0x67f7, 0x6852, 0x6814, 0x6819, 0x681d, 0x681f, 0x6828, 0x6827, 0x682c, 0x682d, 0x682f, 0x6830, 0x6831,
    0x6833, 0x683b, 0x683f, 0x6844, 0x6845, 0x684a, 0x684c, 0x6855, 0x6857, 0x6858, 0x685b, 0x686b, 0x686e, 0x686f, 0x6870, 0x6871,
    0x6872, 0x6875, 0x6879, 0x687a, 0x687b, 0x687c, 0x6882, 0x6884, 0x6886, 0x6888, 0x6896, 0x6898, 0x689a, 0x689c, 0x68a1, 0x68a3,
    0x68a5, 0x68a9, 0x68aa, 0x68ae, 0x68b2, 0x68bb, 0x68c5, 0x68c8, 0x68cc, 0x68cf, 0x68d0, 0x68d1, 0x68d3, 0x68d6, 0x68d9, 0x68dc,
    0x68dd, 0x68e5, 0x68e8, 0x68ea, 0x68eb, 0x68ec, 0x68ed, 0x68f0, 0x68f1, 0x68f5, 0x68f6, 0x68fb, 0x68fc, 0x68fd, 0x6906, 0x6909,
    0x690a, 0x6910, 0x6911, 0x6913, 0x6916, 0x6917, 0x6931, 0x6933, 0x6935, 0x6938, 0x693b, 0x6942, 0x6945, 0x6949, 0x694e, 0x6957,
    0x695b, 0x6963, 0x6964, 0x6965, 0x6966, 0x6968, 0x6969, 0x696c, 0x6970, 0x6971, 0x6972, 0x697a, 0x697b, 0x697f, 0x6980, 0x698d,
    0x6992, 0x6996, 0x6998, 0x69a1, 0x69a5, 0x69a6, 0x69a8, 0x69ab, 0x69ad, 0x69af, 0x69b7, 0x69b8, 0x69ba, 0x69bc, 0x69c5, 0x69c8,
    0x69d1, 0x69d6, 0x69d7, 0x69e2, 0x69e5, 0x69ee, 0x69ef, 0x69f1, 0x69f3, 0x69f5, 0x69fe, 0x6a00, 0x6a01, 0x6a03, 0x6a0f, 0x6a11,
    0x6a15, 0x6a1a, 0x6a1d, 0x6a20, 0x6a24, 0x6a28, 0x6a30, 0x6a32, 0x6a34, 0x6a37, 0x6a3b, 0x6a3e, 0x6a3f, 0x6a45, 0x6a46, 0x6a49,
    0x6a4a, 0x6a4e, 0x6a50, 0x6a51, 0x6a52, 0x6a55, 0x6a56, 0x6a5b, 0x6a64, 0x6a67, 0x6a6a, 0x6a71, 0x6a73, 0x6a7e, 0x6a81, 0x6a83,
    0x6a86, 0x6a87, 0x6a89, 0x6a8b, 0x6a91, 0x6a9b, 0x6a9d, 0x6a9e, 0x6a9f, 0x6aa5, 0x6aab, 0x6aaf, 0x6ab0, 0x6ab1, 0x6ab4, 0x6abd,
    0x6abe, 0x6abf, 0x6ac6, 0x6ac9, 0x6ac8, 0x6acc, 0x6ad0, 0x6ad4, 0x6ad5, 0x6ad6, 0x6adc, 0x6add, 0x6ae4, 0x6ae7, 0x6aec, 0x6af0,
    0x6af1, 0x6af2, 0x6afc, 0x6afd, 0x6b02, 0x6b03, 0x6b06, 0x6b07, 0x6b09, 0x6b0f, 0x6b10, 0x6b11, 0x6b17, 0x6b1b, 0x6b1e, 0x6b24,
    0x6b28, 0x6b2b, 0x6b2c, 0x6b2f, 0x6b35, 0x6b36, 0x6b3b, 0x6b3f, 0x6b46, 0x6b4a, 0x6b4d, 0x6b52, 0x6b56, 0x6b58, 0x6b5d, 0x6b60,
    0x6b67, 0x6b6b, 0x6b6e, 0x6b70, 0x6b75, 0x6b7d, 0x6b7e, 0x6b82, 0x6b85, 0x6b97, 0x6b9b, 0x6b9f, 0x6ba0, 0x6ba2, 0x6ba3, 0x6ba8,
    0x6ba9, 0x6bac, 0x6bad, 0x6bae, 0x6bb0, 0x6bb8, 0x6bb9, 0x6bbd, 0x6bbe, 0x6bc3, 0x6bc4, 0x6bc9, 0x6bcc, 0x6bd6, 0x6bda, 0x6be1,
    0x6be3, 0x6be6, 0x6be7, 0x6bee, 0x6bf1, 0x6bf7, 0x6bf9, 0x6bff, 0x6c02, 0x6c04, 0x6c05, 0x6c09, 0x6c0d, 0x6c0e, 0x6c10, 0x6c12,
    0x6c19, 0x6c1f, 0x6c26, 0x6c27, 0x6c28, 0x6c2c, 0x6c2e, 0x6c33, 0x6c35, 0x6c36, 0x6c3a, 0x6c3b, 0x6c3f, 0x6c4a, 0x6c4b, 0x6c4d,
    0x6c4f, 0x6c52, 0x6c54, 0x6c59, 0x6c5b, 0x6c5c, 0x6c6b, 0x6c6d, 0x6c6f, 0x6c74, 0x6c76, 0x6c78, 0x6c79, 0x6c7b, 0x6c85, 0x6c86,
    0x6c87, 0x6c89, 0x6c94, 0x6c95, 0x6c97, 0x6c98, 0x6c9c, 0x6c9f, 0x6cb0, 0x6cb2, 0x6cb4, 0x6cc2, 0x6cc6, 0x6ccd, 0x6ccf, 0x6cd0,
    0x6cd1, 0x6cd2, 0x6cd4, 0x6cd6, 0x6cda, 0x6cdc, 0x6ce0, 0x6ce7, 0x6ce9, 0x6ceb, 0x6cec, 0x6cee, 0x6cf2, 0x6cf4, 0x6d04, 0x6d07,
    0x6d0a, 0x6d0e, 0x6d0f, 0x6d11, 0x6d13, 0x6d1a, 0x6d26, 0x6d27, 0x6d28, 0x6c67, 0x6d2e, 0x6d2f, 0x6d31, 0x6d39, 0x6d3c, 0x6d3f,
    0x6d57, 0x6d5e, 0x6d5f, 0x6d61, 0x6d65, 0x6d67, 0x6d6f, 0x6d70, 0x6d7c, 0x6d82, 0x6d87, 0x6d91, 0x6d92, 0x6d94, 0x6d96, 0x6d97,
    0x6d98, 0x6daa, 0x6dac, 0x6db4, 0x6db7, 0x6db9, 0x6dbd, 0x6dbf, 0x6dc4, 0x6dc8, 0x6dca, 0x6dce, 0x6dcf, 0x6dd6, 0x6ddb, 0x6ddd,
    0x6ddf, 0x6de0, 0x6de2, 0x6de5, 0x6de9, 0x6def, 0x6df0, 0x6df4, 0x6df6, 0x6dfc, 0x6e00, 0x6e04, 0x6e1e, 0x6e22, 0x6e27, 0x6e32,
    0x6e36, 0x6e39, 0x6e3b, 0x6e3c, 0x6e44, 0x6e45, 0x6e48, 0x6e49, 0x6e4b, 0x6e4f, 0x6e51, 0x6e52, 0x6e53, 0x6e54, 0x6e57, 0x6e5c,
    0x6e5d, 0x6e5e, 0x6e62, 0x6e63, 0x6e68, 0x6e73, 0x6e7b, 0x6e7d, 0x6e8d, 0x6e93, 0x6e99, 0x6ea0, 0x6ea7, 0x6ead, 0x6eae, 0x6eb1,
    0x6eb3, 0x6ebb, 0x6ebf, 0x6ec0, 0x6ec1, 0x6ec3, 0x6ec7, 0x6ec8, 0x6eca, 0x6ecd, 0x6ece, 0x6ecf, 0x6eeb, 0x6eed, 0x6eee, 0x6ef9,
    0x6efb, 0x6efd, 0x6f04, 0x6f08, 0x6f0a, 0x6f0c, 0x6f0d, 0x6f16, 0x6f18, 0x6f1a, 0x6f1b, 0x6f26, 0x6f29, 0x6f2a, 0x6f2f, 0x6f30,
    0x6f33, 0x6f36, 0x6f3b, 0x6f3c, 0x6f2d, 0x6f4f, 0x6f51, 0x6f52, 0x6f53, 0x6f57, 0x6f59, 0x6f5a, 0x6f5d, 0x6f5e, 0x6f61, 0x6f62,
    0x6f68, 0x6f6c, 0x6f7d, 0x6f7e, 0x6f83, 0x6f87, 0x6f88, 0x6f8b, 0x6f8c, 0x6f8d, 0x6f90, 0x6f92, 0x6f93, 0x6f94, 0x6f96, 0x6f9a,
    0x6f9f, 0x6fa0, 0x6fa5, 0x6fa6, 0x6fa7, 0x6fa8, 0x6fae, 0x6faf, 0x6fb0, 0x6fb5, 0x6fb6, 0x6fbc, 0x6fc5, 0x6fc7, 0x6fc8, 0x6fca,
    0x6fda, 0x6fde, 0x6fe8, 0x6fe9, 0x6ff0, 0x6ff5, 0x6ff9, 0x6ffc, 0x6ffd, 0x7000, 0x7005, 0x7006, 0x7007, 0x700d, 0x7017, 0x7020,
    0x7023, 0x702f, 0x7034, 0x7037, 0x7039, 0x703c, 0x7043, 0x7044, 0x7048, 0x7049, 0x704a, 0x704b, 0x7054, 0x7055, 0x705d, 0x705e,
    0x704e, 0x7064, 0x7065, 0x706c, 0x706e, 0x7075, 0x7076, 0x707e, 0x7081, 0x7085, 0x7086, 0x7094, 0x7095, 0x7096, 0x7097, 0x7098,
    0x709b, 0x70a4, 0x70ab, 0x70b0, 0x70b1, 0x70b4, 0x70b7, 0x70ca, 0x70d1, 0x70d3, 0x70d4, 0x70d5, 0x70d6, 0x70d8, 0x70dc, 0x70e4,
    0x70fa, 0x7103, 0x7104, 0x7105, 0x7106, 0x7107, 0x710b, 0x710c, 0x710f, 0x711e, 0x7120, 0x712b, 0x712d, 0x712f, 0x7130, 0x7131,
    0x7138, 0x7141, 0x7145, 0x7146, 0x7147, 0x714a, 0x714b, 0x7150, 0x7152, 0x7157, 0x715a, 0x715c, 0x715e, 0x7160, 0x7168, 0x7179,
    0x7180, 0x7185, 0x7187, 0x718c, 0x7192, 0x719a, 0x719b, 0x71a0, 0x71a2, 0x71af, 0x71b0, 0x71b2, 0x71b3, 0x71ba, 0x71bf, 0x71c0,
    0x71c1, 0x71c4, 0x71cb, 0x71cc, 0x71d3, 0x71d6, 0x71d9, 0x71da, 0x71dc, 0x71f8, 0x71fe, 0x7200, 0x7207, 0x7208, 0x7209, 0x7213,
    0x7217, 0x721a, 0x721d, 0x721f, 0x7224, 0x722b, 0x722f, 0x7234, 0x7238, 0x7239, 0x7241, 0x7242, 0x7243, 0x7245, 0x724e, 0x724f,
    0x7250, 0x7253, 0x7255, 0x7256, 0x725a, 0x725c, 0x725e, 0x7260, 0x7263, 0x7268, 0x726b, 0x726e, 0x726f, 0x7271, 0x7277, 0x7278,
    0x727b, 0x727c, 0x727f, 0x7284, 0x7289, 0x728d, 0x728e, 0x7293, 0x729b, 0x72a8, 0x72ad, 0x72ae, 0x72b1, 0x72b4, 0x72be, 0x72c1,
    0x72c7, 0x72c9, 0x72cc, 0x72d5, 0x72d6, 0x72d8, 0x72df, 0x72e5, 0x72f3, 0x72f4, 0x72fa, 0x72fb, 0x72fe, 0x7302, 0x7304, 0x7305,
    0x7307, 0x730b, 0x730d, 0x7312, 0x7313, 0x7318, 0x7319, 0x731e, 0x7322, 0x7324, 0x7327, 0x7328, 0x732c, 0x7331, 0x7332, 0x7335,
    0x733a, 0x733b, 0x733d, 0x7343, 0x734d, 0x7350, 0x7352, 0x7356, 0x7358, 0x735d, 0x735e, 0x735f, 0x7360, 0x7366, 0x7367, 0x7369,
    0x736b, 0x736c, 0x736e, 0x736f, 0x7371, 0x7377, 0x7379, 0x737c, 0x7380, 0x7381, 0x7383, 0x7385, 0x7386, 0x738e, 0x7390, 0x7393,
    0x7395, 0x7397, 0x7398, 0x739c, 0x739e, 0x739f, 0x73a0, 0x73a2, 0x73a5, 0x73a6, 0x73aa, 0x73ab, 0x73ad, 0x73b5, 0x73b7, 0x73b9,
    0x73bc, 0x73bd, 0x73bf, 0x73c5, 0x73c6, 0x73c9, 0x73cb, 0x73cc, 0x73cf, 0x73d2, 0x73d3, 0x73d6, 0x73d9, 0x73dd, 0x73e1, 0x73e3,
    0x73e6, 0x73e7, 0x73e9, 0x73f4, 0x73f5, 0x73f7, 0x73f9, 0x73fa, 0x73fb, 0x73fd, 0x73ff, 0x7400, 0x7401, 0x7404, 0x7407, 0x740a,
    0x7411, 0x741a, 0x741b, 0x7424, 0x7426, 0x7428, 0x7429, 0x742a, 0x742b, 0x742c, 0x742d, 0x742e, 0x742f, 0x7430, 0x7431, 0x7439,
    0x7440, 0x7443, 0x7444, 0x7446, 0x7447, 0x744b, 0x744d, 0x7451, 0x7452, 0x7457, 0x745d, 0x7462, 0x7466, 0x7467, 0x7468, 0x746b,
    0x746d, 0x746e, 0x7471, 0x7472, 0x7480, 0x7481, 0x7485, 0x7486, 0x7487, 0x7489, 0x748f, 0x7490, 0x7491, 0x7492, 0x7498, 0x7499,
    0x749a, 0x749c, 0x749f, 0x74a0, 0x74a1, 0x74a3, 0x74a6, 0x74a8, 0x74a9, 0x74aa, 0x74ab, 0x74ae, 0x74af, 0x74b1, 0x74b2, 0x74b5,
    0x74b9, 0x74bb, 0x74bf, 0x74c8, 0x74c9, 0x74cc, 0x74d0, 0x74d3, 0x74d8, 0x74da, 0x74db, 0x74de, 0x74df, 0x74e4, 0x74e8, 0x74ea,
    0x74eb, 0x74ef, 0x74f4, 0x74fa, 0x74fb, 0x74fc, 0x74ff, 0x7506, 0x7512, 0x7516, 0x7517, 0x7520, 0x7521, 0x7524, 0x7527, 0x7529,
    0x752a, 0x752f, 0x7536, 0x7539, 0x753d, 0x753e, 0x753f, 0x7540, 0x7543, 0x7547, 0x7548, 0x754e, 0x7550, 0x7552, 0x7557, 0x755e,
    0x755f, 0x7561, 0x756f, 0x7571, 0x7579, 0x757a, 0x757b, 0x757c, 0x757d, 0x757e, 0x7581, 0x7585, 0x7590, 0x7592, 0x7593, 0x7595,
    0x7599, 0x759c, 0x75a2, 0x75a4, 0x75b4, 0x75ba, 0x75bf, 0x75c0, 0x75c1, 0x75c4, 0x75c6, 0x75cc, 0x75ce, 0x75cf, 0x75d7, 0x75dc,
    0x75df, 0x75e0, 0x75e1, 0x75e4, 0x75e7, 0x75ec, 0x75ee, 0x75ef, 0x75f1, 0x75f9, 0x7600, 0x7602, 0x7603, 0x7604, 0x7607, 0x7608,
    0x760a, 0x760c, 0x760f, 0x7612, 0x7613, 0x7615, 0x7616, 0x7619, 0x761b, 0x761c, 0x761d, 0x761e, 0x7623, 0x7625, 0x7626, 0x7629,
    0x762d, 0x7632, 0x7633, 0x7635, 0x7638, 0x7639, 0x763a, 0x763c, 0x764a, 0x7640, 0x7641, 0x7643, 0x7644, 0x7645, 0x7649, 0x764b,
    0x7655, 0x7659, 0x765f, 0x7664, 0x7665, 0x766d, 0x766e, 0x766f, 0x7671, 0x7674, 0x7681, 0x7685, 0x768c, 0x768d, 0x7695, 0x769b,
    0x769c, 0x769d, 0x769f, 0x76a0, 0x76a2, 0x76a3, 0x76a4, 0x76a5, 0x76a6, 0x76a7, 0x76a8, 0x76aa, 0x76ad, 0x76bd, 0x76c1, 0x76c5,
    0x76c9, 0x76cb, 0x76cc, 0x76ce, 0x76d4, 0x76d9, 0x76e0, 0x76e6, 0x76e8, 0x76ec, 0x76f0, 0x76f1, 0x76f6, 0x76f9, 0x76fc, 0x7700,
    0x7706, 0x770a, 0x770e, 0x7712, 0x7714, 0x7715, 0x7717, 0x7719, 0x771a, 0x771c, 0x7722, 0x7728, 0x772d, 0x772e, 0x772f, 0x7734,
    0x7735, 0x7736, 0x7739, 0x773d, 0x773e, 0x7742, 0x7745, 0x7746, 0x774a, 0x774d, 0x774e, 0x774f, 0x7752, 0x7756, 0x7757, 0x775c,
    0x775e, 0x775f, 0x7760, 0x7762, 0x7764, 0x7767, 0x776a, 0x776c, 0x7770, 0x7772, 0x7773, 0x7774, 0x777a, 0x777d, 0x7780, 0x7784,
    0x778c, 0x778d, 0x7794, 0x7795, 0x7796, 0x779a, 0x779f, 0x77a2, 0x77a7, 0x77aa, 0x77ae, 0x77af, 0x77b1, 0x77b5, 0x77be, 0x77c3,
    0x77c9, 0x77d1, 0x77d2, 0x77d5, 0x77d9, 0x77de, 0x77df, 0x77e0, 0x77e4, 0x77e6, 0x77ea, 0x77ec, 0x77f0, 0x77f1, 0x77f4, 0x77f8,
    0x77fb, 0x7805, 0x7806, 0x7809, 0x780d, 0x780e, 0x7811, 0x781d, 0x7821, 0x7822, 0x7823, 0x782d, 0x782e, 0x7830, 0x7835, 0x7837,
    0x7843, 0x7844, 0x7847, 0x7848, 0x784c, 0x784e, 0x7852, 0x785c, 0x785e, 0x7860, 0x7861, 0x7863, 0x7864, 0x7868, 0x786a, 0x786e,
    0x787a, 0x787e, 0x788a, 0x788f, 0x7894, 0x7898, 0x78a1, 0x789d, 0x789e, 0x789f, 0x78a4, 0x78a8, 0x78ac, 0x78ad, 0x78b0, 0x78b1,
    0x78b2, 0x78b3, 0x78bb, 0x78bd, 0x78bf, 0x78c7, 0x78c8, 0x78c9, 0x78cc, 0x78ce, 0x78d2, 0x78d3, 0x78d5, 0x78d6, 0x78e4, 0x78db,
    0x78df, 0x78e0, 0x78e1, 0x78e6, 0x78ea, 0x78f2, 0x78f3, 0x7900, 0x78f6, 0x78f7, 0x78fa, 0x78fb, 0x78ff, 0x7906, 0x790c, 0x7910,
    0x791a, 0x791c, 0x791e, 0x791f, 0x7920, 0x7925, 0x7927, 0x7929, 0x792d, 0x7931, 0x7934, 0x7935, 0x793b, 0x793d, 0x793f, 0x7944,
    0x7945, 0x7946, 0x794a, 0x794b, 0x794f, 0x7951, 0x7954, 0x7958, 0x795b, 0x795c, 0x7967, 0x7969, 0x796b, 0x7972, 0x7979, 0x797b,
    0x797c, 0x797e, 0x798b, 0x798c, 0x7991, 0x7993, 0x7994, 0x7995, 0x7996, 0x7998, 0x799b, 0x799c, 0x79a1, 0x79a8, 0x79a9, 0x79ab,
    0x79af, 0x79b1, 0x79b4, 0x79b8, 0x79bb, 0x79c2, 0x79c4, 0x79c7, 0x79c8, 0x79ca, 0x79cf, 0x79d4, 0x79d6, 0x79da, 0x79dd, 0x79de,
    0x79e0, 0x79e2, 0x79e5, 0x79ea, 0x79eb, 0x79ed, 0x79f1, 0x79f8, 0x79fc, 0x7a02, 0x7a03, 0x7a07, 0x7a09, 0x7a0a, 0x7a0c, 0x7a11,
    0x7a15, 0x7a1b, 0x7a1e, 0x7a21, 0x7a27, 0x7a2b, 0x7a2d, 0x7a2f, 0x7a30, 0x7a34, 0x7a35, 0x7a38, 0x7a39, 0x7a3a, 0x7a44, 0x7a45,
    0x7a47, 0x7a48, 0x7a4c, 0x7a55, 0x7a56, 0x7a59, 0x7a5c, 0x7a5d, 0x7a5f, 0x7a60, 0x7a65, 0x7a67, 0x7a6a, 0x7a6d, 0x7a75, 0x7a78,
    0x7a7e, 0x7a80, 0x7a82, 0x7a85, 0x7a86, 0x7a8a, 0x7a8b, 0x7a90, 0x7a91, 0x7a94, 0x7a9e, 0x7aa0, 0x7aa3, 0x7aac, 0x7ab3, 0x7ab5,
    0x7ab9, 0x7abb, 0x7abc, 0x7ac6, 0x7ac9, 0x7acc, 0x7ace, 0x7ad1, 0x7adb, 0x7ae8, 0x7ae9, 0x7aeb, 0x7aec, 0x7af1, 0x7af4, 0x7afb,
    0x7afd, 0x7afe, 0x7b07, 0x7b14, 0x7b1f, 0x7b23, 0x7b27, 0x7b29, 0x7b2a, 0x7b2b, 0x7b2d, 0x7b2e, 0x7b2f, 0x7b30, 0x7b31, 0x7b34,
    0x7b3d, 0x7b3f, 0x7b40, 0x7b41, 0x7b47, 0x7b4e, 0x7b55, 0x7b60, 0x7b64, 0x7b66, 0x7b69, 0x7b6a, 0x7b6d, 0x7b6f, 0x7b72, 0x7b73,
    0x7b77, 0x7b84, 0x7b89, 0x7b8e, 0x7b90, 0x7b91, 0x7b96, 0x7b9b, 0x7b9e, 0x7ba0, 0x7ba5, 0x7bac, 0x7baf, 0x7bb0, 0x7bb2, 0x7bb5,
    0x7bb6, 0x7bba, 0x7bbb, 0x7bbc, 0x7bbd, 0x7bc2, 0x7bc5, 0x7bc8, 0x7bca, 0x7bd4, 0x7bd6, 0x7bd7, 0x7bd9, 0x7bda, 0x7bdb, 0x7be8,
    0x7bea, 0x7bf2, 0x7bf4, 0x7bf5, 0x7bf8, 0x7bf9, 0x7bfa, 0x7bfc, 0x7bfe, 0x7c01, 0x7c02, 0x7c03, 0x7c04, 0x7c06, 0x7c09, 0x7c0b,
    0x7c0c, 0x7c0e, 0x7c0f, 0x7c19, 0x7c1b, 0x7c20, 0x7c25, 0x7c26, 0x7c28, 0x7c2c, 0x7c31, 0x7c33, 0x7c34, 0x7c36, 0x7c39, 0x7c3a,
    0x7c46, 0x7c4a, 0x7c55, 0x7c51, 0x7c52, 0x7c53, 0x7c59, 0x7c5a, 0x7c5b, 0x7c5c, 0x7c5d, 0x7c5e, 0x7c61, 0x7c63, 0x7c67, 0x7c69,
    0x7c6d, 0x7c6e, 0x7c70, 0x7c72, 0x7c79, 0x7c7c, 0x7c7d, 0x7c86, 0x7c87, 0x7c8f, 0x7c94, 0x7c9e, 0x7ca0, 0x7ca6, 0x7cb0, 0x7cb6,
    0x7cb7, 0x7cba, 0x7cbb, 0x7cbc, 0x7cbf, 0x7cc4, 0x7cc7, 0x7cc8, 0x7cc9, 0x7ccd, 0x7ccf, 0x7cd3, 0x7cd4, 0x7cd5, 0x7cd7, 0x7cd9,
    0x7cda, 0x7cdd, 0x7ce6, 0x7ce9, 0x7ceb, 0x7cf5, 0x7d03, 0x7d07, 0x7d08, 0x7d09, 0x7d0f, 0x7d11, 0x7d12, 0x7d13, 0x7d16, 0x7d1d,
    0x7d1e, 0x7d23, 0x7d26, 0x7d2a, 0x7d2d, 0x7d31, 0x7d3c, 0x7d3d, 0x7d3e, 0x7d40, 0x7d41, 0x7d47, 0x7d48, 0x7d4d, 0x7d51, 0x7d53,
    0x7d57, 0x7d59, 0x7d5a, 0x7d5c, 0x7d5d, 0x7d65, 0x7d67, 0x7d6a, 0x7d70, 0x7d78, 0x7d7a, 0x7d7b, 0x7d7f, 0x7d81, 0x7d82, 0x7d83,
    0x7d85, 0x7d86, 0x7d88, 0x7d8b, 0x7d8c, 0x7d8d, 0x7d91, 0x7d96, 0x7d97, 0x7d9d, 0x7d9e, 0x7da6, 0x7da7, 0x7daa, 0x7db3, 0x7db6,
    0x7db7, 0x7db9, 0x7dc2, 0x7dc3, 0x7dc4, 0x7dc5, 0x7dc6, 0x7dcc, 0x7dcd, 0x7dce, 0x7dd7, 0x7dd9, 0x7e00, 0x7de2, 0x7de5, 0x7de6,
    0x7dea, 0x7deb, 0x7ded, 0x7df1, 0x7df5, 0x7df6, 0x7df9, 0x7dfa, 0x7e08, 0x7e10, 0x7e11, 0x7e15, 0x7e17, 0x7e1c, 0x7e1d, 0x7e20,
    0x7e27, 0x7e28, 0x7e2c, 0x7e2d, 0x7e2f, 0x7e33, 0x7e36, 0x7e3f, 0x7e44, 0x7e45, 0x7e47, 0x7e4e, 0x7e50, 0x7e52, 0x7e58, 0x7e5f,
    0x7e61, 0x7e62, 0x7e65, 0x7e6b, 0x7e6e, 0x7e6f, 0x7e73, 0x7e78, 0x7e7e, 0x7e81, 0x7e86, 0x7e87, 0x7e8a, 0x7e8d, 0x7e91, 0x7e95,
    0x7e98, 0x7e9a, 0x7e9d, 0x7e9e, 0x7f3c, 0x7f3b, 0x7f3d, 0x7f3e, 0x7f3f, 0x7f43, 0x7f44, 0x7f47, 0x7f4f, 0x7f52, 0x7f53, 0x7f5b,
    0x7f5c, 0x7f5d, 0x7f61, 0x7f63, 0x7f64, 0x7f65, 0x7f66, 0x7f6d, 0x7f71, 0x7f7d, 0x7f7e, 0x7f7f, 0x7f80, 0x7f8b, 0x7f8d, 0x7f8f,
    0x7f90, 0x7f91, 0x7f96, 0x7f97, 0x7f9c, 0x7fa1, 0x7fa2, 0x7fa6, 0x7faa, 0x7fad, 0x7fb4, 0x7fbc, 0x7fbf, 0x7fc0, 0x7fc3, 0x7fc8,
    0x7fce, 0x7fcf, 0x7fdb, 0x7fdf, 0x7fe3, 0x7fe5, 0x7fe8, 0x7fec, 0x7fee, 0x7fef, 0x7ff2, 0x7ffa, 0x7ffd, 0x7ffe, 0x7fff, 0x8007,
    0x8008, 0x800a, 0x800d, 0x800e, 0x800f, 0x8011, 0x8013, 0x8014, 0x8016, 0x801d, 0x801e, 0x801f, 0x8020, 0x8024, 0x8026, 0x802c,
    0x802e, 0x8030, 0x8034, 0x8035, 0x8037, 0x8039, 0x803a, 0x803c, 0x803e, 0x8040, 0x8044, 0x8060, 0x8064, 0x8066, 0x806d, 0x8071,
    0x8075, 0x8081, 0x8088, 0x808e, 0x809c, 0x809e, 0x80a6, 0x80a7, 0x80ab, 0x80b8, 0x80b9, 0x80c8, 0x80cd, 0x80cf, 0x80d2, 0x80d4,
    0x80d5, 0x80d7, 0x80d8, 0x80e0, 0x80ed, 0x80ee, 0x80f0, 0x80f2, 0x80f3, 0x80f6, 0x80f9, 0x80fa, 0x80fe, 0x8103, 0x810b, 0x8116,
    0x8117, 0x8118, 0x811c, 0x811e, 0x8120, 0x8124, 0x8127, 0x812c, 0x8130, 0x8135, 0x813a, 0x813c, 0x8145, 0x8147, 0x814a, 0x814c,
    0x8152, 0x8157, 0x8160, 0x8161, 0x8167, 0x8168, 0x8169, 0x816d, 0x816f, 0x8177, 0x8181, 0x8190, 0x8184, 0x8185, 0x8186, 0x818b,
    0x818e, 0x8196, 0x8198, 0x819b, 0x819e, 0x81a2, 0x81ae, 0x81b2, 0x81b4, 0x81bb, 0x81cb, 0x81c3, 0x81c5, 0x81ca, 0x81ce, 0x81cf,
    0x81d5, 0x81d7, 0x81db, 0x81dd, 0x81de, 0x81e1, 0x81e4, 0x81eb, 0x81ec, 0x81f0, 0x81f1, 0x81f2, 0x81f5, 0x81f6, 0x81f8, 0x81f9,
    0x81fd, 0x81ff, 0x8200, 0x8203, 0x820f, 0x8213, 0x8214, 0x8219, 0x821a, 0x821d, 0x8221, 0x8222, 0x8228, 0x8232, 0x8234, 0x823a,
    0x8243, 0x8244, 0x8245, 0x8246, 0x824b, 0x824e, 0x824f, 0x8251, 0x8256, 0x825c, 0x8260, 0x8263, 0x8267, 0x826d, 0x8274, 0x827b,
    0x827d, 0x827f, 0x8280, 0x8281, 0x8283, 0x8284, 0x8287, 0x8289, 0x828a, 0x828e, 0x8291, 0x8294, 0x8296, 0x8298, 0x829a, 0x829b,
    0x82a0, 0x82a1, 0x82a3, 0x82a4, 0x82a7, 0x82a8, 0x82a9, 0x82aa, 0x82ae, 0x82b0, 0x82b2, 0x82b4, 0x82b7, 0x82ba, 0x82bc, 0x82be,
    0x82bf, 0x82c6, 0x82d0, 0x82d5, 0x82da, 0x82e0, 0x82e2, 0x82e4, 0x82e8, 0x82ea, 0x82ed, 0x82ef, 0x82f6, 0x82f7, 0x82fd, 0x82fe,
    0x8300, 0x8301, 0x8307, 0x8308, 0x830a, 0x830b, 0x8354, 0x831b, 0x831d, 0x831e, 0x831f, 0x8321, 0x8322, 0x832c, 0x832d, 0x832e,
    0x8330, 0x8333, 0x8337, 0x833a, 0x833c, 0x833d, 0x8342, 0x8343, 0x8344, 0x8347, 0x834d, 0x834e, 0x8351, 0x8355, 0x8356, 0x8357,
    0x8370, 0x8378, 0x837d, 0x837f, 0x8380, 0x8382, 0x8384, 0x8386, 0x838d, 0x8392, 0x8394, 0x8395, 0x8398, 0x8399, 0x839b, 0x839c,
    0x839d, 0x83a6, 0x83a7, 0x83a9, 0x83ac, 0x83be, 0x83bf, 0x83c0, 0x83c7, 0x83c9, 0x83cf, 0x83d0, 0x83d1, 0x83d4, 0x83dd, 0x8353,
    0x83e8, 0x83ea, 0x83f6, 0x83f8, 0x83f9, 0x83fc, 0x8401, 0x8406, 0x840a, 0x840f, 0x8411, 0x8415, 0x8419, 0x83ad, 0x842f, 0x8439,
    0x8445, 0x8447, 0x8448, 0x844a, 0x844d, 0x844f, 0x8451, 0x8452, 0x8456, 0x8458, 0x8459, 0x845a, 0x845c, 0x8460, 0x8464, 0x8465,
    0x8467, 0x846a, 0x8470, 0x8473, 0x8474, 0x8476, 0x8478, 0x847c, 0x847d, 0x8481, 0x8485, 0x8492, 0x8493, 0x8495, 0x849e, 0x84a6,
    0x84a8, 0x84a9, 0x84aa, 0x84af, 0x84b1, 0x84b4, 0x84ba, 0x84bd, 0x84be, 0x84c0, 0x84c2, 0x84c7, 0x84c8, 0x84cc, 0x84cf, 0x84d3,
    0x84dc, 0x84e7, 0x84ea, 0x84ef, 0x84f0, 0x84f1, 0x84f2, 0x84f7, 0x8532, 0x84fa, 0x84fb, 0x84fd, 0x8502, 0x8503, 0x8507, 0x850c,
    0x850e, 0x8510, 0x851c, 0x851e, 0x8522, 0x8523, 0x8524, 0x8525, 0x8527, 0x852a, 0x852b, 0x852f, 0x8533, 0x8534, 0x8536, 0x853f,
    0x8546, 0x854f, 0x8550, 0x8551, 0x8552, 0x8553, 0x8556, 0x8559, 0x855c, 0x855d, 0x855e, 0x855f, 0x8560, 0x8561, 0x8562, 0x8564,
    0x856b, 0x856f, 0x8579, 0x857a, 0x857b, 0x857d, 0x857f, 0x8581, 0x8585, 0x8586, 0x8589, 0x858b, 0x858c, 0x858f, 0x8593, 0x8598,
    0x859d, 0x859f, 0x85a0, 0x85a2, 0x85a5, 0x85a7, 0x85b4, 0x85b6, 0x85b7, 0x85b8, 0x85bc, 0x85bd, 0x85be, 0x85bf, 0x85c2, 0x85c7,
    0x85ca, 0x85cb, 0x85ce, 0x85ad, 0x85d8, 0x85da, 0x85df, 0x85e0, 0x85e6, 0x85e8, 0x85ed, 0x85f3, 0x85f6, 0x85fc, 0x85ff, 0x8600,
    0x8604, 0x8605, 0x860d, 0x860e, 0x8610, 0x8611, 0x8612, 0x8618, 0x8619, 0x861b, 0x861e, 0x8621, 0x8627, 0x8629, 0x8636, 0x8638,
    0x863a, 0x863c, 0x863d, 0x8640, 0x8642, 0x8646, 0x8652, 0x8653, 0x8656, 0x8657, 0x8658, 0x8659, 0x865d, 0x8660, 0x8661, 0x8662,
    0x8663, 0x8664, 0x8669, 0x866c, 0x866f, 0x8675, 0x8676, 0x8677, 0x867a, 0x868d, 0x8691, 0x8696, 0x8698, 0x869a, 0x869c, 0x86a1,
    0x86a6, 0x86a7, 0x86a8, 0x86ad, 0x86b1, 0x86b3, 0x86b4, 0x86b5, 0x86b7, 0x86b8, 0x86b9, 0x86bf, 0x86c0, 0x86c1, 0x86c3, 0x86c5,
    0x86d1, 0x86d2, 0x86d5, 0x86d7, 0x86da, 0x86dc, 0x86e0, 0x86e3, 0x86e5, 0x86e7, 0x8688, 0x86fa, 0x86fc, 0x86fd, 0x8704, 0x8705,
    0x8707, 0x870b, 0x870e, 0x870f, 0x8710, 0x8713, 0x8714, 0x8719, 0x871e, 0x871f, 0x8721, 0x8723, 0x8728, 0x872e, 0x872f, 0x8731,
    0x8732, 0x8739, 0x873a, 0x873c, 0x873d, 0x873e, 0x8740, 0x8743, 0x8745, 0x874d, 0x8758, 0x875d, 0x8761, 0x8764, 0x8765, 0x876f,
    0x8771, 0x8772, 0x877b, 0x8783, 0x8784, 0x8785, 0x8786, 0x8787, 0x8788, 0x8789, 0x878b, 0x878c, 0x8790, 0x8793, 0x8795, 0x8797,
    0x8798, 0x8799, 0x879e, 0x87a0, 0x87a3, 0x87a7, 0x87ac, 0x87ad, 0x87ae, 0x87b1, 0x87b5, 0x87be, 0x87bf, 0x87c1, 0x87c8, 0x87c9,
    0x87ca, 0x87ce, 0x87d5, 0x87d6, 0x87d9, 0x87da, 0x87dc, 0x87df, 0x87e2, 0x87e3, 0x87e4, 0x87ea, 0x87eb, 0x87ed, 0x87f1, 0x87f3,
    0x87f8, 0x87fa, 0x87ff, 0x8801, 0x8803, 0x8806, 0x8809, 0x880a, 0x880b, 0x8810, 0x8819, 0x8812, 0x8813, 0x8814, 0x8818, 0x881a,
    0x881b, 0x881c, 0x881e, 0x881f, 0x8828, 0x882d, 0x882e, 0x8830, 0x8832, 0x8835, 0x883a, 0x883c, 0x8841, 0x8843, 0x8845, 0x8848,
    0x8849, 0x884a, 0x884b, 0x884e, 0x8851, 0x8855, 0x8856, 0x8858, 0x885a, 0x885c, 0x885f, 0x8860, 0x8864, 0x8869, 0x8871, 0x8879,
    0x887b, 0x8880, 0x8898, 0x889a, 0x889b, 0x889c, 0x889f, 0x88a0, 0x88a8, 0x88aa, 0x88ba, 0x88bd, 0x88be, 0x88c0, 0x88ca, 0x88cb,
    0x88cc, 0x88cd, 0x88ce, 0x88d1, 0x88d2, 0x88d3, 0x88db, 0x88de, 0x88e7, 0x88ef, 0x88f0, 0x88f1, 0x88f5, 0x88f7, 0x8901, 0x8906,
    0x890d, 0x890e, 0x890f, 0x8915, 0x8916, 0x8918, 0x8919, 0x891a, 0x891c, 0x8920, 0x8926, 0x8927, 0x8928, 0x8930, 0x8931, 0x8932,
    0x8935, 0x8939, 0x893a, 0x893e, 0x8940, 0x8942, 0x8945, 0x8946, 0x8949, 0x894f, 0x8952, 0x8957, 0x895a, 0x895b, 0x895c, 0x8961,
    0x8962, 0x8963, 0x896b, 0x896e, 0x8970, 0x8973, 0x8975, 0x897a, 0x897b, 0x897c, 0x897d, 0x8989, 0x898d, 0x8990, 0x8994, 0x8995,
    0x899b, 0x899c, 0x899f, 0x89a0, 0x89a5, 0x89b0, 0x89b4, 0x89b5, 0x89b6, 0x89b7, 0x89bc, 0x89d4, 0x89d5, 0x89d6, 0x89d7, 0x89d8,
    0x89e5, 0x89e9, 0x89eb, 0x89ed, 0x89f1, 0x89f3, 0x89f6, 0x89f9, 0x89fd, 0x89ff, 0x8a04, 0x8a05, 0x8a07, 0x8a0f, 0x8a11, 0x8a12,
    0x8a14, 0x8a15, 0x8a1e, 0x8a20, 0x8a22, 0x8a24, 0x8a26, 0x8a2b, 0x8a2c, 0x8a2f, 0x8a35, 0x8a37, 0x8a3d, 0x8a3e, 0x8a40, 0x8a43,
    0x8a45, 0x8a47, 0x8a49, 0x8a4d, 0x8a4e, 0x8a53, 0x8a56, 0x8a57, 0x8a58, 0x8a5c, 0x8a5d, 0x8a61, 0x8a65, 0x8a67, 0x8a75, 0x8a76,
    0x8a77, 0x8a79, 0x8a7a, 0x8a7b, 0x8a7e, 0x8a7f, 0x8a80, 0x8a83, 0x8a86, 0x8a8b, 0x8a8f, 0x8a90, 0x8a92, 0x8a96, 0x8a97, 0x8a99,
    0x8a9f, 0x8aa7, 0x8aa9, 0x8aae, 0x8aaf, 0x8ab3, 0x8ab6, 0x8ab7, 0x8abb, 0x8abe, 0x8ac3, 0x8ac6, 0x8ac8, 0x8ac9, 0x8aca, 0x8ad1,
    0x8ad3, 0x8ad4, 0x8ad5, 0x8ad7, 0x8add, 0x8adf, 0x8aec, 0x8af0, 0x8af4, 0x8af5, 0x8af6, 0x8afc, 0x8aff, 0x8b05, 0x8b06, 0x8b0b,
    0x8b11, 0x8b1c, 0x8b1e, 0x8b1f, 0x8b0a, 0x8b2d, 0x8b30, 0x8b37, 0x8b3c, 0x8b42, 0x8b43, 0x8b44, 0x8b45, 0x8b46, 0x8b48, 0x8b52,
    0x8b53, 0x8b54, 0x8b59, 0x8b4d, 0x8b5e, 0x8b63, 0x8b6d, 0x8b76, 0x8b78, 0x8b79, 0x8b7c, 0x8b7e, 0x8b81, 0x8b84, 0x8b85, 0x8b8b,
    0x8b8d, 0x8b8f, 0x8b94, 0x8b95, 0x8b9c, 0x8b9e, 0x8b9f, 0x8c38, 0x8c39, 0x8c3d, 0x8c3e, 0x8c45, 0x8c47, 0x8c49, 0x8c4b, 0x8c4f,
    0x8c51, 0x8c53, 0x8c54, 0x8c57, 0x8c58, 0x8c5b, 0x8c5d, 0x8c59, 0x8c63, 0x8c64, 0x8c66, 0x8c68, 0x8c69, 0x8c6d, 0x8c73, 0x8c75,
    0x8c76, 0x8c7b, 0x8c7e, 0x8c86, 0x8c87, 0x8c8b, 0x8c90, 0x8c92, 0x8c93, 0x8c99, 0x8c9b, 0x8c9c, 0x8ca4, 0x8cb9, 0x8cba, 0x8cc5,
    0x8cc6, 0x8cc9, 0x8ccb, 0x8ccf, 0x8cd6, 0x8cd5, 0x8cd9, 0x8cdd, 0x8ce1, 0x8ce8, 0x8cec, 0x8cef, 0x8cf0, 0x8cf2, 0x8cf5, 0x8cf7,
    0x8cf8, 0x8cfe, 0x8cff, 0x8d01, 0x8d03, 0x8d09, 0x8d12, 0x8d17, 0x8d1b, 0x8d65, 0x8d69, 0x8d6c, 0x8d6e, 0x8d7f, 0x8d82, 0x8d84,
    0x8d88, 0x8d8d, 0x8d90, 0x8d91, 0x8d95, 0x8d9e, 0x8d9f, 0x8da0, 0x8da6, 0x8dab, 0x8dac, 0x8daf, 0x8db2, 0x8db5, 0x8db7, 0x8db9,
    0x8dbb, 0x8dc0, 0x8dc5, 0x8dc6, 0x8dc7, 0x8dc8, 0x8dca, 0x8dce, 0x8dd1, 0x8dd4, 0x8dd5, 0x8dd7, 0x8dd9, 0x8de4, 0x8de5, 0x8de7,
    0x8dec, 0x8df0, 0x8dbc, 0x8df1, 0x8df2, 0x8df4, 0x8dfd, 0x8e01, 0x8e04, 0x8e05, 0x8e06, 0x8e0b, 0x8e11, 0x8e14, 0x8e16, 0x8e20,
    0x8e21, 0x8e22, 0x8e23, 0x8e26, 0x8e27, 0x8e31, 0x8e33, 0x8e36, 0x8e37, 0x8e38, 0x8e39, 0x8e3d, 0x8e40, 0x8e41, 0x8e4b, 0x8e4d,
    0x8e4e, 0x8e4f, 0x8e54, 0x8e5b, 0x8e5c, 0x8e5d, 0x8e5e, 0x8e61, 0x8e62, 0x8e69, 0x8e6c, 0x8e6d, 0x8e6f, 0x8e70, 0x8e71, 0x8e79,
    0x8e7a, 0x8e7b, 0x8e82, 0x8e83, 0x8e89, 0x8e90, 0x8e92, 0x8e95, 0x8e9a, 0x8e9b, 0x8e9d, 0x8e9e, 0x8ea2, 0x8ea7, 0x8ea9, 0x8ead,
    0x8eae, 0x8eb3, 0x8eb5, 0x8eba, 0x8ebb, 0x8ec0, 0x8ec1, 0x8ec3, 0x8ec4, 0x8ec7, 0x8ecf, 0x8ed1, 0x8ed4, 0x8edc, 0x8ee8, 0x8eee,
    0x8ef0, 0x8ef1, 0x8ef7, 0x8ef9, 0x8efa, 0x8eed, 0x8f00, 0x8f02, 0x8f07, 0x8f08, 0x8f0f, 0x8f10, 0x8f16, 0x8f17, 0x8f18, 0x8f1e,
    0x8f20, 0x8f21, 0x8f23, 0x8f25, 0x8f27, 0x8f28, 0x8f2c, 0x8f2d, 0x8f2e, 0x8f34, 0x8f35, 0x8f36, 0x8f37, 0x8f3a, 0x8f40, 0x8f41,
    0x8f43, 0x8f47, 0x8f4f, 0x8f51, 0x8f52, 0x8f53, 0x8f54, 0x8f55, 0x8f58, 0x8f5d, 0x8f5e, 0x8f65, 0x8f9d, 0x8fa0, 0x8fa1, 0x8fa4,
    0x8fa5, 0x8fa6, 0x8fb5, 0x8fb6, 0x8fb8, 0x8fbe, 0x8fc0, 0x8fc1, 0x8fc6, 0x8fca, 0x8fcb, 0x8fcd, 0x8fd0, 0x8fd2, 0x8fd3, 0x8fd5,
    0x8fe0, 0x8fe3, 0x8fe4, 0x8fe8, 0x8fee, 0x8ff1, 0x8ff5, 0x8ff6, 0x8ffb, 0x8ffe, 0x9002, 0x9004, 0x9008, 0x900c, 0x9018, 0x901b,
    0x9028, 0x9029, 0x902f, 0x902a, 0x902c, 0x902d, 0x9033, 0x9034, 0x9037, 0x903f, 0x9043, 0x9044, 0x904c, 0x905b, 0x905d, 0x9062,
    0x9066, 0x9067, 0x906c, 0x9070, 0x9074, 0x9079, 0x9085, 0x9088, 0x908b, 0x908c, 0x908e, 0x9090, 0x9095, 0x9097, 0x9098, 0x9099,
    0x909b, 0x90a0, 0x90a1, 0x90a2, 0x90a5, 0x90b0, 0x90b2, 0x90b3, 0x90b4, 0x90b6, 0x90bd, 0x90cc, 0x90be, 0x90c3, 0x90c4, 0x90c5,
    0x90c7, 0x90c8, 0x90d5, 0x90d7, 0x90d8, 0x90d9, 0x90dc, 0x90dd, 0x90df, 0x90e5, 0x90d2, 0x90f6, 0x90eb, 0x90ef, 0x90f0, 0x90f4,
    0x90fe, 0x90ff, 0x9100, 0x9104, 0x9105, 0x9106, 0x9108, 0x910d, 0x9110, 0x9114, 0x9116, 0x9117, 0x9118, 0x911a, 0x911c, 0x911e,
    0x9120, 0x9125, 0x9122, 0x9123, 0x9127, 0x9129, 0x912e, 0x912f, 0x9131, 0x9134, 0x9136, 0x9137, 0x9139, 0x913a, 0x913c, 0x913d,
    0x9143, 0x9147, 0x9148, 0x914f, 0x9153, 0x9157, 0x9159, 0x915a, 0x915b, 0x9161, 0x9164, 0x9167, 0x916d, 0x9174, 0x9179, 0x917a,
    0x917b, 0x9181, 0x9183, 0x9185, 0x9186, 0x918a, 0x918e, 0x9191, 0x9193, 0x9194, 0x9195, 0x9198, 0x919e, 0x91a1, 0x91a6, 0x91a8,
    0x91ac, 0x91ad, 0x91ae, 0x91b0, 0x91b1, 0x91b2, 0x91b3, 0x91b6, 0x91bb, 0x91bc, 0x91bd, 0x91bf, 0x91c2, 0x91c3, 0x91c5, 0x91d3,
    0x91d4, 0x91d7, 0x91d9, 0x91da, 0x91de, 0x91e4, 0x91e5, 0x91e9, 0x91ea, 0x91ec, 0x91ed, 0x91ee, 0x91ef, 0x91f0, 0x91f1, 0x91f7,
    0x91f9, 0x91fb, 0x91fd, 0x9200, 0x9201, 0x9204, 0x9205, 0x9206, 0x9207, 0x9209, 0x920a, 0x920c, 0x9210, 0x9212, 0x9213, 0x9216,
    0x9218, 0x921c, 0x921d, 0x9223, 0x9224, 0x9225, 0x9226, 0x9228, 0x922e, 0x922f, 0x9230, 0x9233, 0x9235, 0x9236, 0x9238, 0x9239,
    0x923a, 0x923c, 0x923e, 0x9240, 0x9242, 0x9243, 0x9246, 0x9247, 0x924a, 0x924d, 0x924e, 0x924f, 0x9251, 0x9258, 0x9259, 0x925c,
    0x925d, 0x9260, 0x9261, 0x9265, 0x9267, 0x9268, 0x9269, 0x926e, 0x926f, 0x9270, 0x9275, 0x9276, 0x9277, 0x9278, 0x9279, 0x927b,
    0x927c, 0x927d, 0x927f, 0x9288, 0x9289, 0x928a, 0x928d, 0x928e, 0x9292, 0x9297, 0x9299, 0x929f, 0x92a0, 0x92a4, 0x92a5, 0x92a7,
    0x92a8, 0x92ab, 0x92af, 0x92b2, 0x92b6, 0x92b8, 0x92ba, 0x92bb, 0x92bc, 0x92bd, 0x92bf, 0x92c0, 0x92c1, 0x92c2, 0x92c3, 0x92c5,
    0x92c6, 0x92c7, 0x92c8, 0x92cb, 0x92cc, 0x92cd, 0x92ce, 0x92d0, 0x92d3, 0x92d5, 0x92d7, 0x92d8, 0x92d9, 0x92dc, 0x92dd, 0x92df,
    0x92e0, 0x92e1, 0x92e3, 0x92e5, 0x92e7, 0x92e8, 0x92ec, 0x92ee, 0x92f0, 0x92f9, 0x92fb, 0x92ff, 0x9300, 0x9302, 0x9308, 0x930d,
    0x9311, 0x9314, 0x9315, 0x931c, 0x931d, 0x931e, 0x931f, 0x9321, 0x9324, 0x9325, 0x9327, 0x9329, 0x932a, 0x9333, 0x9334, 0x9336,
    0x9337, 0x9347, 0x9348, 0x9349, 0x9350, 0x9351, 0x9352, 0x9355, 0x9357, 0x9358, 0x935a, 0x935e, 0x9364, 0x9365, 0x9367, 0x9369,
    0x936a, 0x936d, 0x936f, 0x9370, 0x9371, 0x9373, 0x9374, 0x9376, 0x937a, 0x937d, 0x937f, 0x9380, 0x9381, 0x9382, 0x9388, 0x938a,
    0x938b, 0x938d, 0x938f, 0x9392, 0x9395, 0x9398, 0x939b, 0x939e, 0x93a1, 0x93a3, 0x93a4, 0x93a6, 0x93a8, 0x93ab, 0x93b4, 0x93b5,
    0x93b6, 0x93ba, 0x93a9, 0x93c1, 0x93c4, 0x93c5, 0x93c6, 0x93c7, 0x93c9, 0x93ca, 0x93cb, 0x93cc, 0x93cd, 0x93d3, 0x93d9, 0x93dc,
    0x93de, 0x93df, 0x93e2, 0x93e6, 0x93e7, 0x93f9, 0x93f7, 0x93f8, 0x93fa, 0x93fb, 0x93fd, 0x9401, 0x9402, 0x9404, 0x9408, 0x9409,
    0x940d, 0x940e, 0x940f, 0x9415, 0x9416, 0x9417, 0x941f, 0x942e, 0x942f, 0x9431, 0x9432, 0x9433, 0x9434, 0x943b, 0x943f, 0x943d,
    0x9443, 0x9445, 0x9448, 0x944a, 0x944c, 0x9455, 0x9459, 0x945c, 0x945f, 0x9461, 0x9463, 0x9468, 0x946b, 0x946d, 0x946e, 0x946f,
    0x9471, 0x9472, 0x9484, 0x9483, 0x9578, 0x9579, 0x957e, 0x9584, 0x9588, 0x958c, 0x958d, 0x958e, 0x959d, 0x959e, 0x959f, 0x95a1,
    0x95a6, 0x95a9, 0x95ab, 0x95ac, 0x95b4, 0x95b6, 0x95ba, 0x95bd, 0x95bf, 0x95c6, 0x95c8, 0x95c9, 0x95cb, 0x95d0, 0x95d1, 0x95d2,
    0x95d3, 0x95d9, 0x95da, 0x95dd, 0x95de, 0x95df, 0x95e0, 0x95e4, 0x95e6, 0x961d, 0x961e, 0x9622, 0x9624, 0x9625, 0x9626, 0x962c,
    0x9631, 0x9633, 0x9637, 0x9638, 0x9639, 0x963a, 0x963c, 0x963d, 0x9641, 0x9652, 0x9654, 0x9656, 0x9657, 0x9658, 0x9661, 0x966e,
    0x9674, 0x967b, 0x967c, 0x967e, 0x967f, 0x9681, 0x9682, 0x9683, 0x9684, 0x9689, 0x9691, 0x9696, 0x969a, 0x969d, 0x969f, 0x96a4,
    0x96a5, 0x96a6, 0x96a9, 0x96ae, 0x96af, 0x96b3, 0x96ba, 0x96ca, 0x96d2, 0x5db2, 0x96d8, 0x96da, 0x96dd, 0x96de, 0x96df, 0x96e9,
    0x96ef, 0x96f1, 0x96fa, 0x9702, 0x9703, 0x9705, 0x9709, 0x971a, 0x971b, 0x971d, 0x9721, 0x9722, 0x9723, 0x9728, 0x9731, 0x9733,
    0x9741, 0x9743, 0x974a, 0x974e, 0x974f, 0x9755, 0x9757, 0x9758, 0x975a, 0x975b, 0x9763, 0x9767, 0x976a, 0x976e, 0x9773, 0x9776,
    0x9777, 0x9778, 0x977b, 0x977d, 0x977f, 0x9780, 0x9789, 0x9795, 0x9796, 0x9797, 0x9799, 0x979a, 0x979e, 0x979f, 0x97a2, 0x97ac,
    0x97ae, 0x97b1, 0x97b2, 0x97b5, 0x97b6, 0x97b8, 0x97b9, 0x97ba, 0x97bc, 0x97be, 0x97bf, 0x97c1, 0x97c4, 0x97c5, 0x97c7, 0x97c9,
    0x97ca, 0x97cc, 0x97cd, 0x97ce, 0x97d0, 0x97d1, 0x97d4, 0x97d7, 0x97d8, 0x97d9, 0x97dd, 0x97de, 0x97e0, 0x97db, 0x97e1, 0x97e4,
    0x97ef, 0x97f1, 0x97f4, 0x97f7, 0x97f8, 0x97fa, 0x9807, 0x980a, 0x9819, 0x980d, 0x980e, 0x9814, 0x9816, 0x981c, 0x981e, 0x9820,
    0x9823, 0x9826, 0x982b, 0x982e, 0x982f, 0x9830, 0x9832, 0x9833, 0x9835, 0x9825, 0x983e, 0x9844, 0x9847, 0x984a, 0x9851, 0x9852,
    0x9853, 0x9856, 0x9857, 0x9859, 0x985a, 0x9862, 0x9863, 0x9865, 0x9866, 0x986a, 0x986c, 0x98ab, 0x98ad, 0x98ae, 0x98b0, 0x98b4,
    0x98b7, 0x98b8, 0x98ba, 0x98bb, 0x98bf, 0x98c2, 0x98c5, 0x98c8, 0x98cc, 0x98e1, 0x98e3, 0x98e5, 0x98e6, 0x98e7, 0x98ea, 0x98f3,
    0x98f6, 0x9902, 0x9907, 0x9908, 0x9911, 0x9915, 0x9916, 0x9917, 0x991a, 0x991b, 0x991c, 0x991f, 0x9922, 0x9926, 0x9927, 0x992b,
    0x9931, 0x9932, 0x9933, 0x9934, 0x9935, 0x9939, 0x993a, 0x993b, 0x993c, 0x9940, 0x9941, 0x9946, 0x9947, 0x9948, 0x994d, 0x994e,
    0x9954, 0x9958, 0x9959, 0x995b, 0x995c, 0x995e, 0x995f, 0x9960, 0x999b, 0x999d, 0x999f, 0x99a6, 0x99b0, 0x99b1, 0x99b2, 0x99b5,
    0x99b9, 0x99ba, 0x99bd, 0x99bf, 0x99c3, 0x99c9, 0x99d3, 0x99d4, 0x99d9, 0x99da, 0x99dc, 0x99de, 0x99e7, 0x99ea, 0x99eb, 0x99ec,
    0x99f0, 0x99f4, 0x99f5, 0x99f9, 0x99fd, 0x99fe, 0x9a02, 0x9a03, 0x9a04, 0x9a0b, 0x9a0c, 0x9a10, 0x9a11, 0x9a16, 0x9a1e, 0x9a20,
    0x9a22, 0x9a23, 0x9a24, 0x9a27, 0x9a2d, 0x9a2e, 0x9a33, 0x9a35, 0x9a36, 0x9a38, 0x9a47, 0x9a41, 0x9a44, 0x9a4a, 0x9a4b, 0x9a4c,
    0x9a4e, 0x9a51, 0x9a54, 0x9a56, 0x9a5d, 0x9aaa, 0x9aac, 0x9aae, 0x9aaf, 0x9ab2, 0x9ab4, 0x9ab5, 0x9ab6, 0x9ab9, 0x9abb, 0x9abe,
    0x9abf, 0x9ac1, 0x9ac3, 0x9ac6, 0x9ac8, 0x9ace, 0x9ad0, 0x9ad2, 0x9ad5, 0x9ad6, 0x9ad7, 0x9adb, 0x9adc, 0x9ae0, 0x9ae4, 0x9ae5,
    0x9ae7, 0x9ae9, 0x9aec, 0x9af2, 0x9af3, 0x9af5, 0x9af9, 0x9afa, 0x9afd, 0x9aff, 0x9b00, 0x9b01, 0x9b02, 0x9b03, 0x9b04, 0x9b05,
    0x9b08, 0x9b09, 0x9b0b, 0x9b0c, 0x9b0d, 0x9b0e, 0x9b10, 0x9b12, 0x9b16, 0x9b19, 0x9b1b, 0x9b1c, 0x9b20, 0x9b26, 0x9b2b, 0x9b2d,
    0x9b33, 0x9b34, 0x9b35, 0x9b37, 0x9b39, 0x9b3a, 0x9b3d, 0x9b48, 0x9b4b, 0x9b4c, 0x9b55, 0x9b56, 0x9b57, 0x9b5b, 0x9b5e, 0x9b61,
    0x9b63, 0x9b65, 0x9b66, 0x9b68, 0x9b6a, 0x9b6b, 0x9b6c, 0x9b6d, 0x9b6e, 0x9b73, 0x9b75, 0x9b77, 0x9b78, 0x9b79, 0x9b7f, 0x9b80,
    0x9b84, 0x9b85, 0x9b86, 0x9b87, 0x9b89, 0x9b8a, 0x9b8b, 0x9b8d, 0x9b8f, 0x9b90, 0x9b94, 0x9b9a, 0x9b9d, 0x9b9e, 0x9ba6, 0x9ba7,
    0x9ba9, 0x9bac, 0x9bb0, 0x9bb1, 0x9bb2, 0x9bb7, 0x9bb8, 0x9bbb, 0x9bbc, 0x9bbe, 0x9bbf, 0x9bc1, 0x9bc7, 0x9bc8, 0x9bce, 0x9bd0,
    0x9bd7, 0x9bd8, 0x9bdd, 0x9bdf, 0x9be5, 0x9be7, 0x9bea, 0x9beb, 0x9bef, 0x9bf3, 0x9bf7, 0x9bf8, 0x9bf9, 0x9bfa, 0x9bfd, 0x9bff,
    0x9c00, 0x9c02, 0x9c0b, 0x9c0f, 0x9c11, 0x9c16, 0x9c18, 0x9c19, 0x9c1a, 0x9c1c, 0x9c1e, 0x9c22, 0x9c23, 0x9c26, 0x9c27, 0x9c28,
    0x9c29, 0x9c2a, 0x9c31, 0x9c35, 0x9c36, 0x9c37, 0x9c3d, 0x9c41, 0x9c43, 0x9c44, 0x9c45, 0x9c49, 0x9c4a, 0x9c4e, 0x9c4f, 0x9c50,
    0x9c53, 0x9c54, 0x9c56, 0x9c58, 0x9c5b, 0x9c5d, 0x9c5e, 0x9c5f, 0x9c63, 0x9c69, 0x9c6a, 0x9c5c, 0x9c6b, 0x9c68, 0x9c6e, 0x9c70,
    0x9c72, 0x9c75, 0x9c77, 0x9c7b, 0x9ce6, 0x9cf2, 0x9cf7, 0x9cf9, 0x9d0b, 0x9d02, 0x9d11, 0x9d17, 0x9d18, 0x9d1c, 0x9d1d, 0x9d1e,
    0x9d2f, 0x9d30, 0x9d32, 0x9d33, 0x9d34, 0x9d3a, 0x9d3c, 0x9d45, 0x9d3d, 0x9d42, 0x9d43, 0x9d47, 0x9d4a, 0x9d53, 0x9d54, 0x9d5f,
    0x9d63, 0x9d62, 0x9d65, 0x9d69, 0x9d6a, 0x9d6b, 0x9d70, 0x9d76, 0x9d77, 0x9d7b, 0x9d7c, 0x9d7e, 0x9d83, 0x9d84, 0x9d86, 0x9d8a,
    0x9d8d, 0x9d8e, 0x9d92, 0x9d93, 0x9d95, 0x9d96, 0x9d97, 0x9d98, 0x9da1, 0x9daa, 0x9dac, 0x9dae, 0x9db1, 0x9db5, 0x9db9, 0x9dbc,
    0x9dbf, 0x9dc3, 0x9dc7, 0x9dc9, 0x9dca, 0x9dd4, 0x9dd5, 0x9dd6, 0x9dd7, 0x9dda, 0x9dde, 0x9ddf, 0x9de0, 0x9de5, 0x9de7, 0x9de9,
    0x9deb, 0x9dee, 0x9df0, 0x9df3, 0x9df4, 0x9dfe, 0x9e0a, 0x9e02, 0x9e07, 0x9e0e, 0x9e10, 0x9e11, 0x9e12, 0x9e15, 0x9e16, 0x9e19,
    0x9e1c, 0x9e1d, 0x9e7a, 0x9e7b, 0x9e7c, 0x9e80, 0x9e82, 0x9e83, 0x9e84, 0x9e85, 0x9e87, 0x9e8e, 0x9e8f, 0x9e96, 0x9e98, 0x9e9b,
    0x9e9e, 0x9ea4, 0x9ea8, 0x9eac, 0x9eae, 0x9eaf, 0x9eb0, 0x9eb3, 0x9eb4, 0x9eb5, 0x9ec6, 0x9ec8, 0x9ecb, 0x9ed5, 0x9edf, 0x9ee4,
    0x9ee7, 0x9eec, 0x9eed, 0x9eee, 0x9ef0, 0x9ef1, 0x9ef2, 0x9ef5, 0x9ef8, 0x9eff, 0x9f02, 0x9f03, 0x9f09, 0x9f0f, 0x9f10, 0x9f11,
    0x9f12, 0x9f14, 0x9f16, 0x9f17, 0x9f19, 0x9f1a, 0x9f1b, 0x9f1f, 0x9f22, 0x9f26, 0x9f2a, 0x9f2b, 0x9f2f, 0x9f31, 0x9f32, 0x9f34,
    0x9f37, 0x9f39, 0x9f3a, 0x9f3c, 0x9f3d, 0x9f3f, 0x9f41, 0x9f43, 0x9f44, 0x9f45, 0x9f46, 0x9f47, 0x9f53, 0x9f55, 0x9f56, 0x9f57,
    0x9f58, 0x9f5a, 0x9f5d, 0x9f5e, 0x9f68, 0x9f69, 0x9f6d, 0x9f6e, 0x9f6f, 0x9f70, 0x9f71, 0x9f73, 0x9f75, 0x9f7a, 0x9f7d, 0x9f8f,
    0x9f90, 0x9f91, 0x9f92, 0x9f94, 0x9f96, 0x9f97, 0x9f9e, 0x9fa1, 0x9fa2, 0x9fa3, 0x9fa5, 0x0000, 0x0000, 0x0000, 0x0000, 0x0000,
    0x0000, 0x0000, 0x0000, 0x0000, 0x0000, 0x0000, 0x0000, 0x0000, 0x0000, 0x0000, 0x0000, 0x0000, 0x0000, 0x0000, 0x0000, 0x0000,
    0x0000, 0x0000, 0x0000, 0x0000, 0x0000, 0x0000, 0x0000, 0x0000, 0x0000, 0x0000, 0x0000, 0x0000, 0x0000, 0x0000, 0x0000, 0x0000,
    0x0000, 0x0000, 0x0000, 0x0000, 0x0000, 0x0000, 0x0000, 0x0000, 0x0000, 0x0000, 0x0000, 0x0000, 0x0000, 0x0000, 0x0000, 0x0000,
    0x0000, 0x0000, 0x0000, 0x0000, 0x0000, 0x0000, 0x0000, 0x0000, 0x0000, 0x0000, 0x0000, 0x0000, 0x0000, 0x0000, 0x0000, 0x0000,
    0x0000, 0x0000, 0x0000, 0x0000, 0x0000, 0x0000, 0x0000, 0x0000, 0x0000, 0x0000, 0x0000, 0x0000, 0x0000, 0x0000, 0x0000, 0x0000,
    0x0000, 0x0000, 0x0000, 0x0000, 0x0000, 0x0000, 0x0000, 0x0000, 0x0000, 0x0000, 0x0000, 0x0000, 0x0000, 0x0000, 0x0000, 0x0000,
    0x0000, 0x0000, 0x0000, 0x0000, 0x0000, 0x0000, 0x0000, 0x0000, 0x0000, 0x0000, 0x0000, 0x0000, 0x0000, 0x0000, 0x0000, 0x0000,
    0x0000, 0x0000, 0x0000, 0x0000, 0x0000, 0x0000, 0x0000, 0x0000, 0x0000, 0x0000, 0x0000, 0x0000, 0x0000, 0x0000, 0x0000, 0x0000,
    0x0000, 0x0000, 0x0000, 0x0000, 0x0000, 0x0000, 0x0000, 0x0000, 0x0000, 0x0000, 0x0000, 0x0000, 0x0000, 0x0000, 0x0000, 0x0000,
    0x0000, 0x0000, 0x0000, 0x0000, 0x0000, 0x0000, 0x0000, 0x0000, 0x0000, 0x0000, 0x0000, 0x0000, 0x0000, 0x0000, 0x0000, 0x0000,
    0x0000, 0x0000, 0x0000, 0x0000, 0x0000, 0x0000, 0x0000, 0x0000, 0x0000, 0x0000, 0x0000, 0x0000, 0x0000, 0x0000, 0x0000, 0x0000,
    0x0000, 0x0000, 0x0000, 0x0000, 0x0000, 0x0000, 0x0000, 0x0000, 0x0000, 0x0000, 0x0000, 0x0000, 0x0000, 0x0000, 0x0000, 0x0000,
    0x0000, 0x0000, 0x0000, 0x0000, 0x0000, 0x0000, 0x0000, 0x0000, 0x0000, 0x0000, 0x0000, 0x0000, 0x0000, 0x0000, 0x0000, 0x0000,
    0x0000, 0x0000, 0x0000, 0x0000, 0x0000, 0x0000, 0x0000, 0x0000, 0x0000, 0x0000, 0x0000, 0x0000, 0x0000, 0x0000, 0x0000, 0x0000,
    0x0000, 0x0000, 0x0000, 0x0000, 0x0000, 0x0000, 0x0000, 0x0000, 0x0000, 0x0000, 0x0000, 0x0000, 0x0000, 0x0000, 0x0000, 0x0000,
    0x0000, 0x0000, 0x0000, 0x0000, 0x0000, 0x0000, 0x0000, 0x0000, 0x0000, 0x0000, 0x0000, 0x0000, 0x0000, 0x0000, 0x0000, 0x0000,
    0x0000, 0x0000, 0x0000, 0x0000, 0x0000, 0x0000, 0x0000, 0x0000, 0x0000, 0x0000, 0x0000, 0x0000, 0x0000, 0x0000, 0x0000, 0x0000,
    0x0000, 0x0000, 0x0000, 0x0000, 0x0000, 0x0000, 0x0000, 0x0000, 0x0000, 0x0000, 0x0000, 0x0000, 0x0000, 0x0000, 0x0000, 0x0000,
    0x0000, 0x0000, 0x0000, 0x0000, 0x0000, 0x0000, 0x0000, 0x0000, 0x0000, 0x0000, 0x0000, 0x0000, 0x0000, 0x0000, 0x0000, 0x0000,
    0x0000, 0x0000, 0x0000, 0x0000, 0x0000, 0x0000, 0x0000, 0x0000, 0x0000, 0x0000, 0x0000, 0x0000, 0x0000, 0x0000, 0x0000, 0x0000,
    0x0000, 0x0000, 0x0000, 0x0000, 0x0000, 0x0000, 0x0000, 0x0000, 0x0000, 0x0000, 0x0000, 0x0000, 0x0000, 0x0000, 0x0000, 0x0000,
    0x0000, 0x0000, 0x0000, 0x0000, 0x0000, 0x0000, 0x0000, 0x0000, 0x0000, 0x0000, 0x0000, 0x0000, 0x0000, 0x0000, 0x0000, 0x0000,
    0x0000, 0x0000, 0x0000, 0x0000, 0x0000, 0x0000, 0x0000, 0x0000, 0x0000, 0x0000, 0x0000, 0x0000, 0x0000, 0x0000, 0x0000, 0x0000,
    0x0000, 0x0000, 0x0000, 0x0000, 0x0000, 0x0000, 0x0000, 0x0000, 0x0000, 0x0000, 0x0000, 0x0000, 0x0000, 0x0000, 0x0000, 0x0000,
    0x0000, 0x0000, 0x0000, 0x0000, 0x0000, 0x0000, 0x0000, 0x0000, 0x0000, 0x0000, 0x0000, 0x0000, 0x0000, 0x0000, 0x0000, 0x0000,
    0x0000, 0x0000, 0x0000, 0x0000, 0x0000, 0x0000, 0x0000, 0x0000, 0x0000, 0x0000, 0x0000, 0x0000, 0x0000, 0x0000, 0x0000, 0x0000,
    0x0000, 0x0000, 0x0000, 0x0000, 0x0000, 0x0000, 0x0000, 0x0000, 0x0000, 0x0000, 0x0000, 0x0000, 0x0000, 0x0000, 0x0000, 0x0000,
    0x0000, 0x0000, 0x0000, 0x0000, 0x0000, 0x0000, 0x0000, 0x0000, 0x0000, 0x0000, 0x0000, 0x0000, 0x0000, 0x0000, 0x0000, 0x0000,
    0x0000, 0x0000, 0x0000, 0x0000, 0x0000, 0x0000, 0x0000, 0x0000, 0x0000, 0x0000, 0x0000, 0x0000, 0x0000, 0x0000, 0x0000, 0x0000,
    0x0000, 0x0000, 0x0000, 0x0000, 0x0000, 0x0000, 0x0000, 0x0000, 0x0000, 0x0000, 0x0000, 0x0000, 0x0000, 0x0000, 0x0000, 0x0000,
    0x0000, 0x0000, 0x0000, 0x0000, 0x0000, 0x0000, 0x0000, 0x0000, 0x0000, 0x0000, 0x0000, 0x0000, 0x0000, 0x0000, 0x0000, 0x0000,
    0x0000, 0x0000, 0x0000, 0x0000, 0x0000, 0x0000, 0x0000, 0x0000, 0x0000, 0x0000, 0x0000, 0x0000, 0x0000, 0x0000, 0x0000, 0x0000,
    0x0000, 0x0000, 0x0000, 0x0000, 0x0000, 0x0000, 0x0000, 0x0000, 0x0000, 0x0000, 0x0000, 0x0000, 0x0000, 0x0000, 0x0000, 0x0000,
    0x0000, 0x0000, 0x0000, 0x0000, 0x0000, 0x0000, 0x0000, 0x0000, 0x0000, 0x0000, 0x0000, 0x0000, 0x0000, 0x0000, 0x0000, 0x0000,
    0x0000, 0x0000, 0x0000, 0x0000, 0x0000, 0x0000, 0x0000, 0x0000, 0x0000, 0x0000, 0x0000, 0x0000, 0x0000, 0x0000, 0x0000, 0x0000,
    0x0000, 0x0000, 0x0000, 0x0000, 0x0000, 0x0000, 0x0000, 0x0000, 0x0000, 0x0000, 0x0000, 0x0000, 0x0000, 0x0000, 0x2170, 0x2171,
    0x2172, 0x2173, 0x2174, 0x2175, 0x2176, 0x2177, 0x2178, 0x2179, 0x2160, 0x2161, 0x2162, 0x2163, 0x2164, 0x2165, 0x2166, 0x2167,
    0x2168, 0x2169, 0xff07, 0xff02, 0x3231, 0x2116, 0x2121, 0x70bb, 0x4efc, 0x50f4, 0x51ec, 0x5307, 0x5324, 0xfa0e, 0x548a, 0x5759,
    0xfa0f, 0xfa10, 0x589e, 0x5bec, 0x5cf5, 0x5d53, 0xfa11, 0x5fb7, 0x6085, 0x6120, 0x654e, 0x663b, 0x6665, 0xfa12, 0xf929, 0x6801,
    0xfa13, 0xfa14, 0x6a6b, 0x6ae2, 0x6df8, 0x6df2, 0x7028, 0xfa15, 0xfa16, 0x7501, 0x7682, 0x769e, 0xfa17, 0x7930, 0xfa18, 0xfa19,
    0xfa1a, 0xfa1b, 0x7ae7, 0xfa1c, 0xfa1d, 0x7da0, 0x7dd6, 0xfa1e, 0x8362, 0xfa1f, 0x85b0, 0xfa20, 0xfa21, 0x8807, 0xfa22, 0x8b7f,
    0x8cf4, 0x8d76, 0xfa23, 0xfa24, 0xfa25, 0x90de, 0xfa26, 0x9115, 0xfa27, 0xfa28, 0x9592, 0xf9dc, 0xfa29, 0x973b, 0x974d, 0x9751,
    0xfa2a, 0xfa2b, 0xfa2c, 0x999e, 0x9ad9, 0x9b72, 0xfa2d, 0x9ed1, 0xe3ac, 0xe3ad, 0xe3ae, 0xe3af, 0xe3b0, 0xe3b1, 0xe3b2, 0xe3b3,
    0xe3b4, 0xe3b5, 0xe3b6, 0xe3b7, 0xe3b8, 0xe3b9, 0xe3ba, 0xe3bb, 0xe3bc, 0xe3bd, 0xe3be, 0xe3bf, 0xe3c0, 0xe3c1, 0xe3c2, 0xe3c3,
    0xe3c4, 0xe3c5, 0xe3c6, 0xe3c7, 0xe3c8, 0xe3c9, 0xe3ca, 0xe3cb, 0xe3cc, 0xe3cd, 0xe3ce, 0xe3cf, 0xe3d0, 0xe3d1, 0xe3d2, 0xe3d3,
    0xe3d4, 0xe3d5, 0xe3d6, 0xe3d7, 0xe3d8, 0xe3d9, 0xe3da, 0xe3db, 0xe3dc, 0xe3dd, 0xe3de, 0xe3df, 0xe3e0, 0xe3e1, 0xe3e2, 0xe3e3,
    0xe3e4, 0xe3e5, 0xe3e6, 0xe3e7, 0xe3e8, 0xe3e9, 0xe3ea, 0xe3eb, 0xe3ec, 0xe3ed, 0xe3ee, 0xe3ef, 0xe3f0, 0xe3f1, 0xe3f2, 0xe3f3,
    0xe3f4, 0xe3f5, 0xe3f6, 0xe3f7, 0xe3f8, 0xe3f9, 0xe3fa, 0xe3fb, 0xe3fc, 0xe3fd, 0xe3fe, 0xe3ff, 0xe400, 0xe401, 0xe402, 0xe403,
    0xe404, 0xe405, 0xe406, 0xe407, 0xe408, 0xe409, 0xe40a, 0xe40b, 0xe40c, 0xe40d, 0xe40e, 0xe40f, 0xe410, 0xe411, 0xe412, 0xe413,
    0xe414, 0xe415, 0xe416, 0xe417, 0xe418, 0xe419, 0xe41a, 0xe41b, 0xe41c, 0xe41d, 0xe41e, 0xe41f, 0xe420, 0xe421, 0xe422, 0xe423,
    0xe424, 0xe425, 0xe426, 0xe427, 0xe428, 0xe429, 0xe42a, 0xe42b, 0xe42c, 0xe42d, 0xe42e, 0xe42f, 0xe430, 0xe431, 0xe432, 0xe433,
    0xe434, 0xe435, 0xe436, 0xe437, 0xe438, 0xe439, 0xe43a, 0xe43b, 0xe43c, 0xe43d, 0xe43e, 0xe43f, 0xe440, 0xe441, 0xe442, 0xe443,
    0xe444, 0xe445, 0xe446, 0xe447, 0xe448, 0xe449, 0xe44a, 0xe44b, 0xe44c, 0xe44d, 0xe44e, 0xe44f, 0xe450, 0xe451, 0xe452, 0xe453,
    0xe454, 0xe455, 0xe456, 0xe457, 0xe458, 0xe459, 0xe45a, 0xe45b, 0xe45c, 0xe45d, 0xe45e, 0xe45f, 0xe460, 0xe461, 0xe462, 0xe463,
    0xe464, 0xe465, 0xe466, 0xe467, 0xe468, 0xe469, 0xe46a, 0xe46b, 0xe46c, 0xe46d, 0xe46e, 0xe46f, 0xe470, 0xe471, 0xe472, 0xe473,
    0xe474, 0xe475, 0xe476, 0xe477, 0xe478, 0xe479, 0xe47a, 0xe47b, 0xe47c, 0xe47d, 0xe47e, 0xe47f, 0xe480, 0xe481, 0xe482, 0xe483,
    0xe484, 0xe485, 0xe486, 0xe487, 0xe488, 0xe489, 0xe48a, 0xe48b, 0xe48c, 0xe48d, 0xe48e, 0xe48f, 0xe490, 0xe491, 0xe492, 0xe493,
    0xe494, 0xe495, 0xe496, 0xe497, 0xe498, 0xe499, 0xe49a, 0xe49b, 0xe49c, 0xe49d, 0xe49e, 0xe49f, 0xe4a0, 0xe4a1, 0xe4a2, 0xe4a3,
    0xe4a4, 0xe4a5, 0xe4a6, 0xe4a7, 0xe4a8, 0xe4a9, 0xe4aa, 0xe4ab, 0xe4ac, 0xe4ad, 0xe4ae, 0xe4af, 0xe4b0, 0xe4b1, 0xe4b2, 0xe4b3,
    0xe4b4, 0xe4b5, 0xe4b6, 0xe4b7, 0xe4b8, 0xe4b9, 0xe4ba, 0xe4bb, 0xe4bc, 0xe4bd, 0xe4be, 0xe4bf, 0xe4c0, 0xe4c1, 0xe4c2, 0xe4c3,
    0xe4c4, 0xe4c5, 0xe4c6, 0xe4c7, 0xe4c8, 0xe4c9, 0xe4ca, 0xe4cb, 0xe4cc, 0xe4cd, 0xe4ce, 0xe4cf, 0xe4d0, 0xe4d1, 0xe4d2, 0xe4d3,
    0xe4d4, 0xe4d5, 0xe4d6, 0xe4d7, 0xe4d8, 0xe4d9, 0xe4da, 0xe4db, 0xe4dc, 0xe4dd, 0xe4de, 0xe4df, 0xe4e0, 0xe4e1, 0xe4e2, 0xe4e3,
    0xe4e4, 0xe4e5, 0xe4e6, 0xe4e7, 0xe4e8, 0xe4e9, 0xe4ea, 0xe4eb, 0xe4ec, 0xe4ed, 0xe4ee, 0xe4ef, 0xe4f0, 0xe4f1, 0xe4f2, 0xe4f3,
    0xe4f4, 0xe4f5, 0xe4f6, 0xe4f7, 0xe4f8, 0xe4f9, 0xe4fa, 0xe4fb, 0xe4fc, 0xe4fd, 0xe4fe, 0xe4ff, 0xe500, 0xe501, 0xe502, 0xe503,
    0xe504, 0xe505, 0xe506, 0xe507, 0xe508, 0xe509, 0xe50a, 0xe50b, 0xe50c, 0xe50d, 0xe50e, 0xe50f, 0xe510, 0xe511, 0xe512, 0xe513,
    0xe514, 0xe515, 0xe516, 0xe517, 0xe518, 0xe519, 0xe51a, 0xe51b, 0xe51c, 0xe51d, 0xe51e, 0xe51f, 0xe520, 0xe521, 0xe522, 0xe523,
    0xe524, 0xe525, 0xe526, 0xe527, 0xe528, 0xe529, 0xe52a, 0xe52b, 0xe52c, 0xe52d, 0xe52e, 0xe52f, 0xe530, 0xe531, 0xe532, 0xe533,
    0xe534, 0xe535, 0xe536, 0xe537, 0xe538, 0xe539, 0xe53a, 0xe53b, 0xe53c, 0xe53d, 0xe53e, 0xe53f, 0xe540, 0xe541, 0xe542, 0xe543,
    0xe544, 0xe545, 0xe546, 0xe547, 0xe548, 0xe549, 0xe54a, 0xe54b, 0xe54c, 0xe54d, 0xe54e, 0xe54f, 0xe550, 0xe551, 0xe552, 0xe553,
    0xe554, 0xe555, 0xe556, 0xe557, 0xe558, 0xe559, 0xe55a, 0xe55b, 0xe55c, 0xe55d, 0xe55e, 0xe55f, 0xe560, 0xe561, 0xe562, 0xe563,
    0xe564, 0xe565, 0xe566, 0xe567, 0xe568, 0xe569, 0xe56a, 0xe56b, 0xe56c, 0xe56d, 0xe56e, 0xe56f, 0xe570, 0xe571, 0xe572, 0xe573,
    0xe574, 0xe575, 0xe576, 0xe577, 0xe578, 0xe579, 0xe57a, 0xe57b, 0xe57c, 0xe57d, 0xe57e, 0xe57f, 0xe580, 0xe581, 0xe582, 0xe583,
    0xe584, 0xe585, 0xe586, 0xe587, 0xe588, 0xe589, 0xe58a, 0xe58b, 0xe58c, 0xe58d, 0xe58e, 0xe58f, 0xe590, 0xe591, 0xe592, 0xe593,
    0xe594, 0xe595, 0xe596, 0xe597, 0xe598, 0xe599, 0xe59a, 0xe59b, 0xe59c, 0xe59d, 0xe59e, 0xe59f, 0xe5a0, 0xe5a1, 0xe5a2, 0xe5a3,
    0xe5a4, 0xe5a5, 0xe5a6, 0xe5a7, 0xe5a8, 0xe5a9, 0xe5aa, 0xe5ab, 0xe5ac, 0xe5ad, 0xe5ae, 0xe5af, 0xe5b0, 0xe5b1, 0xe5b2, 0xe5b3,
    0xe5b4, 0xe5b5, 0xe5b6, 0xe5b7, 0xe5b8, 0xe5b9, 0xe5ba, 0xe5bb, 0xe5bc, 0xe5bd, 0xe5be, 0xe5bf, 0xe5c0, 0xe5c1, 0xe5c2, 0xe5c3,
    0xe5c4, 0xe5c5, 0xe5c6, 0xe5c7, 0xe5c8, 0xe5c9, 0xe5ca, 0xe5cb, 0xe5cc, 0xe5cd, 0xe5ce, 0xe5cf, 0xe5d0, 0xe5d1, 0xe5d2, 0xe5d3,
    0xe5d4, 0xe5d5, 0xe5d6, 0xe5d7, 0xe5d8, 0xe5d9, 0xe5da, 0xe5db, 0xe5dc, 0xe5dd, 0xe5de, 0xe5df, 0xe5e0, 0xe5e1, 0xe5e2, 0xe5e3,
    0xe5e4, 0xe5e5, 0xe5e6, 0xe5e7, 0xe5e8, 0xe5e9, 0xe5ea, 0xe5eb, 0xe5ec, 0xe5ed, 0xe5ee, 0xe5ef, 0xe5f0, 0xe5f1, 0xe5f2, 0xe5f3,
    0xe5f4, 0xe5f5, 0xe5f6, 0xe5f7, 0xe5f8, 0xe5f9, 0xe5fa, 0xe5fb, 0xe5fc, 0xe5fd, 0xe5fe, 0xe5ff, 0xe600, 0xe601, 0xe602, 0xe603,
    0xe604, 0xe605, 0xe606, 0xe607, 0xe608, 0xe609, 0xe60a, 0xe60b, 0xe60c, 0xe60d, 0xe60e, 0xe60f, 0xe610, 0xe611, 0xe612, 0xe613,
    0xe614, 0xe615, 0xe616, 0xe617, 0xe618, 0xe619, 0xe61a, 0xe61b, 0xe61c, 0xe61d, 0xe61e, 0xe61f, 0xe620, 0xe621, 0xe622, 0xe623,
    0xe624, 0xe625, 0xe626, 0xe627, 0xe628, 0xe629, 0xe62a, 0xe62b, 0xe62c, 0xe62d, 0xe62e, 0xe62f, 0xe630, 0xe631, 0xe632, 0xe633,
    0xe634, 0xe635, 0xe636, 0xe637, 0xe638, 0xe639, 0xe63a, 0xe63b, 0xe63c, 0xe63d, 0xe63e, 0xe63f, 0xe640, 0xe641, 0xe642, 0xe643,
    0xe644, 0xe645, 0xe646, 0xe647, 0xe648, 0xe649, 0xe64a, 0xe64b, 0xe64c, 0xe64d, 0xe64e, 0xe64f, 0xe650, 0xe651, 0xe652, 0xe653,
    0xe654, 0xe655, 0xe656, 0xe657, 0xe658, 0xe659, 0xe65a, 0xe65b, 0xe65c, 0xe65d, 0xe65e, 0xe65f, 0xe660, 0xe661, 0xe662, 0xe663,
    0xe664, 0xe665, 0xe666, 0xe667, 0xe668, 0xe669, 0xe66a, 0xe66b, 0xe66c, 0xe66d, 0xe66e, 0xe66f, 0xe670, 0xe671, 0xe672, 0xe673,
    0xe674, 0xe675, 0xe676, 0xe677, 0xe678, 0xe679, 0xe67a, 0xe67b, 0xe67c, 0xe67d, 0xe67e, 0xe67f, 0xe680, 0xe681, 0xe682, 0xe683,
    0xe684, 0xe685, 0xe686, 0xe687, 0xe688, 0xe689, 0xe68a, 0xe68b, 0xe68c, 0xe68d, 0xe68e, 0xe68f, 0xe690, 0xe691, 0xe692, 0xe693,
    0xe694, 0xe695, 0xe696, 0xe697, 0xe698, 0xe699, 0xe69a, 0xe69b, 0xe69c, 0xe69d, 0xe69e, 0xe69f, 0xe6a0, 0xe6a1, 0xe6a2, 0xe6a3,
    0xe6a4, 0xe6a5, 0xe6a6, 0xe6a7, 0xe6a8, 0xe6a9, 0xe6aa, 0xe6ab, 0xe6ac, 0xe6ad, 0xe6ae, 0xe6af, 0xe6b0, 0xe6b1, 0xe6b2, 0xe6b3,
    0xe6b4, 0xe6b5, 0xe6b6, 0xe6b7, 0xe6b8, 0xe6b9, 0xe6ba, 0xe6bb, 0xe6bc, 0xe6bd, 0xe6be, 0xe6bf, 0xe6c0, 0xe6c1, 0xe6c2, 0xe6c3,
    0xe6c4, 0xe6c5, 0xe6c6, 0xe6c7, 0xe6c8, 0xe6c9, 0xe6ca, 0xe6cb, 0xe6cc, 0xe6cd, 0xe6ce, 0xe6cf, 0xe6d0, 0xe6d1, 0xe6d2, 0xe6d3,
    0xe6d4, 0xe6d5, 0xe6d6, 0xe6d7, 0xe6d8, 0xe6d9, 0xe6da, 0xe6db, 0xe6dc, 0xe6dd, 0xe6de, 0xe6df, 0xe6e0, 0xe6e1, 0xe6e2, 0xe6e3,
    0xe6e4, 0xe6e5, 0xe6e6, 0xe6e7, 0xe6e8, 0xe6e9, 0xe6ea, 0xe6eb, 0xe6ec, 0xe6ed, 0xe6ee, 0xe6ef, 0xe6f0, 0xe6f1, 0xe6f2, 0xe6f3,
    0xe6f4, 0xe6f5, 0xe6f6, 0xe6f7, 0xe6f8, 0xe6f9, 0xe6fa, 0xe6fb, 0xe6fc, 0xe6fd, 0xe6fe, 0xe6ff, 0xe700, 0xe701, 0xe702, 0xe703,
    0xe704, 0xe705, 0xe706, 0xe707, 0xe708, 0xe709, 0xe70a, 0xe70b, 0xe70c, 0xe70d, 0xe70e, 0xe70f, 0xe710, 0xe711, 0xe712, 0xe713,
    0xe714, 0xe715, 0xe716, 0xe717, 0xe718, 0xe719, 0xe71a, 0xe71b, 0xe71c, 0xe71d, 0xe71e, 0xe71f, 0xe720, 0xe721, 0xe722, 0xe723,
    0xe724, 0xe725, 0xe726, 0xe727, 0xe728, 0xe729, 0xe72a, 0xe72b, 0xe72c, 0xe72d, 0xe72e, 0xe72f, 0xe730, 0xe731, 0xe732, 0xe733,
    0xe734, 0xe735, 0xe736, 0xe737, 0xe738, 0xe739, 0xe73a, 0xe73b, 0xe73c, 0xe73d, 0xe73e, 0xe73f, 0xe740, 0xe741, 0xe742, 0xe743,
    0xe744, 0xe745, 0xe746, 0xe747, 0xe748, 0xe749, 0xe74a, 0xe74b, 0xe74c, 0xe74d, 0xe74e, 0xe74f, 0xe750, 0xe751, 0xe752, 0xe753,
    0xe754, 0xe755, 0xe756, 0xe757,
];
pub static WIDE: [(u32, u32); 0] = [
];
pub static ENC_CP: [u16; 15212] = [
    0x0000, 0x0001, 0x0002, 0x0003, 0x0004, 0x0005, 0x0006, 0x0007, 0x0008, 0x0009, 0x000a, 0x000b, 0x000c, 0x000d, 0x000e, 0x000f,
    0x0010, 0x0011, 0x0012, 0x0013, 0x0014, 0x0015, 0x0016, 0x0017, 0x0018, 0x0019, 0x001a, 0x001b, 0x001c, 0x001d, 0x001e, 0x001f,
    0x0020, 0x0021, 0x0022, 0x0023, 0x0024, 0x0025, 0x0026, 0x0027, 0x0028, 0x0029, 0x002a, 0x002b, 0x002c, 0x002d, 0x002e, 0x002f,
    0x0030, 0x0031, 0x0032, 0x0033, 0x0034, 0x0035, 0x0036, 0x0037, 0x0038, 0x0039, 0x003a, 0x003b, 0x003c, 0x003d, 0x003e, 0x003f,
    0x0040, 0x0041, 0x0042, 0x0043, 0x0044, 0x0045, 0x0046, 0x0047, 0x0048, 0x0049, 0x004a, 0x004b, 0x004c, 0x004d, 0x004e, 0x004f,
    0x0050, 0x0051, 0x0052, 0x0053, 0x0054, 0x0055, 0x0056, 0x0057, 0x0058, 0x0059, 0x005a, 0x005b, 0x005c, 0x005d, 0x005e, 0x005f,
    0x0060, 0x0061, 0x0062, 0x0063, 0x0064, 0x0065, 0x0066, 0x0067, 0x0068, 0x0069, 0x006a, 0x006b, 0x006c, 0x006d, 0x006e, 0x006f,
    0x0070, 0x0071, 0x0072, 0x0073, 0x0074, 0x0075, 0x0076, 0x0077, 0x0078, 0x0079, 0x007a, 0x007b, 0x007c, 0x007d, 0x007e, 0x007f,
    0x0080, 0x0081, 0x0082, 0x0083, 0x0084, 0x0085, 0x0086, 0x0087, 0x0088, 0x0089, 0x008a, 0x008b, 0x008c, 0x008d, 0x0090, 0x0091,
    0x0092, 0x0093, 0x0094, 0x0095, 0x0096, 0x0097, 0x0098, 0x0099, 0x009a, 0x009b, 0x009c, 0x009d, 0x009e, 0x009f, 0x00a1, 0x00a4,
    0x00a7, 0x00a8, 0x00a9, 0x00aa, 0x00ae, 0x00af, 0x00b0, 0x00b1, 0x00b4, 0x00b6, 0x00b8, 0x00ba, 0x00bf, 0x00c0, 0x00c1, 0x00c2,
    0x00c3, 0x00c4, 0x00c5, 0x00c6, 0x00c7, 0x00c8, 0x00c9, 0x00ca, 0x00cb, 0x00cc, 0x00cd, 0x00ce, 0x00cf, 0x00d1, 0x00d2, 0x00d3,
    0x00d4, 0x00d5, 0x00d6, 0x00d7, 0x00d8, 0x00d9, 0x00da, 0x00db, 0x00dc, 0x00dd, 0x00de, 0x00df, 0x00e0, 0x00e1, 0x00e2, 0x00e3,
    0x00e4, 0x00e5, 0x00e6, 0x00e7, 0x00e8, 0x00e9, 0x00ea, 0x00eb, 0x00ec, 0x00ed, 0x00ee, 0x00ef, 0x00f0, 0x00f1, 0x00f2, 0x00f3,
    0x00f4, 0x00f5, 0x00f6, 0x00f7, 0x00f8, 0x00f9, 0x00fa, 0x00fb, 0x00fc, 0x00fd, 0x00fe, 0x00ff, 0x0100, 0x0101, 0x0102, 0x0103,
    0x0104, 0x0105, 0x0106, 0x0107, 0x0108, 0x0109, 0x010a, 0x010b, 0x010c, 0x010d, 0x010e, 0x010f, 0x0110, 0x0111, 0x0112, 0x0113,
    0x0116, 0x0117, 0x0118, 0x0119, 0x011a, 0x011b, 0x011c, 0x011d, 0x011e, 0x011f, 0x0120, 0x0121, 0x0122, 0x0124, 0x0125, 0x0126,
    0x0127, 0x0128, 0x0129, 0x012a, 0x012b, 0x012e, 0x012f, 0x0130, 0x0131, 0x0132, 0x0133, 0x0134, 0x0135, 0x0136, 0x0137, 0x0138,
    0x0139, 0x013a, 0x013b, 0x013c, 0x013d, 0x013e, 0x013f, 0x0140, 0x0141, 0x0142, 0x0143, 0x0144, 0x0145, 0x0146, 0x0147, 0x0148,
    0x0149, 0x014a, 0x014b, 0x014c, 0x014d, 0x0150, 0x0151, 0x0152, 0x0153, 0x0154, 0x0155, 0x0156, 0x0157, 0x0158, 0x0159, 0x015a,
    0x015b, 0x015c, 0x015d, 0x015e, 0x015f, 0x0160, 0x0161, 0x0162, 0x0163, 0x0164, 0x0165, 0x0166, 0x0167, 0x0168, 0x0169, 0x016a,
    0x016b, 0x016c, 0x016d, 0x016e, 0x016f, 0x0170, 0x0171, 0x0172, 0x0173, 0x0174, 0x0175, 0x0176, 0x0177, 0x0178, 0x0179, 0x017a,
    0x017b, 0x017c, 0x017d, 0x017e, 0x01cd, 0x01ce, 0x01cf, 0x01d0, 0x01d1, 0x01d2, 0x01d3, 0x01d4, 0x01d5, 0x01d6, 0x01d7, 0x01d8,
    0x01d9, 0x01da, 0x01db, 0x01dc, 0x01f5, 0x02c7, 0x02d8, 0x02d9, 0x02da, 0x02db, 0x02dd, 0x0384, 0x0385, 0x0386, 0x0388, 0x0389,
    0x038a, 0x038c, 0x038e, 0x038f, 0x0390, 0x0391, 0x0392, 0x0393, 0x0394, 0x0395, 0x0396, 0x0397, 0x0398, 0x0399, 0x039a, 0x039b,
    0x039c, 0x039d, 0x039e, 0x039f, 0x03a0, 0x03a1, 0x03a3, 0x03a4, 0x03a5, 0x03a6, 0x03a7, 0x03a8, 0x03a9, 0x03aa, 0x03ab, 0x03ac,
    0x03ad, 0x03ae, 0x03af, 0x03b0, 0x03b1, 0x03b2, 0x03b3, 0x03b4, 0x03b5, 0x03b6, 0x03b7, 0x03b8, 0x03b9, 0x03ba, 0x03bb, 0x03bc,
    0x03bd, 0x03be, 0x03bf, 0x03c0, 0x03c1, 0x03c2, 0x03c3, 0x03c4, 0x03c5, 0x03c6, 0x03c7, 0x03c8, 0x03c9, 0x03ca, 0x03cb, 0x03cc,
    0x03cd, 0x03ce, 0x0401, 0x0402, 0x0403, 0x0404, 0x0405, 0x0406, 0x0407, 0x0408, 0x0409, 0x040a, 0x040b, 0x040c, 0x040e, 0x040f,
    0x0410, 0x0411, 0x0412, 0x0413, 0x0414, 0x0415, 0x0416, 0x0417, 0x0418, 0x0419, 0x041a, 0x041b, 0x041c, 0x041d, 0x041e, 0x041f,
    0x0420, 0x0421, 0x0422, 0x0423, 0x0424, 0x0425, 0x0426, 0x0427, 0x0428, 0x0429, 0x042a, 0x042b, 0x042c, 0x042d, 0x042e, 0x042f,
    0x0430, 0x0431, 0x0432, 0x0433, 0x0434, 0x0435, 0x0436, 0x0437, 0x0438, 0x0439, 0x043a, 0x043b, 0x043c, 0x043d, 0x043e, 0x043f,
    0x0440, 0x0441, 0x0442, 0x0443, 0x0444, 0x0445, 0x0446, 0x0447, 0x0448, 0x0449, 0x044a, 0x044b, 0x044c, 0x044d, 0x044e, 0x044f,
    0x0451, 0x0452, 0x0453, 0x0454, 0x0455, 0x0456, 0x0457, 0x0458, 0x0459, 0x045a, 0x045b, 0x045c, 0x045e, 0x045f, 0x2010, 0x2015,
    0x2018, 0x2019, 0x201c, 0x201d, 0x2020, 0x2021, 0x2025, 0x2026, 0x2030, 0x2032, 0x2033, 0x203b, 0x2103, 0x2116, 0x2121, 0x2122,
    0x212b, 0x2160, 0x2161, 0x2162, 0x2163, 0x2164, 0x2165, 0x2166, 0x2167, 0x2168, 0x2169, 0x2170, 0x2171, 0x2172, 0x2173, 0x2174,
    0x2175, 0x2176, 0x2177, 0x2178, 0x2179, 0x2190, 0x2191, 0x2192, 0x2193, 0x21d2, 0x21d4, 0x2200, 0x2202, 0x2203, 0x2207, 0x2208,
    0x220b, 0x2211, 0x221a, 0x221d, 0x221e, 0x221f, 0x2220, 0x2225, 0x2227, 0x2228, 0x2229, 0x222a, 0x222b, 0x222c, 0x222e, 0x2234,
    0x2235, 0x223d, 0x2252, 0x2260, 0x2261, 0x2266, 0x2267, 0x226a, 0x226b, 0x2282, 0x2283, 0x2286, 0x2287, 0x22a5, 0x22bf, 0x2312,
    0x2460, 0x2461, 0x2462, 0x2463, 0x2464, 0x2465, 0x2466, 0x2467, 0x2468, 0x2469, 0x246a, 0x246b, 0x246c, 0x246d, 0x246e, 0x246f,
    0x2470, 0x2471, 0x2472, 0x2473, 0x2500, 0x2501, 0x2502, 0x2503, 0x250c, 0x250f, 0x2510, 0x2513, 0x2514, 0x2517, 0x2518, 0x251b,
    0x251c, 0x251d, 0x2520, 0x2523, 0x2524, 0x2525, 0x2528, 0x252b, 0x252c, 0x252f, 0x2530, 0x2533, 0x2534, 0x2537, 0x2538, 0x253b,
    0x253c, 0x253f, 0x2542, 0x254b, 0x25a0, 0x25a1, 0x25b2, 0x25b3, 0x25bc, 0x25bd, 0x25c6, 0x25c7, 0x25cb, 0x25ce, 0x25cf, 0x25ef,
    0x2605, 0x2606, 0x2640, 0x2642, 0x266a, 0x266d, 0x266f, 0x3000, 0x3001, 0x3002, 0x3003, 0x3005, 0x3006, 0x3007, 0x3008, 0x3009,
    0x300a, 0x300b, 0x300c, 0x300d, 0x300e, 0x300f, 0x3010, 0x3011, 0x3012, 0x3013, 0x3014, 0x3015, 0x301d, 0x301f, 0x3041, 0x3042,
    0x3043, 0x3044, 0x3045, 0x3046, 0x3047, 0x3048, 0x3049, 0x304a, 0x304b, 0x304c, 0x304d, 0x304e, 0x304f, 0x3050, 0x3051, 0x3052,
    0x3053, 0x3054, 0x3055, 0x3056, 0x3057, 0x3058, 0x3059, 0x305a, 0x305b, 0x305c, 0x305d, 0x305e, 0x305f, 0x3060, 0x3061, 0x3062,
    0x3063, 0x3064, 0x3065, 0x3066, 0x3067, 0x3068, 0x3069, 0x306a, 0x306b, 0x306c, 0x306d, 0x306e, 0x306f, 0x3070, 0x3071, 0x3072,
    0x3073, 0x3074, 0x3075, 0x3076, 0x3077, 0x3078, 0x3079, 0x307a, 0x307b, 0x307c, 0x307d, 0x307e, 0x307f, 0x3080, 0x3081, 0x3082,
    0x3083, 0x3084, 0x3085, 0x3086, 0x3087, 0x3088, 0x3089, 0x308a, 0x308b, 0x308c, 0x308d, 0x308e, 0x308f, 0x3090, 0x3091, 0x3092,
    0x3093, 0x309b, 0x309c, 0x309d, 0x309e, 0x30a1, 0x30a2, 0x30a3, 0x30a4, 0x30a5, 0x30a6, 0x30a7, 0x30a8, 0x30a9, 0x30aa, 0x30ab,
    0x30ac, 0x30ad, 0x30ae, 0x30af, 0x30b0, 0x30b1, 0x30b2, 0x30b3, 0x30b4, 0x30b5, 0x30b6, 0x30b7, 0x30b8, 0x30b9, 0x30ba, 0x30bb,
    0x30bc, 0x30bd, 0x30be, 0x30bf, 0x30c0, 0x30c1, 0x30c2, 0x30c3, 0x30c4, 0x30c5, 0x30c6, 0x30c7, 0x30c8, 0x30c9, 0x30ca, 0x30cb,
    0x30cc, 0x30cd, 0x30ce, 0x30cf, 0x30d0, 0x30d1, 0x30d2, 0x30d3, 0x30d4, 0x30d5, 0x30d6, 0x30d7, 0x30d8, 0x30d9, 0x30da, 0x30db,
    0x30dc, 0x30dd, 0x30de, 0x30df, 0x30e0, 0x30e1, 0x30e2, 0x30e3, 0x30e4, 0x30e5, 0x30e6, 0x30e7, 0x30e8, 0x30e9, 0x30ea, 0x30eb,
    0x30ec, 0x30ed, 0x30ee, 0x30ef, 0x30f0, 0x30f1, 0x30f2, 0x30f3, 0x30f4, 0x30f5, 0x30f6, 0x30fb, 0x30fc, 0x30fd, 0x30fe, 0x3231,
    0x3232, 0x3239, 0x32a4, 0x32a5, 0x32a6, 0x32a7, 0x32a8, 0x3303, 0x330d, 0x3314, 0x3318, 0x3322, 0x3323, 0x3326, 0x3327, 0x332b,
    0x3336, 0x333b, 0x3349, 0x334a, 0x334d, 0x3351, 0x3357, 0x337b, 0x337c, 0x337d, 0x337e, 0x338e, 0x338f, 0x339c, 0x339d, 0x339e,
    0x33a1, 0x33c4, 0x33cd, 0x4e00, 0x4e01, 0x4e02, 0x4e03, 0x4e04, 0x4e05, 0x4e07, 0x4e08, 0x4e09, 0x4e0a, 0x4e0b, 0x4e0c, 0x4e0d,
    0x4e0e, 0x4e10, 0x4e11, 0x4e12, 0x4e14, 0x4e15, 0x4e16, 0x4e17, 0x4e18, 0x4e19, 0x4e1e, 0x4e1f, 0x4e21, 0x4e23, 0x4e24, 0x4e26,
    0x4e28, 0x4e2a, 0x4e2b, 0x4e2d, 0x4e2e, 0x4e2f, 0x4e30, 0x4e31, 0x4e32, 0x4e35, 0x4e36, 0x4e38, 0x4e39, 0x4e3b, 0x4e3c, 0x4e3f,
    0x4e40, 0x4e41, 0x4e42, 0x4e43, 0x4e44, 0x4e45, 0x4e47, 0x4e4b, 0x4e4d, 0x4e4e, 0x4e4f, 0x4e51, 0x4e55, 0x4e56, 0x4e57, 0x4e58,
    0x4e59, 0x4e5a, 0x4e5c, 0x4e5d, 0x4e5e, 0x4e5f, 0x4e62, 0x4e63, 0x4e68, 0x4e69, 0x4e71, 0x4e73, 0x4e74, 0x4e75, 0x4e79, 0x4e7e,
    0x4e7f, 0x4e80, 0x4e82, 0x4e85, 0x4e86, 0x4e88, 0x4e89, 0x4e8a, 0x4e8b, 0x4e8c, 0x4e8d, 0x4e8e, 0x4e91, 0x4e92, 0x4e94, 0x4e95,
    0x4e96, 0x4e97, 0x4e98, 0x4e99, 0x4e9b, 0x4e9c, 0x4e9d, 0x4e9e, 0x4e9f, 0x4ea0, 0x4ea1, 0x4ea2, 0x4ea4, 0x4ea5, 0x4ea6, 0x4ea8,
    0x4eab, 0x4eac, 0x4ead, 0x4eae, 0x4eaf, 0x4eb0, 0x4eb3, 0x4eb6, 0x4eb9, 0x4eba, 0x4ec0, 0x4ec1, 0x4ec2, 0x4ec3, 0x4ec4, 0x4ec6,
    0x4ec7, 0x4eca, 0x4ecb, 0x4ecd, 0x4ece, 0x4ecf, 0x4ed0, 0x4ed4, 0x4ed5, 0x4ed6, 0x4ed7, 0x4ed8, 0x4ed9, 0x4eda, 0x4edb, 0x4edd,
    0x4ede, 0x4edf, 0x4ee0, 0x4ee1, 0x4ee2, 0x4ee3, 0x4ee4, 0x4ee5, 0x4ee8, 0x4eed, 0x4eee, 0x4eef, 0x4ef0, 0x4ef1, 0x4ef2, 0x4ef3,
    0x4ef5, 0x4ef6, 0x4ef7, 0x4efb, 0x4efc, 0x4efd, 0x4efe, 0x4eff, 0x4f00, 0x4f01, 0x4f02, 0x4f03, 0x4f08, 0x4f09, 0x4f0a, 0x4f0b,
    0x4f0c, 0x4f0d, 0x4f0e, 0x4f0f, 0x4f10, 0x4f11, 0x4f12, 0x4f15, 0x4f16, 0x4f17, 0x4f19, 0x4f1a, 0x4f1c, 0x4f1d, 0x4f2e, 0x4f2f,
    0x4f30, 0x4f31, 0x4f33, 0x4f34, 0x4f35, 0x4f36, 0x4f37, 0x4f38, 0x4f39, 0x4f3a, 0x4f3b, 0x4f3c, 0x4f3d, 0x4f3e, 0x4f40, 0x4f42,
    0x4f43, 0x4f46, 0x4f47, 0x4f48, 0x4f49, 0x4f4b, 0x4f4c, 0x4f4d, 0x4f4e, 0x4f4f, 0x4f50, 0x4f51, 0x4f52, 0x4f53, 0x4f54, 0x4f55,
    0x4f56, 0x4f57, 0x4f58, 0x4f59, 0x4f5a, 0x4f5b, 0x4f5c, 0x4f5d, 0x4f5e, 0x4f5f, 0x4f60, 0x4f63, 0x4f69, 0x4f6a, 0x4f6c, 0x4f6e,
    0x4f6f, 0x4f70, 0x4f71, 0x4f73, 0x4f75, 0x4f76, 0x4f77, 0x4f78, 0x4f79, 0x4f7a, 0x4f7b, 0x4f7c, 0x4f7d, 0x4f7e, 0x4f7f, 0x4f81,
    0x4f82, 0x4f83, 0x4f84, 0x4f85, 0x4f86, 0x4f88, 0x4f89, 0x4f8a, 0x4f8b, 0x4f8c, 0x4f8d, 0x4f8e, 0x4f8f, 0x4f90, 0x4f91, 0x4f92,
    0x4f93, 0x4f94, 0x4f96, 0x4f97, 0x4f98, 0x4f99, 0x4f9a, 0x4f9b, 0x4f9d, 0x4f9e, 0x4f9f, 0x4fa0, 0x4fa1, 0x4fab, 0x4fad, 0x4fae,
    0x4faf, 0x4fb2, 0x4fb5, 0x4fb6, 0x4fb7, 0x4fb9, 0x4fbb, 0x4fbc, 0x4fbd, 0x4fbe, 0x4fbf, 0x4fc0, 0x4fc1, 0x4fc2, 0x4fc3, 0x4fc4,
    0x4fc5, 0x4fc6, 0x4fc8, 0x4fc9, 0x4fca, 0x4fcb, 0x4fcc, 0x4fcd, 0x4fce, 0x4fcf, 0x4fd0, 0x4fd1, 0x4fd2, 0x4fd4, 0x4fd7, 0x4fd8,
    0x4fda, 0x4fdb, 0x4fdc, 0x4fdd, 0x4fdf, 0x4fe0, 0x4fe1, 0x4fe2, 0x4fe3, 0x4fe4, 0x4fe5, 0x4fee, 0x4fef, 0x4ff0, 0x4ff2, 0x4ff3,
    0x4ff5, 0x4ff6, 0x4ff8, 0x4ffa, 0x4ffc, 0x4ffd, 0x4ffe, 0x4fff, 0x5000, 0x5001, 0x5004, 0x5005, 0x5006, 0x5007, 0x5009, 0x500a,
    0x500b, 0x500c, 0x500d, 0x500e, 0x500f, 0x5010, 0x5011, 0x5012, 0x5013, 0x5014, 0x5016, 0x5017, 0x5018, 0x5019, 0x501a, 0x501b,
    0x501c, 0x501d, 0x501e, 0x501f, 0x5021, 0x5022, 0x5023, 0x5024, 0x5025, 0x5026, 0x5027, 0x5028, 0x5029, 0x502a, 0x502b, 0x502c,
    0x502d, 0x502e, 0x5030, 0x5032, 0x5033, 0x5035, 0x5036, 0x5039, 0x503b, 0x5040, 0x5041, 0x5042, 0x5043, 0x5045, 0x5046, 0x5047,
    0x5048, 0x5049, 0x504a, 0x504c, 0x504e, 0x504f, 0x5050, 0x5051, 0x5052, 0x5053, 0x5055, 0x5056, 0x5057, 0x5059, 0x505a, 0x505c,
    0x505f, 0x5060, 0x5062, 0x5063, 0x5065, 0x5066, 0x5067, 0x506a, 0x506c, 0x506d, 0x5070, 0x5071, 0x5072, 0x5074, 0x5075, 0x5076,
    0x5078, 0x507d, 0x5080, 0x5081, 0x5083, 0x5084, 0x5085, 0x5086, 0x508a, 0x508d, 0x508e, 0x508f, 0x5090, 0x5091, 0x5092, 0x5093,
    0x5094, 0x5096, 0x5098, 0x5099, 0x509a, 0x509b, 0x509c, 0x509e, 0x509f, 0x50a0, 0x50a1, 0x50a2, 0x50aa, 0x50ac, 0x50ad, 0x50af,
    0x50b0, 0x50b2, 0x50b3, 0x50b4, 0x50b5, 0x50b7, 0x50b9, 0x50ba, 0x50bd, 0x50be, 0x50c0, 0x50c2, 0x50c3, 0x50c4, 0x50c5, 0x50c7,
    0x50c9, 0x50ca, 0x50cc, 0x50cd, 0x50ce, 0x50cf, 0x50d0, 0x50d1, 0x50d3, 0x50d4, 0x50d5, 0x50d6, 0x50d8, 0x50da, 0x50dc, 0x50dd,
    0x50de, 0x50df, 0x50e2, 0x50e3, 0x50e4, 0x50e5, 0x50e6, 0x50e7, 0x50e8, 0x50e9, 0x50ed, 0x50ee, 0x50ef, 0x50f1, 0x50f2, 0x50f4,
    0x50f5, 0x50f6, 0x50f9, 0x50fa, 0x50fb, 0x50fe, 0x5100, 0x5101, 0x5102, 0x5103, 0x5104, 0x5106, 0x5107, 0x5108, 0x5109, 0x510b,
    0x510c, 0x510d, 0x510e, 0x5110, 0x5112, 0x5114, 0x5115, 0x5116, 0x5117, 0x5118, 0x5119, 0x511a, 0x511b, 0x511c, 0x511d, 0x511e,
    0x511f, 0x5121, 0x5123, 0x5127, 0x5128, 0x512a, 0x512c, 0x512d, 0x512f, 0x5131, 0x5132, 0x5133, 0x5134, 0x5135, 0x5137, 0x5138,
    0x5139, 0x513a, 0x513b, 0x513c, 0x513f, 0x5140, 0x5141, 0x5142, 0x5143, 0x5144, 0x5145, 0x5146, 0x5147, 0x5148, 0x5149, 0x514a,
    0x514b, 0x514c, 0x514d, 0x514e, 0x514f, 0x5150, 0x5152, 0x5153, 0x5154, 0x5155, 0x5157, 0x5158, 0x515a, 0x515c, 0x515f, 0x5162,
    0x5164, 0x5165, 0x5166, 0x5168, 0x5169, 0x516a, 0x516b, 0x516c, 0x516d, 0x516e, 0x5171, 0x5175, 0x5176, 0x5177, 0x5178, 0x517c,
    0x517e, 0x5180, 0x5182, 0x5183, 0x5184, 0x5185, 0x5186, 0x5189, 0x518a, 0x518b, 0x518c, 0x518d, 0x518e, 0x518f, 0x5190, 0x5191,
    0x5192, 0x5193, 0x5195, 0x5196, 0x5197, 0x5198, 0x5199, 0x519d, 0x51a0, 0x51a1, 0x51a2, 0x51a3, 0x51a4, 0x51a5, 0x51a6, 0x51a8,
    0x51a9, 0x51aa, 0x51ab, 0x51ac, 0x51ad, 0x51b0, 0x51b1, 0x51b2, 0x51b3, 0x51b4, 0x51b5, 0x51b6, 0x51b7, 0x51b8, 0x51ba, 0x51bc,
    0x51bd, 0x51be, 0x51bf, 0x51c2, 0x51c4, 0x51c5, 0x51c6, 0x51c8, 0x51c9, 0x51cb, 0x51cc, 0x51cd, 0x51cf, 0x51d1, 0x51d2, 0x51d3,
    0x51d5, 0x51d6, 0x51d8, 0x51db, 0x51dc, 0x51dd, 0x51de, 0x51e0, 0x51e1, 0x51e2, 0x51e5, 0x51e6, 0x51e7, 0x51e9, 0x51ea, 0x51ec,
    0x51ed, 0x51ee, 0x51f0, 0x51f1, 0x51f2, 0x51f3, 0x51f4, 0x51f5, 0x51f6, 0x51f7, 0x51f8, 0x51f9, 0x51fa, 0x51fd, 0x51fe, 0x5200,
    0x5201, 0x5202, 0x5203, 0x5204, 0x5205, 0x5206, 0x5207, 0x5208, 0x520a, 0x520b, 0x520e, 0x5211, 0x5212, 0x5213, 0x5214, 0x5215,
    0x5216, 0x5217, 0x5218, 0x521d, 0x5222, 0x5224, 0x5225, 0x5227, 0x5228, 0x5229, 0x522a, 0x522e, 0x5230, 0x5231, 0x5232, 0x5233,
    0x5235, 0x5236, 0x5237, 0x5238, 0x5239, 0x523a, 0x523b, 0x523c, 0x5243, 0x5244, 0x5245, 0x5247, 0x5249, 0x524a, 0x524b, 0x524c,
    0x524d, 0x524f, 0x5254, 0x5255, 0x5256, 0x5257, 0x5258, 0x525a, 0x525b, 0x525c, 0x525e, 0x525f, 0x5260, 0x5261, 0x5263, 0x5264,
    0x5265, 0x5266, 0x5269, 0x526a, 0x526e, 0x526f, 0x5270, 0x5271, 0x5272, 0x5273, 0x5274, 0x5275, 0x5277, 0x5278, 0x5279, 0x527d,
    0x527f, 0x5280, 0x5282, 0x5283, 0x5285, 0x5287, 0x5288, 0x5289, 0x528a, 0x528c, 0x528d, 0x5291, 0x5292, 0x5293, 0x5294, 0x5295,
    0x5296, 0x5297, 0x5298, 0x529a, 0x529b, 0x529c, 0x529f, 0x52a0, 0x52a3, 0x52a4, 0x52a5, 0x52a6, 0x52a7, 0x52a9, 0x52aa, 0x52ab,
    0x52ac, 0x52ad, 0x52af, 0x52b0, 0x52b1, 0x52b4, 0x52b5, 0x52b6, 0x52b7, 0x52b8, 0x52b9, 0x52ba, 0x52bb, 0x52bc, 0x52bd, 0x52be,
    0x52c0, 0x52c1, 0x52c3, 0x52c4, 0x52c5, 0x52c6, 0x52c7, 0x52c8, 0x52c9, 0x52cc, 0x52cd, 0x52cf, 0x52d1, 0x52d2, 0x52d4, 0x52d5,
    0x52d6, 0x52d7, 0x52d8, 0x52d9, 0x52db, 0x52dc, 0x52dd, 0x52de, 0x52df, 0x52e0, 0x52e1, 0x52e2, 0x52e3, 0x52e4, 0x52e5, 0x52e6,
    0x52e7, 0x52e8, 0x52e9, 0x52ea, 0x52ec, 0x52f0, 0x52f1, 0x52f2, 0x52f3, 0x52f4, 0x52f5, 0x52f6, 0x52f7, 0x52f8, 0x52f9, 0x52fa,
    0x52fe, 0x52ff, 0x5300, 0x5301, 0x5302, 0x5303, 0x5305, 0x5306, 0x5307, 0x5308, 0x530a, 0x530b, 0x530c, 0x530d, 0x530f, 0x5310,
    0x5311, 0x5313, 0x5315, 0x5316, 0x5317, 0x5318, 0x5319, 0x531a, 0x531b, 0x531c, 0x531d, 0x531e, 0x531f, 0x5320, 0x5321, 0x5323,
    0x5324, 0x5325, 0x5327, 0x5328, 0x5329, 0x532a, 0x532b, 0x532c, 0x532d, 0x532f, 0x5330, 0x5331, 0x5332, 0x5333, 0x5335, 0x5338,
    0x5339, 0x533a, 0x533b, 0x533c, 0x533d, 0x533e, 0x533f, 0x5340, 0x5341, 0x5342, 0x5343, 0x5345, 0x5346, 0x5347, 0x5348, 0x5349,
    0x534a, 0x534b, 0x534c, 0x534d, 0x5351, 0x5352, 0x5353, 0x5354, 0x5357, 0x5358, 0x5359, 0x535a, 0x535b, 0x535c, 0x535e, 0x5360,
    0x5361, 0x5363, 0x5365, 0x5366, 0x5369, 0x536c, 0x536d, 0x536e, 0x536f, 0x5370, 0x5371, 0x5372, 0x5373, 0x5374, 0x5375, 0x5377,
    0x5378, 0x5379, 0x537b, 0x537e, 0x537f, 0x5382, 0x5383, 0x5384, 0x5387, 0x5388, 0x538e, 0x5393, 0x5394, 0x5396, 0x5398, 0x5399,
    0x539a, 0x539d, 0x539f, 0x53a0, 0x53a1, 0x53a4, 0x53a5, 0x53a6, 0x53a8, 0x53a9, 0x53aa, 0x53ab, 0x53ad, 0x53ae, 0x53af, 0x53b0,
    0x53b2, 0x53b3, 0x53b4, 0x53b5, 0x53b6, 0x53b7, 0x53b8, 0x53ba, 0x53bb, 0x53bd, 0x53c0, 0x53c2, 0x53c3, 0x53c5, 0x53c8, 0x53c9,
    0x53ca, 0x53cb, 0x53cc, 0x53cd, 0x53ce, 0x53cf, 0x53d2, 0x53d3, 0x53d4, 0x53d5, 0x53d6, 0x53d7, 0x53d9, 0x53da, 0x53db, 0x53dd,
    0x53de, 0x53df, 0x53e0, 0x53e1, 0x53e2, 0x53e3, 0x53e4, 0x53e5, 0x53e6, 0x53e7, 0x53e8, 0x53e9, 0x53ea, 0x53eb, 0x53ec, 0x53ed,
    0x53ee, 0x53ef, 0x53f0, 0x53f1, 0x53f2, 0x53f3, 0x53f5, 0x53f6, 0x53f7, 0x53f8, 0x53fa, 0x5401, 0x5402, 0x5403, 0x5404, 0x5408,
    0x5409, 0x540a, 0x540b, 0x540c, 0x540d, 0x540e, 0x540f, 0x5410, 0x5411, 0x5413, 0x541a, 0x541b, 0x541d, 0x541f, 0x5420, 0x5421,
    0x5426, 0x5427, 0x5428, 0x5429, 0x542a, 0x542b, 0x542c, 0x542d, 0x542e, 0x542f, 0x5431, 0x5434, 0x5435, 0x5436, 0x5438, 0x5439,
    0x543b, 0x543c, 0x543d, 0x543e, 0x5440, 0x5442, 0x5443, 0x5444, 0x5446, 0x5447, 0x5448, 0x5449, 0x544a, 0x544d, 0x544e, 0x544f,
    0x5451, 0x545e, 0x545f, 0x5462, 0x5464, 0x5466, 0x5467, 0x5468, 0x5469, 0x546a, 0x546b, 0x546d, 0x546e, 0x5470, 0x5471, 0x5473,
    0x5474, 0x5475, 0x5476, 0x5477, 0x547b, 0x547c, 0x547d, 0x547f, 0x5480, 0x5481, 0x5483, 0x5484, 0x5485, 0x5486, 0x5488, 0x5489,
    0x548a, 0x548b, 0x548c, 0x548d, 0x548e, 0x548f, 0x5490, 0x5491, 0x5492, 0x5495, 0x5496, 0x549c, 0x549f, 0x54a1, 0x54a2, 0x54a4,
    0x54a5, 0x54a6, 0x54a7, 0x54a8, 0x54a9, 0x54aa, 0x54ab, 0x54ac, 0x54ad, 0x54ae, 0x54af, 0x54b1, 0x54b2, 0x54b3, 0x54b7, 0x54b8,
    0x54b9, 0x54ba, 0x54bb, 0x54bc, 0x54bd, 0x54be, 0x54bf, 0x54c0, 0x54c1, 0x54c2, 0x54c4, 0x54c6, 0x54c7, 0x54c8, 0x54c9, 0x54ca,
    0x54cd, 0x54ce, 0x54d8, 0x54e0, 0x54e1, 0x54e2, 0x54e5, 0x54e6, 0x54e8, 0x54e9, 0x54ea, 0x54ec, 0x54ed, 0x54ee, 0x54ef, 0x54f2,
    0x54f6, 0x54fa, 0x54fc, 0x54fd, 0x54fe, 0x54ff, 0x5500, 0x5501, 0x5504, 0x5505, 0x5506, 0x5507, 0x5508, 0x5509, 0x550c, 0x550d,
    0x550e, 0x550f, 0x5510, 0x5514, 0x5515, 0x5516, 0x552a, 0x552b, 0x552e, 0x552f, 0x5531, 0x5532, 0x5533, 0x5535, 0x5536, 0x5538,
    0x5539, 0x553b, 0x553c, 0x553d, 0x553e, 0x5540, 0x5541, 0x5544, 0x5545, 0x5546, 0x5547, 0x5549, 0x554a, 0x554c, 0x554d, 0x554f,
    0x5550, 0x5551, 0x5553, 0x5556, 0x5557, 0x5558, 0x555a, 0x555b, 0x555c, 0x555d, 0x555e, 0x5560, 0x5561, 0x5563, 0x5564, 0x5566,
    0x557b, 0x557c, 0x557e, 0x557f, 0x5580, 0x5581, 0x5582, 0x5583, 0x5584, 0x5586, 0x5587, 0x5588, 0x5589, 0x558a, 0x558b, 0x558e,
    0x558f, 0x5591, 0x5592, 0x5593, 0x5594, 0x5597, 0x5598, 0x5599, 0x559a, 0x559c, 0x559d, 0x559e, 0x559f, 0x55a3, 0x55a4, 0x55a7,
    0x55a8, 0x55a9, 0x55aa, 0x55ab, 0x55ac, 0x55ad, 0x55ae, 0x55b0, 0x55b2, 0x55b6, 0x55bf, 0x55c1, 0x55c3, 0x55c4, 0x55c5, 0x55c6,
    0x55c7, 0x55c9, 0x55cb, 0x55cc, 0x55ce, 0x55d1, 0x55d2, 0x55d3, 0x55d4, 0x55d7, 0x55d8, 0x55da, 0x55db, 0x55dc, 0x55de, 0x55df,
    0x55e2, 0x55e3, 0x55e4, 0x55e9, 0x55f6, 0x55f7, 0x55f9, 0x55fd, 0x55fe, 0x55ff, 0x5605, 0x5606, 0x5608, 0x5609, 0x560a, 0x560d,
    0x560e, 0x560f, 0x5610, 0x5611, 0x5612, 0x5614, 0x5616, 0x5617, 0x5618, 0x5619, 0x561b, 0x5629, 0x562c, 0x562f, 0x5630, 0x5631,
    0x5632, 0x5633, 0x5634, 0x5635, 0x5636, 0x5637, 0x5638, 0x5639, 0x563b, 0x563c, 0x563d, 0x563f, 0x5640, 0x5641, 0x5642, 0x5643,
    0x5644, 0x5646, 0x5649, 0x564b, 0x564c, 0x564d, 0x564e, 0x564f, 0x5650, 0x5654, 0x565b, 0x565e, 0x5660, 0x5661, 0x5662, 0x5663,
    0x5664, 0x5666, 0x5668, 0x5669, 0x566a, 0x566b, 0x566c, 0x566d, 0x566f, 0x5671, 0x5672, 0x5674, 0x5675, 0x5678, 0x567a, 0x5680,
    0x5684, 0x5685, 0x5686, 0x5687, 0x5688, 0x568a, 0x568b, 0x568c, 0x568f, 0x5694, 0x5695, 0x5699, 0x569a, 0x569d, 0x569e, 0x569f,
    0x56a0, 0x56a2, 0x56a5, 0x56a6, 0x56a7, 0x56a8, 0x56a9, 0x56ab, 0x56ac, 0x56ad, 0x56ae, 0x56b1, 0x56b3, 0x56b4, 0x56b6, 0x56b7,
    0x56bc, 0x56be, 0x56c0, 0x56c1, 0x56c2, 0x56c3, 0x56c5, 0x56c8, 0x56c9, 0x56ca, 0x56cb, 0x56cc, 0x56cd, 0x56ce, 0x56cf, 0x56d0,
    0x56d1, 0x56d3, 0x56d7, 0x56d8, 0x56d9, 0x56da, 0x56db, 0x56dc, 0x56dd, 0x56de, 0x56df, 0x56e0, 0x56e1, 0x56e3, 0x56e4, 0x56e5,
    0x56e6, 0x56e7, 0x56e8, 0x56eb, 0x56ed, 0x56ee, 0x56f0, 0x56f1, 0x56f2, 0x56f3, 0x56f6, 0x56f7, 0x56f9, 0x56fa, 0x56fd, 0x56ff,
    0x5700, 0x5701, 0x5702, 0x5703, 0x5704, 0x5707, 0x5708, 0x5709, 0x570a, 0x570b, 0x570c, 0x570d, 0x570f, 0x5711, 0x5712, 0x5713,
    0x5715, 0x5716, 0x5718, 0x571a, 0x571b, 0x571c, 0x571d, 0x571f, 0x5720, 0x5722, 0x5723, 0x5724, 0x5725, 0x5726, 0x5727, 0x5728,
    0x5729, 0x572a, 0x572c, 0x572d, 0x572e, 0x572f, 0x5730, 0x5733, 0x5734, 0x5737, 0x5738, 0x573b, 0x573d, 0x573e, 0x573f, 0x5740,
    0x5742, 0x5745, 0x5746, 0x5747, 0x574a, 0x574c, 0x574d, 0x574e, 0x574f, 0x5750, 0x5751, 0x5752, 0x5759, 0x5761, 0x5762, 0x5764,
    0x5765, 0x5766, 0x5767, 0x5768, 0x5769, 0x576a, 0x576b, 0x576d, 0x576e, 0x576f, 0x5770, 0x5771, 0x5773, 0x5774, 0x5775, 0x5777,
    0x5779, 0x577a, 0x577b, 0x577c, 0x577e, 0x577f, 0x5781, 0x5782, 0x5783, 0x5788, 0x5789, 0x578b, 0x578c, 0x5793, 0x5794, 0x5795,
    0x5797, 0x5799, 0x579a, 0x579c, 0x579d, 0x579e, 0x579f, 0x57a0, 0x57a1, 0x57a2, 0x57a3, 0x57a4, 0x57a7, 0x57a8, 0x57a9, 0x57aa,
    0x57ac, 0x57b0, 0x57b3, 0x57b8, 0x57bd, 0x57c0, 0x57c3, 0x57c6, 0x57c7, 0x57c8, 0x57cb, 0x57cc, 0x57ce, 0x57cf, 0x57d2, 0x57d3,
    0x57d4, 0x57d5, 0x57d6, 0x57dc, 0x57dd, 0x57de, 0x57df, 0x57e0, 0x57e1, 0x57e3, 0x57e4, 0x57e6, 0x57e7, 0x57e9, 0x57ed, 0x57f0,
    0x57f4, 0x57f5, 0x57f6, 0x57f7, 0x57f8, 0x57f9, 0x57fa, 0x57fc, 0x57fd, 0x57fe, 0x57ff, 0x5800, 0x5802, 0x5803, 0x5804, 0x5805,
    0x5806, 0x5808, 0x5809, 0x580a, 0x580b, 0x580c, 0x580d, 0x5815, 0x5819, 0x581b, 0x581d, 0x581e, 0x581f, 0x5820, 0x5821, 0x5824,
    0x5826, 0x5827, 0x582a, 0x582d, 0x582f, 0x5830, 0x5831, 0x5832, 0x5834, 0x5835, 0x5839, 0x583a, 0x583d, 0x583f, 0x5840, 0x5841,
    0x5849, 0x584a, 0x584b, 0x584c, 0x584d, 0x584f, 0x5850, 0x5851, 0x5852, 0x5854, 0x5855, 0x5857, 0x5858, 0x5859, 0x585a, 0x585e,
    0x585f, 0x5861, 0x5862, 0x5864, 0x5867, 0x5868, 0x5869, 0x586b, 0x5870, 0x5872, 0x5875, 0x5878, 0x5879, 0x587c, 0x587e, 0x587f,
    0x5880, 0x5881, 0x5883, 0x5885, 0x5887, 0x5888, 0x5889, 0x588a, 0x588c, 0x588d, 0x588f, 0x5890, 0x5893, 0x5894, 0x5896, 0x5897,
    0x589c, 0x589d, 0x589e, 0x589f, 0x58a0, 0x58a1, 0x58a2, 0x58a6, 0x58a8, 0x58a9, 0x58ab, 0x58ae, 0x58b1, 0x58b2, 0x58b3, 0x58b8,
    0x58b9, 0x58ba, 0x58bb, 0x58bc, 0x58be, 0x58c1, 0x58c2, 0x58c4, 0x58c5, 0x58c7, 0x58c8, 0x58ca, 0x58cc, 0x58cd, 0x58ce, 0x58d0,
    0x58d1, 0x58d2, 0x58d3, 0x58d4, 0x58d5, 0x58d6, 0x58d7, 0x58d8, 0x58d9, 0x58da, 0x58dc, 0x58dd, 0x58de, 0x58df, 0x58e1, 0x58e2,
    0x58e4, 0x58e5, 0x58e9, 0x58eb, 0x58ec, 0x58ee, 0x58ef, 0x58f0, 0x58f1, 0x58f2, 0x58f3, 0x58f7, 0x58f9, 0x58fa, 0x58fb, 0x58fc,
    0x58fd, 0x5902, 0x5905, 0x5906, 0x5909, 0x590a, 0x590b, 0x590c, 0x590f, 0x5910, 0x5912, 0x5913, 0x5914, 0x5915, 0x5916, 0x5918,
    0x5919, 0x591a, 0x591b, 0x591c, 0x591d, 0x5921, 0x5922, 0x5923, 0x5924, 0x5925, 0x5927, 0x5928, 0x5929, 0x592a, 0x592b, 0x592c,
    0x592d, 0x592e, 0x592f, 0x5930, 0x5931, 0x5932, 0x5933, 0x5935, 0x5936, 0x5937, 0x5938, 0x593e, 0x593f, 0x5943, 0x5944, 0x5946,
    0x5947, 0x5948, 0x5949, 0x594e, 0x594f, 0x5950, 0x5951, 0x5952, 0x5953, 0x5954, 0x5955, 0x5957, 0x5958, 0x5959, 0x595a, 0x595b,
    0x595d, 0x595e, 0x595f, 0x5960, 0x5961, 0x5962, 0x5963, 0x5965, 0x5967, 0x5968, 0x5969, 0x596a, 0x596b, 0x596c, 0x596d, 0x596e,
    0x596f, 0x5972, 0x5973, 0x5974, 0x5975, 0x5976, 0x5978, 0x5979, 0x597b, 0x597c, 0x597d, 0x5981, 0x5982, 0x5983, 0x5984, 0x598a,
    0x598b, 0x598c, 0x598d, 0x598e, 0x5992, 0x5993, 0x5995, 0x5996, 0x5997, 0x5999, 0x599b, 0x599d, 0x599f, 0x59a3, 0x59a4, 0x59a5,
    0x59a7, 0x59a8, 0x59ac, 0x59ad, 0x59ae, 0x59af, 0x59b0, 0x59b2, 0x59b3, 0x59b7, 0x59b9, 0x59ba, 0x59bb, 0x59bc, 0x59be, 0x59c1,
    0x59c3, 0x59c4, 0x59c6, 0x59c8, 0x59c9, 0x59ca, 0x59cb, 0x59cd, 0x59d0, 0x59d1, 0x59d2, 0x59d3, 0x59d4, 0x59d9, 0x59da, 0x59dc,
    0x59dd, 0x59de, 0x59df, 0x59e3, 0x59e4, 0x59e5, 0x59e6, 0x59e7, 0x59e8, 0x59ea, 0x59eb, 0x59ee, 0x59ef, 0x59f1, 0x59f2, 0x59f4,
    0x59f6, 0x59f7, 0x59fb, 0x59ff, 0x5a00, 0x5a01, 0x5a03, 0x5a04, 0x5a09, 0x5a0c, 0x5a0d, 0x5a0e, 0x5a11, 0x5a12, 0x5a13, 0x5a18,
    0x5a1a, 0x5a1c, 0x5a1e, 0x5a1f, 0x5a20, 0x5a23, 0x5a24, 0x5a25, 0x5a27, 0x5a28, 0x5a29, 0x5a2a, 0x5a2d, 0x5a2f, 0x5a30, 0x5a35,
    0x5a36, 0x5a3c, 0x5a40, 0x5a41, 0x5a44, 0x5a45, 0x5a46, 0x5a47, 0x5a48, 0x5a49, 0x5a4c, 0x5a50, 0x5a55, 0x5a5a, 0x5a5e, 0x5a62,
    0x5a63, 0x5a65, 0x5a66, 0x5a67, 0x5a6a, 0x5a6c, 0x5a6d, 0x5a77, 0x5a7a, 0x5a7b, 0x5a7e, 0x5a7f, 0x5a8b, 0x5a90, 0x5a92, 0x5a93,
    0x5a96, 0x5a99, 0x5a9a, 0x5a9b, 0x5a9c, 0x5a9e, 0x5a9f, 0x5aa0, 0x5aa2, 0x5aa7, 0x5aac, 0x5ab1, 0x5ab2, 0x5ab3, 0x5ab5, 0x5ab8,
    0x5aba, 0x5abb, 0x5abc, 0x5abd, 0x5abe, 0x5abf, 0x5ac1, 0x5ac2, 0x5ac4, 0x5ac6, 0x5ac8, 0x5ac9, 0x5acb, 0x5acc, 0x5acf, 0x5ad0,
    0x5ad6, 0x5ad7, 0x5ada, 0x5adc, 0x5ae0, 0x5ae1, 0x5ae3, 0x5ae5, 0x5ae6, 0x5ae9, 0x5aea, 0x5aee, 0x5af5, 0x5af6, 0x5afa, 0x5afb,
    0x5afd, 0x5b00, 0x5b01, 0x5b08, 0x5b09, 0x5b0b, 0x5b0c, 0x5b16, 0x5b17, 0x5b19, 0x5b1b, 0x5b1d, 0x5b21, 0x5b22, 0x5b25, 0x5b2a,
    0x5b2c, 0x5b2d, 0x5b30, 0x5b32, 0x5b34, 0x5b36, 0x5b38, 0x5b3e, 0x5b40, 0x5b41, 0x5b43, 0x5b45, 0x5b4b, 0x5b4c, 0x5b50, 0x5b51,
    0x5b52, 0x5b54, 0x5b55, 0x5b56, 0x5b57, 0x5b58, 0x5b5a, 0x5b5b, 0x5b5c, 0x5b5d, 0x5b5e, 0x5b5f, 0x5b63, 0x5b64, 0x5b65, 0x5b66,
    0x5b68, 0x5b69, 0x5b6b, 0x5b6e, 0x5b6f, 0x5b70, 0x5b71, 0x5b73, 0x5b75, 0x5b78, 0x5b7a, 0x5b7c, 0x5b7d, 0x5b7e, 0x5b7f, 0x5b80,
    0x5b81, 0x5b83, 0x5b84, 0x5b85, 0x5b86, 0x5b87, 0x5b88, 0x5b89, 0x5b8a, 0x5b8b, 0x5b8c, 0x5b8d, 0x5b8e, 0x5b8f, 0x5b90, 0x5b91,
    0x5b93, 0x5b94, 0x5b95, 0x5b96, 0x5b97, 0x5b98, 0x5b99, 0x5b9a, 0x5b9b, 0x5b9c, 0x5b9d, 0x5b9f, 0x5ba2, 0x5ba3, 0x5ba4, 0x5ba5,
    0x5ba6, 0x5ba8, 0x5ba9, 0x5bac, 0x5bad, 0x5bae, 0x5baf, 0x5bb0, 0x5bb1, 0x5bb2, 0x5bb3, 0x5bb4, 0x5bb5, 0x5bb6, 0x5bb7, 0x5bb8,
    0x5bb9, 0x5bba, 0x5bbc, 0x5bbf, 0x5bc0, 0x5bc1, 0x5bc2, 0x5bc3, 0x5bc4, 0x5bc5, 0x5bc6, 0x5bc7, 0x5bc9, 0x5bcc, 0x5bcd, 0x5bcf,
    0x5bd0, 0x5bd2, 0x5bd3, 0x5bd4, 0x5bd6, 0x5bd7, 0x5bd8, 0x5bd9, 0x5bda, 0x5bdb, 0x5bdd, 0x5bde, 0x5bdf, 0x5be0, 0x5be1, 0x5be2,
    0x5be4, 0x5be5, 0x5be6, 0x5be7, 0x5be8, 0x5be9, 0x5beb, 0x5bec, 0x5bee, 0x5bef, 0x5bf0, 0x5bf1, 0x5bf3, 0x5bf4, 0x5bf5, 0x5bf6,
    0x5bf8, 0x5bfa, 0x5bfd, 0x5bfe, 0x5bff, 0x5c01, 0x5c02, 0x5c04, 0x5c05, 0x5c06, 0x5c07, 0x5c08, 0x5c09, 0x5c0a, 0x5c0b, 0x5c0c,
    0x5c0d, 0x5c0e, 0x5c0f, 0x5c11, 0x5c13, 0x5c16, 0x5c17, 0x5c1a, 0x5c1e, 0x5c1f, 0x5c20, 0x5c22, 0x5c23, 0x5c24, 0x5c26, 0x5c28,
    0x5c29, 0x5c2b, 0x5c2c, 0x5c2d, 0x5c2e, 0x5c30, 0x5c31, 0x5c32, 0x5c35, 0x5c36, 0x5c38, 0x5c39, 0x5c3a, 0x5c3b, 0x5c3c, 0x5c3d,
    0x5c3e, 0x5c3f, 0x5c40, 0x5c41, 0x5c45, 0x5c46, 0x5c48, 0x5c4a, 0x5c4b, 0x5c4d, 0x5c4e, 0x5c4f, 0x5c50, 0x5c51, 0x5c53, 0x5c55,
    0x5c59, 0x5c5a, 0x5c5c, 0x5c5e, 0x5c60, 0x5c61, 0x5c62, 0x5c63, 0x5c64, 0x5c65, 0x5c67, 0x5c68, 0x5c69, 0x5c6c, 0x5c6d, 0x5c6e,
    0x5c6f, 0x5c70, 0x5c71, 0x5c74, 0x5c75, 0x5c76, 0x5c79, 0x5c7a, 0x5c7b, 0x5c7c, 0x5c7d, 0x5c87, 0x5c88, 0x5c8a, 0x5c8c, 0x5c8f,
    0x5c90, 0x5c91, 0x5c92, 0x5c94, 0x5c9d, 0x5c9f, 0x5ca0, 0x5ca1, 0x5ca2, 0x5ca3, 0x5ca6, 0x5ca8, 0x5ca9, 0x5caa, 0x5cab, 0x5cac,
    0x5cb1, 0x5cb2, 0x5cb3, 0x5cb4, 0x5cb5, 0x5cb6, 0x5cb7, 0x5cb8, 0x5cba, 0x5cbb, 0x5cbc, 0x5cbe, 0x5cc5, 0x5cc7, 0x5cc9, 0x5ccb,
    0x5cd2, 0x5cd7, 0x5cd9, 0x5cdd, 0x5ce0, 0x5ce1, 0x5ce8, 0x5ce9, 0x5cea, 0x5ced, 0x5cee, 0x5cef, 0x5cf0, 0x5cf1, 0x5cf2, 0x5cf4,
    0x5cf5, 0x5cf6, 0x5cfa, 0x5cfb, 0x5cfd, 0x5d01, 0x5d06, 0x5d07, 0x5d0b, 0x5d0d, 0x5d0e, 0x5d11, 0x5d12, 0x5d14, 0x5d15, 0x5d16,
    0x5d17, 0x5d18, 0x5d19, 0x5d1a, 0x5d1b, 0x5d1f, 0x5d22, 0x5d23, 0x5d24, 0x5d26, 0x5d27, 0x5d29, 0x5d2b, 0x5d31, 0x5d34, 0x5d39,
    0x5d3d, 0x5d3f, 0x5d42, 0x5d43, 0x5d46, 0x5d48, 0x5d4a, 0x5d4b, 0x5d4c, 0x5d4e, 0x5d50, 0x5d51, 0x5d52, 0x5d53, 0x5d55, 0x5d59,
    0x5d5c, 0x5d5f, 0x5d60, 0x5d61, 0x5d62, 0x5d64, 0x5d69, 0x5d6a, 0x5d6c, 0x5d6d, 0x5d6f, 0x5d70, 0x5d73, 0x5d76, 0x5d79, 0x5d7a,
    0x5d7e, 0x5d7f, 0x5d81, 0x5d82, 0x5d83, 0x5d84, 0x5d87, 0x5d88, 0x5d8a, 0x5d8b, 0x5d8c, 0x5d90, 0x5d92, 0x5d93, 0x5d94, 0x5d95,
    0x5d99, 0x5d9b, 0x5d9d, 0x5d9f, 0x5da0, 0x5da2, 0x5da7, 0x5dab, 0x5dac, 0x5dae, 0x5db0, 0x5db2, 0x5db4, 0x5db7, 0x5db8, 0x5db9,
    0x5dba, 0x5dbc, 0x5dbd, 0x5dc3, 0x5dc7, 0x5dc9, 0x5dcb, 0x5dcc, 0x5dcd, 0x5dce, 0x5dd0, 0x5dd2, 0x5dd3, 0x5dd6, 0x5dd8, 0x5dd9,
    0x5ddb, 0x5ddd, 0x5dde, 0x5de0, 0x5de1, 0x5de3, 0x5de4, 0x5de5, 0x5de6, 0x5de7, 0x5de8, 0x5de9, 0x5deb, 0x5dee, 0x5df1, 0x5df2,
    0x5df3, 0x5df4, 0x5df5, 0x5df7, 0x5df8, 0x5df9, 0x5dfb, 0x5dfd, 0x5dfe, 0x5e00, 0x5e02, 0x5e03, 0x5e06, 0x5e07, 0x5e0b, 0x5e0c,
    0x5e0d, 0x5e11, 0x5e12, 0x5e14, 0x5e15, 0x5e16, 0x5e18, 0x5e19, 0x5e1a, 0x5e1b, 0x5e1d, 0x5e1f, 0x5e20, 0x5e25, 0x5e28, 0x5e2b,
    0x5e2d, 0x5e2e, 0x5e2f, 0x5e30, 0x5e32, 0x5e33, 0x5e35, 0x5e36, 0x5e37, 0x5e38, 0x5e3d, 0x5e3e, 0x5e40, 0x5e43, 0x5e44, 0x5e45,
    0x5e47, 0x5e49, 0x5e4b, 0x5e4c, 0x5e4e, 0x5e50, 0x5e51, 0x5e54, 0x5e55, 0x5e56, 0x5e57, 0x5e58, 0x5e5b, 0x5e5c, 0x5e5e, 0x5e5f,
    0x5e61, 0x5e62, 0x5e63, 0x5e64, 0x5e68, 0x5e6a, 0x5e6b, 0x5e6c, 0x5e6d, 0x5e6e, 0x5e70, 0x5e72, 0x5e73, 0x5e74, 0x5e75, 0x5e76,
    0x5e78, 0x5e79, 0x5e7a, 0x5e7b, 0x5e7c, 0x5e7d, 0x5e7e, 0x5e7f, 0x5e80, 0x5e81, 0x5e83, 0x5e84, 0x5e87, 0x5e8a, 0x5e8b, 0x5e8e,
    0x5e8f, 0x5e95, 0x5e96, 0x5e97, 0x5e9a, 0x5e9c, 0x5ea0, 0x5ea2, 0x5ea4, 0x5ea5, 0x5ea6, 0x5ea7, 0x5ea8, 0x5eaa, 0x5eab, 0x5eac,
    0x5ead, 0x5eb1, 0x5eb3, 0x5eb5, 0x5eb6, 0x5eb7, 0x5eb8, 0x5ebd, 0x5ebe, 0x5ebf, 0x5ec1, 0x5ec2, 0x5ec3, 0x5ec6, 0x5ec8, 0x5ec9,
    0x5eca, 0x5ecb, 0x5ecc, 0x5ece, 0x5ecf, 0x5ed0, 0x5ed1, 0x5ed2, 0x5ed3, 0x5ed4, 0x5ed5, 0x5ed6, 0x5eda, 0x5edb, 0x5edc, 0x5edd,
    0x5ede, 0x5edf, 0x5ee0, 0x5ee1, 0x5ee2, 0x5ee3, 0x5ee5, 0x5ee8, 0x5ee9, 0x5eeb, 0x5eec, 0x5ef0, 0x5ef1, 0x5ef3, 0x5ef4, 0x5ef6,
    0x5ef7, 0x5ef8, 0x5efa, 0x5efb, 0x5efc, 0x5efe, 0x5eff, 0x5f01, 0x5f02, 0x5f03, 0x5f04, 0x5f06, 0x5f07, 0x5f08, 0x5f09, 0x5f0a,
    0x5f0b, 0x5f0c, 0x5f0d, 0x5f0e, 0x5f0f, 0x5f10, 0x5f11, 0x5f13, 0x5f14, 0x5f15, 0x5f16, 0x5f17, 0x5f18, 0x5f19, 0x5f1b, 0x5f1c,
    0x5f1d, 0x5f1f, 0x5f21, 0x5f22, 0x5f23, 0x5f24, 0x5f25, 0x5f26, 0x5f27, 0x5f28, 0x5f29, 0x5f2b, 0x5f2c, 0x5f2d, 0x5f2e, 0x5f2f,
    0x5f30, 0x5f31, 0x5f34, 0x5f35, 0x5f36, 0x5f37, 0x5f38, 0x5f3b, 0x5f3c, 0x5f3d, 0x5f3e, 0x5f3f, 0x5f40, 0x5f41, 0x5f44, 0x5f45,
    0x5f47, 0x5f48, 0x5f4a, 0x5f4c, 0x5f4d, 0x5f4e, 0x5f50, 0x5f51, 0x5f53, 0x5f54, 0x5f56, 0x5f57, 0x5f58, 0x5f59, 0x5f5b, 0x5f5c,
    0x5f5d, 0x5f60, 0x5f61, 0x5f62, 0x5f63, 0x5f64, 0x5f66, 0x5f67, 0x5f69, 0x5f6a, 0x5f6b, 0x5f6c, 0x5f6d, 0x5f6f, 0x5f70, 0x5f71,
    0x5f72, 0x5f73, 0x5f74, 0x5f75, 0x5f77, 0x5f78, 0x5f79, 0x5f7a, 0x5f7c, 0x5f7d, 0x5f7e, 0x5f7f, 0x5f80, 0x5f81, 0x5f82, 0x5f83,
    0x5f84, 0x5f85, 0x5f87, 0x5f88, 0x5f89, 0x5f8a, 0x5f8b, 0x5f8c, 0x5f8d, 0x5f8f, 0x5f90, 0x5f91, 0x5f92, 0x5f93, 0x5f96, 0x5f97,
    0x5f98, 0x5f99, 0x5f9c, 0x5f9d, 0x5f9e, 0x5fa0, 0x5fa1, 0x5fa2, 0x5fa4, 0x5fa7, 0x5fa8, 0x5fa9, 0x5faa, 0x5fab, 0x5fac, 0x5fad,
    0x5fae, 0x5faf, 0x5fb0, 0x5fb1, 0x5fb3, 0x5fb4, 0x5fb7, 0x5fb8, 0x5fb9, 0x5fbc, 0x5fbd, 0x5fc3, 0x5fc4, 0x5fc5, 0x5fc7, 0x5fc8,
    0x5fc9, 0x5fcb, 0x5fcc, 0x5fcd, 0x5fd0, 0x5fd1, 0x5fd2, 0x5fd3, 0x5fd4, 0x5fd6, 0x5fd7, 0x5fd8, 0x5fd9, 0x5fdc, 0x5fdd, 0x5fde,
    0x5fe0, 0x5fe1, 0x5fe2, 0x5fe4, 0x5fe8, 0x5fe9, 0x5fea, 0x5feb, 0x5fec, 0x5fed, 0x5fee, 0x5fef, 0x5ff0, 0x5ff1, 0x5ff2, 0x5ff3,
    0x5ff5, 0x5ff6, 0x5ff8, 0x5ffa, 0x5ffb, 0x5ffc, 0x5ffd, 0x5fff, 0x6007, 0x600a, 0x600d, 0x600e, 0x600f, 0x6010, 0x6012, 0x6013,
    0x6014, 0x6015, 0x6016, 0x6017, 0x6018, 0x6019, 0x601a, 0x601b, 0x601c, 0x601d, 0x601f, 0x6020, 0x6021, 0x6024, 0x6025, 0x6026,
    0x6027, 0x6028, 0x6029, 0x602a, 0x602b, 0x602d, 0x602f, 0x6031, 0x6033, 0x6035, 0x603a, 0x6040, 0x6041, 0x6042, 0x6043, 0x6046,
    0x6047, 0x6048, 0x6049, 0x604a, 0x604b, 0x604c, 0x604d, 0x6050, 0x6051, 0x6052, 0x6054, 0x6055, 0x6056, 0x6057, 0x6059, 0x605a,
    0x605d, 0x605f, 0x6060, 0x6061, 0x6062, 0x6063, 0x6064, 0x6065, 0x6067, 0x6068, 0x6069, 0x606a, 0x606b, 0x606c, 0x606d, 0x606f,
    0x6070, 0x6071, 0x6075, 0x6077, 0x607e, 0x607f, 0x6081, 0x6082, 0x6083, 0x6084, 0x6085, 0x6086, 0x6088, 0x6089, 0x608a, 0x608b,
    0x608c, 0x608d, 0x608e, 0x6091, 0x6092, 0x6093, 0x6094, 0x6095, 0x6096, 0x6097, 0x6098, 0x609a, 0x609b, 0x609d, 0x609e, 0x609f,
    0x60a0, 0x60a2, 0x60a3, 0x60a4, 0x60a5, 0x60a6, 0x60a7, 0x60a8, 0x60a9, 0x60aa, 0x60b0, 0x60b1, 0x60b2, 0x60b3, 0x60b4, 0x60b5,
    0x60b6, 0x60b7, 0x60b8, 0x60bb, 0x60bc, 0x60bd, 0x60be, 0x60c2, 0x60c4, 0x60c5, 0x60c6, 0x60c7, 0x60c8, 0x60c9, 0x60ca, 0x60cb,
    0x60ce, 0x60cf, 0x60d1, 0x60d3, 0x60d4, 0x60d5, 0x60d8, 0x60d9, 0x60da, 0x60db, 0x60dc, 0x60dd, 0x60de, 0x60df, 0x60e0, 0x60e1,
    0x60e2, 0x60e3, 0x60e5, 0x60e7, 0x60e8, 0x60f0, 0x60f1, 0x60f2, 0x60f3, 0x60f4, 0x60f5, 0x60f6, 0x60f7, 0x60f8, 0x60f9, 0x60fa,
    0x60fb, 0x60fc, 0x60fd, 0x6100, 0x6101, 0x6102, 0x6103, 0x6106, 0x6107, 0x6108, 0x6109, 0x610a, 0x610c, 0x610d, 0x610e, 0x610f,
    0x6110, 0x6111, 0x6112, 0x6113, 0x6114, 0x6115, 0x6116, 0x6117, 0x6119, 0x611a, 0x611b, 0x611c, 0x611e, 0x611f, 0x6120, 0x6121,
    0x6122, 0x6127, 0x6128, 0x612a, 0x612b, 0x612c, 0x6130, 0x6131, 0x6134, 0x6135, 0x6136, 0x6137, 0x6139, 0x613c, 0x613d, 0x613e,
    0x613f, 0x6141, 0x6142, 0x6144, 0x6145, 0x6146, 0x6147, 0x6148, 0x6149, 0x614a, 0x614b, 0x614c, 0x614d, 0x614e, 0x6153, 0x6155,
    0x6158, 0x6159, 0x615a, 0x615d, 0x615e, 0x615f, 0x6160, 0x6162, 0x6163, 0x6165, 0x6167, 0x6168, 0x616b, 0x616c, 0x616e, 0x616f,
    0x6170, 0x6171, 0x6172, 0x6173, 0x6174, 0x6175, 0x6176, 0x6177, 0x6178, 0x617b, 0x617c, 0x617e, 0x617f, 0x6180, 0x6181, 0x6182,
    0x6183, 0x6184, 0x6187, 0x618a, 0x618b, 0x618d, 0x618e, 0x6190, 0x6191, 0x6192, 0x6193, 0x6194, 0x6196, 0x6197, 0x6198, 0x6199,
    0x619a, 0x619c, 0x619d, 0x619f, 0x61a0, 0x61a4, 0x61a5, 0x61a7, 0x61a8, 0x61a9, 0x61aa, 0x61ab, 0x61ac, 0x61ad, 0x61ae, 0x61b2,
    0x61b6, 0x61b8, 0x61b9, 0x61ba, 0x61bc, 0x61be, 0x61c0, 0x61c1, 0x61c2, 0x61c3, 0x61c6, 0x61c7, 0x61c8, 0x61c9, 0x61ca, 0x61cb,
    0x61cc, 0x61cd, 0x61ce, 0x61cf, 0x61d0, 0x61d5, 0x61dc, 0x61dd, 0x61de, 0x61df, 0x61e1, 0x61e2, 0x61e3, 0x61e5, 0x61e6, 0x61e7,
    0x61e9, 0x61ec, 0x61ed, 0x61ef, 0x61f2, 0x61f4, 0x61f6, 0x61f7, 0x61f8, 0x61fa, 0x61fc, 0x61fd, 0x61fe, 0x61ff, 0x6200, 0x6201,
    0x6203, 0x6204, 0x6207, 0x6208, 0x6209, 0x620a, 0x620c, 0x620d, 0x620e, 0x6210, 0x6211, 0x6212, 0x6213, 0x6214, 0x6215, 0x6216,
    0x621a, 0x621b, 0x621c, 0x621d, 0x621e, 0x621f, 0x6220, 0x6221, 0x6222, 0x6223, 0x6226, 0x6227, 0x6229, 0x622a, 0x622b, 0x622e,
    0x622f, 0x6230, 0x6232, 0x6233, 0x6234, 0x6238, 0x6239, 0x623b, 0x623d, 0x623f, 0x6240, 0x6241, 0x6242, 0x6243, 0x6244, 0x6246,
    0x6247, 0x6248, 0x6249, 0x624b, 0x624c, 0x624d, 0x624e, 0x6250, 0x6251, 0x6252, 0x6253, 0x6254, 0x6255, 0x6256, 0x6258, 0x625a,
    0x625b, 0x625c, 0x625e, 0x6260, 0x6263, 0x6264, 0x6268, 0x626d, 0x626e, 0x626f, 0x6271, 0x6273, 0x6276, 0x6279, 0x627a, 0x627c,
    0x627d, 0x627e, 0x627f, 0x6280, 0x6282, 0x6283, 0x6284, 0x6289, 0x628a, 0x628d, 0x628e, 0x628f, 0x6290, 0x6291, 0x6292, 0x6293,
    0x6294, 0x6295, 0x6296, 0x6297, 0x6298, 0x629b, 0x629c, 0x629e, 0x62a6, 0x62a8, 0x62ab, 0x62ac, 0x62b1, 0x62b3, 0x62b5, 0x62b6,
    0x62b7, 0x62b9, 0x62ba, 0x62bb, 0x62bc, 0x62bd, 0x62be, 0x62bf, 0x62c2, 0x62c4, 0x62c5, 0x62c6, 0x62c7, 0x62c8, 0x62c9, 0x62ca,
    0x62cc, 0x62cd, 0x62ce, 0x62cf, 0x62d0, 0x62d1, 0x62d2, 0x62d3, 0x62d4, 0x62d5, 0x62d6, 0x62d7, 0x62d8, 0x62d9, 0x62da, 0x62db,
    0x62dc, 0x62dd, 0x62e0, 0x62e1, 0x62ea, 0x62ec, 0x62ed, 0x62ee, 0x62ef, 0x62f1, 0x62f2, 0x62f3, 0x62f4, 0x62f5, 0x62f6, 0x62f7,
    0x62fc, 0x62fd, 0x62fe, 0x62ff, 0x6301, 0x6302, 0x6303, 0x6304, 0x6307, 0x6308, 0x6309, 0x630a, 0x630b, 0x630c, 0x630d, 0x6310,
    0x6311, 0x6313, 0x6316, 0x6318, 0x6319, 0x631f, 0x6327, 0x6328, 0x6329, 0x632a, 0x632b, 0x632d, 0x632f, 0x6335, 0x6336, 0x6339,
    0x633a, 0x633c, 0x633d, 0x633e, 0x633f, 0x6341, 0x6342, 0x6343, 0x6344, 0x6346, 0x6349, 0x634a, 0x634b, 0x634c, 0x634d, 0x634e,
    0x634f, 0x6350, 0x6352, 0x6353, 0x6354, 0x6355, 0x6357, 0x6358, 0x635b, 0x635c, 0x6365, 0x6366, 0x6367, 0x6368, 0x6369, 0x636b,
    0x636c, 0x636d, 0x636e, 0x6371, 0x6372, 0x6374, 0x6375, 0x6376, 0x6377, 0x6378, 0x637a, 0x637b, 0x637c, 0x637d, 0x637f, 0x6380,
    0x6382, 0x6383, 0x6384, 0x6387, 0x6388, 0x6389, 0x638a, 0x638c, 0x638e, 0x638f, 0x6390, 0x6392, 0x6394, 0x6395, 0x6396, 0x6398,
    0x6399, 0x639a, 0x639b, 0x639e, 0x639f, 0x63a0, 0x63a1, 0x63a2, 0x63a3, 0x63a4, 0x63a5, 0x63a6, 0x63a7, 0x63a8, 0x63a9, 0x63aa,
    0x63ab, 0x63ac, 0x63ad, 0x63ae, 0x63af, 0x63b2, 0x63b4, 0x63b5, 0x63bb, 0x63bd, 0x63be, 0x63c0, 0x63c1, 0x63c3, 0x63c4, 0x63c5,
    0x63c6, 0x63c8, 0x63c9, 0x63ce, 0x63cf, 0x63d0, 0x63d1, 0x63d2, 0x63d3, 0x63d4, 0x63d5, 0x63d6, 0x63da, 0x63db, 0x63dc, 0x63e0,
    0x63e1, 0x63e3, 0x63e5, 0x63e9, 0x63ea, 0x63ec, 0x63ee, 0x63f2, 0x63f3, 0x63f4, 0x63f5, 0x63f6, 0x63f8, 0x63f9, 0x63fa, 0x6406,
    0x6409, 0x640a, 0x640d, 0x640f, 0x6410, 0x6412, 0x6413, 0x6414, 0x6416, 0x6417, 0x6418, 0x641c, 0x641e, 0x6420, 0x6422, 0x6424,
    0x6425, 0x6426, 0x6428, 0x6429, 0x642a, 0x642c, 0x642d, 0x642f, 0x6430, 0x6434, 0x6435, 0x6436, 0x643a, 0x643d, 0x643e, 0x643f,
    0x6442, 0x644b, 0x644e, 0x644f, 0x6451, 0x6452, 0x6453, 0x6454, 0x6458, 0x645a, 0x645b, 0x645c, 0x645d, 0x645f, 0x6460, 0x6461,
    0x6463, 0x6467, 0x6469, 0x646d, 0x646f, 0x6473, 0x6474, 0x6476, 0x6478, 0x647a, 0x647b, 0x647d, 0x6483, 0x6485, 0x6487, 0x6488,
    0x648f, 0x6490, 0x6491, 0x6492, 0x6493, 0x6495, 0x6498, 0x6499, 0x649a, 0x649b, 0x649d, 0x649e, 0x649f, 0x64a1, 0x64a3, 0x64a4,
    0x64a5, 0x64a6, 0x64a8, 0x64a9, 0x64ab, 0x64ac, 0x64ad, 0x64ae, 0x64b0, 0x64b2, 0x64b3, 0x64b9, 0x64bb, 0x64bc, 0x64bd, 0x64be,
    0x64bf, 0x64c1, 0x64c2, 0x64c4, 0x64c5, 0x64c7, 0x64c9, 0x64ca, 0x64cb, 0x64cc, 0x64cd, 0x64ce, 0x64d0, 0x64d1, 0x64d2, 0x64d4,
    0x64d5, 0x64d7, 0x64d8, 0x64da, 0x64e0, 0x64e1, 0x64e2, 0x64e3, 0x64e4, 0x64e5, 0x64e6, 0x64e7, 0x64e9, 0x64ea, 0x64ec, 0x64ed,
    0x64ef, 0x64f0, 0x64f1, 0x64f2, 0x64f4, 0x64f5, 0x64f6, 0x64f7, 0x64fa, 0x64fb, 0x64fd, 0x64fe, 0x64ff, 0x6500, 0x6501, 0x6504,
    0x6505, 0x6508, 0x6509, 0x650a, 0x650f, 0x6513, 0x6514, 0x6516, 0x6518, 0x6519, 0x651b, 0x651c, 0x651d, 0x651e, 0x651f, 0x6522,
    0x6523, 0x6524, 0x6526, 0x6529, 0x652a, 0x652b, 0x652c, 0x652e, 0x652f, 0x6531, 0x6534, 0x6535, 0x6536, 0x6537, 0x6538, 0x6539,
    0x653a, 0x653b, 0x653c, 0x653d, 0x653e, 0x653f, 0x6543, 0x6545, 0x6547, 0x6548, 0x6549, 0x654d, 0x654e, 0x654f, 0x6550, 0x6551,
    0x6552, 0x6554, 0x6555, 0x6556, 0x6557, 0x6558, 0x6559, 0x655d, 0x655e, 0x655f, 0x6560, 0x6562, 0x6563, 0x6566, 0x6567, 0x656b,
    0x656c, 0x6570, 0x6572, 0x6574, 0x6575, 0x6577, 0x6578, 0x657a, 0x657d, 0x6581, 0x6582, 0x6583, 0x6585, 0x6587, 0x6588, 0x6589,
    0x658a, 0x658c, 0x658e, 0x6590, 0x6591, 0x6592, 0x6595, 0x6597, 0x6598, 0x6599, 0x659b, 0x659c, 0x659d, 0x659f, 0x65a0, 0x65a1,
    0x65a3, 0x65a4, 0x65a5, 0x65a6, 0x65a7, 0x65ab, 0x65ac, 0x65ad, 0x65ae, 0x65af, 0x65b0, 0x65b2, 0x65b3, 0x65b4, 0x65b7, 0x65b9,
    0x65bc, 0x65bd, 0x65bf, 0x65c1, 0x65c2, 0x65c3, 0x65c4, 0x65c5, 0x65c6, 0x65c8, 0x65c9, 0x65cb, 0x65cc, 0x65ce, 0x65cf, 0x65d0,
    0x65d2, 0x65d4, 0x65d6, 0x65d7, 0x65d8, 0x65d9, 0x65db, 0x65df, 0x65e0, 0x65e1, 0x65e2, 0x65e5, 0x65e6, 0x65e7, 0x65e8, 0x65e9,
    0x65ec, 0x65ed, 0x65f0, 0x65f1, 0x65f2, 0x65f4, 0x65f5, 0x65f9, 0x65fa, 0x65fb, 0x65fe, 0x65ff, 0x6600, 0x6602, 0x6603, 0x6604,
    0x6606, 0x6607, 0x6608, 0x6609, 0x660a, 0x660c, 0x660d, 0x660e, 0x660f, 0x6611, 0x6612, 0x6613, 0x6614, 0x6615, 0x6616, 0x661c,
    0x661d, 0x661e, 0x661f, 0x6620, 0x6621, 0x6622, 0x6623, 0x6624, 0x6625, 0x6626, 0x6627, 0x6628, 0x6629, 0x662a, 0x662b, 0x662c,
    0x662d, 0x662e, 0x662f, 0x6630, 0x6631, 0x6633, 0x6634, 0x6635, 0x6636, 0x6637, 0x6639, 0x663b, 0x663c, 0x663f, 0x6640, 0x6641,
    0x6642, 0x6643, 0x6644, 0x6645, 0x6646, 0x6649, 0x664a, 0x664b, 0x664c, 0x664e, 0x664f, 0x6651, 0x6652, 0x6657, 0x6658, 0x6659,
    0x665b, 0x665c, 0x665d, 0x665e, 0x665f, 0x6660, 0x6661, 0x6662, 0x6664, 0x6665, 0x6666, 0x6667, 0x6668, 0x6669, 0x666a, 0x666b,
    0x666c, 0x666e, 0x666f, 0x6670, 0x6673, 0x6674, 0x6675, 0x6676, 0x6677, 0x6678, 0x6679, 0x667a, 0x667b, 0x667c, 0x667e, 0x667f,
    0x6680, 0x6681, 0x6683, 0x6684, 0x6687, 0x6688, 0x6689, 0x668b, 0x668c, 0x668d, 0x668e, 0x6690, 0x6691, 0x6692, 0x6696, 0x6697,
    0x6698, 0x6699, 0x669a, 0x669b, 0x669c, 0x669d, 0x669f, 0x66a0, 0x66a2, 0x66a4, 0x66a6, 0x66ab, 0x66ad, 0x66ae, 0x66b1, 0x66b2,
    0x66b4, 0x66b5, 0x66b8, 0x66b9, 0x66bb, 0x66bc, 0x66be, 0x66bf, 0x66c0, 0x66c1, 0x66c2, 0x66c3, 0x66c4, 0x66c7, 0x66c8, 0x66c9,
    0x66cc, 0x66ce, 0x66cf, 0x66d4, 0x66d6, 0x66d9, 0x66da, 0x66db, 0x66dc, 0x66dd, 0x66df, 0x66e0, 0x66e6, 0x66e8, 0x66e9, 0x66eb,
    0x66ec, 0x66ee, 0x66f0, 0x66f2, 0x66f3, 0x66f4, 0x66f5, 0x66f7, 0x66f8, 0x66f9, 0x66fa, 0x66fb, 0x66fc, 0x66fd, 0x66fe, 0x66ff,
    0x6700, 0x6703, 0x6705, 0x6707, 0x6708, 0x6709, 0x670b, 0x670d, 0x670e, 0x670f, 0x6713, 0x6714, 0x6715, 0x6716, 0x6717, 0x6719,
    0x671b, 0x671c, 0x671d, 0x671e, 0x671f, 0x6720, 0x6722, 0x6726, 0x6727, 0x6728, 0x672a, 0x672b, 0x672c, 0x672d, 0x672e, 0x6731,
    0x6733, 0x6734, 0x6736, 0x6737, 0x6738, 0x673a, 0x673d, 0x673e, 0x673f, 0x6741, 0x6745, 0x6746, 0x6747, 0x6748, 0x6749, 0x674c,
    0x674e, 0x674f, 0x6750, 0x6751, 0x6753, 0x6754, 0x6755, 0x6756, 0x6759, 0x675c, 0x675d, 0x675e, 0x675f, 0x6760, 0x6761, 0x6762,
    0x6763, 0x6764, 0x6765, 0x6766, 0x676a, 0x676c, 0x676d, 0x676e, 0x676f, 0x6770, 0x6771, 0x6772, 0x6773, 0x6774, 0x6775, 0x6776,
    0x6777, 0x677b, 0x677c, 0x677e, 0x677f, 0x6781, 0x6784, 0x6785, 0x6787, 0x6789, 0x678b, 0x678c, 0x678e, 0x678f, 0x6790, 0x6791,
    0x6793, 0x6795, 0x6796, 0x6797, 0x6798, 0x6799, 0x679a, 0x679b, 0x679c, 0x679d, 0x67a0, 0x67a1, 0x67a2, 0x67a6, 0x67a9, 0x67af,
    0x67b0, 0x67b1, 0x67b2, 0x67b3, 0x67b4, 0x67b5, 0x67b6, 0x67b7, 0x67b8, 0x67b9, 0x67bb, 0x67bc, 0x67bd, 0x67c0, 0x67c1, 0x67c2,
    0x67c3, 0x67c4, 0x67c5, 0x67c6, 0x67c8, 0x67c9, 0x67ca, 0x67ce, 0x67cf, 0x67d0, 0x67d1, 0x67d2, 0x67d3, 0x67d4, 0x67d7, 0x67d8,
    0x67d9, 0x67da, 0x67dc, 0x67dd, 0x67de, 0x67e1, 0x67e2, 0x67e4, 0x67e6, 0x67e7, 0x67e9, 0x67ec, 0x67ee, 0x67ef, 0x67f0, 0x67f1,
    0x67f2, 0x67f3, 0x67f4, 0x67f5, 0x67f6, 0x67f7, 0x67f9, 0x67fb, 0x67fe, 0x67ff, 0x6801, 0x6802, 0x6803, 0x6804, 0x6813, 0x6814,
    0x6816, 0x6817, 0x6819, 0x681d, 0x681e, 0x681f, 0x6821, 0x6822, 0x6827, 0x6828, 0x6829, 0x682a, 0x682b, 0x682c, 0x682d, 0x682f,
    0x6830, 0x6831, 0x6832, 0x6833, 0x6834, 0x6838, 0x6839, 0x683b, 0x683c, 0x683d, 0x683f, 0x6840, 0x6841, 0x6842, 0x6843, 0x6844,
    0x6845, 0x6846, 0x6848, 0x684a, 0x684c, 0x684d, 0x684e, 0x6850, 0x6851, 0x6852, 0x6853, 0x6854, 0x6855, 0x6857, 0x6858, 0x6859,
    0x685b, 0x685c, 0x685d, 0x685f, 0x6863, 0x6867, 0x686b, 0x686e, 0x686f, 0x6870, 0x6871, 0x6872, 0x6874, 0x6875, 0x6876, 0x6877,
    0x6879, 0x687a, 0x687b, 0x687c, 0x687e, 0x687f, 0x6881, 0x6882, 0x6883, 0x6884, 0x6885, 0x6886, 0x6888, 0x688d, 0x688f, 0x6893,
    0x6894, 0x6896, 0x6897, 0x6898, 0x689a, 0x689b, 0x689c, 0x689d, 0x689f, 0x68a0, 0x68a1, 0x68a2, 0x68a3, 0x68a5, 0x68a6, 0x68a7,
    0x68a8, 0x68a9, 0x68aa, 0x68ad, 0x68ae, 0x68af, 0x68b0, 0x68b1, 0x68b2, 0x68b3, 0x68b5, 0x68b6, 0x68b9, 0x68ba, 0x68bb, 0x68bc,
    0x68c4, 0x68c5, 0x68c6, 0x68c8, 0x68c9, 0x68ca, 0x68cb, 0x68cc, 0x68cd, 0x68cf, 0x68d0, 0x68d1, 0x68d2, 0x68d3, 0x68d4, 0x68d5,
    0x68d6, 0x68d7, 0x68d8, 0x68d9, 0x68da, 0x68dc, 0x68dd, 0x68df, 0x68e0, 0x68e1, 0x68e3, 0x68e5, 0x68e7, 0x68e8, 0x68ea, 0x68eb,
    0x68ec, 0x68ed, 0x68ee, 0x68ef, 0x68f0, 0x68f1, 0x68f2, 0x68f5, 0x68f6, 0x68f9, 0x68fa, 0x68fb, 0x68fc, 0x68fd, 0x6900, 0x6901,
    0x6904, 0x6905, 0x6906, 0x6908, 0x6909, 0x690a, 0x690b, 0x690c, 0x690d, 0x690e, 0x690f, 0x6910, 0x6911, 0x6912, 0x6913, 0x6916,
    0x6917, 0x6919, 0x691a, 0x691b, 0x691c, 0x6921, 0x6922, 0x6923, 0x6925, 0x6926, 0x6928, 0x692a, 0x6930, 0x6931, 0x6933, 0x6934,
    0x6935, 0x6936, 0x6938, 0x6939, 0x693b, 0x693d, 0x693f, 0x6942, 0x6945, 0x6949, 0x694a, 0x694e, 0x6953, 0x6954, 0x6955, 0x6957,
    0x6959, 0x695a, 0x695b, 0x695c, 0x695d, 0x695e, 0x6960, 0x6961, 0x6962, 0x6963, 0x6964, 0x6965, 0x6966, 0x6968, 0x6969, 0x696a,
    0x696b, 0x696c, 0x696d, 0x696e, 0x696f, 0x6970, 0x6971, 0x6972, 0x6973, 0x6974, 0x6975, 0x6977, 0x6978, 0x6979, 0x697a, 0x697b,
    0x697c, 0x697d, 0x697e, 0x697f, 0x6980, 0x6981, 0x6982, 0x698a, 0x698d, 0x698e, 0x6991, 0x6992, 0x6994, 0x6995, 0x6996, 0x6998,
    0x699b, 0x699c, 0x69a0, 0x69a1, 0x69a5, 0x69a6, 0x69a7, 0x69a8, 0x69ab, 0x69ad, 0x69ae, 0x69af, 0x69b1, 0x69b2, 0x69b4, 0x69b7,
    0x69b8, 0x69ba, 0x69bb, 0x69bc, 0x69be, 0x69bf, 0x69c1, 0x69c3, 0x69c5, 0x69c7, 0x69c8, 0x69ca, 0x69cb, 0x69cc, 0x69cd, 0x69ce,
    0x69d0, 0x69d1, 0x69d3, 0x69d6, 0x69d7, 0x69d8, 0x69d9, 0x69dd, 0x69de, 0x69e2, 0x69e5, 0x69e7, 0x69e8, 0x69eb, 0x69ed, 0x69ee,
    0x69ef, 0x69f1, 0x69f2, 0x69f3, 0x69f5, 0x69f9, 0x69fb, 0x69fd, 0x69fe, 0x69ff, 0x6a00, 0x6a01, 0x6a02, 0x6a03, 0x6a05, 0x6a0a,
    0x6a0b, 0x6a0c, 0x6a0f, 0x6a11, 0x6a12, 0x6a13, 0x6a14, 0x6a15, 0x6a17, 0x6a19, 0x6a1a, 0x6a1b, 0x6a1d, 0x6a1e, 0x6a1f, 0x6a20,
    0x6a21, 0x6a22, 0x6a23, 0x6a24, 0x6a28, 0x6a29, 0x6a2a, 0x6a2b, 0x6a2e, 0x6a30, 0x6a32, 0x6a34, 0x6a35, 0x6a36, 0x6a37, 0x6a38,
    0x6a39, 0x6a3a, 0x6a3b, 0x6a3d, 0x6a3e, 0x6a3f, 0x6a44, 0x6a45, 0x6a46, 0x6a47, 0x6a48, 0x6a49, 0x6a4a, 0x6a4b, 0x6a4e, 0x6a50,
    0x6a51, 0x6a52, 0x6a55, 0x6a56, 0x6a58, 0x6a59, 0x6a5b, 0x6a5f, 0x6a61, 0x6a62, 0x6a64, 0x6a66, 0x6a67, 0x6a6a, 0x6a6b, 0x6a71,
    0x6a72, 0x6a73, 0x6a78, 0x6a7e, 0x6a7f, 0x6a80, 0x6a81, 0x6a83, 0x6a84, 0x6a86, 0x6a87, 0x6a89, 0x6a8b, 0x6a8d, 0x6a8e, 0x6a90,
    0x6a91, 0x6a97, 0x6a9b, 0x6a9c, 0x6a9d, 0x6a9e, 0x6a9f, 0x6aa0, 0x6aa2, 0x6aa3, 0x6aa5, 0x6aaa, 0x6aab, 0x6aac, 0x6aae, 0x6aaf,
    0x6ab0, 0x6ab1, 0x6ab3, 0x6ab4, 0x6ab8, 0x6abb, 0x6abd, 0x6abe, 0x6abf, 0x6ac1, 0x6ac2, 0x6ac3, 0x6ac6, 0x6ac8, 0x6ac9, 0x6acc,
    0x6ad0, 0x6ad1, 0x6ad3, 0x6ad4, 0x6ad5, 0x6ad6, 0x6ada, 0x6adb, 0x6adc, 0x6add, 0x6ade, 0x6adf, 0x6ae2, 0x6ae4, 0x6ae7, 0x6ae8,
    0x6aea, 0x6aec, 0x6af0, 0x6af1, 0x6af2, 0x6afa, 0x6afb, 0x6afc, 0x6afd, 0x6b02, 0x6b03, 0x6b04, 0x6b05, 0x6b06, 0x6b07, 0x6b09,
    0x6b0a, 0x6b0f, 0x6b10, 0x6b11, 0x6b12, 0x6b16, 0x6b17, 0x6b1b, 0x6b1d, 0x6b1e, 0x6b1f, 0x6b20, 0x6b21, 0x6b23, 0x6b24, 0x6b27,
    0x6b28, 0x6b2b, 0x6b2c, 0x6b2f, 0x6b32, 0x6b35, 0x6b36, 0x6b37, 0x6b38, 0x6b39, 0x6b3a, 0x6b3b, 0x6b3d, 0x6b3e, 0x6b3f, 0x6b43,
    0x6b46, 0x6b47, 0x6b49, 0x6b4a, 0x6b4c, 0x6b4d, 0x6b4e, 0x6b50, 0x6b52, 0x6b53, 0x6b54, 0x6b56, 0x6b58, 0x6b59, 0x6b5b, 0x6b5d,
    0x6b5f, 0x6b60, 0x6b61, 0x6b62, 0x6b63, 0x6b64, 0x6b66, 0x6b67, 0x6b69, 0x6b6a, 0x6b6b, 0x6b6e, 0x6b6f, 0x6b70, 0x6b73, 0x6b74,
    0x6b75, 0x6b78, 0x6b79, 0x6b7b, 0x6b7d, 0x6b7e, 0x6b7f, 0x6b80, 0x6b82, 0x6b83, 0x6b84, 0x6b85, 0x6b86, 0x6b89, 0x6b8a, 0x6b8b,
    0x6b8d, 0x6b95, 0x6b96, 0x6b97, 0x6b98, 0x6b9b, 0x6b9e, 0x6b9f, 0x6ba0, 0x6ba2, 0x6ba3, 0x6ba4, 0x6ba8, 0x6ba9, 0x6baa, 0x6bab,
    0x6bac, 0x6bad, 0x6bae, 0x6baf, 0x6bb0, 0x6bb1, 0x6bb2, 0x6bb3, 0x6bb4, 0x6bb5, 0x6bb7, 0x6bb8, 0x6bb9, 0x6bba, 0x6bbb, 0x6bbc,
    0x6bbd, 0x6bbe, 0x6bbf, 0x6bc0, 0x6bc3, 0x6bc4, 0x6bc5, 0x6bc6, 0x6bc9, 0x6bcb, 0x6bcc, 0x6bcd, 0x6bce, 0x6bd2, 0x6bd3, 0x6bd4,
    0x6bd6, 0x6bd8, 0x6bda, 0x6bdb, 0x6bdf, 0x6be1, 0x6be3, 0x6be6, 0x6be7, 0x6beb, 0x6bec, 0x6bee, 0x6bef, 0x6bf1, 0x6bf3, 0x6bf7,
    0x6bf9, 0x6bff, 0x6c02, 0x6c04, 0x6c05, 0x6c08, 0x6c09, 0x6c0d, 0x6c0e, 0x6c0f, 0x6c10, 0x6c11, 0x6c12, 0x6c13, 0x6c14, 0x6c17,
    0x6c19, 0x6c1b, 0x6c1f, 0x6c23, 0x6c24, 0x6c26, 0x6c27, 0x6c28, 0x6c2c, 0x6c2e, 0x6c33, 0x6c34, 0x6c35, 0x6c36, 0x6c37, 0x6c38,
    0x6c3a, 0x6c3b, 0x6c3e, 0x6c3f, 0x6c40, 0x6c41, 0x6c42, 0x6c4a, 0x6c4b, 0x6c4d, 0x6c4e, 0x6c4f, 0x6c50, 0x6c52, 0x6c54, 0x6c55,
    0x6c57, 0x6c59, 0x6c5a, 0x6c5b, 0x6c5c, 0x6c5d, 0x6c5e, 0x6c5f, 0x6c60, 0x6c62, 0x6c67, 0x6c68, 0x6c6a, 0x6c6b, 0x6c6d, 0x6c6f,
    0x6c70, 0x6c72, 0x6c73, 0x6c74, 0x6c76, 0x6c78, 0x6c79, 0x6c7a, 0x6c7b, 0x6c7d, 0x6c7e, 0x6c81, 0x6c82, 0x6c83, 0x6c85, 0x6c86,
    0x6c87, 0x6c88, 0x6c89, 0x6c8c, 0x6c8d, 0x6c90, 0x6c92, 0x6c93, 0x6c94, 0x6c95, 0x6c96, 0x6c97, 0x6c98, 0x6c99, 0x6c9a, 0x6c9b,
    0x6c9c, 0x6c9f, 0x6ca1, 0x6ca2, 0x6cab, 0x6cae, 0x6cb0, 0x6cb1, 0x6cb2, 0x6cb3, 0x6cb4, 0x6cb8, 0x6cb9, 0x6cba, 0x6cbb, 0x6cbc,
    0x6cbd, 0x6cbe, 0x6cbf, 0x6cc1, 0x6cc2, 0x6cc4, 0x6cc5, 0x6cc6, 0x6cc9, 0x6cca, 0x6ccc, 0x6ccd, 0x6ccf, 0x6cd0, 0x6cd1, 0x6cd2,
    0x6cd3, 0x6cd4, 0x6cd5, 0x6cd6, 0x6cd7, 0x6cd9, 0x6cda, 0x6cdb, 0x6cdc, 0x6cdd, 0x6ce0, 0x6ce1, 0x6ce2, 0x6ce3, 0x6ce5, 0x6ce7,
    0x6ce8, 0x6ce9, 0x6cea, 0x6ceb, 0x6cec, 0x6cee, 0x6cef, 0x6cf0, 0x6cf1, 0x6cf2, 0x6cf3, 0x6cf4, 0x6d04, 0x6d07, 0x6d0a, 0x6d0b,
    0x6d0c, 0x6d0e, 0x6d0f, 0x6d11, 0x6d12, 0x6d13, 0x6d17, 0x6d19, 0x6d1a, 0x6d1b, 0x6d1e, 0x6d1f, 0x6d25, 0x6d26, 0x6d27, 0x6d28,
    0x6d29, 0x6d2a, 0x6d2b, 0x6d2e, 0x6d2f, 0x6d31, 0x6d32, 0x6d33, 0x6d35, 0x6d36, 0x6d38, 0x6d39, 0x6d3b, 0x6d3c, 0x6d3d, 0x6d3e,
    0x6d3f, 0x6d41, 0x6d44, 0x6d45, 0x6d57, 0x6d59, 0x6d5a, 0x6d5c, 0x6d5e, 0x6d5f, 0x6d61, 0x6d63, 0x6d64, 0x6d65, 0x6d66, 0x6d67,
    0x6d69, 0x6d6a, 0x6d6c, 0x6d6e, 0x6d6f, 0x6d70, 0x6d74, 0x6d77, 0x6d78, 0x6d79, 0x6d7c, 0x6d82, 0x6d85, 0x6d87, 0x6d88, 0x6d8c,
    0x6d8e, 0x6d91, 0x6d92, 0x6d93, 0x6d94, 0x6d95, 0x6d96, 0x6d97, 0x6d98, 0x6d99, 0x6d9b, 0x6d9c, 0x6daa, 0x6dac, 0x6daf, 0x6db2,
    0x6db4, 0x6db5, 0x6db7, 0x6db8, 0x6db9, 0x6dbc, 0x6dbd, 0x6dbf, 0x6dc0, 0x6dc4, 0x6dc5, 0x6dc6, 0x6dc7, 0x6dc8, 0x6dca, 0x6dcb,
    0x6dcc, 0x6dce, 0x6dcf, 0x6dd1, 0x6dd2, 0x6dd5, 0x6dd6, 0x6dd8, 0x6dd9, 0x6ddb, 0x6ddd, 0x6dde, 0x6ddf, 0x6de0, 0x6de1, 0x6de2,
    0x6de4, 0x6de5, 0x6de6, 0x6de8, 0x6de9, 0x6dea, 0x6deb, 0x6dec, 0x6dee, 0x6def, 0x6df0, 0x6df1, 0x6df2, 0x6df3, 0x6df4, 0x6df5,
    0x6df6, 0x6df7, 0x6df8, 0x6df9, 0x6dfa, 0x6dfb, 0x6dfc, 0x6e00, 0x6e04, 0x6e05, 0x6e07, 0x6e08, 0x6e09, 0x6e0a, 0x6e0b, 0x6e13,
    0x6e15, 0x6e19, 0x6e1a, 0x6e1b, 0x6e1d, 0x6e1e, 0x6e1f, 0x6e20, 0x6e21, 0x6e22, 0x6e23, 0x6e24, 0x6e25, 0x6e26, 0x6e27, 0x6e29,
    0x6e2b, 0x6e2c, 0x6e2d, 0x6e2e, 0x6e2f, 0x6e32, 0x6e36, 0x6e38, 0x6e39, 0x6e3a, 0x6e3b, 0x6e3c, 0x6e3e, 0x6e43, 0x6e44, 0x6e45,
    0x6e48, 0x6e49, 0x6e4a, 0x6e4b, 0x6e4d, 0x6e4e, 0x6e4f, 0x6e51, 0x6e52, 0x6e53, 0x6e54, 0x6e56, 0x6e57, 0x6e58, 0x6e5b, 0x6e5c,
    0x6e5d, 0x6e5e, 0x6e5f, 0x6e62, 0x6e63, 0x6e67, 0x6e68, 0x6e6b, 0x6e6e, 0x6e6f, 0x6e72, 0x6e73, 0x6e76, 0x6e7b, 0x6e7d, 0x6e7e,
    0x6e7f, 0x6e80, 0x6e82, 0x6e8c, 0x6e8d, 0x6e8f, 0x6e90, 0x6e93, 0x6e96, 0x6e98, 0x6e99, 0x6e9c, 0x6e9d, 0x6e9f, 0x6ea0, 0x6ea2,
    0x6ea5, 0x6ea7, 0x6eaa, 0x6ead, 0x6eae, 0x6eaf, 0x6eb1, 0x6eb2, 0x6eb3, 0x6eb6, 0x6eb7, 0x6eba, 0x6ebb, 0x6ebd, 0x6ebf, 0x6ec0,
    0x6ec1, 0x6ec2, 0x6ec3, 0x6ec4, 0x6ec5, 0x6ec7, 0x6ec8, 0x6ec9, 0x6eca, 0x6ecb, 0x6ecc, 0x6ecd, 0x6ece, 0x6ecf, 0x6ed1, 0x6ed3,
    0x6ed4, 0x6ed5, 0x6edd, 0x6ede, 0x6eeb, 0x6eec, 0x6eed, 0x6eee, 0x6eef, 0x6ef2, 0x6ef4, 0x6ef7, 0x6ef8, 0x6ef9, 0x6efb, 0x6efd,
    0x6efe, 0x6eff, 0x6f01, 0x6f02, 0x6f04, 0x6f06, 0x6f08, 0x6f09, 0x6f0a, 0x6f0c, 0x6f0d, 0x6f0f, 0x6f11, 0x6f13, 0x6f14, 0x6f15,
    0x6f16, 0x6f18, 0x6f1a, 0x6f1b, 0x6f20, 0x6f22, 0x6f23, 0x6f26, 0x6f29, 0x6f2a, 0x6f2b, 0x6f2c, 0x6f2d, 0x6f2f, 0x6f30, 0x6f31,
    0x6f32, 0x6f33, 0x6f36, 0x6f38, 0x6f3b, 0x6f3c, 0x6f3e, 0x6f3f, 0x6f41, 0x6f45, 0x6f4f, 0x6f51, 0x6f52, 0x6f53, 0x6f54, 0x6f57,
    0x6f58, 0x6f59, 0x6f5a, 0x6f5b, 0x6f5c, 0x6f5d, 0x6f5e, 0x6f5f, 0x6f61, 0x6f62, 0x6f64, 0x6f66, 0x6f68, 0x6f6c, 0x6f6d, 0x6f6e,
    0x6f6f, 0x6f70, 0x6f74, 0x6f78, 0x6f7a, 0x6f7c, 0x6f7d, 0x6f7e, 0x6f80, 0x6f81, 0x6f82, 0x6f83, 0x6f84, 0x6f86, 0x6f87, 0x6f88,
    0x6f8b, 0x6f8c, 0x6f8d, 0x6f8e, 0x6f90, 0x6f91, 0x6f92, 0x6f93, 0x6f94, 0x6f96, 0x6f97, 0x6f9a, 0x6f9f, 0x6fa0, 0x6fa1, 0x6fa3,
    0x6fa4, 0x6fa5, 0x6fa6, 0x6fa7, 0x6fa8, 0x6faa, 0x6fae, 0x6faf, 0x6fb0, 0x6fb1, 0x6fb3, 0x6fb5, 0x6fb6, 0x6fb9, 0x6fbc, 0x6fc0,
    0x6fc1, 0x6fc2, 0x6fc3, 0x6fc5, 0x6fc6, 0x6fc7, 0x6fc8, 0x6fca, 0x6fd4, 0x6fd5, 0x6fd8, 0x6fda, 0x6fdb, 0x6fde, 0x6fdf, 0x6fe0,
    0x6fe1, 0x6fe4, 0x6fe8, 0x6fe9, 0x6feb, 0x6fec, 0x6fee, 0x6fef, 0x6ff0, 0x6ff1, 0x6ff3, 0x6ff5, 0x6ff6, 0x6ff9, 0x6ffa, 0x6ffc,
    0x6ffd, 0x6ffe, 0x7000, 0x7001, 0x7005, 0x7006, 0x7007, 0x7009, 0x700b, 0x700d, 0x700f, 0x7011, 0x7015, 0x7017, 0x7018, 0x701a,
    0x701b, 0x701d, 0x701e, 0x701f, 0x7020, 0x7023, 0x7026, 0x7027, 0x7028, 0x702c, 0x702f, 0x7030, 0x7032, 0x7034, 0x7037, 0x7039,
    0x703c, 0x703e, 0x7043, 0x7044, 0x7048, 0x7049, 0x704a, 0x704b, 0x704c, 0x704e, 0x7051, 0x7054, 0x7055, 0x7058, 0x705d, 0x705e,
    0x7063, 0x7064, 0x7065, 0x706b, 0x706c, 0x706e, 0x706f, 0x7070, 0x7075, 0x7076, 0x7078, 0x707c, 0x707d, 0x707e, 0x7081, 0x7085,
    0x7086, 0x7089, 0x708a, 0x708e, 0x7092, 0x7094, 0x7095, 0x7096, 0x7097, 0x7098, 0x7099, 0x709b, 0x70a4, 0x70ab, 0x70ac, 0x70ad,
    0x70ae, 0x70af, 0x70b0, 0x70b1, 0x70b3, 0x70b4, 0x70b7, 0x70b8, 0x70b9, 0x70ba, 0x70bb, 0x70c8, 0x70ca, 0x70cb, 0x70cf, 0x70d1,
    0x70d3, 0x70d4, 0x70d5, 0x70d6, 0x70d8, 0x70d9, 0x70dc, 0x70dd, 0x70df, 0x70e4, 0x70f1, 0x70f9, 0x70fa, 0x70fd, 0x7103, 0x7104,
    0x7105, 0x7106, 0x7107, 0x7109, 0x710b, 0x710c, 0x710f, 0x7114, 0x7119, 0x711a, 0x711c, 0x711e, 0x7120, 0x7121, 0x7126, 0x712b,
    0x712d, 0x712f, 0x7130, 0x7131, 0x7136, 0x7138, 0x713c, 0x7141, 0x7145, 0x7146, 0x7147, 0x7149, 0x714a, 0x714b, 0x714c, 0x714e,
    0x7150, 0x7152, 0x7155, 0x7156, 0x7157, 0x7159, 0x715a, 0x715c, 0x715e, 0x7160, 0x7162, 0x7164, 0x7165, 0x7166, 0x7167, 0x7168,
    0x7169, 0x716c, 0x716e, 0x7179, 0x717d, 0x7180, 0x7184, 0x7185, 0x7187, 0x7188, 0x718a, 0x718c, 0x718f, 0x7192, 0x7194, 0x7195,
    0x7199, 0x719a, 0x719b, 0x719f, 0x71a0, 0x71a2, 0x71a8, 0x71ac, 0x71af, 0x71b0, 0x71b1, 0x71b2, 0x71b3, 0x71b9, 0x71ba, 0x71be,
    0x71bf, 0x71c0, 0x71c1, 0x71c3, 0x71c4, 0x71c8, 0x71c9, 0x71cb, 0x71cc, 0x71ce, 0x71d0, 0x71d2, 0x71d3, 0x71d4, 0x71d5, 0x71d6,
    0x71d7, 0x71d9, 0x71da, 0x71dc, 0x71df, 0x71e0, 0x71e5, 0x71e6, 0x71e7, 0x71ec, 0x71ed, 0x71ee, 0x71f5, 0x71f8, 0x71f9, 0x71fb,
    0x71fc, 0x71fe, 0x71ff, 0x7200, 0x7206, 0x7207, 0x7208, 0x7209, 0x720d, 0x7210, 0x7213, 0x7217, 0x721a, 0x721b, 0x721d, 0x721f,
    0x7224, 0x7228, 0x722a, 0x722b, 0x722c, 0x722d, 0x722f, 0x7230, 0x7232, 0x7234, 0x7235, 0x7236, 0x7238, 0x7239, 0x723a, 0x723b,
    0x723c, 0x723d, 0x723e, 0x723f, 0x7240, 0x7241, 0x7242, 0x7243, 0x7245, 0x7246, 0x7247, 0x7248, 0x724b, 0x724c, 0x724e, 0x724f,
    0x7250, 0x7252, 0x7253, 0x7255, 0x7256, 0x7258, 0x7259, 0x725a, 0x725b, 0x725c, 0x725d, 0x725e, 0x725f, 0x7260, 0x7261, 0x7262,
    0x7263, 0x7267, 0x7268, 0x7269, 0x726b, 0x726e, 0x726f, 0x7271, 0x7272, 0x7274, 0x7277, 0x7278, 0x7279, 0x727b, 0x727c, 0x727d,
    0x727e, 0x727f, 0x7280, 0x7281, 0x7282, 0x7284, 0x7287, 0x7289, 0x728d, 0x728e, 0x7292, 0x7293, 0x7296, 0x729b, 0x72a0, 0x72a2,
    0x72a7, 0x72a8, 0x72ac, 0x72ad, 0x72ae, 0x72af, 0x72b1, 0x72b2, 0x72b4, 0x72b6, 0x72b9, 0x72be, 0x72c1, 0x72c2, 0x72c3, 0x72c4,
    0x72c6, 0x72c7, 0x72c9, 0x72cc, 0x72ce, 0x72d0, 0x72d2, 0x72d5, 0x72d6, 0x72d7, 0x72d8, 0x72d9, 0x72db, 0x72df, 0x72e0, 0x72e1,
    0x72e2, 0x72e5, 0x72e9, 0x72ec, 0x72ed, 0x72f3, 0x72f4, 0x72f7, 0x72f8, 0x72f9, 0x72fa, 0x72fb, 0x72fc, 0x72fd, 0x72fe, 0x7302,
    0x7304, 0x7305, 0x7307, 0x730a, 0x730b, 0x730d, 0x7312, 0x7313, 0x7316, 0x7317, 0x7318, 0x7319, 0x731b, 0x731c, 0x731d, 0x731e,
    0x731f, 0x7322, 0x7324, 0x7325, 0x7327, 0x7328, 0x7329, 0x732a, 0x732b, 0x732c, 0x732e, 0x732f, 0x7331, 0x7332, 0x7334, 0x7335,
    0x7336, 0x7337, 0x733a, 0x733b, 0x733d, 0x733e, 0x733f, 0x7343, 0x7344, 0x7345, 0x734d, 0x734e, 0x734f, 0x7350, 0x7352, 0x7356,
    0x7357, 0x7358, 0x735d, 0x735e, 0x735f, 0x7360, 0x7363, 0x7366, 0x7367, 0x7368, 0x7369, 0x736a, 0x736b, 0x736c, 0x736e, 0x736f,
    0x7370, 0x7371, 0x7372, 0x7375, 0x7377, 0x7378, 0x7379, 0x737a, 0x737b, 0x737c, 0x7380, 0x7381, 0x7383, 0x7384, 0x7385, 0x7386,
    0x7387, 0x7389, 0x738b, 0x738e, 0x7390, 0x7393, 0x7395, 0x7396, 0x7397, 0x7398, 0x739c, 0x739e, 0x739f, 0x73a0, 0x73a2, 0x73a5,
    0x73a6, 0x73a9, 0x73aa, 0x73ab, 0x73ad, 0x73b2, 0x73b3, 0x73b5, 0x73b7, 0x73b9, 0x73bb, 0x73bc, 0x73bd, 0x73bf, 0x73c0, 0x73c2,
    0x73c5, 0x73c6, 0x73c8, 0x73c9, 0x73ca, 0x73cb, 0x73cc, 0x73cd, 0x73ce, 0x73cf, 0x73d2, 0x73d3, 0x73d6, 0x73d9, 0x73dd, 0x73de,
    0x73e0, 0x73e1, 0x73e3, 0x73e5, 0x73e6, 0x73e7, 0x73e9, 0x73ea, 0x73ed, 0x73ee, 0x73f1, 0x73f4, 0x73f5, 0x73f7, 0x73f8, 0x73f9,
    0x73fa, 0x73fb, 0x73fd, 0x73fe, 0x73ff, 0x7400, 0x7401, 0x7403, 0x7404, 0x7405, 0x7406, 0x7407, 0x7409, 0x740a, 0x7411, 0x741a,
    0x741b, 0x7422, 0x7424, 0x7425, 0x7426, 0x7428, 0x7429, 0x742a, 0x742b, 0x742c, 0x742d, 0x742e, 0x742f, 0x7430, 0x7431, 0x7432,
    0x7433, 0x7434, 0x7435, 0x7436, 0x7439, 0x743a, 0x743f, 0x7440, 0x7441, 0x7443, 0x7444, 0x7446, 0x7447, 0x744b, 0x744d, 0x7451,
    0x7452, 0x7455, 0x7457, 0x7459, 0x745a, 0x745b, 0x745c, 0x745d, 0x745e, 0x745f, 0x7460, 0x7462, 0x7463, 0x7464, 0x7466, 0x7467,
    0x7468, 0x7469, 0x746a, 0x746b, 0x746d, 0x746e, 0x746f, 0x7470, 0x7471, 0x7472, 0x7473, 0x7476, 0x747e, 0x7480, 0x7481, 0x7483,
    0x7485, 0x7486, 0x7487, 0x7489, 0x748b, 0x748f, 0x7490, 0x7491, 0x7492, 0x7498, 0x7499, 0x749a, 0x749c, 0x749e, 0x749f, 0x74a0,
    0x74a1, 0x74a2, 0x74a3, 0x74a6, 0x74a7, 0x74a8, 0x74a9, 0x74aa, 0x74ab, 0x74ae, 0x74af, 0x74b0, 0x74b1, 0x74b2, 0x74b5, 0x74b9,
    0x74bb, 0x74bd, 0x74bf, 0x74c8, 0x74c9, 0x74ca, 0x74cc, 0x74cf, 0x74d0, 0x74d3, 0x74d4, 0x74d8, 0x74da, 0x74db, 0x74dc, 0x74de,
    0x74df, 0x74e0, 0x74e2, 0x74e3, 0x74e4, 0x74e6, 0x74e7, 0x74e8, 0x74e9, 0x74ea, 0x74eb, 0x74ee, 0x74ef, 0x74f0, 0x74f1, 0x74f2,
    0x74f4, 0x74f6, 0x74f7, 0x74f8, 0x74fa, 0x74fb, 0x74fc, 0x74ff, 0x7501, 0x7503, 0x7504, 0x7505, 0x7506, 0x750c, 0x750d, 0x750e,
    0x7511, 0x7512, 0x7513, 0x7515, 0x7516, 0x7517, 0x7518, 0x751a, 0x751c, 0x751e, 0x751f, 0x7520, 0x7521, 0x7523, 0x7524, 0x7525,
    0x7526, 0x7527, 0x7528, 0x7529, 0x752a, 0x752b, 0x752c, 0x752f, 0x7530, 0x7531, 0x7532, 0x7533, 0x7536, 0x7537, 0x7538, 0x7539,
    0x753a, 0x753b, 0x753c, 0x753d, 0x753e, 0x753f, 0x7540, 0x7543, 0x7544, 0x7546, 0x7547, 0x7548, 0x7549, 0x754a, 0x754b, 0x754c,
    0x754d, 0x754e, 0x754f, 0x7550, 0x7551, 0x7552, 0x7554, 0x7557, 0x7559, 0x755a, 0x755b, 0x755c, 0x755d, 0x755e, 0x755f, 0x7560,
    0x7561, 0x7562, 0x7564, 0x7565, 0x7566, 0x7567, 0x7569, 0x756a, 0x756b, 0x756d, 0x756f, 0x7570, 0x7571, 0x7573, 0x7574, 0x7576,
    0x7577, 0x7578, 0x7579, 0x757a, 0x757b, 0x757c, 0x757d, 0x757e, 0x757f, 0x7581, 0x7582, 0x7585, 0x7586, 0x7587, 0x7589, 0x758a,
    0x758b, 0x758e, 0x758f, 0x7590, 0x7591, 0x7592, 0x7593, 0x7594, 0x7595, 0x7599, 0x759a, 0x759c, 0x759d, 0x75a2, 0x75a3, 0x75a4,
    0x75a5, 0x75ab, 0x75b1, 0x75b2, 0x75b3, 0x75b4, 0x75b5, 0x75b8, 0x75b9, 0x75ba, 0x75bc, 0x75bd, 0x75be, 0x75bf, 0x75c0, 0x75c1,
    0x75c2, 0x75c3, 0x75c4, 0x75c5, 0x75c6, 0x75c7, 0x75ca, 0x75cc, 0x75cd, 0x75ce, 0x75cf, 0x75d2, 0x75d4, 0x75d5, 0x75d7, 0x75d8,
    0x75d9, 0x75db, 0x75dc, 0x75de, 0x75df, 0x75e0, 0x75e1, 0x75e2, 0x75e3, 0x75e4, 0x75e7, 0x75e9, 0x75ec, 0x75ee, 0x75ef, 0x75f0,
    0x75f1, 0x75f2, 0x75f3, 0x75f4, 0x75f9, 0x75fa, 0x75fc, 0x75fe, 0x75ff, 0x7600, 0x7601, 0x7602, 0x7603, 0x7604, 0x7607, 0x7608,
    0x7609, 0x760a, 0x760b, 0x760c, 0x760d, 0x760f, 0x7612, 0x7613, 0x7615, 0x7616, 0x7619, 0x761b, 0x761c, 0x761d, 0x761e, 0x761f,
    0x7620, 0x7621, 0x7622, 0x7623, 0x7624, 0x7625, 0x7626, 0x7627, 0x7629, 0x762d, 0x7630, 0x7632, 0x7633, 0x7634, 0x7635, 0x7638,
    0x7639, 0x763a, 0x763b, 0x763c, 0x7640, 0x7641, 0x7642, 0x7643, 0x7644, 0x7645, 0x7646, 0x7647, 0x7648, 0x7649, 0x764a, 0x764b,
    0x764c, 0x7652, 0x7655, 0x7656, 0x7658, 0x7659, 0x765c, 0x765f, 0x7661, 0x7662, 0x7664, 0x7665, 0x7667, 0x7668, 0x7669, 0x766a,
    0x766c, 0x766d, 0x766e, 0x766f, 0x7670, 0x7671, 0x7672, 0x7674, 0x7676, 0x7678, 0x767a, 0x767b, 0x767c, 0x767d, 0x767e, 0x7680,
    0x7681, 0x7682, 0x7683, 0x7684, 0x7685, 0x7686, 0x7687, 0x7688, 0x768b, 0x768c, 0x768d, 0x768e, 0x7690, 0x7693, 0x7695, 0x7696,
    0x7699, 0x769a, 0x769b, 0x769c, 0x769d, 0x769e, 0x769f, 0x76a0, 0x76a2, 0x76a3, 0x76a4, 0x76a5, 0x76a6, 0x76a7, 0x76a8, 0x76aa,
    0x76ad, 0x76ae, 0x76b0, 0x76b4, 0x76b7, 0x76b8, 0x76b9, 0x76ba, 0x76bd, 0x76bf, 0x76c1, 0x76c2, 0x76c3, 0x76c5, 0x76c6, 0x76c8,
    0x76c9, 0x76ca, 0x76cb, 0x76cc, 0x76cd, 0x76ce, 0x76d2, 0x76d4, 0x76d6, 0x76d7, 0x76d9, 0x76db, 0x76dc, 0x76de, 0x76df, 0x76e0,
    0x76e1, 0x76e3, 0x76e4, 0x76e5, 0x76e6, 0x76e7, 0x76e8, 0x76ea, 0x76ec, 0x76ee, 0x76f0, 0x76f1, 0x76f2, 0x76f4, 0x76f6, 0x76f8,
    0x76f9, 0x76fb, 0x76fc, 0x76fe, 0x7700, 0x7701, 0x7704, 0x7706, 0x7707, 0x7708, 0x7709, 0x770a, 0x770b, 0x770c, 0x770e, 0x7712,
    0x7714, 0x7715, 0x7717, 0x7719, 0x771a, 0x771b, 0x771c, 0x771e, 0x771f, 0x7720, 0x7722, 0x7724, 0x7725, 0x7726, 0x7728, 0x7729,
    0x772d, 0x772e, 0x772f, 0x7734, 0x7735, 0x7736, 0x7737, 0x7738, 0x7739, 0x773a, 0x773c, 0x773d, 0x773e, 0x7740, 0x7742, 0x7745,
    0x7746, 0x7747, 0x774a, 0x774d, 0x774e, 0x774f, 0x7752, 0x7756, 0x7757, 0x775a, 0x775b, 0x775c, 0x775e, 0x775f, 0x7760, 0x7761,
    0x7762, 0x7763, 0x7764, 0x7765, 0x7766, 0x7767, 0x7768, 0x776a, 0x776b, 0x776c, 0x7770, 0x7772, 0x7773, 0x7774, 0x7779, 0x777a,
    0x777d, 0x777e, 0x777f, 0x7780, 0x7784, 0x778b, 0x778c, 0x778d, 0x778e, 0x7791, 0x7794, 0x7795, 0x7796, 0x779a, 0x779e, 0x779f,
    0x77a0, 0x77a2, 0x77a5, 0x77a7, 0x77aa, 0x77ac, 0x77ad, 0x77ae, 0x77af, 0x77b0, 0x77b1, 0x77b3, 0x77b5, 0x77b6, 0x77b9, 0x77bb,
    0x77bc, 0x77bd, 0x77be, 0x77bf, 0x77c3, 0x77c7, 0x77c9, 0x77cd, 0x77d1, 0x77d2, 0x77d5, 0x77d7, 0x77d9, 0x77da, 0x77db, 0x77dc,
    0x77de, 0x77df, 0x77e0, 0x77e2, 0x77e3, 0x77e4, 0x77e5, 0x77e6, 0x77e7, 0x77e9, 0x77ea, 0x77ec, 0x77ed, 0x77ee, 0x77ef, 0x77f0,
    0x77f1, 0x77f3, 0x77f4, 0x77f8, 0x77fb, 0x77fc, 0x7802, 0x7805, 0x7806, 0x7809, 0x780c, 0x780d, 0x780e, 0x7811, 0x7812, 0x7814,
    0x7815, 0x781d, 0x7820, 0x7821, 0x7822, 0x7823, 0x7825, 0x7826, 0x7827, 0x782d, 0x782e, 0x7830, 0x7832, 0x7834, 0x7835, 0x7837,
    0x783a, 0x783f, 0x7843, 0x7844, 0x7845, 0x7847, 0x7848, 0x784c, 0x784e, 0x7852, 0x785c, 0x785d, 0x785e, 0x7860, 0x7861, 0x7863,
    0x7864, 0x7868, 0x786a, 0x786b, 0x786c, 0x786e, 0x786f, 0x7872, 0x7874, 0x787a, 0x787c, 0x787e, 0x7881, 0x7886, 0x7887, 0x788a,
    0x788c, 0x788d, 0x788e, 0x788f, 0x7891, 0x7893, 0x7894, 0x7895, 0x7897, 0x7898, 0x789a, 0x789d, 0x789e, 0x789f, 0x78a1, 0x78a3,
    0x78a4, 0x78a7, 0x78a8, 0x78a9, 0x78aa, 0x78ac, 0x78ad, 0x78af, 0x78b0, 0x78b1, 0x78b2, 0x78b3, 0x78b5, 0x78ba, 0x78bb, 0x78bc,
    0x78bd, 0x78be, 0x78bf, 0x78c1, 0x78c5, 0x78c6, 0x78c7, 0x78c8, 0x78c9, 0x78ca, 0x78cb, 0x78cc, 0x78ce, 0x78d0, 0x78d1, 0x78d2,
    0x78d3, 0x78d4, 0x78d5, 0x78d6, 0x78da, 0x78db, 0x78df, 0x78e0, 0x78e1, 0x78e4, 0x78e6, 0x78e7, 0x78e8, 0x78ea, 0x78ec, 0x78ef,
    0x78f2, 0x78f3, 0x78f4, 0x78f6, 0x78f7, 0x78fa, 0x78fb, 0x78fd, 0x78ff, 0x7900, 0x7901, 0x7906, 0x7907, 0x790c, 0x790e, 0x7910,
    0x7911, 0x7912, 0x7919, 0x791a, 0x791c, 0x791e, 0x791f, 0x7920, 0x7925, 0x7926, 0x7927, 0x7929, 0x792a, 0x792b, 0x792c, 0x792d,
    0x7930, 0x7931, 0x7934, 0x7935, 0x793a, 0x793b, 0x793c, 0x793d, 0x793e, 0x793f, 0x7940, 0x7941, 0x7944, 0x7945, 0x7946, 0x7947,
    0x7948, 0x7949, 0x794a, 0x794b, 0x794f, 0x7950, 0x7951, 0x7953, 0x7954, 0x7955, 0x7956, 0x7957, 0x7958, 0x795a, 0x795b, 0x795c,
    0x795d, 0x795e, 0x795f, 0x7960, 0x7962, 0x7965, 0x7967, 0x7968, 0x7969, 0x796b, 0x796d, 0x7972, 0x7977, 0x7979, 0x797a, 0x797b,
    0x797c, 0x797e, 0x797f, 0x7980, 0x7981, 0x7984, 0x7985, 0x798a, 0x798b, 0x798c, 0x798d, 0x798e, 0x798f, 0x7991, 0x7993, 0x7994,
    0x7995, 0x7996, 0x7998, 0x799b, 0x799c, 0x799d, 0x79a1, 0x79a6, 0x79a7, 0x79a8, 0x79a9, 0x79aa, 0x79ab, 0x79ae, 0x79af, 0x79b0,
    0x79b1, 0x79b3, 0x79b4, 0x79b8, 0x79b9, 0x79ba, 0x79bb, 0x79bd, 0x79be, 0x79bf, 0x79c0, 0x79c1, 0x79c2, 0x79c4, 0x79c7, 0x79c8,
    0x79c9, 0x79ca, 0x79cb, 0x79cf, 0x79d1, 0x79d2, 0x79d4, 0x79d5, 0x79d6, 0x79d8, 0x79da, 0x79dd, 0x79de, 0x79df, 0x79e0, 0x79e1,
    0x79e2, 0x79e3, 0x79e4, 0x79e5, 0x79e6, 0x79e7, 0x79e9, 0x79ea, 0x79eb, 0x79ec, 0x79ed, 0x79f0, 0x79f1, 0x79f8, 0x79fb, 0x79fc,
    0x7a00, 0x7a02, 0x7a03, 0x7a07, 0x7a08, 0x7a09, 0x7a0a, 0x7a0b, 0x7a0c, 0x7a0d, 0x7a0e, 0x7a11, 0x7a14, 0x7a15, 0x7a17, 0x7a18,
    0x7a19, 0x7a1a, 0x7a1b, 0x7a1c, 0x7a1e, 0x7a1f, 0x7a20, 0x7a21, 0x7a27, 0x7a2b, 0x7a2d, 0x7a2e, 0x7a2f, 0x7a30, 0x7a31, 0x7a32,
    0x7a34, 0x7a35, 0x7a37, 0x7a38, 0x7a39, 0x7a3a, 0x7a3b, 0x7a3c, 0x7a3d, 0x7a3e, 0x7a3f, 0x7a40, 0x7a42, 0x7a43, 0x7a44, 0x7a45,
    0x7a46, 0x7a47, 0x7a48, 0x7a49, 0x7a4c, 0x7a4d, 0x7a4e, 0x7a4f, 0x7a50, 0x7a55, 0x7a56, 0x7a57, 0x7a59, 0x7a5c, 0x7a5d, 0x7a5f,
    0x7a60, 0x7a61, 0x7a62, 0x7a63, 0x7a65, 0x7a67, 0x7a69, 0x7a6a, 0x7a6b, 0x7a6d, 0x7a70, 0x7a74, 0x7a75, 0x7a76, 0x7a78, 0x7a79,
    0x7a7a, 0x7a7d, 0x7a7e, 0x7a7f, 0x7a80, 0x7a81, 0x7a82, 0x7a83, 0x7a84, 0x7a85, 0x7a86, 0x7a88, 0x7a8a, 0x7a8b, 0x7a90, 0x7a91,
    0x7a92, 0x7a93, 0x7a94, 0x7a95, 0x7a96, 0x7a97, 0x7a98, 0x7a9e, 0x7a9f, 0x7aa0, 0x7aa3, 0x7aa9, 0x7aaa, 0x7aac, 0x7aae, 0x7aaf,
    0x7ab0, 0x7ab3, 0x7ab5, 0x7ab6, 0x7ab9, 0x7aba, 0x7abb, 0x7abc, 0x7abf, 0x7ac3, 0x7ac4, 0x7ac5, 0x7ac6, 0x7ac7, 0x7ac8, 0x7ac9,
    0x7aca, 0x7acb, 0x7acc, 0x7acd, 0x7ace, 0x7acf, 0x7ad1, 0x7ad2, 0x7ad3, 0x7ad5, 0x7ad9, 0x7ada, 0x7adb, 0x7adc, 0x7add, 0x7adf,
    0x7ae0, 0x7ae1, 0x7ae2, 0x7ae3, 0x7ae5, 0x7ae6, 0x7ae7, 0x7ae8, 0x7ae9, 0x7aea, 0x7aeb, 0x7aec, 0x7aed, 0x7aef, 0x7af0, 0x7af1,
    0x7af4, 0x7af6, 0x7af8, 0x7af9, 0x7afa, 0x7afb, 0x7afd, 0x7afe, 0x7aff, 0x7b02, 0x7b04, 0x7b06, 0x7b07, 0x7b08, 0x7b0a, 0x7b0b,
    0x7b0f, 0x7b11, 0x7b14, 0x7b18, 0x7b19, 0x7b1b, 0x7b1e, 0x7b1f, 0x7b20, 0x7b23, 0x7b25, 0x7b26, 0x7b27, 0x7b28, 0x7b29, 0x7b2a,
    0x7b2b, 0x7b2c, 0x7b2d, 0x7b2e, 0x7b2f, 0x7b30, 0x7b31, 0x7b33, 0x7b34, 0x7b35, 0x7b36, 0x7b39, 0x7b3d, 0x7b3f, 0x7b40, 0x7b41,
    0x7b45, 0x7b46, 0x7b47, 0x7b48, 0x7b49, 0x7b4b, 0x7b4c, 0x7b4d, 0x7b4e, 0x7b4f, 0x7b50, 0x7b51, 0x7b52, 0x7b54, 0x7b55, 0x7b56,
    0x7b5d, 0x7b60, 0x7b64, 0x7b65, 0x7b66, 0x7b67, 0x7b69, 0x7b6a, 0x7b6c, 0x7b6d, 0x7b6e, 0x7b6f, 0x7b70, 0x7b71, 0x7b72, 0x7b73,
    0x7b74, 0x7b75, 0x7b77, 0x7b7a, 0x7b84, 0x7b86, 0x7b87, 0x7b89, 0x7b8b, 0x7b8d, 0x7b8e, 0x7b8f, 0x7b90, 0x7b91, 0x7b92, 0x7b94,
    0x7b95, 0x7b96, 0x7b97, 0x7b98, 0x7b99, 0x7b9a, 0x7b9b, 0x7b9c, 0x7b9d, 0x7b9e, 0x7b9f, 0x7ba0, 0x7ba1, 0x7ba5, 0x7baa, 0x7bac,
    0x7bad, 0x7baf, 0x7bb0, 0x7bb1, 0x7bb2, 0x7bb4, 0x7bb5, 0x7bb6, 0x7bb8, 0x7bba, 0x7bbb, 0x7bbc, 0x7bbd, 0x7bc0, 0x7bc1, 0x7bc2,
    0x7bc4, 0x7bc5, 0x7bc6, 0x7bc7, 0x7bc8, 0x7bc9, 0x7bca, 0x7bcb, 0x7bcc, 0x7bcf, 0x7bd4, 0x7bd6, 0x7bd7, 0x7bd9, 0x7bda, 0x7bdb,
    0x7bdd, 0x7be0, 0x7be4, 0x7be5, 0x7be6, 0x7be8, 0x7be9, 0x7bea, 0x7bed, 0x7bf2, 0x7bf3, 0x7bf4, 0x7bf5, 0x7bf6, 0x7bf7, 0x7bf8,
    0x7bf9, 0x7bfa, 0x7bfc, 0x7bfe, 0x7c00, 0x7c01, 0x7c02, 0x7c03, 0x7c04, 0x7c06, 0x7c07, 0x7c09, 0x7c0b, 0x7c0c, 0x7c0d, 0x7c0e,
    0x7c0f, 0x7c11, 0x7c12, 0x7c13, 0x7c14, 0x7c17, 0x7c19, 0x7c1b, 0x7c1f, 0x7c20, 0x7c21, 0x7c23, 0x7c25, 0x7c26, 0x7c27, 0x7c28,
    0x7c2a, 0x7c2b, 0x7c2c, 0x7c31, 0x7c33, 0x7c34, 0x7c36, 0x7c37, 0x7c38, 0x7c39, 0x7c3a, 0x7c3d, 0x7c3e, 0x7c3f, 0x7c40, 0x7c43,
    0x7c46, 0x7c4a, 0x7c4c, 0x7c4d, 0x7c4f, 0x7c50, 0x7c51, 0x7c52, 0x7c53, 0x7c54, 0x7c55, 0x7c56, 0x7c58, 0x7c59, 0x7c5a, 0x7c5b,
    0x7c5c, 0x7c5d, 0x7c5e, 0x7c5f, 0x7c60, 0x7c61, 0x7c63, 0x7c64, 0x7c65, 0x7c67, 0x7c69, 0x7c6c, 0x7c6d, 0x7c6e, 0x7c70, 0x7c72,
    0x7c73, 0x7c75, 0x7c79, 0x7c7c, 0x7c7d, 0x7c7e, 0x7c81, 0x7c82, 0x7c83, 0x7c86, 0x7c87, 0x7c89, 0x7c8b, 0x7c8d, 0x7c8f, 0x7c90,
    0x7c92, 0x7c94, 0x7c95, 0x7c97, 0x7c98, 0x7c9b, 0x7c9e, 0x7c9f, 0x7ca0, 0x7ca1, 0x7ca2, 0x7ca4, 0x7ca5, 0x7ca6, 0x7ca7, 0x7ca8,
    0x7cab, 0x7cad, 0x7cae, 0x7cb0, 0x7cb1, 0x7cb2, 0x7cb3, 0x7cb6, 0x7cb7, 0x7cb9, 0x7cba, 0x7cbb, 0x7cbc, 0x7cbd, 0x7cbe, 0x7cbf,
    0x7cc0, 0x7cc2, 0x7cc4, 0x7cc5, 0x7cc7, 0x7cc8, 0x7cc9, 0x7cca, 0x7ccd, 0x7cce, 0x7ccf, 0x7cd2, 0x7cd3, 0x7cd4, 0x7cd5, 0x7cd6,
    0x7cd7, 0x7cd8, 0x7cd9, 0x7cda, 0x7cdc, 0x7cdd, 0x7cde, 0x7cdf, 0x7ce0, 0x7ce2, 0x7ce6, 0x7ce7, 0x7ce9, 0x7ceb, 0x7cef, 0x7cf2,
    0x7cf4, 0x7cf5, 0x7cf6, 0x7cf8, 0x7cfa, 0x7cfb, 0x7cfe, 0x7d00, 0x7d02, 0x7d03, 0x7d04, 0x7d05, 0x7d06, 0x7d07, 0x7d08, 0x7d09,
    0x7d0a, 0x7d0b, 0x7d0d, 0x7d0f, 0x7d10, 0x7d11, 0x7d12, 0x7d13, 0x7d14, 0x7d15, 0x7d16, 0x7d17, 0x7d18, 0x7d19, 0x7d1a, 0x7d1b,
    0x7d1c, 0x7d1d, 0x7d1e, 0x7d20, 0x7d21, 0x7d22, 0x7d23, 0x7d26, 0x7d2a, 0x7d2b, 0x7d2c, 0x7d2d, 0x7d2e, 0x7d2f, 0x7d30, 0x7d31,
    0x7d32, 0x7d33, 0x7d35, 0x7d39, 0x7d3a, 0x7d3c, 0x7d3d, 0x7d3e, 0x7d3f, 0x7d40, 0x7d41, 0x7d42, 0x7d43, 0x7d44, 0x7d45, 0x7d46,
    0x7d47, 0x7d48, 0x7d4b, 0x7d4c, 0x7d4d, 0x7d4e, 0x7d4f, 0x7d50, 0x7d51, 0x7d53, 0x7d56, 0x7d57, 0x7d59, 0x7d5a, 0x7d5b, 0x7d5c,
    0x7d5d, 0x7d5e, 0x7d61, 0x7d62, 0x7d63, 0x7d65, 0x7d66, 0x7d67, 0x7d68, 0x7d6a, 0x7d6e, 0x7d70, 0x7d71, 0x7d72, 0x7d73, 0x7d75,
    0x7d76, 0x7d78, 0x7d79, 0x7d7a, 0x7d7b, 0x7d7d, 0x7d7f, 0x7d81, 0x7d82, 0x7d83, 0x7d85, 0x7d86, 0x7d88, 0x7d89, 0x7d8b, 0x7d8c,
    0x7d8d, 0x7d8f, 0x7d91, 0x7d93, 0x7d96, 0x7d97, 0x7d99, 0x7d9a, 0x7d9b, 0x7d9c, 0x7d9d, 0x7d9e, 0x7d9f, 0x7da0, 0x7da2, 0x7da3,
    0x7da6, 0x7da7, 0x7daa, 0x7dab, 0x7dac, 0x7dad, 0x7dae, 0x7daf, 0x7db0, 0x7db1, 0x7db2, 0x7db3, 0x7db4, 0x7db5, 0x7db6, 0x7db7,
    0x7db8, 0x7db9, 0x7dba, 0x7dbb, 0x7dbd, 0x7dbe, 0x7dbf, 0x7dc2, 0x7dc3, 0x7dc4, 0x7dc5, 0x7dc6, 0x7dc7, 0x7dca, 0x7dcb, 0x7dcc,
    0x7dcd, 0x7dce, 0x7dcf, 0x7dd1, 0x7dd2, 0x7dd5, 0x7dd6, 0x7dd7, 0x7dd8, 0x7dd9, 0x7dda, 0x7ddc, 0x7ddd, 0x7dde, 0x7de0, 0x7de1,
    0x7de2, 0x7de4, 0x7de5, 0x7de6, 0x7de8, 0x7de9, 0x7dea, 0x7deb, 0x7dec, 0x7ded, 0x7def, 0x7df1, 0x7df2, 0x7df4, 0x7df5, 0x7df6,
    0x7df9, 0x7dfa, 0x7dfb, 0x7e00, 0x7e01, 0x7e04, 0x7e05, 0x7e08, 0x7e09, 0x7e0a, 0x7e0b, 0x7e10, 0x7e11, 0x7e12, 0x7e15, 0x7e17,
    0x7e1b, 0x7e1c, 0x7e1d, 0x7e1e, 0x7e1f, 0x7e20, 0x7e21, 0x7e22, 0x7e23, 0x7e26, 0x7e27, 0x7e28, 0x7e2b, 0x7e2c, 0x7e2d, 0x7e2e,
    0x7e2f, 0x7e31, 0x7e32, 0x7e33, 0x7e35, 0x7e36, 0x7e37, 0x7e39, 0x7e3a, 0x7e3b, 0x7e3d, 0x7e3e, 0x7e3f, 0x7e41, 0x7e43, 0x7e44,
    0x7e45, 0x7e46, 0x7e47, 0x7e4a, 0x7e4b, 0x7e4d, 0x7e4e, 0x7e50, 0x7e52, 0x7e54, 0x7e55, 0x7e56, 0x7e58, 0x7e59, 0x7e5a, 0x7e5d,
    0x7e5e, 0x7e5f, 0x7e61, 0x7e62, 0x7e65, 0x7e66, 0x7e67, 0x7e69, 0x7e6a, 0x7e6b, 0x7e6d, 0x7e6e, 0x7e6f, 0x7e70, 0x7e73, 0x7e78,
    0x7e79, 0x7e7b, 0x7e7c, 0x7e7d, 0x7e7e, 0x7e7f, 0x7e81, 0x7e82, 0x7e83, 0x7e86, 0x7e87, 0x7e88, 0x7e89, 0x7e8a, 0x7e8c, 0x7e8d,
    0x7e8e, 0x7e8f, 0x7e90, 0x7e91, 0x7e92, 0x7e93, 0x7e94, 0x7e95, 0x7e96, 0x7e98, 0x7e9a, 0x7e9b, 0x7e9c, 0x7e9d, 0x7e9e, 0x7f36,
    0x7f38, 0x7f3a, 0x7f3b, 0x7f3c, 0x7f3d, 0x7f3e, 0x7f3f, 0x7f43, 0x7f44, 0x7f45, 0x7f47, 0x7f4c, 0x7f4d, 0x7f4e, 0x7f4f, 0x7f50,
    0x7f51, 0x7f52, 0x7f53, 0x7f54, 0x7f55, 0x7f58, 0x7f5b, 0x7f5c, 0x7f5d, 0x7f5f, 0x7f60, 0x7f61, 0x7f63, 0x7f64, 0x7f65, 0x7f66,
    0x7f67, 0x7f68, 0x7f69, 0x7f6a, 0x7f6b, 0x7f6d, 0x7f6e, 0x7f70, 0x7f71, 0x7f72, 0x7f75, 0x7f77, 0x7f78, 0x7f79, 0x7f7d, 0x7f7e,
    0x7f7f, 0x7f80, 0x7f82, 0x7f83, 0x7f85, 0x7f86, 0x7f87, 0x7f88, 0x7f8a, 0x7f8b, 0x7f8c, 0x7f8d, 0x7f8e, 0x7f8f, 0x7f90, 0x7f91,
    0x7f94, 0x7f96, 0x7f97, 0x7f9a, 0x7f9c, 0x7f9d, 0x7f9e, 0x7fa1, 0x7fa2, 0x7fa3, 0x7fa4, 0x7fa6, 0x7fa8, 0x7fa9, 0x7faa, 0x7fad,
    0x7fae, 0x7faf, 0x7fb2, 0x7fb4, 0x7fb6, 0x7fb8, 0x7fb9, 0x7fbc, 0x7fbd, 0x7fbf, 0x7fc0, 0x7fc1, 0x7fc3, 0x7fc5, 0x7fc6, 0x7fc8,
    0x7fca, 0x7fcc, 0x7fce, 0x7fcf, 0x7fd2, 0x7fd4, 0x7fd5, 0x7fdb, 0x7fdf, 0x7fe0, 0x7fe1, 0x7fe3, 0x7fe5, 0x7fe6, 0x7fe8, 0x7fe9,
    0x7feb, 0x7fec, 0x7fee, 0x7fef, 0x7ff0, 0x7ff2, 0x7ff3, 0x7ff9, 0x7ffa, 0x7ffb, 0x7ffc, 0x7ffd, 0x7ffe, 0x7fff, 0x8000, 0x8001,
    0x8003, 0x8004, 0x8005, 0x8006, 0x8007, 0x8008, 0x800a, 0x800b, 0x800c, 0x800d, 0x800e, 0x800f, 0x8010, 0x8011, 0x8012, 0x8013,
    0x8014, 0x8015, 0x8016, 0x8017, 0x8018, 0x8019, 0x801c, 0x801d, 0x801e, 0x801f, 0x8020, 0x8021, 0x8024, 0x8026, 0x8028, 0x802c,
    0x802e, 0x8030, 0x8033, 0x8034, 0x8035, 0x8036, 0x8037, 0x8039, 0x803a, 0x803b, 0x803c, 0x803d, 0x803e, 0x803f, 0x8040, 0x8044,
    0x8046, 0x804a, 0x8052, 0x8056, 0x8058, 0x805a, 0x805e, 0x805f, 0x8060, 0x8061, 0x8062, 0x8064, 0x8066, 0x8068, 0x806d, 0x806f,
    0x8070, 0x8071, 0x8072, 0x8073, 0x8074, 0x8075, 0x8076, 0x8077, 0x8079, 0x807d, 0x807e, 0x807f, 0x8081, 0x8084, 0x8085, 0x8086,
    0x8087, 0x8088, 0x8089, 0x808b, 0x808c, 0x808e, 0x8093, 0x8096, 0x8098, 0x809a, 0x809b, 0x809c, 0x809d, 0x809e, 0x80a1, 0x80a2,
    0x80a5, 0x80a6, 0x80a7, 0x80a9, 0x80aa, 0x80ab, 0x80ac, 0x80ad, 0x80af, 0x80b1, 0x80b2, 0x80b4, 0x80b8, 0x80b9, 0x80ba, 0x80c3,
    0x80c4, 0x80c6, 0x80c8, 0x80cc, 0x80cd, 0x80ce, 0x80cf, 0x80d2, 0x80d4, 0x80d5, 0x80d6, 0x80d7, 0x80d8, 0x80d9, 0x80da, 0x80db,
    0x80dd, 0x80de, 0x80e0, 0x80e1, 0x80e4, 0x80e5, 0x80ed, 0x80ee, 0x80ef, 0x80f0, 0x80f1, 0x80f2, 0x80f3, 0x80f4, 0x80f6, 0x80f8,
    0x80f9, 0x80fa, 0x80fc, 0x80fd, 0x80fe, 0x8102, 0x8103, 0x8105, 0x8106, 0x8107, 0x8108, 0x8109, 0x810a, 0x810b, 0x8116, 0x8117,
    0x8118, 0x811a, 0x811b, 0x811c, 0x811e, 0x8120, 0x8123, 0x8124, 0x8127, 0x8129, 0x812c, 0x812f, 0x8130, 0x8131, 0x8133, 0x8135,
    0x8139, 0x813a, 0x813c, 0x813e, 0x8145, 0x8146, 0x8147, 0x814a, 0x814b, 0x814c, 0x814e, 0x8150, 0x8151, 0x8152, 0x8153, 0x8154,
    0x8155, 0x8157, 0x815f, 0x8160, 0x8161, 0x8165, 0x8166, 0x8167, 0x8168, 0x8169, 0x816b, 0x816d, 0x816e, 0x816f, 0x8170, 0x8171,
    0x8174, 0x8177, 0x8178, 0x8179, 0x817a, 0x817f, 0x8180, 0x8181, 0x8182, 0x8183, 0x8184, 0x8185, 0x8186, 0x8188, 0x818a, 0x818b,
    0x818e, 0x818f, 0x8190, 0x8193, 0x8195, 0x8196, 0x8198, 0x819a, 0x819b, 0x819c, 0x819d, 0x819e, 0x81a0, 0x81a2, 0x81a3, 0x81a4,
    0x81a8, 0x81a9, 0x81ae, 0x81b0, 0x81b2, 0x81b3, 0x81b4, 0x81b5, 0x81b8, 0x81ba, 0x81bb, 0x81bd, 0x81be, 0x81bf, 0x81c0, 0x81c2,
    0x81c3, 0x81c5, 0x81c6, 0x81c8, 0x81c9, 0x81ca, 0x81cb, 0x81cd, 0x81ce, 0x81cf, 0x81d1, 0x81d3, 0x81d5, 0x81d7, 0x81d8, 0x81d9,
    0x81da, 0x81db, 0x81dd, 0x81de, 0x81df, 0x81e0, 0x81e1, 0x81e3, 0x81e4, 0x81e5, 0x81e7, 0x81e8, 0x81ea, 0x81eb, 0x81ec, 0x81ed,
    0x81f0, 0x81f1, 0x81f2, 0x81f3, 0x81f4, 0x81f5, 0x81f6, 0x81f8, 0x81f9, 0x81fa, 0x81fb, 0x81fc, 0x81fd, 0x81fe, 0x81ff, 0x8200,
    0x8201, 0x8202, 0x8203, 0x8205, 0x8207, 0x8208, 0x8209, 0x820a, 0x820c, 0x820d, 0x820e, 0x820f, 0x8210, 0x8212, 0x8213, 0x8214,
    0x8216, 0x8217, 0x8218, 0x8219, 0x821a, 0x821b, 0x821c, 0x821d, 0x821e, 0x821f, 0x8221, 0x8222, 0x8228, 0x8229, 0x822a, 0x822b,
    0x822c, 0x822e, 0x8232, 0x8233, 0x8234, 0x8235, 0x8236, 0x8237, 0x8238, 0x8239, 0x823a, 0x8240, 0x8243, 0x8244, 0x8245, 0x8246,
    0x8247, 0x824b, 0x824e, 0x824f, 0x8251, 0x8256, 0x8258, 0x8259, 0x825a, 0x825c, 0x825d, 0x825f, 0x8260, 0x8262, 0x8263, 0x8264,
    0x8266, 0x8267, 0x8268, 0x826a, 0x826b, 0x826d, 0x826e, 0x826f, 0x8271, 0x8272, 0x8274, 0x8276, 0x8277, 0x8278, 0x827b, 0x827d,
    0x827e, 0x827f, 0x8280, 0x8281, 0x8283, 0x8284, 0x8287, 0x8289, 0x828a, 0x828b, 0x828d, 0x828e, 0x8291, 0x8292, 0x8294, 0x8296,
    0x8298, 0x8299, 0x829a, 0x829b, 0x829d, 0x829f, 0x82a0, 0x82a1, 0x82a3, 0x82a4, 0x82a5, 0x82a6, 0x82a7, 0x82a8, 0x82a9, 0x82aa,
    0x82ab, 0x82ac, 0x82ad, 0x82ae, 0x82af, 0x82b0, 0x82b1, 0x82b2, 0x82b3, 0x82b4, 0x82b7, 0x82b8, 0x82b9, 0x82ba, 0x82bb, 0x82bc,
    0x82bd, 0x82be, 0x82bf, 0x82c5, 0x82c6, 0x82d0, 0x82d1, 0x82d2, 0x82d3, 0x82d4, 0x82d5, 0x82d7, 0x82d9, 0x82da, 0x82db, 0x82dc,
    0x82de, 0x82df, 0x82e0, 0x82e1, 0x82e2, 0x82e3, 0x82e4, 0x82e5, 0x82e6, 0x82e7, 0x82e8, 0x82ea, 0x82eb, 0x82ed, 0x82ef, 0x82f1,
    0x82f3, 0x82f4, 0x82f6, 0x82f7, 0x82f9, 0x82fa, 0x82fb, 0x82fd, 0x82fe, 0x8300, 0x8301, 0x8302, 0x8303, 0x8304, 0x8305, 0x8306,
    0x8307, 0x8308, 0x8309, 0x830a, 0x830b, 0x830e, 0x8316, 0x8317, 0x8318, 0x831b, 0x831c, 0x831d, 0x831e, 0x831f, 0x8321, 0x8322,
    0x8323, 0x8328, 0x832b, 0x832c, 0x832d, 0x832e, 0x832f, 0x8330, 0x8331, 0x8332, 0x8333, 0x8334, 0x8335, 0x8336, 0x8337, 0x8338,
    0x8339, 0x833a, 0x833c, 0x833d, 0x8340, 0x8342, 0x8343, 0x8344, 0x8345, 0x8347, 0x8349, 0x834a, 0x834d, 0x834e, 0x834f, 0x8350,
    0x8351, 0x8352, 0x8353, 0x8354, 0x8355, 0x8356, 0x8357, 0x8358, 0x8362, 0x8370, 0x8373, 0x8375, 0x8377, 0x8378, 0x837b, 0x837c,
    0x837d, 0x837f, 0x8380, 0x8382, 0x8384, 0x8385, 0x8386, 0x8387, 0x8389, 0x838a, 0x838d, 0x838e, 0x8392, 0x8393, 0x8394, 0x8395,
    0x8396, 0x8398, 0x8399, 0x839a, 0x839b, 0x839c, 0x839d, 0x839e, 0x839f, 0x83a0, 0x83a2, 0x83a6, 0x83a7, 0x83a8, 0x83a9, 0x83aa,
    0x83ab, 0x83ac, 0x83ad, 0x83b1, 0x83b5, 0x83bd, 0x83be, 0x83bf, 0x83c0, 0x83c1, 0x83c5, 0x83c7, 0x83c9, 0x83ca, 0x83cc, 0x83ce,
    0x83cf, 0x83d0, 0x83d1, 0x83d3, 0x83d4, 0x83d6, 0x83d8, 0x83dc, 0x83dd, 0x83df, 0x83e0, 0x83e8, 0x83e9, 0x83ea, 0x83eb, 0x83ef,
    0x83f0, 0x83f1, 0x83f2, 0x83f4, 0x83f6, 0x83f7, 0x83f8, 0x83f9, 0x83fb, 0x83fc, 0x83fd, 0x8401, 0x8403, 0x8404, 0x8406, 0x8407,
    0x840a, 0x840b, 0x840c, 0x840d, 0x840e, 0x840f, 0x8411, 0x8413, 0x8415, 0x8419, 0x8420, 0x8422, 0x8429, 0x842a, 0x842c, 0x842f,
    0x8431, 0x8435, 0x8438, 0x8439, 0x843c, 0x843d, 0x8445, 0x8446, 0x8447, 0x8448, 0x8449, 0x844a, 0x844d, 0x844e, 0x844f, 0x8451,
    0x8452, 0x8456, 0x8457, 0x8458, 0x8459, 0x845a, 0x845b, 0x845c, 0x8460, 0x8461, 0x8462, 0x8463, 0x8464, 0x8465, 0x8466, 0x8467,
    0x8469, 0x846a, 0x846b, 0x846c, 0x846d, 0x846e, 0x846f, 0x8470, 0x8471, 0x8473, 0x8474, 0x8475, 0x8476, 0x8477, 0x8478, 0x8479,
    0x847a, 0x847c, 0x847d, 0x8481, 0x8482, 0x8484, 0x8485, 0x848b, 0x8490, 0x8492, 0x8493, 0x8494, 0x8495, 0x8499, 0x849c, 0x849e,
    0x849f, 0x84a1, 0x84a6, 0x84a8, 0x84a9, 0x84aa, 0x84ad, 0x84af, 0x84b1, 0x84b2, 0x84b4, 0x84b8, 0x84b9, 0x84ba, 0x84bb, 0x84bc,
    0x84bd, 0x84be, 0x84bf, 0x84c0, 0x84c1, 0x84c2, 0x84c4, 0x84c6, 0x84c7, 0x84c8, 0x84c9, 0x84ca, 0x84cb, 0x84cc, 0x84cd, 0x84cf,
    0x84d0, 0x84d1, 0x84d3, 0x84d6, 0x84d9, 0x84da, 0x84dc, 0x84e7, 0x84ea, 0x84ec, 0x84ee, 0x84ef, 0x84f0, 0x84f1, 0x84f2, 0x84f4,
    0x84f7, 0x84fa, 0x84fb, 0x84fc, 0x84fd, 0x84ff, 0x8500, 0x8502, 0x8503, 0x8506, 0x8507, 0x850c, 0x850e, 0x8510, 0x8511, 0x8513,
    0x8514, 0x8515, 0x8517, 0x8518, 0x851a, 0x851c, 0x851e, 0x851f, 0x8521, 0x8522, 0x8523, 0x8524, 0x8525, 0x8526, 0x8527, 0x852a,
    0x852b, 0x852c, 0x852d, 0x852f, 0x8532, 0x8533, 0x8534, 0x8535, 0x8536, 0x853d, 0x853f, 0x8540, 0x8541, 0x8543, 0x8546, 0x8548,
    0x8549, 0x854a, 0x854b, 0x854e, 0x854f, 0x8550, 0x8551, 0x8552, 0x8553, 0x8555, 0x8556, 0x8557, 0x8558, 0x8559, 0x855a, 0x855c,
    0x855d, 0x855e, 0x855f, 0x8560, 0x8561, 0x8562, 0x8563, 0x8564, 0x8568, 0x8569, 0x856a, 0x856b, 0x856d, 0x856f, 0x8577, 0x8579,
    0x857a, 0x857b, 0x857d, 0x857e, 0x857f, 0x8580, 0x8581, 0x8584, 0x8585, 0x8586, 0x8587, 0x8588, 0x8589, 0x858a, 0x858b, 0x858c,
    0x858f, 0x8590, 0x8591, 0x8593, 0x8594, 0x8597, 0x8598, 0x8599, 0x859b, 0x859c, 0x859d, 0x859f, 0x85a0, 0x85a2, 0x85a4, 0x85a5,
    0x85a6, 0x85a7, 0x85a8, 0x85a9, 0x85aa, 0x85ab, 0x85ac, 0x85ad, 0x85ae, 0x85af, 0x85b0, 0x85b4, 0x85b6, 0x85b7, 0x85b8, 0x85b9,
    0x85ba, 0x85bc, 0x85bd, 0x85be, 0x85bf, 0x85c1, 0x85c2, 0x85c7, 0x85c9, 0x85ca, 0x85cb, 0x85cd, 0x85ce, 0x85cf, 0x85d0, 0x85d5,
    0x85d8, 0x85da, 0x85dc, 0x85dd, 0x85df, 0x85e0, 0x85e4, 0x85e5, 0x85e6, 0x85e8, 0x85e9, 0x85ea, 0x85ed, 0x85f3, 0x85f6, 0x85f7,
    0x85f9, 0x85fa, 0x85fb, 0x85fc, 0x85fe, 0x85ff, 0x8600, 0x8602, 0x8604, 0x8605, 0x8606, 0x8607, 0x860a, 0x860b, 0x860d, 0x860e,
    0x8610, 0x8611, 0x8612, 0x8613, 0x8616, 0x8617, 0x8618, 0x8619, 0x861a, 0x861b, 0x861e, 0x8621, 0x8622, 0x8627, 0x8629, 0x862d,
    0x862f, 0x8630, 0x8636, 0x8638, 0x863a, 0x863c, 0x863d, 0x863f, 0x8640, 0x8641, 0x8642, 0x8646, 0x864d, 0x864e, 0x8650, 0x8652,
    0x8653, 0x8654, 0x8655, 0x8656, 0x8657, 0x8658, 0x8659, 0x865a, 0x865c, 0x865d, 0x865e, 0x865f, 0x8660, 0x8661, 0x8662, 0x8663,
    0x8664, 0x8667, 0x8669, 0x866b, 0x866c, 0x866f, 0x8671, 0x8675, 0x8676, 0x8677, 0x8679, 0x867a, 0x867b, 0x8688, 0x868a, 0x868b,
    0x868c, 0x868d, 0x8691, 0x8693, 0x8695, 0x8696, 0x8698, 0x869a, 0x869c, 0x86a1, 0x86a3, 0x86a4, 0x86a6, 0x86a7, 0x86a8, 0x86a9,
    0x86aa, 0x86ab, 0x86ad, 0x86af, 0x86b0, 0x86b1, 0x86b3, 0x86b4, 0x86b5, 0x86b6, 0x86b7, 0x86b8, 0x86b9, 0x86bf, 0x86c0, 0x86c1,
    0x86c3, 0x86c4, 0x86c5, 0x86c6, 0x86c7, 0x86c9, 0x86cb, 0x86cd, 0x86ce, 0x86d1, 0x86d2, 0x86d4, 0x86d5, 0x86d7, 0x86d9, 0x86da,
    0x86db, 0x86dc, 0x86de, 0x86df, 0x86e0, 0x86e3, 0x86e4, 0x86e5, 0x86e7, 0x86e9, 0x86ec, 0x86ed, 0x86ee, 0x86ef, 0x86f8, 0x86f9,
    0x86fa, 0x86fb, 0x86fc, 0x86fd, 0x86fe, 0x8700, 0x8702, 0x8703, 0x8704, 0x8705, 0x8706, 0x8707, 0x8708, 0x8709, 0x870a, 0x870b,
    0x870d, 0x870e, 0x870f, 0x8710, 0x8711, 0x8712, 0x8713, 0x8714, 0x8718, 0x8719, 0x871a, 0x871c, 0x871e, 0x871f, 0x8721, 0x8723,
    0x8725, 0x8728, 0x8729, 0x872e, 0x872f, 0x8731, 0x8732, 0x8734, 0x8737, 0x8739, 0x873a, 0x873b, 0x873c, 0x873d, 0x873e, 0x873f,
    0x8740, 0x8743, 0x8745, 0x8749, 0x874b, 0x874c, 0x874d, 0x874e, 0x8753, 0x8755, 0x8757, 0x8758, 0x8759, 0x875d, 0x875f, 0x8760,
    0x8761, 0x8763, 0x8764, 0x8765, 0x8766, 0x8768, 0x876a, 0x876e, 0x876f, 0x8771, 0x8772, 0x8774, 0x8776, 0x8778, 0x877b, 0x877f,
    0x8782, 0x8783, 0x8784, 0x8785, 0x8786, 0x8787, 0x8788, 0x8789, 0x878b, 0x878c, 0x878d, 0x8790, 0x8793, 0x8795, 0x8797, 0x8798,
    0x8799, 0x879e, 0x879f, 0x87a0, 0x87a2, 0x87a3, 0x87a7, 0x87ab, 0x87ac, 0x87ad, 0x87ae, 0x87af, 0x87b1, 0x87b3, 0x87b5, 0x87ba,
    0x87bb, 0x87bd, 0x87be, 0x87bf, 0x87c0, 0x87c1, 0x87c4, 0x87c6, 0x87c7, 0x87c8, 0x87c9, 0x87ca, 0x87cb, 0x87ce, 0x87d0, 0x87d2,
    0x87d5, 0x87d6, 0x87d9, 0x87da, 0x87dc, 0x87df, 0x87e0, 0x87e2, 0x87e3, 0x87e4, 0x87ea, 0x87eb, 0x87ed, 0x87ef, 0x87f1, 0x87f2,
    0x87f3, 0x87f6, 0x87f7, 0x87f8, 0x87f9, 0x87fa, 0x87fb, 0x87fe, 0x87ff, 0x8801, 0x8803, 0x8805, 0x8806, 0x8807, 0x8809, 0x880a,
    0x880b, 0x880d, 0x880e, 0x880f, 0x8810, 0x8811, 0x8812, 0x8813, 0x8814, 0x8815, 0x8816, 0x8818, 0x8819, 0x881a, 0x881b, 0x881c,
    0x881e, 0x881f, 0x8821, 0x8822, 0x8823, 0x8827, 0x8828, 0x882d, 0x882e, 0x8830, 0x8831, 0x8832, 0x8835, 0x8836, 0x8839, 0x883a,
    0x883b, 0x883c, 0x8840, 0x8841, 0x8842, 0x8843, 0x8844, 0x8845, 0x8846, 0x8848, 0x8849, 0x884a, 0x884b, 0x884c, 0x884d, 0x884e,
    0x8851, 0x8852, 0x8853, 0x8855, 0x8856, 0x8857, 0x8858, 0x8859, 0x885a, 0x885b, 0x885c, 0x885d, 0x885e, 0x885f, 0x8860, 0x8861,
    0x8862, 0x8863, 0x8864, 0x8868, 0x8869, 0x886b, 0x8870, 0x8871, 0x8872, 0x8875, 0x8877, 0x8879, 0x887b, 0x887d, 0x887e, 0x887f,
    0x8880, 0x8881, 0x8882, 0x8888, 0x888b, 0x888d, 0x8892, 0x8896, 0x8897, 0x8898, 0x8899, 0x889a, 0x889b, 0x889c, 0x889e, 0x889f,
    0x88a0, 0x88a2, 0x88a4, 0x88a8, 0x88aa, 0x88ab, 0x88ae, 0x88b0, 0x88b1, 0x88b4, 0x88b5, 0x88b7, 0x88ba, 0x88bd, 0x88be, 0x88bf,
    0x88c0, 0x88c1, 0x88c2, 0x88c3, 0x88c4, 0x88c5, 0x88ca, 0x88cb, 0x88cc, 0x88cd, 0x88ce, 0x88cf, 0x88d1, 0x88d2, 0x88d3, 0x88d4,
    0x88d5, 0x88d8, 0x88d9, 0x88db, 0x88dc, 0x88dd, 0x88de, 0x88df, 0x88e1, 0x88e7, 0x88e8, 0x88ef, 0x88f0, 0x88f1, 0x88f2, 0x88f3,
    0x88f4, 0x88f5, 0x88f7, 0x88f8, 0x88f9, 0x88fc, 0x88fd, 0x88fe, 0x8901, 0x8902, 0x8904, 0x8906, 0x8907, 0x890a, 0x890c, 0x890d,
    0x890e, 0x890f, 0x8910, 0x8912, 0x8913, 0x8915, 0x8916, 0x8918, 0x8919, 0x891a, 0x891c, 0x891d, 0x891e, 0x8920, 0x8925, 0x8926,
    0x8927, 0x8928, 0x892a, 0x892b, 0x8930, 0x8931, 0x8932, 0x8935, 0x8936, 0x8938, 0x8939, 0x893a, 0x893b, 0x893e, 0x8940, 0x8941,
    0x8942, 0x8943, 0x8944, 0x8945, 0x8946, 0x8949, 0x894c, 0x894d, 0x894f, 0x8952, 0x8956, 0x8957, 0x895a, 0x895b, 0x895c, 0x895e,
    0x895f, 0x8960, 0x8961, 0x8962, 0x8963, 0x8964, 0x8966, 0x896a, 0x896b, 0x896d, 0x896e, 0x896f, 0x8970, 0x8972, 0x8973, 0x8974,
    0x8975, 0x8977, 0x897a, 0x897b, 0x897c, 0x897d, 0x897e, 0x897f, 0x8981, 0x8983, 0x8986, 0x8987, 0x8988, 0x8989, 0x898a, 0x898b,
    0x898d, 0x898f, 0x8990, 0x8993, 0x8994, 0x8995, 0x8996, 0x8997, 0x8998, 0x899a, 0x899b, 0x899c, 0x899f, 0x89a0, 0x89a1, 0x89a5,
    0x89a6, 0x89a7, 0x89a9, 0x89aa, 0x89ac, 0x89af, 0x89b0, 0x89b2, 0x89b3, 0x89b4, 0x89b5, 0x89b6, 0x89b7, 0x89ba, 0x89bc, 0x89bd,
    0x89bf, 0x89c0, 0x89d2, 0x89d4, 0x89d5, 0x89d6, 0x89d7, 0x89d8, 0x89da, 0x89dc, 0x89dd, 0x89e3, 0x89e5, 0x89e6, 0x89e7, 0x89e9,
    0x89eb, 0x89ed, 0x89f1, 0x89f3, 0x89f4, 0x89f6, 0x89f8, 0x89f9, 0x89fd, 0x89ff, 0x8a00, 0x8a02, 0x8a03, 0x8a04, 0x8a05, 0x8a07,
    0x8a08, 0x8a0a, 0x8a0c, 0x8a0e, 0x8a0f, 0x8a10, 0x8a11, 0x8a12, 0x8a13, 0x8a14, 0x8a15, 0x8a16, 0x8a17, 0x8a18, 0x8a1b, 0x8a1d,
    0x8a1e, 0x8a1f, 0x8a20, 0x8a22, 0x8a23, 0x8a24, 0x8a25, 0x8a26, 0x8a2a, 0x8a2b, 0x8a2c, 0x8a2d, 0x8a2f, 0x8a31, 0x8a33, 0x8a34,
    0x8a35, 0x8a36, 0x8a37, 0x8a3a, 0x8a3b, 0x8a3c, 0x8a3d, 0x8a3e, 0x8a40, 0x8a41, 0x8a43, 0x8a45, 0x8a46, 0x8a47, 0x8a48, 0x8a49,
    0x8a4d, 0x8a4e, 0x8a50, 0x8a51, 0x8a52, 0x8a53, 0x8a54, 0x8a55, 0x8a56, 0x8a57, 0x8a58, 0x8a5b, 0x8a5c, 0x8a5d, 0x8a5e, 0x8a60,
    0x8a61, 0x8a62, 0x8a63, 0x8a65, 0x8a66, 0x8a67, 0x8a69, 0x8a6b, 0x8a6c, 0x8a6d, 0x8a6e, 0x8a70, 0x8a71, 0x8a72, 0x8a73, 0x8a75,
    0x8a76, 0x8a77, 0x8a79, 0x8a7a, 0x8a7b, 0x8a7c, 0x8a7e, 0x8a7f, 0x8a80, 0x8a82, 0x8a83, 0x8a84, 0x8a85, 0x8a86, 0x8a87, 0x8a89,
    0x8a8b, 0x8a8c, 0x8a8d, 0x8a8f, 0x8a90, 0x8a91, 0x8a92, 0x8a93, 0x8a95, 0x8a96, 0x8a97, 0x8a98, 0x8a99, 0x8a9a, 0x8a9e, 0x8a9f,
    0x8aa0, 0x8aa1, 0x8aa3, 0x8aa4, 0x8aa5, 0x8aa6, 0x8aa7, 0x8aa8, 0x8aa9, 0x8aac, 0x8aad, 0x8aae, 0x8aaf, 0x8ab0, 0x8ab2, 0x8ab3,
    0x8ab6, 0x8ab7, 0x8ab9, 0x8abb, 0x8abc, 0x8abe, 0x8abf, 0x8ac2, 0x8ac3, 0x8ac4, 0x8ac6, 0x8ac7, 0x8ac8, 0x8ac9, 0x8aca, 0x8acb,
    0x8acc, 0x8acd, 0x8acf, 0x8ad1, 0x8ad2, 0x8ad3, 0x8ad4, 0x8ad5, 0x8ad6, 0x8ad7, 0x8ada, 0x8adb, 0x8adc, 0x8add, 0x8ade, 0x8adf,
    0x8ae0, 0x8ae1, 0x8ae2, 0x8ae4, 0x8ae6, 0x8ae7, 0x8aeb, 0x8aec, 0x8aed, 0x8aee, 0x8af0, 0x8af1, 0x8af3, 0x8af4, 0x8af5, 0x8af6,
    0x8af7, 0x8af8, 0x8afa, 0x8afc, 0x8afe, 0x8aff, 0x8b00, 0x8b01, 0x8b02, 0x8b04, 0x8b05, 0x8b06, 0x8b07, 0x8b0a, 0x8b0b, 0x8b0c,
    0x8b0e, 0x8b10, 0x8b11, 0x8b14, 0x8b16, 0x8b17, 0x8b19, 0x8b1a, 0x8b1b, 0x8b1c, 0x8b1d, 0x8b1e, 0x8b1f, 0x8b20, 0x8b21, 0x8b26,
    0x8b28, 0x8b2b, 0x8b2c, 0x8b2d, 0x8b30, 0x8b33, 0x8b37, 0x8b39, 0x8b3c, 0x8b3e, 0x8b41, 0x8b42, 0x8b43, 0x8b44, 0x8b45, 0x8b46,
    0x8b48, 0x8b49, 0x8b4c, 0x8b4d, 0x8b4e, 0x8b4f, 0x8b52, 0x8b53, 0x8b54, 0x8b56, 0x8b58, 0x8b59, 0x8b5a, 0x8b5b, 0x8b5c, 0x8b5e,
    0x8b5f, 0x8b63, 0x8b66, 0x8b6b, 0x8b6c, 0x8b6d, 0x8b6f, 0x8b70, 0x8b71, 0x8b72, 0x8b74, 0x8b76, 0x8b77, 0x8b78, 0x8b79, 0x8b7c,
    0x8b7d, 0x8b7e, 0x8b7f, 0x8b80, 0x8b81, 0x8b83, 0x8b84, 0x8b85, 0x8b8a, 0x8b8b, 0x8b8c, 0x8b8d, 0x8b8e, 0x8b8f, 0x8b90, 0x8b92,
    0x8b93, 0x8b94, 0x8b95, 0x8b96, 0x8b99, 0x8b9a, 0x8b9c, 0x8b9e, 0x8b9f, 0x8c37, 0x8c38, 0x8c39, 0x8c3a, 0x8c3d, 0x8c3e, 0x8c3f,
    0x8c41, 0x8c45, 0x8c46, 0x8c47, 0x8c48, 0x8c49, 0x8c4a, 0x8c4b, 0x8c4c, 0x8c4e, 0x8c4f, 0x8c50, 0x8c51, 0x8c53, 0x8c54, 0x8c55,
    0x8c57, 0x8c58, 0x8c59, 0x8c5a, 0x8c5b, 0x8c5d, 0x8c61, 0x8c62, 0x8c63, 0x8c64, 0x8c66, 0x8c68, 0x8c69, 0x8c6a, 0x8c6b, 0x8c6c,
    0x8c6d, 0x8c73, 0x8c75, 0x8c76, 0x8c78, 0x8c79, 0x8c7a, 0x8c7b, 0x8c7c, 0x8c7e, 0x8c82, 0x8c85, 0x8c86, 0x8c87, 0x8c89, 0x8c8a,
    0x8c8b, 0x8c8c, 0x8c8d, 0x8c8e, 0x8c90, 0x8c92, 0x8c93, 0x8c94, 0x8c98, 0x8c99, 0x8c9b, 0x8c9c, 0x8c9d, 0x8c9e, 0x8ca0, 0x8ca1,
    0x8ca2, 0x8ca4, 0x8ca7, 0x8ca8, 0x8ca9, 0x8caa, 0x8cab, 0x8cac, 0x8cad, 0x8cae, 0x8caf, 0x8cb0, 0x8cb2, 0x8cb3, 0x8cb4, 0x8cb6,
    0x8cb7, 0x8cb8, 0x8cb9, 0x8cba, 0x8cbb, 0x8cbc, 0x8cbd, 0x8cbf, 0x8cc0, 0x8cc1, 0x8cc2, 0x8cc3, 0x8cc4, 0x8cc5, 0x8cc6, 0x8cc7,
    0x8cc8, 0x8cc9, 0x8cca, 0x8ccb, 0x8ccd, 0x8cce, 0x8ccf, 0x8cd1, 0x8cd3, 0x8cd5, 0x8cd6, 0x8cd9, 0x8cda, 0x8cdb, 0x8cdc, 0x8cdd,
    0x8cde, 0x8ce0, 0x8ce1, 0x8ce2, 0x8ce3, 0x8ce4, 0x8ce6, 0x8ce8, 0x8cea, 0x8cec, 0x8ced, 0x8cef, 0x8cf0, 0x8cf2, 0x8cf4, 0x8cf5,
    0x8cf7, 0x8cf8, 0x8cfa, 0x8cfb, 0x8cfc, 0x8cfd, 0x8cfe, 0x8cff, 0x8d01, 0x8d03, 0x8d04, 0x8d05, 0x8d07, 0x8d08, 0x8d09, 0x8d0a,
    0x8d0b, 0x8d0d, 0x8d0f, 0x8d10, 0x8d12, 0x8d13, 0x8d14, 0x8d16, 0x8d17, 0x8d1b, 0x8d64, 0x8d65, 0x8d66, 0x8d67, 0x8d69, 0x8d6b,
    0x8d6c, 0x8d6d, 0x8d6e, 0x8d70, 0x8d71, 0x8d73, 0x8d74, 0x8d76, 0x8d77, 0x8d7f, 0x8d81, 0x8d82, 0x8d84, 0x8d85, 0x8d88, 0x8d8a,
    0x8d8d, 0x8d90, 0x8d91, 0x8d95, 0x8d99, 0x8d9e, 0x8d9f, 0x8da0, 0x8da3, 0x8da6, 0x8da8, 0x8dab, 0x8dac, 0x8daf, 0x8db2, 0x8db3,
    0x8db5, 0x8db7, 0x8db9, 0x8dba, 0x8dbb, 0x8dbc, 0x8dbe, 0x8dc0, 0x8dc2, 0x8dc5, 0x8dc6, 0x8dc7, 0x8dc8, 0x8dca, 0x8dcb, 0x8dcc,
    0x8dce, 0x8dcf, 0x8dd1, 0x8dd4, 0x8dd5, 0x8dd6, 0x8dd7, 0x8dd9, 0x8dda, 0x8ddb, 0x8ddd, 0x8ddf, 0x8de1, 0x8de3, 0x8de4, 0x8de5,
    0x8de7, 0x8de8, 0x8dea, 0x8deb, 0x8dec, 0x8def, 0x8df0, 0x8df1, 0x8df2, 0x8df3, 0x8df4, 0x8df5, 0x8dfc, 0x8dfd, 0x8dff, 0x8e01,
    0x8e04, 0x8e05, 0x8e06, 0x8e08, 0x8e09, 0x8e0a, 0x8e0b, 0x8e0f, 0x8e10, 0x8e11, 0x8e14, 0x8e16, 0x8e1d, 0x8e1e, 0x8e1f, 0x8e20,
    0x8e21, 0x8e22, 0x8e23, 0x8e26, 0x8e27, 0x8e2a, 0x8e30, 0x8e31, 0x8e33, 0x8e34, 0x8e35, 0x8e36, 0x8e37, 0x8e38, 0x8e39, 0x8e3d,
    0x8e40, 0x8e41, 0x8e42, 0x8e44, 0x8e47, 0x8e48, 0x8e49, 0x8e4a, 0x8e4b, 0x8e4c, 0x8e4d, 0x8e4e, 0x8e4f, 0x8e50, 0x8e54, 0x8e55,
    0x8e59, 0x8e5b, 0x8e5c, 0x8e5d, 0x8e5e, 0x8e5f, 0x8e60, 0x8e61, 0x8e62, 0x8e63, 0x8e64, 0x8e69, 0x8e6c, 0x8e6d, 0x8e6f, 0x8e70,
    0x8e71, 0x8e72, 0x8e74, 0x8e76, 0x8e79, 0x8e7a, 0x8e7b, 0x8e7c, 0x8e81, 0x8e82, 0x8e83, 0x8e84, 0x8e85, 0x8e87, 0x8e89, 0x8e8a,
    0x8e8b, 0x8e8d, 0x8e90, 0x8e91, 0x8e92, 0x8e93, 0x8e94, 0x8e95, 0x8e99, 0x8e9a, 0x8e9b, 0x8e9d, 0x8e9e, 0x8ea1, 0x8ea2, 0x8ea7,
    0x8ea9, 0x8eaa, 0x8eab, 0x8eac, 0x8ead, 0x8eae, 0x8eaf, 0x8eb0, 0x8eb1, 0x8eb3, 0x8eb5, 0x8eba, 0x8ebb, 0x8ebe, 0x8ec0, 0x8ec1,
    0x8ec3, 0x8ec4, 0x8ec5, 0x8ec6, 0x8ec7, 0x8ec8, 0x8eca, 0x8ecb, 0x8ecc, 0x8ecd, 0x8ecf, 0x8ed1, 0x8ed2, 0x8ed4, 0x8edb, 0x8edc,
    0x8edf, 0x8ee2, 0x8ee3, 0x8ee8, 0x8eeb, 0x8eed, 0x8eee, 0x8ef0, 0x8ef1, 0x8ef7, 0x8ef8, 0x8ef9, 0x8efa, 0x8efb, 0x8efc, 0x8efd,
    0x8efe, 0x8f00, 0x8f02, 0x8f03, 0x8f05, 0x8f07, 0x8f08, 0x8f09, 0x8f0a, 0x8f0c, 0x8f0f, 0x8f10, 0x8f12, 0x8f13, 0x8f14, 0x8f15,
    0x8f16, 0x8f17, 0x8f18, 0x8f19, 0x8f1b, 0x8f1c, 0x8f1d, 0x8f1e, 0x8f1f, 0x8f20, 0x8f21, 0x8f23, 0x8f25, 0x8f26, 0x8f27, 0x8f28,
    0x8f29, 0x8f2a, 0x8f2c, 0x8f2d, 0x8f2e, 0x8f2f, 0x8f33, 0x8f34, 0x8f35, 0x8f36, 0x8f37, 0x8f38, 0x8f39, 0x8f3a, 0x8f3b, 0x8f3e,
    0x8f3f, 0x8f40, 0x8f41, 0x8f42, 0x8f43, 0x8f44, 0x8f45, 0x8f46, 0x8f47, 0x8f49, 0x8f4c, 0x8f4d, 0x8f4e, 0x8f4f, 0x8f51, 0x8f52,
    0x8f53, 0x8f54, 0x8f55, 0x8f57, 0x8f58, 0x8f5c, 0x8f5d, 0x8f5e, 0x8f5f, 0x8f61, 0x8f62, 0x8f63, 0x8f64, 0x8f65, 0x8f9b, 0x8f9c,
    0x8f9d, 0x8f9e, 0x8f9f, 0x8fa0, 0x8fa1, 0x8fa3, 0x8fa4, 0x8fa5, 0x8fa6, 0x8fa7, 0x8fa8, 0x8fad, 0x8fae, 0x8faf, 0x8fb0, 0x8fb1,
    0x8fb2, 0x8fb5, 0x8fb6, 0x8fb7, 0x8fb8, 0x8fba, 0x8fbb, 0x8fbc, 0x8fbe, 0x8fbf, 0x8fc0, 0x8fc1, 0x8fc2, 0x8fc4, 0x8fc5, 0x8fc6,
    0x8fca, 0x8fcb, 0x8fcd, 0x8fce, 0x8fd0, 0x8fd1, 0x8fd2, 0x8fd3, 0x8fd4, 0x8fd5, 0x8fda, 0x8fe0, 0x8fe2, 0x8fe3, 0x8fe4, 0x8fe5,
    0x8fe6, 0x8fe8, 0x8fe9, 0x8fea, 0x8feb, 0x8fed, 0x8fee, 0x8fef, 0x8ff0, 0x8ff1, 0x8ff4, 0x8ff5, 0x8ff6, 0x8ff7, 0x8ff8, 0x8ff9,
    0x8ffa, 0x8ffb, 0x8ffd, 0x8ffe, 0x9000, 0x9001, 0x9002, 0x9003, 0x9004, 0x9005, 0x9006, 0x9008, 0x900b, 0x900c, 0x900d, 0x900e,
    0x900f, 0x9010, 0x9011, 0x9013, 0x9014, 0x9015, 0x9016, 0x9017, 0x9018, 0x9019, 0x901a, 0x901b, 0x901d, 0x901e, 0x901f, 0x9020,
    0x9021, 0x9022, 0x9023, 0x9027, 0x9028, 0x9029, 0x902a, 0x902c, 0x902d, 0x902e, 0x902f, 0x9031, 0x9032, 0x9033, 0x9034, 0x9035,
    0x9036, 0x9037, 0x9038, 0x9039, 0x903c, 0x903e, 0x903f, 0x9041, 0x9042, 0x9043, 0x9044, 0x9045, 0x9047, 0x9049, 0x904a, 0x904b,
    0x904c, 0x904d, 0x904e, 0x904f, 0x9050, 0x9051, 0x9052, 0x9053, 0x9054, 0x9055, 0x9056, 0x9058, 0x9059, 0x905b, 0x905c, 0x905d,
    0x905e, 0x9060, 0x9061, 0x9062, 0x9063, 0x9065, 0x9066, 0x9067, 0x9068, 0x9069, 0x906c, 0x906d, 0x906e, 0x906f, 0x9070, 0x9072,
    0x9074, 0x9075, 0x9076, 0x9077, 0x9078, 0x9079, 0x907a, 0x907c, 0x907d, 0x907f, 0x9080, 0x9081, 0x9082, 0x9083, 0x9084, 0x9085,
    0x9087, 0x9088, 0x9089, 0x908a, 0x908b, 0x908c, 0x908e, 0x908f, 0x9090, 0x9091, 0x9095, 0x9097, 0x9098, 0x9099, 0x909b, 0x90a0,
    0x90a1, 0x90a2, 0x90a3, 0x90a5, 0x90a6, 0x90a8, 0x90aa, 0x90af, 0x90b0, 0x90b1, 0x90b2, 0x90b3, 0x90b4, 0x90b5, 0x90b6, 0x90b8,
    0x90bd, 0x90be, 0x90c1, 0x90c3, 0x90c4, 0x90c5, 0x90c7, 0x90c8, 0x90ca, 0x90cc, 0x90ce, 0x90d2, 0x90d5, 0x90d7, 0x90d8, 0x90d9,
    0x90db, 0x90dc, 0x90dd, 0x90de, 0x90df, 0x90e1, 0x90e2, 0x90e4, 0x90e5, 0x90e8, 0x90eb, 0x90ed, 0x90ef, 0x90f0, 0x90f4, 0x90f5,
    0x90f6, 0x90f7, 0x90fd, 0x90fe, 0x90ff, 0x9100, 0x9102, 0x9104, 0x9105, 0x9106, 0x9108, 0x910d, 0x9110, 0x9112, 0x9114, 0x9115,
    0x9116, 0x9117, 0x9118, 0x9119, 0x911a, 0x911c, 0x911e, 0x9120, 0x9122, 0x9123, 0x9125, 0x9127, 0x9129, 0x912d, 0x912e, 0x912f,
    0x9130, 0x9131, 0x9132, 0x9134, 0x9136, 0x9137, 0x9139, 0x913a, 0x913c, 0x913d, 0x9143, 0x9147, 0x9148, 0x9149, 0x914a, 0x914b,
    0x914c, 0x914d, 0x914e, 0x914f, 0x9152, 0x9153, 0x9154, 0x9156, 0x9157, 0x9158, 0x9159, 0x915a, 0x915b, 0x9161, 0x9162, 0x9163,
    0x9164, 0x9165, 0x9167, 0x9169, 0x916a, 0x916c, 0x916d, 0x9172, 0x9173, 0x9174, 0x9175, 0x9177, 0x9178, 0x9179, 0x917a, 0x917b,
    0x9181, 0x9182, 0x9183, 0x9185, 0x9186, 0x9187, 0x9189, 0x918a, 0x918b, 0x918d, 0x918e, 0x9190, 0x9191, 0x9192, 0x9193, 0x9194,
    0x9195, 0x9197, 0x9198, 0x919c, 0x919e, 0x91a1, 0x91a2, 0x91a4, 0x91a6, 0x91a8, 0x91aa, 0x91ab, 0x91ac, 0x91ad, 0x91ae, 0x91af,
    0x91b0, 0x91b1, 0x91b2, 0x91b3, 0x91b4, 0x91b5, 0x91b6, 0x91b8, 0x91ba, 0x91bb, 0x91bc, 0x91bd, 0x91bf, 0x91c0, 0x91c1, 0x91c2,
    0x91c3, 0x91c5, 0x91c6, 0x91c7, 0x91c8, 0x91c9, 0x91cb, 0x91cc, 0x91cd, 0x91ce, 0x91cf, 0x91d0, 0x91d1, 0x91d3, 0x91d4, 0x91d6,
    0x91d7, 0x91d8, 0x91d9, 0x91da, 0x91db, 0x91dc, 0x91dd, 0x91de, 0x91df, 0x91e1, 0x91e3, 0x91e4, 0x91e5, 0x91e6, 0x91e7, 0x91e9,
    0x91ea, 0x91ec, 0x91ed, 0x91ee, 0x91ef, 0x91f0, 0x91f1, 0x91f5, 0x91f6, 0x91f7, 0x91f9, 0x91fb, 0x91fc, 0x91fd, 0x91ff, 0x9200,
    0x9201, 0x9204, 0x9205, 0x9206, 0x9207, 0x9209, 0x920a, 0x920c, 0x920d, 0x920e, 0x9210, 0x9211, 0x9212, 0x9213, 0x9214, 0x9215,
    0x9216, 0x9218, 0x921c, 0x921d, 0x921e, 0x9223, 0x9224, 0x9225, 0x9226, 0x9228, 0x9229, 0x922c, 0x922e, 0x922f, 0x9230, 0x9233,
    0x9234, 0x9235, 0x9236, 0x9237, 0x9238, 0x9239, 0x923a, 0x923c, 0x923e, 0x923f, 0x9240, 0x9242, 0x9243, 0x9244, 0x9245, 0x9246,
    0x9247, 0x9248, 0x9249, 0x924a, 0x924b, 0x924d, 0x924e, 0x924f, 0x9250, 0x9251, 0x9257, 0x9258, 0x9259, 0x925a, 0x925b, 0x925c,
    0x925d, 0x925e, 0x9260, 0x9261, 0x9262, 0x9264, 0x9265, 0x9266, 0x9267, 0x9268, 0x9269, 0x926e, 0x926f, 0x9270, 0x9271, 0x9275,
    0x9276, 0x9277, 0x9278, 0x9279, 0x927b, 0x927c, 0x927d, 0x927e, 0x927f, 0x9280, 0x9283, 0x9285, 0x9288, 0x9289, 0x928a, 0x928d,
    0x928e, 0x9291, 0x9292, 0x9293, 0x9295, 0x9296, 0x9297, 0x9298, 0x9299, 0x929a, 0x929b, 0x929c, 0x929f, 0x92a0, 0x92a4, 0x92a5,
    0x92a7, 0x92a8, 0x92ab, 0x92ad, 0x92af, 0x92b2, 0x92b6, 0x92b7, 0x92b8, 0x92b9, 0x92ba, 0x92bb, 0x92bc, 0x92bd, 0x92bf, 0x92c0,
    0x92c1, 0x92c2, 0x92c3, 0x92c5, 0x92c6, 0x92c7, 0x92c8, 0x92cb, 0x92cc, 0x92cd, 0x92ce, 0x92cf, 0x92d0, 0x92d2, 0x92d3, 0x92d5,
    0x92d7, 0x92d8, 0x92d9, 0x92dc, 0x92dd, 0x92df, 0x92e0, 0x92e1, 0x92e3, 0x92e4, 0x92e5, 0x92e7, 0x92e8, 0x92e9, 0x92ea, 0x92ec,
    0x92ed, 0x92ee, 0x92f0, 0x92f2, 0x92f3, 0x92f8, 0x92f9, 0x92fa, 0x92fb, 0x92fc, 0x92ff, 0x9300, 0x9302, 0x9306, 0x9308, 0x930d,
    0x930f, 0x9310, 0x9311, 0x9314, 0x9315, 0x9318, 0x9319, 0x931a, 0x931c, 0x931d, 0x931e, 0x931f, 0x9320, 0x9321, 0x9322, 0x9323,
    0x9324, 0x9325, 0x9326, 0x9327, 0x9328, 0x9329, 0x932a, 0x932b, 0x932c, 0x932e, 0x932f, 0x9332, 0x9333, 0x9334, 0x9335, 0x9336,
    0x9337, 0x933a, 0x933b, 0x9344, 0x9347, 0x9348, 0x9349, 0x934b, 0x934d, 0x9350, 0x9351, 0x9352, 0x9354, 0x9355, 0x9356, 0x9357,
    0x9358, 0x935a, 0x935b, 0x935c, 0x935e, 0x9360, 0x9364, 0x9365, 0x9367, 0x9369, 0x936a, 0x936c, 0x936d, 0x936e, 0x936f, 0x9370,
    0x9371, 0x9373, 0x9374, 0x9375, 0x9376, 0x937a, 0x937c, 0x937d, 0x937e, 0x937f, 0x9380, 0x9381, 0x9382, 0x9388, 0x938a, 0x938b,
    0x938c, 0x938d, 0x938f, 0x9392, 0x9394, 0x9395, 0x9396, 0x9397, 0x9398, 0x939a, 0x939b, 0x939e, 0x93a1, 0x93a3, 0x93a4, 0x93a6,
    0x93a7, 0x93a8, 0x93a9, 0x93ab, 0x93ac, 0x93ad, 0x93ae, 0x93b0, 0x93b4, 0x93b5, 0x93b6, 0x93b9, 0x93ba, 0x93c1, 0x93c3, 0x93c4,
    0x93c5, 0x93c6, 0x93c7, 0x93c8, 0x93c9, 0x93ca, 0x93cb, 0x93cc, 0x93cd, 0x93d0, 0x93d1, 0x93d3, 0x93d6, 0x93d7, 0x93d8, 0x93d9,
    0x93dc, 0x93dd, 0x93de, 0x93df, 0x93e1, 0x93e2, 0x93e4, 0x93e5, 0x93e6, 0x93e7, 0x93e8, 0x93f7, 0x93f8, 0x93f9, 0x93fa, 0x93fb,
    0x93fd, 0x9401, 0x9402, 0x9403, 0x9404, 0x9407, 0x9408, 0x9409, 0x940d, 0x940e, 0x940f, 0x9410, 0x9413, 0x9414, 0x9415, 0x9416,
    0x9417, 0x9418, 0x9419, 0x941a, 0x941f, 0x9421, 0x942b, 0x942e, 0x942f, 0x9431, 0x9432, 0x9433, 0x9434, 0x9435, 0x9436, 0x9438,
    0x943a, 0x943b, 0x943d, 0x943f, 0x9441, 0x9443, 0x9444, 0x9445, 0x9448, 0x944a, 0x944c, 0x9451, 0x9452, 0x9453, 0x9455, 0x9459,
    0x945a, 0x945b, 0x945c, 0x945e, 0x945f, 0x9460, 0x9461, 0x9462, 0x9463, 0x9468, 0x946a, 0x946b, 0x946d, 0x946e, 0x946f, 0x9470,
    0x9471, 0x9472, 0x9475, 0x9477, 0x947c, 0x947d, 0x947e, 0x947f, 0x9481, 0x9483, 0x9484, 0x9577, 0x9578, 0x9579, 0x957e, 0x9580,
    0x9582, 0x9583, 0x9584, 0x9587, 0x9588, 0x9589, 0x958a, 0x958b, 0x958c, 0x958d, 0x958e, 0x958f, 0x9591, 0x9592, 0x9593, 0x9594,
    0x9596, 0x9598, 0x9599, 0x959d, 0x959e, 0x959f, 0x95a0, 0x95a1, 0x95a2, 0x95a3, 0x95a4, 0x95a5, 0x95a6, 0x95a7, 0x95a8, 0x95a9,
    0x95ab, 0x95ac, 0x95ad, 0x95b2, 0x95b4, 0x95b6, 0x95b9, 0x95ba, 0x95bb, 0x95bc, 0x95bd, 0x95be, 0x95bf, 0x95c3, 0x95c6, 0x95c7,
    0x95c8, 0x95c9, 0x95ca, 0x95cb, 0x95cc, 0x95cd, 0x95d0, 0x95d1, 0x95d2, 0x95d3, 0x95d4, 0x95d5, 0x95d6, 0x95d8, 0x95d9, 0x95da,
    0x95dc, 0x95dd, 0x95de, 0x95df, 0x95e0, 0x95e1, 0x95e2, 0x95e4, 0x95e5, 0x95e6, 0x961c, 0x961d, 0x961e, 0x9621, 0x9622, 0x9624,
    0x9625, 0x9626, 0x9628, 0x962a, 0x962c, 0x962e, 0x962f, 0x9631, 0x9632, 0x9633, 0x9637, 0x9638, 0x9639, 0x963a, 0x963b, 0x963c,
    0x963d, 0x963f, 0x9640, 0x9641, 0x9642, 0x9644, 0x964b, 0x964c, 0x964d, 0x964f, 0x9650, 0x9652, 0x9654, 0x9656, 0x9657, 0x9658,
    0x965b, 0x965c, 0x965d, 0x965e, 0x965f, 0x9661, 0x9662, 0x9663, 0x9664, 0x9665, 0x9666, 0x966a, 0x966c, 0x966e, 0x9670, 0x9672,
    0x9673, 0x9674, 0x9675, 0x9676, 0x9677, 0x9678, 0x967a, 0x967b, 0x967c, 0x967d, 0x967e, 0x967f, 0x9681, 0x9682, 0x9683, 0x9684,
    0x9685, 0x9686, 0x9688, 0x9689, 0x968a, 0x968b, 0x968d, 0x968e, 0x968f, 0x9691, 0x9694, 0x9695, 0x9696, 0x9697, 0x9698, 0x9699,
    0x969a, 0x969b, 0x969c, 0x969d, 0x969f, 0x96a0, 0x96a3, 0x96a4, 0x96a5, 0x96a6, 0x96a7, 0x96a8, 0x96a9, 0x96aa, 0x96ae, 0x96af,
    0x96b0, 0x96b1, 0x96b2, 0x96b3, 0x96b4, 0x96b6, 0x96b7, 0x96b8, 0x96b9, 0x96ba, 0x96bb, 0x96bc, 0x96c0, 0x96c1, 0x96c4, 0x96c5,
    0x96c6, 0x96c7, 0x96c9, 0x96ca, 0x96cb, 0x96cc, 0x96cd, 0x96ce, 0x96d1, 0x96d2, 0x96d5, 0x96d6, 0x96d8, 0x96d9, 0x96da, 0x96db,
    0x96dc, 0x96dd, 0x96de, 0x96df, 0x96e2, 0x96e3, 0x96e8, 0x96e9, 0x96ea, 0x96eb, 0x96ef, 0x96f0, 0x96f1, 0x96f2, 0x96f6, 0x96f7,
    0x96f9, 0x96fa, 0x96fb, 0x9700, 0x9702, 0x9703, 0x9704, 0x9705, 0x9706, 0x9707, 0x9708, 0x9709, 0x970a, 0x970d, 0x970e, 0x970f,
    0x9711, 0x9713, 0x9716, 0x9719, 0x971a, 0x971b, 0x971c, 0x971d, 0x971e, 0x9721, 0x9722, 0x9723, 0x9724, 0x9727, 0x9728, 0x972a,
    0x9730, 0x9731, 0x9732, 0x9733, 0x9738, 0x9739, 0x973b, 0x973d, 0x973e, 0x9741, 0x9742, 0x9743, 0x9744, 0x9746, 0x9748, 0x9749,
    0x974a, 0x974d, 0x974e, 0x974f, 0x9751, 0x9752, 0x9755, 0x9756, 0x9757, 0x9758, 0x9759, 0x975a, 0x975b, 0x975c, 0x975e, 0x9760,
    0x9761, 0x9762, 0x9763, 0x9764, 0x9766, 0x9767, 0x9768, 0x9769, 0x976a, 0x976b, 0x976d, 0x976e, 0x9771, 0x9773, 0x9774, 0x9776,
    0x9777, 0x9778, 0x9779, 0x977a, 0x977b, 0x977c, 0x977d, 0x977f, 0x9780, 0x9781, 0x9784, 0x9785, 0x9786, 0x9789, 0x978b, 0x978d,
    0x978f, 0x9790, 0x9795, 0x9796, 0x9797, 0x9798, 0x9799, 0x979a, 0x979c, 0x979e, 0x979f, 0x97a0, 0x97a2, 0x97a3, 0x97a6, 0x97a8,
    0x97ab, 0x97ac, 0x97ad, 0x97ae, 0x97b1, 0x97b2, 0x97b3, 0x97b4, 0x97b5, 0x97b6, 0x97b8, 0x97b9, 0x97ba, 0x97bc, 0x97be, 0x97bf,
    0x97c1, 0x97c3, 0x97c4, 0x97c5, 0x97c6, 0x97c7, 0x97c8, 0x97c9, 0x97ca, 0x97cb, 0x97cc, 0x97cd, 0x97ce, 0x97d0, 0x97d1, 0x97d3,
    0x97d4, 0x97d7, 0x97d8, 0x97d9, 0x97db, 0x97dc, 0x97dd, 0x97de, 0x97e0, 0x97e1, 0x97e4, 0x97ed, 0x97ee, 0x97ef, 0x97f1, 0x97f2,
    0x97f3, 0x97f4, 0x97f5, 0x97f6, 0x97f7, 0x97f8, 0x97fa, 0x97fb, 0x97ff, 0x9801, 0x9802, 0x9803, 0x9805, 0x9806, 0x9807, 0x9808,
    0x980a, 0x980c, 0x980d, 0x980e, 0x980f, 0x9810, 0x9811, 0x9812, 0x9813, 0x9814, 0x9816, 0x9817, 0x9818, 0x9819, 0x981a, 0x981c,
    0x981e, 0x9820, 0x9821, 0x9823, 0x9824, 0x9825, 0x9826, 0x982b, 0x982c, 0x982d, 0x982e, 0x982f, 0x9830, 0x9832, 0x9833, 0x9834,
    0x9835, 0x9837, 0x9838, 0x983b, 0x983c, 0x983d, 0x983e, 0x9844, 0x9846, 0x9847, 0x984a, 0x984b, 0x984c, 0x984d, 0x984e, 0x984f,
    0x9851, 0x9852, 0x9853, 0x9854, 0x9855, 0x9856, 0x9857, 0x9858, 0x9859, 0x985a, 0x985b, 0x985e, 0x9862, 0x9863, 0x9865, 0x9866,
    0x9867, 0x986a, 0x986b, 0x986c, 0x986f, 0x9870, 0x9871, 0x9873, 0x9874, 0x98a8, 0x98aa, 0x98ab, 0x98ad, 0x98ae, 0x98af, 0x98b0,
    0x98b1, 0x98b4, 0x98b6, 0x98b7, 0x98b8, 0x98ba, 0x98bb, 0x98bf, 0x98c2, 0x98c3, 0x98c4, 0x98c5, 0x98c6, 0x98c8, 0x98cc, 0x98db,
    0x98dc, 0x98df, 0x98e1, 0x98e2, 0x98e3, 0x98e5, 0x98e6, 0x98e7, 0x98e9, 0x98ea, 0x98eb, 0x98ed, 0x98ee, 0x98ef, 0x98f2, 0x98f3,
    0x98f4, 0x98f6, 0x98fc, 0x98fd, 0x98fe, 0x9902, 0x9903, 0x9905, 0x9907, 0x9908, 0x9909, 0x990a, 0x990c, 0x9910, 0x9911, 0x9912,
    0x9913, 0x9914, 0x9915, 0x9916, 0x9917, 0x9918, 0x991a, 0x991b, 0x991c, 0x991d, 0x991e, 0x991f, 0x9920, 0x9921, 0x9922, 0x9924,
    0x9926, 0x9927, 0x9928, 0x992b, 0x992c, 0x992e, 0x9931, 0x9932, 0x9933, 0x9934, 0x9935, 0x9939, 0x993a, 0x993b, 0x993c, 0x993d,
    0x993e, 0x9940, 0x9941, 0x9942, 0x9945, 0x9946, 0x9947, 0x9948, 0x9949, 0x994b, 0x994c, 0x994d, 0x994e, 0x9950, 0x9951, 0x9952,
    0x9954, 0x9955, 0x9957, 0x9958, 0x9959, 0x995b, 0x995c, 0x995e, 0x995f, 0x9960, 0x9996, 0x9997, 0x9998, 0x9999, 0x999b, 0x999d,
    0x999e, 0x999f, 0x99a5, 0x99a6, 0x99a8, 0x99ac, 0x99ad, 0x99ae, 0x99b0, 0x99b1, 0x99b2, 0x99b3, 0x99b4, 0x99b5, 0x99b9, 0x99ba,
    0x99bc, 0x99bd, 0x99bf, 0x99c1, 0x99c3, 0x99c4, 0x99c5, 0x99c6, 0x99c8, 0x99c9, 0x99d0, 0x99d1, 0x99d2, 0x99d3, 0x99d4, 0x99d5,
    0x99d8, 0x99d9, 0x99da, 0x99db, 0x99dc, 0x99dd, 0x99de, 0x99df, 0x99e2, 0x99e7, 0x99ea, 0x99eb, 0x99ec, 0x99ed, 0x99ee, 0x99f0,
    0x99f1, 0x99f2, 0x99f4, 0x99f5, 0x99f8, 0x99f9, 0x99fb, 0x99fd, 0x99fe, 0x99ff, 0x9a01, 0x9a02, 0x9a03, 0x9a04, 0x9a05, 0x9a0b,
    0x9a0c, 0x9a0e, 0x9a0f, 0x9a10, 0x9a11, 0x9a12, 0x9a13, 0x9a16, 0x9a19, 0x9a1e, 0x9a20, 0x9a22, 0x9a23, 0x9a24, 0x9a27, 0x9a28,
    0x9a2b, 0x9a2d, 0x9a2e, 0x9a30, 0x9a33, 0x9a35, 0x9a36, 0x9a37, 0x9a38, 0x9a3e, 0x9a40, 0x9a41, 0x9a42, 0x9a43, 0x9a44, 0x9a45,
    0x9a47, 0x9a4a, 0x9a4b, 0x9a4c, 0x9a4d, 0x9a4e, 0x9a51, 0x9a54, 0x9a55, 0x9a56, 0x9a57, 0x9a5a, 0x9a5b, 0x9a5d, 0x9a5f, 0x9a62,
    0x9a64, 0x9a65, 0x9a69, 0x9a6a, 0x9a6b, 0x9aa8, 0x9aaa, 0x9aac, 0x9aad, 0x9aae, 0x9aaf, 0x9ab0, 0x9ab2, 0x9ab4, 0x9ab5, 0x9ab6,
    0x9ab8, 0x9ab9, 0x9abb, 0x9abc, 0x9abe, 0x9abf, 0x9ac0, 0x9ac1, 0x9ac3, 0x9ac4, 0x9ac6, 0x9ac8, 0x9ace, 0x9acf, 0x9ad0, 0x9ad1,
    0x9ad2, 0x9ad3, 0x9ad4, 0x9ad5, 0x9ad6, 0x9ad7, 0x9ad8, 0x9ad9, 0x9adb, 0x9adc, 0x9ade, 0x9adf, 0x9ae0, 0x9ae2, 0x9ae3, 0x9ae4,
    0x9ae5, 0x9ae6, 0x9ae7, 0x9ae9, 0x9aea, 0x9aeb, 0x9aec, 0x9aed, 0x9aee, 0x9aef, 0x9af1, 0x9af2, 0x9af3, 0x9af4, 0x9af5, 0x9af7,
    0x9af9, 0x9afa, 0x9afb, 0x9afd, 0x9aff, 0x9b00, 0x9b01, 0x9b02, 0x9b03, 0x9b04, 0x9b05, 0x9b06, 0x9b08, 0x9b09, 0x9b0b, 0x9b0c,
    0x9b0d, 0x9b0e, 0x9b10, 0x9b12, 0x9b16, 0x9b18, 0x9b19, 0x9b1a, 0x9b1b, 0x9b1c, 0x9b1f, 0x9b20, 0x9b22, 0x9b23, 0x9b25, 0x9b26,
    0x9b27, 0x9b28, 0x9b29, 0x9b2a, 0x9b2b, 0x9b2d, 0x9b2e, 0x9b2f, 0x9b31, 0x9b32, 0x9b33, 0x9b34, 0x9b35, 0x9b37, 0x9b39, 0x9b3a,
    0x9b3b, 0x9b3c, 0x9b3d, 0x9b41, 0x9b42, 0x9b43, 0x9b44, 0x9b45, 0x9b48, 0x9b4b, 0x9b4c, 0x9b4d, 0x9b4e, 0x9b4f, 0x9b51, 0x9b54,
    0x9b55, 0x9b56, 0x9b57, 0x9b58, 0x9b5a, 0x9b5b, 0x9b5e, 0x9b61, 0x9b63, 0x9b65, 0x9b66, 0x9b68, 0x9b6a, 0x9b6b, 0x9b6c, 0x9b6d,
    0x9b6e, 0x9b6f, 0x9b72, 0x9b73, 0x9b74, 0x9b75, 0x9b77, 0x9b78, 0x9b79, 0x9b7f, 0x9b80, 0x9b83, 0x9b84, 0x9b85, 0x9b86, 0x9b87,
    0x9b89, 0x9b8a, 0x9b8b, 0x9b8d, 0x9b8e, 0x9b8f, 0x9b90, 0x9b91, 0x9b92, 0x9b93, 0x9b94, 0x9b96, 0x9b97, 0x9b9a, 0x9b9d, 0x9b9e,
    0x9b9f, 0x9ba0, 0x9ba6, 0x9ba7, 0x9ba8, 0x9ba9, 0x9baa, 0x9bab, 0x9bac, 0x9bad, 0x9bae, 0x9bb0, 0x9bb1, 0x9bb2, 0x9bb4, 0x9bb7,
    0x9bb8, 0x9bb9, 0x9bbb, 0x9bbc, 0x9bbe, 0x9bbf, 0x9bc0, 0x9bc1, 0x9bc6, 0x9bc7, 0x9bc8, 0x9bc9, 0x9bca, 0x9bce, 0x9bcf, 0x9bd0,
    0x9bd1, 0x9bd2, 0x9bd4, 0x9bd6, 0x9bd7, 0x9bd8, 0x9bdb, 0x9bdd, 0x9bdf, 0x9be1, 0x9be2, 0x9be3, 0x9be4, 0x9be5, 0x9be7, 0x9be8,
    0x9bea, 0x9beb, 0x9bef, 0x9bf0, 0x9bf1, 0x9bf2, 0x9bf3, 0x9bf5, 0x9bf7, 0x9bf8, 0x9bf9, 0x9bfa, 0x9bfd, 0x9bff, 0x9c00, 0x9c02,
    0x9c04, 0x9c06, 0x9c08, 0x9c09, 0x9c0a, 0x9c0b, 0x9c0c, 0x9c0d, 0x9c0f, 0x9c10, 0x9c11, 0x9c12, 0x9c13, 0x9c14, 0x9c15, 0x9c16,
    0x9c18, 0x9c19, 0x9c1a, 0x9c1b, 0x9c1c, 0x9c1e, 0x9c21, 0x9c22, 0x9c23, 0x9c24, 0x9c25, 0x9c26, 0x9c27, 0x9c28, 0x9c29, 0x9c2a,
    0x9c2d, 0x9c2e, 0x9c2f, 0x9c30, 0x9c31, 0x9c32, 0x9c35, 0x9c36, 0x9c37, 0x9c39, 0x9c3a, 0x9c3b, 0x9c3d, 0x9c3e, 0x9c41, 0x9c43,
    0x9c44, 0x9c45, 0x9c46, 0x9c47, 0x9c48, 0x9c49, 0x9c4a, 0x9c4e, 0x9c4f, 0x9c50, 0x9c52, 0x9c53, 0x9c54, 0x9c56, 0x9c57, 0x9c58,
    0x9c5a, 0x9c5b, 0x9c5c, 0x9c5d, 0x9c5e, 0x9c5f, 0x9c60, 0x9c63, 0x9c67, 0x9c68, 0x9c69, 0x9c6a, 0x9c6b, 0x9c6e, 0x9c70, 0x9c72,
    0x9c75, 0x9c76, 0x9c77, 0x9c78, 0x9c7b, 0x9ce5, 0x9ce6, 0x9ce7, 0x9ce9, 0x9ceb, 0x9cec, 0x9cf0, 0x9cf2, 0x9cf3, 0x9cf4, 0x9cf6,
    0x9cf7, 0x9cf9, 0x9d02, 0x9d03, 0x9d06, 0x9d07, 0x9d08, 0x9d09, 0x9d0b, 0x9d0e, 0x9d11, 0x9d12, 0x9d15, 0x9d17, 0x9d18, 0x9d1b,
    0x9d1c, 0x9d1d, 0x9d1e, 0x9d1f, 0x9d23, 0x9d26, 0x9d28, 0x9d2a, 0x9d2b, 0x9d2c, 0x9d2f, 0x9d30, 0x9d32, 0x9d33, 0x9d34, 0x9d3a,
    0x9d3b, 0x9d3c, 0x9d3d, 0x9d3e, 0x9d3f, 0x9d41, 0x9d42, 0x9d43, 0x9d44, 0x9d45, 0x9d46, 0x9d47, 0x9d48, 0x9d4a, 0x9d50, 0x9d51,
    0x9d53, 0x9d54, 0x9d59, 0x9d5c, 0x9d5d, 0x9d5e, 0x9d5f, 0x9d60, 0x9d61, 0x9d62, 0x9d63, 0x9d64, 0x9d65, 0x9d69, 0x9d6a, 0x9d6b,
    0x9d6c, 0x9d6f, 0x9d70, 0x9d72, 0x9d76, 0x9d77, 0x9d7a, 0x9d7b, 0x9d7c, 0x9d7e, 0x9d83, 0x9d84, 0x9d86, 0x9d87, 0x9d89, 0x9d8a,
    0x9d8d, 0x9d8e, 0x9d8f, 0x9d92, 0x9d93, 0x9d95, 0x9d96, 0x9d97, 0x9d98, 0x9d9a, 0x9da1, 0x9da4, 0x9da9, 0x9daa, 0x9dab, 0x9dac,
    0x9dae, 0x9daf, 0x9db1, 0x9db2, 0x9db4, 0x9db5, 0x9db8, 0x9db9, 0x9dba, 0x9dbb, 0x9dbc, 0x9dbf, 0x9dc1, 0x9dc2, 0x9dc3, 0x9dc4,
    0x9dc6, 0x9dc7, 0x9dc9, 0x9dca, 0x9dcf, 0x9dd3, 0x9dd4, 0x9dd5, 0x9dd6, 0x9dd7, 0x9dd9, 0x9dda, 0x9dde, 0x9ddf, 0x9de0, 0x9de5,
    0x9de6, 0x9de7, 0x9de9, 0x9deb, 0x9ded, 0x9dee, 0x9def, 0x9df0, 0x9df2, 0x9df3, 0x9df4, 0x9df8, 0x9df9, 0x9dfa, 0x9dfd, 0x9dfe,
    0x9e02, 0x9e07, 0x9e0a, 0x9e0e, 0x9e10, 0x9e11, 0x9e12, 0x9e15, 0x9e16, 0x9e19, 0x9e1a, 0x9e1b, 0x9e1c, 0x9e1d, 0x9e1e, 0x9e75,
    0x9e78, 0x9e79, 0x9e7a, 0x9e7b, 0x9e7c, 0x9e7d, 0x9e7f, 0x9e80, 0x9e81, 0x9e82, 0x9e83, 0x9e84, 0x9e85, 0x9e87, 0x9e88, 0x9e8b,
    0x9e8c, 0x9e8e, 0x9e8f, 0x9e91, 0x9e92, 0x9e93, 0x9e95, 0x9e96, 0x9e97, 0x9e98, 0x9e9b, 0x9e9d, 0x9e9e, 0x9e9f, 0x9ea4, 0x9ea5,
    0x9ea6, 0x9ea8, 0x9ea9, 0x9eaa, 0x9eac, 0x9ead, 0x9eae, 0x9eaf, 0x9eb0, 0x9eb3, 0x9eb4, 0x9eb5, 0x9eb8, 0x9eb9, 0x9eba, 0x9ebb,
    0x9ebc, 0x9ebe, 0x9ebf, 0x9ec4, 0x9ec6, 0x9ec8, 0x9ecb, 0x9ecc, 0x9ecd, 0x9ece, 0x9ecf, 0x9ed0, 0x9ed1, 0x9ed2, 0x9ed4, 0x9ed5,
    0x9ed8, 0x9ed9, 0x9edb, 0x9edc, 0x9edd, 0x9ede, 0x9edf, 0x9ee0, 0x9ee4, 0x9ee5, 0x9ee7, 0x9ee8, 0x9eec, 0x9eed, 0x9eee, 0x9eef,
    0x9ef0, 0x9ef1, 0x9ef2, 0x9ef4, 0x9ef5, 0x9ef6, 0x9ef7, 0x9ef8, 0x9ef9, 0x9efb, 0x9efc, 0x9efd, 0x9eff, 0x9f02, 0x9f03, 0x9f07,
    0x9f08, 0x9f09, 0x9f0e, 0x9f0f, 0x9f10, 0x9f11, 0x9f12, 0x9f13, 0x9f14, 0x9f15, 0x9f16, 0x9f17, 0x9f19, 0x9f1a, 0x9f1b, 0x9f1f,
    0x9f20, 0x9f21, 0x9f22, 0x9f26, 0x9f2a, 0x9f2b, 0x9f2c, 0x9f2f, 0x9f31, 0x9f32, 0x9f34, 0x9f37, 0x9f39, 0x9f3a, 0x9f3b, 0x9f3c,
    0x9f3d, 0x9f3e, 0x9f3f, 0x9f41, 0x9f43, 0x9f44, 0x9f45, 0x9f46, 0x9f47, 0x9f4a, 0x9f4b, 0x9f4e, 0x9f4f, 0x9f52, 0x9f53, 0x9f54,
    0x9f55, 0x9f56, 0x9f57, 0x9f58, 0x9f5a, 0x9f5d, 0x9f5e, 0x9f5f, 0x9f60, 0x9f61, 0x9f62, 0x9f63, 0x9f66, 0x9f67, 0x9f68, 0x9f69,
    0x9f6a, 0x9f6c, 0x9f6d, 0x9f6e, 0x9f6f, 0x9f70, 0x9f71, 0x9f72, 0x9f73, 0x9f75, 0x9f76, 0x9f77, 0x9f7a, 0x9f7d, 0x9f8d, 0x9f8f,
    0x9f90, 0x9f91, 0x9f92, 0x9f94, 0x9f95, 0x9f96, 0x9f97, 0x9f9c, 0x9f9d, 0x9f9e, 0x9fa0, 0x9fa1, 0x9fa2, 0x9fa3, 0x9fa5, 0xe000,
    0xe001, 0xe002, 0xe003, 0xe004, 0xe005, 0xe006, 0xe007, 0xe008, 0xe009, 0xe00a, 0xe00b, 0xe00c, 0xe00d, 0xe00e, 0xe00f, 0xe010,
    0xe011, 0xe012, 0xe013, 0xe014, 0xe015, 0xe016, 0xe017, 0xe018, 0xe019, 0xe01a, 0xe01b, 0xe01c, 0xe01d, 0xe01e, 0xe01f, 0xe020,
    0xe021, 0xe022, 0xe023, 0xe024, 0xe025, 0xe026, 0xe027, 0xe028, 0xe029, 0xe02a, 0xe02b, 0xe02c, 0xe02d, 0xe02e, 0xe02f, 0xe030,
    0xe031, 0xe032, 0xe033, 0xe034, 0xe035, 0xe036, 0xe037, 0xe038, 0xe039, 0xe03a, 0xe03b, 0xe03c, 0xe03d, 0xe03e, 0xe03f, 0xe040,
    0xe041, 0xe042, 0xe043, 0xe044, 0xe045, 0xe046, 0xe047, 0xe048, 0xe049, 0xe04a, 0xe04b, 0xe04c, 0xe04d, 0xe04e, 0xe04f, 0xe050,
    0xe051, 0xe052, 0xe053, 0xe054, 0xe055, 0xe056, 0xe057, 0xe058, 0xe059, 0xe05a, 0xe05b, 0xe05c, 0xe05d, 0xe05e, 0xe05f, 0xe060,
    0xe061, 0xe062, 0xe063, 0xe064, 0xe065, 0xe066, 0xe067, 0xe068, 0xe069, 0xe06a, 0xe06b, 0xe06c, 0xe06d, 0xe06e, 0xe06f, 0xe070,
    0xe071, 0xe072, 0xe073, 0xe074, 0xe075, 0xe076, 0xe077, 0xe078, 0xe079, 0xe07a, 0xe07b, 0xe07c, 0xe07d, 0xe07e, 0xe07f, 0xe080,
    0xe081, 0xe082, 0xe083, 0xe084, 0xe085, 0xe086, 0xe087, 0xe088, 0xe089, 0xe08a, 0xe08b, 0xe08c, 0xe08d, 0xe08e, 0xe08f, 0xe090,
    0xe091, 0xe092, 0xe093, 0xe094, 0xe095, 0xe096, 0xe097, 0xe098, 0xe099, 0xe09a, 0xe09b, 0xe09c, 0xe09d, 0xe09e, 0xe09f, 0xe0a0,
    0xe0a1, 0xe0a2, 0xe0a3, 0xe0a4, 0xe0a5, 0xe0a6, 0xe0a7, 0xe0a8, 0xe0a9, 0xe0aa, 0xe0ab, 0xe0ac, 0xe0ad, 0xe0ae, 0xe0af, 0xe0b0,
    0xe0b1, 0xe0b2, 0xe0b3, 0xe0b4, 0xe0b5, 0xe0b6, 0xe0b7, 0xe0b8, 0xe0b9, 0xe0ba, 0xe0bb, 0xe0bc, 0xe0bd, 0xe0be, 0xe0bf, 0xe0c0,
    0xe0c1, 0xe0c2, 0xe0c3, 0xe0c4, 0xe0c5, 0xe0c6, 0xe0c7, 0xe0c8, 0xe0c9, 0xe0ca, 0xe0cb, 0xe0cc, 0xe0cd, 0xe0ce, 0xe0cf, 0xe0d0,
    0xe0d1, 0xe0d2, 0xe0d3, 0xe0d4, 0xe0d5, 0xe0d6, 0xe0d7, 0xe0d8, 0xe0d9, 0xe0da, 0xe0db, 0xe0dc, 0xe0dd, 0xe0de, 0xe0df, 0xe0e0,
    0xe0e1, 0xe0e2, 0xe0e3, 0xe0e4, 0xe0e5, 0xe0e6, 0xe0e7, 0xe0e8, 0xe0e9, 0xe0ea, 0xe0eb, 0xe0ec, 0xe0ed, 0xe0ee, 0xe0ef, 0xe0f0,
    0xe0f1, 0xe0f2, 0xe0f3, 0xe0f4, 0xe0f5, 0xe0f6, 0xe0f7, 0xe0f8, 0xe0f9, 0xe0fa, 0xe0fb, 0xe0fc, 0xe0fd, 0xe0fe, 0xe0ff, 0xe100,
    0xe101, 0xe102, 0xe103, 0xe104, 0xe105, 0xe106, 0xe107, 0xe108, 0xe109, 0xe10a, 0xe10b, 0xe10c, 0xe10d, 0xe10e, 0xe10f, 0xe110,
    0xe111, 0xe112, 0xe113, 0xe114, 0xe115, 0xe116, 0xe117, 0xe118, 0xe119, 0xe11a, 0xe11b, 0xe11c, 0xe11d, 0xe11e, 0xe11f, 0xe120,
    0xe121, 0xe122, 0xe123, 0xe124, 0xe125, 0xe126, 0xe127, 0xe128, 0xe129, 0xe12a, 0xe12b, 0xe12c, 0xe12d, 0xe12e, 0xe12f, 0xe130,
    0xe131, 0xe132, 0xe133, 0xe134, 0xe135, 0xe136, 0xe137, 0xe138, 0xe139, 0xe13a, 0xe13b, 0xe13c, 0xe13d, 0xe13e, 0xe13f, 0xe140,
    0xe141, 0xe142, 0xe143, 0xe144, 0xe145, 0xe146, 0xe147, 0xe148, 0xe149, 0xe14a, 0xe14b, 0xe14c, 0xe14d, 0xe14e, 0xe14f, 0xe150,
    0xe151, 0xe152, 0xe153, 0xe154, 0xe155, 0xe156, 0xe157, 0xe158, 0xe159, 0xe15a, 0xe15b, 0xe15c, 0xe15d, 0xe15e, 0xe15f, 0xe160,
    0xe161, 0xe162, 0xe163, 0xe164, 0xe165, 0xe166, 0xe167, 0xe168, 0xe169, 0xe16a, 0xe16b, 0xe16c, 0xe16d, 0xe16e, 0xe16f, 0xe170,
    0xe171, 0xe172, 0xe173, 0xe174, 0xe175, 0xe176, 0xe177, 0xe178, 0xe179, 0xe17a, 0xe17b, 0xe17c, 0xe17d, 0xe17e, 0xe17f, 0xe180,
    0xe181, 0xe182, 0xe183, 0xe184, 0xe185, 0xe186, 0xe187, 0xe188, 0xe189, 0xe18a, 0xe18b, 0xe18c, 0xe18d, 0xe18e, 0xe18f, 0xe190,
    0xe191, 0xe192, 0xe193, 0xe194, 0xe195, 0xe196, 0xe197, 0xe198, 0xe199, 0xe19a, 0xe19b, 0xe19c, 0xe19d, 0xe19e, 0xe19f, 0xe1a0,
    0xe1a1, 0xe1a2, 0xe1a3, 0xe1a4, 0xe1a5, 0xe1a6, 0xe1a7, 0xe1a8, 0xe1a9, 0xe1aa, 0xe1ab, 0xe1ac, 0xe1ad, 0xe1ae, 0xe1af, 0xe1b0,
    0xe1b1, 0xe1b2, 0xe1b3, 0xe1b4, 0xe1b5, 0xe1b6, 0xe1b7, 0xe1b8, 0xe1b9, 0xe1ba, 0xe1bb, 0xe1bc, 0xe1bd, 0xe1be, 0xe1bf, 0xe1c0,
    0xe1c1, 0xe1c2, 0xe1c3, 0xe1c4, 0xe1c5, 0xe1c6, 0xe1c7, 0xe1c8, 0xe1c9, 0xe1ca, 0xe1cb, 0xe1cc, 0xe1cd, 0xe1ce, 0xe1cf, 0xe1d0,
    0xe1d1, 0xe1d2, 0xe1d3, 0xe1d4, 0xe1d5, 0xe1d6, 0xe1d7, 0xe1d8, 0xe1d9, 0xe1da, 0xe1db, 0xe1dc, 0xe1dd, 0xe1de, 0xe1df, 0xe1e0,
    0xe1e1, 0xe1e2, 0xe1e3, 0xe1e4, 0xe1e5, 0xe1e6, 0xe1e7, 0xe1e8, 0xe1e9, 0xe1ea, 0xe1eb, 0xe1ec, 0xe1ed, 0xe1ee, 0xe1ef, 0xe1f0,
    0xe1f1, 0xe1f2, 0xe1f3, 0xe1f4, 0xe1f5, 0xe1f6, 0xe1f7, 0xe1f8, 0xe1f9, 0xe1fa, 0xe1fb, 0xe1fc, 0xe1fd, 0xe1fe, 0xe1ff, 0xe200,
    0xe201, 0xe202, 0xe203, 0xe204, 0xe205, 0xe206, 0xe207, 0xe208, 0xe209, 0xe20a, 0xe20b, 0xe20c, 0xe20d, 0xe20e, 0xe20f, 0xe210,
    0xe211, 0xe212, 0xe213, 0xe214, 0xe215, 0xe216, 0xe217, 0xe218, 0xe219, 0xe21a, 0xe21b, 0xe21c, 0xe21d, 0xe21e, 0xe21f, 0xe220,
    0xe221, 0xe222, 0xe223, 0xe224, 0xe225, 0xe226, 0xe227, 0xe228, 0xe229, 0xe22a, 0xe22b, 0xe22c, 0xe22d, 0xe22e, 0xe22f, 0xe230,
    0xe231, 0xe232, 0xe233, 0xe234, 0xe235, 0xe236, 0xe237, 0xe238, 0xe239, 0xe23a, 0xe23b, 0xe23c, 0xe23d, 0xe23e, 0xe23f, 0xe240,
    0xe241, 0xe242, 0xe243, 0xe244, 0xe245, 0xe246, 0xe247, 0xe248, 0xe249, 0xe24a, 0xe24b, 0xe24c, 0xe24d, 0xe24e, 0xe24f, 0xe250,
    0xe251, 0xe252, 0xe253, 0xe254, 0xe255, 0xe256, 0xe257, 0xe258, 0xe259, 0xe25a, 0xe25b, 0xe25c, 0xe25d, 0xe25e, 0xe25f, 0xe260,
    0xe261, 0xe262, 0xe263, 0xe264, 0xe265, 0xe266, 0xe267, 0xe268, 0xe269, 0xe26a, 0xe26b, 0xe26c, 0xe26d, 0xe26e, 0xe26f, 0xe270,
    0xe271, 0xe272, 0xe273, 0xe274, 0xe275, 0xe276, 0xe277, 0xe278, 0xe279, 0xe27a, 0xe27b, 0xe27c, 0xe27d, 0xe27e, 0xe27f, 0xe280,
    0xe281, 0xe282, 0xe283, 0xe284, 0xe285, 0xe286, 0xe287, 0xe288, 0xe289, 0xe28a, 0xe28b, 0xe28c, 0xe28d, 0xe28e, 0xe28f, 0xe290,
    0xe291, 0xe292, 0xe293, 0xe294, 0xe295, 0xe296, 0xe297, 0xe298, 0xe299, 0xe29a, 0xe29b, 0xe29c, 0xe29d, 0xe29e, 0xe29f, 0xe2a0,
    0xe2a1, 0xe2a2, 0xe2a3, 0xe2a4, 0xe2a5, 0xe2a6, 0xe2a7, 0xe2a8, 0xe2a9, 0xe2aa, 0xe2ab, 0xe2ac, 0xe2ad, 0xe2ae, 0xe2af, 0xe2b0,
    0xe2b1, 0xe2b2, 0xe2b3, 0xe2b4, 0xe2b5, 0xe2b6, 0xe2b7, 0xe2b8, 0xe2b9, 0xe2ba, 0xe2bb, 0xe2bc, 0xe2bd, 0xe2be, 0xe2bf, 0xe2c0,
    0xe2c1, 0xe2c2, 0xe2c3, 0xe2c4, 0xe2c5, 0xe2c6, 0xe2c7, 0xe2c8, 0xe2c9, 0xe2ca, 0xe2cb, 0xe2cc, 0xe2cd, 0xe2ce, 0xe2cf, 0xe2d0,
    0xe2d1, 0xe2d2, 0xe2d3, 0xe2d4, 0xe2d5, 0xe2d6, 0xe2d7, 0xe2d8, 0xe2d9, 0xe2da, 0xe2db, 0xe2dc, 0xe2dd, 0xe2de, 0xe2df, 0xe2e0,
    0xe2e1, 0xe2e2, 0xe2e3, 0xe2e4, 0xe2e5, 0xe2e6, 0xe2e7, 0xe2e8, 0xe2e9, 0xe2ea, 0xe2eb, 0xe2ec, 0xe2ed, 0xe2ee, 0xe2ef, 0xe2f0,
    0xe2f1, 0xe2f2, 0xe2f3, 0xe2f4, 0xe2f5, 0xe2f6, 0xe2f7, 0xe2f8, 0xe2f9, 0xe2fa, 0xe2fb, 0xe2fc, 0xe2fd, 0xe2fe, 0xe2ff, 0xe300,
    0xe301, 0xe302, 0xe303, 0xe304, 0xe305, 0xe306, 0xe307, 0xe308, 0xe309, 0xe30a, 0xe30b, 0xe30c, 0xe30d, 0xe30e, 0xe30f, 0xe310,
    0xe311, 0xe312, 0xe313, 0xe314, 0xe315, 0xe316, 0xe317, 0xe318, 0xe319, 0xe31a, 0xe31b, 0xe31c, 0xe31d, 0xe31e, 0xe31f, 0xe320,
    0xe321, 0xe322, 0xe323, 0xe324, 0xe325, 0xe326, 0xe327, 0xe328, 0xe329, 0xe32a, 0xe32b, 0xe32c, 0xe32d, 0xe32e, 0xe32f, 0xe330,
    0xe331, 0xe332, 0xe333, 0xe334, 0xe335, 0xe336, 0xe337, 0xe338, 0xe339, 0xe33a, 0xe33b, 0xe33c, 0xe33d, 0xe33e, 0xe33f, 0xe340,
    0xe341, 0xe342, 0xe343, 0xe344, 0xe345, 0xe346, 0xe347, 0xe348, 0xe349, 0xe34a, 0xe34b, 0xe34c, 0xe34d, 0xe34e, 0xe34f, 0xe350,
    0xe351, 0xe352, 0xe353, 0xe354, 0xe355, 0xe356, 0xe357, 0xe358, 0xe359, 0xe35a, 0xe35b, 0xe35c, 0xe35d, 0xe35e, 0xe35f, 0xe360,
    0xe361, 0xe362, 0xe363, 0xe364, 0xe365, 0xe366, 0xe367, 0xe368, 0xe369, 0xe36a, 0xe36b, 0xe36c, 0xe36d, 0xe36e, 0xe36f, 0xe370,
    0xe371, 0xe372, 0xe373, 0xe374, 0xe375, 0xe376, 0xe377, 0xe378, 0xe379, 0xe37a, 0xe37b, 0xe37c, 0xe37d, 0xe37e, 0xe37f, 0xe380,
    0xe381, 0xe382, 0xe383, 0xe384, 0xe385, 0xe386, 0xe387, 0xe388, 0xe389, 0xe38a, 0xe38b, 0xe38c, 0xe38d, 0xe38e, 0xe38f, 0xe390,
    0xe391, 0xe392, 0xe393, 0xe394, 0xe395, 0xe396, 0xe397, 0xe398, 0xe399, 0xe39a, 0xe39b, 0xe39c, 0xe39d, 0xe39e, 0xe39f, 0xe3a0,
    0xe3a1, 0xe3a2, 0xe3a3, 0xe3a4, 0xe3a5, 0xe3a6, 0xe3a7, 0xe3a8, 0xe3a9, 0xe3aa, 0xe3ab, 0xe3ac, 0xe3ad, 0xe3ae, 0xe3af, 0xe3b0,
    0xe3b1, 0xe3b2, 0xe3b3, 0xe3b4, 0xe3b5, 0xe3b6, 0xe3b7, 0xe3b8, 0xe3b9, 0xe3ba, 0xe3bb, 0xe3bc, 0xe3bd, 0xe3be, 0xe3bf, 0xe3c0,
    0xe3c1, 0xe3c2, 0xe3c3, 0xe3c4, 0xe3c5, 0xe3c6, 0xe3c7, 0xe3c8, 0xe3c9, 0xe3ca, 0xe3cb, 0xe3cc, 0xe3cd, 0xe3ce, 0xe3cf, 0xe3d0,
    0xe3d1, 0xe3d2, 0xe3d3, 0xe3d4, 0xe3d5, 0xe3d6, 0xe3d7, 0xe3d8, 0xe3d9, 0xe3da, 0xe3db, 0xe3dc, 0xe3dd, 0xe3de, 0xe3df, 0xe3e0,
    0xe3e1, 0xe3e2, 0xe3e3, 0xe3e4, 0xe3e5, 0xe3e6, 0xe3e7, 0xe3e8, 0xe3e9, 0xe3ea, 0xe3eb, 0xe3ec, 0xe3ed, 0xe3ee, 0xe3ef, 0xe3f0,
    0xe3f1, 0xe3f2, 0xe3f3, 0xe3f4, 0xe3f5, 0xe3f6, 0xe3f7, 0xe3f8, 0xe3f9, 0xe3fa, 0xe3fb, 0xe3fc, 0xe3fd, 0xe3fe, 0xe3ff, 0xe400,
    0xe401, 0xe402, 0xe403, 0xe404, 0xe405, 0xe406, 0xe407, 0xe408, 0xe409, 0xe40a, 0xe40b, 0xe40c, 0xe40d, 0xe40e, 0xe40f, 0xe410,
    0xe411, 0xe412, 0xe413, 0xe414, 0xe415, 0xe416, 0xe417, 0xe418, 0xe419, 0xe41a, 0xe41b, 0xe41c, 0xe41d, 0xe41e, 0xe41f, 0xe420,
    0xe421, 0xe422, 0xe423, 0xe424, 0xe425, 0xe426, 0xe427, 0xe428, 0xe429, 0xe42a, 0xe42b, 0xe42c, 0xe42d, 0xe42e, 0xe42f, 0xe430,
    0xe431, 0xe432, 0xe433, 0xe434, 0xe435, 0xe436, 0xe437, 0xe438, 0xe439, 0xe43a, 0xe43b, 0xe43c, 0xe43d, 0xe43e, 0xe43f, 0xe440,
    0xe441, 0xe442, 0xe443, 0xe444, 0xe445, 0xe446, 0xe447, 0xe448, 0xe449, 0xe44a, 0xe44b, 0xe44c, 0xe44d, 0xe44e, 0xe44f, 0xe450,
    0xe451, 0xe452, 0xe453, 0xe454, 0xe455, 0xe456, 0xe457, 0xe458, 0xe459, 0xe45a, 0xe45b, 0xe45c, 0xe45d, 0xe45e, 0xe45f, 0xe460,
    0xe461, 0xe462, 0xe463, 0xe464, 0xe465, 0xe466, 0xe467, 0xe468, 0xe469, 0xe46a, 0xe46b, 0xe46c, 0xe46d, 0xe46e, 0xe46f, 0xe470,
    0xe471, 0xe472, 0xe473, 0xe474, 0xe475, 0xe476, 0xe477, 0xe478, 0xe479, 0xe47a, 0xe47b, 0xe47c, 0xe47d, 0xe47e, 0xe47f, 0xe480,
    0xe481, 0xe482, 0xe483, 0xe484, 0xe485, 0xe486, 0xe487, 0xe488, 0xe489, 0xe48a, 0xe48b, 0xe48c, 0xe48d, 0xe48e, 0xe48f, 0xe490,
    0xe491, 0xe492, 0xe493, 0xe494, 0xe495, 0xe496, 0xe497, 0xe498, 0xe499, 0xe49a, 0xe49b, 0xe49c, 0xe49d, 0xe49e, 0xe49f, 0xe4a0,
    0xe4a1, 0xe4a2, 0xe4a3, 0xe4a4, 0xe4a5, 0xe4a6, 0xe4a7, 0xe4a8, 0xe4a9, 0xe4aa, 0xe4ab, 0xe4ac, 0xe4ad, 0xe4ae, 0xe4af, 0xe4b0,
    0xe4b1, 0xe4b2, 0xe4b3, 0xe4b4, 0xe4b5, 0xe4b6, 0xe4b7, 0xe4b8, 0xe4b9, 0xe4ba, 0xe4bb, 0xe4bc, 0xe4bd, 0xe4be, 0xe4bf, 0xe4c0,
    0xe4c1, 0xe4c2, 0xe4c3, 0xe4c4, 0xe4c5, 0xe4c6, 0xe4c7, 0xe4c8, 0xe4c9, 0xe4ca, 0xe4cb, 0xe4cc, 0xe4cd, 0xe4ce, 0xe4cf, 0xe4d0,
    0xe4d1, 0xe4d2, 0xe4d3, 0xe4d4, 0xe4d5, 0xe4d6, 0xe4d7, 0xe4d8, 0xe4d9, 0xe4da, 0xe4db, 0xe4dc, 0xe4dd, 0xe4de, 0xe4df, 0xe4e0,
    0xe4e1, 0xe4e2, 0xe4e3, 0xe4e4, 0xe4e5, 0xe4e6, 0xe4e7, 0xe4e8, 0xe4e9, 0xe4ea, 0xe4eb, 0xe4ec, 0xe4ed, 0xe4ee, 0xe4ef, 0xe4f0,
    0xe4f1, 0xe4f2, 0xe4f3, 0xe4f4, 0xe4f5, 0xe4f6, 0xe4f7, 0xe4f8, 0xe4f9, 0xe4fa, 0xe4fb, 0xe4fc, 0xe4fd, 0xe4fe, 0xe4ff, 0xe500,
    0xe501, 0xe502, 0xe503, 0xe504, 0xe505, 0xe506, 0xe507, 0xe508, 0xe509, 0xe50a, 0xe50b, 0xe50c, 0xe50d, 0xe50e, 0xe50f, 0xe510,
    0xe511, 0xe512, 0xe513, 0xe514, 0xe515, 0xe516, 0xe517, 0xe518, 0xe519, 0xe51a, 0xe51b, 0xe51c, 0xe51d, 0xe51e, 0xe51f, 0xe520,
    0xe521, 0xe522, 0xe523, 0xe524, 0xe525, 0xe526, 0xe527, 0xe528, 0xe529, 0xe52a, 0xe52b, 0xe52c, 0xe52d, 0xe52e, 0xe52f, 0xe530,
    0xe531, 0xe532, 0xe533, 0xe534, 0xe535, 0xe536, 0xe537, 0xe538, 0xe539, 0xe53a, 0xe53b, 0xe53c, 0xe53d, 0xe53e, 0xe53f, 0xe540,
    0xe541, 0xe542, 0xe543, 0xe544, 0xe545, 0xe546, 0xe547, 0xe548, 0xe549, 0xe54a, 0xe54b, 0xe54c, 0xe54d, 0xe54e, 0xe54f, 0xe550,
    0xe551, 0xe552, 0xe553, 0xe554, 0xe555, 0xe556, 0xe557, 0xe558, 0xe559, 0xe55a, 0xe55b, 0xe55c, 0xe55d, 0xe55e, 0xe55f, 0xe560,
    0xe561, 0xe562, 0xe563, 0xe564, 0xe565, 0xe566, 0xe567, 0xe568, 0xe569, 0xe56a, 0xe56b, 0xe56c, 0xe56d, 0xe56e, 0xe56f, 0xe570,
    0xe571, 0xe572, 0xe573, 0xe574, 0xe575, 0xe576, 0xe577, 0xe578, 0xe579, 0xe57a, 0xe57b, 0xe57c, 0xe57d, 0xe57e, 0xe57f, 0xe580,
    0xe581, 0xe582, 0xe583, 0xe584, 0xe585, 0xe586, 0xe587, 0xe588, 0xe589, 0xe58a, 0xe58b, 0xe58c, 0xe58d, 0xe58e, 0xe58f, 0xe590,
    0xe591, 0xe592, 0xe593, 0xe594, 0xe595, 0xe596, 0xe597, 0xe598, 0xe599, 0xe59a, 0xe59b, 0xe59c, 0xe59d, 0xe59e, 0xe59f, 0xe5a0,
    0xe5a1, 0xe5a2, 0xe5a3, 0xe5a4, 0xe5a5, 0xe5a6, 0xe5a7, 0xe5a8, 0xe5a9, 0xe5aa, 0xe5ab, 0xe5ac, 0xe5ad, 0xe5ae, 0xe5af, 0xe5b0,
    0xe5b1, 0xe5b2, 0xe5b3, 0xe5b4, 0xe5b5, 0xe5b6, 0xe5b7, 0xe5b8, 0xe5b9, 0xe5ba, 0xe5bb, 0xe5bc, 0xe5bd, 0xe5be, 0xe5bf, 0xe5c0,
    0xe5c1, 0xe5c2, 0xe5c3, 0xe5c4, 0xe5c5, 0xe5c6, 0xe5c7, 0xe5c8, 0xe5c9, 0xe5ca, 0xe5cb, 0xe5cc, 0xe5cd, 0xe5ce, 0xe5cf, 0xe5d0,
    0xe5d1, 0xe5d2, 0xe5d3, 0xe5d4, 0xe5d5, 0xe5d6, 0xe5d7, 0xe5d8, 0xe5d9, 0xe5da, 0xe5db, 0xe5dc, 0xe5dd, 0xe5de, 0xe5df, 0xe5e0,
    0xe5e1, 0xe5e2, 0xe5e3, 0xe5e4, 0xe5e5, 0xe5e6, 0xe5e7, 0xe5e8, 0xe5e9, 0xe5ea, 0xe5eb, 0xe5ec, 0xe5ed, 0xe5ee, 0xe5ef, 0xe5f0,
    0xe5f1, 0xe5f2, 0xe5f3, 0xe5f4, 0xe5f5, 0xe5f6, 0xe5f7, 0xe5f8, 0xe5f9, 0xe5fa, 0xe5fb, 0xe5fc, 0xe5fd, 0xe5fe, 0xe5ff, 0xe600,
    0xe601, 0xe602, 0xe603, 0xe604, 0xe605, 0xe606, 0xe607, 0xe608, 0xe609, 0xe60a, 0xe60b, 0xe60c, 0xe60d, 0xe60e, 0xe60f, 0xe610,
    0xe611, 0xe612, 0xe613, 0xe614, 0xe615, 0xe616, 0xe617, 0xe618, 0xe619, 0xe61a, 0xe61b, 0xe61c, 0xe61d, 0xe61e, 0xe61f, 0xe620,
    0xe621, 0xe622, 0xe623, 0xe624, 0xe625, 0xe626, 0xe627, 0xe628, 0xe629, 0xe62a, 0xe62b, 0xe62c, 0xe62d, 0xe62e, 0xe62f, 0xe630,
    0xe631, 0xe632, 0xe633, 0xe634, 0xe635, 0xe636, 0xe637, 0xe638, 0xe639, 0xe63a, 0xe63b, 0xe63c, 0xe63d, 0xe63e, 0xe63f, 0xe640,
    0xe641, 0xe642, 0xe643, 0xe644, 0xe645, 0xe646, 0xe647, 0xe648, 0xe649, 0xe64a, 0xe64b, 0xe64c, 0xe64d, 0xe64e, 0xe64f, 0xe650,
    0xe651, 0xe652, 0xe653, 0xe654, 0xe655, 0xe656, 0xe657, 0xe658, 0xe659, 0xe65a, 0xe65b, 0xe65c, 0xe65d, 0xe65e, 0xe65f, 0xe660,
    0xe661, 0xe662, 0xe663, 0xe664, 0xe665, 0xe666, 0xe667, 0xe668, 0xe669, 0xe66a, 0xe66b, 0xe66c, 0xe66d, 0xe66e, 0xe66f, 0xe670,
    0xe671, 0xe672, 0xe673, 0xe674, 0xe675, 0xe676, 0xe677, 0xe678, 0xe679, 0xe67a, 0xe67b, 0xe67c, 0xe67d, 0xe67e, 0xe67f, 0xe680,
    0xe681, 0xe682, 0xe683, 0xe684, 0xe685, 0xe686, 0xe687, 0xe688, 0xe689, 0xe68a, 0xe68b, 0xe68c, 0xe68d, 0xe68e, 0xe68f, 0xe690,
    0xe691, 0xe692, 0xe693, 0xe694, 0xe695, 0xe696, 0xe697, 0xe698, 0xe699, 0xe69a, 0xe69b, 0xe69c, 0xe69d, 0xe69e, 0xe69f, 0xe6a0,
    0xe6a1, 0xe6a2, 0xe6a3, 0xe6a4, 0xe6a5, 0xe6a6, 0xe6a7, 0xe6a8, 0xe6a9, 0xe6aa, 0xe6ab, 0xe6ac, 0xe6ad, 0xe6ae, 0xe6af, 0xe6b0,
    0xe6b1, 0xe6b2, 0xe6b3, 0xe6b4, 0xe6b5, 0xe6b6, 0xe6b7, 0xe6b8, 0xe6b9, 0xe6ba, 0xe6bb, 0xe6bc, 0xe6bd, 0xe6be, 0xe6bf, 0xe6c0,
    0xe6c1, 0xe6c2, 0xe6c3, 0xe6c4, 0xe6c5, 0xe6c6, 0xe6c7, 0xe6c8, 0xe6c9, 0xe6ca, 0xe6cb, 0xe6cc, 0xe6cd, 0xe6ce, 0xe6cf, 0xe6d0,
    0xe6d1, 0xe6d2, 0xe6d3, 0xe6d4, 0xe6d5, 0xe6d6, 0xe6d7, 0xe6d8, 0xe6d9, 0xe6da, 0xe6db, 0xe6dc, 0xe6dd, 0xe6de, 0xe6df, 0xe6e0,
    0xe6e1, 0xe6e2, 0xe6e3, 0xe6e4, 0xe6e5, 0xe6e6, 0xe6e7, 0xe6e8, 0xe6e9, 0xe6ea, 0xe6eb, 0xe6ec, 0xe6ed, 0xe6ee, 0xe6ef, 0xe6f0,
    0xe6f1, 0xe6f2, 0xe6f3, 0xe6f4, 0xe6f5, 0xe6f6, 0xe6f7, 0xe6f8, 0xe6f9, 0xe6fa, 0xe6fb, 0xe6fc, 0xe6fd, 0xe6fe, 0xe6ff, 0xe700,
    0xe701, 0xe702, 0xe703, 0xe704, 0xe705, 0xe706, 0xe707, 0xe708, 0xe709, 0xe70a, 0xe70b, 0xe70c, 0xe70d, 0xe70e, 0xe70f, 0xe710,
    0xe711, 0xe712, 0xe713, 0xe714, 0xe715, 0xe716, 0xe717, 0xe718, 0xe719, 0xe71a, 0xe71b, 0xe71c, 0xe71d, 0xe71e, 0xe71f, 0xe720,
    0xe721, 0xe722, 0xe723, 0xe724, 0xe725, 0xe726, 0xe727, 0xe728, 0xe729, 0xe72a, 0xe72b, 0xe72c, 0xe72d, 0xe72e, 0xe72f, 0xe730,
    0xe731, 0xe732, 0xe733, 0xe734, 0xe735, 0xe736, 0xe737, 0xe738, 0xe739, 0xe73a, 0xe73b, 0xe73c, 0xe73d, 0xe73e, 0xe73f, 0xe740,
    0xe741, 0xe742, 0xe743, 0xe744, 0xe745, 0xe746, 0xe747, 0xe748, 0xe749, 0xe74a, 0xe74b, 0xe74c, 0xe74d, 0xe74e, 0xe74f, 0xe750,
    0xe751, 0xe752, 0xe753, 0xe754, 0xe755, 0xe756, 0xe757, 0xf929, 0xf9dc, 0xfa0e, 0xfa0f, 0xfa10, 0xfa11, 0xfa12, 0xfa13, 0xfa14,
    0xfa15, 0xfa16, 0xfa17, 0xfa18, 0xfa19, 0xfa1a, 0xfa1b, 0xfa1c, 0xfa1d, 0xfa1e, 0xfa1f, 0xfa20, 0xfa21, 0xfa22, 0xfa23, 0xfa24,
    0xfa25, 0xfa26, 0xfa27, 0xfa28, 0xfa29, 0xfa2a, 0xfa2b, 0xfa2c, 0xfa2d, 0xff01, 0xff02, 0xff03, 0xff04, 0xff05, 0xff06, 0xff07,
    0xff08, 0xff09, 0xff0a, 0xff0b, 0xff0c, 0xff0d, 0xff0e, 0xff0f, 0xff10, 0xff11, 0xff12, 0xff13, 0xff14, 0xff15, 0xff16, 0xff17,
    0xff18, 0xff19, 0xff1a, 0xff1b, 0xff1c, 0xff1d, 0xff1e, 0xff1f, 0xff20, 0xff21, 0xff22, 0xff23, 0xff24, 0xff25, 0xff26, 0xff27,
    0xff28, 0xff29, 0xff2a, 0xff2b, 0xff2c, 0xff2d, 0xff2e, 0xff2f, 0xff30, 0xff31, 0xff32, 0xff33, 0xff34, 0xff35, 0xff36, 0xff37,
    0xff38, 0xff39, 0xff3a, 0xff3b, 0xff3c, 0xff3d, 0xff3e, 0xff3f, 0xff40, 0xff41, 0xff42, 0xff43, 0xff44, 0xff45, 0xff46, 0xff47,
    0xff48, 0xff49, 0xff4a, 0xff4b, 0xff4c, 0xff4d, 0xff4e, 0xff4f, 0xff50, 0xff51, 0xff52, 0xff53, 0xff54, 0xff55, 0xff56, 0xff57,
    0xff58, 0xff59, 0xff5a, 0xff5b, 0xff5c, 0xff5d, 0xff5e, 0xff61, 0xff62, 0xff63, 0xff64, 0xff65, 0xff66, 0xff67, 0xff68, 0xff69,
    0xff6a, 0xff6b, 0xff6c, 0xff6d, 0xff6e, 0xff6f, 0xff70, 0xff71, 0xff72, 0xff73, 0xff74, 0xff75, 0xff76, 0xff77, 0xff78, 0xff79,
    0xff7a, 0xff7b, 0xff7c, 0xff7d, 0xff7e, 0xff7f, 0xff80, 0xff81, 0xff82, 0xff83, 0xff84, 0xff85, 0xff86, 0xff87, 0xff88, 0xff89,
    0xff8a, 0xff8b, 0xff8c, 0xff8d, 0xff8e, 0xff8f, 0xff90, 0xff91, 0xff92, 0xff93, 0xff94, 0xff95, 0xff96, 0xff97, 0xff98, 0xff99,
    0xff9a, 0xff9b, 0xff9c, 0xff9d, 0xff9e, 0xff9f, 0xffe0, 0xffe1, 0xffe2, 0xffe3, 0xffe4, 0xffe5,
];
pub static ENC_POS: [u16; 15212] = [
    0x0000, 0x0001, 0x0002, 0x0003, 0x0004, 0x0005, 0x0006, 0x0007, 0x0008, 0x0009, 0x000a, 0x000b, 0x000c, 0x000d, 0x000e, 0x000f,
    0x0010, 0x0011, 0x0012, 0x0013, 0x0014, 0x0015, 0x0016, 0x0017, 0x0018, 0x0019, 0x001a, 0x001b, 0x001c, 0x001d, 0x001e, 0x001f,
    0x0020, 0x0021, 0x0022, 0x0023, 0x0024, 0x0025, 0x0026, 0x0027, 0x0028, 0x0029, 0x002a, 0x002b, 0x002c, 0x002d, 0x002e, 0x002f,
    0x0030, 0x0031, 0x0032, 0x0033, 0x0034, 0x0035, 0x0036, 0x0037, 0x0038, 0x0039, 0x003a, 0x003b, 0x003c, 0x003d, 0x003e, 0x003f,
    0x0040, 0x0041, 0x0042, 0x0043, 0x0044, 0x0045, 0x0046, 0x0047, 0x0048, 0x0049, 0x004a, 0x004b, 0x004c, 0x004d, 0x004e, 0x004f,
    0x0050, 0x0051, 0x0052, 0x0053, 0x0054, 0x0055, 0x0056, 0x0057, 0x0058, 0x0059, 0x005a, 0x005b, 0x005c, 0x005d, 0x005e, 0x005f,
    0x0060, 0x0061, 0x0062, 0x0063, 0x0064, 0x0065, 0x0066, 0x0067, 0x0068, 0x0069, 0x006a, 0x006b, 0x006c, 0x006d, 0x006e, 0x006f,
    0x0070, 0x0071, 0x0072, 0x0073, 0x0074, 0x0075, 0x0076, 0x0077, 0x0078, 0x0079, 0x007a, 0x007b, 0x007c, 0x007d, 0x007e, 0x007f,
    0x0080, 0x0081, 0x0082, 0x0083, 0x0084, 0x0085, 0x0086, 0x0087, 0x0088, 0x0089, 0x008a, 0x008b, 0x008c, 0x008d, 0x0090, 0x0091,
    0x0092, 0x0093, 0x0094, 0x0095, 0x0096, 0x0097, 0x0098, 0x0099, 0x009a, 0x009b, 0x009c, 0x009d, 0x009e, 0x009f, 0x2442, 0x2470,
    0x0196, 0x014d, 0x246d, 0x246c, 0x246e, 0x2434, 0x0189, 0x017c, 0x014b, 0x01f5, 0x2431, 0x246b, 0x2444, 0x2712, 0x2711, 0x2714,
    0x271a, 0x2713, 0x2719, 0x26b3, 0x271e, 0x2722, 0x2721, 0x2724, 0x2723, 0x2730, 0x272f, 0x2732, 0x2731, 0x2740, 0x2742, 0x2741,
    0x2744, 0x2748, 0x2743, 0x017d, 0x26be, 0x2753, 0x2752, 0x2755, 0x2754, 0x2762, 0x26c2, 0x26e0, 0x2770, 0x276f, 0x2772, 0x2778,
    0x2771, 0x2777, 0x26d3, 0x277c, 0x2780, 0x277f, 0x2782, 0x2781, 0x278e, 0x278d, 0x2790, 0x278f, 0x26d5, 0x279e, 0x27a0, 0x279f,
    0x27a2, 0x27a6, 0x27a1, 0x017e, 0x26de, 0x27b1, 0x27b0, 0x27b3, 0x27b2, 0x27c0, 0x26e2, 0x27c1, 0x2717, 0x2775, 0x2715, 0x2773,
    0x2718, 0x2776, 0x271b, 0x2779, 0x271c, 0x277a, 0x271f, 0x277d, 0x271d, 0x277b, 0x2720, 0x277e, 0x26b4, 0x26d4, 0x2727, 0x2785,
    0x2726, 0x2784, 0x2728, 0x2786, 0x2725, 0x2783, 0x272a, 0x2788, 0x272b, 0x2789, 0x272d, 0x278b, 0x272c, 0x272e, 0x278c, 0x26b6,
    0x26d6, 0x2737, 0x2795, 0x2735, 0x2793, 0x2736, 0x2794, 0x2734, 0x26d7, 0x26b8, 0x26d8, 0x2738, 0x2796, 0x2739, 0x2797, 0x26d9,
    0x273a, 0x2798, 0x273c, 0x279a, 0x273b, 0x2799, 0x26bb, 0x26db, 0x26ba, 0x26da, 0x273d, 0x279b, 0x273f, 0x279d, 0x273e, 0x279c,
    0x26dc, 0x26bd, 0x26dd, 0x2747, 0x27a5, 0x2746, 0x27a4, 0x26bf, 0x26df, 0x2749, 0x27a7, 0x274b, 0x27a9, 0x274a, 0x27a8, 0x274c,
    0x27aa, 0x274d, 0x27ab, 0x274f, 0x27ad, 0x274e, 0x27ac, 0x2751, 0x27af, 0x2750, 0x27ae, 0x26c1, 0x26e1, 0x275c, 0x27ba, 0x2759,
    0x27b7, 0x2756, 0x27b4, 0x275b, 0x27b9, 0x2758, 0x27b6, 0x275a, 0x27b8, 0x2761, 0x27bf, 0x2764, 0x27c2, 0x2763, 0x2765, 0x27c3,
    0x2767, 0x27c5, 0x2766, 0x27c4, 0x2716, 0x2774, 0x2733, 0x2791, 0x2745, 0x27a3, 0x2757, 0x27b5, 0x2760, 0x27be, 0x275d, 0x27bb,
    0x275f, 0x27bd, 0x275e, 0x27bc, 0x2787, 0x2430, 0x242f, 0x2432, 0x2436, 0x2435, 0x2433, 0x2438, 0x2439, 0x25d9, 0x25da, 0x25db,
    0x25dc, 0x25df, 0x25e1, 0x25e4, 0x25ee, 0x0315, 0x0316, 0x0317, 0x0318, 0x0319, 0x031a, 0x031b, 0x031c, 0x031d, 0x031e, 0x031f,
    0x0320, 0x0321, 0x0322, 0x0323, 0x0324, 0x0325, 0x0326, 0x0327, 0x0328, 0x0329, 0x032a, 0x032b, 0x032c, 0x25dd, 0x25e2, 0x25e9,
    0x25ea, 0x25eb, 0x25ec, 0x25f3, 0x0335, 0x0336, 0x0337, 0x0338, 0x0339, 0x033a, 0x033b, 0x033c, 0x033d, 0x033e, 0x033f, 0x0340,
    0x0341, 0x0342, 0x0343, 0x0344, 0x0345, 0x25f0, 0x0346, 0x0347, 0x0348, 0x0349, 0x034a, 0x034b, 0x034c, 0x25ed, 0x25f2, 0x25ef,
    0x25f1, 0x25f4, 0x0379, 0x2618, 0x2619, 0x261a, 0x261b, 0x261c, 0x261d, 0x261e, 0x261f, 0x2620, 0x2621, 0x2622, 0x2623, 0x2624,
    0x0373, 0x0374, 0x0375, 0x0376, 0x0377, 0x0378, 0x037a, 0x037b, 0x037c, 0x037d, 0x037e, 0x037f, 0x0380, 0x0381, 0x0382, 0x0383,
    0x0384, 0x0385, 0x0386, 0x0387, 0x0388, 0x0389, 0x038a, 0x038b, 0x038c, 0x038d, 0x038e, 0x038f, 0x0390, 0x0391, 0x0392, 0x0393,
    0x03a3, 0x03a4, 0x03a5, 0x03a6, 0x03a7, 0x03a8, 0x03aa, 0x03ab, 0x03ac, 0x03ad, 0x03ae, 0x03af, 0x03b0, 0x03b1, 0x03b2, 0x03b3,
    0x03b4, 0x03b5, 0x03b6, 0x03b7, 0x03b8, 0x03b9, 0x03ba, 0x03bb, 0x03bc, 0x03bd, 0x03be, 0x03bf, 0x03c0, 0x03c1, 0x03c2, 0x03c3,
    0x03a9, 0x2648, 0x2649, 0x264a, 0x264b, 0x264c, 0x264d, 0x264e, 0x264f, 0x2650, 0x2651, 0x2652, 0x2653, 0x2654, 0x015c, 0x015b,
    0x0164, 0x0165, 0x0166, 0x0167, 0x01f3, 0x01f4, 0x0163, 0x0162, 0x01ef, 0x018a, 0x018b, 0x01a4, 0x018c, 0x05e8, 0x05ea, 0x246f,
    0x01ee, 0x05bb, 0x05bc, 0x05bd, 0x05be, 0x05bf, 0x05c0, 0x05c1, 0x05c2, 0x05c3, 0x05c4, 0x4231, 0x4232, 0x4233, 0x4234, 0x4235,
    0x4236, 0x4237, 0x4238, 0x4239, 0x423a, 0x01a7, 0x01a8, 0x01a6, 0x01a9, 0x01c9, 0x01ca, 0x01cb, 0x01db, 0x01cc, 0x01dc, 0x01b6,
    0x01b7, 0x05fa, 0x01e1, 0x01e3, 0x0185, 0x05fe, 0x01d8, 0x0160, 0x01c6, 0x01c7, 0x01bd, 0x01bc, 0x01e5, 0x01e6, 0x05f9, 0x0186,
    0x01e4, 0x01e2, 0x01de, 0x0180, 0x01dd, 0x0183, 0x0184, 0x01df, 0x01e0, 0x01ba, 0x01bb, 0x01b8, 0x01b9, 0x01d9, 0x05ff, 0x01da,
    0x05a7, 0x05a8, 0x05a9, 0x05aa, 0x05ab, 0x05ac, 0x05ad, 0x05ae, 0x05af, 0x05b0, 0x05b1, 0x05b2, 0x05b3, 0x05b4, 0x05b5, 0x05b6,
    0x05b7, 0x05b8, 0x05b9, 0x05ba, 0x03d1, 0x03dc, 0x03d2, 0x03dd, 0x03d3, 0x03de, 0x03d4, 0x03df, 0x03d6, 0x03e1, 0x03d5, 0x03e0,
    0x03d7, 0x03ec, 0x03e7, 0x03e2, 0x03d9, 0x03ee, 0x03e9, 0x03e4, 0x03d8, 0x03e8, 0x03ed, 0x03e3, 0x03da, 0x03ea, 0x03ef, 0x03e5,
    0x03db, 0x03eb, 0x03f0, 0x03e6, 0x019f, 0x019e, 0x01a1, 0x01a0, 0x01a3, 0x01a2, 0x019d, 0x019c, 0x0199, 0x019b, 0x019a, 0x01fa,
    0x0198, 0x0197, 0x0188, 0x0187, 0x01f2, 0x01f1, 0x01f0, 0x013f, 0x0140, 0x0141, 0x0155, 0x0157, 0x0158, 0x0159, 0x0170, 0x0171,
    0x0172, 0x0173, 0x0174, 0x0175, 0x0176, 0x0177, 0x0178, 0x0179, 0x01a5, 0x01aa, 0x016a, 0x016b, 0x05e6, 0x05e7, 0x0259, 0x025a,
    0x025b, 0x025c, 0x025d, 0x025e, 0x025f, 0x0260, 0x0261, 0x0262, 0x0263, 0x0264, 0x0265, 0x0266, 0x0267, 0x0268, 0x0269, 0x026a,
    0x026b, 0x026c, 0x026d, 0x026e, 0x026f, 0x0270, 0x0271, 0x0272, 0x0273, 0x0274, 0x0275, 0x0276, 0x0277, 0x0278, 0x0279, 0x027a,
    0x027b, 0x027c, 0x027d, 0x027e, 0x027f, 0x0280, 0x0281, 0x0282, 0x0283, 0x0284, 0x0285, 0x0286, 0x0287, 0x0288, 0x0289, 0x028a,
    0x028b, 0x028c, 0x028d, 0x028e, 0x028f, 0x0290, 0x0291, 0x0292, 0x0293, 0x0294, 0x0295, 0x0296, 0x0297, 0x0298, 0x0299, 0x029a,
    0x029b, 0x029c, 0x029d, 0x029e, 0x029f, 0x02a0, 0x02a1, 0x02a2, 0x02a3, 0x02a4, 0x02a5, 0x02a6, 0x02a7, 0x02a8, 0x02a9, 0x02aa,
    0x02ab, 0x0149, 0x014a, 0x0153, 0x0154, 0x02b7, 0x02b8, 0x02b9, 0x02ba, 0x02bb, 0x02bc, 0x02bd, 0x02be, 0x02bf, 0x02c0, 0x02c1,
    0x02c2, 0x02c3, 0x02c4, 0x02c5, 0x02c6, 0x02c7, 0x02c8, 0x02c9, 0x02ca, 0x02cb, 0x02cc, 0x02cd, 0x02ce, 0x02cf, 0x02d0, 0x02d1,
    0x02d2, 0x02d3, 0x02d4, 0x02d5, 0x02d6, 0x02d7, 0x02d8, 0x02d9, 0x02da, 0x02db, 0x02dc, 0x02dd, 0x02de, 0x02df, 0x02e0, 0x02e1,
    0x02e2, 0x02e3, 0x02e4, 0x02e5, 0x02e6, 0x02e7, 0x02e8, 0x02e9, 0x02ea, 0x02eb, 0x02ec, 0x02ed, 0x02ee, 0x02ef, 0x02f0, 0x02f1,
    0x02f2, 0x02f3, 0x02f4, 0x02f5, 0x02f6, 0x02f7, 0x02f8, 0x02f9, 0x02fa, 0x02fb, 0x02fc, 0x02fd, 0x02fe, 0x02ff, 0x0300, 0x0301,
    0x0302, 0x0303, 0x0304, 0x0305, 0x0306, 0x0307, 0x0308, 0x0309, 0x030a, 0x030b, 0x030c, 0x0144, 0x015a, 0x0151, 0x0152, 0x05f0,
    0x05f1, 0x05f2, 0x05eb, 0x05ec, 0x05ed, 0x05ee, 0x05ef, 0x05cc, 0x05d0, 0x05c7, 0x05ca, 0x05c8, 0x05d2, 0x05d1, 0x05cb, 0x05d3,
    0x05cd, 0x05d5, 0x05c6, 0x05d4, 0x05c9, 0x05ce, 0x05cf, 0x05e5, 0x05f5, 0x05f4, 0x05f3, 0x05d9, 0x05da, 0x05d6, 0x05d7, 0x05d8,
    0x05dc, 0x05db, 0x05e9, 0x070c, 0x0e14, 0x2945, 0x0b3f, 0x2946, 0x2947, 0x1106, 0x0c2a, 0x0ada, 0x0c29, 0x0798, 0x2948, 0x1022,
    0x1185, 0x1282, 0x072d, 0x2949, 0x0828, 0x1283, 0x0ca4, 0x135e, 0x08cc, 0x1066, 0x0c2b, 0x294a, 0x11e2, 0x294b, 0x294c, 0x106e,
    0x294d, 0x1284, 0x294e, 0x0e00, 0x294f, 0x2950, 0x2951, 0x1285, 0x094e, 0x2952, 0x1286, 0x0875, 0x0dca, 0x0b6f, 0x1287, 0x1288,
    0x2953, 0x2954, 0x1289, 0x0f47, 0x2955, 0x08cd, 0x2956, 0x0f49, 0x0f17, 0x09d3, 0x10bd, 0x2957, 0x1bd7, 0x128a, 0x0c2c, 0x128b,
    0x0791, 0x2958, 0x2959, 0x0939, 0x0a00, 0x1151, 0x14ba, 0x295a, 0x295b, 0x295c, 0x11b6, 0x0f31, 0x295d, 0x295e, 0x295f, 0x083d,
    0x2960, 0x08ab, 0x128c, 0x128d, 0x11df, 0x1183, 0x0d46, 0x128f, 0x0b20, 0x0f27, 0x2961, 0x1292, 0x073c, 0x09ef, 0x09ee, 0x0706,
    0x2962, 0x2963, 0x124d, 0x124c, 0x0a7f, 0x06c1, 0x2964, 0x1293, 0x1294, 0x1295, 0x10be, 0x1296, 0x0a02, 0x0707, 0x10fc, 0x08f2,
    0x08f3, 0x08f4, 0x0e5a, 0x11e0, 0x2965, 0x1297, 0x1298, 0x1299, 0x2966, 0x0c6f, 0x0ba0, 0x0c70, 0x129e, 0x2967, 0x129c, 0x129d,
    0x08ce, 0x0a6f, 0x07cc, 0x129b, 0x129a, 0x1055, 0x2968, 0x0af0, 0x0aef, 0x0d7a, 0x129f, 0x1023, 0x0ce7, 0x2969, 0x296a, 0x0156,
    0x12a0, 0x12a2, 0x296b, 0x296c, 0x296d, 0x0da1, 0x1205, 0x06ea, 0x296e, 0x12a1, 0x079a, 0x296f, 0x0918, 0x2970, 0x0e01, 0x2971,
    0x2972, 0x09a1, 0x12a3, 0x0f36, 0x424b, 0x2973, 0x2974, 0x2975, 0x2976, 0x0883, 0x2977, 0x2978, 0x2979, 0x12a4, 0x06eb, 0x297a,
    0x297b, 0x09f0, 0x0884, 0x1048, 0x0fa2, 0x08cf, 0x297c, 0x297d, 0x297e, 0x297f, 0x2980, 0x07cd, 0x12c7, 0x0e97, 0x2981, 0x0f7e,
    0x12a6, 0x2982, 0x2984, 0x0fac, 0x2985, 0x1206, 0x2986, 0x0c4f, 0x2987, 0x0af1, 0x2988, 0x0b21, 0x079c, 0x2989, 0x298a, 0x298b,
    0x0e49, 0x0dbc, 0x12aa, 0x298c, 0x298d, 0x298e, 0x298f, 0x06ec, 0x0e5b, 0x0ba1, 0x0a80, 0x116a, 0x2990, 0x0d8a, 0x2991, 0x079b,
    0x2992, 0x12a9, 0x2993, 0x1184, 0x12a5, 0x12a7, 0x0aba, 0x12a8, 0x145a, 0x2994, 0x2983, 0x2995, 0x12b0, 0x2996, 0x2997, 0x2998,
    0x12b3, 0x12b1, 0x2999, 0x079e, 0x1067, 0x12ab, 0x299a, 0x299b, 0x299c, 0x299d, 0x12af, 0x0a03, 0x299e, 0x299f, 0x0af2, 0x29a0,
    0x29a1, 0x083e, 0x29a2, 0x29a3, 0x12b4, 0x12ac, 0x29a4, 0x29a5, 0x1207, 0x29a6, 0x0b22, 0x29a7, 0x12ad, 0x29a8, 0x12b2, 0x29a9,
    0x29aa, 0x29ab, 0x12b5, 0x29ac, 0x12ae, 0x29ad, 0x29ae, 0x08f5, 0x06ed, 0x29af, 0x29b0, 0x08f6, 0x079d, 0x145b, 0x1103, 0x103c,
    0x0a04, 0x29b1, 0x0c51, 0x11db, 0x29b2, 0x29b3, 0x29b4, 0x29b5, 0x29b6, 0x29b7, 0x1084, 0x29b8, 0x29b9, 0x096a, 0x0d61, 0x07c0,
    0x29ba, 0x29bb, 0x29bc, 0x29bd, 0x0bb9, 0x29be, 0x29bf, 0x29c0, 0x12b9, 0x29c1, 0x12be, 0x12bc, 0x29c2, 0x12b7, 0x0d6b, 0x12ba,
    0x12bd, 0x12bb, 0x29c3, 0x1089, 0x12b8, 0x29c4, 0x0c50, 0x29c5, 0x10fd, 0x12bf, 0x12c0, 0x0b8a, 0x12cd, 0x29c6, 0x29c7, 0x0f62,
    0x1004, 0x12c8, 0x109c, 0x0792, 0x29c8, 0x29c9, 0x12cc, 0x29ca, 0x29cb, 0x29cc, 0x29cd, 0x12c6, 0x12cf, 0x29ce, 0x0d30, 0x29cf,
    0x09d4, 0x29d0, 0x0f6e, 0x29d1, 0x1887, 0x29d2, 0x12ce, 0x0eb3, 0x29d3, 0x12c3, 0x0a06, 0x29d4, 0x29d5, 0x0a05, 0x12c1, 0x29d6,
    0x29d7, 0x29d8, 0x29d9, 0x0b62, 0x12c9, 0x29da, 0x109b, 0x0de7, 0x12c5, 0x09a3, 0x29db, 0x12c2, 0x12ca, 0x12c4, 0x11f5, 0x12cb,
    0x1243, 0x29dc, 0x29dd, 0x29de, 0x29df, 0x29e0, 0x093a, 0x09a2, 0x29f8, 0x29e1, 0x29e2, 0x29e3, 0x12d0, 0x29e4, 0x29e5, 0x12d1,
    0x12d5, 0x06ee, 0x29e6, 0x29e7, 0x29e8, 0x107c, 0x12d4, 0x29e9, 0x29ea, 0x29eb, 0x12d3, 0x12d7, 0x29ec, 0x29ed, 0x12d6, 0x0e5c,
    0x29ee, 0x29ef, 0x29f0, 0x29f1, 0x09a4, 0x29f2, 0x29f3, 0x29f4, 0x12d8, 0x29f5, 0x29f6, 0x29f7, 0x0b4d, 0x0d62, 0x0e5d, 0x094a,
    0x12d9, 0x08ac, 0x12da, 0x29f9, 0x29fa, 0x29fb, 0x12dc, 0x29fc, 0x29fd, 0x10bf, 0x29fe, 0x29ff, 0x2a00, 0x0998, 0x2a01, 0x2a02,
    0x2a03, 0x2a04, 0x0adb, 0x0fe7, 0x12db, 0x2a05, 0x2a06, 0x2a07, 0x2a08, 0x2a09, 0x2a0a, 0x2a0b, 0x2a0c, 0x0a91, 0x1189, 0x2a0d,
    0x2a0e, 0x12de, 0x12e1, 0x12dd, 0x0a90, 0x0be3, 0x2a0f, 0x2a10, 0x2a11, 0x096b, 0x2a12, 0x12e2, 0x2a13, 0x2a14, 0x0923, 0x2a15,
    0x12df, 0x12e0, 0x2a16, 0x0ee3, 0x2a17, 0x0d5a, 0x2a18, 0x08f7, 0x2a19, 0x2a1a, 0x10d7, 0x12e3, 0x2a1b, 0x11e1, 0x2a1c, 0x2a1d,
    0x12e4, 0x2a1e, 0x2a1f, 0x12e7, 0x2a20, 0x12e5, 0x2a21, 0x0d2c, 0x2a22, 0x2a23, 0x12e6, 0x12e8, 0x2a24, 0x2a25, 0x2a31, 0x424c,
    0x12ea, 0x2a26, 0x12e9, 0x2a27, 0x1074, 0x2a28, 0x08ad, 0x12ec, 0x12ed, 0x2a29, 0x078b, 0x2a2a, 0x2a2b, 0x2a2c, 0x12eb, 0x2a2d,
    0x2a2e, 0x2a2f, 0x2a30, 0x2a32, 0x0b7c, 0x12f0, 0x12ef, 0x12ee, 0x2a33, 0x12b6, 0x2a34, 0x12f1, 0x2a35, 0x2a36, 0x2a37, 0x2a38,
    0x0be4, 0x12f2, 0x2a39, 0x2a3a, 0x2a3b, 0x116b, 0x2a3c, 0x2a3d, 0x2a3e, 0x2a3f, 0x1141, 0x2a40, 0x2a41, 0x2a42, 0x12f4, 0x2a43,
    0x2a44, 0x12f3, 0x12f6, 0x12f5, 0x12f7, 0x12f8, 0x0714, 0x2a45, 0x09c5, 0x096d, 0x0ba2, 0x0e15, 0x08f8, 0x0ce8, 0x0a07, 0x2a46,
    0x0a5c, 0x12fa, 0x1130, 0x0e9c, 0x2a47, 0x0b23, 0x12f9, 0x2a48, 0x12fb, 0x2a49, 0x2a4a, 0x2a4b, 0x0eb4, 0x082f, 0x2a4c, 0x12fc,
    0x2a4d, 0x0f32, 0x2a4e, 0x0d12, 0x12fe, 0x12ff, 0x0f9c, 0x0a08, 0x123d, 0x1300, 0x08fa, 0x1068, 0x0d72, 0x0945, 0x0e8b, 0x09a5,
    0x2a4f, 0x1301, 0x1302, 0x2a50, 0x2a51, 0x0f16, 0x075d, 0x1305, 0x0ac9, 0x2a52, 0x1304, 0x0a92, 0x2a53, 0x1306, 0x1ae2, 0x1307,
    0x10cb, 0x1308, 0x1309, 0x130a, 0x0c2d, 0x2a54, 0x0b54, 0x2a55, 0x083f, 0x2a56, 0x130d, 0x2a57, 0x130b, 0x1125, 0x130c, 0x1028,
    0x130e, 0x130f, 0x1310, 0x0eb5, 0x2a58, 0x1314, 0x1312, 0x1313, 0x1311, 0x0aaf, 0x1315, 0x1152, 0x1208, 0x2a59, 0x2a5a, 0x2a5b,
    0x1316, 0x2a5c, 0x2a5d, 0x2a5e, 0x0ca8, 0x1317, 0x0bc0, 0x2a5f, 0x1318, 0x0e16, 0x11e3, 0x0eb6, 0x2a60, 0x2a61, 0x2a62, 0x2a63,
    0x2a64, 0x1361, 0x2a65, 0x1319, 0x1fbd, 0x0919, 0x2a66, 0x131a, 0x10e8, 0x2a67, 0x2a68, 0x0bce, 0x0db8, 0x131c, 0x0f18, 0x424d,
    0x131d, 0x2a69, 0x131e, 0x07e8, 0x2a6a, 0x2a6b, 0x2a6c, 0x131f, 0x08fb, 0x2a6d, 0x0f00, 0x0778, 0x0bb6, 0x0f91, 0x1320, 0x0eb7,
    0x2a6e, 0x2a6f, 0x0c71, 0x1321, 0x2a70, 0x1058, 0x0cda, 0x083a, 0x0841, 0x1322, 0x1324, 0x096c, 0x2a71, 0x2a72, 0x1323, 0x2a73,
    0x2a74, 0x1217, 0x2a75, 0x0bcf, 0x2a76, 0x0fad, 0x1078, 0x1325, 0x2a77, 0x11be, 0x1326, 0x1327, 0x0ed4, 0x2a78, 0x2a79, 0x1328,
    0x2a7a, 0x0ca9, 0x0aca, 0x09a6, 0x1329, 0x0af3, 0x0a5d, 0x2a7b, 0x0e5e, 0x132b, 0x2a7c, 0x0d63, 0x2a7d, 0x0abb, 0x132c, 0x132d,
    0x0d0e, 0x132a, 0x132f, 0x2a7e, 0x10c0, 0x2a7f, 0x2a80, 0x2a81, 0x0a52, 0x2a82, 0x132e, 0x2a83, 0x2a84, 0x2a85, 0x09a7, 0x0aaa,
    0x0f7f, 0x2a86, 0x1332, 0x1330, 0x2a87, 0x1049, 0x0c2e, 0x1339, 0x081e, 0x1333, 0x1331, 0x0d2d, 0x2a88, 0x2a89, 0x2a8a, 0x1335,
    0x1334, 0x2a8b, 0x2a8c, 0x07fe, 0x2a8d, 0x0992, 0x133a, 0x11d1, 0x2a8e, 0x2a8f, 0x1336, 0x133b, 0x1338, 0x2a90, 0x1337, 0x2a91,
    0x2a92, 0x2a93, 0x2a94, 0x2a95, 0x11f3, 0x2a96, 0x0a09, 0x079f, 0x1218, 0x2a97, 0x2a98, 0x2a99, 0x2a9a, 0x0bdb, 0x0eae, 0x0a53,
    0x133e, 0x133f, 0x2a9b, 0x2a9c, 0x1209, 0x122d, 0x1341, 0x2a9d, 0x2a9e, 0x2a9f, 0x0a0a, 0x2aa0, 0x2aa1, 0x1340, 0x2aa2, 0x07e9,
    0x2aa3, 0x1342, 0x10e0, 0x2aa4, 0x0e34, 0x2aa5, 0x116c, 0x2aa6, 0x1085, 0x2aa7, 0x1343, 0x2aa8, 0x2aa9, 0x1e75, 0x2aaa, 0x0ee4,
    0x2aab, 0x1344, 0x0842, 0x111b, 0x2aac, 0x2aad, 0x0be5, 0x1345, 0x1093, 0x1349, 0x2aae, 0x0caa, 0x1346, 0x0924, 0x2aaf, 0x1347,
    0x0843, 0x2ab0, 0x2ab1, 0x2ab2, 0x2ab3, 0x2ab4, 0x2ab5, 0x0960, 0x134a, 0x2ab6, 0x134b, 0x2ab7, 0x2ab8, 0x134c, 0x134d, 0x0b63,
    0x0a0b, 0x1146, 0x2ab9, 0x1150, 0x0f2b, 0x2aba, 0x109d, 0x134e, 0x424e, 0x134f, 0x2abb, 0x2abc, 0x2abd, 0x1351, 0x1353, 0x1352,
    0x2abe, 0x2abf, 0x1354, 0x0799, 0x10d6, 0x2ac0, 0x0ac8, 0x1355, 0x2ac1, 0x2ac2, 0x0d37, 0x2ac3, 0x2ac4, 0x0be6, 0x08fd, 0x1356,
    0x424f, 0x2ac5, 0x2ac6, 0x2ac7, 0x2ac8, 0x0fcb, 0x2ac9, 0x2aca, 0x2acb, 0x1357, 0x2acc, 0x1358, 0x2acd, 0x1359, 0x2ace, 0x135a,
    0x0ff2, 0x093c, 0x0705, 0x2acf, 0x2ad0, 0x2ad1, 0x0ef3, 0x135b, 0x0ba3, 0x2ad2, 0x0ce9, 0x135d, 0x135c, 0x0be7, 0x09f1, 0x135f,
    0x0fae, 0x2ad4, 0x2ad3, 0x1360, 0x0fcc, 0x0d70, 0x0daa, 0x08fc, 0x0f22, 0x0dcb, 0x2ad5, 0x0f80, 0x2ad6, 0x10d8, 0x1362, 0x0cea,
    0x2ad7, 0x2ad8, 0x2ad9, 0x0967, 0x1363, 0x2ada, 0x2adb, 0x1364, 0x072a, 0x0715, 0x0885, 0x2adc, 0x0d64, 0x08c7, 0x11b7, 0x1367,
    0x0793, 0x2add, 0x1366, 0x2ade, 0x08fe, 0x1368, 0x2adf, 0x1159, 0x2ae0, 0x2ae1, 0x2ae2, 0x2ae3, 0x2ae4, 0x1369, 0x11f6, 0x2ae5,
    0x0a0c, 0x2ae6, 0x09c6, 0x136a, 0x2ae7, 0x2ae8, 0x136c, 0x136b, 0x0c81, 0x0737, 0x2ae9, 0x2aea, 0x075c, 0x136d, 0x2aeb, 0x136e,
    0x2aec, 0x09c7, 0x2aed, 0x2aee, 0x136f, 0x2aef, 0x2af0, 0x2af1, 0x08e4, 0x2af2, 0x2af3, 0x0adc, 0x1370, 0x2af4, 0x10fe, 0x0a81,
    0x08d0, 0x116d, 0x0d2e, 0x0faf, 0x0b85, 0x2af5, 0x2af6, 0x2af7, 0x0bad, 0x2af8, 0x0b70, 0x0b7d, 0x0bdc, 0x2af9, 0x0fb0, 0x2afa,
    0x2afb, 0x1373, 0x2afc, 0x0741, 0x0d2f, 0x0a0d, 0x09d5, 0x093b, 0x2afd, 0x2afe, 0x1377, 0x0dbb, 0x0dba, 0x08ff, 0x0be8, 0x1378,
    0x1376, 0x07a0, 0x0da2, 0x0b40, 0x0af5, 0x0724, 0x2aff, 0x082a, 0x0a54, 0x0af4, 0x1379, 0x137a, 0x2b00, 0x08bf, 0x0800, 0x0a55,
    0x08be, 0x0e57, 0x0723, 0x0ee5, 0x1126, 0x0a0f, 0x11bf, 0x0e9d, 0x0a0e, 0x2b01, 0x2b02, 0x0961, 0x1383, 0x0937, 0x10d4, 0x2b03,
    0x0fcd, 0x2b04, 0x2b05, 0x1382, 0x2b06, 0x0876, 0x137d, 0x137e, 0x1380, 0x2b07, 0x2b08, 0x2b09, 0x2b0a, 0x1381, 0x08d1, 0x0c83,
    0x1059, 0x137f, 0x137b, 0x09f3, 0x137c, 0x1226, 0x2b0b, 0x2b0c, 0x109e, 0x2b0d, 0x0e60, 0x09f2, 0x0a5e, 0x2b0e, 0x1384, 0x2b0f,
    0x0f11, 0x2b10, 0x1388, 0x2b11, 0x2b12, 0x2b13, 0x2b14, 0x0b86, 0x2b15, 0x0b7e, 0x2b16, 0x2b17, 0x2b18, 0x138b, 0x1389, 0x110b,
    0x2b19, 0x1386, 0x138f, 0x138a, 0x138d, 0x09d6, 0x1127, 0x2b1a, 0x138e, 0x2b1b, 0x2b1c, 0x1390, 0x2b1d, 0x1392, 0x2b1e, 0x2b1f,
    0x4251, 0x0abc, 0x1244, 0x2b20, 0x1387, 0x1385, 0x1391, 0x2b21, 0x138c, 0x2b22, 0x2b23, 0x2b24, 0x2b25, 0x2b26, 0x1394, 0x139d,
    0x1396, 0x2b27, 0x2b28, 0x139a, 0x2b29, 0x2b2a, 0x139b, 0x1397, 0x2b2b, 0x2b2c, 0x13b8, 0x2b2d, 0x0ab5, 0x07eb, 0x2b2e, 0x1395,
    0x2b2f, 0x2b30, 0x2b31, 0x139f, 0x0716, 0x139e, 0x2b32, 0x06c5, 0x1018, 0x139c, 0x1398, 0x2b33, 0x1393, 0x1399, 0x0a94, 0x2b34,
    0x2b35, 0x2b36, 0x13a0, 0x2b37, 0x0717, 0x13a9, 0x13a1, 0x13a2, 0x0be9, 0x10f3, 0x2b38, 0x2b39, 0x13a7, 0x13a6, 0x2b3a, 0x0e85,
    0x2b3b, 0x13a8, 0x2b3c, 0x13a5, 0x2b3d, 0x2b3e, 0x2b3f, 0x2b40, 0x0732, 0x2b41, 0x0a82, 0x0c52, 0x2b42, 0x2b43, 0x2b44, 0x2b45,
    0x2b46, 0x13a3, 0x0eb8, 0x13a4, 0x2b47, 0x06c2, 0x2b48, 0x2b49, 0x13ae, 0x1169, 0x0beb, 0x2b4a, 0x13b4, 0x2b4b, 0x2b4c, 0x13b3,
    0x13aa, 0x2b4d, 0x2b4e, 0x2b4f, 0x0d7f, 0x13ab, 0x2b50, 0x0dab, 0x13b0, 0x0bea, 0x2b51, 0x2b52, 0x2b53, 0x13ad, 0x2b54, 0x114c,
    0x2b55, 0x2b56, 0x096e, 0x13b1, 0x13b2, 0x2b57, 0x2b58, 0x2b59, 0x13af, 0x13b5, 0x2b5a, 0x2b5b, 0x2b5c, 0x13ac, 0x2b5d, 0x2b5e,
    0x13bb, 0x13c0, 0x13bc, 0x2b5f, 0x13b7, 0x2b60, 0x2b61, 0x13c1, 0x0d0f, 0x2b62, 0x13c3, 0x2b63, 0x0a10, 0x13b9, 0x0e17, 0x2b64,
    0x2b65, 0x2b66, 0x2b67, 0x2b68, 0x2b69, 0x2b6a, 0x13bd, 0x13b6, 0x0845, 0x0886, 0x081f, 0x13be, 0x13ba, 0x2b6b, 0x2b6c, 0x09a8,
    0x13c4, 0x13c2, 0x0d31, 0x08c0, 0x0900, 0x2b6d, 0x13bf, 0x0948, 0x2b6e, 0x0742, 0x2b6f, 0x2b70, 0x2b71, 0x13c8, 0x13c6, 0x2b72,
    0x13ff, 0x2b73, 0x2b74, 0x2b75, 0x2b76, 0x2b77, 0x2b78, 0x2b79, 0x13cb, 0x2b7a, 0x2b7b, 0x13c5, 0x2b7c, 0x13c9, 0x2b7d, 0x13c7,
    0x2b7e, 0x0af6, 0x13ca, 0x2b7f, 0x2b80, 0x13cd, 0x13d2, 0x13d0, 0x13cf, 0x2b81, 0x2b82, 0x0dcc, 0x2b83, 0x07a1, 0x2b84, 0x2b85,
    0x2b86, 0x2b87, 0x2b88, 0x2b89, 0x2b8a, 0x13cc, 0x13ce, 0x0bec, 0x0731, 0x2b8b, 0x13d1, 0x07ba, 0x2b8c, 0x13dc, 0x2b8d, 0x0c40,
    0x13d8, 0x2b8e, 0x13d6, 0x2b8f, 0x13d7, 0x2b90, 0x13d9, 0x2b91, 0x2b92, 0x2b93, 0x2b94, 0x2b95, 0x2b96, 0x2b97, 0x073b, 0x2b98,
    0x2b99, 0x2b9a, 0x2b9b, 0x2b9c, 0x0d17, 0x2b9d, 0x13d3, 0x2b9e, 0x13d4, 0x2b9f, 0x0834, 0x2ba0, 0x2ba1, 0x2ba2, 0x2ba3, 0x2ba4,
    0x13db, 0x2ba5, 0x0887, 0x2ba6, 0x13de, 0x13da, 0x13dd, 0x2ba7, 0x2ba8, 0x2ba9, 0x2baa, 0x105a, 0x2bab, 0x0f09, 0x0fa8, 0x13e0,
    0x2bac, 0x2bad, 0x13df, 0x07ff, 0x2bae, 0x13e1, 0x2baf, 0x2bb0, 0x13e4, 0x13e3, 0x2bb1, 0x2bb2, 0x2bb3, 0x2bb4, 0x2bb5, 0x2bb6,
    0x13e2, 0x0f4b, 0x13e5, 0x2bb7, 0x2bb8, 0x2bb9, 0x2bba, 0x2bbb, 0x2bbc, 0x2bbd, 0x13e6, 0x2bbe, 0x2bbf, 0x13e8, 0x13e7, 0x2bc0,
    0x13ea, 0x2bc1, 0x13ed, 0x13eb, 0x13e9, 0x13ec, 0x2bc2, 0x13ee, 0x2bc3, 0x2bc4, 0x2bc5, 0x2bc8, 0x2bc9, 0x13ef, 0x2bc6, 0x2bc7,
    0x13f0, 0x13f1, 0x13f2, 0x1303, 0x2bca, 0x0b84, 0x0af7, 0x2bcb, 0x2bcc, 0x07cf, 0x2bcd, 0x0718, 0x2bce, 0x0dde, 0x2bcf, 0x2bd0,
    0x2bd1, 0x2bd2, 0x2bd3, 0x2bd5, 0x2bd6, 0x13f3, 0x0a70, 0x2bd4, 0x06ef, 0x0c80, 0x2bd7, 0x2bd8, 0x13f4, 0x09d7, 0x0a5f, 0x13f6,
    0x13f5, 0x2bd9, 0x2bda, 0x108c, 0x13f7, 0x2bdb, 0x13f9, 0x13f8, 0x2bdc, 0x13fa, 0x2bdd, 0x13fb, 0x09a9, 0x2bde, 0x075e, 0x13fc,
    0x2bdf, 0x13fe, 0x13fd, 0x2be0, 0x2be1, 0x1400, 0x2be2, 0x0eb0, 0x2be3, 0x2be4, 0x2be5, 0x2be6, 0x2be7, 0x1401, 0x06d5, 0x0aab,
    0x2be8, 0x2be9, 0x2bea, 0x096f, 0x2beb, 0x2bec, 0x0de9, 0x2bed, 0x2bee, 0x1402, 0x1403, 0x1405, 0x2bef, 0x2bf0, 0x2bf1, 0x1406,
    0x0ab0, 0x2bf2, 0x2bf3, 0x0925, 0x10c1, 0x2bf4, 0x2bf5, 0x1404, 0x1407, 0x0a8d, 0x0a11, 0x2bf6, 0x4252, 0x140b, 0x2bf7, 0x0a71,
    0x2bf8, 0x0dcd, 0x2bf9, 0x2bfa, 0x1408, 0x0e52, 0x2bfb, 0x2bfc, 0x2bfd, 0x2bfe, 0x2bff, 0x2c00, 0x2c01, 0x2c02, 0x2c03, 0x2c04,
    0x2c05, 0x2c06, 0x2c07, 0x2c08, 0x2c09, 0x140c, 0x2c0a, 0x0c84, 0x2c0b, 0x140a, 0x140d, 0x0971, 0x2c0c, 0x140e, 0x2c0d, 0x2c16,
    0x2c0e, 0x2c0f, 0x2c10, 0x2c11, 0x2c12, 0x2c13, 0x2c14, 0x140f, 0x2c15, 0x0a12, 0x07fa, 0x1411, 0x2c17, 0x2c18, 0x2c19, 0x1412,
    0x2c1a, 0x1413, 0x1410, 0x2c1b, 0x2c1c, 0x1409, 0x1414, 0x1415, 0x2c1d, 0x2c1e, 0x10ee, 0x2c1f, 0x0c2f, 0x2c20, 0x1417, 0x1418,
    0x1416, 0x2c21, 0x141a, 0x0f4a, 0x2c22, 0x2c23, 0x0708, 0x1024, 0x2c34, 0x141b, 0x2c24, 0x2c25, 0x2c26, 0x2c27, 0x2c28, 0x2c29,
    0x0c41, 0x2c2a, 0x2c2b, 0x0b41, 0x2c2c, 0x0f6f, 0x0888, 0x0ab7, 0x2c2d, 0x2c2e, 0x2c2f, 0x10e3, 0x0ee6, 0x2c30, 0x2c31, 0x09aa,
    0x0d8b, 0x2c32, 0x2c33, 0x1419, 0x141c, 0x2c35, 0x2c36, 0x0d80, 0x141d, 0x2c37, 0x141e, 0x2c38, 0x2c39, 0x2c3a, 0x1420, 0x0e61,
    0x2c3b, 0x2c3c, 0x0846, 0x2c3d, 0x1fb9, 0x075f, 0x109f, 0x2c3e, 0x0c30, 0x0e9e, 0x2c3f, 0x0ab2, 0x1426, 0x2c40, 0x1069, 0x1201,
    0x2c41, 0x07d0, 0x1422, 0x2c42, 0x2c43, 0x2c44, 0x2c45, 0x0d18, 0x1425, 0x0eb9, 0x2c46, 0x0e9f, 0x0eba, 0x0fa9, 0x0e45, 0x0a95,
    0x2c47, 0x2c48, 0x1421, 0x2c49, 0x2c4a, 0x2c4b, 0x0774, 0x0e8c, 0x1423, 0x141f, 0x0c72, 0x2c4c, 0x1427, 0x2c4d, 0x0bb4, 0x2c4e,
    0x2c4f, 0x2c50, 0x0901, 0x1428, 0x2c51, 0x2c52, 0x2c53, 0x2c54, 0x2c55, 0x2c56, 0x2c57, 0x2c58, 0x1094, 0x2c59, 0x2c5a, 0x0d5b,
    0x0e3e, 0x2c5b, 0x4255, 0x142a, 0x2c5c, 0x2c5d, 0x2c5e, 0x2c5f, 0x10d9, 0x2c60, 0x142b, 0x1430, 0x2c61, 0x2c62, 0x105b, 0x142f,
    0x1429, 0x142c, 0x142e, 0x2c64, 0x0a72, 0x1075, 0x2c65, 0x2c63, 0x1431, 0x0ddf, 0x2c66, 0x07d1, 0x0c31, 0x2c67, 0x2c68, 0x2c69,
    0x1433, 0x2c6a, 0x1432, 0x2c6b, 0x0a56, 0x2c6c, 0x1434, 0x1436, 0x1435, 0x2c6d, 0x1438, 0x2c6e, 0x142d, 0x143a, 0x2c6f, 0x2c70,
    0x1439, 0x1437, 0x2c71, 0x0af8, 0x0c73, 0x0d32, 0x143b, 0x0cbc, 0x070d, 0x0f76, 0x2c72, 0x0e53, 0x143d, 0x143c, 0x143e, 0x143f,
    0x1440, 0x1441, 0x2c73, 0x2c74, 0x107d, 0x1442, 0x2c75, 0x2c76, 0x07a2, 0x1443, 0x2c77, 0x2c78, 0x2c79, 0x1182, 0x07ea, 0x1365,
    0x0bae, 0x0d7b, 0x1444, 0x1153, 0x2c7b, 0x2c7c, 0x111c, 0x2c7d, 0x2c7e, 0x1446, 0x0da3, 0x2c7f, 0x0e8d, 0x0d7c, 0x1025, 0x1447,
    0x1448, 0x0779, 0x2c80, 0x2c81, 0x0b42, 0x1449, 0x2c82, 0x2c83, 0x2c84, 0x06f0, 0x144a, 0x144b, 0x2c85, 0x2c86, 0x0760, 0x2c87,
    0x0889, 0x0f14, 0x10a0, 0x144f, 0x0d33, 0x144e, 0x0972, 0x2c88, 0x2c89, 0x10e5, 0x144d, 0x0ebb, 0x1451, 0x2c8a, 0x1450, 0x2c8b,
    0x2c8c, 0x2c8d, 0x2c8e, 0x1453, 0x2c8f, 0x1452, 0x2c90, 0x077a, 0x1454, 0x0bed, 0x1456, 0x0dbf, 0x2c91, 0x1455, 0x2c92, 0x105f,
    0x2c93, 0x2c94, 0x0bdd, 0x0eb1, 0x2c95, 0x2c96, 0x1457, 0x2c97, 0x2c98, 0x2c99, 0x0a13, 0x1458, 0x0f33, 0x0fce, 0x1139, 0x0f37,
    0x2c9a, 0x2c9b, 0x1461, 0x2c9c, 0x2c9d, 0x08ae, 0x2c9e, 0x118b, 0x2c9f, 0x1117, 0x14c0, 0x1459, 0x2ca0, 0x145c, 0x2ca1, 0x0d81,
    0x2ca2, 0x10c2, 0x0ea0, 0x2ca3, 0x2ca4, 0x2ca5, 0x2ca6, 0x145d, 0x2ca7, 0x2ca8, 0x10ef, 0x2ca9, 0x0a96, 0x2caa, 0x0bee, 0x2cab,
    0x2cac, 0x2cad, 0x145e, 0x2cae, 0x0afa, 0x2caf, 0x0af9, 0x2cb0, 0x06d9, 0x09d8, 0x2cb1, 0x0cab, 0x06f1, 0x1462, 0x1463, 0x1460,
    0x2cb2, 0x2cb3, 0x2cb4, 0x2cb5, 0x2cb6, 0x0736, 0x0847, 0x2cb7, 0x145f, 0x112d, 0x0fff, 0x2cb8, 0x2cb9, 0x2cba, 0x2cbb, 0x2cbc,
    0x06c8, 0x2cbd, 0x0719, 0x0afb, 0x2cbe, 0x06f2, 0x06c3, 0x2cbf, 0x1468, 0x2cc0, 0x2cc1, 0x2cc2, 0x1466, 0x2cc3, 0x2cc4, 0x1124,
    0x1469, 0x1467, 0x2cc5, 0x1465, 0x0c53, 0x2cc6, 0x2cc7, 0x1464, 0x2cc8, 0x2cc9, 0x1086, 0x2cca, 0x2ccb, 0x09f4, 0x2ccc, 0x146d,
    0x146e, 0x0bef, 0x146a, 0x122e, 0x2ccd, 0x2cce, 0x0f5e, 0x2ccf, 0x2cd0, 0x146c, 0x2cd1, 0x2cd2, 0x2cd3, 0x0a73, 0x2cd4, 0x146f,
    0x2cd5, 0x2cd6, 0x1026, 0x2cd7, 0x1470, 0x146b, 0x2cd8, 0x2cd9, 0x2cda, 0x2cdb, 0x2cdc, 0x1123, 0x2cdd, 0x2cde, 0x0f70, 0x2cdf,
    0x2ce0, 0x2ce1, 0x1471, 0x1000, 0x2ce2, 0x2ce3, 0x2ce4, 0x2ce5, 0x2ce6, 0x2ce7, 0x2ce8, 0x2ce9, 0x2cea, 0x2ceb, 0x2cec, 0x2ced,
    0x2cee, 0x2cef, 0x1472, 0x1476, 0x1473, 0x2cf0, 0x07a3, 0x1475, 0x2cf1, 0x2cf2, 0x2cf3, 0x0b43, 0x1474, 0x09ab, 0x2cf4, 0x1482,
    0x147b, 0x1478, 0x2cf5, 0x2cf6, 0x2cf7, 0x0dfe, 0x1477, 0x2cf8, 0x1479, 0x147a, 0x2cf9, 0x2cfa, 0x2cfb, 0x2cfc, 0x147c, 0x147d,
    0x2cfd, 0x2cfe, 0x2cff, 0x2d00, 0x088a, 0x147f, 0x147e, 0x1480, 0x2d01, 0x2d03, 0x2d04, 0x2d05, 0x2d06, 0x0c32, 0x2d07, 0x1483,
    0x0e54, 0x2d08, 0x0743, 0x1481, 0x2d02, 0x1484, 0x2d09, 0x1485, 0x1488, 0x2d0a, 0x1486, 0x1487, 0x2d0b, 0x2d0c, 0x0afc, 0x1489,
    0x2d0d, 0x0a14, 0x148a, 0x2d0e, 0x0b24, 0x0d74, 0x148b, 0x148c, 0x0b04, 0x0a15, 0x2d0f, 0x113a, 0x089e, 0x09d9, 0x148d, 0x0812,
    0x2d10, 0x148e, 0x0d75, 0x2d11, 0x2d12, 0x148f, 0x14b7, 0x1490, 0x1491, 0x1492, 0x1494, 0x2d13, 0x2d14, 0x2d15, 0x2d16, 0x1495,
    0x2d17, 0x1496, 0x2d18, 0x0dac, 0x2d19, 0x0725, 0x0b71, 0x06e2, 0x2d1a, 0x0d35, 0x0848, 0x0b3d, 0x2d1b, 0x0a16, 0x2d1c, 0x2d1d,
    0x2d1e, 0x2d1f, 0x0ebc, 0x2d20, 0x0b87, 0x0849, 0x0e02, 0x0e62, 0x06d8, 0x08af, 0x10a1, 0x0b4a, 0x08c8, 0x0ceb, 0x0b44, 0x116e,
    0x1497, 0x2d21, 0x2d22, 0x2d23, 0x2d24, 0x08d2, 0x2d25, 0x0a97, 0x2d26, 0x2d27, 0x07ec, 0x0761, 0x0bf0, 0x07a4, 0x2d28, 0x1498,
    0x118c, 0x2d29, 0x2d2a, 0x0baf, 0x2d2b, 0x2d2c, 0x0b6c, 0x1499, 0x088b, 0x0f06, 0x1111, 0x149a, 0x149b, 0x1027, 0x2d2d, 0x2d2e,
    0x149d, 0x0840, 0x094b, 0x149c, 0x2d2f, 0x2d30, 0x2d31, 0x2d32, 0x2d33, 0x084a, 0x0c54, 0x14a1, 0x0acb, 0x2d34, 0x07a5, 0x14a0,
    0x149e, 0x14a2, 0x149f, 0x0f3d, 0x1715, 0x0c55, 0x14a3, 0x4256, 0x11e4, 0x2d35, 0x14a4, 0x2d36, 0x14a6, 0x2d37, 0x0e18, 0x14a5,
    0x0ca3, 0x0b25, 0x2d38, 0x0d8c, 0x0b7f, 0x1043, 0x0cec, 0x0b55, 0x14a7, 0x0bf1, 0x14a8, 0x14a9, 0x06f3, 0x0d76, 0x0c74, 0x2d39,
    0x14aa, 0x0ee7, 0x0bf2, 0x0bf3, 0x14ab, 0x0ced, 0x2d3a, 0x0bf4, 0x2d3b, 0x2d3c, 0x14ac, 0x14ad, 0x2d3d, 0x1148, 0x2d3e, 0x14ae,
    0x2d3f, 0x2d40, 0x2d41, 0x091a, 0x2d42, 0x2d43, 0x0b88, 0x2d44, 0x2d45, 0x2d46, 0x14af, 0x14b0, 0x0b64, 0x0c4e, 0x0f28, 0x0c76,
    0x0fe8, 0x0f34, 0x091d, 0x14b1, 0x08e5, 0x14b2, 0x0952, 0x0f03, 0x078c, 0x0afd, 0x14b3, 0x14b6, 0x14b5, 0x0951, 0x14b4, 0x0e8e,
    0x2d47, 0x2d48, 0x2d49, 0x0d6c, 0x0ea1, 0x0b50, 0x2d4a, 0x2d4b, 0x0d36, 0x11c0, 0x2d4c, 0x2d4d, 0x2d4e, 0x14b8, 0x2d4f, 0x14b9,
    0x0f0a, 0x2d50, 0x0add, 0x2d51, 0x2d52, 0x14bb, 0x14bc, 0x2d53, 0x2d54, 0x2d55, 0x2d56, 0x2d57, 0x2d58, 0x2d59, 0x14bd, 0x2d5a,
    0x088c, 0x14be, 0x2d5b, 0x14bf, 0x2d5c, 0x2d5d, 0x2d5e, 0x0788, 0x2d5f, 0x2d60, 0x2d61, 0x0d19, 0x087c, 0x2d62, 0x14c1, 0x1110,
    0x0d8e, 0x2d63, 0x0813, 0x2d64, 0x2d65, 0x14c3, 0x14c5, 0x0877, 0x2d66, 0x14c2, 0x14c4, 0x14c7, 0x14c6, 0x14c8, 0x2d67, 0x2d68,
    0x2d69, 0x2d6b, 0x14c9, 0x2d6a, 0x0ef1, 0x0902, 0x07c1, 0x14ca, 0x14cf, 0x14cd, 0x2d6c, 0x10a3, 0x10a2, 0x2d6d, 0x2d6e, 0x2d6f,
    0x4257, 0x0ebd, 0x14cc, 0x0bba, 0x14cb, 0x2d70, 0x2d71, 0x0c94, 0x14d0, 0x2d72, 0x0ab6, 0x14d6, 0x2d73, 0x14d7, 0x14d1, 0x07ed,
    0x14d2, 0x14db, 0x14da, 0x14d9, 0x14d5, 0x14d4, 0x14d8, 0x2d75, 0x2d76, 0x2d77, 0x2d78, 0x10a4, 0x2d74, 0x2d79, 0x2d7a, 0x2d7b,
    0x2d7c, 0x2d7d, 0x2d7e, 0x2d7f, 0x2d80, 0x2d81, 0x2d85, 0x14df, 0x14dc, 0x14de, 0x11b8, 0x2d83, 0x14dd, 0x4258, 0x2d82, 0x2d84,
    0x14d3, 0x2d86, 0x2d87, 0x2d88, 0x2d89, 0x2d8a, 0x0c95, 0x2d8b, 0x14e0, 0x2d8c, 0x0a83, 0x2d8d, 0x14e1, 0x14e2, 0x2d8e, 0x2d8f,
    0x2d90, 0x2d91, 0x2d92, 0x14e5, 0x2d93, 0x14e4, 0x14e3, 0x2d94, 0x2d95, 0x0ebe, 0x14ce, 0x14eb, 0x2d96, 0x2d97, 0x2d98, 0x2d99,
    0x2d9a, 0x2d9b, 0x14e7, 0x2d9c, 0x2d9d, 0x14e6, 0x2d9e, 0x2d9f, 0x14e8, 0x14e9, 0x2da0, 0x3d6c, 0x2da1, 0x14ec, 0x2da2, 0x2da3,
    0x120a, 0x14ed, 0x14ea, 0x2da4, 0x2da5, 0x14ee, 0x2da6, 0x0878, 0x14ef, 0x2da8, 0x2da7, 0x14f1, 0x14f0, 0x14f2, 0x2da9, 0x2daa,
    0x14f3, 0x0cee, 0x0b89, 0x2dab, 0x0bca, 0x0d41, 0x2dac, 0x0a17, 0x0a84, 0x0a18, 0x08e6, 0x2dad, 0x14f4, 0x0a85, 0x09da, 0x14f5,
    0x110e, 0x0f55, 0x14f6, 0x0a19, 0x2dae, 0x2daf, 0x0844, 0x0dc1, 0x0926, 0x2db0, 0x0afe, 0x1029, 0x0fb1, 0x2db1, 0x14f7, 0x088d,
    0x2db2, 0x14fa, 0x2db3, 0x2db4, 0x2db5, 0x0e19, 0x2db6, 0x14f9, 0x14f8, 0x14fb, 0x0e63, 0x2db7, 0x2db8, 0x0c85, 0x2dba, 0x0aff,
    0x0cca, 0x2db9, 0x0d8f, 0x0898, 0x2dbb, 0x0e1a, 0x2dbc, 0x14fc, 0x14fd, 0x0c33, 0x10c3, 0x2dbd, 0x1500, 0x14ff, 0x14fe, 0x104b,
    0x1507, 0x2dc0, 0x2dbe, 0x10e4, 0x1501, 0x2dbf, 0x2dc1, 0x1503, 0x10f5, 0x2dc2, 0x1502, 0x2dc3, 0x2dc4, 0x2dc5, 0x2dc6, 0x1504,
    0x0f98, 0x1505, 0x106a, 0x1506, 0x2dc7, 0x2dc8, 0x2dc9, 0x2dca, 0x2dcb, 0x2dcc, 0x2dcd, 0x084b, 0x106b, 0x0f41, 0x1508, 0x1509,
    0x0a1a, 0x084c, 0x150a, 0x09c8, 0x118a, 0x116f, 0x088e, 0x150c, 0x2dce, 0x0e1b, 0x0a1b, 0x0bf5, 0x0fcf, 0x0bf6, 0x2dcf, 0x2dd0,
    0x0bde, 0x0e64, 0x10a5, 0x0e8f, 0x0a1c, 0x102a, 0x150d, 0x2dd1, 0x2dd2, 0x2dd3, 0x0eaf, 0x0a8e, 0x2dd4, 0x2dd5, 0x09db, 0x2dd6,
    0x0e65, 0x2dd7, 0x2dd8, 0x06e3, 0x0bd4, 0x0a1d, 0x118d, 0x2dd9, 0x2dda, 0x2ddb, 0x150e, 0x150f, 0x0f63, 0x2ddc, 0x1510, 0x121b,
    0x122f, 0x2dde, 0x2ddd, 0x2ddf, 0x1512, 0x1511, 0x2de0, 0x2de1, 0x0801, 0x2de2, 0x2de3, 0x1513, 0x1516, 0x1517, 0x2de4, 0x1515,
    0x2de5, 0x100e, 0x0bf7, 0x1519, 0x1518, 0x1514, 0x2de6, 0x151a, 0x151b, 0x2de7, 0x151c, 0x151f, 0x151d, 0x151e, 0x1520, 0x0762,
    0x0e66, 0x1521, 0x09ac, 0x07d2, 0x0f48, 0x1522, 0x0f2f, 0x1087, 0x2de8, 0x1523, 0x1230, 0x2de9, 0x2dea, 0x2deb, 0x1524, 0x106c,
    0x1527, 0x1281, 0x1291, 0x2dec, 0x0b38, 0x0f29, 0x1528, 0x08d3, 0x0e1c, 0x071a, 0x1529, 0x1052, 0x0a1e, 0x2ded, 0x0dea, 0x2dee,
    0x2def, 0x0e67, 0x2df0, 0x2df1, 0x2df2, 0x2df3, 0x1157, 0x09c9, 0x09dc, 0x2df4, 0x152a, 0x2df5, 0x2df6, 0x152b, 0x2df7, 0x1531,
    0x2df8, 0x0b6d, 0x2df9, 0x0e1d, 0x2dfa, 0x0903, 0x152c, 0x2dfb, 0x0ff9, 0x2dfc, 0x0de0, 0x2dfd, 0x2dfe, 0x152d, 0x2dff, 0x2e00,
    0x2e01, 0x152e, 0x0904, 0x152f, 0x2e02, 0x1530, 0x2e03, 0x1532, 0x0ecc, 0x2e04, 0x1533, 0x1534, 0x2e05, 0x1535, 0x2e06, 0x1526,
    0x1525, 0x2e07, 0x1536, 0x0973, 0x2e08, 0x2e09, 0x0ff5, 0x2e0a, 0x0a98, 0x1005, 0x0e1e, 0x1019, 0x1537, 0x2e0b, 0x0bf8, 0x0744,
    0x2e0c, 0x1538, 0x2e0d, 0x2e0e, 0x1539, 0x2e0f, 0x115a, 0x2e10, 0x0fd0, 0x2e11, 0x2e12, 0x153c, 0x077b, 0x0cac, 0x153b, 0x153a,
    0x0974, 0x0d90, 0x1540, 0x153e, 0x2e13, 0x153d, 0x11cb, 0x09f5, 0x2e14, 0x2e15, 0x0bdf, 0x153f, 0x0ea2, 0x0ba4, 0x2e16, 0x0ef4,
    0x1543, 0x1542, 0x2e17, 0x2e18, 0x1541, 0x1544, 0x09f6, 0x2e19, 0x2e1c, 0x2e1a, 0x1545, 0x104a, 0x0bc1, 0x2e1b, 0x2e1d, 0x1546,
    0x0fe9, 0x2e1e, 0x2e1f, 0x2e20, 0x0ef5, 0x0e1f, 0x425a, 0x2e21, 0x0e86, 0x1547, 0x08a1, 0x0c56, 0x2e22, 0x0ffa, 0x2e23, 0x2e24,
    0x2e25, 0x2e26, 0x088f, 0x0f38, 0x2e27, 0x2e28, 0x2e29, 0x2e2a, 0x2e2b, 0x1548, 0x0b00, 0x10c4, 0x10c5, 0x077c, 0x154d, 0x2e2c,
    0x0e03, 0x2e2d, 0x2e2e, 0x154a, 0x2e2f, 0x2e30, 0x2e31, 0x07d3, 0x2e32, 0x2e33, 0x2e34, 0x2e35, 0x157d, 0x154c, 0x2e36, 0x2e37,
    0x0f42, 0x2e38, 0x154b, 0x2e39, 0x1549, 0x2e3a, 0x0a68, 0x154f, 0x2e3b, 0x2e3c, 0x2e3d, 0x1555, 0x155b, 0x1553, 0x0eb2, 0x2e3e,
    0x2e3f, 0x1558, 0x102b, 0x2e40, 0x2e41, 0x1552, 0x2e42, 0x1557, 0x120b, 0x0b01, 0x2e43, 0x0d91, 0x1550, 0x2e44, 0x08d4, 0x155a,
    0x0cad, 0x0763, 0x1554, 0x07d4, 0x1559, 0x2e45, 0x0905, 0x1556, 0x2e46, 0x2e47, 0x155c, 0x2e48, 0x155e, 0x1568, 0x1566, 0x1563,
    0x2e49, 0x2e4a, 0x2e4b, 0x1562, 0x121c, 0x2e4c, 0x1564, 0x0906, 0x2e4d, 0x0a1f, 0x2e4e, 0x0be0, 0x2e4f, 0x2e50, 0x156b, 0x155d,
    0x2e51, 0x1561, 0x1551, 0x2e52, 0x07d6, 0x1565, 0x1567, 0x0deb, 0x2e53, 0x0a74, 0x0794, 0x155f, 0x156a, 0x1569, 0x0907, 0x0d65,
    0x0820, 0x2e54, 0x0975, 0x1560, 0x2e55, 0x2e56, 0x156c, 0x2e57, 0x156f, 0x1571, 0x425b, 0x2e58, 0x2e59, 0x0b45, 0x2e5a, 0x1577,
    0x0e68, 0x156d, 0x2e5b, 0x2e5c, 0x1575, 0x2e5d, 0x07d5, 0x2e5e, 0x1573, 0x1574, 0x2e5f, 0x1570, 0x1572, 0x2e60, 0x2e61, 0x09f7,
    0x1170, 0x2e62, 0x084d, 0x2e63, 0x2e64, 0x0757, 0x1576, 0x2e65, 0x0f4c, 0x06cd, 0x2e66, 0x2e67, 0x0fd1, 0x154e, 0x157c, 0x1580,
    0x114d, 0x2e68, 0x1579, 0x2e69, 0x0ebf, 0x157e, 0x2e6a, 0x2e6b, 0x2e6c, 0x0c34, 0x157f, 0x0f0b, 0x2e6d, 0x2e6e, 0x2e6f, 0x2e70,
    0x2e71, 0x2e72, 0x1249, 0x157b, 0x2e73, 0x2e74, 0x1581, 0x2e75, 0x0a69, 0x2e76, 0x0ccb, 0x2e77, 0x2e78, 0x06f4, 0x157a, 0x1578,
    0x2e79, 0x0d38, 0x2e7a, 0x156e, 0x0ade, 0x0d82, 0x158d, 0x2e7b, 0x0d39, 0x1588, 0x2e7c, 0x1585, 0x1586, 0x2e7d, 0x0b6e, 0x1589,
    0x158c, 0x2e7e, 0x2e7f, 0x1587, 0x0b8b, 0x2e80, 0x158a, 0x1584, 0x2e81, 0x1164, 0x1163, 0x2e82, 0x2e83, 0x158e, 0x158f, 0x06f5,
    0x2e84, 0x2e85, 0x2e86, 0x2e87, 0x2e88, 0x1583, 0x2e89, 0x2e8a, 0x2e8b, 0x0946, 0x06c6, 0x2e8c, 0x2e8d, 0x084e, 0x425c, 0x158b,
    0x2e8e, 0x1593, 0x1592, 0x2e8f, 0x2e90, 0x1597, 0x2e91, 0x2e92, 0x1598, 0x2e93, 0x2e94, 0x2e95, 0x2e96, 0x1596, 0x1599, 0x1591,
    0x1595, 0x2e97, 0x159a, 0x159b, 0x2e98, 0x2e99, 0x1590, 0x0b26, 0x2e9a, 0x1594, 0x0d92, 0x0a20, 0x1582, 0x0c57, 0x15a8, 0x1095,
    0x159e, 0x159f, 0x15a0, 0x15a7, 0x2e9b, 0x15a6, 0x2e9c, 0x1107, 0x084f, 0x15a4, 0x0977, 0x07ee, 0x15a1, 0x2e9d, 0x11dc, 0x15a3,
    0x06f6, 0x15a5, 0x2e9e, 0x159c, 0x15a2, 0x15a9, 0x0976, 0x159d, 0x2e9f, 0x2ea0, 0x2ea1, 0x11a3, 0x2ea2, 0x2ea3, 0x2ea4, 0x1171,
    0x2ea5, 0x2ea6, 0x15ac, 0x15b0, 0x2ea7, 0x2ea8, 0x0d5c, 0x121d, 0x15b1, 0x2ea9, 0x2eaa, 0x15ae, 0x15ab, 0x2eab, 0x2eac, 0x15aa,
    0x15af, 0x2ead, 0x2eae, 0x2eaf, 0x2eb0, 0x105c, 0x2eb1, 0x0ee8, 0x2eb2, 0x0978, 0x2eb3, 0x15b2, 0x15ad, 0x2eb4, 0x15b3, 0x09ad,
    0x078d, 0x2eb5, 0x2eb6, 0x15bb, 0x2eb7, 0x0850, 0x2eb8, 0x2eb9, 0x2eba, 0x15b9, 0x15ba, 0x0a75, 0x15b8, 0x15b6, 0x15b5, 0x15bc,
    0x15b4, 0x15be, 0x2ebb, 0x2ebc, 0x07d7, 0x2ebd, 0x2ebe, 0x2ebf, 0x2ec0, 0x2ec1, 0x2ec2, 0x2ec3, 0x15c0, 0x2ec6, 0x15bf, 0x2ec4,
    0x2ec5, 0x2ec7, 0x2ec8, 0x2ec9, 0x0e20, 0x15c3, 0x15c1, 0x15b7, 0x09ae, 0x15c2, 0x15c6, 0x15c5, 0x15c7, 0x15c4, 0x15c8, 0x2eca,
    0x2ecb, 0x2ecc, 0x2ecd, 0x15c9, 0x15ca, 0x1096, 0x15cc, 0x15cb, 0x0ba5, 0x0cae, 0x07c2, 0x07d8, 0x2ece, 0x15cd, 0x2ecf, 0x06df,
    0x0ccc, 0x15ce, 0x2ed0, 0x1ceb, 0x15cf, 0x0993, 0x2ed1, 0x15d0, 0x2ed2, 0x2ed3, 0x0cef, 0x2ed4, 0x2ed5, 0x15d1, 0x2ed6, 0x15d2,
    0x08b0, 0x15d3, 0x15d4, 0x15d5, 0x0d93, 0x09dd, 0x2ed7, 0x1149, 0x2ed8, 0x10c6, 0x0bd0, 0x15d6, 0x2ed9, 0x2eda, 0x2edb, 0x2edc,
    0x0cf0, 0x1da1, 0x0fd2, 0x0b72, 0x2edd, 0x0a99, 0x15d7, 0x2ede, 0x2edf, 0x2ee0, 0x0d83, 0x2ee1, 0x1053, 0x2ee2, 0x0dad, 0x2ee3,
    0x15da, 0x2ee4, 0x15d8, 0x15db, 0x15d9, 0x2ee5, 0x15dc, 0x2ee6, 0x105d, 0x2ee7, 0x06d7, 0x2ee8, 0x102c, 0x0fd3, 0x2ee9, 0x15dd,
    0x2eea, 0x15e0, 0x0bf9, 0x08b1, 0x15de, 0x15e5, 0x0bfa, 0x15df, 0x0f56, 0x2eeb, 0x2eec, 0x2eed, 0x2eee, 0x11a4, 0x15e1, 0x15e2,
    0x15e6, 0x0ec0, 0x15e3, 0x0a21, 0x0cde, 0x15f4, 0x0fa4, 0x0dae, 0x2eef, 0x2ef0, 0x0fd4, 0x1639, 0x10a6, 0x2ef1, 0x0e69, 0x2ef2,
    0x2ef3, 0x10ff, 0x2ef4, 0x15e9, 0x077d, 0x0e04, 0x2ef5, 0x2ef6, 0x15f2, 0x2ef7, 0x0dce, 0x15ec, 0x15f3, 0x15ee, 0x15f5, 0x15f1,
    0x15f0, 0x0f81, 0x2ef8, 0x15ea, 0x07d9, 0x15e8, 0x08e7, 0x0daf, 0x15e4, 0x2ef9, 0x2efa, 0x15e7, 0x0a22, 0x0cdb, 0x2efb, 0x0bfb,
    0x15ef, 0x0f64, 0x08e8, 0x0802, 0x2efc, 0x0821, 0x0c43, 0x15f7, 0x15fc, 0x15f8, 0x2efd, 0x09af, 0x2efe, 0x15fd, 0x0acc, 0x0a57,
    0x2eff, 0x2f00, 0x0b8c, 0x15eb, 0x0b27, 0x15fa, 0x2f01, 0x2f02, 0x0b02, 0x15fb, 0x06e4, 0x2f03, 0x2f04, 0x15f6, 0x2f05, 0x2f06,
    0x0e21, 0x2f07, 0x2f08, 0x2f09, 0x08e9, 0x0908, 0x15f9, 0x06c7, 0x2f0a, 0x2f0b, 0x0a8f, 0x2f0c, 0x0c58, 0x2f0d, 0x2f0e, 0x2f0f,
    0x0e6a, 0x2f10, 0x0fc4, 0x15ff, 0x0d3c, 0x2f11, 0x2f12, 0x2f13, 0x2f14, 0x2f15, 0x0d66, 0x2f16, 0x2f17, 0x0ad5, 0x1600, 0x2f18,
    0x1602, 0x15fe, 0x2f19, 0x2f1a, 0x2f1b, 0x108d, 0x0e35, 0x2f1c, 0x2f1d, 0x0d3a, 0x2f1e, 0x2f1f, 0x10a7, 0x0b56, 0x160e, 0x160d,
    0x2f20, 0x2f21, 0x0c9a, 0x2f22, 0x09b0, 0x2f23, 0x2f24, 0x1607, 0x0bfd, 0x2f25, 0x0f1c, 0x0f43, 0x2f26, 0x2f27, 0x2f28, 0x1605,
    0x2f29, 0x0d3b, 0x2f2a, 0x2f2b, 0x0b80, 0x160a, 0x2f2c, 0x0bfc, 0x1604, 0x1609, 0x2f2d, 0x0f65, 0x2f2e, 0x2f2f, 0x1603, 0x0953,
    0x2f30, 0x2f31, 0x0817, 0x2f32, 0x160b, 0x11cf, 0x0a9a, 0x0dcf, 0x1608, 0x2f33, 0x0cdc, 0x2f34, 0x0a23, 0x0c86, 0x0764, 0x0d1a,
    0x1606, 0x08bb, 0x2f35, 0x2f36, 0x2f37, 0x0979, 0x0e47, 0x160c, 0x0d3d, 0x2f38, 0x160f, 0x1611, 0x2f39, 0x0d73, 0x1617, 0x2f3a,
    0x1612, 0x2f3b, 0x1614, 0x2f3c, 0x100f, 0x0e6b, 0x2f3d, 0x1615, 0x2f3e, 0x2f3f, 0x2f40, 0x1172, 0x118e, 0x0851, 0x2f41, 0x2f42,
    0x06ce, 0x1613, 0x2f43, 0x1610, 0x2f44, 0x2f45, 0x0890, 0x2f46, 0x2f47, 0x0765, 0x2f48, 0x1616, 0x2f49, 0x2f4a, 0x118f, 0x161a,
    0x2f4b, 0x2f4c, 0x0d77, 0x1621, 0x2f4d, 0x2f4e, 0x161b, 0x2f4f, 0x1618, 0x161f, 0x2f50, 0x1601, 0x2f51, 0x2f52, 0x2f53, 0x2f54,
    0x2f55, 0x161c, 0x1620, 0x2f56, 0x2f57, 0x0fb2, 0x0ec1, 0x2f58, 0x2f59, 0x1619, 0x2f5a, 0x161d, 0x097a, 0x2f5b, 0x0abd, 0x2f5c,
    0x0cdd, 0x2f5d, 0x1625, 0x2f5e, 0x2f5f, 0x2f60, 0x2f61, 0x2f62, 0x0e7c, 0x2f63, 0x2f64, 0x2f65, 0x2f66, 0x2f67, 0x2f68, 0x2f69,
    0x2f6a, 0x1622, 0x10ea, 0x2f6b, 0x1623, 0x2f6c, 0x2f6d, 0x1624, 0x1136, 0x0ca2, 0x2f6e, 0x2f6f, 0x0994, 0x2f70, 0x2f71, 0x162b,
    0x2f72, 0x2f73, 0x2f74, 0x0adf, 0x1628, 0x1627, 0x2f75, 0x2f76, 0x0f44, 0x2f77, 0x2f78, 0x0ee9, 0x2f79, 0x2f7a, 0x2f7b, 0x0e87,
    0x1629, 0x2f7c, 0x2f7d, 0x162a, 0x103d, 0x2f7e, 0x0f57, 0x0acd, 0x0cf1, 0x10da, 0x2f7f, 0x0803, 0x1631, 0x162c, 0x2f80, 0x2f81,
    0x2f82, 0x1190, 0x1633, 0x2f83, 0x162f, 0x1630, 0x2f84, 0x2f85, 0x2f86, 0x2f87, 0x0d3e, 0x2f88, 0x2f89, 0x2f8a, 0x162e, 0x15ed,
    0x2f8b, 0x2f8c, 0x1632, 0x162d, 0x1637, 0x1638, 0x0e7d, 0x163a, 0x2f8d, 0x2f8e, 0x0ace, 0x1635, 0x2f8f, 0x2f90, 0x08b2, 0x2f91,
    0x163b, 0x2f92, 0x1634, 0x163f, 0x163e, 0x2f93, 0x163d, 0x2f94, 0x1640, 0x2f95, 0x1642, 0x0c35, 0x2f96, 0x1641, 0x2f97, 0x2f98,
    0x1645, 0x2f99, 0x2f9a, 0x2f9b, 0x2f9c, 0x2f9d, 0x2f9e, 0x2f9f, 0x1643, 0x2fa0, 0x2fa1, 0x1644, 0x161e, 0x2fa2, 0x2fa3, 0x2fa4,
    0x1647, 0x1646, 0x2fa5, 0x2fa6, 0x1626, 0x1648, 0x163c, 0x2fa7, 0x0b03, 0x2fa8, 0x1649, 0x164a, 0x164c, 0x164b, 0x164d, 0x07da,
    0x2fa9, 0x0a24, 0x2faa, 0x2fab, 0x10a8, 0x0caf, 0x2fac, 0x09de, 0x2fad, 0x164f, 0x2fae, 0x1652, 0x425d, 0x1020, 0x2faf, 0x08d5,
    0x2fb0, 0x2fb1, 0x1651, 0x1650, 0x0f66, 0x1653, 0x0909, 0x1655, 0x1654, 0x2fb2, 0x2fb3, 0x0852, 0x0ae0, 0x0f0c, 0x2fb4, 0x2fb5,
    0x097b, 0x0c96, 0x1656, 0x0cb0, 0x0e7e, 0x102d, 0x1657, 0x2fb6, 0x2fb7, 0x2fb8, 0x1658, 0x1659, 0x2fb9, 0x1064, 0x1493, 0x0cc6,
    0x2fba, 0x101a, 0x0aa4, 0x0fd5, 0x0fb3, 0x2fbb, 0x2fbc, 0x0ea3, 0x2fbd, 0x11e5, 0x165b, 0x0b58, 0x2fbe, 0x165c, 0x2fbf, 0x06d6,
    0x2fc0, 0x0928, 0x0ccd, 0x2fc1, 0x102e, 0x165d, 0x0aec, 0x0de1, 0x2fc2, 0x0b05, 0x0c59, 0x2fc3, 0x2fc4, 0x2fc5, 0x165e, 0x10a9,
    0x0775, 0x0b06, 0x2fc6, 0x1661, 0x2fc7, 0x165f, 0x1662, 0x11dd, 0x1660, 0x2fc8, 0x2fc9, 0x0cfb, 0x1663, 0x2fca, 0x0d6e, 0x2fcb,
    0x1664, 0x2fcc, 0x2fcd, 0x0892, 0x2fce, 0x1666, 0x1665, 0x2fcf, 0x1667, 0x1668, 0x0893, 0x0f30, 0x0dd0, 0x08e2, 0x0b07, 0x0d3f,
    0x0bc2, 0x06d0, 0x2fd0, 0x1669, 0x2fd1, 0x2fd2, 0x2fd3, 0x2fd4, 0x077e, 0x166d, 0x2fd5, 0x2fd6, 0x2fd7, 0x0a25, 0x166c, 0x2fd8,
    0x0a77, 0x0bfe, 0x2fd9, 0x2fda, 0x166b, 0x0bff, 0x2fdb, 0x1128, 0x0a76, 0x2fdc, 0x2fdd, 0x06f7, 0x0cce, 0x2fde, 0x2fdf, 0x1672,
    0x2fe0, 0x2fe1, 0x0cb1, 0x0745, 0x2fe2, 0x2fe3, 0x2fe4, 0x2fe5, 0x0bbb, 0x2fe6, 0x10f0, 0x0abe, 0x2fe7, 0x2fe8, 0x2fe9, 0x2fea,
    0x0c00, 0x2feb, 0x0ca7, 0x2fec, 0x2fed, 0x2fee, 0x1671, 0x166f, 0x1670, 0x2ff0, 0x2fef, 0x425e, 0x0e05, 0x1690, 0x2ff1, 0x1676,
    0x0b28, 0x0a26, 0x1674, 0x2ff2, 0x2ff3, 0x1675, 0x2ff4, 0x0c5a, 0x2ff5, 0x2ff7, 0x1673, 0x2ff6, 0x0ad9, 0x2ff8, 0x2ff9, 0x2ffa,
    0x2ffb, 0x2ffc, 0x1678, 0x1677, 0x167c, 0x2ffd, 0x2ffe, 0x167d, 0x1679, 0x425f, 0x07dc, 0x167a, 0x167b, 0x0fc5, 0x3000, 0x3001,
    0x3002, 0x102f, 0x097c, 0x167e, 0x3004, 0x0cb2, 0x3005, 0x0c01, 0x3007, 0x3008, 0x3009, 0x0dec, 0x300a, 0x300c, 0x3003, 0x3006,
    0x300b, 0x091b, 0x167f, 0x1683, 0x07a7, 0x1680, 0x1682, 0x300d, 0x300e, 0x300f, 0x1681, 0x3010, 0x0bd1, 0x3011, 0x0de2, 0x06e5,
    0x1684, 0x3012, 0x3013, 0x3014, 0x3015, 0x1685, 0x3016, 0x3017, 0x0e22, 0x3018, 0x1215, 0x0aed, 0x3019, 0x1097, 0x301a, 0x301b,
    0x10c7, 0x301c, 0x168c, 0x1687, 0x301d, 0x168a, 0x1689, 0x301e, 0x301f, 0x1686, 0x3020, 0x3021, 0x168b, 0x0f12, 0x3022, 0x1688,
    0x3023, 0x3024, 0x3025, 0x3026, 0x168d, 0x0bd2, 0x168e, 0x3027, 0x1191, 0x0f8a, 0x3028, 0x168f, 0x1691, 0x3029, 0x1692, 0x302a,
    0x302b, 0x302c, 0x1693, 0x091e, 0x0746, 0x0a27, 0x1694, 0x1695, 0x0bd7, 0x0d40, 0x302d, 0x2fff, 0x1374, 0x0d1c, 0x0d1b, 0x0d94,
    0x0a93, 0x12d2, 0x302e, 0x302f, 0x09a0, 0x1173, 0x10aa, 0x104c, 0x3030, 0x1696, 0x3031, 0x0abf, 0x0e37, 0x1697, 0x1231, 0x3032,
    0x10c8, 0x3033, 0x0e23, 0x1698, 0x0894, 0x3034, 0x3035, 0x1699, 0x169a, 0x1142, 0x110c, 0x1100, 0x10e6, 0x0acf, 0x169c, 0x0b73,
    0x3036, 0x10db, 0x169e, 0x16a1, 0x16a0, 0x0891, 0x08d6, 0x3037, 0x169d, 0x169f, 0x3038, 0x16a2, 0x3039, 0x303a, 0x0c9b, 0x303b,
    0x11c1, 0x06e9, 0x0aac, 0x0d78, 0x0b65, 0x303c, 0x303d, 0x0c37, 0x16a5, 0x0ea4, 0x303e, 0x16a3, 0x0d67, 0x16a4, 0x0c36, 0x1145,
    0x16a6, 0x16a7, 0x11ae, 0x303f, 0x16ac, 0x3040, 0x0a28, 0x3041, 0x0f67, 0x16a9, 0x0ec2, 0x166a, 0x166e, 0x3042, 0x08c5, 0x3043,
    0x0f59, 0x3044, 0x16ab, 0x0c02, 0x0fb4, 0x3045, 0x3046, 0x16b1, 0x0fea, 0x16a8, 0x16ae, 0x16ad, 0x3047, 0x3048, 0x0ccf, 0x3049,
    0x304a, 0x10f7, 0x304b, 0x11f7, 0x304c, 0x304d, 0x10f1, 0x304e, 0x07a8, 0x0b08, 0x124a, 0x16b0, 0x0c97, 0x16af, 0x16aa, 0x09df,
    0x304f, 0x3050, 0x3051, 0x16b6, 0x16b4, 0x3052, 0x07a9, 0x16b2, 0x16b8, 0x16be, 0x3053, 0x3054, 0x3055, 0x3057, 0x0d84, 0x3058,
    0x3059, 0x106d, 0x305a, 0x16c0, 0x305b, 0x305c, 0x0ff0, 0x16bf, 0x0f82, 0x10c9, 0x0853, 0x305d, 0x0cf7, 0x0ba6, 0x305e, 0x0e4b,
    0x305f, 0x1174, 0x3060, 0x16bb, 0x16ba, 0x3061, 0x16bc, 0x16b9, 0x3062, 0x16c1, 0x16b7, 0x16b5, 0x16bd, 0x16b3, 0x3063, 0x0e06,
    0x3064, 0x1160, 0x0b4e, 0x0ac0, 0x3065, 0x3066, 0x3056, 0x0a86, 0x10f9, 0x07fb, 0x4262, 0x0e46, 0x0efe, 0x0747, 0x0cf2, 0x3068,
    0x0cb4, 0x095c, 0x3069, 0x306a, 0x16c3, 0x306b, 0x0a29, 0x0836, 0x306d, 0x306c, 0x16c5, 0x082e, 0x16cb, 0x306e, 0x306f, 0x3070,
    0x3071, 0x3072, 0x16c8, 0x3073, 0x0cf3, 0x0805, 0x0a78, 0x3074, 0x0804, 0x0a9b, 0x3075, 0x16c6, 0x0997, 0x097d, 0x0ec3, 0x3076,
    0x3077, 0x16c4, 0x06e6, 0x3078, 0x3079, 0x16c7, 0x16c9, 0x0921, 0x095e, 0x3067, 0x0854, 0x08c1, 0x307a, 0x307b, 0x307c, 0x16cc,
    0x307d, 0x0ac5, 0x10fb, 0x0ae1, 0x16cd, 0x0ffe, 0x307e, 0x307f, 0x3080, 0x3081, 0x3082, 0x3083, 0x16d9, 0x3084, 0x078f, 0x16ce,
    0x3085, 0x3086, 0x3087, 0x3088, 0x16df, 0x16cf, 0x11e6, 0x3089, 0x16d6, 0x308a, 0x0f71, 0x308b, 0x308c, 0x16de, 0x16d1, 0x06d4,
    0x16d3, 0x308d, 0x0a2a, 0x308e, 0x308f, 0x16d5, 0x3090, 0x16d4, 0x16d0, 0x16db, 0x3091, 0x0c03, 0x3092, 0x3093, 0x1445, 0x09f8,
    0x11c2, 0x3094, 0x3095, 0x16d2, 0x3096, 0x0e6c, 0x07dd, 0x0a79, 0x3097, 0x16ca, 0x16da, 0x081b, 0x16d8, 0x16dc, 0x3098, 0x0ec4,
    0x0896, 0x3099, 0x16fa, 0x309a, 0x1131, 0x16e1, 0x0895, 0x309b, 0x16e8, 0x309c, 0x309d, 0x309e, 0x10ca, 0x309f, 0x16e9, 0x16eb,
    0x30a0, 0x16ef, 0x16e3, 0x30a1, 0x0dc4, 0x30a2, 0x30a3, 0x0ec5, 0x16f3, 0x16e6, 0x16f0, 0x30a4, 0x16ea, 0x30a5, 0x30a6, 0x30a7,
    0x30a8, 0x30a9, 0x0c5b, 0x16f4, 0x30aa, 0x30ab, 0x0cb3, 0x30ac, 0x30ad, 0x16f2, 0x0855, 0x30ae, 0x30af, 0x30b0, 0x1252, 0x16e0,
    0x16ee, 0x06f8, 0x30b1, 0x16e2, 0x30b2, 0x30b3, 0x1122, 0x16e7, 0x0c44, 0x0e3f, 0x16dd, 0x30b4, 0x30b5, 0x16ed, 0x30b6, 0x30b7,
    0x30b8, 0x0c9c, 0x16f7, 0x082b, 0x09b1, 0x16f9, 0x16e4, 0x16f8, 0x16f1, 0x16e5, 0x16f5, 0x16f6, 0x1707, 0x30b9, 0x30ba, 0x0f02,
    0x30bb, 0x16ec, 0x30bc, 0x1703, 0x30bd, 0x1705, 0x0e50, 0x30be, 0x30bf, 0x30c0, 0x1192, 0x30c1, 0x1044, 0x1700, 0x0d86, 0x30c2,
    0x1706, 0x0d1d, 0x30c3, 0x16fd, 0x170a, 0x1709, 0x0f23, 0x1708, 0x0f1e, 0x30c4, 0x30c5, 0x30c6, 0x30c7, 0x30c8, 0x30c9, 0x170c,
    0x16ff, 0x30ca, 0x091c, 0x1702, 0x0bc3, 0x30cb, 0x30cc, 0x30cd, 0x0f72, 0x1704, 0x091f, 0x16fc, 0x16fe, 0x16fb, 0x30ce, 0x30cf,
    0x1232, 0x0814, 0x1701, 0x30d0, 0x30d1, 0x170b, 0x07ef, 0x0ab3, 0x30d2, 0x075b, 0x171c, 0x30d3, 0x1233, 0x171f, 0x30d4, 0x30d5,
    0x0c5c, 0x171e, 0x171d, 0x30d6, 0x30d7, 0x30d8, 0x171a, 0x30d9, 0x30da, 0x30db, 0x170e, 0x30dc, 0x172b, 0x170d, 0x1720, 0x30dd,
    0x30de, 0x30df, 0x1718, 0x30e0, 0x1713, 0x1710, 0x1711, 0x1719, 0x30e1, 0x1fba, 0x30e2, 0x1716, 0x0a2b, 0x0e40, 0x0d42, 0x1714,
    0x170f, 0x30e3, 0x1712, 0x30e4, 0x30e5, 0x1193, 0x10f4, 0x1717, 0x1721, 0x30e6, 0x30e7, 0x1729, 0x1722, 0x172f, 0x172d, 0x30e8,
    0x30e9, 0x30ea, 0x1728, 0x30eb, 0x30ec, 0x1727, 0x0e48, 0x0d43, 0x30ed, 0x1725, 0x30ee, 0x30ef, 0x1723, 0x30f0, 0x172a, 0x1730,
    0x0fe5, 0x1736, 0x30f1, 0x30f2, 0x1731, 0x1734, 0x172e, 0x30f3, 0x0e0e, 0x1006, 0x30f4, 0x1724, 0x30f5, 0x172c, 0x0c04, 0x30f6,
    0x1137, 0x1740, 0x1733, 0x30f7, 0x30f8, 0x09b2, 0x077f, 0x0819, 0x171b, 0x30f9, 0x30fa, 0x30fb, 0x0c05, 0x1738, 0x30fc, 0x173f,
    0x0b81, 0x082c, 0x30fd, 0x0dc8, 0x30fe, 0x30ff, 0x1735, 0x3100, 0x3101, 0x173a, 0x173e, 0x3102, 0x3103, 0x090a, 0x3104, 0x3105,
    0x3106, 0x3107, 0x3108, 0x3109, 0x08c2, 0x173c, 0x310a, 0x0897, 0x0eff, 0x173b, 0x310b, 0x173d, 0x310c, 0x310d, 0x4265, 0x310e,
    0x1737, 0x310f, 0x1739, 0x3110, 0x081a, 0x0de3, 0x3111, 0x3112, 0x1744, 0x3113, 0x3114, 0x3115, 0x3116, 0x1742, 0x09f9, 0x1741,
    0x3117, 0x1747, 0x3118, 0x16c2, 0x3119, 0x311a, 0x311b, 0x1743, 0x1745, 0x1746, 0x311c, 0x1752, 0x311d, 0x174e, 0x16d7, 0x311e,
    0x311f, 0x3120, 0x174d, 0x3121, 0x174c, 0x1749, 0x3122, 0x3123, 0x3124, 0x1732, 0x174b, 0x174a, 0x3125, 0x3127, 0x3126, 0x3128,
    0x3129, 0x1750, 0x1228, 0x312a, 0x312b, 0x312c, 0x1753, 0x094f, 0x312d, 0x312e, 0x174f, 0x1751, 0x4266, 0x312f, 0x3130, 0x0f97,
    0x1754, 0x3131, 0x3132, 0x3133, 0x3134, 0x1758, 0x1755, 0x3135, 0x3136, 0x3137, 0x3138, 0x11b9, 0x1756, 0x3139, 0x313a, 0x313b,
    0x1726, 0x313c, 0x313d, 0x313e, 0x1759, 0x175a, 0x313f, 0x3140, 0x0733, 0x3141, 0x175c, 0x0999, 0x0b29, 0x0929, 0x3142, 0x0780,
    0x3143, 0x3144, 0x3145, 0x3146, 0x11a5, 0x3147, 0x3148, 0x175e, 0x175d, 0x1760, 0x08b3, 0x3149, 0x092a, 0x0856, 0x314a, 0x1763,
    0x314b, 0x1762, 0x1764, 0x314c, 0x07aa, 0x314d, 0x0dd1, 0x1765, 0x314e, 0x0857, 0x1767, 0x314f, 0x3150, 0x1766, 0x1768, 0x3151,
    0x1769, 0x3152, 0x176a, 0x0b09, 0x0cb5, 0x0a6d, 0x103e, 0x3153, 0x108e, 0x1246, 0x3154, 0x3155, 0x0b1f, 0x3156, 0x0a9c, 0x1216,
    0x3157, 0x176b, 0x176c, 0x0b0a, 0x3158, 0x3159, 0x176d, 0x176e, 0x315a, 0x1770, 0x176f, 0x315b, 0x10e2, 0x0bc4, 0x0b74, 0x0aee,
    0x1771, 0x1773, 0x0c45, 0x315c, 0x1772, 0x315d, 0x1774, 0x315e, 0x315f, 0x3160, 0x3161, 0x1775, 0x3162, 0x3163, 0x1776, 0x1777,
    0x3164, 0x3165, 0x3166, 0x1778, 0x3167, 0x177a, 0x1779, 0x177b, 0x0781, 0x0de4, 0x177c, 0x3168, 0x3169, 0x0ad0, 0x0806, 0x177d,
    0x316a, 0x316b, 0x0e98, 0x1424, 0x316c, 0x316d, 0x0899, 0x177e, 0x316e, 0x177f, 0x316f, 0x1098, 0x10f2, 0x0efb, 0x1780, 0x0fd6,
    0x3170, 0x0feb, 0x3171, 0x113b, 0x1781, 0x3172, 0x3173, 0x3174, 0x3175, 0x1783, 0x1782, 0x3176, 0x1785, 0x3177, 0x1784, 0x3178,
    0x3179, 0x317a, 0x317b, 0x317c, 0x317d, 0x1787, 0x317e, 0x317f, 0x3180, 0x0b0b, 0x3181, 0x1119, 0x3182, 0x1788, 0x1789, 0x089a,
    0x3183, 0x178a, 0x3184, 0x178c, 0x178b, 0x3185, 0x3186, 0x3187, 0x3188, 0x3189, 0x318a, 0x0c87, 0x318b, 0x318c, 0x1007, 0x0748,
    0x318d, 0x318e, 0x0fb5, 0x318f, 0x0e6d, 0x0ba7, 0x08d7, 0x3190, 0x3191, 0x3192, 0x0fb6, 0x3193, 0x0b36, 0x3194, 0x3195, 0x178e,
    0x0858, 0x3196, 0x0776, 0x3197, 0x3198, 0x0f26, 0x178d, 0x0a2c, 0x0ded, 0x178f, 0x31cc, 0x1797, 0x1790, 0x3199, 0x319a, 0x319b,
    0x0d7d, 0x08d8, 0x1798, 0x319c, 0x319d, 0x319e, 0x319f, 0x099a, 0x31a0, 0x089b, 0x1796, 0x1794, 0x1791, 0x11a6, 0x31a1, 0x31a2,
    0x31a3, 0x0e38, 0x31a4, 0x0f0d, 0x1792, 0x179a, 0x1799, 0x0955, 0x31a5, 0x31a6, 0x0789, 0x31a7, 0x31a8, 0x0a87, 0x1793, 0x1795,
    0x31a9, 0x31aa, 0x10e1, 0x0db0, 0x1101, 0x17a2, 0x31ab, 0x17a3, 0x31ac, 0x07ab, 0x31ad, 0x1054, 0x1165, 0x17a5, 0x0b2b, 0x0c06,
    0x179e, 0x17a4, 0x0766, 0x090b, 0x31ae, 0x179b, 0x17a0, 0x31af, 0x0cf4, 0x0f83, 0x0fd7, 0x31b0, 0x31b1, 0x31b2, 0x31b3, 0x31b4,
    0x179d, 0x31b5, 0x10ab, 0x31b6, 0x179f, 0x17a8, 0x31b7, 0x17a6, 0x31b8, 0x17a1, 0x31b9, 0x10ac, 0x0f5a, 0x08d9, 0x0e7b, 0x31ba,
    0x0e07, 0x31bb, 0x17a9, 0x31bc, 0x31bd, 0x31be, 0x17a7, 0x0d95, 0x179c, 0x31bf, 0x0749, 0x31c0, 0x31c1, 0x31c2, 0x31c3, 0x1194,
    0x17b4, 0x31c4, 0x31c5, 0x31c6, 0x17b3, 0x31c7, 0x0cf6, 0x17b0, 0x31c8, 0x11b2, 0x0eea, 0x17aa, 0x0e3d, 0x31c9, 0x31ca, 0x31cb,
    0x074a, 0x0a2d, 0x17ad, 0x31cd, 0x31ce, 0x31cf, 0x0b8d, 0x17b2, 0x17b1, 0x17ac, 0x17af, 0x31d0, 0x0822, 0x31d1, 0x17ae, 0x0f5b,
    0x31d2, 0x11d2, 0x0c38, 0x0cf5, 0x31d3, 0x17ba, 0x17b8, 0x101b, 0x31d4, 0x31d5, 0x31d6, 0x17b5, 0x17b7, 0x31d7, 0x0738, 0x31d8,
    0x0a2e, 0x1234, 0x07f7, 0x1030, 0x31d9, 0x31da, 0x11a7, 0x07de, 0x0c5d, 0x17b9, 0x31db, 0x31dc, 0x17be, 0x31dd, 0x0c07, 0x1176,
    0x17bb, 0x31de, 0x31df, 0x17b6, 0x31e0, 0x17bc, 0x31e1, 0x31e2, 0x31e3, 0x1202, 0x0ec9, 0x0ef6, 0x31e4, 0x31e5, 0x07f0, 0x0753,
    0x31e6, 0x17c2, 0x31e7, 0x17c5, 0x31e8, 0x11e7, 0x31e9, 0x31ea, 0x11aa, 0x31eb, 0x17cc, 0x17c6, 0x17c3, 0x31ec, 0x31ed, 0x11f8,
    0x17c9, 0x31ee, 0x31ef, 0x0bb0, 0x17cb, 0x17d0, 0x31f0, 0x0ec7, 0x17ce, 0x31f1, 0x31f2, 0x17c8, 0x31f3, 0x31f4, 0x0dd2, 0x31f5,
    0x17cf, 0x31f6, 0x17c4, 0x17ca, 0x31f7, 0x17d1, 0x071c, 0x17c7, 0x17d2, 0x31f8, 0x31f9, 0x0c5e, 0x4268, 0x0bc5, 0x31fa, 0x1051,
    0x31fb, 0x0a7a, 0x4267, 0x17bf, 0x17cd, 0x0e90, 0x31fc, 0x31fd, 0x31fe, 0x0cb6, 0x0823, 0x0a9d, 0x0c08, 0x17c1, 0x0ba8, 0x097e,
    0x17c0, 0x17d6, 0x0bd3, 0x09ca, 0x17e5, 0x31ff, 0x17df, 0x08ea, 0x0ea5, 0x3200, 0x17da, 0x17e3, 0x06cf, 0x0730, 0x3201, 0x0795,
    0x17dc, 0x0d68, 0x17d3, 0x17d5, 0x0a2f, 0x3202, 0x3203, 0x17e6, 0x3204, 0x17e1, 0x3205, 0x3206, 0x17d9, 0x17e0, 0x3207, 0x3208,
    0x3209, 0x320a, 0x1113, 0x320b, 0x17de, 0x17e2, 0x320c, 0x320d, 0x320e, 0x320f, 0x3210, 0x09e0, 0x3211, 0x0c09, 0x0dd3, 0x3212,
    0x3213, 0x3214, 0x17d8, 0x3215, 0x3216, 0x1175, 0x3217, 0x17db, 0x17d4, 0x0ec8, 0x17d7, 0x3218, 0x17dd, 0x3219, 0x321a, 0x1253,
    0x0b46, 0x1108, 0x17e7, 0x0f9e, 0x321b, 0x17f3, 0x09cb, 0x321c, 0x0bc6, 0x17e9, 0x321d, 0x11d3, 0x0a30, 0x17f6, 0x321e, 0x070e,
    0x17f4, 0x321f, 0x17e8, 0x3220, 0x3221, 0x17ee, 0x3222, 0x17f0, 0x3223, 0x1195, 0x17eb, 0x0e84, 0x3224, 0x17ed, 0x3225, 0x3226,
    0x3227, 0x17f5, 0x3228, 0x17ef, 0x112f, 0x3229, 0x322a, 0x17ea, 0x322b, 0x0b2a, 0x1802, 0x322c, 0x322d, 0x322e, 0x0824, 0x17ec,
    0x17f1, 0x17f2, 0x0da8, 0x0d96, 0x322f, 0x17fa, 0x3230, 0x3231, 0x1800, 0x17fe, 0x0e7f, 0x1805, 0x17fb, 0x3232, 0x3233, 0x3234,
    0x17fc, 0x17e4, 0x08ef, 0x1008, 0x3235, 0x0b47, 0x3236, 0x0a65, 0x3237, 0x3238, 0x3239, 0x1235, 0x17f8, 0x1804, 0x0767, 0x0d44,
    0x323a, 0x323b, 0x323c, 0x323d, 0x0f8b, 0x0859, 0x121e, 0x323e, 0x323f, 0x3240, 0x1109, 0x0e4a, 0x3247, 0x3241, 0x3242, 0x17ff,
    0x1801, 0x3243, 0x3244, 0x0d10, 0x3245, 0x3246, 0x1803, 0x17fd, 0x17f7, 0x085b, 0x3248, 0x3249, 0x324a, 0x324b, 0x099b, 0x324c,
    0x1811, 0x324d, 0x324e, 0x180c, 0x0cf8, 0x324f, 0x3250, 0x081d, 0x3251, 0x3252, 0x0bc7, 0x1815, 0x3253, 0x3254, 0x180e, 0x0e24,
    0x180b, 0x0e51, 0x182e, 0x1808, 0x1807, 0x1810, 0x3255, 0x3256, 0x180a, 0x1809, 0x180f, 0x3257, 0x0ca1, 0x1806, 0x3258, 0x3259,
    0x325a, 0x325b, 0x325c, 0x1812, 0x325d, 0x1813, 0x325e, 0x325f, 0x3260, 0x3261, 0x085a, 0x3262, 0x3263, 0x3264, 0x1818, 0x1817,
    0x1819, 0x3265, 0x3266, 0x3267, 0x3268, 0x181c, 0x3269, 0x326a, 0x326b, 0x0e99, 0x1816, 0x326c, 0x326d, 0x181a, 0x326e, 0x0995,
    0x0db5, 0x1814, 0x0f4d, 0x326f, 0x181b, 0x3270, 0x3271, 0x3272, 0x1820, 0x181e, 0x1821, 0x3273, 0x1824, 0x3274, 0x181d, 0x0a58,
    0x0f3a, 0x17bd, 0x3275, 0x3276, 0x11ba, 0x181f, 0x1823, 0x0db1, 0x3277, 0x1822, 0x180d, 0x3278, 0x1e2b, 0x3279, 0x1827, 0x327a,
    0x327b, 0x182b, 0x327c, 0x1829, 0x327d, 0x327e, 0x327f, 0x1825, 0x1826, 0x3280, 0x182a, 0x1828, 0x101c, 0x3281, 0x1830, 0x182d,
    0x182c, 0x182f, 0x0f08, 0x1831, 0x3282, 0x3283, 0x0e0f, 0x0da9, 0x4269, 0x0ca5, 0x3284, 0x1832, 0x1834, 0x3285, 0x3286, 0x3287,
    0x3288, 0x1833, 0x3289, 0x328a, 0x328b, 0x328c, 0x328d, 0x328e, 0x17f9, 0x3293, 0x1835, 0x328f, 0x3290, 0x0f1b, 0x3291, 0x3292,
    0x1836, 0x3294, 0x3295, 0x07ac, 0x3296, 0x3297, 0x0eca, 0x07df, 0x3298, 0x3299, 0x08da, 0x0b66, 0x0a9e, 0x329a, 0x329b, 0x329c,
    0x329d, 0x1229, 0x0c88, 0x0768, 0x1838, 0x329e, 0x329f, 0x32a0, 0x32a1, 0x32a2, 0x1837, 0x32a3, 0x32a4, 0x32a5, 0x183b, 0x0dd4,
    0x183e, 0x1839, 0x32a6, 0x32a7, 0x183d, 0x32a8, 0x32a9, 0x183c, 0x0e96, 0x06f9, 0x424a, 0x1219, 0x32aa, 0x1840, 0x0726, 0x32ab,
    0x32ac, 0x32ad, 0x32ae, 0x32af, 0x32b0, 0x1842, 0x32b1, 0x1841, 0x183f, 0x32b2, 0x183a, 0x10ad, 0x32b3, 0x1844, 0x32b4, 0x32b5,
    0x32b6, 0x32b7, 0x32b8, 0x1843, 0x32b9, 0x32ba, 0x32bb, 0x0769, 0x1846, 0x105e, 0x1845, 0x32bc, 0x32bd, 0x111d, 0x0c0b, 0x32be,
    0x32bf, 0x32c0, 0x32c1, 0x32c2, 0x0d11, 0x32c3, 0x0c0a, 0x32c4, 0x32c5, 0x32c6, 0x32c7, 0x121f, 0x32c8, 0x32c9, 0x184c, 0x0cf9,
    0x32ca, 0x32cb, 0x1848, 0x184d, 0x32cc, 0x076a, 0x32cd, 0x32ce, 0x32cf, 0x32d0, 0x184b, 0x0f73, 0x1847, 0x184a, 0x0c0c, 0x32d1,
    0x0fc1, 0x184e, 0x0b59, 0x32d2, 0x0cfa, 0x32d3, 0x1851, 0x32d4, 0x32d5, 0x1849, 0x0959, 0x32d6, 0x184f, 0x32d7, 0x1196, 0x1852,
    0x1fbe, 0x32d8, 0x32d9, 0x0bb5, 0x32da, 0x32db, 0x1853, 0x1854, 0x32dc, 0x32dd, 0x0f40, 0x32de, 0x32df, 0x1856, 0x32e0, 0x1857,
    0x32e1, 0x32e2, 0x32e3, 0x0f45, 0x32e4, 0x0ecb, 0x1859, 0x32e5, 0x32e6, 0x185b, 0x11f9, 0x1858, 0x32e7, 0x185a, 0x076b, 0x32e8,
    0x1855, 0x32e9, 0x32ea, 0x32eb, 0x13d5, 0x185c, 0x0d45, 0x0ae2, 0x185e, 0x185d, 0x0c46, 0x1375, 0x185f, 0x32ec, 0x1861, 0x1850,
    0x1860, 0x32ed, 0x1862, 0x32ee, 0x0f8c, 0x32ef, 0x32f0, 0x32f1, 0x1863, 0x1864, 0x32f2, 0x32f3, 0x32f4, 0x1865, 0x32f5, 0x32f6,
    0x32f7, 0x1866, 0x0e56, 0x32f8, 0x1868, 0x1867, 0x32f9, 0x1869, 0x186a, 0x32fa, 0x0b67, 0x1031, 0x32fb, 0x32fc, 0x1154, 0x186b,
    0x186c, 0x0d34, 0x0b2c, 0x186d, 0x186e, 0x32fd, 0x32fe, 0x32ff, 0x3300, 0x186f, 0x107e, 0x0fb7, 0x1870, 0x0f69, 0x3301, 0x3302,
    0x3303, 0x0e25, 0x3304, 0x3305, 0x3306, 0x1871, 0x07c3, 0x3307, 0x08e3, 0x3308, 0x112e, 0x3309, 0x111e, 0x330a, 0x0790, 0x1236,
    0x330b, 0x10dc, 0x330c, 0x1056, 0x330d, 0x330e, 0x330f, 0x3310, 0x0cb7, 0x1872, 0x3311, 0x3312, 0x0ef7, 0x3313, 0x3314, 0x09b3,
    0x1873, 0x3315, 0x0aa0, 0x1875, 0x1874, 0x3316, 0x1876, 0x3317, 0x3318, 0x3319, 0x1877, 0x331a, 0x1878, 0x331b, 0x08b4, 0x1879,
    0x187a, 0x331c, 0x09b4, 0x331d, 0x331e, 0x0fb8, 0x331f, 0x187c, 0x3320, 0x0c39, 0x187b, 0x3321, 0x3322, 0x090c, 0x187d, 0x187f,
    0x187e, 0x3323, 0x3324, 0x3325, 0x1880, 0x09e1, 0x1881, 0x3326, 0x3327, 0x093d, 0x3328, 0x0d1e, 0x0a6b, 0x3329, 0x1883, 0x1884,
    0x1882, 0x332a, 0x0b75, 0x0efc, 0x090d, 0x332b, 0x332c, 0x1886, 0x0dc6, 0x1885, 0x332d, 0x332e, 0x1237, 0x0f74, 0x332f, 0x3330,
    0x3331, 0x3332, 0x3333, 0x1889, 0x3334, 0x3335, 0x3336, 0x3337, 0x188b, 0x1888, 0x3338, 0x3339, 0x113c, 0x188a, 0x188c, 0x333a,
    0x11e8, 0x333b, 0x333c, 0x1890, 0x333d, 0x333e, 0x188f, 0x0e10, 0x0f3f, 0x333f, 0x09b5, 0x188e, 0x3340, 0x3341, 0x188d, 0x3342,
    0x1177, 0x1178, 0x3343, 0x3344, 0x3345, 0x1891, 0x076c, 0x3346, 0x0a64, 0x0b0c, 0x3347, 0x1892, 0x1893, 0x3348, 0x3349, 0x334a,
    0x1895, 0x334b, 0x334c, 0x334d, 0x334e, 0x334f, 0x0ba9, 0x3350, 0x3351, 0x1897, 0x3352, 0x1896, 0x3353, 0x3354, 0x3355, 0x3356,
    0x1898, 0x3357, 0x0807, 0x189a, 0x3358, 0x1899, 0x3359, 0x189c, 0x189b, 0x335a, 0x335b, 0x335c, 0x335d, 0x09cc, 0x335e, 0x335f,
    0x11cc, 0x0920, 0x0782, 0x3360, 0x3361, 0x3362, 0x3363, 0x093e, 0x3364, 0x3365, 0x3366, 0x3367, 0x3368, 0x3369, 0x336a, 0x336b,
    0x336c, 0x0879, 0x336d, 0x336e, 0x336f, 0x120c, 0x189e, 0x3370, 0x3371, 0x3372, 0x18a0, 0x3373, 0x3374, 0x3375, 0x18a1, 0x07ad,
    0x3376, 0x3377, 0x189d, 0x3378, 0x0ae3, 0x3379, 0x337a, 0x0e39, 0x189f, 0x337b, 0x337c, 0x337d, 0x337e, 0x337f, 0x3380, 0x18a4,
    0x0b76, 0x3381, 0x3382, 0x18a2, 0x3383, 0x3384, 0x3385, 0x0970, 0x0fb9, 0x18a3, 0x18be, 0x3386, 0x3387, 0x3388, 0x18a9, 0x3389,
    0x338a, 0x338b, 0x338c, 0x09cd, 0x338d, 0x338e, 0x338f, 0x08db, 0x3390, 0x18a6, 0x11c3, 0x3391, 0x11d4, 0x3392, 0x3393, 0x3394,
    0x3395, 0x0db2, 0x3396, 0x18a8, 0x3397, 0x3398, 0x3399, 0x339a, 0x339b, 0x339c, 0x339d, 0x339e, 0x339f, 0x33a0, 0x33a1, 0x18aa,
    0x11fa, 0x092b, 0x0fec, 0x0f5c, 0x33a2, 0x18ab, 0x18ad, 0x33a3, 0x18b0, 0x33a4, 0x33a5, 0x33a6, 0x33a7, 0x33a8, 0x33a9, 0x33aa,
    0x33ab, 0x18ac, 0x33ac, 0x18af, 0x09fa, 0x074b, 0x18b1, 0x33ad, 0x0c92, 0x18ae, 0x1200, 0x33ae, 0x18b4, 0x1fbc, 0x33af, 0x33b0,
    0x33b1, 0x18b2, 0x18b5, 0x33b2, 0x33b3, 0x33b4, 0x18a7, 0x18b3, 0x33b5, 0x33b6, 0x0a88, 0x18b6, 0x18b7, 0x33b7, 0x33b8, 0x11c4,
    0x33b9, 0x33ba, 0x33bb, 0x33bc, 0x18b8, 0x33bd, 0x33be, 0x33bf, 0x33c0, 0x33c1, 0x33c2, 0x33c3, 0x33c4, 0x18b9, 0x33c5, 0x33c6,
    0x33c7, 0x18a5, 0x33c8, 0x33c9, 0x18ba, 0x33ca, 0x33cb, 0x33cc, 0x33cd, 0x33ce, 0x33cf, 0x085c, 0x33d0, 0x33d1, 0x33d2, 0x33d3,
    0x33d4, 0x0b2d, 0x33d5, 0x33d6, 0x33d7, 0x18bb, 0x33d8, 0x18bc, 0x33d9, 0x33da, 0x18bd, 0x33db, 0x33dc, 0x33dd, 0x0739, 0x33de,
    0x33df, 0x18bf, 0x1009, 0x18c0, 0x33e0, 0x083c, 0x18c1, 0x33e1, 0x18c2, 0x33e2, 0x33e3, 0x18c3, 0x33e4, 0x18c5, 0x18c6, 0x18c4,
    0x33e5, 0x1021, 0x18c8, 0x18c7, 0x33e6, 0x33e7, 0x33e8, 0x33e9, 0x426c, 0x18ca, 0x18c9, 0x18cb, 0x33ea, 0x18cc, 0x18ce, 0x18cd,
    0x0a67, 0x33eb, 0x18d0, 0x18cf, 0x33ec, 0x33ed, 0x085d, 0x0c75, 0x0e92, 0x18d1, 0x0cb8, 0x33ee, 0x33ef, 0x0ae4, 0x33f0, 0x0777,
    0x18d2, 0x33f1, 0x1197, 0x33f2, 0x33f3, 0x108f, 0x18d3, 0x33f4, 0x0e9a, 0x1179, 0x0a31, 0x0c5f, 0x33f5, 0x0de5, 0x1350, 0x33f6,
    0x0e26, 0x07c4, 0x18d4, 0x33f7, 0x33f8, 0x33f9, 0x33fa, 0x33fb, 0x18d5, 0x18da, 0x33fc, 0x33fd, 0x18d8, 0x18d7, 0x164e, 0x07e0,
    0x18d6, 0x33fe, 0x06fa, 0x33ff, 0x0f9a, 0x3400, 0x0fba, 0x3401, 0x11d5, 0x18db, 0x18d9, 0x0df6, 0x0ca6, 0x3402, 0x3403, 0x0f9b,
    0x3404, 0x0ffb, 0x18dd, 0x11d0, 0x097f, 0x18de, 0x18dc, 0x0fc6, 0x18df, 0x18e0, 0x3405, 0x06fb, 0x3406, 0x0c3a, 0x18e5, 0x18e2,
    0x0f21, 0x18e1, 0x3407, 0x3408, 0x3409, 0x340a, 0x340b, 0x340c, 0x089c, 0x340d, 0x18e8, 0x340e, 0x18e3, 0x18e4, 0x18e7, 0x18e6,
    0x0ff3, 0x0d20, 0x0d1f, 0x340f, 0x08b5, 0x3410, 0x3411, 0x18e9, 0x3412, 0x3413, 0x18ea, 0x3414, 0x18eb, 0x3415, 0x18ed, 0x3416,
    0x18ec, 0x0754, 0x18f5, 0x0fd8, 0x18ef, 0x3417, 0x18f1, 0x18f3, 0x0c60, 0x3418, 0x18f4, 0x18f2, 0x0b48, 0x3419, 0x341a, 0x341b,
    0x18ee, 0x18f0, 0x341c, 0x1010, 0x341d, 0x0c0d, 0x18f7, 0x341e, 0x18f6, 0x341f, 0x3420, 0x18f8, 0x0b2e, 0x0a7b, 0x3421, 0x0ecd,
    0x18f9, 0x0e43, 0x3422, 0x18fb, 0x3423, 0x3424, 0x3425, 0x11c5, 0x18fa, 0x3426, 0x3427, 0x0d47, 0x3428, 0x3429, 0x342a, 0x1900,
    0x342b, 0x1902, 0x1903, 0x0dee, 0x342c, 0x1901, 0x18fe, 0x18fc, 0x18fd, 0x342d, 0x18ff, 0x342e, 0x342f, 0x3430, 0x3431, 0x3432,
    0x1906, 0x3433, 0x1904, 0x3434, 0x1905, 0x3435, 0x3436, 0x3437, 0x3438, 0x3439, 0x343a, 0x343b, 0x343c, 0x343d, 0x343e, 0x1907,
    0x1909, 0x190a, 0x190b, 0x343f, 0x190c, 0x3440, 0x3441, 0x1908, 0x3442, 0x3443, 0x190e, 0x3444, 0x3445, 0x190d, 0x3446, 0x3447,
    0x3448, 0x3449, 0x190f, 0x344a, 0x344c, 0x344d, 0x11e9, 0x344e, 0x344f, 0x3450, 0x1912, 0x1910, 0x1911, 0x3451, 0x344b, 0x3452,
    0x087a, 0x1166, 0x3453, 0x1076, 0x1914, 0x3454, 0x1913, 0x3455, 0x1915, 0x1916, 0x3456, 0x3457, 0x191a, 0x1917, 0x1918, 0x1919,
    0x191b, 0x3458, 0x3459, 0x345a, 0x191c, 0x345b, 0x191d, 0x345c, 0x191e, 0x191f, 0x0f9f, 0x0ea6, 0x1920, 0x0f84, 0x1002, 0x1921,
    0x345d, 0x426d, 0x1922, 0x0e80, 0x345e, 0x07e1, 0x0a32, 0x1923, 0x1924, 0x345f, 0x3460, 0x1925, 0x0ad3, 0x1927, 0x3461, 0x1926,
    0x1928, 0x1929, 0x3462, 0x3463, 0x3464, 0x426e, 0x3465, 0x3466, 0x3467, 0x3468, 0x3469, 0x346a, 0x346b, 0x346c, 0x346d, 0x346e,
    0x346f, 0x0fd9, 0x192a, 0x192b, 0x1fa3, 0x192c, 0x192d, 0x192e, 0x3470, 0x0ad8, 0x3471, 0x192f, 0x0f68, 0x3472, 0x10e9, 0x074c,
    0x3473, 0x0755, 0x3474, 0x3475, 0x1930, 0x3476, 0x1932, 0x3477, 0x1931, 0x0ec6, 0x3478, 0x0cb9, 0x175f, 0x1933, 0x1129, 0x3479,
    0x1934, 0x085e, 0x0fc7, 0x1935, 0x347a, 0x1936, 0x347b, 0x1937, 0x347c, 0x1144, 0x347d, 0x347e, 0x113d, 0x0e36, 0x347f, 0x0d48,
    0x3480, 0x1939, 0x3481, 0x0bc8, 0x3482, 0x0c0e, 0x193c, 0x3483, 0x193b, 0x193a, 0x0fed, 0x3484, 0x085f, 0x09b9, 0x3485, 0x3486,
    0x3487, 0x3488, 0x3489, 0x348a, 0x348b, 0x1942, 0x348c, 0x193f, 0x0c61, 0x111a, 0x348d, 0x193e, 0x1940, 0x1941, 0x348e, 0x193d,
    0x348f, 0x3490, 0x3491, 0x3492, 0x3493, 0x3494, 0x1943, 0x1944, 0x3495, 0x0e27, 0x087b, 0x3496, 0x3497, 0x0dff, 0x3498, 0x3499,
    0x349a, 0x1945, 0x349b, 0x349c, 0x349d, 0x349e, 0x349f, 0x34a0, 0x34a1, 0x1946, 0x1949, 0x34a2, 0x34a3, 0x34a4, 0x34a5, 0x0c89,
    0x34a6, 0x0ef8, 0x34a7, 0x194a, 0x10dd, 0x34a8, 0x1947, 0x34a9, 0x1948, 0x34aa, 0x34ab, 0x34ac, 0x34ad, 0x34ae, 0x194d, 0x34af,
    0x34b0, 0x194c, 0x194b, 0x34b1, 0x34b2, 0x194f, 0x34b3, 0x34b4, 0x194e, 0x1950, 0x34b5, 0x34b6, 0x34b7, 0x34b8, 0x1952, 0x34b9,
    0x1951, 0x34ba, 0x1079, 0x34bb, 0x34bc, 0x0bbc, 0x11ea, 0x34bd, 0x34be, 0x1953, 0x34bf, 0x0eeb, 0x34c0, 0x1954, 0x1955, 0x1959,
    0x1957, 0x1958, 0x34c1, 0x1956, 0x34c2, 0x195a, 0x34c3, 0x195b, 0x34c4, 0x34c5, 0x34c6, 0x195c, 0x34c7, 0x195d, 0x111f, 0x195e,
    0x34c8, 0x34c9, 0x34ca, 0x1158, 0x195f, 0x34cb, 0x0de8, 0x34cc, 0x0f7c, 0x093f, 0x34cd, 0x34ce, 0x0dd5, 0x1960, 0x090e, 0x34cf,
    0x34d0, 0x0cd0, 0x34d1, 0x34d2, 0x34d3, 0x1961, 0x0a89, 0x34d4, 0x34d5, 0x34d6, 0x1962, 0x34d7, 0x34d8, 0x34d9, 0x1963, 0x09b6,
    0x0aa1, 0x34da, 0x1965, 0x34db, 0x34dc, 0x34dd, 0x0eac, 0x0aa2, 0x08c4, 0x34de, 0x34df, 0x34e0, 0x10ae, 0x0f5d, 0x34e1, 0x34e2,
    0x0ead, 0x0a4a, 0x34e3, 0x34e4, 0x1967, 0x34e5, 0x34e6, 0x34e7, 0x34e8, 0x34e9, 0x34ea, 0x0c0f, 0x34eb, 0x34ec, 0x34ed, 0x34ee,
    0x34ef, 0x34f0, 0x34f1, 0x11d6, 0x0a33, 0x34f2, 0x09b7, 0x0f93, 0x1969, 0x34f3, 0x196b, 0x34f4, 0x09fb, 0x196a, 0x0e6e, 0x34f5,
    0x196d, 0x07f1, 0x1968, 0x34f6, 0x0fda, 0x072e, 0x34f7, 0x0ab8, 0x1254, 0x34f8, 0x196c, 0x34fa, 0x34fb, 0x34fc, 0x34f9, 0x196e,
    0x34fd, 0x1077, 0x34fe, 0x0cd9, 0x1970, 0x34ff, 0x3500, 0x1971, 0x3501, 0x3502, 0x3503, 0x3504, 0x196f, 0x0808, 0x3505, 0x1977,
    0x3506, 0x1976, 0x3507, 0x0b2f, 0x1978, 0x1973, 0x3508, 0x3509, 0x350a, 0x1979, 0x1974, 0x350b, 0x350c, 0x0fc8, 0x1972, 0x350d,
    0x350e, 0x1975, 0x350f, 0x3510, 0x197c, 0x3512, 0x3513, 0x3514, 0x3515, 0x3511, 0x3516, 0x197b, 0x10eb, 0x3517, 0x197a, 0x070b,
    0x3518, 0x3519, 0x197e, 0x351b, 0x351c, 0x351d, 0x351e, 0x197d, 0x351f, 0x351a, 0x0c10, 0x3520, 0x197f, 0x3521, 0x0d21, 0x3522,
    0x1981, 0x1980, 0x1982, 0x3523, 0x3524, 0x3525, 0x3526, 0x3527, 0x3528, 0x1964, 0x3529, 0x352a, 0x1966, 0x1984, 0x1983, 0x352b,
    0x4270, 0x352c, 0x352d, 0x352e, 0x0b30, 0x352f, 0x120d, 0x3530, 0x0b5a, 0x3531, 0x1985, 0x0969, 0x3532, 0x3533, 0x3534, 0x08b6,
    0x089d, 0x0b0d, 0x3535, 0x3536, 0x3537, 0x117a, 0x3538, 0x198b, 0x3539, 0x198a, 0x0d22, 0x1987, 0x353a, 0x1989, 0x353b, 0x353c,
    0x0bb1, 0x0c62, 0x1988, 0x1986, 0x0f3c, 0x0c11, 0x353d, 0x100a, 0x353e, 0x353f, 0x0aa3, 0x3540, 0x0ece, 0x3541, 0x198c, 0x3542,
    0x3543, 0x3544, 0x198d, 0x19a3, 0x092c, 0x123f, 0x0d13, 0x198e, 0x3545, 0x3546, 0x07ae, 0x0e6f, 0x104d, 0x3547, 0x3548, 0x3549,
    0x354a, 0x354b, 0x354c, 0x354d, 0x354e, 0x198f, 0x354f, 0x08f0, 0x1990, 0x3550, 0x3551, 0x1992, 0x3552, 0x1993, 0x3553, 0x0f3b,
    0x3554, 0x1994, 0x3555, 0x3556, 0x1995, 0x1996, 0x3557, 0x092d, 0x07af, 0x0ef9, 0x0b8e, 0x0b0e, 0x3558, 0x3559, 0x355a, 0x355b,
    0x1997, 0x355c, 0x0b8f, 0x355d, 0x07a6, 0x1011, 0x355e, 0x1998, 0x355f, 0x0fdb, 0x3560, 0x3561, 0x3562, 0x0d23, 0x3563, 0x199b,
    0x3564, 0x199c, 0x0f7b, 0x3565, 0x0c63, 0x1999, 0x0dfb, 0x3566, 0x3567, 0x199a, 0x3568, 0x0c12, 0x3569, 0x356a, 0x06fc, 0x356b,
    0x089f, 0x356c, 0x356d, 0x356e, 0x199d, 0x356f, 0x3570, 0x0e70, 0x3571, 0x199e, 0x0cc7, 0x3572, 0x1115, 0x3573, 0x0ff1, 0x199f,
    0x19a0, 0x0def, 0x3574, 0x11eb, 0x3575, 0x19a2, 0x19a1, 0x3576, 0x3577, 0x3578, 0x3579, 0x0b77, 0x357a, 0x357b, 0x19a4, 0x0710,
    0x357c, 0x357d, 0x19a7, 0x357e, 0x357f, 0x3580, 0x19a5, 0x07b0, 0x0980, 0x19a6, 0x0a34, 0x0a60, 0x1092, 0x19a8, 0x3581, 0x3582,
    0x10de, 0x3583, 0x3584, 0x19aa, 0x3585, 0x0cd1, 0x074d, 0x0796, 0x06cc, 0x3586, 0x3587, 0x19a9, 0x3588, 0x3589, 0x358a, 0x358b,
    0x358c, 0x19ab, 0x19ac, 0x0c3b, 0x358d, 0x358e, 0x19ad, 0x358f, 0x0809, 0x3590, 0x19af, 0x099c, 0x3591, 0x08dc, 0x3592, 0x19b0,
    0x0949, 0x19b1, 0x3593, 0x0cfc, 0x3594, 0x0f01, 0x3595, 0x0ce0, 0x0ac1, 0x3596, 0x3597, 0x19b2, 0x3598, 0x3599, 0x359a, 0x359b,
    0x0dfc, 0x0d49, 0x359c, 0x19b4, 0x19b6, 0x19b3, 0x19b5, 0x359d, 0x0954, 0x359e, 0x359f, 0x19b7, 0x0958, 0x35a0, 0x08dd, 0x1198,
    0x19b9, 0x35a1, 0x35a2, 0x19ba, 0x35a3, 0x072c, 0x35a4, 0x35a5, 0x19bd, 0x0830, 0x19bc, 0x19bb, 0x35a6, 0x19bf, 0x19b8, 0x35a7,
    0x19c0, 0x11cd, 0x35a8, 0x19c1, 0x35a9, 0x19c2, 0x35aa, 0x144c, 0x19c4, 0x19c3, 0x19c5, 0x19c6, 0x35ab, 0x11d9, 0x19c7, 0x1e8f,
    0x0c13, 0x19c8, 0x19c9, 0x0bbd, 0x0eec, 0x19ca, 0x4275, 0x35ac, 0x35ad, 0x0dc2, 0x35ae, 0x35af, 0x19cb, 0x0dd6, 0x19cc, 0x35b0,
    0x35b1, 0x08f9, 0x12fd, 0x0df7, 0x0b3b, 0x35b2, 0x35b3, 0x35b4, 0x0860, 0x19cd, 0x19da, 0x19d0, 0x35b5, 0x08de, 0x19cf, 0x19dc,
    0x19ce, 0x0c14, 0x35b6, 0x19d2, 0x19d3, 0x0e81, 0x19d4, 0x35b7, 0x0818, 0x35b8, 0x0c7c, 0x1032, 0x35b9, 0x19d6, 0x35ba, 0x35bb,
    0x35bc, 0x0da4, 0x35bd, 0x35be, 0x35bf, 0x35c0, 0x35c1, 0x19d1, 0x35c2, 0x19d5, 0x19d7, 0x0ac7, 0x35c3, 0x35c4, 0x35c5, 0x35c6,
    0x19de, 0x0ffc, 0x35c7, 0x0f96, 0x0ecf, 0x092e, 0x19dd, 0x19db, 0x35c8, 0x0fa5, 0x19d8, 0x0df8, 0x0ed1, 0x0ed0, 0x35c9, 0x0ac2,
    0x19f0, 0x35ca, 0x35cb, 0x19e0, 0x35cc, 0x19e2, 0x35cd, 0x35ce, 0x19e5, 0x35cf, 0x19e6, 0x35d0, 0x19e3, 0x19e4, 0x35d1, 0x35d2,
    0x19e1, 0x19df, 0x35d3, 0x19d9, 0x35d4, 0x107b, 0x07b1, 0x35d5, 0x19ed, 0x19ea, 0x35d6, 0x19ef, 0x35d7, 0x35d8, 0x19ee, 0x0f85,
    0x110f, 0x35d9, 0x0ae5, 0x19e8, 0x19f1, 0x19ec, 0x35da, 0x19eb, 0x19e7, 0x35db, 0x19e9, 0x35dc, 0x0861, 0x35dd, 0x0dd7, 0x35de,
    0x0cfd, 0x35df, 0x35e0, 0x0f92, 0x35e1, 0x19f6, 0x35e2, 0x35e3, 0x0f94, 0x35e4, 0x35e5, 0x35e6, 0x35e7, 0x0ce1, 0x19f3, 0x35e8,
    0x0fbf, 0x35e9, 0x19f7, 0x107f, 0x35ea, 0x0df5, 0x35eb, 0x19f2, 0x19f4, 0x19f5, 0x35ec, 0x35ed, 0x35ee, 0x35ef, 0x35f0, 0x35f1,
    0x19f8, 0x0b4c, 0x0efa, 0x19fd, 0x19fc, 0x35f2, 0x19f9, 0x35f3, 0x1238, 0x35f4, 0x1a02, 0x35f5, 0x35f6, 0x1a06, 0x1a03, 0x35f7,
    0x35f8, 0x35f9, 0x35fa, 0x35fb, 0x19ff, 0x35fc, 0x35fd, 0x35fe, 0x35ff, 0x3600, 0x1a00, 0x3601, 0x3602, 0x3603, 0x1a05, 0x3604,
    0x3605, 0x19fa, 0x1371, 0x1a01, 0x19fb, 0x1a04, 0x3606, 0x3607, 0x1a0a, 0x3608, 0x0862, 0x1a07, 0x3609, 0x360a, 0x1a08, 0x360b,
    0x1a09, 0x1a0c, 0x360c, 0x360d, 0x360e, 0x360f, 0x3610, 0x1a0b, 0x0fe6, 0x3611, 0x3612, 0x1a0d, 0x1220, 0x1099, 0x1a12, 0x1a0f,
    0x3613, 0x3614, 0x1a0e, 0x0cd2, 0x1a11, 0x1a13, 0x3616, 0x3617, 0x3618, 0x1a10, 0x3615, 0x1a17, 0x1a14, 0x3619, 0x361a, 0x361b,
    0x361c, 0x361d, 0x361e, 0x1a15, 0x19fe, 0x361f, 0x3620, 0x1a16, 0x1a18, 0x3621, 0x3622, 0x1a19, 0x3623, 0x3624, 0x3625, 0x3626,
    0x1072, 0x1a1a, 0x3627, 0x3628, 0x3629, 0x114a, 0x0922, 0x095b, 0x1a1b, 0x362a, 0x362b, 0x1060, 0x0c8a, 0x1118, 0x362c, 0x1a1c,
    0x11d7, 0x362d, 0x0f86, 0x0d24, 0x0f46, 0x0bb3, 0x362e, 0x06e0, 0x362f, 0x1a21, 0x1a1f, 0x1a1d, 0x0839, 0x3630, 0x0c15, 0x1a22,
    0x1a20, 0x1a1e, 0x1a26, 0x3631, 0x1a25, 0x1a24, 0x1a23, 0x3632, 0x3633, 0x1a27, 0x3634, 0x3635, 0x3636, 0x1a28, 0x0cba, 0x3637,
    0x1a29, 0x1a2b, 0x3638, 0x1a2a, 0x3639, 0x363a, 0x363b, 0x09e2, 0x363c, 0x0d16, 0x363d, 0x1a2d, 0x363e, 0x363f, 0x3640, 0x0ed2,
    0x3641, 0x1a2c, 0x3642, 0x3643, 0x1a2e, 0x3644, 0x1061, 0x0d4a, 0x0a35, 0x1a2f, 0x3645, 0x11ec, 0x3646, 0x3647, 0x1a31, 0x1a32,
    0x1a33, 0x3648, 0x1a34, 0x0b0f, 0x1a35, 0x0981, 0x08e0, 0x08a0, 0x1a37, 0x3649, 0x115b, 0x0a36, 0x1a36, 0x364a, 0x364b, 0x364c,
    0x1a3a, 0x114e, 0x0f4e, 0x364d, 0x1001, 0x364e, 0x364f, 0x3650, 0x0bc9, 0x1a39, 0x3651, 0x0b5b, 0x0a37, 0x0b10, 0x08df, 0x1062,
    0x1a38, 0x3652, 0x3653, 0x0d25, 0x10cc, 0x0ac3, 0x3654, 0x3655, 0x3656, 0x0b11, 0x0e55, 0x3657, 0x1a3d, 0x1203, 0x0aa5, 0x3658,
    0x1a3e, 0x0c64, 0x1a40, 0x0c16, 0x0a7c, 0x3659, 0x365a, 0x365b, 0x1a3f, 0x365c, 0x365d, 0x0b90, 0x09ce, 0x0d26, 0x1a3b, 0x1a41,
    0x365e, 0x365f, 0x1a3c, 0x0982, 0x3660, 0x1a44, 0x1a48, 0x099d, 0x3661, 0x3662, 0x1a43, 0x3663, 0x3664, 0x3665, 0x1a4c, 0x3666,
    0x3667, 0x0a38, 0x11b3, 0x06dc, 0x1a49, 0x3668, 0x08e1, 0x3669, 0x1a46, 0x366a, 0x1a47, 0x366b, 0x0ed3, 0x1a45, 0x1a42, 0x07e2,
    0x0ce4, 0x366c, 0x09b8, 0x366d, 0x366e, 0x1a4e, 0x366f, 0x3670, 0x3671, 0x3672, 0x3673, 0x3674, 0x3675, 0x1a4b, 0x3676, 0x3677,
    0x3678, 0x1a4d, 0x3679, 0x1a4a, 0x367a, 0x367b, 0x0983, 0x0d6f, 0x1a4f, 0x0d4c, 0x367c, 0x367d, 0x1a5c, 0x4278, 0x1a58, 0x1a52,
    0x367e, 0x367f, 0x3680, 0x1a56, 0x0b82, 0x06fd, 0x1a51, 0x1a59, 0x1a5d, 0x0a39, 0x113e, 0x3681, 0x0e4e, 0x1a53, 0x3682, 0x3683,
    0x1a5b, 0x3684, 0x1a50, 0x0dd8, 0x1a55, 0x06dd, 0x1132, 0x3685, 0x3686, 0x3687, 0x3688, 0x3689, 0x1a54, 0x092f, 0x0fdc, 0x368a,
    0x368b, 0x368c, 0x0d4b, 0x11f4, 0x0bd5, 0x1a84, 0x4279, 0x368d, 0x1a5e, 0x368e, 0x0cfe, 0x1a5a, 0x1a5f, 0x1a61, 0x0e71, 0x1a64,
    0x3690, 0x1a60, 0x3691, 0x3692, 0x1080, 0x0863, 0x3693, 0x3694, 0x1133, 0x3695, 0x06fe, 0x3696, 0x1a63, 0x1221, 0x3697, 0x3698,
    0x3699, 0x369a, 0x1a62, 0x368f, 0x076d, 0x0f20, 0x1a65, 0x369b, 0x1a6c, 0x1a66, 0x1a6d, 0x369c, 0x369d, 0x1a69, 0x369e, 0x369f,
    0x0f8d, 0x36a0, 0x36a1, 0x0b52, 0x1a6b, 0x36a2, 0x1a68, 0x1a6e, 0x1a67, 0x0baa, 0x36a3, 0x36a4, 0x10af, 0x36a5, 0x36a6, 0x0bb2,
    0x36a7, 0x1a6a, 0x1a76, 0x36a8, 0x1a72, 0x36a9, 0x1a75, 0x1a73, 0x1a77, 0x1a71, 0x1a57, 0x0cd3, 0x36aa, 0x0fbb, 0x1a74, 0x36ab,
    0x36ac, 0x1a6f, 0x36ad, 0x0cff, 0x0984, 0x0b91, 0x36ae, 0x36af, 0x36b0, 0x0c47, 0x0d14, 0x1a7a, 0x36b1, 0x1a7c, 0x1a7d, 0x1a79,
    0x1a7b, 0x36b2, 0x36b3, 0x36b4, 0x36b5, 0x1a70, 0x1a78, 0x1a80, 0x1a7f, 0x36b6, 0x1104, 0x36b7, 0x36b8, 0x095d, 0x36b9, 0x36ba,
    0x1a7e, 0x1a82, 0x1a81, 0x1a85, 0x36bb, 0x1a87, 0x36bc, 0x0ae6, 0x1a83, 0x36bd, 0x36be, 0x1a88, 0x1a89, 0x36bf, 0x1a8a, 0x36c0,
    0x1a90, 0x0e91, 0x1a8c, 0x36c1, 0x1a8b, 0x1a8d, 0x1a8e, 0x36c2, 0x1a8f, 0x36c3, 0x36c4, 0x1a91, 0x1a92, 0x36c5, 0x36c6, 0x0864,
    0x1a93, 0x1a94, 0x36c8, 0x36c7, 0x36c9, 0x36ca, 0x36cb, 0x36cc, 0x36cd, 0x1a95, 0x36ce, 0x1a96, 0x1a97, 0x1a98, 0x36cf, 0x1a99,
    0x1a9a, 0x36d0, 0x36d1, 0x1a9c, 0x1a9b, 0x1a9d, 0x36d2, 0x36d3, 0x36d4, 0x1a9e, 0x1a9f, 0x36d5, 0x36d6, 0x36d7, 0x36d8, 0x36d9,
    0x1aa2, 0x1aa0, 0x1aa1, 0x0aad, 0x0985, 0x36da, 0x0df0, 0x0fa3, 0x36db, 0x0bd6, 0x0f5f, 0x0fdd, 0x1aa3, 0x15bd, 0x36dc, 0x36dd,
    0x36de, 0x36df, 0x1aa4, 0x1aa6, 0x11ab, 0x1aa5, 0x1aa8, 0x1aa7, 0x1199, 0x36e0, 0x1aa9, 0x36e1, 0x0fee, 0x36e2, 0x36e3, 0x36e4,
    0x1aaa, 0x36e5, 0x36e6, 0x1aad, 0x36e7, 0x1aac, 0x1aab, 0x36e8, 0x36e9, 0x1aae, 0x0964, 0x36ea, 0x0d00, 0x08b7, 0x36eb, 0x36ec,
    0x1ab2, 0x1aaf, 0x1ab0, 0x36ed, 0x1ab3, 0x1ab4, 0x1ab1, 0x36ee, 0x0727, 0x36ef, 0x36f0, 0x0783, 0x36f1, 0x1ab6, 0x1ab7, 0x36f2,
    0x1ab8, 0x11a8, 0x36f3, 0x36f4, 0x0b92, 0x1aba, 0x1ab9, 0x36f5, 0x36f6, 0x0c8b, 0x1abb, 0x36f7, 0x36f8, 0x1abc, 0x36f9, 0x1abd,
    0x087d, 0x36fa, 0x36fb, 0x36fc, 0x0865, 0x36fd, 0x1abe, 0x1abf, 0x36fe, 0x10e7, 0x11a9, 0x36ff, 0x3700, 0x3701, 0x119a, 0x1239,
    0x0a3b, 0x1ac2, 0x0b5c, 0x1ac1, 0x3702, 0x3703, 0x3704, 0x1ac3, 0x0b31, 0x3705, 0x3706, 0x3707, 0x0d8d, 0x3708, 0x1ac4, 0x3709,
    0x370a, 0x0a3a, 0x370b, 0x113f, 0x1ac5, 0x1ac6, 0x1ac7, 0x370c, 0x370d, 0x370e, 0x370f, 0x1ac8, 0x3710, 0x3711, 0x1ac9, 0x3712,
    0x3713, 0x3714, 0x0b32, 0x3715, 0x3716, 0x1155, 0x3717, 0x3718, 0x3719, 0x1acb, 0x371a, 0x0dd9, 0x371b, 0x1aca, 0x371c, 0x371d,
    0x1acd, 0x1acc, 0x1ace, 0x0cbb, 0x1acf, 0x1ad0, 0x1065, 0x1ad1, 0x371e, 0x0d4d, 0x1ad2, 0x371f, 0x3720, 0x1ad3, 0x3721, 0x1222,
    0x1ad6, 0x3722, 0x1ad5, 0x1ad4, 0x0e28, 0x3723, 0x1ad7, 0x0c48, 0x1ad8, 0x1ad9, 0x123a, 0x1ada, 0x3724, 0x1adb, 0x1add, 0x1adc,
    0x0f95, 0x3725, 0x0f2d, 0x1240, 0x0f99, 0x3726, 0x1adf, 0x0c17, 0x0ff8, 0x1ae0, 0x1ade, 0x3727, 0x0866, 0x3728, 0x09e4, 0x0b12,
    0x0fde, 0x3729, 0x372a, 0x09ba, 0x10cd, 0x372b, 0x1ae3, 0x1ae1, 0x0a3c, 0x0a3d, 0x0709, 0x0ab4, 0x372c, 0x372d, 0x0f6b, 0x06ff,
    0x1ae8, 0x0dda, 0x372e, 0x0f6a, 0x372f, 0x0d97, 0x3730, 0x3731, 0x3732, 0x3733, 0x1aea, 0x3734, 0x3735, 0x1ae6, 0x1ae9, 0x1ae4,
    0x1ae7, 0x10b0, 0x3736, 0x09e5, 0x071d, 0x1ae5, 0x3737, 0x3738, 0x1aec, 0x3739, 0x1aed, 0x373a, 0x373b, 0x0eed, 0x373c, 0x090f,
    0x373d, 0x373e, 0x1af8, 0x0f4f, 0x373f, 0x0b13, 0x3740, 0x0910, 0x0cc8, 0x1248, 0x1116, 0x1aeb, 0x0cd4, 0x3741, 0x3742, 0x3743,
    0x3744, 0x08c9, 0x1aee, 0x3745, 0x3746, 0x3747, 0x1af0, 0x3748, 0x3749, 0x1aef, 0x374a, 0x1af1, 0x374b, 0x0dc0, 0x0f50, 0x374c,
    0x0e29, 0x374d, 0x374e, 0x1af5, 0x374f, 0x1af4, 0x3750, 0x3751, 0x1af2, 0x3752, 0x0c77, 0x1033, 0x1af7, 0x3753, 0x1af6, 0x0a3e,
    0x1255, 0x3754, 0x1b07, 0x3755, 0x3756, 0x1afb, 0x1afc, 0x3757, 0x3758, 0x3759, 0x0b78, 0x375a, 0x1afa, 0x375b, 0x0a66, 0x1af9,
    0x1afd, 0x375c, 0x0e2a, 0x104e, 0x0d01, 0x0d98, 0x1b01, 0x375d, 0x1b02, 0x1afe, 0x375f, 0x3760, 0x3761, 0x1aff, 0x1b00, 0x3762,
    0x3763, 0x0a3f, 0x375e, 0x1b08, 0x1b04, 0x3764, 0x3765, 0x1034, 0x3766, 0x10f6, 0x0ff6, 0x3767, 0x1b03, 0x3768, 0x1b06, 0x1b05,
    0x10ce, 0x1b09, 0x3769, 0x1b0a, 0x376a, 0x0d15, 0x376b, 0x1b0b, 0x1b0d, 0x1b11, 0x376c, 0x1b0e, 0x1b0c, 0x0f51, 0x1b0f, 0x1b10,
    0x376e, 0x376f, 0x078e, 0x1b17, 0x1b12, 0x3770, 0x376d, 0x1b13, 0x3771, 0x3772, 0x1b14, 0x0d5d, 0x3773, 0x3774, 0x1b16, 0x1b15,
    0x1b18, 0x3775, 0x3776, 0x3777, 0x1b19, 0x1b1a, 0x3778, 0x0c65, 0x3779, 0x07c5, 0x1b1b, 0x11fb, 0x0b33, 0x377a, 0x377b, 0x0b93,
    0x377c, 0x377d, 0x377e, 0x0b14, 0x0df1, 0x377f, 0x3780, 0x3781, 0x3782, 0x1b1c, 0x1b1d, 0x072f, 0x3783, 0x1b1e, 0x3784, 0x3785,
    0x1b1f, 0x1b20, 0x3786, 0x1b21, 0x1b22, 0x0911, 0x1636, 0x1b23, 0x0ce5, 0x1b24, 0x0b53, 0x3787, 0x1b25, 0x1290, 0x3788, 0x3789,
    0x1b26, 0x108a, 0x0874, 0x378a, 0x378b, 0x0d02, 0x0bbe, 0x378c, 0x103f, 0x0b94, 0x378d, 0x378e, 0x378f, 0x1b27, 0x0a40, 0x1b28,
    0x0fbc, 0x1b36, 0x3790, 0x1b2a, 0x3791, 0x0d85, 0x0f87, 0x09cf, 0x1b29, 0x0d03, 0x3792, 0x1b2b, 0x3793, 0x3794, 0x3795, 0x3796,
    0x0e72, 0x3797, 0x3798, 0x3799, 0x379a, 0x379b, 0x1b2d, 0x1b2c, 0x1b2f, 0x379c, 0x1b2e, 0x1b30, 0x379d, 0x1b32, 0x379e, 0x1b31,
    0x0867, 0x379f, 0x1b33, 0x1b34, 0x1b35, 0x37a0, 0x0a7d, 0x11ed, 0x1b37, 0x0c49, 0x37a1, 0x076e, 0x1b38, 0x1b39, 0x37a2, 0x37a3,
    0x1b3a, 0x37a4, 0x37a5, 0x37a6, 0x37a7, 0x37a8, 0x37a9, 0x37aa, 0x37ab, 0x0712, 0x1b3b, 0x37ac, 0x37ad, 0x1b3c, 0x37ae, 0x37af,
    0x37b0, 0x1035, 0x37b1, 0x37b2, 0x0b4f, 0x1b3e, 0x37b3, 0x37b4, 0x37b5, 0x37b6, 0x07e3, 0x06d2, 0x37b7, 0x37b8, 0x37b9, 0x37ba,
    0x1b3d, 0x1b40, 0x0f60, 0x37bb, 0x0c66, 0x37bc, 0x07b2, 0x37bd, 0x10b1, 0x37be, 0x37bf, 0x098f, 0x0930, 0x37c0, 0x1b3f, 0x37c1,
    0x07c6, 0x37c2, 0x37c3, 0x083b, 0x37c4, 0x37c5, 0x076f, 0x1b44, 0x120e, 0x0d99, 0x37c6, 0x1012, 0x1b50, 0x37c7, 0x07b3, 0x1b4e,
    0x1b4c, 0x1b43, 0x37c8, 0x1b41, 0x37c9, 0x1b42, 0x37ca, 0x0b6b, 0x0940, 0x0e11, 0x37cb, 0x37cc, 0x0f05, 0x37cd, 0x37ce, 0x074f,
    0x1b46, 0x1b45, 0x37cf, 0x37d0, 0x1b4b, 0x1b47, 0x1b4a, 0x37d1, 0x37d2, 0x37d3, 0x37d4, 0x1138, 0x1b49, 0x07b4, 0x0837, 0x1b4d,
    0x37d5, 0x37d6, 0x1b4f, 0x37d7, 0x37d8, 0x0986, 0x1b53, 0x1b5c, 0x1b5d, 0x37da, 0x06cb, 0x37db, 0x37dc, 0x37dd, 0x37de, 0x37df,
    0x1b64, 0x0711, 0x1b5b, 0x37e0, 0x37e1, 0x37e2, 0x1b5a, 0x37e3, 0x1b55, 0x1b54, 0x37e4, 0x1b52, 0x1b51, 0x0dfd, 0x37e5, 0x0db7,
    0x1b57, 0x37e6, 0x37e7, 0x37e8, 0x1b56, 0x37e9, 0x37ea, 0x37eb, 0x1b59, 0x37ec, 0x0d4e, 0x0987, 0x37ed, 0x37ee, 0x073f, 0x1b58,
    0x37ef, 0x0a41, 0x3812, 0x37d9, 0x37f0, 0x37f1, 0x37f2, 0x0d4f, 0x427b, 0x37f3, 0x1b6a, 0x1b6b, 0x07b5, 0x37f4, 0x078a, 0x1b68,
    0x37f5, 0x37f6, 0x37f7, 0x37f8, 0x37f9, 0x1b5e, 0x37fa, 0x1b66, 0x1b6d, 0x1b67, 0x37fb, 0x1b65, 0x37fc, 0x1b48, 0x37fd, 0x37fe,
    0x1b63, 0x37ff, 0x3800, 0x1b5f, 0x3801, 0x3802, 0x3803, 0x0868, 0x1b61, 0x1b6c, 0x1b62, 0x3804, 0x3805, 0x1b6e, 0x3806, 0x1b60,
    0x0f8e, 0x3807, 0x3820, 0x11af, 0x1b69, 0x1b7f, 0x3808, 0x3809, 0x380a, 0x1b77, 0x0c9d, 0x380b, 0x380c, 0x08bc, 0x0931, 0x1b72,
    0x380d, 0x380e, 0x380f, 0x07b7, 0x3810, 0x0c18, 0x1b75, 0x0aa6, 0x3811, 0x0ea7, 0x1b7a, 0x3813, 0x109a, 0x3814, 0x1b71, 0x07b6,
    0x09e6, 0x0ff7, 0x1b7b, 0x1b6f, 0x3815, 0x1b78, 0x3816, 0x3817, 0x1b82, 0x3818, 0x1b73, 0x3819, 0x1b74, 0x0eee, 0x381a, 0x1b79,
    0x381b, 0x1b76, 0x10b2, 0x1b7c, 0x0700, 0x381c, 0x381d, 0x1b70, 0x381e, 0x381f, 0x1b7e, 0x1b7d, 0x0f7d, 0x1b84, 0x1b8f, 0x3821,
    0x0838, 0x1b92, 0x1b80, 0x3822, 0x1b85, 0x11b4, 0x3823, 0x1b8e, 0x3824, 0x3825, 0x119b, 0x3826, 0x3827, 0x11ce, 0x3828, 0x3829,
    0x382a, 0x382b, 0x0e12, 0x382c, 0x382d, 0x382e, 0x0825, 0x382f, 0x3830, 0x1040, 0x1b94, 0x0ed5, 0x3831, 0x3832, 0x06d1, 0x3833,
    0x1b8d, 0x3834, 0x1b89, 0x0d50, 0x1b83, 0x1b8b, 0x1b90, 0x3835, 0x0f3e, 0x3836, 0x3837, 0x06ca, 0x3838, 0x1b88, 0x3839, 0x1b91,
    0x1046, 0x383a, 0x383b, 0x383c, 0x1b8c, 0x1b87, 0x383d, 0x0c19, 0x0b95, 0x383e, 0x383f, 0x0b34, 0x3840, 0x1140, 0x1015, 0x3841,
    0x1b97, 0x1ba0, 0x3842, 0x3843, 0x3844, 0x3845, 0x1b8a, 0x3846, 0x3847, 0x0831, 0x3848, 0x0c3c, 0x1b95, 0x3849, 0x1b9a, 0x0d51,
    0x384a, 0x384b, 0x1b96, 0x384c, 0x1b9d, 0x384d, 0x0df9, 0x1b9e, 0x384e, 0x384f, 0x119c, 0x1b93, 0x07f2, 0x3850, 0x1b99, 0x3851,
    0x1b9c, 0x1114, 0x3852, 0x1b9f, 0x1b98, 0x1b9b, 0x3853, 0x3854, 0x3855, 0x10b3, 0x1223, 0x3856, 0x3857, 0x3858, 0x3859, 0x1ba3,
    0x385a, 0x385c, 0x385d, 0x1baa, 0x385e, 0x1ba2, 0x0b4b, 0x385f, 0x3860, 0x1b81, 0x3861, 0x3862, 0x3863, 0x3864, 0x107a, 0x110a,
    0x1ba9, 0x1ba8, 0x1ba4, 0x1ba5, 0x0734, 0x3865, 0x3866, 0x1ba7, 0x1ba1, 0x3867, 0x3868, 0x3869, 0x386a, 0x0e4d, 0x386b, 0x386c,
    0x386d, 0x1ba6, 0x071e, 0x386e, 0x385b, 0x386f, 0x3870, 0x0d5e, 0x3871, 0x106f, 0x3872, 0x1bab, 0x1baf, 0x0fc9, 0x3873, 0x1bae,
    0x0c1a, 0x0b51, 0x1bb1, 0x0912, 0x3874, 0x3875, 0x3876, 0x3877, 0x3878, 0x1bb2, 0x3879, 0x1047, 0x1bad, 0x387a, 0x1b86, 0x387b,
    0x387c, 0x387d, 0x387e, 0x387f, 0x3880, 0x3881, 0x1bac, 0x3882, 0x1251, 0x0ed6, 0x1041, 0x3883, 0x1bb9, 0x3884, 0x1bbf, 0x3885,
    0x3886, 0x3887, 0x3888, 0x1bc0, 0x3889, 0x1bb3, 0x388a, 0x0f88, 0x388b, 0x388c, 0x1bbd, 0x1bb5, 0x388d, 0x1bb7, 0x388e, 0x388f,
    0x3890, 0x1bc1, 0x1bb6, 0x3891, 0x1bba, 0x0770, 0x3892, 0x0f19, 0x1bbb, 0x1bbe, 0x3893, 0x3894, 0x3895, 0x3896, 0x1bb4, 0x3897,
    0x0d04, 0x3898, 0x1bb8, 0x0ad1, 0x0c67, 0x0962, 0x115c, 0x38a6, 0x1161, 0x0bd8, 0x427d, 0x3899, 0x389a, 0x389b, 0x389c, 0x1bc5,
    0x1bc3, 0x389d, 0x389e, 0x389f, 0x38a0, 0x1250, 0x38a1, 0x38a2, 0x1bc2, 0x38a3, 0x38a4, 0x11bb, 0x38a5, 0x1bc4, 0x1bc6, 0x1bc7,
    0x38a7, 0x38a8, 0x1bca, 0x1bc8, 0x38a9, 0x38aa, 0x0ed7, 0x1bc9, 0x38ab, 0x38ac, 0x0fbd, 0x1bbc, 0x38ad, 0x38ae, 0x38af, 0x0bd9,
    0x1bcb, 0x1bd0, 0x0d52, 0x38b0, 0x1bcf, 0x38b1, 0x38b2, 0x1bb0, 0x38b3, 0x38b4, 0x1bd1, 0x0d27, 0x1bcc, 0x1bce, 0x38b5, 0x38b6,
    0x38b7, 0x38b8, 0x38b9, 0x1bcd, 0x1757, 0x1748, 0x38ba, 0x38bb, 0x1bd3, 0x38bc, 0x38bd, 0x38be, 0x1bd2, 0x38bf, 0x38c0, 0x11bc,
    0x1938, 0x1bd4, 0x38c1, 0x38c2, 0x38c3, 0x38c4, 0x38c5, 0x1bd5, 0x38c6, 0x2c7a, 0x38c7, 0x38c8, 0x1bd6, 0x09e7, 0x08ca, 0x38c9,
    0x38ca, 0x1bd8, 0x131b, 0x38cb, 0x38cc, 0x38cd, 0x38ce, 0x08eb, 0x11de, 0x38cf, 0x0947, 0x1bd9, 0x38d0, 0x38d1, 0x38d2, 0x38d3,
    0x38d4, 0x1bda, 0x38d5, 0x0e08, 0x38d6, 0x38d7, 0x1bdb, 0x38d8, 0x38d9, 0x38da, 0x0f2e, 0x38db, 0x06da, 0x38fd, 0x07bf, 0x1be0,
    0x1be1, 0x38dc, 0x38dd, 0x1bdc, 0x0ae7, 0x38de, 0x38df, 0x38e0, 0x38e1, 0x38e2, 0x1bdd, 0x0f54, 0x38e3, 0x38e4, 0x38e5, 0x1bde,
    0x1bdf, 0x1be9, 0x38e6, 0x1be3, 0x1be6, 0x38e7, 0x38e8, 0x38e9, 0x38ea, 0x1be2, 0x38eb, 0x38ec, 0x38ed, 0x38ee, 0x38ef, 0x38f0,
    0x38f1, 0x1be4, 0x38f2, 0x1be5, 0x0b60, 0x1be7, 0x0ddb, 0x0988, 0x07fc, 0x38f3, 0x38f4, 0x1bea, 0x38f5, 0x38f6, 0x07f9, 0x38f7,
    0x1bef, 0x38f8, 0x1beb, 0x1bee, 0x38f9, 0x38fa, 0x0faa, 0x38fb, 0x38fc, 0x1bec, 0x1bed, 0x1016, 0x0fca, 0x1bf0, 0x0db9, 0x1bfa,
    0x38fe, 0x1bf6, 0x38ff, 0x3900, 0x07c7, 0x1bf4, 0x10b4, 0x1bf5, 0x3901, 0x3902, 0x1bf2, 0x3903, 0x1bf3, 0x1bf8, 0x1bfb, 0x3904,
    0x1bf9, 0x3905, 0x3906, 0x3907, 0x1bf7, 0x1bf1, 0x3908, 0x3909, 0x0df2, 0x390a, 0x1c02, 0x1112, 0x390b, 0x390c, 0x390d, 0x390e,
    0x1c00, 0x390f, 0x1c01, 0x3910, 0x3911, 0x3912, 0x3913, 0x1bfc, 0x1bfe, 0x3914, 0x3915, 0x1bff, 0x3916, 0x3917, 0x3918, 0x1bfd,
    0x3919, 0x391a, 0x391b, 0x0ce6, 0x123b, 0x1c06, 0x391c, 0x1c07, 0x1c0d, 0x0c4c, 0x1c09, 0x391d, 0x1c0c, 0x391e, 0x1c04, 0x1c03,
    0x391f, 0x1c0e, 0x3920, 0x3921, 0x07b8, 0x1c0a, 0x1c0f, 0x1c0b, 0x3922, 0x3923, 0x3924, 0x1c08, 0x0e2b, 0x1c05, 0x3925, 0x0f7a,
    0x1c13, 0x3926, 0x3927, 0x3928, 0x3929, 0x392a, 0x392b, 0x392c, 0x392d, 0x392e, 0x1181, 0x392f, 0x3930, 0x3931, 0x3932, 0x3933,
    0x3934, 0x3935, 0x1c12, 0x3936, 0x1c11, 0x3937, 0x3938, 0x1c1a, 0x3939, 0x393a, 0x393b, 0x1c14, 0x393c, 0x1c1c, 0x393d, 0x11ac,
    0x1c1f, 0x1c16, 0x393e, 0x393f, 0x1c17, 0x3940, 0x1c1b, 0x1c1e, 0x1c1d, 0x3941, 0x3942, 0x3943, 0x1c15, 0x3944, 0x1c18, 0x1c29,
    0x3945, 0x3946, 0x3947, 0x3948, 0x3949, 0x394a, 0x1c22, 0x394b, 0x394c, 0x394d, 0x394e, 0x394f, 0x3950, 0x1c20, 0x3951, 0x1c21,
    0x3952, 0x1c26, 0x1c27, 0x3953, 0x07e4, 0x3954, 0x08b8, 0x1c25, 0x3955, 0x3956, 0x3957, 0x1c10, 0x3958, 0x4280, 0x3959, 0x395a,
    0x395b, 0x1c24, 0x1c28, 0x1c23, 0x395c, 0x1c2a, 0x395e, 0x395f, 0x3960, 0x1c2c, 0x1c2b, 0x3961, 0x395d, 0x3962, 0x3963, 0x3964,
    0x3965, 0x3966, 0x1c2e, 0x1c2d, 0x1be8, 0x1c32, 0x3967, 0x3968, 0x3969, 0x396a, 0x1c2f, 0x396b, 0x396c, 0x1c30, 0x1c31, 0x396d,
    0x1c33, 0x396e, 0x099e, 0x396f, 0x1c35, 0x3970, 0x1c34, 0x3971, 0x0b96, 0x3972, 0x3973, 0x3974, 0x3975, 0x0a42, 0x17ab, 0x3976,
    0x3977, 0x1c36, 0x0bb7, 0x3978, 0x3979, 0x07f3, 0x397a, 0x1c37, 0x397b, 0x0750, 0x397c, 0x0c1b, 0x1c38, 0x397d, 0x397e, 0x0a43,
    0x1c39, 0x0701, 0x397f, 0x100b, 0x3980, 0x1c3a, 0x0c8c, 0x3981, 0x1c41, 0x1c3e, 0x0e09, 0x3982, 0x3983, 0x1c3f, 0x1c3c, 0x0932,
    0x3984, 0x1c3b, 0x1c42, 0x0968, 0x0d9a, 0x1c48, 0x1c44, 0x0d71, 0x1c43, 0x3985, 0x1c46, 0x3986, 0x3987, 0x3988, 0x1c3d, 0x3989,
    0x398a, 0x1c47, 0x1c49, 0x398b, 0x398c, 0x0fdf, 0x1c45, 0x1c4a, 0x1c4c, 0x09e3, 0x1c40, 0x06e1, 0x398d, 0x398e, 0x398f, 0x1c4b,
    0x3990, 0x0aa7, 0x121a, 0x1c4d, 0x1c4e, 0x0d53, 0x3991, 0x3992, 0x3993, 0x3994, 0x3995, 0x11c6, 0x3996, 0x3997, 0x3998, 0x1c4f,
    0x117b, 0x1c50, 0x1c51, 0x3999, 0x1090, 0x1c52, 0x399a, 0x0a8c, 0x11c7, 0x399b, 0x1c57, 0x399c, 0x399d, 0x399e, 0x1c58, 0x0c1c,
    0x1c56, 0x399f, 0x39a0, 0x11ad, 0x1c53, 0x1c55, 0x0cbd, 0x0ca0, 0x39a1, 0x1c54, 0x1c59, 0x39a2, 0x104f, 0x1c5b, 0x1c5a, 0x39a3,
    0x39a4, 0x39a5, 0x0826, 0x10b5, 0x1c5c, 0x39a6, 0x39a7, 0x39a8, 0x39a9, 0x39aa, 0x39ab, 0x1c68, 0x1c5e, 0x39ac, 0x1c5f, 0x39ad,
    0x39ae, 0x39af, 0x1c60, 0x1c61, 0x39b0, 0x39b1, 0x39b2, 0x39b3, 0x1c65, 0x1c66, 0x39b4, 0x39b5, 0x1c64, 0x39b6, 0x39b7, 0x1c62,
    0x39b8, 0x1c5d, 0x1c63, 0x39b9, 0x39ba, 0x39bb, 0x1c67, 0x1e57, 0x39bc, 0x39bd, 0x0784, 0x39be, 0x39bf, 0x39c0, 0x39c1, 0x1c6a,
    0x0933, 0x1c69, 0x39c2, 0x39c3, 0x39c4, 0x1c6c, 0x1c6b, 0x1c6e, 0x39c5, 0x1c6d, 0x39c6, 0x1c6f, 0x39c7, 0x0b97, 0x39c8, 0x1c70,
    0x39c9, 0x1c71, 0x39ca, 0x39cb, 0x39cc, 0x39cd, 0x1c72, 0x0cbe, 0x119d, 0x1c73, 0x1050, 0x0f58, 0x1c74, 0x39ce, 0x1c75, 0x09bb,
    0x39cf, 0x08a2, 0x39d0, 0x1c76, 0x39d1, 0x39d2, 0x0b15, 0x0f53, 0x1c77, 0x080a, 0x39d3, 0x39d4, 0x39d5, 0x39d6, 0x1c78, 0x39d7,
    0x1c7a, 0x11bd, 0x1c79, 0x0c68, 0x1c7b, 0x1c7c, 0x39d8, 0x1c7d, 0x0869, 0x39d9, 0x39da, 0x39db, 0x39dc, 0x1c7e, 0x39dd, 0x1c7f,
    0x1c80, 0x1c81, 0x080b, 0x39de, 0x39df, 0x39e0, 0x39e1, 0x39e2, 0x1c82, 0x1c83, 0x1c84, 0x07ce, 0x39e3, 0x0c4a, 0x1c85, 0x39e4,
    0x39e5, 0x39e6, 0x39e7, 0x39e8, 0x1c86, 0x39e9, 0x1c87, 0x39ea, 0x39eb, 0x39ec, 0x09d0, 0x0e73, 0x1c88, 0x39ed, 0x39ee, 0x39ef,
    0x0989, 0x0c78, 0x1c8b, 0x0ed8, 0x39f0, 0x1c8a, 0x39f1, 0x39f2, 0x0963, 0x39f3, 0x39f4, 0x1c89, 0x0db3, 0x08a3, 0x1c8c, 0x1c8d,
    0x39f5, 0x0c1d, 0x39f6, 0x39f7, 0x099f, 0x39f8, 0x1c8e, 0x39f9, 0x10b6, 0x39fa, 0x39fb, 0x0cdf, 0x39fc, 0x08ec, 0x115d, 0x0d28,
    0x39fd, 0x1c8f, 0x39fe, 0x0c69, 0x0e0a, 0x0c1e, 0x39ff, 0x3a00, 0x3a01, 0x1c90, 0x3a02, 0x3a03, 0x1c93, 0x3a04, 0x1c94, 0x3a05,
    0x3a06, 0x3a07, 0x0a8a, 0x0d7e, 0x1c92, 0x3a08, 0x0c1f, 0x100c, 0x3a09, 0x3a0a, 0x3a0b, 0x1c91, 0x3a0c, 0x3a0d, 0x0b16, 0x0751,
    0x3a0e, 0x1c98, 0x098a, 0x3a0f, 0x0b18, 0x3a10, 0x0b17, 0x124f, 0x1c97, 0x1c96, 0x0d05, 0x08c3, 0x1245, 0x07f4, 0x0c20, 0x3a11,
    0x3a12, 0x3a13, 0x3a14, 0x3a15, 0x3a16, 0x1c95, 0x3a17, 0x3a18, 0x3a19, 0x1c9a, 0x3a1a, 0x1c9b, 0x1c99, 0x3a1b, 0x09e8, 0x1186,
    0x3a1c, 0x0b19, 0x0f39, 0x3a1d, 0x3a1e, 0x1c9e, 0x3a1f, 0x0cc0, 0x0ddc, 0x3a20, 0x3a21, 0x117c, 0x3a22, 0x1ca1, 0x09fc, 0x3a23,
    0x0cbf, 0x1c9d, 0x1ca2, 0x09fd, 0x1c9f, 0x1ca0, 0x3a24, 0x1c9c, 0x3a25, 0x0ce2, 0x0efd, 0x3a26, 0x3a27, 0x0dc9, 0x07b9, 0x3a28,
    0x3a29, 0x3a2a, 0x0fe0, 0x3a2b, 0x08b9, 0x3a2c, 0x0e2c, 0x1ca5, 0x3a2d, 0x1ca3, 0x3a2e, 0x0de6, 0x3a2f, 0x3a30, 0x3a31, 0x0cc1,
    0x086a, 0x1ca4, 0x0c7d, 0x3a32, 0x11ee, 0x3a33, 0x3a34, 0x3a35, 0x1242, 0x3a36, 0x1ca6, 0x1cb1, 0x0e2d, 0x3a37, 0x1cb0, 0x3a38,
    0x1cad, 0x1cb5, 0x1cae, 0x1caa, 0x0e74, 0x1ca9, 0x1ca7, 0x3a39, 0x1167, 0x0b1a, 0x3a3a, 0x1cab, 0x1ca8, 0x3a3b, 0x3a3c, 0x3a3d,
    0x1caf, 0x0bda, 0x09d1, 0x3a3e, 0x0db6, 0x3a3f, 0x10cf, 0x0758, 0x0702, 0x0ed9, 0x3a40, 0x3a41, 0x1cb3, 0x3a47, 0x3a42, 0x1cb2,
    0x0f1a, 0x1cb7, 0x3a43, 0x1cac, 0x1cb6, 0x1cb8, 0x09bc, 0x1cb4, 0x0a44, 0x3a44, 0x0b5d, 0x3a45, 0x3a46, 0x1cb9, 0x119e, 0x1cbc,
    0x1cbf, 0x1cbd, 0x1003, 0x3a48, 0x3a49, 0x1cba, 0x3a4a, 0x0934, 0x3a4b, 0x1cbe, 0x1cc0, 0x3a4c, 0x3a4d, 0x3a4e, 0x3a4f, 0x3a50,
    0x3a51, 0x1cc4, 0x1cc1, 0x3a56, 0x1cc3, 0x1cc2, 0x3a52, 0x3a53, 0x3a54, 0x1cc5, 0x0b39, 0x3a55, 0x1cc7, 0x1cc6, 0x1036, 0x3a57,
    0x1cc9, 0x3a58, 0x098b, 0x1cc8, 0x1cca, 0x3a59, 0x1ccb, 0x08ba, 0x1ab5, 0x0c3d, 0x1ccc, 0x3a5a, 0x09fe, 0x3a5b, 0x3a5c, 0x3a5d,
    0x1ccd, 0x3a5e, 0x4282, 0x1cce, 0x3a5f, 0x0ae8, 0x3a60, 0x3a61, 0x165a, 0x3a62, 0x1ccf, 0x3a63, 0x1cd0, 0x3a64, 0x0b98, 0x1cd1,
    0x1cd2, 0x3a65, 0x3a66, 0x1cd3, 0x1cd4, 0x1cd5, 0x3a67, 0x3a68, 0x3a69, 0x0dc5, 0x3a6a, 0x3a6b, 0x1cd6, 0x3a6c, 0x3a6d, 0x1cd8,
    0x1cd7, 0x3a6e, 0x0eda, 0x3a6f, 0x1cd9, 0x3a70, 0x10b7, 0x3a71, 0x1cda, 0x1cdb, 0x3a72, 0x1cdc, 0x3a73, 0x3a74, 0x3a75, 0x1cdd,
    0x3a76, 0x3a77, 0x3a7a, 0x0f0e, 0x3a78, 0x3a79, 0x0c21, 0x1cde, 0x3a7b, 0x3a7c, 0x3a7d, 0x3a7e, 0x3a7f, 0x0a59, 0x128e, 0x1cdf,
    0x3a80, 0x3a81, 0x3a82, 0x3a83, 0x1ce0, 0x100d, 0x1ce1, 0x3a84, 0x1ce9, 0x3a85, 0x1ce2, 0x1ce4, 0x3a86, 0x3a87, 0x1ce3, 0x1ce5,
    0x3a88, 0x10d0, 0x1ce6, 0x1ce7, 0x3a89, 0x3a8a, 0x3a8b, 0x1ce8, 0x1cea, 0x3a8c, 0x3a8d, 0x3a8e, 0x07e7, 0x0e5f, 0x1037, 0x0aae,
    0x0a45, 0x3a8f, 0x101d, 0x07bb, 0x0fbe, 0x1ced, 0x086b, 0x0cd5, 0x1cec, 0x1cf1, 0x0e13, 0x114b, 0x1cef, 0x1cf0, 0x08a4, 0x1cf2,
    0x0f75, 0x0d9b, 0x3a90, 0x3a91, 0x0fe1, 0x0e93, 0x1cee, 0x10d1, 0x07c8, 0x1cf4, 0x122a, 0x0e3a, 0x1247, 0x3a92, 0x3a93, 0x0b1b,
    0x1cf3, 0x3a94, 0x0d6d, 0x3a95, 0x1d04, 0x0d06, 0x3a96, 0x0f2c, 0x101e, 0x3a98, 0x3a97, 0x3a99, 0x1cf7, 0x0ae9, 0x0b1c, 0x3a9a,
    0x0c22, 0x0f77, 0x3a9b, 0x09bd, 0x1cf6, 0x1cf5, 0x1038, 0x3a9c, 0x0b49, 0x3a9d, 0x0ea8, 0x3a9e, 0x3a9f, 0x3aa0, 0x4283, 0x3aa1,
    0x3aa2, 0x3aa3, 0x1cf9, 0x1cfa, 0x0a46, 0x1cf8, 0x3aa4, 0x3aa5, 0x3aa6, 0x3aa7, 0x1cfb, 0x1cfc, 0x1cfe, 0x0d5f, 0x3aa8, 0x1cfd,
    0x087e, 0x1d00, 0x1cff, 0x1d01, 0x3aa9, 0x1d03, 0x1d05, 0x1d06, 0x3aaa, 0x3aab, 0x0cd6, 0x3aac, 0x0b57, 0x1d07, 0x3aad, 0x080c,
    0x3aae, 0x1d08, 0x3aaf, 0x0d54, 0x1d09, 0x1d0a, 0x1039, 0x4284, 0x08a5, 0x3ab0, 0x1d0b, 0x3ab1, 0x3ab2, 0x0e2e, 0x3ab3, 0x0759,
    0x3ab4, 0x3ab5, 0x3ab6, 0x3ab7, 0x1d0c, 0x3ab8, 0x3ab9, 0x3aba, 0x0b79, 0x3abb, 0x0c98, 0x3abc, 0x3abd, 0x3abe, 0x3abf, 0x0d69,
    0x3ac0, 0x3ac1, 0x3ac2, 0x1d0f, 0x3ac3, 0x3ad5, 0x1d0e, 0x3ac4, 0x1d0d, 0x3ac5, 0x3ac6, 0x3ac7, 0x3ac8, 0x3ac9, 0x1d15, 0x1d13,
    0x3aca, 0x1d10, 0x3acb, 0x3acc, 0x3acd, 0x1d12, 0x3ace, 0x3acf, 0x1d11, 0x1d14, 0x08ed, 0x1d18, 0x0cd7, 0x1d19, 0x3ad0, 0x3ad1,
    0x3ad2, 0x09e9, 0x1d16, 0x1d17, 0x3ad3, 0x122b, 0x3ad4, 0x3ad6, 0x3ad7, 0x0e2f, 0x3ad8, 0x0d07, 0x1d1a, 0x3ad9, 0x1d1d, 0x3ada,
    0x3adb, 0x3adc, 0x3add, 0x1d1b, 0x1d1c, 0x119f, 0x3ade, 0x0edb, 0x1d20, 0x3adf, 0x3ae0, 0x3ae1, 0x1d1e, 0x1d1f, 0x1d21, 0x3ae2,
    0x3ae3, 0x3ae4, 0x3ae5, 0x3ae6, 0x3ae7, 0x1d2f, 0x1d24, 0x3ae8, 0x3ae9, 0x1d25, 0x1d23, 0x3aea, 0x3aeb, 0x3aec, 0x3aed, 0x3aee,
    0x3aef, 0x3af0, 0x1d22, 0x0e75, 0x1d27, 0x1d2b, 0x1d28, 0x1d26, 0x3af1, 0x1d29, 0x3af2, 0x3af3, 0x3af4, 0x1d2a, 0x3af5, 0x1d31,
    0x1d2c, 0x3af6, 0x3af7, 0x3af8, 0x3af9, 0x0cd8, 0x1d2e, 0x3afa, 0x3afb, 0x1d30, 0x1d2d, 0x3afc, 0x3afd, 0x3afe, 0x3aff, 0x3b00,
    0x3b01, 0x1d33, 0x0b99, 0x1d32, 0x3b02, 0x3b03, 0x3b04, 0x1d34, 0x1d35, 0x3b05, 0x3b06, 0x1d38, 0x1d37, 0x1d36, 0x3b07, 0x1d3a,
    0x1d39, 0x115e, 0x3b08, 0x1d3c, 0x3b09, 0x1d3b, 0x1d3d, 0x3b0a, 0x1d3e, 0x3b0b, 0x3b0c, 0x3b0d, 0x3b0e, 0x1d40, 0x3b0f, 0x3b10,
    0x3b11, 0x1d3f, 0x0c6a, 0x1d41, 0x3b12, 0x3b13, 0x0941, 0x1d42, 0x1d44, 0x3b14, 0x3b15, 0x3b16, 0x3b17, 0x1d45, 0x3b18, 0x3b19,
    0x3b1a, 0x3b1b, 0x1d46, 0x1d43, 0x3b1c, 0x1d47, 0x0b5e, 0x1d48, 0x08a6, 0x0965, 0x3b1d, 0x3b1e, 0x09be, 0x3b1f, 0x1d49, 0x3b20,
    0x0f24, 0x0e94, 0x1d4a, 0x3b21, 0x1d4d, 0x3b28, 0x3b22, 0x3b23, 0x3b24, 0x3b25, 0x0b3c, 0x3b26, 0x3b27, 0x1d4c, 0x1d4b, 0x098c,
    0x1d4e, 0x3b29, 0x3b2a, 0x080d, 0x1d50, 0x3b2b, 0x3b2c, 0x0aa8, 0x1d4f, 0x1d58, 0x3b2d, 0x3b2e, 0x1d52, 0x1d54, 0x1091, 0x1d51,
    0x3b2f, 0x3b30, 0x3b31, 0x1d53, 0x1d57, 0x1d55, 0x08a7, 0x3b32, 0x1d56, 0x3b33, 0x3b34, 0x3b35, 0x3b36, 0x1d59, 0x3b37, 0x3b38,
    0x0f6c, 0x11fc, 0x3b39, 0x3b3a, 0x3b3b, 0x0b9a, 0x1d5a, 0x3b3c, 0x3b3d, 0x3b3e, 0x3b3f, 0x1168, 0x1d5c, 0x3b40, 0x1d5b, 0x1d5f,
    0x1187, 0x3b41, 0x3b42, 0x1d5e, 0x3b43, 0x0827, 0x1d5d, 0x1d62, 0x3b44, 0x1d61, 0x1d60, 0x0e88, 0x1d63, 0x3b45, 0x3b46, 0x3b47,
    0x3b48, 0x3b49, 0x3b4a, 0x1d64, 0x3b4b, 0x1d65, 0x3b4c, 0x3b4d, 0x0a5a, 0x0957, 0x1d66, 0x1d67, 0x1d68, 0x3b4e, 0x0c6b, 0x1d69,
    0x3b4f, 0x0b35, 0x1d6a, 0x3b50, 0x3b51, 0x1d6b, 0x3b52, 0x3b53, 0x3b54, 0x133d, 0x133c, 0x1d6c, 0x1a86, 0x1d6d, 0x0dbe, 0x0c4d,
    0x0f52, 0x3b55, 0x3b56, 0x1d6e, 0x3b57, 0x1081, 0x0e4c, 0x0a6c, 0x3b58, 0x0dc3, 0x3b59, 0x3b5a, 0x0728, 0x1102, 0x0c79, 0x3b5b,
    0x3b5c, 0x3b5d, 0x3b5e, 0x0990, 0x3b5f, 0x0935, 0x3b60, 0x3b61, 0x1082, 0x3b62, 0x1d6f, 0x3b63, 0x1d71, 0x3b64, 0x3b65, 0x1d70,
    0x07bc, 0x3b66, 0x0f2a, 0x1d72, 0x0f89, 0x0e89, 0x3b67, 0x1d73, 0x0bb8, 0x3b68, 0x1d75, 0x3b69, 0x3b6a, 0x112a, 0x1d84, 0x1d77,
    0x1d78, 0x3b6b, 0x0e41, 0x3b6c, 0x0d9c, 0x0d55, 0x3b6d, 0x0edc, 0x3b6e, 0x1d76, 0x08cb, 0x3b6f, 0x1d7f, 0x3b70, 0x1d7c, 0x1d89,
    0x0edd, 0x0dfa, 0x1d79, 0x0e76, 0x0ea9, 0x1d7a, 0x1d7e, 0x0c82, 0x3b71, 0x0f79, 0x0e44, 0x3b72, 0x0cc2, 0x1d7d, 0x0d6a, 0x0d60,
    0x1d7b, 0x06c9, 0x1224, 0x1d80, 0x3b73, 0x3b74, 0x3b76, 0x3b77, 0x3b78, 0x0d9d, 0x3b75, 0x0b9b, 0x0c6c, 0x3b79, 0x3b7a, 0x1d82,
    0x1d81, 0x3b7b, 0x070f, 0x1d83, 0x0ffd, 0x1d8b, 0x3b7c, 0x0f0f, 0x0c8d, 0x3b7d, 0x3b7e, 0x0df3, 0x094c, 0x1d8a, 0x117d, 0x073d,
    0x3b7f, 0x1083, 0x07bd, 0x1d85, 0x1d86, 0x1d87, 0x1d88, 0x0eef, 0x0dbd, 0x0703, 0x1d8c, 0x1d8d, 0x1fbb, 0x3b80, 0x0d79, 0x3b81,
    0x1d8e, 0x0771, 0x0d2a, 0x3b82, 0x09bf, 0x11a0, 0x3b83, 0x3b84, 0x1d8f, 0x0e82, 0x3b85, 0x0d56, 0x0b5f, 0x1d90, 0x3b86, 0x1d93,
    0x3b87, 0x0bcb, 0x1d91, 0x0d09, 0x0d08, 0x3b88, 0x0704, 0x11ef, 0x1d95, 0x0fe2, 0x1d97, 0x1d96, 0x1d94, 0x19be, 0x086c, 0x3b89,
    0x1d74, 0x3b8a, 0x1d99, 0x1d98, 0x3b8b, 0x3b8c, 0x3b8d, 0x1d9a, 0x3b8e, 0x117e, 0x3b8f, 0x3b90, 0x3b91, 0x3b92, 0x3b93, 0x3b94,
    0x3b95, 0x3b96, 0x0f15, 0x3b97, 0x10b8, 0x1d9b, 0x0b61, 0x1d9c, 0x3b98, 0x1d9d, 0x3b99, 0x3b9a, 0x3b9b, 0x1d9e, 0x3b9c, 0x0e77,
    0x3b9d, 0x3b9f, 0x070a, 0x3ba0, 0x3ba1, 0x3ba2, 0x3ba3, 0x3ba4, 0x0a47, 0x3b9e, 0x123c, 0x3bad, 0x3ba5, 0x3ba6, 0x3ba7, 0x3ba8,
    0x1da2, 0x3ba9, 0x3baa, 0x4288, 0x3bab, 0x0966, 0x1d9f, 0x1da0, 0x3bac, 0x1042, 0x3baf, 0x080e, 0x3bb0, 0x3bb1, 0x3bb2, 0x117f,
    0x3bae, 0x0913, 0x0eaa, 0x3bb3, 0x3bb4, 0x3bb5, 0x1da3, 0x3bb6, 0x3bb7, 0x3bb8, 0x3bb9, 0x3bba, 0x3bbb, 0x1da4, 0x3bbc, 0x428a,
    0x3bbd, 0x3bbe, 0x3bbf, 0x1da5, 0x3bc0, 0x3bc1, 0x3bc2, 0x3bc3, 0x3bc5, 0x3bc6, 0x3bc4, 0x3bc7, 0x3bc8, 0x0e78, 0x3bc9, 0x3bca,
    0x1da7, 0x3bcb, 0x1da6, 0x3bcc, 0x3bcd, 0x3bce, 0x3bcf, 0x3bd0, 0x3bd1, 0x3bd2, 0x3bd3, 0x3bd4, 0x3bd5, 0x0f07, 0x1da8, 0x0b9c,
    0x0b68, 0x0f6d, 0x0e0b, 0x3bd6, 0x0b7a, 0x3bd7, 0x0c8e, 0x1da9, 0x3bd8, 0x1daa, 0x3bd9, 0x3bda, 0x3bdb, 0x3bdc, 0x0c7f, 0x1dab,
    0x3bdd, 0x1dac, 0x3bde, 0x1dad, 0x11b5, 0x0b9d, 0x3bdf, 0x1daf, 0x1dae, 0x3be0, 0x0a48, 0x0a61, 0x0aea, 0x3be1, 0x3be2, 0x3be3,
    0x3be4, 0x1db2, 0x3be5, 0x3be6, 0x3be7, 0x0bcc, 0x1db1, 0x3be8, 0x1db0, 0x0da5, 0x3be9, 0x09ff, 0x3bea, 0x0cc3, 0x3beb, 0x3bec,
    0x3bed, 0x0fa0, 0x3bee, 0x0b9f, 0x3bef, 0x3bf0, 0x1db3, 0x0c23, 0x3bf1, 0x3bf2, 0x1db6, 0x1db4, 0x3bf3, 0x3bf4, 0x3bf5, 0x1db5,
    0x3bf6, 0x3bf7, 0x3bf8, 0x3bf9, 0x1db8, 0x1db7, 0x3bfa, 0x0c3e, 0x1db9, 0x3bfb, 0x3bfc, 0x3bfd, 0x3bfe, 0x1dba, 0x1dbb, 0x3bff,
    0x3c00, 0x3c01, 0x0fc0, 0x0a9f, 0x0b69, 0x1dbc, 0x1dbd, 0x11c8, 0x0bab, 0x1156, 0x11f0, 0x1dbe, 0x0936, 0x3c02, 0x3c03, 0x1dbf,
    0x3c04, 0x0e79, 0x3c05, 0x3c06, 0x1dc2, 0x0832, 0x0c6d, 0x3c07, 0x1dc0, 0x1dc1, 0x0e58, 0x3c08, 0x3c09, 0x10df, 0x0950, 0x3c0a,
    0x3c0b, 0x3c0c, 0x3c0d, 0x3c0e, 0x3c0f, 0x3c10, 0x3c11, 0x1dc4, 0x1dc5, 0x3c12, 0x3c13, 0x3c14, 0x1dc3, 0x3c15, 0x1dc7, 0x3c16,
    0x3c17, 0x3c18, 0x3c19, 0x3c1a, 0x3c1b, 0x3c1c, 0x3c1d, 0x3c1e, 0x0f13, 0x07fd, 0x3c1f, 0x1dcb, 0x3c20, 0x3c21, 0x1dc8, 0x1dca,
    0x3c22, 0x3c23, 0x3c24, 0x3c25, 0x1dc6, 0x3c26, 0x3c27, 0x3c28, 0x3c29, 0x3c2a, 0x1e11, 0x1dc9, 0x3c2b, 0x3c2c, 0x3c2d, 0x3c2e,
    0x120f, 0x3c2f, 0x3c30, 0x09ea, 0x3c31, 0x3c32, 0x3c33, 0x3c34, 0x3c35, 0x1dd3, 0x3c36, 0x3c37, 0x3c38, 0x0e8a, 0x1dce, 0x3c39,
    0x3c3a, 0x1dd1, 0x1dcf, 0x3c3b, 0x1dd4, 0x3c3c, 0x3c3d, 0x3c3e, 0x1dd5, 0x3c3f, 0x1dcd, 0x3c40, 0x3c41, 0x1dda, 0x0772, 0x3c42,
    0x3c43, 0x1dcc, 0x3c44, 0x3c45, 0x0f9d, 0x1dd0, 0x3c46, 0x0c24, 0x3c47, 0x3c48, 0x3c49, 0x3c4a, 0x3c4b, 0x3c4c, 0x0a49, 0x3c4d,
    0x3c4e, 0x3c4f, 0x3c50, 0x3c51, 0x3c52, 0x3c53, 0x3c54, 0x10d2, 0x3c55, 0x0938, 0x0bac, 0x0ef0, 0x3c56, 0x3c57, 0x3c58, 0x3c59,
    0x3c5a, 0x0d0b, 0x3c5b, 0x1dd8, 0x1dd2, 0x1dd7, 0x3c5c, 0x112b, 0x3c5d, 0x0e30, 0x1dd9, 0x1dd6, 0x3c5e, 0x3c5f, 0x3c60, 0x3c61,
    0x3c62, 0x3c63, 0x3c64, 0x0d0a, 0x3c65, 0x3c66, 0x3c67, 0x1ddd, 0x3c68, 0x1ddc, 0x3c69, 0x3c6a, 0x3c6b, 0x3c6c, 0x3c6d, 0x3c6e,
    0x3c6f, 0x3c70, 0x3c71, 0x3c72, 0x3c73, 0x3c74, 0x3c75, 0x3c76, 0x3c77, 0x3c78, 0x3c79, 0x1ddb, 0x3c7a, 0x10b9, 0x3c7b, 0x3c7c,
    0x3c7d, 0x3c7e, 0x3c7f, 0x3c80, 0x3c81, 0x3c82, 0x3c83, 0x3c84, 0x3c85, 0x0be1, 0x3c86, 0x3c87, 0x3c88, 0x1dde, 0x108b, 0x3c89,
    0x0752, 0x3c8a, 0x3c8b, 0x1014, 0x0e0c, 0x08ee, 0x3c8c, 0x1de0, 0x3c8d, 0x0a4b, 0x3c8e, 0x3c8f, 0x3c90, 0x0ad6, 0x3c91, 0x3c92,
    0x1ddf, 0x0c8f, 0x3c93, 0x3c94, 0x3c95, 0x0c90, 0x1de3, 0x1de5, 0x3c96, 0x3c97, 0x3c98, 0x3c99, 0x0c3f, 0x3c9a, 0x1de4, 0x1de6,
    0x3c9b, 0x3c9c, 0x0927, 0x3c9d, 0x1013, 0x3c9e, 0x3c9f, 0x0b6a, 0x1225, 0x1de2, 0x0ac4, 0x1241, 0x3ca0, 0x3ca1, 0x1de8, 0x3ca2,
    0x3ca3, 0x1de7, 0x1de9, 0x1de1, 0x3ca4, 0x3ca5, 0x3ca6, 0x0f1d, 0x0eab, 0x3ca7, 0x3ca8, 0x3ca9, 0x0e4f, 0x3caa, 0x1dee, 0x3cab,
    0x3cac, 0x3cad, 0x0ddd, 0x1dea, 0x3cae, 0x1deb, 0x3caf, 0x3cb0, 0x3cb1, 0x3cb2, 0x3cb3, 0x095f, 0x3cb4, 0x1ded, 0x3cb5, 0x3cb6,
    0x3cb7, 0x3cb8, 0x3cb9, 0x09c0, 0x3cba, 0x3cbb, 0x1dec, 0x3cbc, 0x0c25, 0x3cbd, 0x3cbe, 0x3cbf, 0x3cc0, 0x3cc1, 0x3cc2, 0x3cc3,
    0x0833, 0x3cc4, 0x3cc5, 0x3cc6, 0x1df2, 0x3cc7, 0x0a8b, 0x0d57, 0x3cc8, 0x0e42, 0x3cc9, 0x3cca, 0x3ccb, 0x3ccc, 0x3ccd, 0x3cce,
    0x07f5, 0x3ccf, 0x3cd5, 0x3cd0, 0x1df0, 0x1df1, 0x0e3b, 0x1def, 0x3cd1, 0x3cd2, 0x3cd3, 0x1df3, 0x3cd4, 0x3cd6, 0x1df9, 0x3cd7,
    0x3cd8, 0x3cd9, 0x3cda, 0x1dfc, 0x3cdb, 0x3cdc, 0x3cdd, 0x3cde, 0x3cdf, 0x1dfb, 0x0e83, 0x3ce0, 0x1df4, 0x1df5, 0x1df8, 0x3ce1,
    0x3ce2, 0x1dfa, 0x3ce3, 0x3ce4, 0x0914, 0x3ce5, 0x1dfd, 0x1df7, 0x3ce6, 0x3ce7, 0x1df6, 0x3ce9, 0x3cea, 0x3ce8, 0x3ceb, 0x3cec,
    0x3ced, 0x3cee, 0x3cef, 0x1e01, 0x3cf0, 0x1e02, 0x3cf1, 0x3cf2, 0x3cf3, 0x3cf4, 0x3cf5, 0x1e03, 0x1e00, 0x1dff, 0x3cf6, 0x3cf7,
    0x3cf8, 0x0c26, 0x0ede, 0x1dfe, 0x3cf9, 0x1e07, 0x1e05, 0x3cfa, 0x3cfb, 0x3cfc, 0x3cfd, 0x3cfe, 0x3cff, 0x1e06, 0x1e04, 0x0db4,
    0x1e08, 0x3d00, 0x3d02, 0x3d01, 0x1e09, 0x3d03, 0x1e0b, 0x3d04, 0x3d05, 0x3d06, 0x3d07, 0x086d, 0x1e0a, 0x1162, 0x3d08, 0x3d09,
    0x1e16, 0x1e0c, 0x3d0a, 0x1e0f, 0x3d0b, 0x1e0d, 0x3d0c, 0x1e0e, 0x3d0d, 0x3d0e, 0x1e10, 0x3d0f, 0x3d10, 0x3d11, 0x3d12, 0x1e12,
    0x3d13, 0x3d14, 0x1e13, 0x1e14, 0x1e17, 0x1e15, 0x1e18, 0x1e1a, 0x1e19, 0x3d16, 0x3d15, 0x0e31, 0x3d17, 0x3d18, 0x3d19, 0x114f,
    0x1e1b, 0x0d0c, 0x3d1a, 0x1e1c, 0x3d1b, 0x1070, 0x1e1d, 0x07e5, 0x3d1c, 0x3d1d, 0x3d1e, 0x073a, 0x086f, 0x428d, 0x086e, 0x1e1e,
    0x1e1f, 0x1e20, 0x1e21, 0x3d1f, 0x3d20, 0x3d21, 0x1e22, 0x3d22, 0x0870, 0x080f, 0x0a4c, 0x0fa6, 0x3d23, 0x1e24, 0x1e23, 0x3d24,
    0x3d25, 0x3d26, 0x1e25, 0x075a, 0x3d27, 0x3d28, 0x1e28, 0x3d29, 0x1e27, 0x1e26, 0x3d2a, 0x1e29, 0x3d2b, 0x1e2c, 0x3d2c, 0x06e7,
    0x3d2d, 0x3d2e, 0x1e2a, 0x3d2f, 0x1e2e, 0x1e2d, 0x3d30, 0x3d31, 0x3d32, 0x3d33, 0x1e30, 0x1e2f, 0x1e31, 0x0ee2, 0x3d34, 0x3d35,
    0x1e32, 0x3d36, 0x3d37, 0x3d38, 0x3d39, 0x1e33, 0x1e35, 0x3d3a, 0x1e34, 0x3d3b, 0x103a, 0x3d3c, 0x3d3d, 0x1e36, 0x3d3e, 0x3d3f,
    0x3d40, 0x3d41, 0x1e37, 0x0ab1, 0x3d42, 0x1e38, 0x1e39, 0x3d43, 0x10d3, 0x3d44, 0x3d45, 0x3d46, 0x3d47, 0x3d48, 0x0d29, 0x3d49,
    0x3d4a, 0x06c4, 0x0d87, 0x3d4b, 0x1e3a, 0x103b, 0x1e3d, 0x1e3b, 0x0a4d, 0x1e3c, 0x09d2, 0x3d4c, 0x3d4d, 0x3d4e, 0x3d4f, 0x3d50,
    0x1071, 0x1e3f, 0x1e41, 0x1e40, 0x1e42, 0x3d51, 0x071f, 0x0c7a, 0x0be2, 0x0871, 0x1e43, 0x0f78, 0x1e45, 0x3d52, 0x0720, 0x1e44,
    0x0e3c, 0x3d53, 0x11f1, 0x0edf, 0x1e3e, 0x11ca, 0x09c1, 0x3d54, 0x3d55, 0x11a1, 0x3d56, 0x3d57, 0x3d58, 0x3d59, 0x3d5a, 0x3d5b,
    0x094d, 0x11d8, 0x095a, 0x3d5c, 0x0d9e, 0x1af3, 0x1e46, 0x07e6, 0x0c91, 0x3d5d, 0x0810, 0x1e48, 0x3d5e, 0x1e49, 0x1e47, 0x0996,
    0x3d5f, 0x0aa9, 0x0c27, 0x3d60, 0x3d61, 0x0721, 0x11fd, 0x3d62, 0x3d63, 0x3d64, 0x1e4b, 0x1d92, 0x3d65, 0x1e4a, 0x3d66, 0x3d67,
    0x1e4e, 0x1e4c, 0x1e4d, 0x3d68, 0x1e4f, 0x1e50, 0x1210, 0x1e51, 0x1e52, 0x3d69, 0x0cc9, 0x0fab, 0x0c9f, 0x087f, 0x1180, 0x07c9,
    0x0b9e, 0x09eb, 0x1e55, 0x3d6a, 0x1e54, 0x0b1d, 0x1e56, 0x1e53, 0x0ad2, 0x3d6b, 0x1e5a, 0x1c19, 0x3d6d, 0x1372, 0x3d6e, 0x0c99,
    0x1e58, 0x3d6f, 0x3d70, 0x3d71, 0x11c9, 0x0f25, 0x0729, 0x3d72, 0x0ce3, 0x0b3e, 0x3d73, 0x1063, 0x3d74, 0x073e, 0x1211, 0x11b1,
    0x1e5b, 0x3d75, 0x0e9b, 0x0b83, 0x3d76, 0x3d77, 0x1e5c, 0x3d78, 0x1e5d, 0x0c6e, 0x1e5e, 0x3d79, 0x1212, 0x1e59, 0x1e60, 0x1e62,
    0x1e61, 0x1e5f, 0x1e63, 0x1e64, 0x3d7a, 0x3d7b, 0x0d58, 0x3d7c, 0x07be, 0x3d7d, 0x3d7e, 0x3d7f, 0x1e65, 0x1120, 0x3d80, 0x1e66,
    0x1e67, 0x3d81, 0x122c, 0x3d82, 0x169b, 0x1e68, 0x4290, 0x1e69, 0x1e6a, 0x3d83, 0x1e6e, 0x3d84, 0x1e6b, 0x1e6c, 0x1e6d, 0x1e6f,
    0x3d85, 0x4291, 0x3d86, 0x3d87, 0x4292, 0x0cc4, 0x3d88, 0x115f, 0x3d89, 0x3d8a, 0x0cc5, 0x3d8b, 0x3d8c, 0x1e70, 0x0fe3, 0x1e71,
    0x1f8d, 0x1134, 0x3d8d, 0x1e72, 0x1e73, 0x3d8e, 0x1e74, 0x0811, 0x3d8f, 0x1e76, 0x0c7b, 0x3d90, 0x1e77, 0x3d91, 0x0956, 0x3d92,
    0x3d93, 0x3d94, 0x1e78, 0x1e7c, 0x3d95, 0x1e7a, 0x3d96, 0x3d97, 0x3d98, 0x1e7b, 0x082d, 0x1e79, 0x1e7d, 0x3d99, 0x1e7e, 0x06e8,
    0x1e7f, 0x1e80, 0x3d9a, 0x3d9b, 0x3d9c, 0x0c28, 0x3d9d, 0x3d9e, 0x1e81, 0x3d9f, 0x3da0, 0x08bd, 0x3da1, 0x1e84, 0x1e83, 0x1e82,
    0x1cbb, 0x3da2, 0x1088, 0x3da3, 0x3da4, 0x3da5, 0x1e85, 0x1e86, 0x3da6, 0x3da7, 0x3da8, 0x3da9, 0x3daa, 0x3dab, 0x3dac, 0x3dad,
    0x3dae, 0x1e87, 0x3daf, 0x3db0, 0x1e88, 0x3db1, 0x1e89, 0x3db2, 0x3db3, 0x1e8a, 0x3db4, 0x3db5, 0x3db6, 0x3db7, 0x3db8, 0x0872,
    0x3db9, 0x3dba, 0x3dbb, 0x3dbc, 0x3dc0, 0x1e8b, 0x3dbd, 0x3dbe, 0x3dbf, 0x3dc1, 0x3dc2, 0x1e8c, 0x0f35, 0x3dc3, 0x3dc4, 0x1e8e,
    0x0797, 0x3dc5, 0x1e91, 0x1e90, 0x3dc6, 0x3dc7, 0x3dc8, 0x0722, 0x0915, 0x1073, 0x0e32, 0x0a6e, 0x0a4e, 0x0bcd, 0x3dc9, 0x0c7e,
    0x3dca, 0x1e93, 0x3dcc, 0x3dcd, 0x1e92, 0x1188, 0x0880, 0x0fc2, 0x0f10, 0x3dce, 0x3dcf, 0x0c9e, 0x11f2, 0x3dcb, 0x098d, 0x3dd0,
    0x3dd1, 0x3dd2, 0x1e96, 0x3dd3, 0x1e95, 0x3ddc, 0x3dd4, 0x3dd5, 0x10d5, 0x0ee0, 0x3dd6, 0x3dd7, 0x3dd8, 0x3dd9, 0x3dda, 0x074e,
    0x3ddb, 0x1e97, 0x1e94, 0x101f, 0x11b0, 0x1e98, 0x3ddd, 0x3dde, 0x1e99, 0x3ddf, 0x3de0, 0x1e9b, 0x0da6, 0x0815, 0x0816, 0x1e9a,
    0x3de1, 0x3de2, 0x3de3, 0x0881, 0x09c2, 0x3de4, 0x3de5, 0x0882, 0x3de6, 0x3de7, 0x0e95, 0x1204, 0x3de8, 0x3de9, 0x3dea, 0x3deb,
    0x09ec, 0x3dec, 0x1e9c, 0x3ded, 0x1e9d, 0x1e9e, 0x1e9f, 0x1ea1, 0x1ea0, 0x1045, 0x1ea2, 0x3dee, 0x3def, 0x3df0, 0x1ea3, 0x3df1,
    0x1ea4, 0x3df2, 0x1ea5, 0x3df3, 0x3df4, 0x3df5, 0x3df6, 0x3df7, 0x3df8, 0x1ea7, 0x1ea6, 0x3df9, 0x1ea8, 0x3dfa, 0x3dfb, 0x0fe4,
    0x1ac0, 0x0c4b, 0x3dfc, 0x08a8, 0x3dfd, 0x3dfe, 0x3dff, 0x3e00, 0x1ea9, 0x3e01, 0x1eaa, 0x1348, 0x1761, 0x0fc3, 0x071b, 0x3e02,
    0x06db, 0x3e03, 0x0b1e, 0x10ba, 0x0c42, 0x3e04, 0x1eab, 0x1147, 0x3e05, 0x3e06, 0x1eac, 0x11a2, 0x0740, 0x0aeb, 0x3e07, 0x1ead,
    0x07ca, 0x1eae, 0x3e08, 0x3e09, 0x3e0a, 0x1eaf, 0x3e0b, 0x3e0c, 0x3e0d, 0x1eb1, 0x1eb2, 0x3e0e, 0x1eb4, 0x1eb0, 0x3e0f, 0x1eb3,
    0x3e10, 0x3e11, 0x0873, 0x3e12, 0x1eb5, 0x1eb6, 0x3e13, 0x3e14, 0x3e15, 0x3e16, 0x3e17, 0x3e18, 0x3e19, 0x3e1a, 0x3e1b, 0x1eb7,
    0x1eb8, 0x3e1c, 0x3e1d, 0x1eb9, 0x1ebb, 0x3e1e, 0x3e1f, 0x3e20, 0x1eba, 0x1ebd, 0x1ec0, 0x3e21, 0x3e22, 0x1ebc, 0x1ebe, 0x1ebf,
    0x3e23, 0x1ec1, 0x0916, 0x3e24, 0x3e25, 0x3e26, 0x3e27, 0x3e28, 0x3e29, 0x3e2a, 0x0b7b, 0x1ec2, 0x1ec3, 0x0a4f, 0x3e2b, 0x3e2c,
    0x4296, 0x3e2d, 0x1ec4, 0x3e2e, 0x07f8, 0x0f61, 0x1ec5, 0x1ec6, 0x3e2f, 0x3e30, 0x3e31, 0x0df4, 0x0f1f, 0x3e32, 0x3e33, 0x3e34,
    0x1ec7, 0x3e35, 0x3e36, 0x0f8f, 0x3e37, 0x0d88, 0x0756, 0x0942, 0x0943, 0x3e38, 0x0e0d, 0x1ecc, 0x0944, 0x3e39, 0x3e3a, 0x07cb,
    0x1ecb, 0x3e3b, 0x3e3c, 0x1ec9, 0x3e3d, 0x1eca, 0x3e3e, 0x1ec8, 0x1ed6, 0x3e3f, 0x3e40, 0x3e41, 0x3e42, 0x1ecd, 0x1ece, 0x3e43,
    0x1ecf, 0x1ed0, 0x3e44, 0x3e45, 0x1ed2, 0x3e46, 0x1ed1, 0x3e47, 0x3e48, 0x0bbf, 0x1ed3, 0x3e49, 0x3e4a, 0x3e4b, 0x1ed5, 0x3e4c,
    0x3e4d, 0x08a9, 0x1ed4, 0x3e4e, 0x3e4f, 0x0d59, 0x09c3, 0x3e50, 0x1ed7, 0x3e51, 0x3e52, 0x3e53, 0x3e54, 0x3e55, 0x3e56, 0x0d89,
    0x1ed8, 0x3e57, 0x3e58, 0x0ee1, 0x3e59, 0x3e5a, 0x3e5b, 0x1ed9, 0x3e5c, 0x1ede, 0x1edc, 0x3e5e, 0x1edb, 0x1edd, 0x3e5f, 0x1eda,
    0x3e5d, 0x3e60, 0x3e61, 0x3e62, 0x1ee0, 0x3e63, 0x3e64, 0x3e65, 0x1edf, 0x3e66, 0x1ee2, 0x0917, 0x1ee1, 0x3e67, 0x1ee3, 0x1ee4,
    0x1ee6, 0x1ee5, 0x1ee7, 0x1ee9, 0x1ee8, 0x0a6a, 0x3e68, 0x3e69, 0x1eea, 0x3e6a, 0x3e6b, 0x1eeb, 0x3e6c, 0x3e6d, 0x3e6e, 0x3e6f,
    0x07f6, 0x3e70, 0x3e71, 0x1eec, 0x3e72, 0x3e73, 0x1eed, 0x3e74, 0x3e75, 0x0c93, 0x3e76, 0x3e77, 0x3e78, 0x1eee, 0x3e79, 0x1eef,
    0x3e7a, 0x1ef0, 0x1ef1, 0x3e7b, 0x3e7c, 0x3e7d, 0x0a50, 0x4297, 0x3e7e, 0x3e7f, 0x1ef2, 0x1ef3, 0x3e80, 0x1ef4, 0x1ef5, 0x3e81,
    0x3e82, 0x1ef6, 0x3e83, 0x3e84, 0x0fa1, 0x1ef8, 0x3e85, 0x0ff4, 0x1ef9, 0x1ef7, 0x1efb, 0x3e86, 0x3e87, 0x1efa, 0x3e88, 0x1efc,
    0x3e89, 0x3e8a, 0x1efd, 0x3e8b, 0x3e8c, 0x3e8d, 0x3e8e, 0x3e8f, 0x3e90, 0x3e91, 0x3e92, 0x1efe, 0x3e93, 0x3e94, 0x3e95, 0x3e96,
    0x3e97, 0x3e98, 0x3e99, 0x3e9a, 0x3e9b, 0x1eff, 0x3e9c, 0x1f00, 0x3e9d, 0x3e9e, 0x1f01, 0x3e9f, 0x1f02, 0x1f03, 0x1f04, 0x3ea0,
    0x1f05, 0x1f06, 0x1f07, 0x1f08, 0x3ea1, 0x3ea2, 0x1f09, 0x1f0a, 0x175b, 0x1f0b, 0x3ea3, 0x3ea4, 0x3ea5, 0x3ea6, 0x3ea7, 0x3ea8,
    0x1a30, 0x08aa, 0x3ea9, 0x07db, 0x0a7e, 0x1f0d, 0x1f0c, 0x110d, 0x3eaa, 0x3eab, 0x3eac, 0x1f0f, 0x1f10, 0x1f0e, 0x1f11, 0x10ec,
    0x3ead, 0x3eae, 0x3eaf, 0x1f12, 0x08f1, 0x3eb0, 0x3eb1, 0x3eb2, 0x3eb3, 0x3eb4, 0x3eb5, 0x3eb6, 0x3eb7, 0x3eb8, 0x3eb9, 0x3eba,
    0x3ebb, 0x1227, 0x4298, 0x3ebc, 0x1f13, 0x3ebd, 0x3ebe, 0x3ebf, 0x3ec0, 0x3ec1, 0x3ec2, 0x1f15, 0x3ec3, 0x3ec4, 0x3ec5, 0x3ec6,
    0x3ec7, 0x3ec8, 0x3ec9, 0x3eca, 0x06de, 0x3ecb, 0x3ecc, 0x1f16, 0x1057, 0x1f14, 0x3ecd, 0x1f17, 0x1f18, 0x3ece, 0x3ecf, 0x3ed0,
    0x1f19, 0x1f1a, 0x3ed1, 0x3ed2, 0x1f1b, 0x3ed3, 0x10f8, 0x0ad7, 0x3ed4, 0x0ac6, 0x0d0d, 0x3ed5, 0x3ed6, 0x3ed7, 0x1f1c, 0x3ed8,
    0x3ed9, 0x1f1f, 0x3eda, 0x3edb, 0x3edc, 0x3edd, 0x1f1d, 0x3ede, 0x1f20, 0x3edf, 0x3ee0, 0x0a01, 0x1f1e, 0x3ee1, 0x1f21, 0x3ee2,
    0x1f22, 0x1f23, 0x1f27, 0x0ad4, 0x3ee3, 0x3ee4, 0x0da0, 0x3ee5, 0x3ee6, 0x1f28, 0x1f25, 0x1f24, 0x1f26, 0x3ee7, 0x3ee8, 0x0991,
    0x3ee9, 0x3eea, 0x3eeb, 0x1f2c, 0x1f2b, 0x1f2a, 0x3eec, 0x06d3, 0x3eed, 0x3eee, 0x3eef, 0x3ef0, 0x3ef1, 0x3ef2, 0x3ef3, 0x3ef4,
    0x1f36, 0x1f32, 0x1f33, 0x1f2f, 0x1f35, 0x3ef5, 0x1f31, 0x081c, 0x3ef6, 0x124e, 0x3ef7, 0x1f34, 0x1f30, 0x1f2e, 0x1f2d, 0x3ef8,
    0x3ef9, 0x3efa, 0x3efb, 0x1f38, 0x3efc, 0x3efd, 0x1f3b, 0x3efe, 0x3eff, 0x1f3a, 0x1f39, 0x3f00, 0x3f01, 0x3f02, 0x3f03, 0x3f04,
    0x1017, 0x1f37, 0x0713, 0x1f3c, 0x3f05, 0x1f3e, 0x3f06, 0x3f07, 0x3f08, 0x0829, 0x1f29, 0x0735, 0x3f09, 0x1f40, 0x3f0a, 0x3f0b,
    0x3f0c, 0x3f0d, 0x1f3f, 0x1f3d, 0x0dc7, 0x3f0e, 0x3f0f, 0x3f10, 0x3f11, 0x3f12, 0x10fa, 0x3f13, 0x3f14, 0x3f15, 0x11fe, 0x3f16,
    0x1f41, 0x3f17, 0x3f1e, 0x3f18, 0x3f19, 0x3f1a, 0x1f42, 0x3f1b, 0x1f43, 0x3f20, 0x3f1c, 0x3f1d, 0x3f1f, 0x3f21, 0x3f22, 0x3f23,
    0x3f24, 0x1f44, 0x3f25, 0x1f45, 0x3f26, 0x0e33, 0x3f27, 0x1f46, 0x0fa7, 0x1f4b, 0x1f47, 0x1f48, 0x3f28, 0x10bb, 0x112c, 0x0f04,
    0x3f29, 0x3f2a, 0x3f2c, 0x1f4c, 0x1f4d, 0x0ef2, 0x1f4a, 0x1f49, 0x3f2b, 0x0786, 0x3f2d, 0x1f55, 0x1f54, 0x3f2e, 0x3f2f, 0x0773,
    0x3f30, 0x3f31, 0x3f32, 0x1f52, 0x1f51, 0x1f4f, 0x0835, 0x1f4e, 0x0b3a, 0x0785, 0x3f33, 0x3f34, 0x3f35, 0x3f36, 0x3f37, 0x3f38,
    0x0a51, 0x3f39, 0x3f3b, 0x1f58, 0x1f57, 0x1f56, 0x3f3c, 0x3f3d, 0x1f53, 0x3f3a, 0x1f59, 0x3f3e, 0x1f5a, 0x3f3f, 0x1f5f, 0x1f5e,
    0x3f40, 0x3f41, 0x1f60, 0x072b, 0x1f5b, 0x1f5c, 0x3f42, 0x0a62, 0x1121, 0x3f44, 0x3f43, 0x1f5d, 0x3f45, 0x3f46, 0x3f47, 0x3f48,
    0x10bc, 0x1f65, 0x3f49, 0x1f61, 0x3f4a, 0x3f4b, 0x1f66, 0x3f4c, 0x3f4d, 0x3f4e, 0x3f4f, 0x3f50, 0x3f51, 0x1f63, 0x1f62, 0x3f52,
    0x3f53, 0x3f54, 0x098e, 0x3f55, 0x3f56, 0x3f57, 0x3f58, 0x3f59, 0x3f5a, 0x1f67, 0x3f5b, 0x1f68, 0x1f69, 0x3f5c, 0x1f64, 0x3f5d,
    0x3f5e, 0x1f50, 0x3f5f, 0x1f6a, 0x0e59, 0x3f60, 0x1f6e, 0x3f61, 0x1f6f, 0x1f6d, 0x3f62, 0x3f63, 0x1f6c, 0x1f72, 0x3f64, 0x1f6b,
    0x1f70, 0x3f65, 0x3f66, 0x3f67, 0x1f71, 0x1f74, 0x3f68, 0x3f69, 0x3f6a, 0x3f6b, 0x1f73, 0x3f6c, 0x3f6d, 0x3f6e, 0x3f6f, 0x3f70,
    0x1f76, 0x3f71, 0x3f72, 0x3f73, 0x1f77, 0x3f74, 0x1f78, 0x3f75, 0x124b, 0x3f76, 0x3f77, 0x1f75, 0x0da7, 0x0ab9, 0x1f79, 0x3f78,
    0x3f7a, 0x3f7b, 0x3f79, 0x3f7c, 0x3f7d, 0x3f7e, 0x3f7f, 0x3f80, 0x3f81, 0x3f82, 0x1f7a, 0x1f7b, 0x3f83, 0x3f84, 0x1f7c, 0x1f7d,
    0x09c4, 0x1f7e, 0x3f85, 0x3f86, 0x3f87, 0x1f7f, 0x0b37, 0x3f88, 0x1f80, 0x3f89, 0x3f8a, 0x3f8b, 0x3f8c, 0x3f8d, 0x1f81, 0x1f82,
    0x1f83, 0x3f8e, 0x3f8f, 0x1f86, 0x1f84, 0x123e, 0x1f85, 0x3f90, 0x1213, 0x3f91, 0x3f92, 0x1f87, 0x3f93, 0x11ff, 0x3f94, 0x1f88,
    0x0f90, 0x3f95, 0x1f89, 0x1f8b, 0x3f96, 0x1f8c, 0x3f97, 0x3f98, 0x3f99, 0x3f9a, 0x3f9b, 0x3f9c, 0x1f8a, 0x0a5b, 0x1135, 0x10ed,
    0x150b, 0x1786, 0x1105, 0x0787, 0x3f9d, 0x3f9e, 0x3f9f, 0x1f8e, 0x08c6, 0x1f8f, 0x1f90, 0x1f91, 0x429a, 0x0a63, 0x1f92, 0x3fa0,
    0x1894, 0x1143, 0x0d9f, 0x1f93, 0x1f95, 0x1f94, 0x3fa1, 0x1f96, 0x3fa2, 0x1f97, 0x3fa3, 0x1f98, 0x3fa4, 0x3fa5, 0x3fa6, 0x1f99,
    0x3fa7, 0x3fa8, 0x3fa9, 0x1f9a, 0x3faa, 0x1f9b, 0x1f9c, 0x3fab, 0x1f9d, 0x1f9e, 0x1f9f, 0x1fa0, 0x3fac, 0x3fad, 0x3fae, 0x1fa1,
    0x1fa2, 0x3faf, 0x0e7a, 0x3fb0, 0x3fb1, 0x3fb2, 0x3fb3, 0x09ed, 0x3fb4, 0x1fa4, 0x3fb5, 0x3fb6, 0x3fb7, 0x3fb8, 0x3fb9, 0x3fba,
    0x0d2b, 0x1fa5, 0x3fbb, 0x3fbc, 0x3fbd, 0x3fbe, 0x1fa6, 0x3fbf, 0x3fc0, 0x3fc1, 0x3fc2, 0x3fc3, 0x3fc4, 0x3fc5, 0x0fef, 0x3fc6,
    0x3fc7, 0x1fa7, 0x3fc8, 0x3fc9, 0x3fca, 0x3fcb, 0x3fcc, 0x3fcd, 0x3fce, 0x1fa8, 0x1991, 0x1d02, 0x1e8d, 0x1fa9, 0x3fcf, 0x1faa,
    0x3fd0, 0x3fd1, 0x3fd2, 0x3fd3, 0x3fd4, 0x3fd5, 0x3fd6, 0x1fac, 0x1fad, 0x1fae, 0x1214, 0x1fab, 0x1faf, 0x1fb0, 0x3fd7, 0x3fd8,
    0x1fb2, 0x1fb1, 0x3fd9, 0x3fda, 0x3fdb, 0x3fdc, 0x3fdd, 0x1fb4, 0x3fde, 0x3fdf, 0x1fb5, 0x1fb3, 0x3fe0, 0x3fe1, 0x11da, 0x3fe2,
    0x3fe3, 0x3fe4, 0x3fe5, 0x3fe6, 0x1fb6, 0x3fe7, 0x3fe8, 0x1fb7, 0x19ae, 0x3fe9, 0x1fb8, 0x3fea, 0x3feb, 0x3fec, 0x3fed, 0x2017,
    0x2018, 0x2019, 0x201a, 0x201b, 0x201c, 0x201d, 0x201e, 0x201f, 0x2020, 0x2021, 0x2022, 0x2023, 0x2024, 0x2025, 0x2026, 0x2027,
    0x2028, 0x2029, 0x202a, 0x202b, 0x202c, 0x202d, 0x202e, 0x202f, 0x2030, 0x2031, 0x2032, 0x2033, 0x2034, 0x2035, 0x2036, 0x2037,
    0x2038, 0x2039, 0x203a, 0x203b, 0x203c, 0x203d, 0x203e, 0x203f, 0x2040, 0x2041, 0x2042, 0x2043, 0x2044, 0x2045, 0x2046, 0x2047,
    0x2048, 0x2049, 0x204a, 0x204b, 0x204c, 0x204d, 0x204e, 0x204f, 0x2050, 0x2051, 0x2052, 0x2053, 0x2054, 0x2055, 0x2056, 0x2057,
    0x2058, 0x2059, 0x205a, 0x205b, 0x205c, 0x205d, 0x205e, 0x205f, 0x2060, 0x2061, 0x2062, 0x2063, 0x2064, 0x2065, 0x2066, 0x2067,
    0x2068, 0x2069, 0x206a, 0x206b, 0x206c, 0x206d, 0x206e, 0x206f, 0x2070, 0x2071, 0x2072, 0x2073, 0x2074, 0x2075, 0x2076, 0x2077,
    0x2078, 0x2079, 0x207a, 0x207b, 0x207c, 0x207d, 0x207e, 0x207f, 0x2080, 0x2081, 0x2082, 0x2083, 0x2084, 0x2085, 0x2086, 0x2087,
    0x2088, 0x2089, 0x208a, 0x208b, 0x208c, 0x208d, 0x208e, 0x208f, 0x2090, 0x2091, 0x2092, 0x2093, 0x2094, 0x2095, 0x2096, 0x2097,
    0x2098, 0x2099, 0x209a, 0x209b, 0x209c, 0x209d, 0x209e, 0x209f, 0x20a0, 0x20a1, 0x20a2, 0x20a3, 0x20a4, 0x20a5, 0x20a6, 0x20a7,
    0x20a8, 0x20a9, 0x20aa, 0x20ab, 0x20ac, 0x20ad, 0x20ae, 0x20af, 0x20b0, 0x20b1, 0x20b2, 0x20b3, 0x20b4, 0x20b5, 0x20b6, 0x20b7,
    0x20b8, 0x20b9, 0x20ba, 0x20bb, 0x20bc, 0x20bd, 0x20be, 0x20bf, 0x20c0, 0x20c1, 0x20c2, 0x20c3, 0x20c4, 0x20c5, 0x20c6, 0x20c7,
    0x20c8, 0x20c9, 0x20ca, 0x20cb, 0x20cc, 0x20cd, 0x20ce, 0x20cf, 0x20d0, 0x20d1, 0x20d2, 0x20d3, 0x20d4, 0x20d5, 0x20d6, 0x20d7,
    0x20d8, 0x20d9, 0x20da, 0x20db, 0x20dc, 0x20dd, 0x20de, 0x20df, 0x20e0, 0x20e1, 0x20e2, 0x20e3, 0x20e4, 0x20e5, 0x20e6, 0x20e7,
    0x20e8, 0x20e9, 0x20ea, 0x20eb, 0x20ec, 0x20ed, 0x20ee, 0x20ef, 0x20f0, 0x20f1, 0x20f2, 0x20f3, 0x20f4, 0x20f5, 0x20f6, 0x20f7,
    0x20f8, 0x20f9, 0x20fa, 0x20fb, 0x20fc, 0x20fd, 0x20fe, 0x20ff, 0x2100, 0x2101, 0x2102, 0x2103, 0x2104, 0x2105, 0x2106, 0x2107,
    0x2108, 0x2109, 0x210a, 0x210b, 0x210c, 0x210d, 0x210e, 0x210f, 0x2110, 0x2111, 0x2112, 0x2113, 0x2114, 0x2115, 0x2116, 0x2117,
    0x2118, 0x2119, 0x211a, 0x211b, 0x211c, 0x211d, 0x211e, 0x211f, 0x2120, 0x2121, 0x2122, 0x2123, 0x2124, 0x2125, 0x2126, 0x2127,
    0x2128, 0x2129, 0x212a, 0x212b, 0x212c, 0x212d, 0x212e, 0x212f, 0x2130, 0x2131, 0x2132, 0x2133, 0x2134, 0x2135, 0x2136, 0x2137,
    0x2138, 0x2139, 0x213a, 0x213b, 0x213c, 0x213d, 0x213e, 0x213f, 0x2140, 0x2141, 0x2142, 0x2143, 0x2144, 0x2145, 0x2146, 0x2147,
    0x2148, 0x2149, 0x214a, 0x214b, 0x214c, 0x214d, 0x214e, 0x214f, 0x2150, 0x2151, 0x2152, 0x2153, 0x2154, 0x2155, 0x2156, 0x2157,
    0x2158, 0x2159, 0x215a, 0x215b, 0x215c, 0x215d, 0x215e, 0x215f, 0x2160, 0x2161, 0x2162, 0x2163, 0x2164, 0x2165, 0x2166, 0x2167,
    0x2168, 0x2169, 0x216a, 0x216b, 0x216c, 0x216d, 0x216e, 0x216f, 0x2170, 0x2171, 0x2172, 0x2173, 0x2174, 0x2175, 0x2176, 0x2177,
    0x2178, 0x2179, 0x217a, 0x217b, 0x217c, 0x217d, 0x217e, 0x217f, 0x2180, 0x2181, 0x2182, 0x2183, 0x2184, 0x2185, 0x2186, 0x2187,
    0x2188, 0x2189, 0x218a, 0x218b, 0x218c, 0x218d, 0x218e, 0x218f, 0x2190, 0x2191, 0x2192, 0x2193, 0x2194, 0x2195, 0x2196, 0x2197,
    0x2198, 0x2199, 0x219a, 0x219b, 0x219c, 0x219d, 0x219e, 0x219f, 0x21a0, 0x21a1, 0x21a2, 0x21a3, 0x21a4, 0x21a5, 0x21a6, 0x21a7,
    0x21a8, 0x21a9, 0x21aa, 0x21ab, 0x21ac, 0x21ad, 0x21ae, 0x21af, 0x21b0, 0x21b1, 0x21b2, 0x21b3, 0x21b4, 0x21b5, 0x21b6, 0x21b7,
    0x21b8, 0x21b9, 0x21ba, 0x21bb, 0x21bc, 0x21bd, 0x21be, 0x21bf, 0x21c0, 0x21c1, 0x21c2, 0x21c3, 0x21c4, 0x21c5, 0x21c6, 0x21c7,
    0x21c8, 0x21c9, 0x21ca, 0x21cb, 0x21cc, 0x21cd, 0x21ce, 0x21cf, 0x21d0, 0x21d1, 0x21d2, 0x21d3, 0x21d4, 0x21d5, 0x21d6, 0x21d7,
    0x21d8, 0x21d9, 0x21da, 0x21db, 0x21dc, 0x21dd, 0x21de, 0x21df, 0x21e0, 0x21e1, 0x21e2, 0x21e3, 0x21e4, 0x21e5, 0x21e6, 0x21e7,
    0x21e8, 0x21e9, 0x21ea, 0x21eb, 0x21ec, 0x21ed, 0x21ee, 0x21ef, 0x21f0, 0x21f1, 0x21f2, 0x21f3, 0x21f4, 0x21f5, 0x21f6, 0x21f7,
    0x21f8, 0x21f9, 0x21fa, 0x21fb, 0x21fc, 0x21fd, 0x21fe, 0x21ff, 0x2200, 0x2201, 0x2202, 0x2203, 0x2204, 0x2205, 0x2206, 0x2207,
    0x2208, 0x2209, 0x220a, 0x220b, 0x220c, 0x220d, 0x220e, 0x220f, 0x2210, 0x2211, 0x2212, 0x2213, 0x2214, 0x2215, 0x2216, 0x2217,
    0x2218, 0x2219, 0x221a, 0x221b, 0x221c, 0x221d, 0x221e, 0x221f, 0x2220, 0x2221, 0x2222, 0x2223, 0x2224, 0x2225, 0x2226, 0x2227,
    0x2228, 0x2229, 0x222a, 0x222b, 0x222c, 0x222d, 0x222e, 0x222f, 0x2230, 0x2231, 0x2232, 0x2233, 0x2234, 0x2235, 0x2236, 0x2237,
    0x2238, 0x2239, 0x223a, 0x223b, 0x223c, 0x223d, 0x223e, 0x223f, 0x2240, 0x2241, 0x2242, 0x2243, 0x2244, 0x2245, 0x2246, 0x2247,
    0x2248, 0x2249, 0x224a, 0x224b, 0x224c, 0x224d, 0x224e, 0x224f, 0x2250, 0x2251, 0x2252, 0x2253, 0x2254, 0x2255, 0x2256, 0x2257,
    0x2258, 0x2259, 0x225a, 0x225b, 0x225c, 0x225d, 0x225e, 0x225f, 0x2260, 0x2261, 0x2262, 0x2263, 0x2264, 0x2265, 0x2266, 0x2267,
    0x2268, 0x2269, 0x226a, 0x226b, 0x226c, 0x226d, 0x226e, 0x226f, 0x2270, 0x2271, 0x2272, 0x2273, 0x2274, 0x2275, 0x2276, 0x2277,
    0x2278, 0x2279, 0x227a, 0x227b, 0x227c, 0x227d, 0x227e, 0x227f, 0x2280, 0x2281, 0x2282, 0x2283, 0x2284, 0x2285, 0x2286, 0x2287,
    0x2288, 0x2289, 0x228a, 0x228b, 0x228c, 0x228d, 0x228e, 0x228f, 0x2290, 0x2291, 0x2292, 0x2293, 0x2294, 0x2295, 0x2296, 0x2297,
    0x2298, 0x2299, 0x229a, 0x229b, 0x229c, 0x229d, 0x229e, 0x229f, 0x22a0, 0x22a1, 0x22a2, 0x22a3, 0x22a4, 0x22a5, 0x22a6, 0x22a7,
    0x22a8, 0x22a9, 0x22aa, 0x22ab, 0x22ac, 0x22ad, 0x22ae, 0x22af, 0x22b0, 0x22b1, 0x22b2, 0x22b3, 0x22b4, 0x22b5, 0x22b6, 0x22b7,
    0x22b8, 0x22b9, 0x22ba, 0x22bb, 0x22bc, 0x22bd, 0x22be, 0x22bf, 0x22c0, 0x22c1, 0x22c2, 0x22c3, 0x22c4, 0x22c5, 0x22c6, 0x22c7,
    0x22c8, 0x22c9, 0x22ca, 0x22cb, 0x22cc, 0x22cd, 0x22ce, 0x22cf, 0x22d0, 0x22d1, 0x22d2, 0x22d3, 0x22d4, 0x22d5, 0x22d6, 0x22d7,
    0x22d8, 0x22d9, 0x22da, 0x22db, 0x22dc, 0x22dd, 0x22de, 0x22df, 0x22e0, 0x22e1, 0x22e2, 0x22e3, 0x22e4, 0x22e5, 0x22e6, 0x22e7,
    0x22e8, 0x22e9, 0x22ea, 0x22eb, 0x22ec, 0x22ed, 0x22ee, 0x22ef, 0x22f0, 0x22f1, 0x22f2, 0x22f3, 0x22f4, 0x22f5, 0x22f6, 0x22f7,
    0x22f8, 0x22f9, 0x22fa, 0x22fb, 0x22fc, 0x22fd, 0x22fe, 0x22ff, 0x2300, 0x2301, 0x2302, 0x2303, 0x2304, 0x2305, 0x2306, 0x2307,
    0x2308, 0x2309, 0x230a, 0x230b, 0x230c, 0x230d, 0x230e, 0x230f, 0x2310, 0x2311, 0x2312, 0x2313, 0x2314, 0x2315, 0x2316, 0x2317,
    0x2318, 0x2319, 0x231a, 0x231b, 0x231c, 0x231d, 0x231e, 0x231f, 0x2320, 0x2321, 0x2322, 0x2323, 0x2324, 0x2325, 0x2326, 0x2327,
    0x2328, 0x2329, 0x232a, 0x232b, 0x232c, 0x232d, 0x232e, 0x232f, 0x2330, 0x2331, 0x2332, 0x2333, 0x2334, 0x2335, 0x2336, 0x2337,
    0x2338, 0x2339, 0x233a, 0x233b, 0x233c, 0x233d, 0x233e, 0x233f, 0x2340, 0x2341, 0x2342, 0x2343, 0x2344, 0x2345, 0x2346, 0x2347,
    0x2348, 0x2349, 0x234a, 0x234b, 0x234c, 0x234d, 0x234e, 0x234f, 0x2350, 0x2351, 0x2352, 0x2353, 0x2354, 0x2355, 0x2356, 0x2357,
    0x2358, 0x2359, 0x235a, 0x235b, 0x235c, 0x235d, 0x235e, 0x235f, 0x2360, 0x2361, 0x2362, 0x2363, 0x2364, 0x2365, 0x2366, 0x2367,
    0x2368, 0x2369, 0x236a, 0x236b, 0x236c, 0x236d, 0x236e, 0x236f, 0x2370, 0x2371, 0x2372, 0x2373, 0x2374, 0x2375, 0x2376, 0x2377,
    0x2378, 0x2379, 0x237a, 0x237b, 0x237c, 0x237d, 0x237e, 0x237f, 0x2380, 0x2381, 0x2382, 0x2383, 0x2384, 0x2385, 0x2386, 0x2387,
    0x2388, 0x2389, 0x238a, 0x238b, 0x238c, 0x238d, 0x238e, 0x238f, 0x2390, 0x2391, 0x2392, 0x2393, 0x2394, 0x2395, 0x2396, 0x2397,
    0x2398, 0x2399, 0x239a, 0x239b, 0x239c, 0x239d, 0x239e, 0x239f, 0x23a0, 0x23a1, 0x23a2, 0x23a3, 0x23a4, 0x23a5, 0x23a6, 0x23a7,
    0x23a8, 0x23a9, 0x23aa, 0x23ab, 0x23ac, 0x23ad, 0x23ae, 0x23af, 0x23b0, 0x23b1, 0x23b2, 0x23b3, 0x23b4, 0x23b5, 0x23b6, 0x23b7,
    0x23b8, 0x23b9, 0x23ba, 0x23bb, 0x23bc, 0x23bd, 0x23be, 0x23bf, 0x23c0, 0x23c1, 0x23c2, 0x429b, 0x429c, 0x429d, 0x429e, 0x429f,
    0x42a0, 0x42a1, 0x42a2, 0x42a3, 0x42a4, 0x42a5, 0x42a6, 0x42a7, 0x42a8, 0x42a9, 0x42aa, 0x42ab, 0x42ac, 0x42ad, 0x42ae, 0x42af,
    0x42b0, 0x42b1, 0x42b2, 0x42b3, 0x42b4, 0x42b5, 0x42b6, 0x42b7, 0x42b8, 0x42b9, 0x42ba, 0x42bb, 0x42bc, 0x42bd, 0x42be, 0x42bf,
    0x42c0, 0x42c1, 0x42c2, 0x42c3, 0x42c4, 0x42c5, 0x42c6, 0x42c7, 0x42c8, 0x42c9, 0x42ca, 0x42cb, 0x42cc, 0x42cd, 0x42ce, 0x42cf,
    0x42d0, 0x42d1, 0x42d2, 0x42d3, 0x42d4, 0x42d5, 0x42d6, 0x42d7, 0x42d8, 0x42d9, 0x42da, 0x42db, 0x42dc, 0x42dd, 0x42de, 0x42df,
    0x42e0, 0x42e1, 0x42e2, 0x42e3, 0x42e4, 0x42e5, 0x42e6, 0x42e7, 0x42e8, 0x42e9, 0x42ea, 0x42eb, 0x42ec, 0x42ed, 0x42ee, 0x42ef,
    0x42f0, 0x42f1, 0x42f2, 0x42f3, 0x42f4, 0x42f5, 0x42f6, 0x42f7, 0x42f8, 0x42f9, 0x42fa, 0x42fb, 0x42fc, 0x42fd, 0x42fe, 0x42ff,
    0x4300, 0x4301, 0x4302, 0x4303, 0x4304, 0x4305, 0x4306, 0x4307, 0x4308, 0x4309, 0x430a, 0x430b, 0x430c, 0x430d, 0x430e, 0x430f,
    0x4310, 0x4311, 0x4312, 0x4313, 0x4314, 0x4315, 0x4316, 0x4317, 0x4318, 0x4319, 0x431a, 0x431b, 0x431c, 0x431d, 0x431e, 0x431f,
    0x4320, 0x4321, 0x4322, 0x4323, 0x4324, 0x4325, 0x4326, 0x4327, 0x4328, 0x4329, 0x432a, 0x432b, 0x432c, 0x432d, 0x432e, 0x432f,
    0x4330, 0x4331, 0x4332, 0x4333, 0x4334, 0x4335, 0x4336, 0x4337, 0x4338, 0x4339, 0x433a, 0x433b, 0x433c, 0x433d, 0x433e, 0x433f,
    0x4340, 0x4341, 0x4342, 0x4343, 0x4344, 0x4345, 0x4346, 0x4347, 0x4348, 0x4349, 0x434a, 0x434b, 0x434c, 0x434d, 0x434e, 0x434f,
    0x4350, 0x4351, 0x4352, 0x4353, 0x4354, 0x4355, 0x4356, 0x4357, 0x4358, 0x4359, 0x435a, 0x435b, 0x435c, 0x435d, 0x435e, 0x435f,
    0x4360, 0x4361, 0x4362, 0x4363, 0x4364, 0x4365, 0x4366, 0x4367, 0x4368, 0x4369, 0x436a, 0x436b, 0x436c, 0x436d, 0x436e, 0x436f,
    0x4370, 0x4371, 0x4372, 0x4373, 0x4374, 0x4375, 0x4376, 0x4377, 0x4378, 0x4379, 0x437a, 0x437b, 0x437c, 0x437d, 0x437e, 0x437f,
    0x4380, 0x4381, 0x4382, 0x4383, 0x4384, 0x4385, 0x4386, 0x4387, 0x4388, 0x4389, 0x438a, 0x438b, 0x438c, 0x438d, 0x438e, 0x438f,
    0x4390, 0x4391, 0x4392, 0x4393, 0x4394, 0x4395, 0x4396, 0x4397, 0x4398, 0x4399, 0x439a, 0x439b, 0x439c, 0x439d, 0x439e, 0x439f,
    0x43a0, 0x43a1, 0x43a2, 0x43a3, 0x43a4, 0x43a5, 0x43a6, 0x43a7, 0x43a8, 0x43a9, 0x43aa, 0x43ab, 0x43ac, 0x43ad, 0x43ae, 0x43af,
    0x43b0, 0x43b1, 0x43b2, 0x43b3, 0x43b4, 0x43b5, 0x43b6, 0x43b7, 0x43b8, 0x43b9, 0x43ba, 0x43bb, 0x43bc, 0x43bd, 0x43be, 0x43bf,
    0x43c0, 0x43c1, 0x43c2, 0x43c3, 0x43c4, 0x43c5, 0x43c6, 0x43c7, 0x43c8, 0x43c9, 0x43ca, 0x43cb, 0x43cc, 0x43cd, 0x43ce, 0x43cf,
    0x43d0, 0x43d1, 0x43d2, 0x43d3, 0x43d4, 0x43d5, 0x43d6, 0x43d7, 0x43d8, 0x43d9, 0x43da, 0x43db, 0x43dc, 0x43dd, 0x43de, 0x43df,
    0x43e0, 0x43e1, 0x43e2, 0x43e3, 0x43e4, 0x43e5, 0x43e6, 0x43e7, 0x43e8, 0x43e9, 0x43ea, 0x43eb, 0x43ec, 0x43ed, 0x43ee, 0x43ef,
    0x43f0, 0x43f1, 0x43f2, 0x43f3, 0x43f4, 0x43f5, 0x43f6, 0x43f7, 0x43f8, 0x43f9, 0x43fa, 0x43fb, 0x43fc, 0x43fd, 0x43fe, 0x43ff,
    0x4400, 0x4401, 0x4402, 0x4403, 0x4404, 0x4405, 0x4406, 0x4407, 0x4408, 0x4409, 0x440a, 0x440b, 0x440c, 0x440d, 0x440e, 0x440f,
    0x4410, 0x4411, 0x4412, 0x4413, 0x4414, 0x4415, 0x4416, 0x4417, 0x4418, 0x4419, 0x441a, 0x441b, 0x441c, 0x441d, 0x441e, 0x441f,
    0x4420, 0x4421, 0x4422, 0x4423, 0x4424, 0x4425, 0x4426, 0x4427, 0x4428, 0x4429, 0x442a, 0x442b, 0x442c, 0x442d, 0x442e, 0x442f,
    0x4430, 0x4431, 0x4432, 0x4433, 0x4434, 0x4435, 0x4436, 0x4437, 0x4438, 0x4439, 0x443a, 0x443b, 0x443c, 0x443d, 0x443e, 0x443f,
    0x4440, 0x4441, 0x4442, 0x4443, 0x4444, 0x4445, 0x4446, 0x4447, 0x4448, 0x4449, 0x444a, 0x444b, 0x444c, 0x444d, 0x444e, 0x444f,
    0x4450, 0x4451, 0x4452, 0x4453, 0x4454, 0x4455, 0x4456, 0x4457, 0x4458, 0x4459, 0x445a, 0x445b, 0x445c, 0x445d, 0x445e, 0x445f,
    0x4460, 0x4461, 0x4462, 0x4463, 0x4464, 0x4465, 0x4466, 0x4467, 0x4468, 0x4469, 0x446a, 0x446b, 0x446c, 0x446d, 0x446e, 0x446f,
    0x4470, 0x4471, 0x4472, 0x4473, 0x4474, 0x4475, 0x4476, 0x4477, 0x4478, 0x4479, 0x447a, 0x447b, 0x447c, 0x447d, 0x447e, 0x447f,
    0x4480, 0x4481, 0x4482, 0x4483, 0x4484, 0x4485, 0x4486, 0x4487, 0x4488, 0x4489, 0x448a, 0x448b, 0x448c, 0x448d, 0x448e, 0x448f,
    0x4490, 0x4491, 0x4492, 0x4493, 0x4494, 0x4495, 0x4496, 0x4497, 0x4498, 0x4499, 0x449a, 0x449b, 0x449c, 0x449d, 0x449e, 0x449f,
    0x44a0, 0x44a1, 0x44a2, 0x44a3, 0x44a4, 0x44a5, 0x44a6, 0x44a7, 0x44a8, 0x44a9, 0x44aa, 0x44ab, 0x44ac, 0x44ad, 0x44ae, 0x44af,
    0x44b0, 0x44b1, 0x44b2, 0x44b3, 0x44b4, 0x44b5, 0x44b6, 0x44b7, 0x44b8, 0x44b9, 0x44ba, 0x44bb, 0x44bc, 0x44bd, 0x44be, 0x44bf,
    0x44c0, 0x44c1, 0x44c2, 0x44c3, 0x44c4, 0x44c5, 0x44c6, 0x44c7, 0x44c8, 0x44c9, 0x44ca, 0x44cb, 0x44cc, 0x44cd, 0x44ce, 0x44cf,
    0x44d0, 0x44d1, 0x44d2, 0x44d3, 0x44d4, 0x44d5, 0x44d6, 0x44d7, 0x44d8, 0x44d9, 0x44da, 0x44db, 0x44dc, 0x44dd, 0x44de, 0x44df,
    0x44e0, 0x44e1, 0x44e2, 0x44e3, 0x44e4, 0x44e5, 0x44e6, 0x44e7, 0x44e8, 0x44e9, 0x44ea, 0x44eb, 0x44ec, 0x44ed, 0x44ee, 0x44ef,
    0x44f0, 0x44f1, 0x44f2, 0x44f3, 0x44f4, 0x44f5, 0x44f6, 0x44f7, 0x44f8, 0x44f9, 0x44fa, 0x44fb, 0x44fc, 0x44fd, 0x44fe, 0x44ff,
    0x4500, 0x4501, 0x4502, 0x4503, 0x4504, 0x4505, 0x4506, 0x4507, 0x4508, 0x4509, 0x450a, 0x450b, 0x450c, 0x450d, 0x450e, 0x450f,
    0x4510, 0x4511, 0x4512, 0x4513, 0x4514, 0x4515, 0x4516, 0x4517, 0x4518, 0x4519, 0x451a, 0x451b, 0x451c, 0x451d, 0x451e, 0x451f,
    0x4520, 0x4521, 0x4522, 0x4523, 0x4524, 0x4525, 0x4526, 0x4527, 0x4528, 0x4529, 0x452a, 0x452b, 0x452c, 0x452d, 0x452e, 0x452f,
    0x4530, 0x4531, 0x4532, 0x4533, 0x4534, 0x4535, 0x4536, 0x4537, 0x4538, 0x4539, 0x453a, 0x453b, 0x453c, 0x453d, 0x453e, 0x453f,
    0x4540, 0x4541, 0x4542, 0x4543, 0x4544, 0x4545, 0x4546, 0x4547, 0x4548, 0x4549, 0x454a, 0x454b, 0x454c, 0x454d, 0x454e, 0x454f,
    0x4550, 0x4551, 0x4552, 0x4553, 0x4554, 0x4555, 0x4556, 0x4557, 0x4558, 0x4559, 0x455a, 0x455b, 0x455c, 0x455d, 0x455e, 0x455f,
    0x4560, 0x4561, 0x4562, 0x4563, 0x4564, 0x4565, 0x4566, 0x4567, 0x4568, 0x4569, 0x456a, 0x456b, 0x456c, 0x456d, 0x456e, 0x456f,
    0x4570, 0x4571, 0x4572, 0x4573, 0x4574, 0x4575, 0x4576, 0x4577, 0x4578, 0x4579, 0x457a, 0x457b, 0x457c, 0x457d, 0x457e, 0x457f,
    0x4580, 0x4581, 0x4582, 0x4583, 0x4584, 0x4585, 0x4586, 0x4587, 0x4588, 0x4589, 0x458a, 0x458b, 0x458c, 0x458d, 0x458e, 0x458f,
    0x4590, 0x4591, 0x4592, 0x4593, 0x4594, 0x4595, 0x4596, 0x4597, 0x4598, 0x4599, 0x459a, 0x459b, 0x459c, 0x459d, 0x459e, 0x459f,
    0x45a0, 0x45a1, 0x45a2, 0x45a3, 0x45a4, 0x45a5, 0x45a6, 0x45a7, 0x45a8, 0x45a9, 0x45aa, 0x45ab, 0x45ac, 0x45ad, 0x45ae, 0x45af,
    0x45b0, 0x45b1, 0x45b2, 0x45b3, 0x45b4, 0x45b5, 0x45b6, 0x45b7, 0x45b8, 0x45b9, 0x45ba, 0x45bb, 0x45bc, 0x45bd, 0x45be, 0x45bf,
    0x45c0, 0x45c1, 0x45c2, 0x45c3, 0x45c4, 0x45c5, 0x45c6, 0x45c7, 0x45c8, 0x45c9, 0x45ca, 0x45cb, 0x45cc, 0x45cd, 0x45ce, 0x45cf,
    0x45d0, 0x45d1, 0x45d2, 0x45d3, 0x45d4, 0x45d5, 0x45d6, 0x45d7, 0x45d8, 0x45d9, 0x45da, 0x45db, 0x45dc, 0x45dd, 0x45de, 0x45df,
    0x45e0, 0x45e1, 0x45e2, 0x45e3, 0x45e4, 0x45e5, 0x45e6, 0x45e7, 0x45e8, 0x45e9, 0x45ea, 0x45eb, 0x45ec, 0x45ed, 0x45ee, 0x45ef,
    0x45f0, 0x45f1, 0x45f2, 0x45f3, 0x45f4, 0x45f5, 0x45f6, 0x45f7, 0x45f8, 0x45f9, 0x45fa, 0x45fb, 0x45fc, 0x45fd, 0x45fe, 0x45ff,
    0x4600, 0x4601, 0x4602, 0x4603, 0x4604, 0x4605, 0x4606, 0x4607, 0x4608, 0x4609, 0x460a, 0x460b, 0x460c, 0x460d, 0x460e, 0x460f,
    0x4610, 0x4611, 0x4612, 0x4613, 0x4614, 0x4615, 0x4616, 0x4617, 0x4618, 0x4619, 0x461a, 0x461b, 0x461c, 0x461d, 0x461e, 0x461f,
    0x4620, 0x4621, 0x4622, 0x4623, 0x4624, 0x4625, 0x4626, 0x4627, 0x4628, 0x4629, 0x462a, 0x462b, 0x462c, 0x462d, 0x462e, 0x462f,
    0x4630, 0x4631, 0x4632, 0x4633, 0x4634, 0x4635, 0x4636, 0x4637, 0x4638, 0x4639, 0x463a, 0x463b, 0x463c, 0x463d, 0x463e, 0x463f,
    0x4640, 0x4641, 0x4642, 0x4643, 0x4644, 0x4645, 0x4646, 0x4261, 0x428e, 0x4250, 0x4253, 0x4254, 0x4259, 0x4260, 0x4263, 0x4264,
    0x426a, 0x426b, 0x426f, 0x4271, 0x4272, 0x4273, 0x4274, 0x4276, 0x4277, 0x427a, 0x427c, 0x427e, 0x427f, 0x4281, 0x4285, 0x4286,
    0x4287, 0x4289, 0x428b, 0x428c, 0x428f, 0x4293, 0x4294, 0x4295, 0x4299, 0x0148, 0x4246, 0x0192, 0x018e, 0x0191, 0x0193, 0x4245,
    0x0168, 0x0169, 0x0194, 0x017a, 0x0142, 0x017b, 0x0143, 0x015d, 0x020a, 0x020b, 0x020c, 0x020d, 0x020e, 0x020f, 0x0210, 0x0211,
    0x0212, 0x0213, 0x0145, 0x0146, 0x0181, 0x017f, 0x0182, 0x0147, 0x0195, 0x021b, 0x021c, 0x021d, 0x021e, 0x021f, 0x0220, 0x0221,
    0x0222, 0x0223, 0x0224, 0x0225, 0x0226, 0x0227, 0x0228, 0x0229, 0x022a, 0x022b, 0x022c, 0x022d, 0x022e, 0x022f, 0x0230, 0x0231,
    0x0232, 0x0233, 0x0234, 0x016c, 0x015e, 0x016d, 0x014e, 0x0150, 0x014c, 0x023b, 0x023c, 0x023d, 0x023e, 0x023f, 0x0240, 0x0241,
    0x0242, 0x0243, 0x0244, 0x0245, 0x0246, 0x0247, 0x0248, 0x0249, 0x024a, 0x024b, 0x024c, 0x024d, 0x024e, 0x024f, 0x0250, 0x0251,
    0x0252, 0x0253, 0x0254, 0x016e, 0x0161, 0x016f, 0x015f, 0x0100, 0x0101, 0x0102, 0x0103, 0x0104, 0x0105, 0x0106, 0x0107, 0x0108,
    0x0109, 0x010a, 0x010b, 0x010c, 0x010d, 0x010e, 0x010f, 0x0110, 0x0111, 0x0112, 0x0113, 0x0114, 0x0115, 0x0116, 0x0117, 0x0118,
    0x0119, 0x011a, 0x011b, 0x011c, 0x011d, 0x011e, 0x011f, 0x0120, 0x0121, 0x0122, 0x0123, 0x0124, 0x0125, 0x0126, 0x0127, 0x0128,
    0x0129, 0x012a, 0x012b, 0x012c, 0x012d, 0x012e, 0x012f, 0x0130, 0x0131, 0x0132, 0x0133, 0x0134, 0x0135, 0x0136, 0x0137, 0x0138,
    0x0139, 0x013a, 0x013b, 0x013c, 0x013d, 0x013e, 0x018f, 0x0190, 0x01c8, 0x014f, 0x2443, 0x018d,
];
pub static EXTRA: [(u32, u32, u8); 10] = [
    (0xa2, 0xa1f1, 2), (0xa3, 0xa1f2, 2), (0xa5, 0x5c, 1), (0xa6, 0x8fa2c3, 3),
    (0xac, 0xa2cc, 2), (0x2014, 0xa1bd, 2), (0x2016, 0xa1c2, 2), (0x203e, 0x7e, 1),
    (0x2212, 0xa1dd, 2), (0x301c, 0xa1c1, 2),
];
pub static RDEC: [(u32, u32, u32); 0] = [
];
pub static RENC: [(u32, u32, u32); 0] = [
];

pub static MB: Mb = Mb {
    sets: &[
        Set { prefix: &[], lead_lo: 0x0, lead_hi: 0xff, trail_lo: 0x0, trail_hi: 0x0, nbytes: 1, base: 0, data: &D0 },
        Set { prefix: &[], lead_lo: 0x8e, lead_hi: 0x8e, trail_lo: 0xa1, trail_hi: 0xdf, nbytes: 2, base: 256, data: &D1 },
        Set { prefix: &[], lead_lo: 0xa1, lead_hi: 0xfe, trail_lo: 0xa1, trail_hi: 0xfe, nbytes: 2, base: 319, data: &D2 },
        Set { prefix: &[143], lead_lo: 0xa1, lead_hi: 0xfe, trail_lo: 0xa1, trail_hi: 0xfe, nbytes: 2, base: 9155, data: &D3 },
    ],
    wide: &WIDE,
    enc_cp: &ENC_CP,
    enc_pos: &ENC_POS,
    extra: &EXTRA,
    runs_dec: &RDEC,
    runs_enc: &RENC,
};
