use crate::mb::{Mb, Set};

pub static D0: [u16; 256] = [
    0xfffe, 0x0001, 0x0002, 0x0003, 0x009c, 0x0009, 0x0086, 0x007f, 0x0097, 0x008d, 0x008e, 0x000b, 0x000c, 0x000d, 0x0000, 0x0000,
    0x0010, 0x0011, 0x0012, 0x0013, 0x009d, 0x0085, 0x0008, 0x0087, 0x0018, 0x0019, 0x0092, 0x008f, 0x001c, 0x001d, 0x001e, 0x001f,
    0x0080, 0x0081, 0x0082, 0x0083, 0x0084, 0x000a, 0x0017, 0x001b, 0x0088, 0x0089, 0x008a, 0x008b, 0x008c, 0x0005, 0x0006, 0x0007,
    0x0090, 0x0091, 0x0016, 0x0093, 0x0094, 0x0095, 0x0096, 0x0004, 0x0098, 0x0099, 0x009a, 0x009b, 0x0014, 0x0015, 0x009e, 0x001a,
    0x0020, 0x0000, 0xffa0, 0xffa1, 0xffa2, 0xffa3, 0xffa4, 0xffa5, 0xffa6, 0xffa7, 0x00a2, 0x002e, 0x003c, 0x0028, 0x002b, 0x007c,
    0x0026, 0x0000, 0xffa8, 0xffa9, 0xffaa, 0xffab, 0xffac, 0xffad, 0xffae, 0xffaf, 0x0021, 0x0024, 0x002a, 0x0029, 0x003b, 0x00ac,
    0x002d, 0x002f, 0xffb0, 0xffb1, 0xffb2, 0xffb3, 0xffb4, 0xffb5, 0xffb6, 0xffb7, 0x00a6, 0x002c, 0x0025, 0x005f, 0x003e, 0x003f,
    0x005b, 0x0000, 0xffb8, 0xffb9, 0xffba, 0xffbb, 0xffbc, 0xffbd, 0xffbe, 0x0060, 0x003a, 0x0023, 0x0040, 0x0027, 0x003d, 0x0022,
    0x005d, 0x0061, 0x0062, 0x0063, 0x0064, 0x0065, 0x0066, 0x0067, 0x0068, 0x0069, 0xffc2, 0xffc3, 0xffc4, 0xffc5, 0xffc6, 0xffc7,
    0x0000, 0x006a, 0x006b, 0x006c, 0x006d, 0x006e, 0x006f, 0x0070, 0x0071, 0x0072, 0xffca, 0xffcb, 0xffcc, 0xffcd, 0xffce, 0xffcf,
    0x203e, 0x007e, 0x0073, 0x0074, 0x0075, 0x0076, 0x0077, 0x0078, 0x0079, 0x007a, 0xffd2, 0xffd3, 0xffd4, 0xffd5, 0xffd6, 0xffd7,
    0x005e, 0x0000, 0x005c, 0x0000, 0x0000, 0x0000, 0x0000, 0x0000, 0x0000, 0x0000, 0xffda, 0xffdb, 0xffdc, 0x0000, 0x0000, 0x0000,
    0x007b, 0x0041, 0x0042, 0x0043, 0x0044, 0x0045, 0x0046, 0x0047, 0x0048, 0x0049, 0x0000, 0x0000, 0x0000, 0x0000, 0x0000, 0x0000,
    0x007d, 0x004a, 0x004b, 0x004c, 0x004d, 0x004e, 0x004f, 0x0050, 0x0051, 0x0052, 0x0000, 0x0000, 0x0000, 0x0000, 0x0000, 0x0000,
    0x20a9, 0x0000, 0x0053, 0x0054, 0x0055, 0x0056, 0x0057, 0x0058, 0x0059, 0x005a, 0x0000, 0x0000, 0x0000, 0x0000, 0x0000, 0x0000,
    0x0030, 0x0031, 0x0032, 0x0033, 0x0034, 0x0035, 0x0036, 0x0037, 0x0038, 0x0039, 0x0000, 0x0000, 0x0000, 0x0000, 0x0000, 0x009f,
];
pub static D1: [u16; 36481] = [
    0x3000, 0x0000, 0x0000, 0x0000, 0x0000, 0x0000, 0x0000, 0x0000, 0x0000, 0x0000, 0x0000, 0x0000, 0x0000, 0x0000, 0x0000, 0x0000,
    0x0000, 0x0000, 0x0000, 0x0000, 0x0000, 0x0000, 0x0000, 0x0000, 0x0000, 0x0000, 0x0000, 0x0000, 0x0000, 0x0000, 0x0000, 0x0000,
    0x0000, 0x0000, 0x0000, 0x0000, 0x0000, 0x0000, 0x0000, 0x0000, 0x0000, 0x0000, 0x0000, 0x0000, 0x0000, 0x0000, 0x0000, 0x0000,
    0x0000, 0x0000, 0x0000, 0x0000, 0x0000, 0x0000, 0x0000, 0x0000, 0x0000, 0x0000, 0x0000, 0x0000, 0x0000, 0x0000, 0x0000, 0x0000,
    0x0000, 0x0000, 0x0000, 0x0000, 0x0000, 0x0000, 0x0000, 0x0000, 0x0000, 0x0000, 0x0000, 0x0000, 0x0000, 0x0000, 0x0000, 0x0000,
    0x0000, 0x0000, 0x0000, 0x0000, 0x0000, 0x0000, 0x0000, 0x0000, 0x0000, 0x0000, 0x0000, 0x0000, 0x0000, 0x0000, 0x0000, 0x0000,
    0x0000, 0x0000, 0x0000, 0x0000, 0x0000, 0x0000, 0x0000, 0x0000, 0x0000, 0x0000, 0x0000, 0x0000, 0x0000, 0x0000, 0x0000, 0x0000,
    0x0000, 0x0000, 0x0000, 0x0000, 0x0000, 0x0000, 0x0000, 0x0000, 0x0000, 0x0000, 0x0000, 0x0000, 0x0000, 0x0000, 0x0000, 0x0000,
    0x0000, 0x0000, 0x0000, 0x0000, 0x0000, 0x0000, 0x0000, 0x0000, 0x0000, 0x0000, 0x0000, 0x0000, 0x0000, 0x0000, 0x0000, 0x0000,
    0x0000, 0x0000, 0x0000, 0x0000, 0x0000, 0x0000, 0x0000, 0x0000, 0x0000, 0x0000, 0x0000, 0x0000, 0x0000, 0x0000, 0x0000, 0x0000,
    0x0000, 0x0000, 0x0000, 0x0000, 0x0000, 0x0000, 0x0000, 0x0000, 0x0000, 0x0000, 0x0000, 0x0000, 0x0000, 0x0000, 0x0000, 0x0000,
    0x0000, 0x0000, 0x0000, 0x0000, 0x0000, 0x0000, 0x0000, 0x0000, 0x0000, 0x0000, 0x0000, 0x0000, 0x0000, 0x0000, 0x0000, 0x0000,
    0x3001, 0x3002, 0x30fb, 0x2025, 0x2026, 0x00a8, 0x3003, 0x2010, 0x2014, 0x2225, 0xff3c, 0xffe3, 0x2018, 0x2019, 0x201c, 0x201d,
    0x3014, 0x3015, 0x3008, 0x3009, 0x300a, 0x300b, 0x300c, 0x300d, 0x300e, 0x300f, 0x3010, 0x3011, 0x00b1, 0x00d7, 0x00f7, 0x01c2,
    0x2266, 0x2267, 0x221e, 0x2234, 0x00b0, 0x2032, 0x2033, 0x2103, 0x212a, 0xff3e, 0xffe1, 0xffe5, 0x3396, 0x3397, 0x2113, 0x33c4,
    0x339c, 0x339d, 0x339e, 0x338e, 0x338f, 0x00a7, 0x203b, 0x2606, 0x2605, 0x25cb, 0x25cf, 0x25ce, 0x25c7, 0x25c6, 0x25a1, 0x25a0,
    0x25b3, 0x25b2, 0x25bd, 0x25bc, 0x2192, 0x2190, 0x2191, 0x2193, 0x2194, 0x3013, 0xff3b, 0xff3d, 0x2260, 0x2264, 0x2265, 0x212b,
    0x2642, 0x2640, 0x2220, 0x22a5, 0x2312, 0x2202, 0x2207, 0x2261, 0x2252, 0x226a, 0x226b, 0x221a, 0x223d, 0x0000, 0x0000, 0x0000,
    0x0000, 0x0000, 0x0000, 0x0000, 0x0000, 0x0000, 0x0000, 0x0000, 0x0000, 0x0000, 0x0000, 0x0000, 0x0000, 0x0000, 0x0000, 0x0000,
    0x0000, 0x0000, 0x0000, 0x0000, 0x0000, 0x0000, 0x0000, 0x0000, 0x0000, 0x0000, 0x0000, 0x0000, 0x0000, 0x0000, 0x0000, 0x0000,
    0x0000, 0x0000, 0x0000, 0x0000, 0x0000, 0x0000, 0x0000, 0x0000, 0x0000, 0x0000, 0x0000, 0x0000, 0x0000, 0x0000, 0x0000, 0x0000,
    0x0000, 0x0000, 0x0000, 0x0000, 0x0000, 0x0000, 0x0000, 0x0000, 0x0000, 0x0000, 0x0000, 0x0000, 0x0000, 0x0000, 0x0000, 0x0000,
    0x0000, 0x0000, 0x0000, 0x0000, 0x0000, 0x0000, 0x0000, 0x0000, 0x0000, 0x0000, 0x0000, 0x0000, 0x0000, 0x0000, 0x0000, 0x0000,
    0x0000, 0x0000, 0x0000, 0x0000, 0x0000, 0x0000, 0x0000, 0x0000, 0x0000, 0x0000, 0x0000, 0x0000, 0x0000, 0x0000, 0x0000, 0x0000,
    0x0000, 0x0000, 0x0000, 0x0000, 0x0000, 0x0000, 0x0000, 0x0000, 0xffe0, 0xff0e, 0xff1c, 0xff08, 0xff0b, 0xff5c, 0xff06, 0x0000,
    0x0000, 0x0000, 0x0000, 0x0000, 0x0000, 0x0000, 0x0000, 0x0000, 0xff01, 0xff04, 0xff0a, 0xff09, 0xff1b, 0xffe2, 0xff0d, 0xff0f,
    0x0000, 0x0000, 0x0000, 0x0000, 0x0000, 0x0000, 0x0000, 0x0000, 0xffe4, 0xff0c, 0xff05, 0xff3f, 0xff1e, 0xff1f, 0x0000, 0x0000,
    0x0000, 0x0000, 0x0000, 0x0000, 0x0000, 0x0000, 0x0000, 0xff40, 0xff1a, 0xff03, 0xff20, 0xff07, 0xff1d, 0xff02, 0x0000, 0xff41,
    0xff42, 0xff43, 0xff44, 0xff45, 0xff46, 0xff47, 0xff48, 0xff49, 0x0000, 0x0000, 0x0000, 0x0000, 0x0000, 0x0000, 0x0000, 0xff4a,
    0xff4b, 0xff4c, 0xff4d, 0xff4e, 0xff4f, 0xff50, 0xff51, 0xff52, 0x0000, 0x0000, 0x0000, 0x0000, 0x0000, 0x0000, 0x0000, 0x301c,
    0xff53, 0xff54, 0xff55, 0xff56, 0xff57, 0xff58, 0xff59, 0xff5a, 0x0000, 0x0000, 0x0000, 0x0000, 0x0000, 0x0000, 0x0000, 0x0000,
    0x0000, 0x0000, 0x0000, 0x0000, 0x0000, 0x0000, 0x0000, 0x0000, 0x0000, 0x0000, 0x0000, 0x0000, 0x0000, 0x0000, 0xff5b, 0xff21,
    0xff22, 0xff23, 0xff24, 0xff25, 0xff26, 0xff27, 0xff28, 0xff29, 0x0000, 0x0000, 0x0000, 0x0000, 0x0000, 0x0000, 0xff5d, 0xff2a,
    0xff2b, 0xff2c, 0xff2d, 0xff2e, 0xff2f, 0xff30, 0xff31, 0xff32, 0x0000, 0x0000, 0x0000, 0x0000, 0x0000, 0x0000, 0xffe6, 0x0000,
    0xff33, 0xff34, 0xff35, 0xff36, 0xff37, 0xff38, 0xff39, 0xff3a, 0x0000, 0x0000, 0x0000, 0x0000, 0x0000, 0x0000, 0xff10, 0xff11,
    0xff12, 0xff13, 0xff14, 0xff15, 0xff16, 0xff17, 0xff18, 0xff19, 0x0000, 0x0000, 0x0000, 0x0000, 0x0000, 0x0000, 0x3165, 0x3166,
    0x3167, 0x3168, 0x3169, 0x316a, 0x316b, 0x316c, 0x316d, 0x316e, 0x316f, 0x3170, 0x3171, 0x3172, 0x3173, 0x3174, 0x3175, 0x3176,
    0x3177, 0x3178, 0x3179, 0x317a, 0x317b, 0x317c, 0x317d, 0x317e, 0x317f, 0x3180, 0x3181, 0x3182, 0x3183, 0x3184, 0x3185, 0x3186,
    0x3187, 0x3188, 0x3189, 0x318a, 0x318b, 0x318c, 0x318d, 0x318e, 0x0000, 0x0000, 0x0000, 0x0000, 0x0000, 0x0000, 0x0000, 0x0000,
    0x0000, 0x0000, 0x0000, 0x0000, 0x0000, 0x0000, 0x0000, 0x0000, 0x0000, 0x0000, 0x0000, 0x0000, 0x0000, 0x0000, 0x0000, 0x0000,
    0x0000, 0x0000, 0x0000, 0x0000, 0x0000, 0x0000, 0x0000, 0x0000, 0x0000, 0x0000, 0x0000, 0x0000, 0x0000, 0x0000, 0x0000, 0x0000,
    0x0000, 0x0000, 0x0000, 0x0000, 0x0000, 0x0000, 0x0000, 0x0000, 0x0000, 0x0000, 0x0000, 0x0000, 0x0000, 0x0000, 0x0000, 0x0000,
    0x0000, 0x0000, 0x0000, 0x0000, 0x0000, 0x0000, 0x0000, 0x0000, 0x0000, 0x0000, 0x0000, 0x0000, 0x0000, 0x0000, 0x0000, 0x0000,
    0x0000, 0x0000, 0x0000, 0x0000, 0x0000, 0x0000, 0x0000, 0x0000, 0x0000, 0x0000, 0x0000, 0x0000, 0x0000, 0x0000, 0x0000, 0x0000,
    0x0000, 0x0000, 0x0000, 0x0000, 0x0000, 0x0000, 0x0000, 0x0000, 0x0000, 0x0000, 0x0000, 0x0000, 0x0000, 0x0000, 0x0000, 0x0000,
    0x0000, 0x0000, 0x0000, 0x0000, 0x0000, 0x0000, 0x0000, 0x0000, 0x0000, 0x0000, 0x0000, 0x0000, 0x0000, 0x0000, 0x0000, 0x0000,
    0x0000, 0x0000, 0x0000, 0x0000, 0x0000, 0x0000, 0x0000, 0x0000, 0x0000, 0x0000, 0x0000, 0x0000, 0x0000, 0x0000, 0x0000, 0x0000,
    0x0000, 0x0000, 0x0000, 0x0000, 0x0000, 0x0000, 0x0000, 0x0000, 0x0000, 0x0000, 0x0000, 0x0000, 0x0000, 0x3041, 0x3042, 0x3043,
    0x3044, 0x3045, 0x3046, 0x3047, 0x3048, 0x3049, 0x304a, 0x304b, 0x304c, 0x304d, 0x304e, 0x304f, 0x3050, 0x3051, 0x3052, 0x3053,
    0x3054, 0x3055, 0x3056, 0x3057, 0x3058, 0x3059, 0x305a, 0x305b, 0x305c, 0x305d, 0x305e, 0x305f, 0x3060, 0x3061, 0x3062, 0x3063,
    0x3064, 0x3065, 0x3066, 0x3067, 0x3068, 0x3069, 0x306a, 0x306b, 0x306c, 0x306d, 0x306e, 0x306f, 0x3070, 0x3071, 0x3072, 0x3073,
    0x3074, 0x3075, 0x3076, 0x3077, 0x3078, 0x3079, 0x307a, 0x307b, 0x307c, 0x307d, 0x307e, 0x307f, 0x3080, 0x3081, 0x3082, 0x3083,
    0x3084, 0x3085, 0x3086, 0x3087, 0x3088, 0x3089, 0x308a, 0x308b, 0x308c, 0x308d, 0x308e, 0x308f, 0x3090, 0x3091, 0x3092, 0x3093,
    0x0000, 0x0000, 0x0000, 0x0000, 0x0000, 0x0000, 0x0000, 0x0000, 0x0000, 0x0000, 0x0000, 0x0000, 0x0000, 0x0000, 0x0000, 0x0000,
    0x0000, 0x0000, 0x0000, 0x0000, 0x0000, 0x0000, 0x0000, 0x0000, 0x0000, 0x0000, 0x0000, 0x0000, 0x0000, 0x0000, 0x0000, 0x0000,
    0x0000, 0x0000, 0x0000, 0x0000, 0x0000, 0x0000, 0x0000, 0x0000, 0x0000, 0x0000, 0x0000, 0x0000, 0x0000, 0x0000, 0x0000, 0x0000,
    0x0000, 0x0000, 0x0000, 0x0000, 0x0000, 0x0000, 0x0000, 0x0000, 0x0000, 0x0000, 0x0000, 0x0000, 0x0000, 0x0000, 0x0000, 0x0000,
    0x0000, 0x0000, 0x0000, 0x0000, 0x0000, 0x0000, 0x0000, 0x0000, 0x0000, 0x0000, 0x0000, 0x0000, 0x0000, 0x0000, 0x0000, 0x0000,
    0x0000, 0x0000, 0x0000, 0x0000, 0x0000, 0x0000, 0x0000, 0x0000, 0x0000, 0x0000, 0x0000, 0x0000, 0x0000, 0x0000, 0x0000, 0x0000,
    0x0000, 0x0000, 0x0000, 0x0000, 0x0000, 0x0000, 0x0000, 0x0000, 0x0000, 0x0000, 0x0000, 0x0000, 0x30a1, 0x30a2, 0x30a3, 0x30a4,
    0x30a5, 0x30a6, 0x30a7, 0x30a8, 0x30a9, 0x30aa, 0x30ab, 0x30ac, 0x30ad, 0x30ae, 0x30af, 0x30b0, 0x30b1, 0x30b2, 0x30b3, 0x30b4,
    0x30b5, 0x30b6, 0x30b7, 0x30b8, 0x30b9, 0x30ba, 0x30bb, 0x30bc, 0x30bd, 0x30be, 0x30bf, 0x30c0, 0x30c1, 0x30c2, 0x30c3, 0x30c4,
    0x30c5, 0x30c6, 0x30c7, 0x30c8, 0x30c9, 0x30ca, 0x30cb, 0x30cc, 0x30cd, 0x30ce, 0x30cf, 0x30d0, 0x30d1, 0x30d2, 0x30d3, 0x30d4,
    0x30d5, 0x30d6, 0x30d7, 0x30d8, 0x30d9, 0x30da, 0x30db, 0x30dc, 0x30dd, 0x30de, 0x30df, 0x30e0, 0x30e1, 0x30e2, 0x30e3, 0x30e4,
    0x30e5, 0x30e6, 0x30e7, 0x30e8, 0x30e9, 0x30ea, 0x30eb, 0x30ec, 0x30ed, 0x30ee, 0x30ef, 0x30f0, 0x30f1, 0x30f2, 0x30f3, 0x30f4,
    0x30f5, 0x30f6, 0x0000, 0x0000, 0x0000, 0x0000, 0x0000, 0x0000, 0x0000, 0x0000, 0x0000, 0x0000, 0x0000, 0x0000, 0x0000, 0x0000,
    0x0000, 0x0000, 0x0000, 0x0000, 0x0000, 0x0000, 0x0000, 0x0000, 0x0000, 0x0000, 0x0000, 0x0000, 0x0000, 0x0000, 0x0000, 0x0000,
    0x0000, 0x0000, 0x0000, 0x0000, 0x0000, 0x0000, 0x0000, 0x0000, 0x0000, 0x0000, 0x0000, 0x0000, 0x0000, 0x0000, 0x0000, 0x0000,
    0x0000, 0x0000, 0x0000, 0x0000, 0x0000, 0x0000, 0x0000, 0x0000, 0x0000, 0x0000, 0x0000, 0x0000, 0x0000, 0x0000, 0x0000, 0x0000,
    0x0000, 0x0000, 0x0000, 0x0000, 0x0000, 0x0000, 0x0000, 0x0000, 0x0000, 0x0000, 0x0000, 0x0000, 0x0000, 0x0000, 0x0000, 0x0000,
    0x0000, 0x0000, 0x0000, 0x0000, 0x0000, 0x0000, 0x0000, 0x0000, 0x0000, 0x0000, 0x0000, 0x0000, 0x0000, 0x0000, 0x0000, 0x0000,
    0x0000, 0x0000, 0x0000, 0x0000, 0x0000, 0x0000, 0x0000, 0x0000, 0x0000, 0x0000, 0x0000, 0x2170, 0x2171, 0x2172, 0x2173, 0x2174,
    0x2175, 0x2176, 0x2177, 0x2178, 0x2179, 0x0000, 0x0000, 0x0000, 0x0000, 0x0000, 0x2160, 0x2161, 0x2162, 0x2163, 0x2164, 0x2165,
    0x2166, 0x2167, 0x2168, 0x2169, 0x0000, 0x0000, 0x0000, 0x0000, 0x0000, 0x0000, 0x0000, 0x0391, 0x0392, 0x0393, 0x0394, 0x0395,
    0x0396, 0x0397, 0x0398, 0x0399, 0x039a, 0x039b, 0x039c, 0x039d, 0x039e, 0x039f, 0x03a0, 0x03a1, 0x03a3, 0x03a4, 0x03a5, 0x03a6,
    0x03a7, 0x03a8, 0x03a9, 0x0000, 0x0000, 0x0000, 0x0000, 0x0000, 0x0000, 0x0000, 0x0000, 0x03b1, 0x03b2, 0x03b3, 0x03b4, 0x03b5,
    0x03b6, 0x03b7, 0x03b8, 0x03b9, 0x03ba, 0x03bb, 0x03bc, 0x03bd, 0x03be, 0x03bf, 0x03c0, 0x03c1, 0x03c3, 0x03c4, 0x03c5, 0x03c6,
    0x03c7, 0x03c8, 0x03c9, 0x0000, 0x0000, 0x0000, 0x0000, 0x0000, 0x0000, 0x0000, 0x0000, 0x0000, 0x0000, 0x0000, 0x0000, 0x0000,
    0x0000, 0x0000, 0x0000, 0x0000, 0x0000, 0x0000, 0x0000, 0x0000, 0x0000, 0x0000, 0x0000, 0x0000, 0x0000, 0x0000, 0x0000, 0x0000,
    0x0000, 0x0000, 0x0000, 0x0000, 0x0000, 0x0000, 0x0000, 0x0000, 0x0000, 0x0000, 0x0000, 0x0000, 0x0000, 0x0000, 0x0000, 0x0000,
    0x0000, 0x0000, 0x0000, 0x0000, 0x0000, 0x0000, 0x0000, 0x0000, 0x0000, 0x0000, 0x0000, 0x0000, 0x0000, 0x0000, 0x0000, 0x0000,
    0x0000, 0x0000, 0x0000, 0x0000, 0x0000, 0x0000, 0x0000, 0x0000, 0x0000, 0x0000, 0x0000, 0x0000, 0x0000, 0x0000, 0x0000, 0x0000,
    0x0000, 0x0000, 0x0000, 0x0000, 0x0000, 0x0000, 0x0000, 0x0000, 0x0000, 0x0000, 0x0000, 0x0000, 0x0000, 0x0000, 0x0000, 0x0000,
    0x0000, 0x0000, 0x0000, 0x0000, 0x0000, 0x0000, 0x0000, 0x0000, 0x0000, 0x0000, 0x2500, 0x2502, 0x250c, 0x2510, 0x2518, 0x2514,
    0x251c, 0x252c, 0x2524, 0x2534, 0x253c, 0x2501, 0x2503, 0x250f, 0x2513, 0x251b, 0x2517, 0x2523, 0x2533, 0x252b, 0x253b, 0x254b,
    0x2520, 0x252f, 0x2528, 0x2537, 0x253f, 0x251d, 0x2530, 0x2525, 0x2538, 0x2542, 0x2512, 0x2511, 0x251a, 0x2519, 0x2516, 0x2515,
    0x250e, 0x250d, 0x251e, 0x251f, 0x2521, 0x2522, 0x2526, 0x2527, 0x2529, 0x252a, 0x252d, 0x252e, 0x2531, 0x2532, 0x2535, 0x2536,
    0x2539, 0x253a, 0x253d, 0x253e, 0x2540, 0x2541, 0x2543, 0x2544, 0x2545, 0x2546, 0x2547, 0x2548, 0x2549, 0x254a, 0x0000, 0x0000,
    0x0000, 0x0000, 0x0000, 0x0000, 0x0000, 0x0000, 0x0000, 0x0000, 0x0000, 0x0000, 0x0000, 0x0000, 0x0000, 0x0000, 0x0000, 0x0000,
    0x0000, 0x0000, 0x0000, 0x0000, 0x0000, 0x0000, 0x0000, 0x0000, 0x0000, 0x0000, 0x0000, 0x0000, 0x0000, 0x0000, 0x0000, 0x0000,
    0x0000, 0x0000, 0x0000, 0x0000, 0x0000, 0x0000, 0x0000, 0x0000, 0x0000, 0x0000, 0x0000, 0x0000, 0x0000, 0x0000, 0x0000, 0x0000,
    0x0000, 0x0000, 0x0000, 0x0000, 0x0000, 0x0000, 0x0000, 0x0000, 0x0000, 0x0000, 0x0000, 0x0000, 0x0000, 0x0000, 0x0000, 0x0000,
    0x0000, 0x0000, 0x0000, 0x0000, 0x0000, 0x0000, 0x0000, 0x0000, 0x0000, 0x0000, 0x0000, 0x0000, 0x0000, 0x0000, 0x0000, 0x0000,
    0x0000, 0x0000, 0x0000, 0x0000, 0x0000, 0x0000, 0x0000, 0x0000, 0x0000, 0x0000, 0x0000, 0x0000, 0x0000, 0x0000, 0x0000, 0x0000,
    0x0000, 0x0000, 0x0000, 0x0000, 0x0000, 0x0000, 0x0000, 0x0000, 0x0000, 0x0000, 0x0000, 0x0000, 0x0000, 0x0000, 0x0000, 0x0000,
    0x0000, 0x0000, 0x0000, 0x0000, 0x0000, 0x0000, 0x0000, 0x0000, 0x0000, 0x3395, 0x3398, 0x33a3, 0x33a4, 0x33a5, 0x33a6, 0x3399,
    0x339a, 0x339b, 0x339f, 0x33a0, 0x33a1, 0x33a2, 0x33ca, 0x338d, 0x33cf, 0x3388, 0x3389, 0x33c8, 0x33a7, 0x33a8, 0x33b0, 0x33b1,
    0x33b2, 0x33b3, 0x33b4, 0x33b5, 0x33b6, 0x33b7, 0x33b8, 0x33b9, 0x3380, 0x3381, 0x3382, 0x3383, 0x3384, 0x33ba, 0x33bb, 0x33bc,
    0x33bd, 0x33be, 0x33bf, 0x3390, 0x3391, 0x3392, 0x3393, 0x3394, 0x2126, 0x33c0, 0x33c1, 0x338a, 0x338b, 0x338c, 0x33d6, 0x33c5,
    0x33ad, 0x33ae, 0x33af, 0x33db, 0x33a9, 0x33aa, 0x33ab, 0x33ac, 0x33dd, 0x33d0, 0x33d3, 0x33c3, 0x33c9, 0x33dc, 0x33c6, 0x0000,
    0x0000, 0x0000, 0x0000, 0x0000, 0x0000, 0x0000, 0x0000, 0x0000, 0x0000, 0x0000, 0x0000, 0x0000, 0x0000, 0x0000, 0x0000, 0x0000,
    0x0000, 0x0000, 0x0000, 0x0000, 0x0000, 0x0000, 0x0000, 0x0000, 0x0000, 0x0000, 0x0000, 0x0000, 0x0000, 0x0000, 0x0000, 0x0000,
    0x0000, 0x0000, 0x0000, 0x0000, 0x0000, 0x0000, 0x0000, 0x0000, 0x0000, 0x0000, 0x0000, 0x0000, 0x0000, 0x0000, 0x0000, 0x0000,
    0x0000, 0x0000, 0x0000, 0x0000, 0x0000, 0x0000, 0x0000, 0x0000, 0x0000, 0x0000, 0x0000, 0x0000, 0x0000, 0x0000, 0x0000, 0x0000,
    0x0000, 0x0000, 0x0000, 0x0000, 0x0000, 0x0000, 0x0000, 0x0000, 0x0000, 0x0000, 0x0000, 0x0000, 0x0000, 0x0000, 0x0000, 0x0000,
    0x0000, 0x0000, 0x0000, 0x0000, 0x0000, 0x0000, 0x0000, 0x0000, 0x0000, 0x0000, 0x0000, 0x0000, 0x0000, 0x0000, 0x0000, 0x0000,
    0x0000, 0x0000, 0x0000, 0x0000, 0x0000, 0x0000, 0x0000, 0x0000, 0x0000, 0x0000, 0x0000, 0x0000, 0x0000, 0x0000, 0x0000, 0x0000,
    0x0000, 0x0000, 0x0000, 0x0000, 0x0000, 0x0000, 0x0000, 0x0000, 0x221d, 0x2235, 0x222b, 0x222c, 0x2208, 0x220b, 0x2286, 0x2287,
    0x2282, 0x2283, 0x222a, 0x2229, 0x2227, 0x2228, 0x21d2, 0x21d4, 0x2200, 0x2203, 0x00b4, 0x02dc, 0x02c7, 0x02d8, 0x02dd, 0x02da,
    0x02d9, 0x00b8, 0x02db, 0x00a1, 0x00bf, 0x02d0, 0x222e, 0x2211, 0x220f, 0x00a4, 0x2109, 0x2030, 0x25c1, 0x25c0, 0x25b7, 0x25b6,
    0x2664, 0x2660, 0x2661, 0x2665, 0x2667, 0x2663, 0x25c9, 0x25c8, 0x25a3, 0x25d0, 0x25d1, 0x2592, 0x25a4, 0x25a5, 0x25a8, 0x25a7,
    0x25a6, 0x25a9, 0x2668, 0x260f, 0x260e, 0x261c, 0x261e, 0x00b6, 0x2020, 0x2021, 0x2195, 0x2197, 0x2199, 0x2196, 0x2198, 0x266d,
    0x2669, 0x266a, 0x266c, 0x327f, 0x321c, 0x2116, 0x33c7, 0x2122, 0x33c2, 0x33d8, 0x2121, 0x02ba, 0x0000, 0x0000, 0x0000, 0x0000,
    0x0000, 0x0000, 0x0000, 0x0000, 0x0000, 0x0000, 0x0000, 0x0000, 0x0000, 0x0000, 0x0000, 0x0000, 0x0000, 0x0000, 0x0000, 0x0000,
    0x0000, 0x0000, 0x0000, 0x0000, 0x0000, 0x0000, 0x0000, 0x0000, 0x0000, 0x0000, 0x0000, 0x0000, 0x0000, 0x0000, 0x0000, 0x0000,
    0x0000, 0x0000, 0x0000, 0x0000, 0x0000, 0x0000, 0x0000, 0x0000, 0x0000, 0x0000, 0x0000, 0x0000, 0x0000, 0x0000, 0x0000, 0x0000,
    0x0000, 0x0000, 0x0000, 0x0000, 0x0000, 0x0000, 0x0000, 0x0000, 0x0000, 0x0000, 0x0000, 0x0000, 0x0000, 0x0000, 0x0000, 0x0000,
    0x0000, 0x0000, 0x0000, 0x0000, 0x0000, 0x0000, 0x0000, 0x0000, 0x0000, 0x0000, 0x0000, 0x0000, 0x0000, 0x0000, 0x0000, 0x0000,
    0x0000, 0x0000, 0x0000, 0x0000, 0x0000, 0x0000, 0x0000, 0x0000, 0x0000, 0x0000, 0x0000, 0x0000, 0x0000, 0x0000, 0x0000, 0x0000,
    0x0000, 0x0000, 0x0000, 0x0000, 0x0000, 0x0000, 0x0000, 0x0410, 0x0411, 0x0412, 0x0413, 0x0414, 0x0415, 0x0401, 0x0416, 0x0417,
    0x0418, 0x0419, 0x041a, 0x041b, 0x041c, 0x041d, 0x041e, 0x041f, 0x0420, 0x0421, 0x0422, 0x0423, 0x0424, 0x0425, 0x0426, 0x0427,
    0x0428, 0x0429, 0x042a, 0x042b, 0x042c, 0x042d, 0x042e, 0x042f, 0x0430, 0x0431, 0x0432, 0x0433, 0x0434, 0x0435, 0x0451, 0x0436,
    0x0437, 0x0438, 0x0439, 0x043a, 0x043b, 0x043c, 0x043d, 0x043e, 0x043f, 0x0440, 0x0441, 0x0442, 0x0443, 0x0444, 0x0445, 0x0446,
    0x0447, 0x0448, 0x0449, 0x044a, 0x044b, 0x044c, 0x044d, 0x044e, 0x044f, 0x0000, 0x0000, 0x0000, 0x0000, 0x0000, 0x0000, 0x0000,
    0x0000, 0x0000, 0x0000, 0x0000, 0x0000, 0x0000, 0x0000, 0x0000, 0x0000, 0x0000, 0x0000, 0x0000, 0x0000, 0x0000, 0x0000, 0x0000,
    0x0000, 0x0000, 0x0000, 0x0000, 0x0000, 0x0000, 0x0000, 0x0000, 0x0000, 0x0000, 0x0000, 0x0000, 0x0000, 0x0000, 0x0000, 0x0000,
    0x0000, 0x0000, 0x0000, 0x0000, 0x0000, 0x0000, 0x0000, 0x0000, 0x0000, 0x0000, 0x0000, 0x0000, 0x0000, 0x0000, 0x0000, 0x0000,
    0x0000, 0x0000, 0x0000, 0x0000, 0x0000, 0x0000, 0x0000, 0x0000, 0x0000, 0x0000, 0x0000, 0x0000, 0x0000, 0x0000, 0x0000, 0x0000,
    0x0000, 0x0000, 0x0000, 0x0000, 0x0000, 0x0000, 0x0000, 0x0000, 0x0000, 0x0000, 0x0000, 0x0000, 0x0000, 0x0000, 0x0000, 0x0000,
    0x0000, 0x0000, 0x0000, 0x0000, 0x0000, 0x0000, 0x0000, 0x0000, 0x0000, 0x0000, 0x0000, 0x0000, 0x0000, 0x0000, 0x0000, 0x0000,
    0x0000, 0x0000, 0x0000, 0x0000, 0x0000, 0x0000, 0x0000, 0x0000, 0x0000, 0x0000, 0x0000, 0x0000, 0x0000, 0x0000, 0x0000, 0x0000,
    0x0000, 0x0000, 0x0000, 0x0000, 0x0000, 0x0000, 0x00c6, 0x00d0, 0x00aa, 0x0126, 0x0000, 0x0132, 0x0000, 0x013f, 0x0141, 0x00d8,
    0x0152, 0x00ba, 0x00de, 0x0166, 0x014a, 0x0000, 0x3260, 0x3261, 0x3262, 0x3263, 0x3264, 0x3265, 0x3266, 0x3267, 0x3268, 0x3269,
    0x326a, 0x326b, 0x326c, 0x326d, 0x326e, 0x326f, 0x3270, 0x3271, 0x3272, 0x3273, 0x3274, 0x3275, 0x3276, 0x3277, 0x3278, 0x3279,
    0x327a, 0x327b, 0x24d0, 0x24d1, 0x24d2, 0x24d3, 0x24d4, 0x24d5, 0x24d6, 0x24d7, 0x24d8, 0x24d9, 0x24da, 0x24db, 0x24dc, 0x24dd,
    0x24de, 0x24df, 0x24e0, 0x24e1, 0x24e2, 0x24e3, 0x24e4, 0x24e5, 0x24e6, 0x24e7, 0x24e8, 0x24e9, 0x2460, 0x2461, 0x2462, 0x2463,
    0x2464, 0x2465, 0x2466, 0x2467, 0x2468, 0x2469, 0x246a, 0x246b, 0x246c, 0x246d, 0x246e, 0x00bd, 0x2153, 0x2154, 0x00bc, 0x00be,
    0x215b, 0x215c, 0x215d, 0x215e, 0x0000, 0x00e6, 0x0111, 0x00f0, 0x0127, 0x0131, 0x0133, 0x0138, 0x0140, 0x0142, 0x00f8, 0x0153,
    0x00df, 0x00fe, 0x0167, 0x014b, 0x0149, 0x3200, 0x3201, 0x3202, 0x3203, 0x3204, 0x3205, 0x3206, 0x3207, 0x3208, 0x3209, 0x320a,
    0x320b, 0x320c, 0x320d, 0x320e, 0x320f, 0x3210, 0x3211, 0x3212, 0x3213, 0x3214, 0x3215, 0x3216, 0x3217, 0x3218, 0x3219, 0x321a,
    0x321b, 0x249c, 0x249d, 0x249e, 0x249f, 0x24a0, 0x24a1, 0x24a2, 0x24a3, 0x24a4, 0x24a5, 0x24a6, 0x24a7, 0x24a8, 0x24a9, 0x24aa,
    0x24ab, 0x24ac, 0x24ad, 0x24ae, 0x24af, 0x24b0, 0x24b1, 0x24b2, 0x24b3, 0x24b4, 0x24b5, 0x2474, 0x2475, 0x2476, 0x2477, 0x2478,
    0x2479, 0x247a, 0x247b, 0x247c, 0x247d, 0x247e, 0x247f, 0x2480, 0x2481, 0x2482, 0x00b9, 0x00b2, 0x00b3, 0x2074, 0x207f, 0x2081,
    0x2082, 0x2083, 0x2084, 0x0000, 0x0000, 0x0000, 0x0000, 0x0000, 0x0000, 0x0000, 0x0000, 0x0000, 0x0000, 0x0000, 0x0000, 0x0000,
    0x0000, 0x0000, 0x0000, 0x0000, 0x0000, 0x0000, 0x0000, 0x0000, 0x0000, 0x0000, 0x0000, 0x0000, 0x0000, 0x0000, 0x0000, 0x0000,
    0x0000, 0x0000, 0x0000, 0x0000, 0x0000, 0x0000, 0x0000, 0x0000, 0x0000, 0x0000, 0x0000, 0x0000, 0x0000, 0x0000, 0x0000, 0x0000,
    0x0000, 0x0000, 0x0000, 0x0000, 0x0000, 0x0000, 0x0000, 0x0000, 0x0000, 0x0000, 0x0000, 0x0000, 0x0000, 0x0000, 0x0000, 0x0000,
    0x0000, 0x0000, 0x0000, 0x0000, 0x0000, 0x0000, 0x0000, 0x0000, 0x0000, 0x0000, 0x0000, 0x0000, 0x0000, 0x0000, 0x0000, 0x0000,
    0x0000, 0x0000, 0x0000, 0x0000, 0x0000, 0x0000, 0x0000, 0x0000, 0x0000, 0x0000, 0x0000, 0x0000, 0x0000, 0x0000, 0x0000, 0x0000,
    0x0000, 0x0000, 0x0000, 0x0000, 0x0000, 0x0000, 0x0000, 0x0000, 0x0000, 0x0000, 0x0000, 0x0000, 0x0000, 0x0000, 0x0000, 0x0000,
    0x0000, 0x0000, 0x0000, 0x0000, 0x0000, 0x0000, 0x0000, 0x0000, 0x0000, 0x0000, 0x0000, 0x0000, 0x0000, 0x0000, 0x0000, 0x0000,
    0x0000, 0x0000, 0x0000, 0x0000, 0x0000, 0x0000, 0x0000, 0x0000, 0x0000, 0x0000, 0x0000, 0x0000, 0x0000, 0x0000, 0x0000, 0x0000,
    0x0000, 0x0000, 0x0000, 0x0000, 0x0000, 0x0000, 0x0000, 0x0000, 0x0000, 0x0000, 0x0000, 0x0000, 0x0000, 0x0000, 0x0000, 0x0000,
    0x0000, 0x0000, 0x0000, 0x0000, 0x0000, 0x0000, 0x0000, 0x0000, 0x0000, 0x0000, 0x0000, 0x0000, 0x0000, 0x0000, 0x0000, 0x0000,
    0x0000, 0x0000, 0x0000, 0x0000, 0x0000, 0x0000, 0x0000, 0x0000, 0x0000, 0x0000, 0x0000, 0x0000, 0x0000, 0x0000, 0x0000, 0x0000,
    0x0000, 0x0000, 0x0000, 0x0000, 0x0000, 0x0000, 0x0000, 0x0000, 0x0000, 0x0000, 0x0000, 0x0000, 0x0000, 0x0000, 0x0000, 0x0000,
    0x0000, 0x0000, 0x0000, 0x0000, 0x0000, 0x0000, 0x0000, 0x0000, 0x0000, 0x0000, 0x0000, 0x0000, 0x0000, 0x0000, 0x0000, 0x0000,
    0x0000, 0x0000, 0x0000, 0x0000, 0x0000, 0x0000, 0x0000, 0x0000, 0x0000, 0x0000, 0x0000, 0x0000, 0x0000, 0x0000, 0x0000, 0x0000,
    0x0000, 0x0000, 0x0000, 0x0000, 0x0000, 0x0000, 0x0000, 0x0000, 0x0000, 0x0000, 0x0000, 0x0000, 0x0000, 0x0000, 0x0000, 0x0000,
    0x0000, 0x0000, 0x0000, 0x0000, 0x0000, 0x0000, 0x0000, 0x0000, 0x0000, 0x0000, 0x0000, 0x0000, 0x0000, 0x0000, 0x0000, 0x0000,
    0x0000, 0x0000, 0x0000, 0x0000, 0x0000, 0x0000, 0x0000, 0x0000, 0x0000, 0x0000, 0x0000, 0x0000, 0x0000, 0x0000, 0x0000, 0x0000,
    0x0000, 0x0000, 0x0000, 0x0000, 0x0000, 0x0000, 0x0000, 0x0000, 0x0000, 0x0000, 0x0000, 0x0000, 0x0000, 0x0000, 0x0000, 0x0000,
    0x0000, 0x0000, 0x0000, 0x0000, 0x0000, 0x0000, 0x0000, 0x0000, 0x0000, 0x0000, 0x0000, 0x0000, 0x0000, 0x0000, 0x0000, 0x0000,
    0x0000, 0x0000, 0x0000, 0x0000, 0x0000, 0x0000, 0x0000, 0x0000, 0x0000, 0x0000, 0x0000, 0x0000, 0x0000, 0x0000, 0x0000, 0x0000,
    0x0000, 0x0000, 0x0000, 0x0000, 0x0000, 0x0000, 0x0000, 0x0000, 0x0000, 0x0000, 0x0000, 0x0000, 0x0000, 0x0000, 0x0000, 0x0000,
    0x0000, 0x0000, 0x0000, 0x0000, 0x0000, 0x0000, 0x0000, 0x0000, 0x0000, 0x0000, 0x0000, 0x0000, 0x0000, 0x0000, 0x0000, 0x0000,
    0x0000, 0x0000, 0x0000, 0x0000, 0x0000, 0x0000, 0x0000, 0x0000, 0x0000, 0x0000, 0x0000, 0x0000, 0x0000, 0x0000, 0x0000, 0x0000,
    0x0000, 0x0000, 0x0000, 0x0000, 0x0000, 0x0000, 0x0000, 0x0000, 0x0000, 0x0000, 0x0000, 0x0000, 0x0000, 0x0000, 0x0000, 0x0000,
    0x0000, 0x0000, 0x0000, 0x0000, 0x0000, 0x0000, 0x0000, 0x0000, 0x0000, 0x0000, 0x0000, 0x0000, 0x0000, 0x0000, 0x0000, 0x0000,
    0x0000, 0x0000, 0x0000, 0x0000, 0x0000, 0x0000, 0x0000, 0x0000, 0x0000, 0x0000, 0x0000, 0x0000, 0x0000, 0x0000, 0x0000, 0x0000,
    0x0000, 0x0000, 0x0000, 0x0000, 0x0000, 0x0000, 0x0000, 0x0000, 0x0000, 0x0000, 0x0000, 0x0000, 0x0000, 0x0000, 0x0000, 0x0000,
    0x0000, 0x0000, 0x0000, 0x0000, 0x0000, 0x0000, 0x0000, 0x0000, 0x0000, 0x0000, 0x0000, 0x0000, 0x0000, 0x0000, 0x0000, 0x0000,
    0x0000, 0x0000, 0x0000, 0x0000, 0x0000, 0x0000, 0x0000, 0x0000, 0x0000, 0x0000, 0x0000, 0x0000, 0x0000, 0x0000, 0x0000, 0x0000,
    0x0000, 0x0000, 0x0000, 0x0000, 0x0000, 0x0000, 0x0000, 0x0000, 0x0000, 0x0000, 0x0000, 0x0000, 0x0000, 0x0000, 0x0000, 0x0000,
    0x0000, 0x0000, 0x0000, 0x0000, 0x0000, 0x0000, 0x0000, 0x0000, 0x0000, 0x0000, 0x0000, 0x0000, 0x0000, 0x0000, 0x0000, 0x0000,
    0x0000, 0x0000, 0x0000, 0x0000, 0x0000, 0x0000, 0x0000, 0x0000, 0x0000, 0x0000, 0x0000, 0x0000, 0x0000, 0x0000, 0x0000, 0x0000,
    0x0000, 0x0000, 0x0000, 0x0000, 0x0000, 0x0000, 0x0000, 0x0000, 0x0000, 0x0000, 0x0000, 0x0000, 0x0000, 0x0000, 0x0000, 0x0000,
    0x0000, 0x0000, 0x0000, 0x0000, 0x0000, 0x0000, 0x0000, 0x0000, 0x0000, 0x0000, 0x0000, 0x0000, 0x0000, 0x0000, 0x0000, 0x0000,
    0x0000, 0x0000, 0x0000, 0x0000, 0x0000, 0x0000, 0x0000, 0x0000, 0x0000, 0x0000, 0x0000, 0x0000, 0x0000, 0x0000, 0x0000, 0x0000,
    0x0000, 0x0000, 0x0000, 0x0000, 0x0000, 0x0000, 0x0000, 0x0000, 0x0000, 0x0000, 0x0000, 0x0000, 0x0000, 0x0000, 0x0000, 0x0000,
    0x0000, 0x0000, 0x0000, 0x0000, 0x0000, 0x0000, 0x0000, 0x0000, 0x0000, 0x0000, 0x0000, 0x0000, 0x0000, 0x0000, 0x0000, 0x0000,
    0x0000, 0x0000, 0x0000, 0x0000, 0x0000, 0x0000, 0x0000, 0x0000, 0x0000, 0x0000, 0x0000, 0x0000, 0x0000, 0x0000, 0x0000, 0x0000,
    0x0000, 0x0000, 0x0000, 0x0000, 0x0000, 0x0000, 0x0000, 0x0000, 0x0000, 0x0000, 0x0000, 0x0000, 0x0000, 0x0000, 0x0000, 0x0000,
    0x0000, 0x0000, 0x0000, 0x0000, 0x0000, 0x0000, 0x0000, 0x0000, 0x0000, 0x0000, 0x0000, 0x0000, 0x0000, 0x0000, 0x0000, 0x0000,
    0x0000, 0x0000, 0x0000, 0x0000, 0x0000, 0x0000, 0x0000, 0x0000, 0x0000, 0x0000, 0x0000, 0x0000, 0x0000, 0x0000, 0x0000, 0x0000,
    0x0000, 0x0000, 0x0000, 0x0000, 0x0000, 0x0000, 0x0000, 0x0000, 0x0000, 0x0000, 0x0000, 0x0000, 0x0000, 0x0000, 0x0000, 0x0000,
    0x0000, 0x0000, 0x0000, 0x0000, 0x0000, 0x0000, 0x0000, 0x0000, 0x0000, 0x0000, 0x0000, 0x0000, 0x0000, 0x0000, 0x0000, 0x0000,
    0x0000, 0x0000, 0x0000, 0x0000, 0x0000, 0x0000, 0x0000, 0x0000, 0x0000, 0x0000, 0x0000, 0x0000, 0x0000, 0x0000, 0x0000, 0x0000,
    0x0000, 0x0000, 0x0000, 0x0000, 0x0000, 0x0000, 0x0000, 0x0000, 0x0000, 0x0000, 0x0000, 0x0000, 0x0000, 0x0000, 0x0000, 0x0000,
    0x0000, 0x0000, 0x0000, 0x0000, 0x0000, 0x0000, 0x0000, 0x0000, 0x0000, 0x0000, 0x0000, 0x0000, 0x0000, 0x0000, 0x0000, 0x0000,
    0x0000, 0x0000, 0x0000, 0x0000, 0x0000, 0x0000, 0x0000, 0x0000, 0x0000, 0x0000, 0x0000, 0x0000, 0x0000, 0x0000, 0x0000, 0x0000,
    0x0000, 0x4f3d, 0x4f73, 0x5047, 0x50f9, 0x52a0, 0x53ef, 0x5475, 0x54e5, 0x5609, 0x5ac1, 0x5bb6, 0x6687, 0x67ef, 0x67b6, 0x6b4c,
    0x7a3c, 0x82db, 0x8304, 0x8857, 0x8888, 0x8a36, 0x8cc8, 0x8dcf, 0x8efb, 0x8fe6, 0x99d5, 0x523b, 0x5374, 0x5404, 0xf843, 0x606a,
    0x64f1, 0x6bbc, 0x73cf, 0x811a, 0x89ba, 0x89d2, 0x95a3, 0x520a, 0x58be, 0x5978, 0x59e6, 0x5e72, 0x5e79, 0x61c7, 0x63c0, 0x6746,
    0x6f97, 0x764e, 0x770b, 0x7a08, 0x7aff, 0x7c21, 0x826e, 0x8271, 0x809d, 0x8aeb, 0x9593, 0x4e6b, 0x559d, 0x66f7, 0x6e34, 0x78a3,
    0x7aed, 0x8910, 0x7faf, 0x845b, 0x97a8, 0x52d8, 0x574e, 0x582a, 0x5d4c, 0x611f, 0x61be, 0x6562, 0x67d1, 0x6a44, 0x6e1b, 0x7518,
    0x75b3, 0x76e3, 0x7d3a, 0x9163, 0x9451, 0x9f95, 0x5323, 0x5cac, 0x7532, 0x80db, 0x9240, 0x9598, 0x5ca1, 0x525b, 0x59dc, 0x5d17,
    0x5eb7, 0x5f3a, 0x5f4a, 0x6177, 0x6c5f, 0x7586, 0x7db1, 0x8941, 0x7ce0, 0x8154, 0x8591, 0x8b1b, 0x92fc, 0x964d, 0x4ecb, 0x4ef7,
    0x500b, 0x51f1, 0x6137, 0x613e, 0x6168, 0x6539, 0x69ea, 0x6f11, 0x75a5, 0x7686, 0x76d6, 0x7b87, 0x82a5, 0x84cb, 0x958b, 0x5ba2,
    0x5751, 0xf901, 0x7cb3, 0x7fb9, 0x91b5, 0x53bb, 0x5c45, 0x5de8, 0x62d2, 0x636e, 0x64da, 0x6e20, 0x70ac, 0x64e7, 0x8ddd, 0x907d,
    0xf902, 0xf844, 0x92f8, 0x4e7e, 0x4ef6, 0x5065, 0x5dfe, 0x5efa, 0x6106, 0x8654, 0x8e47, 0x9375, 0x9a2b, 0x4e5e, 0x5091, 0x6770,
    0x5109, 0x528d, 0x6aa2, 0x77bc, 0x9ed4, 0x52ab, 0x602f, 0x5048, 0x61a9, 0x63ed, 0x64ca, 0x683c, 0x6a84, 0x6fc0, 0x89a1, 0x9694,
    0x9abc, 0x5805, 0x80a9, 0x727d, 0x72ac, 0x7504, 0x7d79, 0x7e6d, 0x898b, 0x8b74, 0x9063, 0x9d51, 0x6f54, 0x6c7a, 0x7d50, 0x0000,
    0x7f3a, 0x8a23, 0x517c, 0x614a, 0x7b9d, 0x84b9, 0x8b19, 0x938c, 0x4eac, 0x50be, 0x52c1, 0x52cd, 0x537f, 0x54fd, 0x5883, 0x5e9a,
    0x5f91, 0x6176, 0x66bb, 0x6243, 0x64ce, 0x656c, 0x666f, 0x66f4, 0x6897, 0x6aa0, 0x6d87, 0x7085, 0x71b2, 0x749f, 0x74ca, 0x754a,
    0x75d9, 0x786c, 0x78ec, 0x7adf, 0x7af6, 0x7d45, 0x7d93, 0x8015, 0x803f, 0x811b, 0x8396, 0x8b66, 0x8f15, 0x9015, 0x93e1, 0x9803,
    0x9838, 0x9a5a, 0x9be8, 0x4fc2, 0x5553, 0x5951, 0x5b63, 0x5c46, 0x60b8, 0x6212, 0x6842, 0x68b0, 0x6eaa, 0x754c, 0x7678, 0x78ce,
    0xf845, 0x7a3d, 0x7cfb, 0x7e6b, 0x7e7c, 0x8a08, 0x8aa1, 0x968e, 0x8c3f, 0x96de, 0x9dc4, 0x53e9, 0x53e4, 0x544a, 0x5471, 0x56fa,
    0x59d1, 0x5b64, 0x5eab, 0x62f7, 0x6537, 0x6545, 0x6572, 0x67af, 0x6772, 0x6cbd, 0x75fc, 0x7690, 0x8831, 0x77bd, 0x7a3f, 0x777e,
    0x8003, 0x80a1, 0x818f, 0x82e6, 0x85c1, 0x88b4, 0x8a41, 0x8aa5, 0xf903, 0x8f9c, 0x932e, 0x96c7, 0x9867, 0x9ad8, 0x9f13, 0x54ed,
    0x659b, 0x66f2, 0x688f, 0x7a40, 0x8c37, 0x9d60, 0x56f0, 0x5764, 0x5d11, 0x6606, 0x68b1, 0x68cd, 0x6efe, 0x889e, 0x6c68, 0xf904,
    0x9aa8, 0x4f9b, 0x516c, 0x5171, 0x529f, 0x5b54, 0x5de5, 0x8ca2, 0x606d, 0x6050, 0x62f1, 0x63a7, 0x653b, 0x6831, 0x69d3, 0x7a7a,
    0x7b9c, 0x5be1, 0x6208, 0x679c, 0x74dc, 0x79d1, 0x83d3, 0x874c, 0x8a87, 0x8ab2, 0x904e, 0x9846, 0x5ed3, 0x69e8, 0x85ff, 0x90ed,
    0x970d, 0xf905, 0x51a0, 0x5b98, 0x5bec, 0x6163, 0x68fa, 0x74d8, 0x6b3e, 0x704c, 0x76e5, 0x7ba1, 0x7f50, 0x83c5, 0x89c0, 0x8cab,
    0x95dc, 0x9928, 0x9e1b, 0x522e, 0x605d, 0x62ec, 0x9002, 0x5149, 0x5321, 0x58d9, 0x5ee3, 0x66e0, 0x6d38, 0x72c2, 0x0000, 0x73d6,
    0x7b50, 0x80f1, 0x945b, 0x5366, 0x639b, 0x7f6b, 0x4e56, 0x5080, 0x584a, 0x58de, 0x602a, 0x6127, 0x62d0, 0x69d0, 0x9b41, 0x5b8f,
    0x7d18, 0x80b1, 0x8f5f, 0x4ea4, 0x50d1, 0x54ac, 0x55ac, 0x5b0c, 0x5da0, 0x5de7, 0x654e, 0x652a, 0x6821, 0x6a4b, 0x72e1, 0x768e,
    0x77ef, 0x7d5e, 0x7ff9, 0x81a0, 0x854e, 0x86df, 0x8f03, 0x8f4e, 0x90ca, 0x9278, 0x9903, 0x9a55, 0x9bab, 0x4e18, 0x4e45, 0x4e5d,
    0x4ec7, 0x4f5d, 0x4ff1, 0x50b4, 0x5177, 0x52fe, 0x5340, 0x53e3, 0x53e5, 0x548e, 0x5614, 0x57a2, 0x5abe, 0x5ad7, 0x5bc7, 0x5d87,
    0x5ed0, 0x61fc, 0x62d8, 0x6551, 0xf846, 0x67b8, 0x67e9, 0x69cb, 0x6b50, 0x6bc6, 0x6bec, 0x6c42, 0x6e9d, 0x7078, 0x72d7, 0x7396,
    0x7403, 0x750c, 0x77bf, 0x77e9, 0x7a76, 0x7d7f, 0x8cfc, 0x81fc, 0x8205, 0x820a, 0x82df, 0x8862, 0x89af, 0x8b33, 0x8ec0, 0x9011,
    0x90b1, 0x9264, 0x98b6, 0x99d2, 0x9a45, 0x9ce9, 0x9dd7, 0x9f9c, 0x570b, 0x5c40, 0x63ac, 0x83ca, 0x97a0, 0x9eb4, 0x7a98, 0x7fa4,
    0x8ecd, 0x541b, 0x90e1, 0x5800, 0x5c48, 0x6398, 0x7a9f, 0x5bae, 0x5f13, 0x7a79, 0x7aae, 0x8eac, 0x5026, 0x5238, 0x52f8, 0x5377,
    0x5708, 0x62f3, 0x6b0a, 0x7737, 0x53a5, 0x8e76, 0x95d5, 0x673a, 0x6ac3, 0x6f70, 0x8a6d, 0x8dea, 0x8ecc, 0x994b, 0x6b78, 0x8cb4,
    0x9b3c, 0xf907, 0x53eb, 0x572d, 0x594e, 0x63c6, 0x73ea, 0x7845, 0x7aba, 0x8475, 0x7cfe, 0x898f, 0x8d73, 0x9035, 0x95a8, 0x5747,
    0x7b60, 0x83cc, 0x921e, 0xf908, 0x6a58, 0x514b, 0x524b, 0x5287, 0x621f, 0x6975, 0x68d8, 0x9699, 0x50c5, 0x52e4, 0x5df9, 0x61c3,
    0x65a4, 0x6839, 0x69ff, 0x6f0c, 0x747e, 0x7b4b, 0x82b9, 0x83eb, 0x89b2, 0x8b39, 0x8fd1, 0x9949, 0xf909, 0x0000, 0x4eca, 0x64d2,
    0x6a8e, 0x7434, 0x7981, 0x79bd, 0x887f, 0x887e, 0x895f, 0xf90a, 0x9326, 0x53ca, 0x5c8c, 0x6025, 0x6271, 0x6c72, 0x7b08, 0x7d1a,
    0x7d66, 0x4e98, 0x5162, 0x77dc, 0x80af, 0x4f01, 0x4f0e, 0x5176, 0x5180, 0x55dc, 0x5668, 0x573b, 0x57fa, 0x5914, 0x5947, 0x5993,
    0x5bc4, 0x5c90, 0x8c48, 0x5d0e, 0x5e7e, 0x5df1, 0x5fcc, 0x6280, 0x65d7, 0x65e3, 0x671f, 0x675e, 0x68cb, 0x68c4, 0x6a5f, 0x6b3a,
    0x6c23, 0x6c7d, 0x6c82, 0x6dc7, 0x7426, 0x742a, 0x74a3, 0x7578, 0x757f, 0x7881, 0x78ef, 0x7947, 0x7948, 0x797a, 0x7b95, 0x7d00,
    0x7dba, 0xf847, 0x8006, 0x802d, 0x808c, 0x671e, 0x8a18, 0x8b4f, 0x8d77, 0x9321, 0x98e2, 0x9951, 0x9a0e, 0x9a0f, 0x9a65, 0x9c2d,
    0x9e92, 0x7dca, 0x4f76, 0x5409, 0x62ee, 0x6854, 0x91d1, 0xf848, 0x55ab, 0x513a, 0x61e6, 0x62cf, 0x62ff, 0x7cef, 0x90a3, 0x8afe,
    0x6696, 0x7156, 0x96e3, 0x637a, 0x634f, 0x5357, 0x5583, 0x7537, 0x7d0d, 0x56ca, 0x5a18, 0x66e9, 0x4e43, 0x5167, 0x5948, 0x67f0,
    0x8010, 0x8ffa, 0x5973, 0x5e74, 0x79ca, 0x5ff5, 0x606c, 0x62c8, 0x637b, 0x4f5e, 0x5be7, 0xf849, 0x52aa, 0x5974, 0x5b65, 0x5f29,
    0x6012, 0x7459, 0x6fc3, 0x81bf, 0x8fb2, 0x60f1, 0x8166, 0x5c3f, 0xf84a, 0x5ae9, 0x8a25, 0x7d10, 0x80fd, 0x5c3c, 0x6ce5, 0x533f,
    0x6eba, 0x591a, 0x8336, 0x4e39, 0x4f46, 0x55ae, 0x5718, 0x58c7, 0x65b7, 0x65e6, 0x6a80, 0x6bb5, 0x6e4d, 0x77ed, 0x7aef, 0x7c1e,
    0x7dde, 0x86cb, 0x8892, 0x9132, 0x935b, 0x977c, 0x601b, 0x64bb, 0x737a, 0x75b8, 0x9054, 0x95e5, 0x97c3, 0x5556, 0x64d4, 0x66c7,
    0x6de1, 0x6f6d, 0x6fb9, 0x75f0, 0x8043, 0x81bd, 0x8983, 0x8ac7, 0x8b5a, 0x6c93, 0x7b54, 0x8e0f, 0x0000, 0x905d, 0x515a, 0x5802,
    0x5858, 0x5e62, 0x5510, 0x649e, 0x68e0, 0x7576, 0x7cd6, 0x87f7, 0x9ee8, 0x4ee3, 0x5788, 0x5927, 0x5c0d, 0x5cb1, 0x5e36, 0x5f85,
    0x6234, 0x64e1, 0x73b3, 0x7893, 0x81fa, 0x888b, 0x8cb8, 0x968a, 0x9edb, 0x5b85, 0x5fb7, 0x60b3, 0x5012, 0x5200, 0x5230, 0x5716,
    0x5835, 0x5857, 0x5c0e, 0x5c60, 0x5cf6, 0x5ea6, 0x5f92, 0x60bc, 0x6311, 0x6417, 0x6843, 0x68f9, 0x6dd8, 0x6e21, 0x6ed4, 0x6fe4,
    0x71fe, 0x76dc, 0x7779, 0x79b1, 0x7a3b, 0x8404, 0x83df, 0x8ced, 0x8df3, 0x8e48, 0x9003, 0x9014, 0x9053, 0x90fd, 0x934d, 0x9676,
    0x97dc, 0x6bd2, 0x7006, 0x7258, 0x72a2, 0x7368, 0x7763, 0x79bf, 0x7be4, 0x7e9b, 0x8b80, 0x58a9, 0x60c7, 0x6566, 0x66be, 0x6c8c,
    0x71c9, 0x8c5a, 0x9813, 0x5484, 0x4e6d, 0x7a81, 0x4edd, 0x51ac, 0x51cd, 0x52d5, 0x540c, 0x578c, 0x61a7, 0x6771, 0x6850, 0x68df,
    0x6d1e, 0x6f7c, 0x7ae5, 0x75bc, 0x77b3, 0x8463, 0x80f4, 0x9285, 0x515c, 0x6597, 0x675c, 0x6793, 0x75d8, 0x7ac7, 0x8373, 0x809a,
    0x86aa, 0xf95a, 0x8c46, 0x982d, 0x5c6f, 0x81c0, 0x9041, 0x906f, 0x920d, 0x5f97, 0x6a59, 0x6ed5, 0x706f, 0x71c8, 0x767b, 0x7b49,
    0x85e4, 0x8b04, 0x9127, 0x9419, 0x9a30, 0x5587, 0x61f6, 0x7669, 0x7f85, 0x863f, 0x87ba, 0x88f8, 0x908f, 0xf95c, 0x6d1b, 0x70d9,
    0x7296, 0x73de, 0x7d61, 0x843d, 0x916a, 0x99f1, 0x4e82, 0x5375, 0x5e71, 0x6b04, 0x6b12, 0x703e, 0x721b, 0x862d, 0x9e1e, 0x524c,
    0x57d3, 0x8fa3, 0x5d50, 0x64e5, 0x652c, 0x6b16, 0x6feb, 0x7c43, 0x7e9c, 0x85cd, 0x8964, 0x89bd, 0x62c9, 0x81d8, 0x881f, 0x5eca,
    0x6717, 0x6994, 0x6d6a, 0x72fc, 0x7405, 0x746f, 0x8782, 0x90de, 0x4f86, 0x840a, 0x51b7, 0x0000, 0x63a0, 0x7565, 0x4eae, 0x5169,
    0x5006, 0x51c9, 0x6881, 0x6dbc, 0x6a11, 0x7cae, 0x7cb1, 0x7ce7, 0x826f, 0x8ad2, 0x8f1b, 0x91cf, 0x9b4e, 0x4fb6, 0x52f5, 0x5442,
    0x5eec, 0x623e, 0x65c5, 0x6ada, 0x6ffe, 0x7658, 0x792a, 0x8182, 0x85dc, 0x616e, 0x8823, 0x8821, 0x9462, 0x95ad, 0x9a62, 0x9a6a,
    0x9e97, 0x9ece, 0x529b, 0x6b77, 0x66c6, 0x6adf, 0x701d, 0x792b, 0x8f62, 0x9742, 0x6190, 0x6200, 0x6523, 0x6f23, 0x7149, 0x7df4,
    0x806f, 0x84ee, 0x8f26, 0x9023, 0x934a, 0x51bd, 0x52a3, 0x5217, 0x6d0c, 0x70c8, 0x88c2, 0x5ec9, 0x6582, 0x6bae, 0x6fc2, 0x7c3e,
    0x7375, 0x9b23, 0x4ee4, 0x4f36, 0x56f9, 0x5dba, 0x601c, 0x6624, 0x6ce0, 0x73b2, 0x7f9a, 0x7fce, 0x82d3, 0x86c9, 0x901e, 0x96f6,
    0x9748, 0x9234, 0x9818, 0x9f61, 0x4f8b, 0x79ae, 0x91b4, 0x96b7, 0x52de, 0x6488, 0x6ad3, 0x6f66, 0x7210, 0x7018, 0x76e7, 0x8001,
    0x826b, 0x8606, 0x865c, 0x8def, 0x8f05, 0x8f64, 0x9732, 0x9b6f, 0x9dfa, 0x9e75, 0x6f09, 0x788c, 0xf84b, 0x7da0, 0x8f46, 0x9304,
    0x9e93, 0x9e7f, 0x8ad6, 0x58df, 0x5f04, 0x6727, 0x7027, 0x74cf, 0x7c60, 0x807e, 0x5121, 0x7262, 0x78ca, 0x7c5f, 0x857e, 0x8a84,
    0x8cf4, 0x8cc2, 0x96f7, 0x4e86, 0x50da, 0xf84c, 0x5bee, 0x5ed6, 0x71ce, 0x7642, 0x77ad, 0x6599, 0x804a, 0x84fc, 0x907c, 0x9f8d,
    0x50c2, 0x58d8, 0x5c62, 0x6a13, 0x6dda, 0x6f0f, 0x7d2f, 0x7e37, 0x8938, 0x964b, 0x9acf, 0x5289, 0x67f3, 0x69b4, 0x6d41, 0x6e9c,
    0x7409, 0x7460, 0x7559, 0x7624, 0x786b, 0x8b2c, 0x985e, 0x516d, 0x622e, 0x9678, 0x502b, 0x5d19, 0x6dea, 0x7db8, 0x8f2a, 0x5f8b,
    0x6144, 0x6817, 0xf961, 0x7abf, 0x9686, 0x808b, 0x52d2, 0x51db, 0x5ee9, 0x51cc, 0x0000, 0x695e, 0x7a1c, 0x7dbe, 0x83f1, 0x9675,
    0x4fda, 0x5229, 0x5398, 0x540f, 0x5c65, 0x60a7, 0xf84d, 0x674e, 0x68a8, 0x6f13, 0x7281, 0x72f8, 0x7406, 0x7483, 0x75e2, 0x79bb,
    0x7f79, 0x7c6c, 0x87ad, 0x88cf, 0x91cc, 0x91d0, 0x96e2, 0x9b51, 0x9bc9, 0x541d, 0x71d0, 0x7498, 0x85fa, 0x8eaa, 0x96a3, 0x9c57,
    0x9e9f, 0x6797, 0x6dcb, 0x7433, 0x75f3, 0x81e8, 0x9716, 0x5ca6, 0x782c, 0x7acb, 0x7b20, 0x7c92, 0x5abd, 0x6469, 0x746a, 0x75f2,
    0x78e8, 0x87c7, 0x99ac, 0x9b54, 0x9ebb, 0x5bde, 0x5e55, 0x6f20, 0x819c, 0x83ab, 0x5a29, 0x5dd2, 0x5f4e, 0x6162, 0x633d, 0x6669,
    0x66fc, 0x6eff, 0x6f2b, 0x7063, 0x779e, 0x842c, 0x8513, 0x883b, 0x8b3e, 0x8f13, 0x93dd, 0x9945, 0x9b18, 0x9c3b, 0x62b9, 0x672b,
    0x6cab, 0x896a, 0x977a, 0x4ea1, 0x5984, 0x5fd8, 0x5fd9, 0x671b, 0x7db2, 0x7f54, 0x8292, 0x832b, 0x83bd, 0x9099, 0x9b4d, 0x57cb,
    0x59b9, 0x5a92, 0x5bd0, 0x6627, 0x679a, 0x6885, 0x6bcf, 0x7164, 0x771b, 0x7f75, 0x82fa, 0x8cb7, 0x8ce3, 0x9081, 0x9b45, 0x8108,
    0x8109, 0x8c8a, 0x964c, 0x9a40, 0x9ea5, 0x5b5f, 0x6c13, 0x731b, 0x76df, 0x76f2, 0x840c, 0x51aa, 0x8993, 0x4fdb, 0x514d, 0x52c9,
    0x5195, 0x68c9, 0x7704, 0x7720, 0x7dbf, 0x7dec, 0x9762, 0x9eb5, 0x6ec5, 0x8511, 0x547d, 0x51a5, 0x540d, 0x9cf4, 0x660e, 0x669d,
    0x6e9f, 0x76bf, 0x8317, 0x879f, 0x9169, 0x9298, 0x8882, 0x4fae, 0x52df, 0x5e3d, 0x59c6, 0x6155, 0x6478, 0x66ae, 0x5192, 0x67d0,
    0x6a21, 0x6bcd, 0x6bdb, 0x725f, 0x7261, 0x7738, 0x77db, 0x8004, 0x8017, 0x8305, 0x8b00, 0x8b28, 0x8c8c, 0x927e, 0x6728, 0x6c90,
    0x7267, 0x76ee, 0x7766, 0x7a46, 0x6b7f, 0x6c92, 0x5922, 0x6726, 0x6fdb, 0x0000, 0x77c7, 0x8499, 0x536f, 0x5893, 0x5999, 0x5edf,
    0x63cf, 0x6634, 0x6773, 0x6e3a, 0x732b, 0x82d7, 0x9328, 0x52d9, 0x5deb, 0x61cb, 0x620a, 0x62c7, 0x64ab, 0x65e0, 0x6b66, 0x6bcb,
    0x7121, 0x755d, 0x7e46, 0x821e, 0x8302, 0x856a, 0x8aa3, 0x8cbf, 0x9727, 0x9d61, 0x58a8, 0x9ed8, 0x520e, 0x543b, 0x6587, 0x6c76,
    0x7d0b, 0x7d0a, 0x868a, 0x9580, 0x554f, 0x805e, 0x52ff, 0x7269, 0x5473, 0x5a9a, 0x5c3e, 0x5d4b, 0x9761, 0x5f4c, 0x5fae, 0x672a,
    0x6e3c, 0x7030, 0x7709, 0x7c73, 0x7cdc, 0x7f8e, 0x8587, 0x8b0e, 0x8ff7, 0x60b6, 0x610d, 0x61ab, 0x654f, 0x65fc, 0x65fb, 0x6c11,
    0x6cef, 0x739f, 0x73c9, 0x9594, 0x95a9, 0x5bc6, 0x871c, 0x8b10, 0xf84e, 0x525d, 0x535a, 0x62cd, 0x640f, 0x64b2, 0x6734, 0x6a38,
    0x6b02, 0x6cca, 0x7254, 0x73c0, 0x749e, 0x7b94, 0x7e1b, 0x7c95, 0x818a, 0x8236, 0x8584, 0x8feb, 0x96f9, 0x99c1, 0x4f34, 0x534a,
    0x53cd, 0x53db, 0x62cc, 0x642c, 0x6500, 0x6591, 0x69c3, 0x6f58, 0x6cee, 0x73ed, 0x7554, 0x76e4, 0x78fb, 0x792c, 0x7d46, 0x80d6,
    0x87e0, 0x822c, 0x8fd4, 0x9812, 0x98ef, 0x52c3, 0x62d4, 0x6f51, 0x64a5, 0x767c, 0x8dcb, 0x91b1, 0x9262, 0x9aee, 0x9b43, 0x5023,
    0x508d, 0x574a, 0x59a8, 0x5c28, 0x5e47, 0x5f77, 0x623f, 0x653e, 0x65b9, 0x65c1, 0x6609, 0x699c, 0x7d21, 0x80aa, 0x8180, 0x822b,
    0x82b3, 0x84a1, 0x868c, 0x8a2a, 0x8b17, 0x90a6, 0x9632, 0x9ae3, 0x9b74, 0x9f90, 0x4ff3, 0x500d, 0xf963, 0x57f9, 0x5f98, 0x62dc,
    0x6392, 0x676f, 0x6e43, 0x76c3, 0x80da, 0x80cc, 0x88f5, 0x88f4, 0x8919, 0x8ce0, 0x8f29, 0x914d, 0x966a, 0x4f2f, 0x4f70, 0x5e1b,
    0x67cf, 0x6822, 0x767d, 0x767e, 0x9b44, 0x6a0a, 0xf84f, 0x7169, 0x0000, 0x756a, 0xf964, 0x7e41, 0x7ffb, 0x8543, 0x85e9, 0x98dc,
    0x4f10, 0x7b4f, 0x7f70, 0x95a5, 0x51e1, 0x5e06, 0x68b5, 0x6c3e, 0x6c4e, 0x6cdb, 0x72af, 0x7bc4, 0x8303, 0x6cd5, 0x743a, 0x50fb,
    0x5288, 0x58c1, 0x64d8, 0x74a7, 0x7656, 0x78a7, 0x8f9f, 0x95e2, 0x9739, 0xf965, 0x535e, 0x5f01, 0x6c74, 0x8fae, 0x8b8a, 0x8fa8,
    0x8faf, 0xf850, 0x908a, 0x99e2, 0x5225, 0x5f46, 0x77a5, 0x9c49, 0x9f08, 0x4e19, 0x5002, 0x5175, 0x5c5b, 0x5e77, 0x661e, 0x663a,
    0x67c4, 0x70b3, 0x7501, 0x75c5, 0x7add, 0x79c9, 0x8f27, 0x8ff8, 0x9920, 0x4fdd, 0x5821, 0x5831, 0x5bf6, 0x666e, 0x6b65, 0x6e7a,
    0x6d11, 0x6f7d, 0x752b, 0x88dc, 0x8913, 0x8b5c, 0x8f14, 0x9d07, 0x9efc, 0x4f0f, 0x50d5, 0x5310, 0x535c, 0x5b93, 0x5fa9, 0x798f,
    0x670d, 0x8179, 0x832f, 0x8514, 0x8986, 0x8760, 0x8907, 0x8f3b, 0x99a5, 0x9c12, 0x672c, 0x4e76, 0x4e30, 0x4ff8, 0x5949, 0x5c01,
    0x5cf0, 0x5cef, 0x6367, 0x742b, 0x68d2, 0x70fd, 0x7e2b, 0x8451, 0x84ec, 0x8702, 0x9022, 0x92d2, 0x9cf3, 0x4ec6, 0x4ed8, 0x5085,
    0x5256, 0x526f, 0x5426, 0x57e0, 0x592b, 0x5a66, 0x5b75, 0x5bcc, 0x5e9c, 0xf966, 0x6276, 0x6577, 0x65a7, 0x6d6e, 0x6ea5, 0x7236,
    0x7c3f, 0x7f36, 0x7b26, 0x7f58, 0x8151, 0x8150, 0x819a, 0x8299, 0x82fb, 0x8709, 0x8a03, 0x8ca0, 0x8ce6, 0x8cfb, 0x8d74, 0x8dba,
    0x90e8, 0x91dc, 0x961c, 0x9644, 0x982b, 0x99d9, 0x9b92, 0x9ce7, 0x5317, 0x5206, 0x5674, 0xf851, 0x58b3, 0x5954, 0x596e, 0x5fff,
    0x61a4, 0x626e, 0x6c7e, 0x711a, 0x76c6, 0x7c89, 0x7cde, 0x7d1b, 0x82ac, 0x8561, 0x96f0, 0xf967, 0x4f5b, 0xf852, 0x5f17, 0x62c2,
    0x9af4, 0x9efb, 0x5d29, 0x670b, 0x68da, 0x787c, 0x7e43, 0x0000, 0x9d6c, 0x4e15, 0x5099, 0x5315, 0x532a, 0x5351, 0x5983, 0x59a3,
    0x5a62, 0x5e87, 0x60b2, 0x618a, 0x6249, 0x6279, 0x6590, 0xf853, 0x69a7, 0x6c98, 0xf968, 0x6cb8, 0x6bd4, 0x6bd8, 0x7435, 0x75fa,
    0x7765, 0x7812, 0x7891, 0x79d8, 0x7be6, 0x7dcb, 0x7fe1, 0x80a5, 0x8153, 0x813e, 0x81c2, 0x83f2, 0x871a, 0x88e8, 0x8ab9, 0x8b6c,
    0x8cbb, 0x8f61, 0x9119, 0x975e, 0x98db, 0x9ac0, 0x9f3b, 0x5b2a, 0x8cd3, 0x5f6c, 0x64ef, 0x658c, 0x6ab3, 0x6baf, 0x6ff1, 0x7015,
    0x725d, 0x860b, 0x8ca7, 0xf854, 0x983b, 0x9870, 0x9b22, 0x6191, 0x6c37, 0x8058, 0x9a01, 0x4e4d, 0x4e8b, 0x4e9b, 0x4ed5, 0x4f3c,
    0x4f3a, 0x820d, 0x4f7f, 0x50ff, 0x53f2, 0x53f8, 0x56db, 0x5506, 0x55e3, 0x58eb, 0x5962, 0x59d2, 0x5a11, 0x5beb, 0x5bfa, 0x5df3,
    0x5e2b, 0xf855, 0x5f99, 0x601d, 0x6368, 0x8d66, 0x65af, 0x659c, 0x67fb, 0x68ad, 0x6942, 0x69ce, 0x6c99, 0x6cd7, 0x6e23, 0x7009,
    0x90aa, 0x7345, 0x7940, 0x793e, 0x7960, 0x6b7b, 0x7802, 0x79c1, 0x7b25, 0x7be9, 0x84d1, 0x7d17, 0x7d72, 0x838e, 0x86c7, 0x88df,
    0x8a50, 0x8a5e, 0x8b1d, 0x8cdc, 0x5c04, 0x8fad, 0x8086, 0x98fc, 0x99df, 0x524a, 0xf969, 0x69ca, 0x6714, 0xf96a, 0x9460, 0x5098,
    0x522a, 0x5c71, 0x6563, 0x6c55, 0x73ca, 0x7523, 0x759d, 0x7b97, 0x849c, 0x9178, 0x6492, 0x6bba, 0x4e77, 0x85a9, 0x4e09, 0xf96b,
    0x6749, 0x68ee, 0x6e17, 0x886b, 0x829f, 0x8518, 0x6b43, 0x63f7, 0x6f81, 0x98af, 0x9364, 0x970e, 0x4e0a, 0x50b7, 0x50cf, 0x511f,
    0x5546, 0x55aa, 0x5617, 0x723d, 0x5b40, 0x5c19, 0x5e8a, 0x5ea0, 0x5ec2, 0x5e38, 0x60f3, 0x76f8, 0x6851, 0x6a61, 0x6ba4, 0x6e58,
    0x72c0, 0x7240, 0x7965, 0x7bb1, 0x7fd4, 0x88f3, 0x0000, 0x89f4, 0x8c61, 0x8cde, 0x8a73, 0x971c, 0x585e, 0x74bd, 0x8cfd, 0x9c13,
    0xf96c, 0x7a61, 0x7d22, 0x8272, 0x7272, 0x751f, 0x7525, 0xf96d, 0x7b19, 0x566c, 0x58fb, 0x5885, 0x5a7f, 0x7280, 0x5dbc, 0x5e8f,
    0x5eb6, 0x5f90, 0x6055, 0x6292, 0x654d, 0x6691, 0x66d9, 0x66f8, 0x6816, 0x68f2, 0x745e, 0x7d6e, 0x7dd6, 0x7f72, 0x80e5, 0x8212,
    0x85af, 0x897f, 0x8a93, 0x92e4, 0x901d, 0x9ecd, 0xf856, 0x9f20, 0x5915, 0x596d, 0xf857, 0x5e2d, 0x60dc, 0x6614, 0x6673, 0x6790,
    0x6c50, 0x6dc5, 0x6f5f, 0x77f3, 0x78a9, 0x84c6, 0x91cb, 0x932b, 0x5148, 0x4ed9, 0x50ca, 0xf858, 0x5584, 0x5ba3, 0x5c20, 0x6103,
    0x6247, 0x65cb, 0xf859, 0x717d, 0x71f9, 0x79aa, 0x7444, 0x7487, 0x74bf, 0x766c, 0x7dda, 0x7e55, 0x7fa8, 0x817a, 0x81b3, 0x8239,
    0x861a, 0x87ec, 0x8a75, 0x8de3, 0x9078, 0x9291, 0xf85a, 0x9bae, 0x5070, 0x5368, 0x820c, 0xf85b, 0x5c51, 0x6308, 0x6954, 0x6d29,
    0x6e2b, 0x859b, 0x8a2d, 0x8aaa, 0x96ea, 0x6bb2, 0x7e96, 0x87fe, 0x8d0d, 0x66b9, 0x9583, 0x71ee, 0x651d, 0x6d89, 0xf96e, 0x57ce,
    0x59d3, 0x6027, 0x60fa, 0x6210, 0x661f, 0x665f, 0x7329, 0x76db, 0x7701, 0x7b6c, 0x8056, 0x8072, 0x8165, 0x8aa0, 0x9192, 0x4e16,
    0x52e2, 0x6b72, 0x6d17, 0x7a05, 0x7b39, 0x7d30, 0xf96f, 0x8cb0, 0x53ec, 0x562f, 0x5851, 0x5c0f, 0x5c11, 0x5bb5, 0x5de2, 0x6383,
    0x6414, 0x6240, 0x662d, 0x68b3, 0x6cbc, 0x6d88, 0x6eaf, 0x701f, 0x70a4, 0x71d2, 0x7526, 0x758e, 0x758f, 0x7b11, 0x7c2b, 0x7d20,
    0x7d39, 0x8258, 0x852c, 0x856d, 0x8607, 0x8a34, 0x900d, 0x9061, 0x90b5, 0x92b7, 0x9704, 0x97f6, 0x9a37, 0x4fd7, 0x5c6c, 0x675f,
    0x7c9f, 0x7e8c, 0x901f, 0x5b6b, 0x640d, 0x0000, 0x905c, 0x7387, 0x87c0, 0x5b8b, 0x677e, 0x8a1f, 0x8aa6, 0x9001, 0x980c, 0x5237,
    0xf970, 0x7051, 0x7463, 0x788e, 0x9396, 0x8870, 0x91d7, 0x4fee, 0x53d7, 0x53df, 0x56da, 0x55fd, 0x5782, 0x58fd, 0x5ac2, 0x5b88,
    0xf85c, 0x5cab, 0x5e25, 0x620d, 0x6101, 0x624b, 0x6388, 0x641c, 0x6536, 0x6578, 0x666c, 0x6a39, 0x6b8a, 0x71e7, 0x6c34, 0x6d19,
    0x6eb2, 0x6f31, 0x72e9, 0x7378, 0x795f, 0x7626, 0x7761, 0xf85d, 0x79c0, 0x7a57, 0x7aea, 0x7cb9, 0x7d8f, 0x7dac, 0x7e61, 0x7f9e,
    0x8129, 0x8331, 0x8490, 0x84da, 0x85ea, 0x8896, 0x8ab0, 0x8f38, 0x9042, 0x9083, 0x916c, 0x9296, 0x92b9, 0x968b, 0x96a8, 0x96d6,
    0x9700, 0x9808, 0x9996, 0x9ad3, 0x9b1a, 0x53d4, 0x587e, 0x5919, 0x5b70, 0x5bbf, 0x6dd1, 0x719f, 0x8085, 0x83fd, 0x5faa, 0x6042,
    0x65ec, 0x696f, 0x6b89, 0x6d35, 0x6df3, 0x73e3, 0x76fe, 0x77ac, 0x7b4d, 0x7d14, 0x8123, 0x821c, 0x8340, 0x8a62, 0x5de1, 0x9187,
    0x931e, 0x9806, 0x99b4, 0x9d89, 0x620c, 0x8853, 0x8ff0, 0x5d07, 0x5d27, 0x5d69, 0x745f, 0x819d, 0x8671, 0x8768, 0x62fe, 0x6fd5,
    0x7fd2, 0x8936, 0x8972, 0x4e1e, 0x4e58, 0x50e7, 0x5347, 0x627f, 0x6607, 0x52dd, 0x7e69, 0x8805, 0x965e, 0x4f8d, 0x5319, 0x557b,
    0x5636, 0x59cb, 0x5aa4, 0xf85e, 0x5c38, 0x5c4d, 0x5e02, 0x5f11, 0x6043, 0x65bd, 0x662f, 0x6642, 0x67be, 0x67f4, 0x731c, 0x77e2,
    0x793a, 0x8996, 0x7de6, 0x7fc5, 0x8494, 0x84cd, 0x8a69, 0x8a66, 0x8ae1, 0x8c7a, 0x57f4, 0x5bd4, 0x5f0f, 0x606f, 0x62ed, 0x690d,
    0x6b96, 0x6e5c, 0x7184, 0x8b58, 0x8efe, 0x98df, 0x98fe, 0x4f38, 0x4fe1, 0x547b, 0x5a20, 0x5bb8, 0x613c, 0x65b0, 0x6668, 0x71fc,
    0x7533, 0x77e7, 0x795e, 0x7d33, 0x0000, 0x814e, 0x81e3, 0x8398, 0x85aa, 0x8703, 0x8a0a, 0x8eab, 0x8f9b, 0xf971, 0x8fc5, 0x5931,
    0x5ba4, 0x5be6, 0x6089, 0xf85f, 0x5be9, 0x5c0b, 0x5fc3, 0xf972, 0x6c81, 0x6df1, 0x700b, 0x751a, 0x82af, 0x4ec0, 0x5341, 0xf973,
    0x96d9, 0x6c0f, 0x4e9e, 0x4fc4, 0x5152, 0x5a25, 0x5ce8, 0x6211, 0x7259, 0x82bd, 0x86fe, 0x8859, 0x8a1d, 0x963f, 0x96c5, 0x9913,
    0x9d09, 0x9d5d, 0x580a, 0x5cb3, 0x5dbd, 0x6115, 0x60e1, 0x63e1, 0x6a02, 0x6e25, 0x843c, 0x984e, 0x9f77, 0x5b89, 0x5cb8, 0x6309,
    0x664f, 0x6848, 0x773c, 0x96c1, 0x8d0b, 0x978d, 0x9854, 0x9d08, 0x621e, 0x65a1, 0x8b01, 0x8ecb, 0x904f, 0x95bc, 0x5d52, 0x5dd6,
    0x5eb5, 0x6697, 0x764c, 0x83f4, 0x8af3, 0x95c7, 0x9eef, 0x58d3, 0x62bc, 0x72ce, 0x9d28, 0x4ef0, 0x592e, 0x600f, 0x663b, 0x6b83,
    0x79e7, 0x9785, 0x9d26, 0x5393, 0x57c3, 0x5d16, 0x611b, 0x6b38, 0x6daf, 0x769a, 0x66d6, 0x788d, 0x7919, 0x827e, 0x54c0, 0x9698,
    0x9744, 0x9749, 0x5384, 0x6396, 0x6db2, 0x814b, 0x9628, 0x984d, 0x6afb, 0x7f4c, 0x9daf, 0x9e1a, 0x4e5f, 0x503b, 0x51b6, 0x591c,
    0xf860, 0x63f6, 0x6930, 0x723a, 0x8036, 0xf974, 0x60f9, 0x91ce, 0x5f31, 0x7bdb, 0x7c65, 0x7d04, 0x82e5, 0x846f, 0x85e5, 0x8e8d,
    0x4f6f, 0x58e4, 0x5b43, 0x6059, 0x63da, 0x6518, 0x656d, 0x6698, 0x694a, 0x6a23, 0x6d0b, 0x7001, 0x716c, 0x7a70, 0x75d2, 0x760d,
    0x7f8a, 0x7f98, 0x8944, 0x8b93, 0x91c0, 0x967d, 0x990a, 0x5704, 0x5fa1, 0x6554, 0x65bc, 0x6f01, 0x79a6, 0x8a9e, 0x99ad, 0x9b5a,
    0x9f6c, 0x5104, 0x61b6, 0x6291, 0x6a8d, 0x81c6, 0x5043, 0x5830, 0x5f66, 0x7109, 0x8a00, 0x8afa, 0x5b7c, 0x513c, 0x56b4, 0x5944,
    0x63a9, 0x6df9, 0x5daa, 0x0000, 0x696d, 0x605a, 0x4e88, 0x4f59, 0x5982, 0x6b5f, 0x6c5d, 0x8207, 0x9918, 0x4ea6, 0x57df, 0xf861,
    0x5f79, 0x6613, 0x75ab, 0x7e79, 0x8b6f, 0x9006, 0x9a5b, 0x56a5, 0x5827, 0x59f8, 0x5a1f, 0x5bb4, 0x5ef6, 0x6350, 0xf991, 0x693d,
    0x6cbf, 0x6d93, 0x6d8e, 0x6df5, 0x6f14, 0x70df, 0x7136, 0x7159, 0x71c3, 0x71d5, 0x784f, 0x786f, 0x7b75, 0x7de3, 0xf862, 0x81d9,
    0x8815, 0x884d, 0x8b8c, 0x8edf, 0x925b, 0x9cf6, 0xf99e, 0x6085, 0x6d85, 0x71b1, 0xf9a1, 0x95b1, 0x53ad, 0x5869, 0x67d3, 0x708e,
    0x7130, 0x9e7d, 0x82d2, 0x8276, 0x95bb, 0x995c, 0x9ae5, 0x66c4, 0x71c1, 0x8449, 0x584b, 0x5b30, 0x5f71, 0x6620, 0x668e, 0x6979,
    0x69ae, 0x6c38, 0x6cf3, 0x6f41, 0x701b, 0x71df, 0x745b, 0xf9ae, 0x74d4, 0x76c8, 0x7e93, 0x82f1, 0x8a60, 0x8fce, 0x502a, 0x5208,
    0x53e1, 0x66f3, 0x6fca, 0x730a, 0x7768, 0x777f, 0x7ff3, 0x82ae, 0x854b, 0x85dd, 0x8602, 0x88d4, 0x8a63, 0x8b7d, 0x8c6b, 0x92b3,
    0x9713, 0x9810, 0x4e94, 0x4f0d, 0x50b2, 0x5348, 0x5433, 0x55da, 0x58ba, 0x5967, 0x5a1b, 0x5be4, 0x609f, 0xf9b9, 0x65ff, 0x6664,
    0x68a7, 0x6c5a, 0x70cf, 0x7352, 0x8708, 0x8aa4, 0x9068, 0x543e, 0x5c4b, 0x6c83, 0x7344, 0x7389, 0x923a, 0x5abc, 0x6eab, 0x7465,
    0x761f, 0x7a69, 0x8580, 0x860a, 0x9c2e, 0x5140, 0x58c5, 0x74ee, 0x7670, 0x64c1, 0x7515, 0x7fc1, 0x9095, 0x96cd, 0x6e26, 0x74e6,
    0x7aa9, 0x86d9, 0x8778, 0x8a1b, 0x81e5, 0x5a49, 0x5b8c, 0x5b9b, 0x6d63, 0x73a9, 0x742c, 0x7897, 0x7de9, 0x7feb, 0x8155, 0x839e,
    0x8c4c, 0x962e, 0x9811, 0x66f0, 0x5f80, 0x65fa, 0x6789, 0x6c6a, 0x738b, 0x502d, 0x6b6a, 0x77ee, 0x5916, 0x5dcd, 0x7325, 0x754f,
    0x50e5, 0x51f9, 0x0000, 0x582f, 0x592d, 0x5996, 0x59da, 0x5da2, 0x62d7, 0x6416, 0x64fe, 0x66dc, 0x8170, 0xf9bf, 0x6a48, 0x7464,
    0x7a88, 0x7aaf, 0x7e47, 0x7e5e, 0x8000, 0x8558, 0x87ef, 0x8981, 0x8b20, 0x9059, 0x9080, 0x9952, 0x8fb1, 0x617e, 0x6b32, 0x6d74,
    0x8925, 0x50ad, 0x52c7, 0x5bb9, 0x5eb8, 0x5197, 0x6995, 0x6e67, 0x6eb6, 0x7194, 0x7462, 0x7528, 0x8073, 0x8202, 0x8338, 0x84c9,
    0x86f9, 0x8e0a, 0x9394, 0x93de, 0x4f51, 0x5076, 0x512a, 0x53c8, 0x53cb, 0x53f3, 0x5401, 0x5b87, 0x5bd3, 0x5c24, 0x4e8e, 0x611a,
    0x6182, 0x725b, 0x76c2, 0x7950, 0x7991, 0x79b9, 0x7fbd, 0x828b, 0x865e, 0x8fc2, 0x9047, 0x90f5, 0x9685, 0x96e8, 0x96e9, 0x65ed,
    0x6631, 0x715c, 0x7a36, 0x90c1, 0x980a, 0x4e91, 0xf9c5, 0x6b9e, 0x8018, 0x82b8, 0x904b, 0x9695, 0x96f2, 0x97fb, 0x71a8, 0x851a,
    0x9b31, 0x718a, 0x96c4, 0x5143, 0x539f, 0x54e1, 0x5712, 0x5713, 0x7230, 0x57a3, 0x5a9b, 0x5bc3, 0x6028, 0x613f, 0x63f4, 0x6e90,
    0x733f, 0x7457, 0x82d1, 0x873f, 0x8881, 0x8f45, 0x9060, 0x9662, 0x9858, 0x9d1b, 0x6708, 0x8d8a, 0x925e, 0x4f4d, 0x5049, 0x50de,
    0x5371, 0x570d, 0x59d4, 0x5c09, 0x5e43, 0x6170, 0x5a01, 0x6e2d, 0x7232, 0x744b, 0x7def, 0x80c3, 0x840e, 0x8466, 0x875f, 0x885b,
    0x885e, 0x8b02, 0x9055, 0x97cb, 0x9b4f, 0x4e73, 0x6538, 0x4f91, 0x5112, 0x516a, 0x5e7c, 0x552f, 0x55a9, 0x56ff, 0x5b7a, 0x5ba5,
    0x5e37, 0x5e7d, 0x5ebe, 0x60a0, 0x60df, 0x6109, 0x6108, 0x63c4, 0x6709, 0x67d4, 0x67da, 0x6961, 0x6cb9, 0x6e38, 0x6fe1, 0x7336,
    0x745c, 0x7531, 0x7652, 0x7dad, 0x81fe, 0x8438, 0x8564, 0x88d5, 0x8a98, 0x8adb, 0x8aed, 0x8e42, 0x8e30, 0x904a, 0x903e, 0x907a,
    0x9149, 0x0000, 0x91c9, 0x936e, 0x9edd, 0x6bd3, 0x8089, 0x80b2, 0x9b3b, 0x5141, 0x596b, 0x5c39, 0x6f64, 0x73a7, 0x80e4, 0x958f,
    0x807f, 0x620e, 0x7d68, 0x878d, 0x57a0, 0x6069, 0x6147, 0x6abc, 0x6bb7, 0x73e2, 0x9280, 0x8abe, 0x96b1, 0x9f66, 0x4e59, 0x541f,
    0x6deb, 0x852d, 0x9670, 0x98ee, 0x97f3, 0x6339, 0x63d6, 0x6ce3, 0x9091, 0x51dd, 0x61c9, 0x81ba, 0x9df9, 0x4f9d, 0x501a, 0x5100,
    0x7591, 0x77e3, 0x5b9c, 0x610f, 0x61ff, 0x64ec, 0x6bc5, 0x7fa9, 0x8264, 0x87fb, 0x8863, 0x8abc, 0x8b70, 0x91ab, 0x4e8c, 0x4ee5,
    0x4f0a, 0x5937, 0x59e8, 0x5df2, 0x8cb3, 0x5f1b, 0x5f5b, 0x6021, 0xf9e0, 0x682e, 0x723e, 0x73e5, 0x7570, 0x75cd, 0x79fb, 0x800c,
    0x8033, 0x8351, 0x98f4, 0x990c, 0x9823, 0x7037, 0x7ffc, 0x76ca, 0x7fca, 0x7fcc, 0x4eba, 0x4ec1, 0x4ede, 0x5203, 0x5370, 0x54bd,
    0x56e0, 0x59fb, 0x5bc5, 0x5f15, 0x5fcd, 0x6e6e, 0x8a8d, 0x976d, 0x9777, 0x4e00, 0x4f7e, 0x58f9, 0x65e5, 0x6ea2, 0x9038, 0x93b0,
    0x99b9, 0x4efb, 0x58ec, 0x598a, 0x59d9, 0x7a14, 0x834f, 0x8cc3, 0x5165, 0x4ecd, 0x5b55, 0x5269, 0x4ed4, 0x523a, 0x54a8, 0x59c9,
    0x59ff, 0x5b50, 0x5b5c, 0x5b57, 0x6063, 0x6148, 0x6ecb, 0x7099, 0x716e, 0x7386, 0x74f7, 0x75b5, 0x7725, 0x78c1, 0x7ca2, 0x7d2b,
    0x8005, 0x8014, 0x81ea, 0x8517, 0x85c9, 0x89dc, 0x8aee, 0x8cc7, 0x8d6d, 0x96cc, 0x4f5c, 0x52fa, 0x56bc, 0x65ab, 0x6628, 0x67de,
    0x707c, 0x70b8, 0x7235, 0x7dbd, 0x828d, 0x914c, 0x96c0, 0x9d72, 0x68e7, 0x6b98, 0x6f7a, 0x76de, 0x5c91, 0x66ab, 0x6f5b, 0x6f5c,
    0x7bb4, 0x7c2a, 0x8695, 0x8836, 0x96dc, 0x4e08, 0x4ed7, 0x5320, 0x5834, 0x58bb, 0x596c, 0x5d82, 0x5e33, 0x5e84, 0x5f35, 0x638c,
    0x0000, 0x66b2, 0x6756, 0x6a1f, 0x6aa3, 0x6b0c, 0x6f3f, 0x58ef, 0x5c07, 0x7246, 0xf9fa, 0x7350, 0x748b, 0x7634, 0x7ae0, 0x7ca7,
    0x8178, 0x81df, 0x838a, 0x846c, 0x8523, 0x8594, 0x85cf, 0x88c5, 0x88dd, 0x8d13, 0x91ac, 0x9577, 0x969c, 0x518d, 0x54c9, 0x5728,
    0x5bb0, 0x624d, 0x6750, 0x683d, 0x6893, 0x6ed3, 0x707d, 0x7e94, 0x88c1, 0x8ca1, 0x8f09, 0x9f4b, 0x9f4e, 0x722d, 0x7b8f, 0x8acd,
    0x931a, 0x4f4e, 0x4f47, 0x5132, 0x5480, 0x59d0, 0x5e95, 0x62b5, 0x6775, 0x67e2, 0x696e, 0x6a17, 0x6cae, 0x6e1a, 0x72d9, 0x732a,
    0x75bd, 0x7bb8, 0x82e7, 0x8457, 0x85f7, 0x86c6, 0x8a5b, 0x8c6c, 0x8caf, 0x8e87, 0x9019, 0x90b8, 0x52e3, 0x5ae1, 0x5bc2, 0x6458,
    0x6575, 0x6ef4, 0x72c4, 0x7684, 0x7a4d, 0x7b1b, 0x7c4d, 0x7cf4, 0x7e3e, 0x837b, 0x8b2b, 0x8cca, 0x8d64, 0x8de1, 0x8e5f, 0x8fea,
    0x8ff9, 0x9069, 0x50b3, 0x5168, 0x5178, 0x524d, 0x526a, 0x56c0, 0x5861, 0x5960, 0x5c08, 0x5c55, 0x5dd3, 0x5edb, 0x609b, 0x6230,
    0x6813, 0x6bbf, 0x6c08, 0x6fb1, 0x714e, 0x7530, 0x7538, 0x7672, 0x78da, 0x7b8b, 0x7bad, 0x7bc6, 0x7e8f, 0x7fe6, 0x8a6e, 0x8f3e,
    0x8f49, 0x923f, 0x9293, 0x9322, 0x96fb, 0x985a, 0x986b, 0x991e, 0x5207, 0x622a, 0x6298, 0x6d59, 0x7a83, 0x7aca, 0x7bc0, 0x7d76,
    0x5360, 0x5cbe, 0x5e97, 0x6f38, 0x70b9, 0x9ede, 0x7c98, 0x9711, 0x63a5, 0x647a, 0x6904, 0x8776, 0x4e01, 0x4e95, 0x4ead, 0x505c,
    0x5075, 0x5448, 0x59c3, 0x5e40, 0x5ef7, 0x5f81, 0x5b9a, 0x5ead, 0x60c5, 0x633a, 0x653f, 0x6574, 0x65cc, 0x6676, 0x6678, 0x6883,
    0x6968, 0x6b63, 0x6c40, 0x6de8, 0x6e1f, 0x753a, 0x775b, 0x7887, 0x798e, 0x7a0b, 0x7a7d, 0x9756, 0x7cbe, 0x8247, 0x8a02, 0x0000,
    0x8aea, 0x8c9e, 0x912d, 0x914a, 0x91d8, 0x9266, 0x9320, 0x9706, 0x975c, 0x9802, 0x9f0e, 0x5236, 0x5291, 0x557c, 0x5824, 0x5e1d,
    0x5f1f, 0x608c, 0x63d0, 0x6662, 0x68af, 0x6fdf, 0x7445, 0x81cd, 0x796d, 0x7b2c, 0x85ba, 0x88fd, 0x8af8, 0x8e36, 0x8e44, 0x918d,
    0x9664, 0x969b, 0x973d, 0x984c, 0x9f4a, 0x4fce, 0x51cb, 0x5146, 0x52a9, 0xf863, 0x5632, 0x566a, 0x5f14, 0x5f6b, 0x63aa, 0x64cd,
    0x65e9, 0x6641, 0x66fa, 0x66f9, 0x671d, 0x689d, 0x68d7, 0x69fd, 0x6f15, 0x6f6e, 0x7167, 0x71e5, 0x722a, 0x7681, 0x773a, 0x7956,
    0x795a, 0x79df, 0x7a20, 0x7a95, 0x7ac8, 0x7b0a, 0x7c97, 0x7cdf, 0x7cf6, 0x7d44, 0x7d5b, 0x7e70, 0x8087, 0x85fb, 0x86a4, 0x8a54,
    0x8abf, 0x8d99, 0x8e81, 0x9020, 0x906d, 0x91e3, 0x963b, 0x9bdb, 0x9ce5, 0x65cf, 0x7c07, 0x8db3, 0x93c3, 0x5b58, 0x5c0a, 0x5352,
    0x62d9, 0x731d, 0x5027, 0x5b97, 0x5f9e, 0x616b, 0x68d5, 0x6a05, 0x6dd9, 0x742e, 0x7a2e, 0x7d42, 0x7d9c, 0x7e31, 0x816b, 0x8e35,
    0x8e64, 0x937e, 0x9418, 0x4f50, 0x5750, 0x5de6, 0x5ea7, 0x632b, 0x7f6a, 0x4e3b, 0x4f4f, 0x4f8f, 0x505a, 0x5eda, 0x546a, 0x5468,
    0x55fe, 0x594f, 0x5b99, 0x5dde, 0x665d, 0x6731, 0x67f1, 0x682a, 0x70b7, 0x6ce8, 0x6d32, 0x9152, 0x73e0, 0x7587, 0x851f, 0x7c4c,
    0x7d02, 0x7d2c, 0x7da2, 0x8098, 0x80c4, 0x821f, 0x86db, 0x8a3b, 0x8a85, 0x8d70, 0x8e8a, 0x8f33, 0x914e, 0x9031, 0x9444, 0x99d0,
    0x7af9, 0x7ca5, 0x4fca, 0x5101, 0x51c6, 0x57c8, 0x5cfb, 0x6659, 0x6a3d, 0x6d5a, 0x6e96, 0x6fec, 0x756f, 0x7ae3, 0x8822, 0x9021,
    0x9075, 0x96bc, 0x99ff, 0x8301, 0x4e2d, 0x4ef2, 0x8846, 0x91cd, 0xf864, 0x537d, 0x6adb, 0x696b, 0x6c41, 0x847a, 0x0000, 0x589e,
    0x618e, 0x62ef, 0x70dd, 0x66fe, 0x7511, 0x75c7, 0x84b8, 0x8a3c, 0x8b49, 0x8d08, 0x4e4b, 0x53ea, 0x54ab, 0x5730, 0x5740, 0x5fd7,
    0x6301, 0x6307, 0x646f, 0x652f, 0x65e8, 0x667a, 0x679d, 0x67b3, 0x6b62, 0x6c60, 0x6f2c, 0x75e3, 0x77e5, 0x7825, 0x7957, 0x7949,
    0x7d19, 0x80a2, 0x8102, 0x81f3, 0x829d, 0x8718, 0x8a8c, 0xf9fc, 0x8d04, 0x8dbe, 0x9072, 0x76f4, 0x7a19, 0x7a37, 0x7e54, 0x8077,
    0x8fb0, 0x55d4, 0x5875, 0x632f, 0x6649, 0x699b, 0x6d25, 0x6eb1, 0x73cd, 0x7468, 0x74a1, 0x75b9, 0x76e1, 0x771e, 0x778b, 0x79e6,
    0x7e09, 0x8a3a, 0x8cd1, 0x8eeb, 0x9032, 0x93ad, 0x9663, 0x9673, 0x9707, 0x53f1, 0x7a92, 0x59ea, 0x5ac9, 0x5e19, 0x684e, 0x75be,
    0x79e9, 0x81a3, 0x86ed, 0x8cea, 0x8dcc, 0x8fed, 0x659f, 0x6715, 0x57f7, 0x96c6, 0x7ddd, 0x8f2f, 0x5fb5, 0x61f2, 0x6f84, 0x4e14,
    0x501f, 0x7b9a, 0x53c9, 0x55df, 0x5dee, 0x5d6f, 0x6b21, 0x6b64, 0x78cb, 0xf9fe, 0x8e49, 0x906e, 0x8eca, 0x6349, 0x643e, 0x7740,
    0x7a84, 0x932f, 0x947f, 0x9f6a, 0x64b0, 0x6faf, 0x71e6, 0x74a8, 0x74da, 0x7ac4, 0x7e82, 0x7cb2, 0x7e98, 0x8b9a, 0x8d0a, 0x947d,
    0xf865, 0x9910, 0x994c, 0x5239, 0x5bdf, 0x64e6, 0x672d, 0x50ed, 0x53c3, 0x5879, 0x6158, 0x6159, 0x615a, 0x61fa, 0x65ac, 0x7ad9,
    0x8b92, 0x5021, 0x5009, 0x5231, 0x5275, 0x5531, 0x5a3c, 0x5ee0, 0x5f70, 0x60b5, 0x655e, 0x660c, 0x6636, 0x66a2, 0x69cd, 0x6c05,
    0x6ec4, 0x6f32, 0x7621, 0x7a93, 0x8139, 0x8259, 0x83d6, 0x84bc, 0x50b5, 0x57f0, 0x5f69, 0x63a1, 0x7826, 0x7db5, 0x83dc, 0x8521,
    0x91c7, 0x91f5, 0x518a, 0x67f5, 0x7b56, 0x7c00, 0x8cac, 0x51c4, 0x59bb, 0x60bd, 0x8655, 0xf9ff, 0x5254, 0x0000, 0x5c3a, 0x617d,
    0x621a, 0x62d3, 0x64f2, 0x65a5, 0x6ecc, 0x7620, 0x810a, 0x8734, 0x8e91, 0x965f, 0x96bb, 0x4edf, 0x5343, 0x5598, 0x5929, 0x5ddd,
    0x64c5, 0x6cc9, 0x6dfa, 0x6ffa, 0x7a7f, 0x821b, 0x85a6, 0x8ce4, 0x8e10, 0x9077, 0x91e7, 0x95e1, 0x9621, 0x97c6, 0x51f8, 0x5fb9,
    0x54f2, 0x5586, 0x64a4, 0x6f88, 0x7db4, 0x8f4d, 0x9435, 0x50c9, 0x5c16, 0x6cbe, 0x6dfb, 0x751b, 0x77bb, 0x7c37, 0x7c64, 0x8ac2,
    0x59be, 0x5e16, 0x6377, 0x7252, 0x758a, 0x776b, 0x8adc, 0x8cbc, 0x8f12, 0x5ef3, 0x6674, 0x6df8, 0x807d, 0x83c1, 0x873b, 0x8acb,
    0x9751, 0x9bd6, 0xfa00, 0x5243, 0x66ff, 0x6d95, 0x6eef, 0x780c, 0x7de0, 0x8ae6, 0x902e, 0x905e, 0x9746, 0x9ad4, 0x521d, 0x54e8,
    0x5ced, 0x6194, 0x6284, 0x62db, 0x68a2, 0x6912, 0x695a, 0x6a35, 0x7092, 0x7126, 0x785d, 0x7901, 0x790e, 0x79d2, 0x7a0d, 0x7d83,
    0x8096, 0x8349, 0x8549, 0x8c82, 0x8d85, 0x9162, 0x918b, 0x91ae, 0x9214, 0x9798, 0x4fc3, 0x56d1, 0xf866, 0x71ed, 0x77d7, 0x8700,
    0x89f8, 0x8e85, 0x9ad1, 0x5bf8, 0x5fd6, 0x6751, 0x53e2, 0x585a, 0x5bf5, 0x6031, 0x6460, 0x7e3d, 0x8070, 0x8471, 0x9283, 0x64ae,
    0x50ac, 0x5d14, 0x6467, 0x6700, 0x589c, 0x62bd, 0x63a8, 0x690e, 0x6978, 0xf867, 0x6a1e, 0x6e6b, 0x7503, 0x76ba, 0x79cb, 0x7b92,
    0x82bb, 0x8429, 0x8da8, 0x8ffd, 0x9112, 0x914b, 0x919c, 0x9318, 0x9310, 0x96db, 0x97a6, 0x9c0d, 0x9e81, 0x9ea4, 0x4e11, 0xf868,
    0x795d, 0x755c, 0x7afa, 0x7b51, 0x7bc9, 0x7e2e, 0x8233, 0x84c4, 0x8e74, 0x8ef8, 0x9010, 0x6625, 0x693f, 0x51fa, 0x9edc, 0x5145,
    0x51b2, 0x5fe0, 0x6c96, 0x87f2, 0x885d, 0x8877, 0x60b4, 0x81b5, 0x8403, 0x53d6, 0x5439, 0x5634, 0x0000, 0x5a36, 0x5c31, 0x6a47,
    0x708a, 0x7fe0, 0x805a, 0x8106, 0x81ed, 0xf869, 0x8da3, 0x9189, 0x9a5f, 0x9df2, 0x4ec4, 0x5074, 0x60fb, 0x6e2c, 0x5c64, 0x4f88,
    0x5024, 0x55e4, 0x5cd9, 0x5df5, 0x5e5f, 0x5fb4, 0x6894, 0x6cbb, 0x6dc4, 0x71be, 0x75d4, 0x75f4, 0x7661, 0x96c9, 0x7a1a, 0x7dc7,
    0x7dfb, 0x7f6e, 0x6065, 0x81f4, 0x8f1c, 0x99b3, 0x9d44, 0x9f52, 0x5247, 0x52c5, 0x98ed, 0x89aa, 0x4e03, 0x67d2, 0x6f06, 0x4fb5,
    0x5be2, 0x5ff1, 0x6795, 0x6c88, 0x6d78, 0x7827, 0x91dd, 0x937c, 0x87c4, 0x79e4, 0x7a31, 0x5feb, 0x4ed6, 0x553e, 0x58ae, 0x59a5,
    0x60f0, 0x6253, 0x6736, 0x6955, 0x8235, 0x9640, 0x99dd, 0x502c, 0x5353, 0x5544, 0xfa01, 0x6258, 0x62c6, 0xfa02, 0x64e2, 0x67dd,
    0x6a50, 0x6fc1, 0x6fef, 0x7422, 0x8a17, 0x9438, 0x5451, 0x5606, 0x5766, 0x5f48, 0x619a, 0x6b4e, 0x7058, 0x70ad, 0x7dbb, 0x8a95,
    0x596a, 0x812b, 0x63a2, 0x803d, 0x8caa, 0x5854, 0x642d, 0x69bb, 0x5b95, 0x5e11, 0x6e6f, 0x8569, 0x514c, 0x53f0, 0x592a, 0x6020,
    0x614b, 0x6b86, 0x6c70, 0x6cf0, 0x7b1e, 0x80ce, 0x82d4, 0x8dc6, 0x90b0, 0x98b1, 0x99c4, 0xfa04, 0x64c7, 0x6fa4, 0xf86a, 0x6491,
    0x6504, 0x514e, 0x5410, 0x571f, 0x8a0e, 0x615f, 0x6876, 0xfa05, 0x75db, 0x7b52, 0x7d71, 0x901a, 0x5806, 0x817f, 0x892a, 0x9000,
    0x9839, 0x5078, 0x5957, 0x59ac, 0x6295, 0x900f, 0x9b2a, 0x615d, 0x7279, 0x5a46, 0x5761, 0x5df4, 0x628a, 0x64ad, 0x6777, 0x6ce2,
    0x6d3e, 0x722c, 0x7436, 0x7834, 0x7f77, 0x82ad, 0x8ddb, 0x9817, 0x5742, 0x5224, 0x677f, 0x7248, 0x8ca9, 0x8fa6, 0x74e3, 0x962a,
    0x516b, 0x53ed, 0x634c, 0x4f69, 0x5504, 0x6096, 0x6c9b, 0x6d7f, 0x724c, 0x72fd, 0x7a17, 0x0000, 0x8c9d, 0x6557, 0x8987, 0x5f6d,
    0x6f8e, 0x70f9, 0x81a8, 0x610e, 0x4fbf, 0x504f, 0x6241, 0x7247, 0x7bc7, 0x7de8, 0x7fe9, 0x8759, 0x904d, 0x97ad, 0x8cb6, 0x576a,
    0x5e73, 0x840d, 0x8a55, 0x5420, 0x5b16, 0x5e63, 0x5ee2, 0x5f0a, 0x6583, 0x80ba, 0x853d, 0x9589, 0x965b, 0x4f48, 0x5305, 0x530d,
    0x530f, 0x5486, 0x54fa, 0x5703, 0x5e96, 0x5e03, 0x6016, 0x62b1, 0x629b, 0x6355, 0x6ce1, 0x6d66, 0x70ae, 0x75b1, 0x7832, 0x80de,
    0x812f, 0x8216, 0x8461, 0x84b2, 0x888d, 0x8912, 0x924b, 0x92ea, 0x9784, 0x98fd, 0x9b91, 0x5e45, 0x66b4, 0x7011, 0x7206, 0x4ff5,
    0x527d, 0x5f6a, 0x6153, 0x6753, 0x6a19, 0x6f02, 0x74e2, 0x7968, 0x8868, 0x8c79, 0x98c4, 0xf86b, 0x54c1, 0x7a1f, 0x99ae, 0x6953,
    0x8af7, 0x8c4a, 0x98a8, 0x5f7c, 0x62ab, 0x75b2, 0x76ae, 0x84d6, 0x88ab, 0x907f, 0x5339, 0x5f3c, 0x5fc5, 0x6ccc, 0x7562, 0x758b,
    0x7b46, 0x8e55, 0x4e4f, 0x903c, 0x4e0b, 0x4f55, 0x590f, 0x5ec8, 0x6630, 0x6cb3, 0x7455, 0x8766, 0x8377, 0x8cc0, 0x9050, 0x971e,
    0x9c15, 0x58d1, 0x5b78, 0x7627, 0x8650, 0x8b14, 0x9db4, 0x5bd2, 0x6068, 0x608d, 0x65f1, 0x6c57, 0x6f22, 0x6fa3, 0x7f55, 0x7ff0,
    0xf86c, 0x9592, 0x9591, 0x9650, 0x97d3, 0x9df3, 0x5272, 0x8f44, 0x51fd, 0x542b, 0x54b8, 0x5563, 0x558a, 0x6abb, 0x6db5, 0x7dd8,
    0x8266, 0x9677, 0x5408, 0x54c8, 0x76d2, 0x86e4, 0x95a4, 0x965c, 0x4ea2, 0x4f09, 0x59ee, 0x5df7, 0x6052, 0x6297, 0x676d, 0x6841,
    0x6c86, 0x6e2f, 0x7095, 0x7f38, 0x809b, 0x822a, 0xfa09, 0x9805, 0x4ea5, 0x5055, 0x54b3, 0x595a, 0x5793, 0x5b69, 0x5bb3, 0x5ee8,
    0x61c8, 0x6977, 0x6d77, 0x87f9, 0x89e3, 0x8a72, 0x8ae7, 0x9082, 0x99ed, 0x9ab8, 0x0000, 0x52be, 0x6838, 0x5016, 0x5e78, 0x674f,
    0x884c, 0x4eab, 0x5411, 0x56ae, 0x9115, 0x73e6, 0x97ff, 0x9909, 0x9957, 0x9999, 0x5653, 0x589f, 0x865b, 0x8a31, 0x61b2, 0x8ed2,
    0x737b, 0x6b47, 0x96aa, 0x9a57, 0x5955, 0x7200, 0x8d6b, 0x9769, 0x5cf4, 0x5f26, 0x61f8, 0x70ab, 0x73fe, 0x7384, 0x7729, 0x7d43,
    0x7d62, 0x7e23, 0x8237, 0x8852, 0xfa0a, 0x8ce2, 0x9249, 0x986f, 0x5b51, 0x7a74, 0x8840, 0x9801, 0x5acc, 0xf86d, 0x4fe0, 0x5354,
    0x593e, 0x5cfd, 0x633e, 0x6d79, 0x72f9, 0x7bcb, 0x8107, 0x8105, 0x83a2, 0xf86e, 0x92cf, 0x9830, 0x4ea8, 0x5211, 0x578b, 0x5f62,
    0x5144, 0x7005, 0x70af, 0x73e9, 0x834a, 0x87a2, 0x8861, 0x90a2, 0x93a3, 0x99a8, 0x516e, 0x5f57, 0x60e0, 0x6167, 0x8559, 0x91af,
    0x978b, 0x4e4e, 0x4e92, 0x8c6a, 0x547c, 0x58fa, 0x58d5, 0x597d, 0x5f27, 0x660a, 0x6236, 0x6beb, 0x6d69, 0x6dcf, 0x6e56, 0x6ef8,
    0x6f94, 0x6fe9, 0x6fe0, 0x705d, 0x72d0, 0x745a, 0x74e0, 0x7693, 0x769e, 0x795c, 0x7cca, 0x7e1e, 0x80e1, 0x846b, 0x864e, 0x865f,
    0x8774, 0x8b77, 0x6248, 0x9190, 0x93ac, 0x9800, 0x9865, 0x60d1, 0x6216, 0x9177, 0x5a5a, 0x660f, 0x6df7, 0x6e3e, 0x743f, 0x9b42,
    0x5ffd, 0x60da, 0x7b0f, 0x9dbb, 0x5f18, 0x54c4, 0x6c5e, 0x6cd3, 0x6d2a, 0x9d3b, 0x7d05, 0x8679, 0x8a0c, 0x5316, 0x5b05, 0x6a3a,
    0x706b, 0x798d, 0x7575, 0x79be, 0x548c, 0x82b1, 0x83ef, 0x8a71, 0x9774, 0x8ca8, 0xfa0b, 0x64f4, 0x652b, 0x78ba, 0x78bb, 0x7a6b,
    0x944a, 0x4e38, 0x559a, 0x571c, 0x5ba6, 0x5e7b, 0x60a3, 0x61fd, 0x63db, 0x6853, 0x6b61, 0x6e19, 0x7165, 0x74b0, 0x7d08, 0x9084,
    0x9a69, 0x9c25, 0x9b1f, 0x6d3b, 0x6ed1, 0x733e, 0x8c41, 0x95ca, 0x51f0, 0x0000, 0x5a93, 0x5fa8, 0x6033, 0x604d, 0x614c, 0x60f6,
    0x6643, 0x6cc1, 0x6ec9, 0x714c, 0x7687, 0x7bc1, 0x8352, 0x8757, 0x9051, 0x968d, 0x9ec3, 0x56de, 0x5efb, 0x5f8a, 0x6062, 0x6094,
    0x61f7, 0x6666, 0x6703, 0x6a9c, 0x6dee, 0x6fae, 0x7070, 0x736a, 0x7e6a, 0x81be, 0x86d4, 0x8aa8, 0x8cc4, 0x5283, 0x7372, 0x6a6b,
    0x54ee, 0x5686, 0x56c2, 0x5b5d, 0x6548, 0x66c9, 0x689f, 0x723b, 0x80b4, 0x9175, 0x4faf, 0x5019, 0x539a, 0x540e, 0x543c, 0x5589,
    0x55c5, 0x5f8c, 0x673d, 0x7334, 0x9005, 0x7bcc, 0x52f3, 0x5864, 0x58ce, 0x6688, 0x7104, 0x718f, 0x71fb, 0x85b0, 0x8a13, 0x85a8,
    0x55a7, 0x8431, 0x5349, 0x5599, 0x6bc1, 0x5f59, 0x5fbd, 0x63ee, 0x6689, 0x7147, 0x8af1, 0x8f1d, 0x9ebe, 0x4f11, 0x643a, 0x70cb,
    0x7566, 0x8667, 0x6064, 0x8b4e, 0x9df8, 0x51f6, 0x5308, 0x5147, 0x6d36, 0x80f8, 0x9ed1, 0x5ffb, 0x6615, 0x6b23, 0x75d5, 0x5403,
    0x5c79, 0x7d07, 0x8fc4, 0x6b20, 0x6b46, 0x6b3d, 0x5438, 0x6070, 0x6d3d, 0x8208, 0x50d6, 0x559c, 0x566b, 0x59ec, 0x5b09, 0x5e0c,
    0x66e6, 0x6199, 0x6231, 0x72a7, 0x7199, 0x51de, 0x71b9, 0x79a7, 0x7a00, 0x7fb2, 0x8a70, 0x9821, 0x0000, 0x0000, 0x0000, 0x0000,
    0x0000, 0x0000, 0x0000, 0x0000, 0x0000, 0x0000, 0x0000, 0x0000, 0x0000, 0x0000, 0x0000, 0x0000, 0x0000, 0x0000, 0x0000, 0x0000,
    0x0000, 0x0000, 0x0000, 0x0000, 0x0000, 0x0000, 0x0000, 0x0000, 0x0000, 0x0000, 0x0000, 0x0000, 0x0000, 0x0000, 0x0000, 0x0000,
    0x0000, 0x0000, 0x0000, 0x0000, 0x0000, 0x0000, 0x0000, 0x0000, 0x0000, 0x0000, 0x0000, 0x0000, 0x0000, 0x0000, 0x0000, 0x0000,
    0x0000, 0x0000, 0x0000, 0x0000, 0x0000, 0x0000, 0x0000, 0x0000, 0x0000, 0x67b7, 0x73c2, 0x75c2, 0x6164, 0x4f83, 0x67ec, 0x687f,
    0x78f5, 0x874e, 0x6221, 0x77b0, 0x90af, 0x9452, 0x5808, 0x757a, 0x7d73, 0x7f8c, 0x8221, 0x9c47, 0x584f, 0xf900, 0x93a7, 0x5580,
    0x5028, 0x795b, 0x8e1e, 0x9245, 0x6957, 0x8171, 0x6840, 0x5292, 0x9210, 0x8ff2, 0x8188, 0x6289, 0x9257, 0x4fd3, 0x501e, 0x5106,
    0x5770, 0x61ac, 0x70f1, 0x74a5, 0x583a, 0x68e8, 0x5c3b, 0x66a0, 0x69c1, 0x7f94, 0x82fd, 0x83f0, 0x7428, 0x9be4, 0x73d9, 0x86a3,
    0x978f, 0x4e32, 0x8de8, 0x934b, 0x742f, 0x4f8a, 0x709a, 0x5775, 0x8009, 0x92b6, 0x97ab, 0x88d9, 0x828e, 0x6372, 0x6dc3, 0x7357,
    0x8568, 0xf906, 0x6677, 0x69fb, 0x7ac5, 0x52fb, 0x7547, 0x52a4, 0x5997, 0x6611, 0x82a9, 0x4f0b, 0x57fc, 0x7398, 0x7482, 0x7941,
    0x7f88, 0x9324, 0xf90b, 0xf90c, 0x5a1c, 0xf90d, 0xf90e, 0xf90f, 0xf910, 0xf911, 0xf912, 0xf913, 0xf914, 0xf915, 0xf916, 0xf917,
    0xf918, 0xf919, 0xf91a, 0xf91b, 0xf91c, 0xf91d, 0xf91e, 0xf91f, 0xf920, 0xf921, 0x678f, 0x6960, 0x6e73, 0xf922, 0xf923, 0xf924,
    0xf925, 0xf926, 0xf927, 0x8872, 0xf928, 0xf929, 0xf92a, 0xf92b, 0xf92c, 0xf92d, 0xf92e, 0x649a, 0x5bd7, 0xf92f, 0xf930, 0xf931,
    0xf932, 0xf933, 0xf934, 0xf935, 0xf936, 0xf937, 0xf938, 0x99d1, 0xf939, 0xf93a, 0xf93b, 0xf93c, 0xf93d, 0xf93e, 0xf93f, 0xf940,
    0xf941, 0xf942, 0xf943, 0xf944, 0xf945, 0xf946, 0xf947, 0xf948, 0xf949, 0xf94a, 0xf94b, 0xf94c, 0xf94d, 0xf94e, 0xf94f, 0xf950,
    0xf951, 0x677b, 0xf952, 0xf953, 0xf954, 0xf955, 0xf956, 0xf957, 0xf958, 0xf959, 0x4eb6, 0x5f56, 0x6fbe, 0x574d, 0x61ba, 0x6e5b,
    0x8541, 0x931f, 0x7553, 0x6207, 0x87b3, 0x576e, 0x5d8b, 0x0000, 0x6389, 0x6ac2, 0x89a9, 0x65fd, 0x711e, 0x9017, 0x829a, 0x5d9d,
    0xf95b, 0xf95d, 0xf95e, 0x5d0d, 0x5fa0, 0x5137, 0x7489, 0xf95f, 0x5cba, 0x7b2d, 0x8046, 0x6fa7, 0xf960, 0x64c4, 0x6f5e, 0x797f,
    0x83c9, 0x7028, 0x8cda, 0x9b27, 0x5a41, 0x763b, 0x851e, 0x93e4, 0x65d2, 0x700f, 0x4f96, 0x51dc, 0x550e, 0x6d6c, 0xf962, 0x7fb8,
    0x8389, 0x88e1, 0x6f7e, 0x78bc, 0x9088, 0x4e07, 0x534d, 0x551c, 0x8309, 0x8f1e, 0x6c94, 0x6927, 0x7791, 0x84c2, 0x6479, 0x7441,
    0x82bc, 0x9da9, 0x7ad7, 0x61ae, 0x6959, 0x73f7, 0x5011, 0x96ef, 0x6c95, 0x68b6, 0x6963, 0x6e44, 0x9ef4, 0x5cb7, 0x7de1, 0x7622,
    0x76fc, 0x78d0, 0x6e24, 0x678b, 0x6ec2, 0x78c5, 0x7119, 0x5e61, 0x71d4, 0x6a97, 0x8617, 0x68c5, 0x9a08, 0x73e4, 0x83e9, 0x8f39,
    0x71a2, 0x4e0d, 0x4fef, 0x5490, 0x5b5a, 0x8240, 0x83a9, 0x5429, 0x6610, 0x8cc1, 0x5f7f, 0x6787, 0x6bd6, 0x6bd7, 0x79d5, 0x7c83,
    0x56ac, 0x6d5c, 0x73ad, 0x4fdf, 0x67f6, 0x9e9d, 0x9730, 0x715e, 0x9212, 0x5ce0, 0x55c7, 0x637f, 0x7b6e, 0x5b0b, 0x657e, 0x6e32,
    0x7401, 0x9425, 0x994d, 0x6cc4, 0x893b, 0x9f67, 0x5261, 0x965d, 0x5bac, 0x73f9, 0x7619, 0x7be0, 0x6d91, 0x8b16, 0x8d16, 0x5dfd,
    0x84c0, 0x98e1, 0x609a, 0x6dde, 0x5cc0, 0x7407, 0x74b2, 0x8b90, 0x96a7, 0x6f5a, 0x7421, 0x74b9, 0x5f87, 0x6812, 0x6a53, 0x84f4,
    0x8563, 0x8ac4, 0x9265, 0x5c4e, 0x8c55, 0x7bd2, 0x8755, 0x4f81, 0x85ce, 0x8af6, 0x555e, 0x83aa, 0x5e44, 0x9102, 0x9354, 0x9c10,
    0x9b9f, 0x5535, 0x5ca9, 0x627c, 0x7e0a, 0xf975, 0xf976, 0x84bb, 0xf977, 0xf978, 0xf979, 0xf97a, 0x79b3, 0xf97b, 0xf97c, 0xf97d,
    0xf97e, 0x7600, 0x8616, 0x4ffa, 0x5186, 0xf97f, 0x0000, 0xf980, 0xf981, 0xf982, 0xf983, 0xf984, 0x74b5, 0x7916, 0xf985, 0x8245,
    0x8339, 0x8f3f, 0x8f5d, 0xf986, 0xf987, 0xf988, 0xf989, 0xf98a, 0xf98b, 0xf98c, 0xf98d, 0xf98e, 0xf98f, 0xf990, 0x633b, 0x6c87,
    0xf992, 0xf993, 0xf994, 0xf995, 0xf996, 0x7e2f, 0xf997, 0xf998, 0xf999, 0xf99a, 0xf99b, 0xf99c, 0xf99d, 0xf99f, 0xf9a0, 0xf9a2,
    0xf9a3, 0xf9a4, 0xf9a5, 0x7430, 0xf9a6, 0xf9a7, 0xf9a8, 0xf9a9, 0xf9aa, 0xf9ab, 0x5db8, 0xf9ac, 0x6e36, 0x6fda, 0x702f, 0x7150,
    0x7370, 0xf9ad, 0x7a4e, 0xf9af, 0xf9b0, 0xf9b1, 0x9348, 0xf9b2, 0x9719, 0xf9b3, 0xf9b4, 0x4e42, 0xf9b5, 0x6c6d, 0x7a62, 0xf9b6,
    0xf9b7, 0xf9b8, 0x4fc9, 0x5862, 0x61ca, 0x6556, 0x6fb3, 0x71ac, 0x7b7d, 0x9c32, 0x9f07, 0x7e15, 0x9954, 0x7aaa, 0x68a1, 0x6900,
    0x7413, 0x8118, 0x5a03, 0x5d6c, 0xf9ba, 0xf9bb, 0x5be5, 0xf9bc, 0xf9bd, 0x6493, 0xf9be, 0xf9c0, 0x71ff, 0xf9c1, 0xf9c2, 0xf9c3,
    0x7e1f, 0x4fd1, 0x57c7, 0x5889, 0x6142, 0x6d8c, 0x752c, 0xf9c4, 0x65f4, 0x7397, 0x7440, 0x7d06, 0x85d5, 0x91ea, 0x52d6, 0x5f67,
    0x682f, 0x6a52, 0x6f90, 0x7189, 0x8553, 0x4e90, 0x5ac4, 0x6c85, 0x6d39, 0x6e72, 0xf9c6, 0x6690, 0x853f, 0x8918, 0xf9c7, 0xf9c8,
    0xf9c9, 0x6962, 0x6d27, 0xf9ca, 0xf9cb, 0x7337, 0xf9cc, 0xf9cd, 0xf9ce, 0xf9cf, 0xf9d0, 0xf9d1, 0x5809, 0xf9d2, 0xf9d3, 0xf9d4,
    0xf9d5, 0xf9d6, 0x8d07, 0xf9d7, 0x9217, 0xf9d8, 0xf9d9, 0xf9da, 0xf9db, 0x701c, 0xf9dc, 0x6905, 0x858f, 0xf9dd, 0xf9de, 0xf9df,
    0xf9e1, 0xf9e2, 0xf9e3, 0xf9e4, 0xf9e5, 0xf9e6, 0x8084, 0x82e1, 0xf9e7, 0xf9e8, 0x8cbd, 0x9087, 0xf9e9, 0xf9ea, 0xf9eb, 0xf9ec,
    0x8b1a, 0xf9ed, 0xf9ee, 0xf9ef, 0x7d6a, 0x0000, 0x8335, 0xf9f0, 0x8693, 0xf9f1, 0xf9f2, 0xf9f3, 0x4f5a, 0x6041, 0xf9f4, 0xf9f5,
    0xf9f6, 0x5344, 0xf9f7, 0xf9f8, 0xf9f9, 0x82bf, 0x8328, 0x5b71, 0x81e7, 0x6e3d, 0x7e21, 0x7d35, 0x83f9, 0x96ce, 0x9f5f, 0x540a,
    0xf9fb, 0x7fdf, 0x93d1, 0x4f43, 0x4f7a, 0x587c, 0x7420, 0x7551, 0x7b4c, 0x942b, 0x7664, 0x9b8e, 0x67fe, 0x6a89, 0x6dc0, 0x6e5e,
    0x701e, 0x70a1, 0x738e, 0x73fd, 0x7d8e, 0x92cc, 0x74aa, 0x96d5, 0x60b0, 0x8e2a, 0x59dd, 0x6e4a, 0x6f8d, 0x5bef, 0x710c, 0x96cb,
    0x7e52, 0x6c9a, 0x82b7, 0x5507, 0x6422, 0x664b, 0x686d, 0x6b84, 0x755b, 0x7e1d, 0x81fb, 0x852f, 0x8897, 0x4f84, 0x74c6, 0xf9fd,
    0x6f57, 0x93f6, 0x4f98, 0x7c12, 0x7d2e, 0x8b96, 0x6134, 0x7316, 0x5bc0, 0x5be8, 0x501c, 0x8e60, 0x7394, 0x8f1f, 0x7c3d, 0x8a79,
    0x581e, 0x527f, 0x8278, 0x82d5, 0x90a8, 0x60a4, 0x6181, 0x8525, 0x8acf, 0x939a, 0x9a36, 0x8e59, 0x7443, 0x672e, 0x8d05, 0x53a0,
    0x7a49, 0x86a9, 0x741b, 0x54a4, 0x62d6, 0x99b1, 0x577c, 0x666b, 0x7438, 0x7708, 0xfa03, 0x69cc, 0x95d6, 0x64fa, 0x9211, 0x9a19,
    0x67b0, 0xfa06, 0x82de, 0x900b, 0x66dd, 0xfa07, 0x98c7, 0x9a43, 0x9642, 0x73cc, 0x82fe, 0x999d, 0x53a6, 0x701a, 0x929c, 0x9e79,
    0x95d4, 0x5ae6, 0xfa08, 0x7023, 0x8347, 0x6af6, 0x4fd4, 0x774d, 0x6ceb, 0x73b9, 0x665b, 0x6cc2, 0x6ece, 0x7050, 0x7192, 0x7469,
    0x9008, 0x66b3, 0x8e4a, 0x5cb5, 0x6667, 0x7425, 0x82a6, 0x84bf, 0x70d8, 0x8b41, 0x5950, 0x6665, 0x5e4c, 0x6130, 0x6644, 0x69a5,
    0x6e5f, 0x6f62, 0x749c, 0x7c27, 0x532f, 0x8334, 0x5b96, 0x9404, 0x6585, 0x6d8d, 0x6dc6, 0x9a4d, 0x5e3f, 0x7166, 0x73dd, 0x52db,
    0x6684, 0x714a, 0x7098, 0x8a16, 0x0000, 0x7fd5, 0x56cd, 0x6198, 0x665e, 0x71ba, 0x0000, 0x0000, 0x0000, 0x0000, 0x0000, 0x0000,
    0x0000, 0x0000, 0x0000, 0x0000, 0x0000, 0x0000, 0x0000, 0x0000, 0x0000, 0x0000, 0x0000, 0x0000, 0x0000, 0x0000, 0x0000, 0x0000,
    0x0000, 0x0000, 0x0000, 0x0000, 0x0000, 0x0000, 0x0000, 0x0000, 0x0000, 0x0000, 0x0000, 0x0000, 0x0000, 0x0000, 0x0000, 0x0000,
    0x0000, 0x0000, 0x0000, 0x0000, 0x0000, 0x0000, 0x0000, 0x0000, 0x0000, 0x0000, 0x0000, 0x0000, 0x0000, 0x0000, 0x0000, 0x0000,
    0x0000, 0x0000, 0x0000, 0x0000, 0x0000, 0x0000, 0x0000, 0x0000, 0x0000, 0x0000, 0x0000, 0x0000, 0x0000, 0x0000, 0x0000, 0x0000,
    0x0000, 0x0000, 0x0000, 0x0000, 0x0000, 0x0000, 0x0000, 0x0000, 0x0000, 0x0000, 0x0000, 0x0000, 0x0000, 0x0000, 0x0000, 0x0000,
    0x0000, 0x0000, 0x0000, 0x0000, 0x0000, 0x0000, 0x0000, 0x0000, 0x0000, 0x0000, 0x0000, 0x0000, 0x0000, 0x0000, 0x0000, 0x0000,
    0x0000, 0x0000, 0x0000, 0x0000, 0x0000, 0x0000, 0x0000, 0x0000, 0x0000, 0x0000, 0x0000, 0x0000, 0x0000, 0x0000, 0x0000, 0x0000,
    0x0000, 0x0000, 0x0000, 0x0000, 0x0000, 0x0000, 0x0000, 0x0000, 0x0000, 0x0000, 0x0000, 0x0000, 0x0000, 0x0000, 0x0000, 0x0000,
    0x0000, 0x0000, 0x0000, 0x0000, 0x0000, 0x0000, 0x0000, 0x0000, 0x0000, 0x0000, 0x0000, 0x0000, 0x0000, 0x0000, 0x0000, 0x0000,
    0x0000, 0x0000, 0x0000, 0x0000, 0x0000, 0x0000, 0x0000, 0x0000, 0x0000, 0x0000, 0x0000, 0x0000, 0x0000, 0x0000, 0x0000, 0x0000,
    0x0000, 0x0000, 0x0000, 0x0000, 0x0000, 0x0000, 0x0000, 0x0000, 0x0000, 0x0000, 0x0000, 0x0000, 0x0000, 0x0000, 0x0000, 0x0000,
    0x0000, 0x0000, 0x0000, 0x0000, 0x0000, 0x0000, 0x0000, 0x0000, 0x0000, 0x0000, 0x0000, 0x0000, 0x0000, 0x0000, 0x0000, 0x0000,
    0x0000, 0x0000, 0x0000, 0x0000, 0x0000, 0x0000, 0x0000, 0x0000, 0x0000, 0x0000, 0x0000, 0x0000, 0x0000, 0x0000, 0x0000, 0x0000,
    0x0000, 0x0000, 0x0000, 0x0000, 0x0000, 0x0000, 0x0000, 0x0000, 0x0000, 0x0000, 0x0000, 0x0000, 0x0000, 0x0000, 0x0000, 0x0000,
    0x0000, 0x0000, 0x0000, 0x0000, 0x0000, 0x0000, 0x0000, 0x0000, 0x0000, 0x0000, 0x0000, 0x0000, 0x0000, 0x0000, 0x0000, 0x0000,
    0x0000, 0x0000, 0x0000, 0x0000, 0x0000, 0x0000, 0x0000, 0x0000, 0x0000, 0x0000, 0x0000, 0x0000, 0x0000, 0x0000, 0x0000, 0x0000,
    0x0000, 0x0000, 0x0000, 0x0000, 0x0000, 0x0000, 0x0000, 0x0000, 0x0000, 0x0000, 0x0000, 0x0000, 0x0000, 0x0000, 0x0000, 0x0000,
    0x0000, 0x0000, 0x0000, 0x0000, 0x0000, 0x0000, 0x0000, 0x0000, 0x0000, 0x0000, 0x0000, 0x0000, 0x0000, 0x0000, 0x0000, 0x0000,
    0x0000, 0x0000, 0x0000, 0x0000, 0x0000, 0x0000, 0x0000, 0x0000, 0x0000, 0x0000, 0x0000, 0x0000, 0x0000, 0x0000, 0x0000, 0x0000,
    0x0000, 0x0000, 0x0000, 0x0000, 0x0000, 0x0000, 0x0000, 0x0000, 0x0000, 0x0000, 0x0000, 0x0000, 0x0000, 0x0000, 0x0000, 0x0000,
    0x0000, 0x0000, 0x0000, 0x0000, 0x0000, 0x0000, 0x0000, 0x0000, 0x0000, 0x0000, 0x0000, 0x0000, 0x0000, 0x0000, 0x0000, 0x0000,
    0x0000, 0x0000, 0x0000, 0x0000, 0x0000, 0x0000, 0x0000, 0x0000, 0x0000, 0x0000, 0x0000, 0x0000, 0x0000, 0x0000, 0x0000, 0x0000,
    0x0000, 0x0000, 0x0000, 0x0000, 0x0000, 0x0000, 0x0000, 0x0000, 0x0000, 0x0000, 0x0000, 0x0000, 0x0000, 0x0000, 0x0000, 0x0000,
    0x0000, 0x0000, 0x0000, 0x0000, 0x0000, 0x0000, 0x0000, 0x0000, 0x0000, 0x0000, 0x0000, 0x0000, 0x0000, 0x0000, 0x0000, 0x0000,
    0x0000, 0x0000, 0x0000, 0x0000, 0x0000, 0x0000, 0x0000, 0x0000, 0x0000, 0x0000, 0x0000, 0x0000, 0x0000, 0x0000, 0x0000, 0x0000,
    0x0000, 0x0000, 0x0000, 0x0000, 0x0000, 0x0000, 0x0000, 0x0000, 0x0000, 0x0000, 0x0000, 0x0000, 0x0000, 0x0000, 0x0000, 0x0000,
    0x0000, 0x0000, 0x0000, 0x0000, 0x0000, 0x0000, 0x0000, 0x0000, 0x0000, 0x0000, 0x0000, 0x0000, 0x0000, 0x0000, 0x0000, 0x0000,
    0x0000, 0x0000, 0x0000, 0x0000, 0x0000, 0x0000, 0x0000, 0x0000, 0x0000, 0x0000, 0x0000, 0x0000, 0x0000, 0x0000, 0x0000, 0x0000,
    0x0000, 0x0000, 0x0000, 0x0000, 0x0000, 0x0000, 0x0000, 0x0000, 0x0000, 0x0000, 0x0000, 0x0000, 0x0000, 0x0000, 0x0000, 0x0000,
    0x0000, 0x0000, 0x0000, 0x0000, 0x0000, 0x0000, 0x0000, 0x0000, 0x0000, 0x0000, 0x0000, 0x0000, 0x0000, 0x0000, 0x0000, 0x0000,
    0x0000, 0x0000, 0x0000, 0x0000, 0x0000, 0x0000, 0x0000, 0x0000, 0x0000, 0x0000, 0x0000, 0x0000, 0x0000, 0x0000, 0x0000, 0x0000,
    0x0000, 0x0000, 0x0000, 0x0000, 0x0000, 0x0000, 0x0000, 0x0000, 0x0000, 0x0000, 0x0000, 0x0000, 0x0000, 0x0000, 0x0000, 0x0000,
    0x0000, 0x0000, 0x0000, 0x0000, 0x0000, 0x0000, 0x0000, 0x0000, 0x0000, 0x0000, 0x0000, 0x0000, 0x0000, 0x0000, 0x0000, 0x0000,
    0x0000, 0x0000, 0x0000, 0x0000, 0x0000, 0x0000, 0x0000, 0x0000, 0x0000, 0x0000, 0x0000, 0x0000, 0x0000, 0x0000, 0x0000, 0x0000,
    0x0000, 0x0000, 0x0000, 0x0000, 0x0000, 0x0000, 0x0000, 0x0000, 0x0000, 0x0000, 0x0000, 0x0000, 0x0000, 0x0000, 0x0000, 0x0000,
    0x0000, 0x0000, 0x0000, 0x0000, 0x0000, 0x0000, 0x0000, 0x0000, 0x0000, 0x0000, 0x0000, 0x0000, 0x0000, 0x0000, 0x0000, 0x0000,
    0x0000, 0x0000, 0x0000, 0x0000, 0x0000, 0x0000, 0x0000, 0x0000, 0x0000, 0x0000, 0x0000, 0x0000, 0x0000, 0x0000, 0x0000, 0x0000,
    0x0000, 0x0000, 0x0000, 0x0000, 0x0000, 0x0000, 0x0000, 0x0000, 0x0000, 0x0000, 0x0000, 0x0000, 0x0000, 0x0000, 0x0000, 0x0000,
    0x0000, 0x0000, 0x0000, 0x0000, 0x0000, 0x0000, 0x0000, 0x0000, 0x0000, 0x0000, 0x0000, 0x0000, 0x0000, 0x0000, 0x0000, 0x0000,
    0x0000, 0x0000, 0x0000, 0x0000, 0x0000, 0x0000, 0x0000, 0x0000, 0x0000, 0x0000, 0x0000, 0x0000, 0x0000, 0x0000, 0x0000, 0x0000,
    0x0000, 0x0000, 0x0000, 0x0000, 0x0000, 0x0000, 0x0000, 0x0000, 0x0000, 0x0000, 0x0000, 0x0000, 0x0000, 0x0000, 0x0000, 0x0000,
    0x0000, 0x0000, 0x0000, 0x0000, 0x0000, 0x0000, 0x0000, 0x0000, 0x0000, 0x0000, 0x0000, 0x0000, 0x0000, 0x0000, 0x0000, 0x0000,
    0x0000, 0x0000, 0x0000, 0x0000, 0x0000, 0x0000, 0x0000, 0x0000, 0x0000, 0x0000, 0x0000, 0x0000, 0x0000, 0x0000, 0x0000, 0x0000,
    0x0000, 0x0000, 0x0000, 0x0000, 0x0000, 0x0000, 0x0000, 0x0000, 0x0000, 0x0000, 0x0000, 0x0000, 0x0000, 0x0000, 0x0000, 0x0000,
    0x0000, 0x0000, 0x0000, 0x0000, 0x0000, 0x0000, 0x0000, 0x0000, 0x0000, 0x0000, 0x0000, 0x0000, 0x0000, 0x0000, 0x0000, 0x0000,
    0x0000, 0x0000, 0x0000, 0x0000, 0x0000, 0x0000, 0x0000, 0x0000, 0x0000, 0x0000, 0x0000, 0x0000, 0x0000, 0x0000, 0x0000, 0x0000,
    0x0000, 0x0000, 0x0000, 0x0000, 0x0000, 0x0000, 0x0000, 0x0000, 0x0000, 0x0000, 0x0000, 0x0000, 0x0000, 0x0000, 0x0000, 0x0000,
    0x0000, 0x0000, 0x0000, 0x0000, 0x0000, 0x0000, 0x0000, 0x0000, 0x0000, 0x0000, 0x0000, 0x0000, 0x0000, 0x0000, 0x0000, 0x0000,
    0x0000, 0x0000, 0x0000, 0x0000, 0x0000, 0x0000, 0x0000, 0x0000, 0x0000, 0x0000, 0x0000, 0x0000, 0x0000, 0x0000, 0x0000, 0x0000,
    0x0000, 0x0000, 0x0000, 0x0000, 0x0000, 0x0000, 0x0000, 0x0000, 0x0000, 0x0000, 0x0000, 0x0000, 0x0000, 0x0000, 0x0000, 0x0000,
    0x0000, 0x0000, 0x0000, 0x0000, 0x0000, 0x0000, 0x0000, 0x0000, 0x0000, 0x0000, 0x0000, 0x0000, 0x0000, 0x0000, 0x0000, 0x0000,
    0x0000, 0x0000, 0x0000, 0x0000, 0x0000, 0x0000, 0x0000, 0x0000, 0x0000, 0x0000, 0x0000, 0x0000, 0x0000, 0x0000, 0x0000, 0x0000,
    0x0000, 0x0000, 0x0000, 0x0000, 0x0000, 0x0000, 0x0000, 0x0000, 0x0000, 0x0000, 0x0000, 0x0000, 0x0000, 0x0000, 0x0000, 0x0000,
    0x0000, 0x0000, 0x0000, 0x0000, 0x0000, 0x0000, 0x0000, 0x0000, 0x0000, 0x0000, 0x0000, 0x0000, 0x0000, 0x0000, 0x0000, 0x0000,
    0x0000, 0x0000, 0x0000, 0x0000, 0x0000, 0x0000, 0x0000, 0x0000, 0x0000, 0x0000, 0x0000, 0x0000, 0x0000, 0x0000, 0x0000, 0x0000,
    0x0000, 0x0000, 0x0000, 0x0000, 0x0000, 0x0000, 0x0000, 0x0000, 0x0000, 0x0000, 0x0000, 0x0000, 0x0000, 0x0000, 0x0000, 0x0000,
    0x0000, 0x0000, 0x0000, 0x0000, 0x0000, 0x0000, 0x0000, 0x0000, 0x0000, 0x0000, 0x0000, 0x0000, 0x0000, 0x0000, 0x0000, 0x0000,
    0x0000, 0x0000, 0x0000, 0x0000, 0x0000, 0x0000, 0x0000, 0x0000, 0x0000, 0x0000, 0x0000, 0x0000, 0x0000, 0x0000, 0x0000, 0x0000,
    0x0000, 0x0000, 0x0000, 0x0000, 0x0000, 0x0000, 0x0000, 0x0000, 0x0000, 0x0000, 0x0000, 0x0000, 0x0000, 0x0000, 0x0000, 0x0000,
    0x0000, 0x0000, 0x0000, 0x0000, 0x0000, 0x0000, 0x0000, 0x0000, 0x0000, 0x0000, 0x0000, 0x0000, 0x0000, 0x0000, 0x0000, 0x0000,
    0x0000, 0x0000, 0x0000, 0x0000, 0x0000, 0x0000, 0x0000, 0x0000, 0x0000, 0x0000, 0x0000, 0x0000, 0x0000, 0x0000, 0x0000, 0x0000,
    0x0000, 0x0000, 0x0000, 0x0000, 0x0000, 0x0000, 0x0000, 0x0000, 0x0000, 0x0000, 0x0000, 0x0000, 0x0000, 0x0000, 0x0000, 0x0000,
    0x0000, 0x0000, 0x0000, 0x0000, 0x0000, 0x0000, 0x0000, 0x0000, 0x0000, 0x0000, 0x0000, 0x0000, 0x0000, 0x0000, 0x0000, 0x0000,
    0x0000, 0x0000, 0x0000, 0x0000, 0x0000, 0x0000, 0x0000, 0x0000, 0x0000, 0x0000, 0x0000, 0x0000, 0x0000, 0x0000, 0x0000, 0x0000,
    0x0000, 0x0000, 0x0000, 0x0000, 0x0000, 0x0000, 0x0000, 0x0000, 0x0000, 0x0000, 0x0000, 0x0000, 0x0000, 0x0000, 0x0000, 0x0000,
    0x0000, 0x0000, 0x0000, 0x0000, 0x0000, 0x0000, 0x0000, 0x0000, 0x0000, 0x0000, 0x0000, 0x0000, 0x0000, 0x0000, 0x0000, 0x0000,
    0x0000, 0x0000, 0x0000, 0x0000, 0x0000, 0x0000, 0x0000, 0x0000, 0x0000, 0x0000, 0x0000, 0x0000, 0x0000, 0x0000, 0x0000, 0x0000,
    0x0000, 0x0000, 0x0000, 0x0000, 0x0000, 0x0000, 0x0000, 0x0000, 0x0000, 0x0000, 0x0000, 0x0000, 0x0000, 0x0000, 0x0000, 0x0000,
    0x0000, 0x0000, 0x0000, 0x0000, 0x0000, 0x0000, 0x0000, 0x0000, 0x0000, 0x0000, 0x0000, 0x0000, 0x0000, 0x0000, 0x0000, 0x0000,
    0x0000, 0x0000, 0x0000, 0x0000, 0x0000, 0x0000, 0x0000, 0x0000, 0x0000, 0x0000, 0x0000, 0x0000, 0x0000, 0x0000, 0x0000, 0x0000,
    0x0000, 0x0000, 0x0000, 0x0000, 0x0000, 0x0000, 0x0000, 0x0000, 0x0000, 0x0000, 0x0000, 0x0000, 0x0000, 0x0000, 0x0000, 0x0000,
    0x0000, 0x0000, 0x0000, 0x0000, 0x0000, 0x0000, 0x0000, 0x0000, 0x0000, 0x0000, 0x0000, 0x0000, 0x0000, 0x0000, 0x0000, 0x0000,
    0x0000, 0x0000, 0x0000, 0x0000, 0x0000, 0x0000, 0x0000, 0x0000, 0x0000, 0x0000, 0x0000, 0x0000, 0x0000, 0x0000, 0x0000, 0x0000,
    0x0000, 0x0000, 0x0000, 0x0000, 0x0000, 0x0000, 0x0000, 0x0000, 0x0000, 0x0000, 0x0000, 0x0000, 0x0000, 0x0000, 0x0000, 0x0000,
    0x0000, 0x0000, 0x0000, 0x0000, 0x0000, 0x0000, 0x0000, 0x0000, 0x0000, 0x0000, 0x0000, 0x0000, 0x0000, 0x0000, 0x0000, 0x0000,
    0x0000, 0x0000, 0x0000, 0x0000, 0x0000, 0x0000, 0x0000, 0x0000, 0x0000, 0x0000, 0x0000, 0x0000, 0x0000, 0x0000, 0x0000, 0x0000,
    0x0000, 0x0000, 0x0000, 0x0000, 0x0000, 0x0000, 0x0000, 0x0000, 0x0000, 0x0000, 0x0000, 0x0000, 0x0000, 0x0000, 0x0000, 0x0000,
    0x0000, 0x0000, 0x0000, 0x0000, 0x0000, 0x0000, 0x0000, 0x0000, 0x0000, 0x0000, 0x0000, 0x0000, 0x0000, 0x0000, 0x0000, 0x0000,
    0x0000, 0x0000, 0x0000, 0x0000, 0x0000, 0x0000, 0x0000, 0x0000, 0x0000, 0x0000, 0x0000, 0x0000, 0x0000, 0x0000, 0x0000, 0x0000,
    0x0000, 0x0000, 0x0000, 0x0000, 0x0000, 0x0000, 0x0000, 0x0000, 0x0000, 0x0000, 0x0000, 0x0000, 0x0000, 0x0000, 0x0000, 0x0000,
    0x0000, 0x0000, 0x0000, 0x0000, 0x0000, 0x0000, 0x0000, 0x0000, 0x0000, 0x0000, 0x0000, 0x0000, 0x0000, 0x0000, 0x0000, 0x0000,
    0x0000, 0x0000, 0x0000, 0x0000, 0x0000, 0x0000, 0x0000, 0x0000, 0x0000, 0x0000, 0x0000, 0x0000, 0x0000, 0x0000, 0x0000, 0x0000,
    0x0000, 0x0000, 0x0000, 0x0000, 0x0000, 0x0000, 0x0000, 0x0000, 0x0000, 0x0000, 0x0000, 0x0000, 0x0000, 0x0000, 0x0000, 0x0000,
    0x0000, 0x0000, 0x0000, 0x0000, 0x0000, 0x0000, 0x0000, 0x0000, 0x0000, 0x0000, 0x0000, 0x0000, 0x0000, 0x0000, 0x0000, 0x0000,
    0x0000, 0x0000, 0x0000, 0x0000, 0x0000, 0x0000, 0x0000, 0x0000, 0x0000, 0x0000, 0x0000, 0x0000, 0x0000, 0x0000, 0x0000, 0x0000,
    0x0000, 0x0000, 0x0000, 0x0000, 0x0000, 0x0000, 0x0000, 0x0000, 0x0000, 0x0000, 0x0000, 0x0000, 0x0000, 0x0000, 0x0000, 0x0000,
    0x0000, 0x0000, 0x0000, 0x0000, 0x0000, 0x0000, 0x0000, 0x0000, 0x0000, 0x0000, 0x0000, 0x0000, 0x0000, 0x0000, 0x0000, 0x0000,
    0x0000, 0x0000, 0x0000, 0x0000, 0x0000, 0x0000, 0x0000, 0x0000, 0x0000, 0x0000, 0x0000, 0x0000, 0x0000, 0x0000, 0x0000, 0x0000,
    0x0000, 0x0000, 0x0000, 0x0000, 0x0000, 0x0000, 0x0000, 0x0000, 0x0000, 0x0000, 0x0000, 0x0000, 0x0000, 0x0000, 0x0000, 0x0000,
    0x0000, 0x0000, 0x0000, 0x0000, 0x0000, 0x0000, 0x0000, 0x0000, 0x0000, 0x0000, 0x0000, 0x0000, 0x0000, 0x0000, 0x0000, 0x0000,
    0x0000, 0x0000, 0x0000, 0x0000, 0x0000, 0x0000, 0x0000, 0x0000, 0x0000, 0x0000, 0x0000, 0x0000, 0x0000, 0x0000, 0x0000, 0x0000,
    0x0000, 0x0000, 0x0000, 0x0000, 0x0000, 0x0000, 0x0000, 0x0000, 0x0000, 0x0000, 0x0000, 0x0000, 0x0000, 0x0000, 0x0000, 0x0000,
    0x0000, 0x0000, 0x0000, 0x0000, 0x0000, 0x0000, 0x0000, 0x0000, 0x0000, 0x0000, 0x0000, 0x0000, 0x0000, 0x0000, 0x0000, 0x0000,
    0x0000, 0x0000, 0x0000, 0x0000, 0x0000, 0x0000, 0x0000, 0x0000, 0x0000, 0x0000, 0x0000, 0x0000, 0x0000, 0x0000, 0x0000, 0x0000,
    0x0000, 0x0000, 0x0000, 0x0000, 0x0000, 0x0000, 0x0000, 0x0000, 0x0000, 0x0000, 0x0000, 0x0000, 0x0000, 0x0000, 0x0000, 0x0000,
    0x0000, 0x0000, 0x0000, 0x0000, 0x0000, 0x0000, 0x0000, 0x0000, 0x0000, 0x0000, 0x0000, 0x0000, 0x0000, 0x0000, 0x0000, 0x0000,
    0x0000, 0x0000, 0x0000, 0x0000, 0x0000, 0x0000, 0x0000, 0x0000, 0x0000, 0x0000, 0x0000, 0x0000, 0x0000, 0x0000, 0x0000, 0x0000,
    0x0000, 0x0000, 0x0000, 0x0000, 0x0000, 0x0000, 0x0000, 0x0000, 0x0000, 0x0000, 0x0000, 0x0000, 0x0000, 0x0000, 0x0000, 0x0000,
    0x0000, 0x0000, 0x0000, 0x0000, 0x0000, 0x0000, 0x0000, 0x0000, 0x0000, 0x0000, 0x0000, 0x0000, 0x0000, 0x0000, 0x0000, 0x0000,
    0x0000, 0x0000, 0x0000, 0x0000, 0x0000, 0x0000, 0x0000, 0x0000, 0x0000, 0x0000, 0x0000, 0x0000, 0x0000, 0x0000, 0x0000, 0x0000,
    0x0000, 0x0000, 0x0000, 0x0000, 0x0000, 0x0000, 0x0000, 0x0000, 0x0000, 0x0000, 0x0000, 0x0000, 0x0000, 0x0000, 0x0000, 0x0000,
    0x0000, 0x0000, 0x0000, 0x0000, 0x0000, 0x0000, 0x0000, 0x0000, 0x0000, 0x0000, 0x0000, 0x0000, 0x0000, 0x0000, 0x0000, 0x0000,
    0x0000, 0x0000, 0x0000, 0x0000, 0x0000, 0x0000, 0x0000, 0x0000, 0x0000, 0x0000, 0x0000, 0x0000, 0x0000, 0x0000, 0x0000, 0x0000,
    0x0000, 0x0000, 0x0000, 0x0000, 0x0000, 0x0000, 0x0000, 0x0000, 0x0000, 0x0000, 0x0000, 0x0000, 0x0000, 0x0000, 0x0000, 0x0000,
    0x0000, 0x0000, 0x0000, 0x0000, 0x0000, 0x0000, 0x0000, 0x0000, 0x0000, 0x0000, 0x0000, 0x0000, 0x0000, 0x0000, 0x0000, 0x0000,
    0x0000, 0x0000, 0x0000, 0x0000, 0x0000, 0x0000, 0x0000, 0x0000, 0x0000, 0x0000, 0x0000, 0x0000, 0x0000, 0x0000, 0x0000, 0x0000,
    0x0000, 0x0000, 0x0000, 0x0000, 0x0000, 0x0000, 0x0000, 0x0000, 0x0000, 0x0000, 0x0000, 0x0000, 0x0000, 0x0000, 0x0000, 0x0000,
    0x0000, 0x0000, 0x0000, 0x0000, 0x0000, 0x0000, 0x0000, 0x0000, 0x0000, 0x0000, 0x0000, 0x0000, 0x0000, 0x0000, 0x0000, 0x0000,
    0x0000, 0x0000, 0x0000, 0x0000, 0x0000, 0x0000, 0x0000, 0x0000, 0x0000, 0x0000, 0x0000, 0x0000, 0x0000, 0x0000, 0x0000, 0x0000,
    0x0000, 0x0000, 0x0000, 0x0000, 0x0000, 0x0000, 0x0000, 0x0000, 0x0000, 0x0000, 0x0000, 0x0000, 0x0000, 0x0000, 0x0000, 0x0000,
    0x0000, 0x0000, 0x0000, 0x0000, 0x0000, 0x0000, 0x0000, 0x0000, 0x0000, 0x0000, 0x0000, 0x0000, 0x0000, 0x0000, 0x0000, 0x0000,
    0x0000, 0x0000, 0x0000, 0x0000, 0x0000, 0x0000, 0x0000, 0x0000, 0x0000, 0x0000, 0x0000, 0x0000, 0x0000, 0x0000, 0x0000, 0x0000,
    0x0000, 0x0000, 0x0000, 0x0000, 0x0000, 0x0000, 0x0000, 0x0000, 0x0000, 0x0000, 0x0000, 0x0000, 0x0000, 0x0000, 0x0000, 0x0000,
    0x0000, 0x0000, 0x0000, 0x0000, 0x0000, 0x0000, 0x0000, 0x0000, 0x0000, 0x0000, 0x0000, 0x0000, 0x0000, 0x0000, 0x0000, 0x0000,
    0x0000, 0x0000, 0x0000, 0x0000, 0x0000, 0x0000, 0x0000, 0x0000, 0x0000, 0x0000, 0x0000, 0x0000, 0x0000, 0x0000, 0x0000, 0x0000,
    0x0000, 0x0000, 0x0000, 0x0000, 0x0000, 0x0000, 0x0000, 0x0000, 0x0000, 0x0000, 0x0000, 0x0000, 0x0000, 0x0000, 0x0000, 0x0000,
    0x0000, 0x0000, 0x0000, 0x0000, 0x0000, 0x0000, 0x0000, 0x0000, 0x0000, 0x0000, 0x0000, 0x0000, 0x0000, 0x0000, 0x0000, 0x0000,
    0x0000, 0x0000, 0x0000, 0x0000, 0x0000, 0x0000, 0x0000, 0x0000, 0x0000, 0x0000, 0x0000, 0x0000, 0x0000, 0x0000, 0x0000, 0x0000,
    0x0000, 0x0000, 0x0000, 0x0000, 0x0000, 0x0000, 0x0000, 0x0000, 0x0000, 0x0000, 0x0000, 0x0000, 0x0000, 0x0000, 0x0000, 0x0000,
    0x0000, 0x0000, 0x0000, 0x0000, 0x0000, 0x0000, 0x0000, 0x0000, 0x0000, 0x0000, 0x0000, 0x0000, 0x0000, 0x0000, 0x0000, 0x0000,
    0x0000, 0x0000, 0x0000, 0x0000, 0x0000, 0x0000, 0x0000, 0x0000, 0x0000, 0x0000, 0x0000, 0x0000, 0x0000, 0x0000, 0x0000, 0x0000,
    0x0000, 0x0000, 0x0000, 0x0000, 0x0000, 0x0000, 0x0000, 0x0000, 0x0000, 0x0000, 0x0000, 0x0000, 0x0000, 0x0000, 0x0000, 0x0000,
    0x0000, 0x0000, 0x0000, 0x0000, 0x0000, 0x0000, 0x0000, 0x0000, 0x0000, 0x0000, 0x0000, 0x0000, 0x0000, 0x0000, 0x0000, 0x0000,
    0x0000, 0x0000, 0x0000, 0x0000, 0x0000, 0x0000, 0x0000, 0x0000, 0x0000, 0x0000, 0x0000, 0x0000, 0x0000, 0x0000, 0x0000, 0x0000,
    0x0000, 0x0000, 0x0000, 0x0000, 0x0000, 0x0000, 0x0000, 0x0000, 0x0000, 0x0000, 0x0000, 0x0000, 0x0000, 0x0000, 0x0000, 0x0000,
    0x0000, 0x0000, 0x0000, 0x0000, 0x0000, 0x0000, 0x0000, 0x0000, 0x0000, 0x0000, 0x0000, 0x0000, 0x0000, 0x0000, 0x0000, 0x0000,
    0x0000, 0x0000, 0x0000, 0x0000, 0x0000, 0x0000, 0x0000, 0x0000, 0x0000, 0x0000, 0x0000, 0x0000, 0x0000, 0x0000, 0x0000, 0x0000,
    0x0000, 0x0000, 0x0000, 0x0000, 0x0000, 0x0000, 0x0000, 0x0000, 0x0000, 0x0000, 0x0000, 0x0000, 0x0000, 0x0000, 0x0000, 0x0000,
    0x0000, 0x0000, 0x0000, 0x0000, 0x0000, 0x0000, 0x0000, 0x0000, 0x0000, 0x0000, 0x0000, 0x0000, 0x0000, 0x0000, 0x0000, 0x0000,
    0x0000, 0x0000, 0x0000, 0x0000, 0x0000, 0x0000, 0x0000, 0x0000, 0x0000, 0x0000, 0x0000, 0x0000, 0x0000, 0x0000, 0x0000, 0x0000,
    0x0000, 0x0000, 0x0000, 0x0000, 0x0000, 0x0000, 0x0000, 0x0000, 0x0000, 0x0000, 0x0000, 0x0000, 0x0000, 0x0000, 0x0000, 0x0000,
    0x0000, 0x0000, 0x0000, 0x0000, 0x0000, 0x0000, 0x0000, 0x0000, 0x0000, 0x0000, 0x0000, 0x0000, 0x0000, 0x0000, 0x0000, 0x0000,
    0x0000, 0x0000, 0x0000, 0x0000, 0x0000, 0x0000, 0x0000, 0x0000, 0x0000, 0x0000, 0x0000, 0x0000, 0x0000, 0x0000, 0x0000, 0x0000,
    0x0000, 0x0000, 0x0000, 0x0000, 0x0000, 0x0000, 0x0000, 0x0000, 0x0000, 0x0000, 0x0000, 0x0000, 0x0000, 0x0000, 0x0000, 0x0000,
    0x0000, 0x0000, 0x0000, 0x0000, 0x0000, 0x0000, 0x0000, 0x0000, 0x0000, 0x0000, 0x0000, 0x0000, 0x0000, 0x0000, 0x0000, 0x0000,
    0x0000, 0x0000, 0x0000, 0x0000, 0x0000, 0x0000, 0x0000, 0x0000, 0x0000, 0x0000, 0x0000, 0x0000, 0x0000, 0x0000, 0x0000, 0x0000,
    0x0000, 0x0000, 0x0000, 0x0000, 0x0000, 0x0000, 0x0000, 0x0000, 0x0000, 0x0000, 0x0000, 0x0000, 0x0000, 0x0000, 0x0000, 0x0000,
    0x0000, 0x0000, 0x0000, 0x0000, 0x0000, 0x0000, 0x0000, 0x0000, 0x0000, 0x0000, 0x0000, 0x0000, 0x0000, 0x0000, 0x0000, 0x0000,
    0x0000, 0x0000, 0x0000, 0x0000, 0x0000, 0x0000, 0x0000, 0x0000, 0x0000, 0x0000, 0x0000, 0x0000, 0x0000, 0x0000, 0x0000, 0x0000,
    0x0000, 0x0000, 0x0000, 0x0000, 0x0000, 0x0000, 0x0000, 0x0000, 0x0000, 0x0000, 0x0000, 0x0000, 0x0000, 0x0000, 0x0000, 0x0000,
    0x0000, 0x0000, 0x0000, 0x0000, 0x0000, 0x0000, 0x0000, 0x0000, 0x0000, 0x0000, 0x0000, 0x0000, 0x0000, 0x0000, 0x0000, 0x0000,
    0x0000, 0x0000, 0x0000, 0x0000, 0x0000, 0x0000, 0x0000, 0x0000, 0x0000, 0x0000, 0x0000, 0x0000, 0x0000, 0x0000, 0x0000, 0x0000,
    0x0000, 0x0000, 0x0000, 0x0000, 0x0000, 0x0000, 0x0000, 0x0000, 0x0000, 0x0000, 0x0000, 0x0000, 0x0000, 0x0000, 0x0000, 0x0000,
    0x0000, 0x0000, 0x0000, 0x0000, 0x0000, 0x0000, 0x0000, 0x0000, 0x0000, 0x0000, 0x0000, 0x0000, 0x0000, 0x0000, 0x0000, 0x0000,
    0x0000, 0x0000, 0x0000, 0x0000, 0x0000, 0x0000, 0x0000, 0x0000, 0x0000, 0x0000, 0x0000, 0x0000, 0x0000, 0x0000, 0x0000, 0x0000,
    0x0000, 0x0000, 0x0000, 0x0000, 0x0000, 0x0000, 0x0000, 0x0000, 0x0000, 0x0000, 0x0000, 0x0000, 0x0000, 0x0000, 0x0000, 0x0000,
    0x0000, 0x0000, 0x0000, 0x0000, 0x0000, 0x0000, 0x0000, 0x0000, 0x0000, 0x0000, 0x0000, 0x0000, 0x0000, 0x0000, 0x0000, 0x0000,
    0x0000, 0x0000, 0x0000, 0x0000, 0x0000, 0x0000, 0x0000, 0x0000, 0x0000, 0x0000, 0x0000, 0x0000, 0x0000, 0x0000, 0x0000, 0x0000,
    0x0000, 0x0000, 0x0000, 0x0000, 0x0000, 0x0000, 0x0000, 0x0000, 0x0000, 0x0000, 0x0000, 0x0000, 0x0000, 0x0000, 0x0000, 0x0000,
    0x0000, 0x0000, 0x0000, 0x0000, 0x0000, 0x0000, 0x0000, 0x0000, 0x0000, 0x0000, 0x0000, 0x0000, 0x0000, 0x0000, 0x0000, 0x0000,
    0x0000, 0x0000, 0x0000, 0x0000, 0x0000, 0x0000, 0x0000, 0x0000, 0x0000, 0x0000, 0x0000, 0x0000, 0x0000, 0x0000, 0x0000, 0x0000,
    0x0000, 0x0000, 0x0000, 0x0000, 0x0000, 0x0000, 0x0000, 0x0000, 0x0000, 0x0000, 0x0000, 0x0000, 0x0000, 0x0000, 0x0000, 0x0000,
    0x0000, 0x0000, 0x0000, 0x0000, 0x0000, 0x0000, 0x0000, 0x0000, 0x0000, 0x0000, 0x0000, 0x0000, 0x0000, 0x0000, 0x0000, 0x0000,
    0x0000, 0x0000, 0x0000, 0x0000, 0x0000, 0x0000, 0x0000, 0x0000, 0x0000, 0x0000, 0x0000, 0x0000, 0x0000, 0x0000, 0x0000, 0x0000,
    0x0000, 0x0000, 0x0000, 0x0000, 0x0000, 0x0000, 0x0000, 0x0000, 0x0000, 0x0000, 0x0000, 0x0000, 0x0000, 0x0000, 0x0000, 0x0000,
    0x0000, 0x0000, 0x0000, 0x0000, 0x0000, 0x0000, 0x0000, 0x0000, 0x0000, 0x0000, 0x0000, 0x0000, 0x0000, 0x0000, 0x0000, 0x0000,
    0x0000, 0x0000, 0x0000, 0x0000, 0x0000, 0x0000, 0x0000, 0x0000, 0x0000, 0x0000, 0x0000, 0x0000, 0x0000, 0x0000, 0x0000, 0x0000,
    0x0000, 0x0000, 0x0000, 0x0000, 0x0000, 0x0000, 0x0000, 0x0000, 0x0000, 0x0000, 0x0000, 0x0000, 0x0000, 0x0000, 0x0000, 0x0000,
    0x0000, 0x0000, 0x0000, 0x0000, 0x0000, 0x0000, 0x0000, 0x0000, 0x0000, 0x0000, 0x0000, 0x0000, 0x0000, 0x0000, 0x0000, 0x0000,
    0x0000, 0x0000, 0x0000, 0x0000, 0x0000, 0x0000, 0x0000, 0x0000, 0x0000, 0x0000, 0x0000, 0x0000, 0x0000, 0x0000, 0x0000, 0x0000,
    0x0000, 0x0000, 0x0000, 0x0000, 0x0000, 0x0000, 0x0000, 0x0000, 0x0000, 0x0000, 0x0000, 0x0000, 0x0000, 0x0000, 0x0000, 0x0000,
    0x0000, 0x0000, 0x0000, 0x0000, 0x0000, 0x0000, 0x0000, 0x0000, 0x0000, 0x0000, 0x0000, 0x0000, 0x0000, 0x0000, 0x0000, 0x0000,
    0x0000, 0x0000, 0x0000, 0x0000, 0x0000, 0x0000, 0x0000, 0x0000, 0x0000, 0x0000, 0x0000, 0x0000, 0x0000, 0x0000, 0x0000, 0x0000,
    0x0000, 0x0000, 0x0000, 0x0000, 0x0000, 0x0000, 0x0000, 0x0000, 0x0000, 0x0000, 0x0000, 0x0000, 0x0000, 0x0000, 0x0000, 0x0000,
    0x0000, 0x0000, 0x0000, 0x0000, 0x0000, 0x0000, 0x0000, 0x0000, 0x0000, 0x0000, 0x0000, 0x0000, 0x0000, 0x0000, 0x0000, 0x0000,
    0x0000, 0x0000, 0x0000, 0x0000, 0x0000, 0x0000, 0x0000, 0x0000, 0x0000, 0x0000, 0x0000, 0x0000, 0x0000, 0x0000, 0x0000, 0x0000,
    0x0000, 0x0000, 0x0000, 0x0000, 0x0000, 0x0000, 0x0000, 0x0000, 0x0000, 0x0000, 0x0000, 0x0000, 0x0000, 0x0000, 0x0000, 0x0000,
    0x0000, 0x0000, 0x0000, 0x0000, 0x0000, 0x0000, 0x0000, 0x0000, 0x0000, 0x0000, 0x0000, 0x0000, 0x0000, 0x0000, 0x0000, 0x0000,
    0x0000, 0x0000, 0x0000, 0x0000, 0x0000, 0x0000, 0x0000, 0x0000, 0x0000, 0x0000, 0x0000, 0x0000, 0x0000, 0x0000, 0x0000, 0x0000,
    0x0000, 0x0000, 0x0000, 0x0000, 0x0000, 0x0000, 0x0000, 0x0000, 0x0000, 0x0000, 0x0000, 0x0000, 0x0000, 0x0000, 0x0000, 0x0000,
    0x0000, 0x0000, 0x0000, 0x0000, 0x0000, 0x0000, 0x0000, 0x0000, 0x0000, 0x0000, 0x0000, 0x0000, 0x0000, 0x0000, 0x0000, 0x0000,
    0x0000, 0x0000, 0x0000, 0x0000, 0x0000, 0x0000, 0x0000, 0x0000, 0x0000, 0x0000, 0x0000, 0x0000, 0x0000, 0x0000, 0x0000, 0x0000,
    0x0000, 0x0000, 0x0000, 0x0000, 0x0000, 0x0000, 0x0000, 0x0000, 0x0000, 0x0000, 0x0000, 0x0000, 0x0000, 0x0000, 0x0000, 0x0000,
    0x0000, 0x0000, 0x0000, 0x0000, 0x0000, 0x0000, 0x0000, 0x0000, 0x0000, 0x0000, 0x0000, 0x0000, 0x0000, 0x0000, 0x0000, 0x0000,
    0x0000, 0x0000, 0x0000, 0x0000, 0x0000, 0x0000, 0x0000, 0x0000, 0x0000, 0x0000, 0x0000, 0x0000, 0x0000, 0x0000, 0x0000, 0x0000,
    0x0000, 0x0000, 0x0000, 0x0000, 0x0000, 0x0000, 0x0000, 0x0000, 0x0000, 0x0000, 0x0000, 0x0000, 0x0000, 0x0000, 0x0000, 0x0000,
    0x0000, 0x0000, 0x0000, 0x0000, 0x0000, 0x0000, 0x0000, 0x0000, 0x0000, 0x0000, 0x0000, 0x0000, 0x0000, 0x0000, 0x0000, 0x0000,
    0x0000, 0x0000, 0x0000, 0x0000, 0x0000, 0x0000, 0x0000, 0x0000, 0x0000, 0x0000, 0x0000, 0x0000, 0x0000, 0x0000, 0x0000, 0x0000,
    0x0000, 0x0000, 0x0000, 0x0000, 0x0000, 0x0000, 0x0000, 0x0000, 0x0000, 0x0000, 0x0000, 0x0000, 0x0000, 0x0000, 0x0000, 0x0000,
    0x0000, 0x0000, 0x0000, 0x0000, 0x0000, 0x0000, 0x0000, 0x0000, 0x0000, 0x0000, 0x0000, 0x0000, 0x0000, 0x0000, 0x0000, 0x0000,
    0x0000, 0x0000, 0x0000, 0x0000, 0x0000, 0x0000, 0x0000, 0x0000, 0x0000, 0x0000, 0x0000, 0x0000, 0x0000, 0x0000, 0x0000, 0x0000,
    0x0000, 0x0000, 0x0000, 0x0000, 0x0000, 0x0000, 0x0000, 0x0000, 0x0000, 0x0000, 0x0000, 0x0000, 0x0000, 0x0000, 0x0000, 0x0000,
    0x0000, 0x0000, 0x0000, 0x0000, 0x0000, 0x0000, 0x0000, 0x0000, 0x0000, 0x0000, 0x0000, 0x0000, 0x0000, 0x0000, 0x0000, 0x0000,
    0x0000, 0x0000, 0x0000, 0x0000, 0x0000, 0x0000, 0x0000, 0x0000, 0x0000, 0x0000, 0x0000, 0x0000, 0x0000, 0x0000, 0x0000, 0x0000,
    0x0000, 0x0000, 0x0000, 0x0000, 0x0000, 0x0000, 0x0000, 0x0000, 0x0000, 0x0000, 0x0000, 0x0000, 0x0000, 0x0000, 0x0000, 0x0000,
    0x0000, 0x0000, 0x0000, 0x0000, 0x0000, 0x0000, 0x0000, 0x0000, 0x0000, 0x0000, 0x0000, 0x0000, 0x0000, 0x0000, 0x0000, 0x0000,
    0x0000, 0x0000, 0x0000, 0x0000, 0x0000, 0x0000, 0x0000, 0x0000, 0x0000, 0x0000, 0x0000, 0x0000, 0x0000, 0x0000, 0x0000, 0x0000,
    0x0000, 0x0000, 0x0000, 0x0000, 0x0000, 0x0000, 0x0000, 0x0000, 0x0000, 0x0000, 0x0000, 0x0000, 0x0000, 0x0000, 0x0000, 0x0000,
    0x0000, 0x0000, 0x0000, 0x0000, 0x0000, 0x0000, 0x0000, 0x0000, 0x0000, 0x0000, 0x0000, 0x0000, 0x0000, 0x0000, 0x0000, 0x0000,
    0x0000, 0x0000, 0x0000, 0x0000, 0x0000, 0x0000, 0x0000, 0x0000, 0x0000, 0x0000, 0x0000, 0x0000, 0x0000, 0x0000, 0x0000, 0x0000,
    0x0000, 0x0000, 0x0000, 0x0000, 0x0000, 0x0000, 0x0000, 0x0000, 0x0000, 0x0000, 0x0000, 0x0000, 0x0000, 0x0000, 0x0000, 0x0000,
    0x0000, 0x0000, 0x0000, 0x0000, 0x0000, 0x0000, 0x0000, 0x0000, 0x0000, 0x0000, 0x0000, 0x0000, 0x0000, 0x0000, 0x0000, 0x0000,
    0x0000, 0x0000, 0x0000, 0x0000, 0x0000, 0x0000, 0x0000, 0x0000, 0x0000, 0x0000, 0x0000, 0x0000, 0x0000, 0x0000, 0x0000, 0x0000,
    0x0000, 0x0000, 0x0000, 0x0000, 0x0000, 0x0000, 0x0000, 0x0000, 0x0000, 0x0000, 0x0000, 0x0000, 0x0000, 0x0000, 0x0000, 0x0000,
    0x0000, 0x0000, 0x0000, 0x0000, 0x0000, 0x0000, 0x0000, 0x0000, 0x0000, 0x0000, 0x0000, 0x0000, 0x0000, 0x0000, 0x0000, 0x0000,
    0x0000, 0x0000, 0x0000, 0x0000, 0x0000, 0x0000, 0x0000, 0x0000, 0x0000, 0x0000, 0x0000, 0x0000, 0x0000, 0x0000, 0x0000, 0x0000,
    0x0000, 0x0000, 0x0000, 0x0000, 0x0000, 0x0000, 0x0000, 0x0000, 0x0000, 0x0000, 0x0000, 0x0000, 0x0000, 0x0000, 0x0000, 0x0000,
    0x0000, 0x0000, 0x0000, 0x0000, 0x0000, 0x0000, 0x0000, 0x0000, 0x0000, 0x0000, 0x0000, 0x0000, 0x0000, 0x0000, 0x0000, 0x0000,
    0x0000, 0x0000, 0x0000, 0x0000, 0x0000, 0x0000, 0x0000, 0x0000, 0x0000, 0x0000, 0x0000, 0x0000, 0x0000, 0x0000, 0x0000, 0x0000,
    0x0000, 0x0000, 0x0000, 0x0000, 0x0000, 0x0000, 0x0000, 0x0000, 0x0000, 0x0000, 0x0000, 0x0000, 0x0000, 0x0000, 0x0000, 0x0000,
    0x0000, 0x0000, 0x0000, 0x0000, 0x0000, 0x0000, 0x0000, 0x0000, 0x0000, 0x0000, 0x0000, 0x0000, 0x0000, 0x0000, 0x0000, 0x0000,
    0x0000, 0x0000, 0x0000, 0x0000, 0x0000, 0x0000, 0x0000, 0x0000, 0x0000, 0x0000, 0x0000, 0x0000, 0x0000, 0x0000, 0x0000, 0x0000,
    0x0000, 0x0000, 0x0000, 0x0000, 0x0000, 0x0000, 0x0000, 0x0000, 0x0000, 0x0000, 0x0000, 0x0000, 0x0000, 0x0000, 0x0000, 0x0000,
    0x0000, 0x0000, 0x0000, 0x0000, 0x0000, 0x0000, 0x0000, 0x0000, 0x0000, 0x0000, 0x0000, 0x0000, 0x0000, 0x0000, 0x0000, 0x0000,
    0x0000, 0x0000, 0x0000, 0x0000, 0x0000, 0x0000, 0x0000, 0x0000, 0x0000, 0x0000, 0x0000, 0x0000, 0x0000, 0x0000, 0x0000, 0x0000,
    0x0000, 0x0000, 0x0000, 0x0000, 0x0000, 0x0000, 0x0000, 0x0000, 0x0000, 0x0000, 0x0000, 0x0000, 0x0000, 0x0000, 0x0000, 0x0000,
    0x0000, 0x0000, 0x0000, 0x0000, 0x0000, 0x0000, 0x0000, 0x0000, 0x0000, 0x0000, 0x0000, 0x0000, 0x0000, 0x0000, 0x0000, 0x0000,
    0x0000, 0x0000, 0x0000, 0x0000, 0x0000, 0x0000, 0x0000, 0x0000, 0x0000, 0x0000, 0x0000, 0x0000, 0x0000, 0x0000, 0x0000, 0x0000,
    0x0000, 0x0000, 0x0000, 0x0000, 0x0000, 0x0000, 0x0000, 0x0000, 0x0000, 0x0000, 0x0000, 0x0000, 0x0000, 0x0000, 0x0000, 0x0000,
    0x0000, 0x0000, 0x0000, 0x0000, 0x0000, 0x0000, 0x0000, 0x0000, 0x0000, 0x0000, 0x0000, 0x0000, 0x0000, 0x0000, 0x0000, 0x0000,
    0x0000, 0x0000, 0x0000, 0x0000, 0x0000, 0x0000, 0x0000, 0x0000, 0x0000, 0x0000, 0x0000, 0x0000, 0x0000, 0x0000, 0x0000, 0x0000,
    0x0000, 0x0000, 0x0000, 0x0000, 0x0000, 0x0000, 0x0000, 0x0000, 0x0000, 0x0000, 0x0000, 0x0000, 0x0000, 0x0000, 0x0000, 0x0000,
    0x0000, 0x0000, 0x0000, 0x0000, 0x0000, 0x0000, 0x0000, 0x0000, 0x0000, 0x0000, 0x0000, 0x0000, 0x0000, 0x0000, 0x0000, 0x0000,
    0x0000, 0x0000, 0x0000, 0x0000, 0x0000, 0x0000, 0x0000, 0x0000, 0x0000, 0x0000, 0x0000, 0x0000, 0x0000, 0x0000, 0x0000, 0x0000,
    0x0000, 0x0000, 0x0000, 0x0000, 0x0000, 0x0000, 0x0000, 0x0000, 0x0000, 0x0000, 0x0000, 0x0000, 0x0000, 0x0000, 0x0000, 0x0000,
    0x0000, 0x0000, 0x0000, 0x0000, 0x0000, 0x0000, 0x0000, 0x0000, 0x0000, 0x0000, 0x0000, 0x0000, 0x0000, 0x0000, 0x0000, 0x0000,
    0x0000, 0x0000, 0x0000, 0x0000, 0x0000, 0x0000, 0x0000, 0x0000, 0x0000, 0x0000, 0x0000, 0x0000, 0x0000, 0x0000, 0x0000, 0x0000,
    0x0000, 0x0000, 0x0000, 0x0000, 0x0000, 0x0000, 0x0000, 0x0000, 0x0000, 0x0000, 0x0000, 0x0000, 0x0000, 0x0000, 0x0000, 0x0000,
    0x0000, 0x0000, 0x0000, 0x0000, 0x0000, 0x0000, 0x0000, 0x0000, 0x0000, 0x0000, 0x0000, 0x0000, 0x0000, 0x0000, 0x0000, 0x0000,
    0x0000, 0x0000, 0x0000, 0x0000, 0x0000, 0x0000, 0x0000, 0x0000, 0x0000, 0x0000, 0x0000, 0x0000, 0x0000, 0x0000, 0x0000, 0x0000,
    0x0000, 0x0000, 0x0000, 0x0000, 0x0000, 0x0000, 0x0000, 0x0000, 0x0000, 0x0000, 0x0000, 0x0000, 0x0000, 0x0000, 0x0000, 0x0000,
    0x0000, 0x0000, 0x0000, 0x0000, 0x0000, 0x0000, 0x0000, 0x0000, 0x0000, 0x0000, 0x0000, 0x0000, 0x0000, 0x0000, 0x0000, 0x0000,
    0x0000, 0x0000, 0x0000, 0x0000, 0x0000, 0x0000, 0x0000, 0x0000, 0x0000, 0x0000, 0x0000, 0x0000, 0x0000, 0x0000, 0x0000, 0x0000,
    0x0000, 0x0000, 0x0000, 0x0000, 0x0000, 0x0000, 0x0000, 0x0000, 0x0000, 0x0000, 0x0000, 0x0000, 0x0000, 0x0000, 0x0000, 0x0000,
    0x0000, 0x0000, 0x0000, 0x0000, 0x0000, 0x0000, 0x0000, 0x0000, 0x0000, 0x0000, 0x0000, 0x0000, 0x0000, 0x0000, 0x0000, 0x0000,
    0x0000, 0x0000, 0x0000, 0x0000, 0x0000, 0x0000, 0x0000, 0x0000, 0x0000, 0x0000, 0x0000, 0x0000, 0x0000, 0x0000, 0x0000, 0x0000,
    0x0000, 0x0000, 0x0000, 0x0000, 0x0000, 0x0000, 0x0000, 0x0000, 0x0000, 0x0000, 0x0000, 0x0000, 0x0000, 0x0000, 0x0000, 0x0000,
    0x0000, 0x0000, 0x0000, 0x0000, 0x0000, 0x0000, 0x0000, 0x0000, 0x0000, 0x0000, 0x0000, 0x0000, 0x0000, 0x0000, 0x0000, 0x0000,
    0x0000, 0x0000, 0x0000, 0x0000, 0x0000, 0x0000, 0x0000, 0x0000, 0x0000, 0x0000, 0x0000, 0x0000, 0x0000, 0x0000, 0x0000, 0x0000,
    0x0000, 0x0000, 0x0000, 0x0000, 0x0000, 0x0000, 0x0000, 0x0000, 0x0000, 0x0000, 0x0000, 0x0000, 0x0000, 0x0000, 0x0000, 0x0000,
    0x0000, 0x0000, 0x0000, 0x0000, 0x0000, 0x0000, 0x0000, 0x0000, 0x0000, 0x0000, 0x0000, 0x0000, 0x0000, 0x0000, 0x0000, 0x0000,
    0x0000, 0x0000, 0x0000, 0x0000, 0x0000, 0x0000, 0x0000, 0x0000, 0x0000, 0x0000, 0x0000, 0x0000, 0x0000, 0x0000, 0x0000, 0x0000,
    0x0000, 0x0000, 0x0000, 0x0000, 0x0000, 0x0000, 0x0000, 0x0000, 0x0000, 0x0000, 0x0000, 0x0000, 0x0000, 0x0000, 0x0000, 0x0000,
    0x0000, 0x0000, 0x0000, 0x0000, 0x0000, 0x0000, 0x0000, 0x0000, 0x0000, 0x0000, 0x0000, 0x0000, 0x0000, 0x0000, 0x0000, 0x0000,
    0x0000, 0x0000, 0x0000, 0x0000, 0x0000, 0x0000, 0x0000, 0x0000, 0x0000, 0x0000, 0x0000, 0x0000, 0x0000, 0x0000, 0x0000, 0x0000,
    0x0000, 0x0000, 0x0000, 0x0000, 0x0000, 0x0000, 0x0000, 0x0000, 0x0000, 0x0000, 0x0000, 0x0000, 0x0000, 0x0000, 0x0000, 0x0000,
    0x0000, 0x0000, 0x0000, 0x0000, 0x0000, 0x0000, 0x0000, 0x0000, 0x0000, 0x0000, 0x0000, 0x0000, 0x0000, 0x0000, 0x0000, 0x0000,
    0x0000, 0x0000, 0x0000, 0x0000, 0x0000, 0x0000, 0x0000, 0x0000, 0x0000, 0x0000, 0x0000, 0x0000, 0x0000, 0x0000, 0x0000, 0x0000,
    0x0000, 0x0000, 0x0000, 0x0000, 0x0000, 0x0000, 0x0000, 0x0000, 0x0000, 0x0000, 0x0000, 0x0000, 0x0000, 0x0000, 0x0000, 0x0000,
    0x0000, 0x0000, 0x0000, 0x0000, 0x0000, 0x0000, 0x0000, 0x0000, 0x0000, 0x0000, 0x0000, 0x0000, 0x0000, 0x0000, 0x0000, 0x0000,
    0x0000, 0x0000, 0x0000, 0x0000, 0x0000, 0x0000, 0x0000, 0x0000, 0x0000, 0x0000, 0x0000, 0x0000, 0x0000, 0x0000, 0x0000, 0x0000,
    0x0000, 0x0000, 0x0000, 0x0000, 0x0000, 0x0000, 0x0000, 0x0000, 0x0000, 0x0000, 0x0000, 0x0000, 0x0000, 0x0000, 0x0000, 0x0000,
    0x0000, 0x0000, 0x0000, 0x0000, 0x0000, 0x0000, 0x0000, 0x0000, 0x0000, 0x0000, 0x0000, 0x0000, 0x0000, 0x0000, 0x0000, 0x0000,
    0x0000, 0x0000, 0x0000, 0x0000, 0x0000, 0x0000, 0x0000, 0x0000, 0x0000, 0x0000, 0x0000, 0x0000, 0x0000, 0x0000, 0x0000, 0x0000,
    0x0000, 0x0000, 0x0000, 0x0000, 0x0000, 0x0000, 0x0000, 0x0000, 0x0000, 0x0000, 0x0000, 0x0000, 0x0000, 0x0000, 0x0000, 0x0000,
    0x0000, 0x0000, 0x0000, 0x0000, 0x0000, 0x0000, 0x0000, 0x0000, 0x0000, 0x0000, 0x0000, 0x0000, 0x0000, 0x0000, 0x0000, 0x0000,
    0x0000, 0x0000, 0x0000, 0x0000, 0x0000, 0x0000, 0x0000, 0x0000, 0x0000, 0x0000, 0x0000, 0x0000, 0x0000, 0x0000, 0x0000, 0x0000,
    0x0000, 0x0000, 0x0000, 0x0000, 0x0000, 0x0000, 0x0000, 0x0000, 0x0000, 0x0000, 0x0000, 0x0000, 0x0000, 0x0000, 0x0000, 0x0000,
    0x0000, 0x0000, 0x0000, 0x0000, 0x0000, 0x0000, 0x0000, 0x0000, 0x0000, 0x0000, 0x0000, 0x0000, 0x0000, 0x0000, 0x0000, 0x0000,
    0x0000, 0x0000, 0x0000, 0x0000, 0x0000, 0x0000, 0x0000, 0x0000, 0x0000, 0x0000, 0x0000, 0x0000, 0x0000, 0x0000, 0x0000, 0x0000,
    0x0000, 0x0000, 0x0000, 0x0000, 0x0000, 0x0000, 0x0000, 0x0000, 0x0000, 0x0000, 0x0000, 0x0000, 0x0000, 0x0000, 0x0000, 0x0000,
    0x0000, 0x0000, 0x0000, 0x0000, 0x0000, 0x0000, 0x0000, 0x0000, 0x0000, 0x0000, 0x0000, 0x0000, 0x0000, 0x0000, 0x0000, 0x0000,
    0x0000, 0x0000, 0x0000, 0x0000, 0x0000, 0x0000, 0x0000, 0x0000, 0x0000, 0x0000, 0x0000, 0x0000, 0x0000, 0x0000, 0x0000, 0x0000,
    0x0000, 0x0000, 0x0000, 0x0000, 0x0000, 0x0000, 0x0000, 0x0000, 0x0000, 0x0000, 0x0000, 0x0000, 0x0000, 0x0000, 0x0000, 0x0000,
    0x0000, 0x0000, 0x0000, 0x0000, 0x0000, 0x0000, 0x0000, 0x0000, 0x0000, 0x0000, 0x0000, 0x0000, 0x0000, 0x0000, 0x0000, 0x0000,
    0x0000, 0x0000, 0x0000, 0x0000, 0x0000, 0x0000, 0x0000, 0x0000, 0x0000, 0x0000, 0x0000, 0x0000, 0x0000, 0x0000, 0x0000, 0x0000,
    0x0000, 0x0000, 0x0000, 0x0000, 0x0000, 0x0000, 0x0000, 0x0000, 0x0000, 0x0000, 0x0000, 0x0000, 0x0000, 0x0000, 0x0000, 0x0000,
    0x0000, 0x0000, 0x0000, 0x0000, 0x0000, 0x0000, 0x0000, 0x0000, 0x0000, 0x0000, 0x0000, 0x0000, 0x0000, 0x0000, 0x0000, 0x0000,
    0x0000, 0x0000, 0x0000, 0x0000, 0x0000, 0x0000, 0x0000, 0x0000, 0x0000, 0x0000, 0x0000, 0x0000, 0x0000, 0x0000, 0x0000, 0x0000,
    0x0000, 0x0000, 0x0000, 0x0000, 0x0000, 0x0000, 0x0000, 0x0000, 0x0000, 0x0000, 0x0000, 0x0000, 0x0000, 0x0000, 0x0000, 0x0000,
    0x0000, 0x0000, 0x0000, 0x0000, 0x0000, 0x0000, 0x0000, 0x0000, 0x0000, 0x0000, 0x0000, 0x0000, 0x0000, 0x0000, 0x0000, 0x0000,
    0x0000, 0x0000, 0x0000, 0x0000, 0x0000, 0x0000, 0x0000, 0x0000, 0x0000, 0x0000, 0x0000, 0x0000, 0x0000, 0x0000, 0x0000, 0x0000,
    0x0000, 0x0000, 0x0000, 0x0000, 0x0000, 0x0000, 0x0000, 0x0000, 0x0000, 0x0000, 0x0000, 0x0000, 0x0000, 0x0000, 0x0000, 0x0000,
    0x0000, 0x0000, 0x0000, 0x0000, 0x0000, 0x0000, 0x0000, 0x0000, 0x0000, 0x0000, 0x0000, 0x0000, 0x0000, 0x0000, 0x0000, 0x0000,
    0x0000, 0x0000, 0x0000, 0x0000, 0x0000, 0x0000, 0x0000, 0x0000, 0x0000, 0x0000, 0x0000, 0x0000, 0x0000, 0x0000, 0x0000, 0x0000,
    0x0000, 0x0000, 0x0000, 0x0000, 0x0000, 0x0000, 0x0000, 0x0000, 0x0000, 0x0000, 0x0000, 0x0000, 0x0000, 0x0000, 0x0000, 0x0000,
    0x0000, 0x0000, 0x0000, 0x0000, 0x0000, 0x0000, 0x0000, 0x0000, 0x0000, 0x0000, 0x0000, 0x0000, 0x0000, 0x0000, 0x0000, 0x0000,
    0x0000, 0x0000, 0x0000, 0x0000, 0x0000, 0x0000, 0x0000, 0x0000, 0x0000, 0x0000, 0x0000, 0x0000, 0x0000, 0x0000, 0x0000, 0x0000,
    0x0000, 0x0000, 0x0000, 0x0000, 0x0000, 0x0000, 0x0000, 0x0000, 0x0000, 0x0000, 0x0000, 0x0000, 0x0000, 0x0000, 0x0000, 0x0000,
    0x0000, 0x0000, 0x0000, 0x0000, 0x0000, 0x0000, 0x0000, 0x0000, 0x0000, 0x0000, 0x0000, 0x0000, 0x0000, 0x0000, 0x0000, 0x0000,
    0x0000, 0x0000, 0x0000, 0x0000, 0x0000, 0x0000, 0x0000, 0x0000, 0x0000, 0x0000, 0x0000, 0x0000, 0x0000, 0x0000, 0x0000, 0x0000,
    0x0000, 0x0000, 0x0000, 0x0000, 0x0000, 0x0000, 0x0000, 0x0000, 0x0000, 0x0000, 0x0000, 0x0000, 0x0000, 0x0000, 0x0000, 0x0000,
    0x0000, 0x0000, 0x0000, 0x0000, 0x0000, 0x0000, 0x0000, 0x0000, 0x0000, 0x0000, 0x0000, 0x0000, 0x0000, 0x0000, 0x0000, 0x0000,
    0x0000, 0x0000, 0x0000, 0x0000, 0x0000, 0x0000, 0x0000, 0x0000, 0x0000, 0x0000, 0x0000, 0x0000, 0x0000, 0x0000, 0x0000, 0x0000,
    0x0000, 0x0000, 0x0000, 0x0000, 0x0000, 0x0000, 0x0000, 0x0000, 0x0000, 0x0000, 0x0000, 0x0000, 0x0000, 0x0000, 0x0000, 0x0000,
    0x0000, 0x0000, 0x0000, 0x0000, 0x0000, 0x0000, 0x0000, 0x0000, 0x0000, 0x0000, 0x0000, 0x0000, 0x0000, 0x0000, 0x0000, 0x0000,
    0x0000, 0x0000, 0x0000, 0x0000, 0x0000, 0x0000, 0x0000, 0x0000, 0x0000, 0x0000, 0x0000, 0x0000, 0x0000, 0x0000, 0x0000, 0x0000,
    0x0000, 0x0000, 0x0000, 0x0000, 0x0000, 0x0000, 0x0000, 0x0000, 0x0000, 0x0000, 0x0000, 0x0000, 0x0000, 0x0000, 0x0000, 0x0000,
    0x0000, 0x0000, 0x0000, 0x0000, 0x0000, 0x0000, 0x0000, 0x0000, 0x0000, 0x0000, 0x0000, 0x0000, 0x0000, 0x0000, 0x0000, 0x0000,
    0x0000, 0x0000, 0x0000, 0x0000, 0x0000, 0x0000, 0x0000, 0x0000, 0x0000, 0x0000, 0x0000, 0x0000, 0x0000, 0x0000, 0x0000, 0x0000,
    0x0000, 0x0000, 0x0000, 0x0000, 0x0000, 0x0000, 0x0000, 0x0000, 0x0000, 0x0000, 0x0000, 0x0000, 0x0000, 0x0000, 0x0000, 0x0000,
    0x0000, 0x0000, 0x0000, 0x0000, 0x0000, 0x0000, 0x0000, 0x0000, 0x0000, 0x0000, 0x0000, 0x0000, 0x0000, 0x0000, 0x0000, 0x0000,
    0x0000, 0x0000, 0x0000, 0x0000, 0x0000, 0x0000, 0x0000, 0x0000, 0x0000, 0x0000, 0x0000, 0x0000, 0x0000, 0x0000, 0x0000, 0x0000,
    0x0000, 0x0000, 0x0000, 0x0000, 0x0000, 0x0000, 0x0000, 0x0000, 0x0000, 0x0000, 0x0000, 0x0000, 0x0000, 0x0000, 0x0000, 0x0000,
    0x0000, 0x0000, 0x0000, 0x0000, 0x0000, 0x0000, 0x0000, 0x0000, 0x0000, 0x0000, 0x0000, 0x0000, 0x0000, 0x0000, 0x0000, 0x0000,
    0x0000, 0x0000, 0x0000, 0x0000, 0x0000, 0x0000, 0x0000, 0x0000, 0x0000, 0x0000, 0x0000, 0x0000, 0x0000, 0x3164, 0x0000, 0x0000,
    0x3133, 0x0000, 0x3135, 0x3136, 0x0000, 0x0000, 0x313a, 0x313b, 0x313c, 0x313d, 0x313e, 0x313f, 0x3140, 0x0000, 0x0000, 0x0000,
    0x3144, 0x0000, 0x0000, 0x0000, 0x0000, 0x0000, 0x0000, 0x0000, 0x0000, 0x0000, 0x0000, 0x0000, 0x0000, 0x314f, 0x0000, 0x0000,
    0x0000, 0x0000, 0x0000, 0x0000, 0x0000, 0x0000, 0x0000, 0x0000, 0x0000, 0x0000, 0x0000, 0x0000, 0x0000, 0x0000, 0x0000, 0x0000,
    0x0000, 0x0000, 0x0000, 0x0000, 0x0000, 0x0000, 0x0000, 0x0000, 0x0000, 0x0000, 0x0000, 0x0000, 0x0000, 0x3150, 0x0000, 0x0000,
    0x0000, 0x0000, 0x0000, 0x0000, 0x0000, 0x0000, 0x0000, 0x0000, 0x0000, 0x0000, 0x0000, 0x0000, 0x0000, 0x0000, 0x0000, 0x0000,
    0x0000, 0x0000, 0x0000, 0x0000, 0x0000, 0x0000, 0x0000, 0x0000, 0x0000, 0x0000, 0x0000, 0x0000, 0x0000, 0x3151, 0x0000, 0x0000,
    0x0000, 0x0000, 0x0000, 0x0000, 0x0000, 0x0000, 0x0000, 0x0000, 0x0000, 0x0000, 0x0000, 0x0000, 0x0000, 0x0000, 0x0000, 0x0000,
    0x0000, 0x0000, 0x0000, 0x0000, 0x0000, 0x0000, 0x0000, 0x0000, 0x0000, 0x0000, 0x0000, 0x0000, 0x0000, 0x3152, 0x0000, 0x0000,
    0x0000, 0x0000, 0x0000, 0x0000, 0x0000, 0x0000, 0x0000, 0x0000, 0x0000, 0x0000, 0x0000, 0x0000, 0x0000, 0x0000, 0x0000, 0x0000,
    0x0000, 0x0000, 0x0000, 0x0000, 0x0000, 0x0000, 0x0000, 0x0000, 0x0000, 0x0000, 0x0000, 0x0000, 0x0000, 0x3153, 0x0000, 0x0000,
    0x0000, 0x0000, 0x0000, 0x0000, 0x0000, 0x0000, 0x0000, 0x0000, 0x0000, 0x0000, 0x0000, 0x0000, 0x0000, 0x0000, 0x0000, 0x0000,
    0x0000, 0x0000, 0x0000, 0x0000, 0x0000, 0x0000, 0x0000, 0x0000, 0x0000, 0x0000, 0x0000, 0x0000, 0x3154, 0x0000, 0x0000, 0x0000,
    0x0000, 0x0000, 0x0000, 0x0000, 0x0000, 0x0000, 0x0000, 0x0000, 0x0000, 0x0000, 0x0000, 0x0000, 0x0000, 0x0000, 0x0000, 0x0000,
    0x0000, 0x0000, 0x0000, 0x0000, 0x0000, 0x0000, 0x0000, 0x0000, 0x0000, 0x0000, 0x0000, 0x0000, 0x3155, 0x0000, 0x0000, 0x0000,
    0x0000, 0x0000, 0x0000, 0x0000, 0x0000, 0x0000, 0x0000, 0x0000, 0x0000, 0x0000, 0x0000, 0x0000, 0x0000, 0x0000, 0x0000, 0x0000,
    0x0000, 0x0000, 0x0000, 0x0000, 0x0000, 0x0000, 0x0000, 0x0000, 0x0000, 0x0000, 0x0000, 0x0000, 0x3156, 0x0000, 0x0000, 0x0000,
    0x0000, 0x0000, 0x0000, 0x0000, 0x0000, 0x0000, 0x0000, 0x0000, 0x0000, 0x0000, 0x0000, 0x0000, 0x0000, 0x0000, 0x0000, 0x0000,
    0x0000, 0x0000, 0x0000, 0x0000, 0x0000, 0x0000, 0x0000, 0x0000, 0x0000, 0x0000, 0x0000, 0x0000, 0x3157, 0x0000, 0x0000, 0x0000,
    0x0000, 0x0000, 0x0000, 0x0000, 0x0000, 0x0000, 0x0000, 0x0000, 0x0000, 0x0000, 0x0000, 0x0000, 0x0000, 0x0000, 0x0000, 0x0000,
    0x0000, 0x0000, 0x0000, 0x0000, 0x0000, 0x0000, 0x0000, 0x0000, 0x0000, 0x0000, 0x0000, 0x0000, 0x3158, 0x0000, 0x0000, 0x0000,
    0x0000, 0x0000, 0x0000, 0x0000, 0x0000, 0x0000, 0x0000, 0x0000, 0x0000, 0x0000, 0x0000, 0x0000, 0x0000, 0x0000, 0x0000, 0x0000,
    0x0000, 0x0000, 0x0000, 0x0000, 0x0000, 0x0000, 0x0000, 0x0000, 0x0000, 0x0000, 0x0000, 0x0000, 0x3159, 0x0000, 0x0000, 0x0000,
    0x0000, 0x0000, 0x0000, 0x0000, 0x0000, 0x0000, 0x0000, 0x0000, 0x0000, 0x0000, 0x0000, 0x0000, 0x0000, 0x0000, 0x0000, 0x0000,
    0x0000, 0x0000, 0x0000, 0x0000, 0x0000, 0x0000, 0x0000, 0x0000, 0x0000, 0x0000, 0x0000, 0x315a, 0x0000, 0x0000, 0x0000, 0x0000,
    0x0000, 0x0000, 0x0000, 0x0000, 0x0000, 0x0000, 0x0000, 0x0000, 0x0000, 0x0000, 0x0000, 0x0000, 0x0000, 0x0000, 0x0000, 0x0000,
    0x0000, 0x0000, 0x0000, 0x0000, 0x0000, 0x0000, 0x0000, 0x0000, 0x0000, 0x0000, 0x0000, 0x315b, 0x0000, 0x0000, 0x0000, 0x0000,
    0x0000, 0x0000, 0x0000, 0x0000, 0x0000, 0x0000, 0x0000, 0x0000, 0x0000, 0x0000, 0x0000, 0x0000, 0x0000, 0x0000, 0x0000, 0x0000,
    0x0000, 0x0000, 0x0000, 0x0000, 0x0000, 0x0000, 0x0000, 0x0000, 0x0000, 0x0000, 0x0000, 0x315c, 0x0000, 0x0000, 0x0000, 0x0000,
    0x0000, 0x0000, 0x0000, 0x0000, 0x0000, 0x0000, 0x0000, 0x0000, 0x0000, 0x0000, 0x0000, 0x0000, 0x0000, 0x0000, 0x0000, 0x0000,
    0x0000, 0x0000, 0x0000, 0x0000, 0x0000, 0x0000, 0x0000, 0x0000, 0x0000, 0x0000, 0x0000, 0x315d, 0x0000, 0x0000, 0x0000, 0x0000,
    0x0000, 0x0000, 0x0000, 0x0000, 0x0000, 0x0000, 0x0000, 0x0000, 0x0000, 0x0000, 0x0000, 0x0000, 0x0000, 0x0000, 0x0000, 0x0000,
    0x0000, 0x0000, 0x0000, 0x0000, 0x0000, 0x0000, 0x0000, 0x0000, 0x0000, 0x0000, 0x0000, 0x315e, 0x0000, 0x0000, 0x0000, 0x0000,
    0x0000, 0x0000, 0x0000, 0x0000, 0x0000, 0x0000, 0x0000, 0x0000, 0x0000, 0x0000, 0x0000, 0x0000, 0x0000, 0x0000, 0x0000, 0x0000,
    0x0000, 0x0000, 0x0000, 0x0000, 0x0000, 0x0000, 0x0000, 0x0000, 0x0000, 0x0000, 0x0000, 0x315f, 0x0000, 0x0000, 0x0000, 0x0000,
    0x0000, 0x0000, 0x0000, 0x0000, 0x0000, 0x0000, 0x0000, 0x0000, 0x0000, 0x0000, 0x0000, 0x0000, 0x0000, 0x0000, 0x0000, 0x0000,
    0x0000, 0x0000, 0x0000, 0x0000, 0x0000, 0x0000, 0x0000, 0x0000, 0x0000, 0x0000, 0x3160, 0x0000, 0x0000, 0x0000, 0x0000, 0x0000,
    0x0000, 0x0000, 0x0000, 0x0000, 0x0000, 0x0000, 0x0000, 0x0000, 0x0000, 0x0000, 0x0000, 0x0000, 0x0000, 0x0000, 0x0000, 0x0000,
    0x0000, 0x0000, 0x0000, 0x0000, 0x0000, 0x0000, 0x0000, 0x0000, 0x0000, 0x0000, 0x3161, 0x0000, 0x0000, 0x0000, 0x0000, 0x0000,
    0x0000, 0x0000, 0x0000, 0x0000, 0x0000, 0x0000, 0x0000, 0x0000, 0x0000, 0x0000, 0x0000, 0x0000, 0x0000, 0x0000, 0x0000, 0x0000,
    0x0000, 0x0000, 0x0000, 0x0000, 0x0000, 0x0000, 0x0000, 0x0000, 0x0000, 0x0000, 0x3162, 0x0000, 0x0000, 0x0000, 0x0000, 0x0000,
    0x0000, 0x0000, 0x0000, 0x0000, 0x0000, 0x0000, 0x0000, 0x0000, 0x0000, 0x0000, 0x0000, 0x0000, 0x0000, 0x0000, 0x0000, 0x0000,
    0x0000, 0x0000, 0x0000, 0x0000, 0x0000, 0x0000, 0x0000, 0x0000, 0x0000, 0x0000, 0x3163, 0x0000, 0x0000, 0x0000, 0x0000, 0x0000,
    0x0000, 0x0000, 0x0000, 0x0000, 0x0000, 0x0000, 0x0000, 0x0000, 0x0000, 0x0000, 0x0000, 0x0000, 0x0000, 0x0000, 0x0000, 0x0000,
    0x0000, 0x0000, 0x0000, 0x0000, 0x0000, 0x0000, 0x0000, 0x0000, 0x0000, 0x0000, 0x0000, 0x0000, 0x0000, 0x0000, 0x0000, 0x0000,
    0x0000, 0x0000, 0x0000, 0x0000, 0x0000, 0x0000, 0x0000, 0x0000, 0x0000, 0x0000, 0x0000, 0x0000, 0x0000, 0x0000, 0x0000, 0x0000,
    0x0000, 0x0000, 0x0000, 0x0000, 0x0000, 0x0000, 0x0000, 0x0000, 0x0000, 0x0000, 0x0000, 0x0000, 0x0000, 0x0000, 0x0000, 0x0000,
    0x0000, 0x0000, 0x0000, 0x0000, 0x0000, 0x0000, 0x0000, 0x0000, 0x0000, 0x0000, 0x0000, 0x0000, 0x0000, 0x0000, 0x0000, 0x0000,
    0x0000, 0x0000, 0x0000, 0x0000, 0x0000, 0x0000, 0x0000, 0x0000, 0x0000, 0x3131, 0x0000, 0x0000, 0x0000, 0x0000, 0x0000, 0x0000,
    0x0000, 0x0000, 0x0000, 0x0000, 0x0000, 0x0000, 0x0000, 0x0000, 0x0000, 0x0000, 0x0000, 0x0000, 0x0000, 0x0000, 0x0000, 0x0000,
    0x0000, 0x0000, 0x0000, 0x0000, 0x0000, 0x0000, 0x0000, 0x0000, 0x0000, 0xac00, 0xac01, 0xac02, 0x0000, 0xac04, 0x0000, 0x0000,
    0xac07, 0xac08, 0xac09, 0xac0a, 0xac0b, 0x0000, 0x0000, 0x0000, 0x0000, 0xac10, 0x0000, 0xac11, 0xac12, 0xac13, 0xac14, 0xac15,
    0xac16, 0xac17, 0x0000, 0xac19, 0xac1a, 0xac1b, 0x0000, 0x0000, 0x0000, 0xac1c, 0xac1d, 0x0000, 0x0000, 0xac20, 0x0000, 0x0000,
    0x0000, 0xac24, 0x0000, 0x0000, 0x0000, 0x0000, 0x0000, 0x0000, 0x0000, 0xac2c, 0x0000, 0xac2d, 0x0000, 0xac2f, 0xac30, 0xac31,
    0x0000, 0x0000, 0x0000, 0x0000, 0x0000, 0x0000, 0x0000, 0x0000, 0x0000, 0xac38, 0xac39, 0x0000, 0x0000, 0xac3c, 0x0000, 0x0000,
    0x0000, 0xac40, 0x0000, 0x0000, 0x0000, 0x0000, 0x0000, 0x0000, 0x0000, 0x0000, 0x0000, 0x0000, 0x0000, 0xac4b, 0x0000, 0xac4d,
    0x0000, 0x0000, 0x0000, 0x0000, 0x0000, 0x0000, 0x0000, 0x0000, 0x0000, 0xac54, 0x0000, 0x0000, 0x0000, 0xac58, 0x0000, 0x0000,
    0x0000, 0xac5c, 0x0000, 0x0000, 0x0000, 0x0000, 0x0000, 0x0000, 0x0000, 0x0000, 0x0000, 0x0000, 0x0000, 0x0000, 0x0000, 0x0000,
    0x0000, 0x0000, 0x0000, 0x0000, 0x0000, 0x0000, 0x0000, 0x0000, 0x0000, 0xac70, 0xac71, 0x0000, 0x0000, 0xac74, 0x0000, 0x0000,
    0xac77, 0xac78, 0xac79, 0xac7a, 0x0000, 0x0000, 0x0000, 0x0000, 0x0000, 0xac80, 0x0000, 0xac81, 0x0000, 0xac83, 0xac84, 0xac85,
    0xac86, 0xac87, 0x0000, 0xac89, 0xac8a, 0xac8b, 0x0000, 0x0000, 0xac8c, 0x0000, 0x0000, 0x0000, 0xac90, 0x0000, 0x0000, 0xac93,
    0xac94, 0x0000, 0x0000, 0x0000, 0x0000, 0x0000, 0x0000, 0x0000, 0xac9c, 0x0000, 0xac9d, 0x0000, 0xac9f, 0xaca0, 0xaca1, 0x0000,
    0x0000, 0x0000, 0x0000, 0x0000, 0x0000, 0x0000, 0x0000, 0x0000, 0xaca8, 0xaca9, 0xacaa, 0x0000, 0xacac, 0x0000, 0x0000, 0xacaf,
    0xacb0, 0x0000, 0x0000, 0x0000, 0x0000, 0x0000, 0x0000, 0x0000, 0xacb8, 0x0000, 0xacb9, 0x0000, 0xacbb, 0xacbc, 0xacbd, 0x0000,
    0x0000, 0x0000, 0xacc1, 0x0000, 0x0000, 0x0000, 0x0000, 0x0000, 0xacc4, 0x0000, 0x0000, 0x0000, 0xacc8, 0x0000, 0x0000, 0x0000,
    0xaccc, 0x0000, 0x0000, 0x0000, 0x0000, 0x0000, 0x0000, 0x0000, 0x0000, 0x0000, 0xacd5, 0x0000, 0xacd7, 0x0000, 0x0000, 0x0000,
    0x0000, 0x0000, 0x0000, 0x0000, 0x0000, 0x0000, 0x0000, 0x0000, 0xace0, 0xace1, 0x0000, 0x0000, 0xace4, 0x0000, 0x0000, 0xace7,
    0xace8, 0xace9, 0xacea, 0x0000, 0xacec, 0x0000, 0x0000, 0xacef, 0xacf0, 0x0000, 0xacf1, 0x0000, 0xacf3, 0x0000, 0xacf5, 0xacf6,
    0x0000, 0x0000, 0x0000, 0xacfa, 0x0000, 0x0000, 0x0000, 0x0000, 0xacfc, 0xacfd, 0x0000, 0x0000, 0xad00, 0x0000, 0x0000, 0x0000,
    0xad04, 0x0000, 0xad06, 0x0000, 0x0000, 0x0000, 0x0000, 0x0000, 0xad0c, 0x0000, 0xad0d, 0x0000, 0xad0f, 0x0000, 0xad11, 0x0000,
    0x0000, 0x0000, 0x0000, 0x0000, 0x0000, 0x0000, 0x0000, 0x0000, 0xad18, 0xad19, 0x0000, 0x0000, 0xad1c, 0x0000, 0x0000, 0x0000,
    0xad20, 0x0000, 0x0000, 0x0000, 0x0000, 0x0000, 0x0000, 0x0000, 0xad28, 0x0000, 0xad29, 0x0000, 0xad2b, 0xad2c, 0xad2d, 0x0000,
    0x0000, 0x0000, 0x0000, 0x0000, 0x0000, 0x0000, 0x0000, 0xad34, 0xad35, 0x0000, 0x0000, 0xad38, 0x0000, 0x0000, 0x0000, 0xad3c,
    0x0000, 0x0000, 0x0000, 0x0000, 0x0000, 0x0000, 0x0000, 0xad44, 0x0000, 0xad45, 0x0000, 0xad47, 0x0000, 0xad49, 0x0000, 0x0000,
    0x0000, 0x0000, 0x0000, 0x0000, 0x0000, 0x0000, 0x0000, 0xad50, 0x0000, 0x0000, 0x0000, 0xad54, 0x0000, 0x0000, 0x0000, 0xad58,
    0x0000, 0x0000, 0x0000, 0x0000, 0x0000, 0x0000, 0x0000, 0x0000, 0x0000, 0xad61, 0x0000, 0xad63, 0x0000, 0x0000, 0x0000, 0x0000,
    0x0000, 0x0000, 0x0000, 0x0000, 0x0000, 0x0000, 0x0000, 0xad6c, 0xad6d, 0x0000, 0x0000, 0xad70, 0x0000, 0x0000, 0xad73, 0xad74,
    0xad75, 0xad76, 0x0000, 0x0000, 0x0000, 0x0000, 0xad7b, 0xad7c, 0x0000, 0xad7d, 0x0000, 0xad7f, 0x0000, 0xad81, 0xad82, 0x0000,
    0x0000, 0x0000, 0x0000, 0x0000, 0x0000, 0x0000, 0x0000, 0xad88, 0xad89, 0x0000, 0x0000, 0xad8c, 0x0000, 0x0000, 0x0000, 0xad90,
    0x0000, 0x0000, 0x0000, 0x0000, 0x0000, 0x0000, 0x0000, 0x0000, 0x0000, 0x0000, 0x0000, 0xad9b, 0xad9c, 0xad9d, 0x0000, 0x0000,
    0x0000, 0x0000, 0x0000, 0x0000, 0x0000, 0x0000, 0x0000, 0xada4, 0x0000, 0x0000, 0x0000, 0x0000, 0x0000, 0x0000, 0x0000, 0x0000,
    0x0000, 0x0000, 0x0000, 0x0000, 0x0000, 0x0000, 0x0000, 0x0000, 0x0000, 0x0000, 0x0000, 0xadb7, 0x0000, 0x0000, 0x0000, 0x0000,
    0x0000, 0x0000, 0x0000, 0x0000, 0x0000, 0x0000, 0x0000, 0xadc0, 0xadc1, 0x0000, 0x0000, 0xadc4, 0x0000, 0x0000, 0x0000, 0xadc8,
    0x0000, 0x0000, 0x0000, 0x0000, 0x0000, 0x0000, 0x0000, 0xadd0, 0x0000, 0xadd1, 0x0000, 0xadd3, 0x0000, 0xadd5, 0x0000, 0x0000,
    0x0000, 0x0000, 0x0000, 0x0000, 0x0000, 0x0000, 0xaddc, 0x0000, 0x0000, 0x0000, 0xade0, 0x0000, 0x0000, 0x0000, 0xade4, 0x0000,
    0x0000, 0x0000, 0x0000, 0x0000, 0x0000, 0x0000, 0xadec, 0x0000, 0x0000, 0x0000, 0x0000, 0x0000, 0x0000, 0x0000, 0x0000, 0x0000,
    0x0000, 0x0000, 0x0000, 0x0000, 0x0000, 0x0000, 0xadf8, 0xadf9, 0x0000, 0x0000, 0xadfc, 0x0000, 0x0000, 0xadff, 0xae00, 0xae01,
    0xae02, 0x0000, 0x0000, 0x0000, 0x0000, 0x0000, 0xae08, 0x0000, 0xae09, 0x0000, 0xae0b, 0x0000, 0xae0d, 0x0000, 0xae0f, 0x0000,
    0xae11, 0x0000, 0x0000, 0x0000, 0x0000, 0x0000, 0xae14, 0x0000, 0x0000, 0x0000, 0x0000, 0x0000, 0x0000, 0x0000, 0x0000, 0x0000,
    0x0000, 0x0000, 0x0000, 0x0000, 0x0000, 0x0000, 0x0000, 0x0000, 0x0000, 0x0000, 0xae27, 0x0000, 0x0000, 0x0000, 0x0000, 0x0000,
    0x0000, 0x0000, 0x0000, 0x0000, 0x0000, 0x0000, 0xae30, 0xae31, 0x0000, 0x0000, 0xae34, 0x0000, 0x0000, 0xae37, 0xae38, 0x0000,
    0xae3a, 0x0000, 0xae3c, 0x0000, 0x0000, 0x0000, 0xae40, 0x0000, 0xae41, 0x0000, 0xae43, 0xae44, 0xae45, 0xae46, 0x0000, 0x0000,
    0xae49, 0xae4a, 0x0000, 0x0000, 0x0000, 0x0000, 0x0000, 0x0000, 0x0000, 0x0000, 0x0000, 0x0000, 0x0000, 0x0000, 0x0000, 0x0000,
    0x0000, 0x0000, 0x0000, 0x0000, 0x0000, 0x0000, 0x0000, 0x0000, 0x0000, 0x0000, 0x0000, 0x0000, 0x0000, 0x0000, 0x0000, 0x0000,
    0x0000, 0x0000, 0x0000, 0x0000, 0x0000, 0x0000, 0x0000, 0x0000, 0x0000, 0x0000, 0x0000, 0x0000, 0x0000, 0x0000, 0x0000, 0x0000,
    0x0000, 0x0000, 0x0000, 0x0000, 0x0000, 0x0000, 0x0000, 0x0000, 0x0000, 0x0000, 0x0000, 0x0000, 0x0000, 0x0000, 0x0000, 0x0000,
    0x0000, 0x0000, 0x0000, 0x0000, 0x0000, 0x3132, 0x0000, 0x0000, 0x0000, 0x0000, 0x0000, 0x0000, 0x0000, 0x0000, 0x0000, 0x0000,
    0x0000, 0x0000, 0x0000, 0x0000, 0x0000, 0x0000, 0x0000, 0x0000, 0x0000, 0x0000, 0x0000, 0x0000, 0x0000, 0x0000, 0x0000, 0x0000,
    0x0000, 0x0000, 0x0000, 0x0000, 0x0000, 0xae4c, 0xae4d, 0xae4e, 0x0000, 0xae50, 0x0000, 0x0000, 0x0000, 0xae54, 0x0000, 0xae56,
    0x0000, 0x0000, 0x0000, 0x0000, 0x0000, 0xae5c, 0x0000, 0xae5d, 0x0000, 0xae5f, 0xae60, 0xae61, 0xae62, 0x0000, 0x0000, 0xae65,
    0x0000, 0x0000, 0x0000, 0x0000, 0x0000, 0xae68, 0xae69, 0x0000, 0x0000, 0xae6c, 0x0000, 0x0000, 0x0000, 0xae70, 0x0000, 0x0000,
    0x0000, 0x0000, 0x0000, 0x0000, 0x0000, 0xae78, 0x0000, 0xae79, 0x0000, 0xae7b, 0xae7c, 0xae7d, 0x0000, 0x0000, 0x0000, 0x0000,
    0x0000, 0x0000, 0x0000, 0x0000, 0x0000, 0xae84, 0xae85, 0x0000, 0x0000, 0x0000, 0x0000, 0x0000, 0x0000, 0xae8c, 0x0000, 0x0000,
    0x0000, 0x0000, 0x0000, 0x0000, 0x0000, 0x0000, 0x0000, 0x0000, 0x0000, 0x0000, 0x0000, 0x0000, 0x0000, 0x0000, 0x0000, 0x0000,
    0x0000, 0x0000, 0x0000, 0x0000, 0x0000, 0xaea0, 0x0000, 0x0000, 0x0000, 0x0000, 0x0000, 0x0000, 0x0000, 0x0000, 0x0000, 0x0000,
    0x0000, 0x0000, 0x0000, 0x0000, 0x0000, 0x0000, 0x0000, 0x0000, 0x0000, 0x0000, 0x0000, 0x0000, 0x0000, 0x0000, 0x0000, 0x0000,
    0x0000, 0x0000, 0x0000, 0x0000, 0x0000, 0xaebc, 0xaebd, 0xaebe, 0x0000, 0xaec0, 0x0000, 0x0000, 0x0000, 0xaec4, 0x0000, 0x0000,
    0x0000, 0x0000, 0x0000, 0x0000, 0x0000, 0xaecc, 0x0000, 0xaecd, 0x0000, 0xaecf, 0xaed0, 0xaed1, 0x0000, 0x0000, 0x0000, 0x0000,
    0x0000, 0x0000, 0x0000, 0x0000, 0xaed8, 0xaed9, 0x0000, 0x0000, 0xaedc, 0x0000, 0x0000, 0x0000, 0x0000, 0x0000, 0x0000, 0x0000,
    0x0000, 0x0000, 0x0000, 0x0000, 0xaee8, 0x0000, 0x0000, 0x0000, 0xaeeb, 0x0000, 0xaeed, 0x0000, 0x0000, 0x0000, 0x0000, 0x0000,
    0x0000, 0x0000, 0x0000, 0x0000, 0xaef4, 0x0000, 0x0000, 0x0000, 0xaef8, 0x0000, 0x0000, 0x0000, 0xaefc, 0x0000, 0x0000, 0x0000,
    0x0000, 0x0000, 0x0000, 0x0000, 0xaf04, 0x0000, 0x0000, 0x0000, 0xaf07, 0xaf08, 0x0000, 0x0000, 0x0000, 0x0000, 0xaf0d, 0x0000,
    0x0000, 0x0000, 0x0000, 0x0000, 0xaf10, 0x0000, 0x0000, 0x0000, 0x0000, 0x0000, 0x0000, 0x0000, 0x0000, 0x0000, 0x0000, 0x0000,
    0x0000, 0x0000, 0x0000, 0x0000, 0x0000, 0x0000, 0x0000, 0x0000, 0x0000, 0x0000, 0x0000, 0x0000, 0x0000, 0x0000, 0x0000, 0x0000,
    0x0000, 0x0000, 0x0000, 0x0000, 0xaf2c, 0xaf2d, 0x0000, 0x0000, 0xaf30, 0x0000, 0xaf32, 0xaf33, 0xaf34, 0x0000, 0x0000, 0x0000,
    0x0000, 0x0000, 0x0000, 0x0000, 0xaf3c, 0x0000, 0xaf3d, 0x0000, 0xaf3f, 0x0000, 0xaf41, 0xaf42, 0xaf43, 0x0000, 0x0000, 0x0000,
    0x0000, 0x0000, 0x0000, 0x0000, 0xaf48, 0xaf49, 0x0000, 0x0000, 0xaf4c, 0x0000, 0x0000, 0x0000, 0xaf50, 0x0000, 0x0000, 0x0000,
    0x0000, 0x0000, 0x0000, 0x0000, 0xaf58, 0x0000, 0x0000, 0x0000, 0xaf5b, 0xaf5c, 0xaf5d, 0x0000, 0x0000, 0x0000, 0x0000, 0x0000,
    0x0000, 0x0000, 0x0000, 0x0000, 0xaf64, 0xaf65, 0x0000, 0x0000, 0xaf68, 0x0000, 0x0000, 0x0000, 0x0000, 0x0000, 0x0000, 0x0000,
    0x0000, 0x0000, 0x0000, 0x0000, 0x0000, 0x0000, 0x0000, 0x0000, 0x0000, 0x0000, 0xaf79, 0x0000, 0x0000, 0x0000, 0x0000, 0x0000,
    0x0000, 0x0000, 0x0000, 0xaf80, 0x0000, 0x0000, 0x0000, 0xaf84, 0x0000, 0x0000, 0x0000, 0xaf88, 0x0000, 0x0000, 0x0000, 0x0000,
    0x0000, 0x0000, 0x0000, 0xaf90, 0x0000, 0xaf91, 0x0000, 0xaf93, 0x0000, 0xaf95, 0x0000, 0x0000, 0x0000, 0x0000, 0x0000, 0x0000,
    0x0000, 0x0000, 0x0000, 0xaf9c, 0x0000, 0x0000, 0x0000, 0x0000, 0x0000, 0x0000, 0x0000, 0x0000, 0x0000, 0x0000, 0x0000, 0x0000,
    0x0000, 0x0000, 0x0000, 0x0000, 0x0000, 0x0000, 0x0000, 0x0000, 0x0000, 0x0000, 0xafb2, 0x0000, 0x0000, 0x0000, 0x0000, 0x0000,
    0x0000, 0x0000, 0x0000, 0xafb8, 0xafb9, 0x0000, 0x0000, 0xafbc, 0x0000, 0x0000, 0xafbf, 0xafc0, 0x0000, 0x0000, 0x0000, 0x0000,
    0x0000, 0x0000, 0xafc7, 0xafc8, 0x0000, 0xafc9, 0x0000, 0xafcb, 0x0000, 0xafcd, 0xafce, 0x0000, 0x0000, 0x0000, 0x0000, 0x0000,
    0x0000, 0x0000, 0x0000, 0xafd4, 0x0000, 0x0000, 0x0000, 0xafd8, 0x0000, 0x0000, 0x0000, 0xafdc, 0x0000, 0x0000, 0x0000, 0x0000,
    0x0000, 0x0000, 0x0000, 0x0000, 0x0000, 0x0000, 0x0000, 0xafe7, 0xafe8, 0xafe9, 0x0000, 0x0000, 0x0000, 0x0000, 0x0000, 0x0000,
    0x0000, 0x0000, 0x0000, 0xaff0, 0xaff1, 0x0000, 0x0000, 0xaff4, 0x0000, 0x0000, 0x0000, 0xaff8, 0x0000, 0x0000, 0x0000, 0x0000,
    0x0000, 0x0000, 0x0000, 0xb000, 0x0000, 0xb001, 0x0000, 0x0000, 0xb004, 0x0000, 0x0000, 0x0000, 0x0000, 0x0000, 0x0000, 0x0000,
    0x0000, 0x0000, 0x0000, 0xb00c, 0xb00d, 0x0000, 0x0000, 0xb010, 0x0000, 0x0000, 0x0000, 0xb014, 0x0000, 0x0000, 0x0000, 0x0000,
    0x0000, 0x0000, 0x0000, 0xb01c, 0x0000, 0xb01d, 0x0000, 0x0000, 0x0000, 0xb021, 0x0000, 0x0000, 0x0000, 0x0000, 0x0000, 0x0000,
    0x0000, 0x0000, 0xb028, 0x0000, 0x0000, 0x0000, 0x0000, 0x0000, 0x0000, 0x0000, 0x0000, 0x0000, 0x0000, 0x0000, 0x0000, 0x0000,
    0x0000, 0x0000, 0x0000, 0x0000, 0x0000, 0x0000, 0x0000, 0x0000, 0x0000, 0x0000, 0x0000, 0x0000, 0x0000, 0x0000, 0x0000, 0x0000,
    0x0000, 0x0000, 0xb044, 0xb045, 0x0000, 0x0000, 0xb048, 0x0000, 0xb04a, 0x0000, 0xb04c, 0x0000, 0xb04e, 0x0000, 0x0000, 0x0000,
    0x0000, 0xb053, 0xb054, 0x0000, 0xb055, 0x0000, 0xb057, 0x0000, 0xb059, 0x0000, 0x0000, 0x0000, 0xb05d, 0x0000, 0x0000, 0x0000,
    0x0000, 0x0000, 0xb060, 0x0000, 0x0000, 0x0000, 0x0000, 0x0000, 0x0000, 0x0000, 0x0000, 0x0000, 0x0000, 0x0000, 0x0000, 0x0000,
    0x0000, 0x0000, 0x0000, 0x0000, 0x0000, 0x0000, 0x0000, 0x0000, 0x0000, 0x0000, 0x0000, 0x0000, 0x0000, 0x0000, 0x0000, 0x0000,
    0x0000, 0x0000, 0xb07c, 0xb07d, 0x0000, 0x0000, 0xb080, 0x0000, 0x0000, 0x0000, 0xb084, 0x0000, 0x0000, 0x0000, 0x0000, 0x0000,
    0x0000, 0x0000, 0xb08c, 0x0000, 0xb08d, 0x0000, 0xb08f, 0xb090, 0xb091, 0x0000, 0x0000, 0x0000, 0x0000, 0x0000, 0x0000, 0x0000,
    0x0000, 0x0000, 0x0000, 0x0000, 0x0000, 0x0000, 0x0000, 0x0000, 0x0000, 0x0000, 0x0000, 0x0000, 0x0000, 0x0000, 0x0000, 0x0000,
    0x0000, 0x0000, 0x0000, 0x0000, 0x0000, 0x0000, 0x0000, 0x0000, 0x0000, 0x0000, 0x0000, 0x0000, 0x0000, 0x0000, 0x0000, 0x0000,
    0x0000, 0x0000, 0x0000, 0x0000, 0x0000, 0x0000, 0x0000, 0x0000, 0x0000, 0x0000, 0x0000, 0x0000, 0x0000, 0x0000, 0x0000, 0x0000,
    0x0000, 0x0000, 0x0000, 0x0000, 0x0000, 0x0000, 0x0000, 0x0000, 0x0000, 0x0000, 0x0000, 0x0000, 0x0000, 0x0000, 0x0000, 0x0000,
    0x0000, 0x3134, 0x0000, 0x0000, 0x0000, 0x0000, 0x0000, 0x0000, 0x0000, 0x0000, 0x0000, 0x0000, 0x0000, 0x0000, 0x0000, 0x0000,
    0x0000, 0x0000, 0x0000, 0x0000, 0x0000, 0x0000, 0x0000, 0x0000, 0x0000, 0x0000, 0x0000, 0x0000, 0x0000, 0x0000, 0x0000, 0x0000,
    0x0000, 0xb098, 0xb099, 0xb09a, 0x0000, 0xb09c, 0x0000, 0x0000, 0xb09f, 0xb0a0, 0xb0a1, 0xb0a2, 0x0000, 0x0000, 0x0000, 0x0000,
    0x0000, 0xb0a8, 0x0000, 0xb0a9, 0x0000, 0xb0ab, 0xb0ac, 0xb0ad, 0xb0ae, 0xb0af, 0x0000, 0xb0b1, 0x0000, 0xb0b3, 0x0000, 0x0000,
    0x0000, 0xb0b4, 0xb0b5, 0x0000, 0x0000, 0xb0b8, 0x0000, 0x0000, 0xb0bb, 0xb0bc, 0x0000, 0x0000, 0x0000, 0x0000, 0x0000, 0x0000,
    0x0000, 0xb0c4, 0x0000, 0xb0c5, 0x0000, 0xb0c7, 0xb0c8, 0xb0c9, 0x0000, 0x0000, 0x0000, 0x0000, 0x0000, 0x0000, 0x0000, 0x0000,
    0x0000, 0xb0d0, 0xb0d1, 0x0000, 0x0000, 0xb0d4, 0x0000, 0x0000, 0x0000, 0xb0d8, 0x0000, 0x0000, 0x0000, 0x0000, 0x0000, 0x0000,
    0x0000, 0xb0e0, 0x0000, 0x0000, 0x0000, 0x0000, 0x0000, 0xb0e5, 0x0000, 0x0000, 0x0000, 0x0000, 0x0000, 0x0000, 0x0000, 0x0000,
    0x0000, 0xb0ec, 0x0000, 0x0000, 0x0000, 0x0000, 0x0000, 0x0000, 0x0000, 0x0000, 0x0000, 0x0000, 0x0000, 0x0000, 0x0000, 0x0000,
    0x0000, 0x0000, 0x0000, 0x0000, 0x0000, 0x0000, 0x0000, 0x0000, 0x0000, 0x0000, 0x0000, 0x0000, 0x0000, 0x0000, 0x0000, 0x0000,
    0x0000, 0xb108, 0xb109, 0x0000, 0xb10b, 0xb10c, 0x0000, 0x0000, 0xb10f, 0xb110, 0x0000, 0xb112, 0xb113, 0x0000, 0x0000, 0x0000,
    0x0000, 0xb118, 0x0000, 0xb119, 0x0000, 0xb11b, 0xb11c, 0xb11d, 0xb11e, 0x0000, 0x0000, 0x0000, 0x0000, 0xb123, 0x0000, 0x0000,
    0xb124, 0xb125, 0x0000, 0x0000, 0xb128, 0x0000, 0x0000, 0x0000, 0xb12c, 0x0000, 0x0000, 0x0000, 0x0000, 0x0000, 0x0000, 0x0000,
    0xb134, 0x0000, 0xb135, 0x0000, 0xb137, 0xb138, 0xb139, 0x0000, 0x0000, 0x0000, 0x0000, 0x0000, 0x0000, 0x0000, 0x0000, 0x0000,
    0xb140, 0xb141, 0x0000, 0x0000, 0xb144, 0x0000, 0x0000, 0xb147, 0xb148, 0x0000, 0x0000, 0x0000, 0x0000, 0x0000, 0x0000, 0x0000,
    0xb150, 0x0000, 0xb151, 0x0000, 0xb153, 0xb154, 0xb155, 0x0000, 0x0000, 0xb158, 0xb159, 0x0000, 0x0000, 0x0000, 0x0000, 0x0000,
    0xb15c, 0x0000, 0x0000, 0x0000, 0xb160, 0x0000, 0x0000, 0x0000, 0x0000, 0x0000, 0x0000, 0x0000, 0x0000, 0x0000, 0x0000, 0x0000,
    0x0000, 0x0000, 0x0000, 0x0000, 0xb16f, 0x0000, 0x0000, 0x0000, 0x0000, 0x0000, 0x0000, 0x0000, 0x0000, 0x0000, 0x0000, 0x0000,
    0xb178, 0xb179, 0xb17a, 0x0000, 0xb17c, 0x0000, 0x0000, 0x0000, 0xb180, 0x0000, 0xb182, 0x0000, 0x0000, 0x0000, 0x0000, 0x0000,
    0xb188, 0x0000, 0xb189, 0x0000, 0xb18b, 0x0000, 0xb18d, 0x0000, 0x0000, 0x0000, 0x0000, 0xb192, 0xb193, 0x0000, 0x0000, 0x0000,
    0xb194, 0x0000, 0x0000, 0x0000, 0xb198, 0x0000, 0x0000, 0x0000, 0xb19c, 0x0000, 0x0000, 0x0000, 0x0000, 0x0000, 0x0000, 0x0000,
    0x0000, 0x0000, 0x0000, 0x0000, 0xb1a7, 0xb1a8, 0x0000, 0x0000, 0x0000, 0x0000, 0x0000, 0x0000, 0x0000, 0x0000, 0x0000, 0x0000,
    0xb1b0, 0x0000, 0x0000, 0x0000, 0x0000, 0x0000, 0x0000, 0x0000, 0x0000, 0x0000, 0x0000, 0x0000, 0x0000, 0x0000, 0x0000, 0x0000,
    0x0000, 0x0000, 0x0000, 0x0000, 0x0000, 0x0000, 0x0000, 0x0000, 0x0000, 0x0000, 0x0000, 0x0000, 0x0000, 0x0000, 0x0000, 0xb1cc,
    0x0000, 0x0000, 0x0000, 0xb1d0, 0x0000, 0x0000, 0x0000, 0xb1d4, 0x0000, 0x0000, 0x0000, 0x0000, 0x0000, 0x0000, 0x0000, 0xb1dc,
    0x0000, 0xb1dd, 0x0000, 0xb1df, 0x0000, 0x0000, 0x0000, 0x0000, 0x0000, 0x0000, 0x0000, 0x0000, 0x0000, 0x0000, 0x0000, 0xb1e8,
    0xb1e9, 0x0000, 0x0000, 0xb1ec, 0x0000, 0x0000, 0x0000, 0xb1f0, 0x0000, 0x0000, 0x0000, 0x0000, 0x0000, 0x0000, 0x0000, 0x0000,
    0x0000, 0xb1f9, 0x0000, 0xb1fb, 0x0000, 0xb1fd, 0x0000, 0x0000, 0x0000, 0x0000, 0x0000, 0x0000, 0x0000, 0x0000, 0x0000, 0xb204,
    0xb205, 0x0000, 0x0000, 0xb208, 0x0000, 0x0000, 0xb20b, 0xb20c, 0x0000, 0x0000, 0x0000, 0x0000, 0x0000, 0x0000, 0x0000, 0xb214,
    0x0000, 0xb215, 0x0000, 0xb217, 0x0000, 0xb219, 0x0000, 0x0000, 0x0000, 0x0000, 0x0000, 0x0000, 0x0000, 0x0000, 0x0000, 0xb220,
    0x0000, 0x0000, 0x0000, 0x0000, 0x0000, 0x0000, 0x0000, 0x0000, 0x0000, 0x0000, 0x0000, 0x0000, 0x0000, 0x0000, 0x0000, 0x0000,
    0x0000, 0x0000, 0x0000, 0xb233, 0xb234, 0x0000, 0x0000, 0x0000, 0x0000, 0x0000, 0x0000, 0x0000, 0x0000, 0x0000, 0x0000, 0xb23c,
    0x0000, 0x0000, 0x0000, 0x0000, 0x0000, 0x0000, 0x0000, 0x0000, 0x0000, 0x0000, 0x0000, 0x0000, 0x0000, 0x0000, 0x0000, 0x0000,
    0x0000, 0x0000, 0x0000, 0x0000, 0x0000, 0x0000, 0x0000, 0x0000, 0x0000, 0x0000, 0x0000, 0x0000, 0x0000, 0x0000, 0x0000, 0xb258,
    0x0000, 0x0000, 0x0000, 0xb25c, 0x0000, 0x0000, 0x0000, 0xb260, 0x0000, 0x0000, 0x0000, 0x0000, 0x0000, 0x0000, 0x0000, 0xb268,
    0x0000, 0xb269, 0x0000, 0x0000, 0x0000, 0x0000, 0x0000, 0x0000, 0x0000, 0x0000, 0x0000, 0x0000, 0x0000, 0x0000, 0xb274, 0xb275,
    0x0000, 0x0000, 0x0000, 0x0000, 0x0000, 0x0000, 0xb27c, 0x0000, 0x0000, 0x0000, 0x0000, 0x0000, 0x0000, 0x0000, 0xb284, 0x0000,
    0xb285, 0x0000, 0x0000, 0x0000, 0xb289, 0x0000, 0x0000, 0x0000, 0x0000, 0x0000, 0x0000, 0x0000, 0x0000, 0x0000, 0xb290, 0xb291,
    0x0000, 0x0000, 0xb294, 0x0000, 0x0000, 0x0000, 0xb298, 0xb299, 0xb29a, 0x0000, 0x0000, 0x0000, 0x0000, 0x0000, 0xb2a0, 0x0000,
    0xb2a1, 0x0000, 0xb2a3, 0x0000, 0xb2a5, 0xb2a6, 0xb2a7, 0x0000, 0x0000, 0xb2aa, 0x0000, 0x0000, 0x0000, 0x0000, 0xb2ac, 0x0000,
    0x0000, 0x0000, 0xb2b0, 0x0000, 0x0000, 0x0000, 0xb2b4, 0x0000, 0x0000, 0x0000, 0x0000, 0x0000, 0x0000, 0x0000, 0x0000, 0x0000,
    0x0000, 0x0000, 0x0000, 0x0000, 0xb2c1, 0x0000, 0x0000, 0x0000, 0x0000, 0x0000, 0x0000, 0x0000, 0x0000, 0x0000, 0xb2c8, 0xb2c9,
    0x0000, 0x0000, 0xb2cc, 0x0000, 0x0000, 0x0000, 0xb2d0, 0xb2d1, 0xb2d2, 0x0000, 0x0000, 0x0000, 0x0000, 0x0000, 0xb2d8, 0x0000,
    0xb2d9, 0x0000, 0xb2db, 0x0000, 0xb2dd, 0x0000, 0x0000, 0xb2e0, 0x0000, 0xb2e2, 0x0000, 0x0000, 0x0000, 0x0000, 0x0000, 0x0000,
    0x0000, 0x0000, 0x0000, 0x0000, 0x0000, 0x0000, 0x0000, 0x0000, 0x0000, 0x0000, 0x0000, 0x0000, 0x0000, 0x0000, 0x0000, 0x0000,
    0x0000, 0x0000, 0x0000, 0x0000, 0x0000, 0x0000, 0x0000, 0x0000, 0x0000, 0x0000, 0x0000, 0x0000, 0x0000, 0x0000, 0x0000, 0x0000,
    0x0000, 0x0000, 0x0000, 0x0000, 0x0000, 0x0000, 0x0000, 0x0000, 0x0000, 0x0000, 0x0000, 0x0000, 0x0000, 0x0000, 0x0000, 0x0000,
    0x0000, 0x0000, 0x0000, 0x0000, 0x0000, 0x0000, 0x0000, 0x0000, 0x0000, 0x0000, 0x0000, 0x0000, 0x0000, 0x3137, 0x0000, 0x0000,
    0x0000, 0x0000, 0x0000, 0x0000, 0x0000, 0x0000, 0x0000, 0x0000, 0x0000, 0x0000, 0x0000, 0x0000, 0x0000, 0x0000, 0x0000, 0x0000,
    0x0000, 0x0000, 0x0000, 0x0000, 0x0000, 0x0000, 0x0000, 0x0000, 0x0000, 0x0000, 0x0000, 0x0000, 0x0000, 0xb2e4, 0xb2e5, 0xb2e6,
    0x0000, 0xb2e8, 0x0000, 0x0000, 0xb2eb, 0xb2ec, 0xb2ed, 0xb2ee, 0xb2ef, 0x0000, 0x0000, 0x0000, 0xb2f3, 0xb2f4, 0x0000, 0xb2f5,
    0x0000, 0xb2f7, 0xb2f8, 0xb2f9, 0xb2fa, 0xb2fb, 0x0000, 0x0000, 0x0000, 0xb2ff, 0x0000, 0x0000, 0x0000, 0xb300, 0xb301, 0x0000,
    0x0000, 0xb304, 0x0000, 0x0000, 0x0000, 0xb308, 0x0000, 0x0000, 0x0000, 0x0000, 0x0000, 0x0000, 0x0000, 0xb310, 0x0000, 0xb311,
    0x0000, 0xb313, 0xb314, 0xb315, 0x0000, 0x0000, 0x0000, 0x0000, 0x0000, 0x0000, 0x0000, 0x0000, 0x0000, 0xb31c, 0x0000, 0x0000,
    0x0000, 0x0000, 0x0000, 0x0000, 0x0000, 0x0000, 0x0000, 0x0000, 0x0000, 0x0000, 0x0000, 0x0000, 0x0000, 0x0000, 0x0000, 0x0000,
    0x0000, 0x0000, 0x0000, 0xb331, 0x0000, 0x0000, 0x0000, 0x0000, 0x0000, 0x0000, 0x0000, 0x0000, 0x0000, 0xb338, 0x0000, 0x0000,
    0x0000, 0x0000, 0x0000, 0x0000, 0x0000, 0x0000, 0x0000, 0x0000, 0x0000, 0x0000, 0x0000, 0x0000, 0x0000, 0x0000, 0x0000, 0x0000,
    0x0000, 0x0000, 0x0000, 0x0000, 0x0000, 0x0000, 0x0000, 0x0000, 0x0000, 0x0000, 0x0000, 0x0000, 0x0000, 0xb354, 0xb355, 0xb356,
    0x0000, 0xb358, 0x0000, 0x0000, 0xb35b, 0xb35c, 0x0000, 0xb35e, 0xb35f, 0x0000, 0x0000, 0x0000, 0x0000, 0xb364, 0x0000, 0xb365,
    0x0000, 0xb367, 0xb368, 0xb369, 0xb36a, 0xb36b, 0x0000, 0x0000, 0xb36e, 0x0000, 0x0000, 0x0000, 0xb370, 0xb371, 0x0000, 0x0000,
    0xb374, 0x0000, 0x0000, 0x0000, 0xb378, 0x0000, 0x0000, 0x0000, 0x0000, 0x0000, 0x0000, 0x0000, 0xb380, 0x0000, 0xb381, 0x0000,
    0xb383, 0xb384, 0xb385, 0x0000, 0x0000, 0x0000, 0x0000, 0x0000, 0x0000, 0x0000, 0x0000, 0x0000, 0xb38c, 0x0000, 0x0000, 0x0000,
    0xb390, 0x0000, 0x0000, 0x0000, 0xb394, 0x0000, 0x0000, 0x0000, 0x0000, 0x0000, 0x0000, 0x0000, 0xb39c, 0x0000, 0x0000, 0x0000,
    0x0000, 0xb3a0, 0xb3a1, 0x0000, 0x0000, 0x0000, 0x0000, 0x0000, 0x0000, 0x0000, 0x0000, 0x0000, 0xb3a8, 0x0000, 0x0000, 0x0000,
    0xb3ac, 0x0000, 0x0000, 0x0000, 0x0000, 0x0000, 0x0000, 0x0000, 0x0000, 0x0000, 0x0000, 0x0000, 0x0000, 0x0000, 0x0000, 0x0000,
    0x0000, 0x0000, 0x0000, 0x0000, 0x0000, 0x0000, 0x0000, 0x0000, 0x0000, 0x0000, 0x0000, 0x0000, 0xb3c4, 0xb3c5, 0x0000, 0x0000,
    0xb3c8, 0x0000, 0x0000, 0xb3cb, 0xb3cc, 0x0000, 0xb3ce, 0x0000, 0xb3d0, 0x0000, 0x0000, 0xb3d3, 0xb3d4, 0x0000, 0xb3d5, 0x0000,
    0xb3d7, 0x0000, 0xb3d9, 0x0000, 0xb3db, 0x0000, 0xb3dd, 0x0000, 0x0000, 0x0000, 0x0000, 0x0000, 0xb3e0, 0x0000, 0x0000, 0x0000,
    0xb3e4, 0x0000, 0x0000, 0x0000, 0xb3e8, 0x0000, 0x0000, 0x0000, 0x0000, 0x0000, 0x0000, 0x0000, 0x0000, 0x0000, 0x0000, 0x0000,
    0x0000, 0x0000, 0x0000, 0x0000, 0x0000, 0x0000, 0x0000, 0x0000, 0x0000, 0x0000, 0x0000, 0x0000, 0xb3fc, 0x0000, 0x0000, 0x0000,
    0xb400, 0x0000, 0x0000, 0x0000, 0x0000, 0x0000, 0x0000, 0x0000, 0x0000, 0x0000, 0x0000, 0x0000, 0x0000, 0x0000, 0x0000, 0x0000,
    0xb40f, 0xb410, 0x0000, 0x0000, 0x0000, 0x0000, 0x0000, 0x0000, 0x0000, 0x0000, 0x0000, 0xb418, 0x0000, 0x0000, 0x0000, 0xb41c,
    0x0000, 0x0000, 0x0000, 0xb420, 0x0000, 0x0000, 0x0000, 0x0000, 0x0000, 0x0000, 0x0000, 0xb428, 0x0000, 0xb429, 0x0000, 0xb42b,
    0xb42c, 0x0000, 0x0000, 0x0000, 0x0000, 0x0000, 0x0000, 0x0000, 0x0000, 0x0000, 0x0000, 0xb434, 0x0000, 0x0000, 0x0000, 0x0000,
    0x0000, 0x0000, 0x0000, 0x0000, 0x0000, 0x0000, 0x0000, 0x0000, 0x0000, 0x0000, 0x0000, 0x0000, 0x0000, 0x0000, 0x0000, 0x0000,
    0x0000, 0x0000, 0x0000, 0x0000, 0x0000, 0x0000, 0x0000, 0x0000, 0x0000, 0x0000, 0x0000, 0xb450, 0xb451, 0x0000, 0x0000, 0xb454,
    0x0000, 0x0000, 0xb457, 0xb458, 0x0000, 0x0000, 0x0000, 0x0000, 0x0000, 0x0000, 0x0000, 0xb460, 0x0000, 0xb461, 0x0000, 0xb463,
    0x0000, 0xb465, 0x0000, 0x0000, 0x0000, 0x0000, 0x0000, 0x0000, 0x0000, 0x0000, 0x0000, 0xb46c, 0x0000, 0x0000, 0x0000, 0x0000,
    0x0000, 0x0000, 0x0000, 0x0000, 0x0000, 0x0000, 0x0000, 0x0000, 0x0000, 0x0000, 0x0000, 0x0000, 0x0000, 0x0000, 0x0000, 0xb47f,
    0xb480, 0x0000, 0x0000, 0x0000, 0x0000, 0x0000, 0x0000, 0x0000, 0x0000, 0x0000, 0x0000, 0xb488, 0x0000, 0x0000, 0x0000, 0x0000,
    0x0000, 0x0000, 0x0000, 0x0000, 0x0000, 0x0000, 0x0000, 0x0000, 0x0000, 0x0000, 0x0000, 0x0000, 0x0000, 0x0000, 0x0000, 0x0000,
    0x0000, 0xb49d, 0x0000, 0x0000, 0x0000, 0x0000, 0x0000, 0x0000, 0x0000, 0x0000, 0x0000, 0xb4a4, 0x0000, 0x0000, 0x0000, 0xb4a8,
    0x0000, 0x0000, 0x0000, 0xb4ac, 0x0000, 0x0000, 0x0000, 0x0000, 0x0000, 0x0000, 0x0000, 0xb4b4, 0x0000, 0xb4b5, 0x0000, 0xb4b7,
    0x0000, 0xb4b9, 0x0000, 0x0000, 0x0000, 0x0000, 0x0000, 0x0000, 0x0000, 0x0000, 0xb4c0, 0xb4c1, 0x0000, 0x0000, 0xb4c4, 0x0000,
    0x0000, 0x0000, 0xb4c8, 0x0000, 0x0000, 0x0000, 0x0000, 0x0000, 0x0000, 0x0000, 0xb4d0, 0x0000, 0x0000, 0x0000, 0x0000, 0x0000,
    0xb4d5, 0x0000, 0x0000, 0x0000, 0x0000, 0x0000, 0x0000, 0x0000, 0x0000, 0x0000, 0xb4dc, 0xb4dd, 0x0000, 0x0000, 0xb4e0, 0x0000,
    0x0000, 0xb4e3, 0xb4e4, 0x0000, 0xb4e6, 0xb4e7, 0x0000, 0x0000, 0x0000, 0x0000, 0xb4ec, 0x0000, 0xb4ed, 0x0000, 0xb4ef, 0x0000,
    0xb4f1, 0x0000, 0x0000, 0x0000, 0x0000, 0x0000, 0x0000, 0x0000, 0x0000, 0x0000, 0xb4f8, 0x0000, 0x0000, 0x0000, 0x0000, 0x0000,
    0x0000, 0x0000, 0x0000, 0x0000, 0x0000, 0x0000, 0x0000, 0x0000, 0x0000, 0x0000, 0x0000, 0x0000, 0x0000, 0x0000, 0x0000, 0x0000,
    0x0000, 0x0000, 0x0000, 0x0000, 0x0000, 0x0000, 0x0000, 0x0000, 0x0000, 0x0000, 0xb514, 0xb515, 0x0000, 0x0000, 0xb518, 0x0000,
    0x0000, 0xb51b, 0xb51c, 0x0000, 0x0000, 0x0000, 0x0000, 0x0000, 0x0000, 0x0000, 0xb524, 0x0000, 0xb525, 0x0000, 0xb527, 0xb528,
    0xb529, 0xb52a, 0x0000, 0x0000, 0x0000, 0xb52e, 0x0000, 0x0000, 0x0000, 0x0000, 0x0000, 0x0000, 0x0000, 0x0000, 0x0000, 0x0000,
    0x0000, 0x0000, 0x0000, 0x0000, 0x0000, 0x0000, 0x0000, 0x0000, 0x0000, 0x0000, 0x0000, 0x0000, 0x0000, 0x0000, 0x0000, 0x0000,
    0x0000, 0x0000, 0x0000, 0x0000, 0x0000, 0x0000, 0x0000, 0x0000, 0x0000, 0x0000, 0x0000, 0x0000, 0x0000, 0x0000, 0x0000, 0x0000,
    0x0000, 0x0000, 0x0000, 0x0000, 0x0000, 0x0000, 0x0000, 0x0000, 0x0000, 0x0000, 0x0000, 0x0000, 0x0000, 0x0000, 0x0000, 0x0000,
    0x0000, 0x0000, 0x0000, 0x0000, 0x0000, 0x0000, 0x0000, 0x0000, 0x0000, 0x3138, 0x0000, 0x0000, 0x0000, 0x0000, 0x0000, 0x0000,
    0x0000, 0x0000, 0x0000, 0x0000, 0x0000, 0x0000, 0x0000, 0x0000, 0x0000, 0x0000, 0x0000, 0x0000, 0x0000, 0x0000, 0x0000, 0x0000,
    0x0000, 0x0000, 0x0000, 0x0000, 0x0000, 0x0000, 0x0000, 0x0000, 0x0000, 0xb530, 0xb531, 0xb532, 0x0000, 0xb534, 0x0000, 0x0000,
    0xb537, 0xb538, 0x0000, 0x0000, 0x0000, 0x0000, 0x0000, 0x0000, 0xb53f, 0xb540, 0x0000, 0xb541, 0x0000, 0xb543, 0xb544, 0xb545,
    0x0000, 0x0000, 0x0000, 0x0000, 0x0000, 0xb54b, 0x0000, 0x0000, 0x0000, 0xb54c, 0xb54d, 0x0000, 0x0000, 0xb550, 0x0000, 0x0000,
    0x0000, 0xb554, 0x0000, 0x0000, 0x0000, 0x0000, 0x0000, 0x0000, 0x0000, 0xb55c, 0x0000, 0xb55d, 0x0000, 0xb55f, 0xb560, 0xb561,
    0x0000, 0x0000, 0x0000, 0x0000, 0x0000, 0x0000, 0x0000, 0x0000, 0x0000, 0xb568, 0x0000, 0x0000, 0x0000, 0x0000, 0x0000, 0x0000,
    0x0000, 0x0000, 0x0000, 0x0000, 0x0000, 0x0000, 0x0000, 0x0000, 0x0000, 0x0000, 0x0000, 0x0000, 0x0000, 0x0000, 0x0000, 0x0000,
    0x0000, 0x0000, 0x0000, 0x0000, 0x0000, 0x0000, 0x0000, 0x0000, 0x0000, 0xb584, 0x0000, 0x0000, 0x0000, 0x0000, 0x0000, 0x0000,
    0x0000, 0x0000, 0x0000, 0x0000, 0x0000, 0x0000, 0x0000, 0x0000, 0x0000, 0x0000, 0x0000, 0x0000, 0x0000, 0x0000, 0x0000, 0x0000,
    0x0000, 0x0000, 0x0000, 0x0000, 0x0000, 0x0000, 0x0000, 0x0000, 0x0000, 0xb5a0, 0xb5a1, 0x0000, 0x0000, 0xb5a4, 0x0000, 0x0000,
    0x0000, 0xb5a8, 0x0000, 0xb5aa, 0xb5ab, 0x0000, 0x0000, 0x0000, 0x0000, 0xb5b0, 0x0000, 0xb5b1, 0x0000, 0xb5b3, 0xb5b4, 0xb5b5,
    0x0000, 0x0000, 0x0000, 0x0000, 0x0000, 0xb5bb, 0x0000, 0x0000, 0xb5bc, 0xb5bd, 0x0000, 0x0000, 0xb5c0, 0x0000, 0x0000, 0x0000,
    0xb5c4, 0x0000, 0x0000, 0x0000, 0x0000, 0x0000, 0x0000, 0x0000, 0xb5cc, 0x0000, 0xb5cd, 0x0000, 0xb5cf, 0xb5d0, 0xb5d1, 0x0000,
    0x0000, 0x0000, 0x0000, 0x0000, 0x0000, 0x0000, 0x0000, 0x0000, 0xb5d8, 0x0000, 0x0000, 0x0000, 0x0000, 0x0000, 0x0000, 0x0000,
    0x0000, 0x0000, 0x0000, 0x0000, 0x0000, 0x0000, 0x0000, 0x0000, 0x0000, 0x0000, 0x0000, 0x0000, 0x0000, 0xb5ec, 0x0000, 0x0000,
    0x0000, 0x0000, 0x0000, 0x0000, 0x0000, 0x0000, 0x0000, 0x0000, 0xb5f4, 0x0000, 0x0000, 0x0000, 0x0000, 0x0000, 0x0000, 0x0000,
    0x0000, 0x0000, 0x0000, 0x0000, 0x0000, 0x0000, 0x0000, 0x0000, 0x0000, 0x0000, 0x0000, 0x0000, 0x0000, 0x0000, 0x0000, 0x0000,
    0x0000, 0x0000, 0x0000, 0x0000, 0x0000, 0x0000, 0x0000, 0x0000, 0xb610, 0xb611, 0x0000, 0x0000, 0xb614, 0x0000, 0x0000, 0x0000,
    0xb618, 0x0000, 0x0000, 0x0000, 0x0000, 0x0000, 0x0000, 0x0000, 0x0000, 0x0000, 0x0000, 0x0000, 0x0000, 0x0000, 0xb625, 0x0000,
    0x0000, 0x0000, 0x0000, 0x0000, 0x0000, 0x0000, 0x0000, 0x0000, 0xb62c, 0x0000, 0x0000, 0x0000, 0x0000, 0x0000, 0x0000, 0x0000,
    0xb634, 0x0000, 0x0000, 0x0000, 0x0000, 0x0000, 0x0000, 0x0000, 0x0000, 0x0000, 0x0000, 0x0000, 0x0000, 0x0000, 0x0000, 0x0000,
    0x0000, 0x0000, 0x0000, 0x0000, 0x0000, 0x0000, 0x0000, 0x0000, 0xb648, 0x0000, 0x0000, 0x0000, 0x0000, 0x0000, 0x0000, 0x0000,
    0x0000, 0x0000, 0x0000, 0x0000, 0x0000, 0x0000, 0x0000, 0x0000, 0x0000, 0x0000, 0x0000, 0x0000, 0x0000, 0x0000, 0x0000, 0x0000,
    0x0000, 0x0000, 0x0000, 0x0000, 0x0000, 0x0000, 0x0000, 0xb664, 0x0000, 0x0000, 0x0000, 0xb668, 0x0000, 0x0000, 0x0000, 0x0000,
    0x0000, 0x0000, 0x0000, 0x0000, 0x0000, 0x0000, 0x0000, 0x0000, 0x0000, 0x0000, 0x0000, 0x0000, 0x0000, 0x0000, 0x0000, 0x0000,
    0x0000, 0x0000, 0x0000, 0x0000, 0x0000, 0x0000, 0x0000, 0xb680, 0x0000, 0x0000, 0x0000, 0x0000, 0x0000, 0x0000, 0x0000, 0x0000,
    0x0000, 0x0000, 0x0000, 0x0000, 0x0000, 0x0000, 0x0000, 0x0000, 0x0000, 0x0000, 0x0000, 0x0000, 0x0000, 0x0000, 0x0000, 0x0000,
    0x0000, 0x0000, 0x0000, 0x0000, 0x0000, 0x0000, 0x0000, 0xb69c, 0xb69d, 0x0000, 0x0000, 0xb6a0, 0x0000, 0x0000, 0x0000, 0xb6a4,
    0x0000, 0x0000, 0x0000, 0x0000, 0x0000, 0x0000, 0xb6ab, 0xb6ac, 0x0000, 0x0000, 0x0000, 0x0000, 0x0000, 0xb6b1, 0x0000, 0x0000,
    0x0000, 0x0000, 0x0000, 0x0000, 0x0000, 0x0000, 0x0000, 0xb6b8, 0x0000, 0x0000, 0x0000, 0x0000, 0x0000, 0x0000, 0x0000, 0x0000,
    0x0000, 0x0000, 0x0000, 0x0000, 0x0000, 0x0000, 0x0000, 0x0000, 0x0000, 0x0000, 0x0000, 0x0000, 0x0000, 0x0000, 0x0000, 0x0000,
    0x0000, 0x0000, 0x0000, 0x0000, 0x0000, 0x0000, 0x0000, 0xb6d4, 0x0000, 0x0000, 0x0000, 0x0000, 0x0000, 0x0000, 0x0000, 0x0000,
    0x0000, 0x0000, 0x0000, 0x0000, 0x0000, 0x0000, 0x0000, 0x0000, 0x0000, 0x0000, 0x0000, 0x0000, 0x0000, 0x0000, 0x0000, 0x0000,
    0x0000, 0x0000, 0x0000, 0x0000, 0x0000, 0x0000, 0x0000, 0xb6f0, 0x0000, 0x0000, 0x0000, 0xb6f4, 0x0000, 0x0000, 0x0000, 0xb6f8,
    0x0000, 0x0000, 0x0000, 0x0000, 0x0000, 0x0000, 0x0000, 0xb700, 0x0000, 0xb701, 0x0000, 0x0000, 0x0000, 0xb705, 0x0000, 0x0000,
    0x0000, 0x0000, 0x0000, 0x0000, 0x0000, 0x0000, 0xb70c, 0x0000, 0x0000, 0x0000, 0x0000, 0x0000, 0x0000, 0x0000, 0x0000, 0x0000,
    0x0000, 0x0000, 0x0000, 0x0000, 0x0000, 0x0000, 0x0000, 0x0000, 0x0000, 0x0000, 0x0000, 0x0000, 0x0000, 0x0000, 0x0000, 0x0000,
    0x0000, 0x0000, 0x0000, 0x0000, 0x0000, 0x0000, 0xb728, 0xb729, 0x0000, 0x0000, 0xb72c, 0x0000, 0x0000, 0xb72f, 0xb730, 0x0000,
    0x0000, 0x0000, 0x0000, 0x0000, 0x0000, 0x0000, 0xb738, 0x0000, 0xb739, 0x0000, 0xb73b, 0x0000, 0x0000, 0x0000, 0x0000, 0x0000,
    0x0000, 0x0000, 0x0000, 0x0000, 0x0000, 0x0000, 0xb744, 0x0000, 0x0000, 0x0000, 0xb748, 0x0000, 0x0000, 0x0000, 0xb74c, 0x0000,
    0x0000, 0x0000, 0x0000, 0x0000, 0x0000, 0x0000, 0xb754, 0x0000, 0xb755, 0x0000, 0x0000, 0x0000, 0x0000, 0x0000, 0x0000, 0x0000,
    0x0000, 0x0000, 0x0000, 0x0000, 0x0000, 0x0000, 0xb760, 0x0000, 0x0000, 0x0000, 0xb764, 0x0000, 0x0000, 0x0000, 0xb768, 0x0000,
    0x0000, 0x0000, 0x0000, 0x0000, 0x0000, 0x0000, 0xb770, 0x0000, 0xb771, 0x0000, 0xb773, 0x0000, 0xb775, 0x0000, 0x0000, 0x0000,
    0x0000, 0x0000, 0x0000, 0x0000, 0x0000, 0x0000, 0x0000, 0x0000, 0x0000, 0x0000, 0x0000, 0x0000, 0x0000, 0x0000, 0x0000, 0x0000,
    0x0000, 0x0000, 0x0000, 0x0000, 0x0000, 0x0000, 0x0000, 0x0000, 0x0000, 0x0000, 0x0000, 0x0000, 0x0000, 0x0000, 0x0000, 0x0000,
    0x0000, 0x0000, 0x0000, 0x0000, 0x0000, 0x0000, 0x0000, 0x0000, 0x0000, 0x0000, 0x0000, 0x0000, 0x0000, 0x0000, 0x0000, 0x0000,
    0x0000, 0x0000, 0x0000, 0x0000, 0x0000, 0x0000, 0x0000, 0x0000, 0x0000, 0x0000, 0x0000, 0x0000, 0x0000, 0x0000, 0x0000, 0x0000,
    0x0000, 0x0000, 0x0000, 0x0000, 0x0000, 0x3139, 0x0000, 0x0000, 0x0000, 0x0000, 0x0000, 0x0000, 0x0000, 0x0000, 0x0000, 0x0000,
    0x0000, 0x0000, 0x0000, 0x0000, 0x0000, 0x0000, 0x0000, 0x0000, 0x0000, 0x0000, 0x0000, 0x0000, 0x0000, 0x0000, 0x0000, 0x0000,
    0x0000, 0x0000, 0x0000, 0x0000, 0x0000, 0xb77c, 0xb77d, 0x0000, 0x0000, 0xb780, 0x0000, 0x0000, 0x0000, 0xb784, 0x0000, 0x0000,
    0x0000, 0x0000, 0x0000, 0x0000, 0x0000, 0xb78c, 0x0000, 0xb78d, 0x0000, 0xb78f, 0xb790, 0xb791, 0xb792, 0x0000, 0x0000, 0x0000,
    0xb796, 0xb797, 0x0000, 0x0000, 0x0000, 0xb798, 0xb799, 0x0000, 0x0000, 0xb79c, 0x0000, 0x0000, 0x0000, 0xb7a0, 0x0000, 0x0000,
    0x0000, 0x0000, 0x0000, 0x0000, 0x0000, 0xb7a8, 0x0000, 0xb7a9, 0x0000, 0xb7ab, 0xb7ac, 0xb7ad, 0x0000, 0x0000, 0x0000, 0x0000,
    0x0000, 0x0000, 0x0000, 0x0000, 0x0000, 0xb7b4, 0xb7b5, 0x0000, 0x0000, 0xb7b8, 0x0000, 0x0000, 0x0000, 0x0000, 0x0000, 0x0000,
    0x0000, 0x0000, 0x0000, 0x0000, 0x0000, 0x0000, 0x0000, 0x0000, 0x0000, 0xb7c7, 0x0000, 0xb7c9, 0x0000, 0x0000, 0x0000, 0x0000,
    0x0000, 0x0000, 0x0000, 0x0000, 0x0000, 0xb7d0, 0x0000, 0x0000, 0x0000, 0x0000, 0x0000, 0x0000, 0x0000, 0x0000, 0x0000, 0x0000,
    0x0000, 0x0000, 0x0000, 0x0000, 0x0000, 0x0000, 0x0000, 0x0000, 0x0000, 0x0000, 0x0000, 0x0000, 0x0000, 0x0000, 0x0000, 0x0000,
    0x0000, 0x0000, 0x0000, 0x0000, 0x0000, 0xb7ec, 0xb7ed, 0x0000, 0x0000, 0xb7f0, 0x0000, 0x0000, 0x0000, 0xb7f4, 0x0000, 0x0000,
    0x0000, 0x0000, 0x0000, 0x0000, 0x0000, 0xb7fc, 0x0000, 0xb7fd, 0x0000, 0xb7ff, 0xb800, 0xb801, 0x0000, 0x0000, 0x0000, 0x0000,
    0x0000, 0xb807, 0x0000, 0x0000, 0xb808, 0xb809, 0x0000, 0x0000, 0xb80c, 0x0000, 0x0000, 0xb80f, 0xb810, 0x0000, 0x0000, 0x0000,
    0x0000, 0x0000, 0x0000, 0x0000, 0xb818, 0x0000, 0xb819, 0x0000, 0xb81b, 0x0000, 0xb81d, 0x0000, 0x0000, 0x0000, 0x0000, 0x0000,
    0x0000, 0x0000, 0x0000, 0x0000, 0xb824, 0xb825, 0x0000, 0x0000, 0xb828, 0x0000, 0x0000, 0x0000, 0xb82c, 0x0000, 0x0000, 0x0000,
    0x0000, 0x0000, 0x0000, 0x0000, 0xb834, 0x0000, 0xb835, 0x0000, 0xb837, 0xb838, 0xb839, 0x0000, 0x0000, 0x0000, 0x0000, 0x0000,
    0x0000, 0x0000, 0x0000, 0x0000, 0xb840, 0x0000, 0x0000, 0x0000, 0xb844, 0x0000, 0x0000, 0x0000, 0x0000, 0x0000, 0x0000, 0x0000,
    0x0000, 0x0000, 0x0000, 0x0000, 0x0000, 0x0000, 0xb851, 0x0000, 0xb853, 0x0000, 0x0000, 0x0000, 0x0000, 0x0000, 0x0000, 0x0000,
    0x0000, 0x0000, 0x0000, 0x0000, 0xb85c, 0xb85d, 0x0000, 0x0000, 0xb860, 0x0000, 0x0000, 0x0000, 0xb864, 0x0000, 0x0000, 0x0000,
    0x0000, 0x0000, 0x0000, 0x0000, 0xb86c, 0x0000, 0xb86d, 0x0000, 0xb86f, 0x0000, 0xb871, 0x0000, 0x0000, 0x0000, 0x0000, 0x0000,
    0x0000, 0x0000, 0x0000, 0x0000, 0xb878, 0x0000, 0x0000, 0x0000, 0xb87c, 0x0000, 0x0000, 0x0000, 0x0000, 0x0000, 0x0000, 0x0000,
    0x0000, 0x0000, 0x0000, 0x0000, 0x0000, 0x0000, 0x0000, 0x0000, 0x0000, 0x0000, 0xb88d, 0x0000, 0x0000, 0x0000, 0x0000, 0x0000,
    0x0000, 0x0000, 0x0000, 0x0000, 0xb894, 0x0000, 0x0000, 0x0000, 0x0000, 0x0000, 0x0000, 0x0000, 0x0000, 0x0000, 0x0000, 0x0000,
    0x0000, 0x0000, 0x0000, 0x0000, 0x0000, 0x0000, 0x0000, 0x0000, 0x0000, 0xb8a8, 0x0000, 0x0000, 0x0000, 0x0000, 0x0000, 0x0000,
    0x0000, 0x0000, 0x0000, 0xb8b0, 0x0000, 0x0000, 0x0000, 0xb8b4, 0x0000, 0x0000, 0x0000, 0xb8b8, 0x0000, 0x0000, 0x0000, 0x0000,
    0x0000, 0x0000, 0x0000, 0xb8c0, 0x0000, 0xb8c1, 0x0000, 0xb8c3, 0x0000, 0xb8c5, 0x0000, 0x0000, 0x0000, 0x0000, 0x0000, 0x0000,
    0x0000, 0x0000, 0x0000, 0xb8cc, 0x0000, 0x0000, 0x0000, 0xb8d0, 0x0000, 0x0000, 0x0000, 0xb8d4, 0x0000, 0x0000, 0x0000, 0x0000,
    0x0000, 0x0000, 0x0000, 0xb8dc, 0x0000, 0xb8dd, 0x0000, 0xb8df, 0x0000, 0xb8e1, 0x0000, 0x0000, 0x0000, 0x0000, 0x0000, 0x0000,
    0x0000, 0x0000, 0x0000, 0xb8e8, 0xb8e9, 0x0000, 0x0000, 0xb8ec, 0x0000, 0x0000, 0x0000, 0xb8f0, 0x0000, 0x0000, 0x0000, 0x0000,
    0x0000, 0x0000, 0x0000, 0xb8f8, 0x0000, 0xb8f9, 0x0000, 0xb8fb, 0x0000, 0xb8fd, 0x0000, 0x0000, 0x0000, 0x0000, 0x0000, 0x0000,
    0x0000, 0x0000, 0x0000, 0xb904, 0x0000, 0x0000, 0x0000, 0x0000, 0x0000, 0x0000, 0x0000, 0x0000, 0x0000, 0x0000, 0x0000, 0x0000,
    0x0000, 0x0000, 0x0000, 0x0000, 0x0000, 0x0000, 0x0000, 0xb917, 0xb918, 0x0000, 0x0000, 0x0000, 0x0000, 0x0000, 0x0000, 0x0000,
    0x0000, 0x0000, 0x0000, 0xb920, 0x0000, 0x0000, 0x0000, 0x0000, 0x0000, 0x0000, 0x0000, 0x0000, 0x0000, 0x0000, 0x0000, 0x0000,
    0x0000, 0x0000, 0x0000, 0x0000, 0x0000, 0x0000, 0x0000, 0x0000, 0x0000, 0x0000, 0x0000, 0x0000, 0x0000, 0x0000, 0x0000, 0x0000,
    0x0000, 0x0000, 0x0000, 0xb93c, 0xb93d, 0x0000, 0x0000, 0xb940, 0x0000, 0x0000, 0x0000, 0xb944, 0x0000, 0x0000, 0x0000, 0x0000,
    0x0000, 0x0000, 0x0000, 0xb94c, 0x0000, 0x0000, 0x0000, 0xb94f, 0x0000, 0xb951, 0x0000, 0x0000, 0x0000, 0x0000, 0x0000, 0x0000,
    0x0000, 0x0000, 0xb958, 0xb959, 0x0000, 0x0000, 0xb95c, 0x0000, 0x0000, 0x0000, 0xb960, 0x0000, 0x0000, 0x0000, 0x0000, 0x0000,
    0x0000, 0x0000, 0xb968, 0x0000, 0xb969, 0x0000, 0xb96b, 0x0000, 0xb96d, 0x0000, 0x0000, 0x0000, 0x0000, 0x0000, 0x0000, 0x0000,
    0x0000, 0x0000, 0xb974, 0xb975, 0x0000, 0x0000, 0xb978, 0x0000, 0x0000, 0x0000, 0xb97c, 0x0000, 0x0000, 0x0000, 0x0000, 0x0000,
    0x0000, 0x0000, 0xb984, 0x0000, 0xb985, 0x0000, 0xb987, 0x0000, 0xb989, 0xb98a, 0x0000, 0x0000, 0xb98d, 0xb98e, 0x0000, 0x0000,
    0x0000, 0x0000, 0xb990, 0x0000, 0x0000, 0x0000, 0x0000, 0x0000, 0x0000, 0x0000, 0x0000, 0x0000, 0x0000, 0x0000, 0x0000, 0x0000,
    0x0000, 0x0000, 0x0000, 0x0000, 0x0000, 0x0000, 0x0000, 0x0000, 0x0000, 0x0000, 0x0000, 0x0000, 0x0000, 0x0000, 0x0000, 0x0000,
    0x0000, 0x0000, 0xb9ac, 0xb9ad, 0x0000, 0x0000, 0xb9b0, 0x0000, 0x0000, 0x0000, 0xb9b4, 0x0000, 0x0000, 0x0000, 0x0000, 0x0000,
    0x0000, 0x0000, 0xb9bc, 0x0000, 0xb9bd, 0x0000, 0xb9bf, 0x0000, 0xb9c1, 0x0000, 0x0000, 0x0000, 0x0000, 0x0000, 0x0000, 0x0000,
    0x0000, 0x0000, 0x0000, 0x0000, 0x0000, 0x0000, 0x0000, 0x0000, 0x0000, 0x0000, 0x0000, 0x0000, 0x0000, 0x0000, 0x0000, 0x0000,
    0x0000, 0x0000, 0x0000, 0x0000, 0x0000, 0x0000, 0x0000, 0x0000, 0x0000, 0x0000, 0x0000, 0x0000, 0x0000, 0x0000, 0x0000, 0x0000,
    0x0000, 0x0000, 0x0000, 0x0000, 0x0000, 0x0000, 0x0000, 0x0000, 0x0000, 0x0000, 0x0000, 0x0000, 0x0000, 0x0000, 0x0000, 0x0000,
    0x0000, 0x0000, 0x0000, 0x0000, 0x0000, 0x0000, 0x0000, 0x0000, 0x0000, 0x0000, 0x0000, 0x0000, 0x0000, 0x0000, 0x0000, 0x0000,
    0x0000, 0x3141, 0x0000, 0x0000, 0x0000, 0x0000, 0x0000, 0x0000, 0x0000, 0x0000, 0x0000, 0x0000, 0x0000, 0x0000, 0x0000, 0x0000,
    0x0000, 0x0000, 0x0000, 0x0000, 0x0000, 0x0000, 0x0000, 0x0000, 0x0000, 0x0000, 0x0000, 0x0000, 0x0000, 0x0000, 0x0000, 0x0000,
    0x0000, 0xb9c8, 0xb9c9, 0x0000, 0x0000, 0xb9cc, 0x0000, 0xb9ce, 0xb9cf, 0xb9d0, 0xb9d1, 0xb9d2, 0x0000, 0x0000, 0x0000, 0x0000,
    0x0000, 0xb9d8, 0x0000, 0xb9d9, 0x0000, 0xb9db, 0x0000, 0xb9dd, 0xb9de, 0xb9df, 0x0000, 0xb9e1, 0x0000, 0xb9e3, 0x0000, 0x0000,
    0x0000, 0xb9e4, 0xb9e5, 0x0000, 0x0000, 0xb9e8, 0x0000, 0x0000, 0x0000, 0xb9ec, 0x0000, 0x0000, 0x0000, 0x0000, 0x0000, 0x0000,
    0x0000, 0xb9f4, 0x0000, 0xb9f5, 0x0000, 0xb9f7, 0xb9f8, 0xb9f9, 0xb9fa, 0xb9fb, 0x0000, 0x0000, 0x0000, 0x0000, 0x0000, 0x0000,
    0x0000, 0xba00, 0xba01, 0x0000, 0x0000, 0x0000, 0x0000, 0x0000, 0x0000, 0xba08, 0x0000, 0x0000, 0x0000, 0x0000, 0x0000, 0x0000,
    0x0000, 0x0000, 0x0000, 0x0000, 0x0000, 0x0000, 0x0000, 0xba15, 0x0000, 0x0000, 0x0000, 0x0000, 0x0000, 0x0000, 0x0000, 0x0000,
    0x0000, 0xba1c, 0x0000, 0x0000, 0x0000, 0x0000, 0x0000, 0x0000, 0x0000, 0x0000, 0x0000, 0x0000, 0x0000, 0x0000, 0x0000, 0x0000,
    0x0000, 0x0000, 0x0000, 0x0000, 0x0000, 0x0000, 0x0000, 0x0000, 0x0000, 0x0000, 0x0000, 0x0000, 0x0000, 0x0000, 0x0000, 0x0000,
    0x0000, 0xba38, 0xba39, 0x0000, 0x0000, 0xba3c, 0x0000, 0x0000, 0x0000, 0xba40, 0x0000, 0xba42, 0x0000, 0x0000, 0x0000, 0x0000,
    0x0000, 0xba48, 0x0000, 0xba49, 0x0000, 0xba4b, 0x0000, 0xba4d, 0xba4e, 0x0000, 0x0000, 0x0000, 0x0000, 0xba53, 0x0000, 0x0000,
    0xba54, 0xba55, 0x0000, 0x0000, 0xba58, 0x0000, 0x0000, 0x0000, 0xba5c, 0x0000, 0x0000, 0x0000, 0x0000, 0x0000, 0x0000, 0x0000,
    0xba64, 0x0000, 0xba65, 0x0000, 0xba67, 0xba68, 0xba69, 0x0000, 0xba6b, 0x0000, 0xba6d, 0x0000, 0x0000, 0x0000, 0x0000, 0x0000,
    0xba70, 0xba71, 0x0000, 0x0000, 0xba74, 0x0000, 0x0000, 0x0000, 0xba78, 0x0000, 0x0000, 0x0000, 0x0000, 0x0000, 0x0000, 0x0000,
    0xba80, 0x0000, 0x0000, 0x0000, 0xba83, 0xba84, 0xba85, 0x0000, 0xba87, 0x0000, 0x0000, 0x0000, 0x0000, 0x0000, 0x0000, 0x0000,
    0xba8c, 0x0000, 0x0000, 0x0000, 0x0000, 0x0000, 0x0000, 0x0000, 0x0000, 0x0000, 0x0000, 0x0000, 0x0000, 0x0000, 0x0000, 0x0000,
    0x0000, 0x0000, 0x0000, 0x0000, 0x0000, 0x0000, 0x0000, 0x0000, 0x0000, 0x0000, 0x0000, 0x0000, 0x0000, 0x0000, 0x0000, 0x0000,
    0xbaa8, 0xbaa9, 0x0000, 0xbaab, 0xbaac, 0x0000, 0x0000, 0xbaaf, 0xbab0, 0x0000, 0xbab2, 0x0000, 0x0000, 0x0000, 0x0000, 0x0000,
    0xbab8, 0x0000, 0xbab9, 0x0000, 0xbabb, 0x0000, 0xbabd, 0x0000, 0x0000, 0x0000, 0x0000, 0x0000, 0xbac3, 0x0000, 0x0000, 0x0000,
    0xbac4, 0x0000, 0x0000, 0x0000, 0xbac8, 0x0000, 0x0000, 0x0000, 0x0000, 0x0000, 0x0000, 0x0000, 0x0000, 0x0000, 0x0000, 0x0000,
    0x0000, 0x0000, 0x0000, 0x0000, 0x0000, 0xbad8, 0xbad9, 0x0000, 0x0000, 0x0000, 0x0000, 0x0000, 0x0000, 0x0000, 0x0000, 0x0000,
    0xbae0, 0x0000, 0x0000, 0x0000, 0x0000, 0x0000, 0x0000, 0x0000, 0x0000, 0x0000, 0x0000, 0x0000, 0x0000, 0x0000, 0x0000, 0x0000,
    0x0000, 0x0000, 0x0000, 0x0000, 0x0000, 0x0000, 0x0000, 0x0000, 0x0000, 0x0000, 0x0000, 0x0000, 0x0000, 0x0000, 0x0000, 0xbafc,
    0x0000, 0x0000, 0x0000, 0xbb00, 0x0000, 0x0000, 0x0000, 0xbb04, 0x0000, 0x0000, 0x0000, 0x0000, 0x0000, 0x0000, 0x0000, 0x0000,
    0x0000, 0xbb0d, 0x0000, 0xbb0f, 0x0000, 0xbb11, 0x0000, 0x0000, 0x0000, 0x0000, 0x0000, 0x0000, 0x0000, 0x0000, 0x0000, 0xbb18,
    0x0000, 0x0000, 0x0000, 0xbb1c, 0x0000, 0x0000, 0x0000, 0xbb20, 0x0000, 0x0000, 0x0000, 0x0000, 0x0000, 0x0000, 0x0000, 0x0000,
    0x0000, 0xbb29, 0x0000, 0xbb2b, 0x0000, 0x0000, 0x0000, 0x0000, 0x0000, 0x0000, 0x0000, 0x0000, 0x0000, 0x0000, 0x0000, 0xbb34,
    0xbb35, 0xbb36, 0x0000, 0xbb38, 0x0000, 0x0000, 0xbb3b, 0xbb3c, 0xbb3d, 0xbb3e, 0x0000, 0x0000, 0x0000, 0x0000, 0x0000, 0xbb44,
    0x0000, 0xbb45, 0x0000, 0xbb47, 0x0000, 0xbb49, 0x0000, 0x0000, 0x0000, 0xbb4d, 0x0000, 0xbb4f, 0x0000, 0x0000, 0x0000, 0xbb50,
    0x0000, 0x0000, 0x0000, 0xbb54, 0x0000, 0x0000, 0x0000, 0xbb58, 0x0000, 0x0000, 0x0000, 0x0000, 0x0000, 0x0000, 0x0000, 0x0000,
    0x0000, 0xbb61, 0x0000, 0xbb63, 0x0000, 0x0000, 0x0000, 0x0000, 0x0000, 0x0000, 0x0000, 0x0000, 0x0000, 0x0000, 0x0000, 0xbb6c,
    0x0000, 0x0000, 0x0000, 0x0000, 0x0000, 0x0000, 0x0000, 0x0000, 0x0000, 0x0000, 0x0000, 0x0000, 0x0000, 0x0000, 0x0000, 0x0000,
    0x0000, 0x0000, 0x0000, 0x0000, 0x0000, 0x0000, 0x0000, 0x0000, 0x0000, 0x0000, 0x0000, 0x0000, 0x0000, 0x0000, 0x0000, 0xbb88,
    0x0000, 0x0000, 0x0000, 0xbb8c, 0x0000, 0x0000, 0x0000, 0xbb90, 0x0000, 0x0000, 0x0000, 0x0000, 0x0000, 0x0000, 0x0000, 0x0000,
    0x0000, 0x0000, 0x0000, 0x0000, 0x0000, 0x0000, 0x0000, 0x0000, 0x0000, 0x0000, 0x0000, 0x0000, 0x0000, 0x0000, 0xbba4, 0x0000,
    0x0000, 0x0000, 0xbba8, 0x0000, 0x0000, 0x0000, 0xbbac, 0x0000, 0x0000, 0x0000, 0x0000, 0x0000, 0x0000, 0x0000, 0xbbb4, 0x0000,
    0x0000, 0x0000, 0xbbb7, 0x0000, 0x0000, 0x0000, 0x0000, 0x0000, 0x0000, 0x0000, 0x0000, 0x0000, 0x0000, 0x0000, 0xbbc0, 0xbbc1,
    0x0000, 0x0000, 0xbbc4, 0x0000, 0x0000, 0x0000, 0xbbc8, 0x0000, 0x0000, 0x0000, 0x0000, 0x0000, 0x0000, 0x0000, 0xbbd0, 0x0000,
    0x0000, 0x0000, 0xbbd3, 0x0000, 0xbbd5, 0x0000, 0x0000, 0x0000, 0x0000, 0x0000, 0x0000, 0x0000, 0x0000, 0x0000, 0xbbdc, 0x0000,
    0x0000, 0x0000, 0xbbe0, 0x0000, 0x0000, 0x0000, 0x0000, 0x0000, 0x0000, 0x0000, 0x0000, 0x0000, 0x0000, 0x0000, 0x0000, 0x0000,
    0x0000, 0x0000, 0x0000, 0x0000, 0x0000, 0x0000, 0x0000, 0x0000, 0x0000, 0x0000, 0x0000, 0x0000, 0x0000, 0x0000, 0xbbf8, 0xbbf9,
    0x0000, 0x0000, 0xbbfc, 0x0000, 0x0000, 0xbbff, 0xbc00, 0x0000, 0xbc02, 0x0000, 0x0000, 0x0000, 0x0000, 0x0000, 0xbc08, 0x0000,
    0xbc09, 0x0000, 0xbc0b, 0xbc0c, 0xbc0d, 0xbc0e, 0xbc0f, 0x0000, 0xbc11, 0x0000, 0x0000, 0x0000, 0x0000, 0x0000, 0x0000, 0x0000,
    0x0000, 0x0000, 0x0000, 0x0000, 0x0000, 0x0000, 0x0000, 0x0000, 0x0000, 0x0000, 0x0000, 0x0000, 0x0000, 0x0000, 0x0000, 0x0000,
    0x0000, 0x0000, 0x0000, 0x0000, 0x0000, 0x0000, 0x0000, 0x0000, 0x0000, 0x0000, 0x0000, 0x0000, 0x0000, 0x0000, 0x0000, 0x0000,
    0x0000, 0x0000, 0x0000, 0x0000, 0x0000, 0x0000, 0x0000, 0x0000, 0x0000, 0x0000, 0x0000, 0x0000, 0x0000, 0x0000, 0x0000, 0x0000,
    0x0000, 0x0000, 0x0000, 0x0000, 0x0000, 0x0000, 0x0000, 0x0000, 0x0000, 0x0000, 0x0000, 0x0000, 0x0000, 0x3142, 0x0000, 0x0000,
    0x0000, 0x0000, 0x0000, 0x0000, 0x0000, 0x0000, 0x0000, 0x0000, 0x0000, 0x0000, 0x0000, 0x0000, 0x0000, 0x0000, 0x0000, 0x0000,
    0x0000, 0x0000, 0x0000, 0x0000, 0x0000, 0x0000, 0x0000, 0x0000, 0x0000, 0x0000, 0x0000, 0x0000, 0x0000, 0xbc14, 0xbc15, 0xbc16,
    0xbc17, 0xbc18, 0x0000, 0x0000, 0xbc1b, 0xbc1c, 0xbc1d, 0xbc1e, 0xbc1f, 0x0000, 0x0000, 0x0000, 0x0000, 0xbc24, 0x0000, 0xbc25,
    0x0000, 0xbc27, 0xbc28, 0xbc29, 0x0000, 0x0000, 0x0000, 0xbc2d, 0x0000, 0x0000, 0x0000, 0x0000, 0x0000, 0xbc30, 0xbc31, 0x0000,
    0x0000, 0xbc34, 0x0000, 0x0000, 0xbc37, 0xbc38, 0x0000, 0x0000, 0x0000, 0x0000, 0x0000, 0x0000, 0x0000, 0xbc40, 0x0000, 0xbc41,
    0x0000, 0xbc43, 0xbc44, 0xbc45, 0x0000, 0x0000, 0x0000, 0xbc49, 0x0000, 0x0000, 0x0000, 0x0000, 0x0000, 0xbc4c, 0xbc4d, 0x0000,
    0x0000, 0xbc50, 0x0000, 0x0000, 0x0000, 0x0000, 0x0000, 0x0000, 0x0000, 0x0000, 0x0000, 0x0000, 0x0000, 0xbc5c, 0x0000, 0xbc5d,
    0x0000, 0x0000, 0x0000, 0x0000, 0x0000, 0x0000, 0x0000, 0x0000, 0x0000, 0x0000, 0x0000, 0x0000, 0x0000, 0xbc68, 0x0000, 0x0000,
    0x0000, 0x0000, 0x0000, 0x0000, 0x0000, 0x0000, 0x0000, 0x0000, 0x0000, 0x0000, 0x0000, 0x0000, 0x0000, 0x0000, 0x0000, 0x0000,
    0x0000, 0x0000, 0x0000, 0x0000, 0x0000, 0x0000, 0x0000, 0x0000, 0x0000, 0x0000, 0x0000, 0x0000, 0x0000, 0xbc84, 0xbc85, 0x0000,
    0x0000, 0xbc88, 0x0000, 0x0000, 0xbc8b, 0xbc8c, 0x0000, 0xbc8e, 0x0000, 0x0000, 0x0000, 0x0000, 0x0000, 0xbc94, 0x0000, 0xbc95,
    0x0000, 0xbc97, 0xbc98, 0xbc99, 0xbc9a, 0x0000, 0xbc9c, 0x0000, 0x0000, 0x0000, 0x0000, 0x0000, 0xbca0, 0xbca1, 0x0000, 0x0000,
    0xbca4, 0x0000, 0x0000, 0xbca7, 0xbca8, 0x0000, 0x0000, 0x0000, 0x0000, 0x0000, 0x0000, 0x0000, 0xbcb0, 0x0000, 0xbcb1, 0x0000,
    0xbcb3, 0xbcb4, 0xbcb5, 0x0000, 0x0000, 0x0000, 0xbcb9, 0x0000, 0x0000, 0x0000, 0x0000, 0x0000, 0xbcbc, 0xbcbd, 0x0000, 0x0000,
    0xbcc0, 0x0000, 0x0000, 0x0000, 0xbcc4, 0x0000, 0x0000, 0x0000, 0x0000, 0x0000, 0x0000, 0x0000, 0xbccc, 0x0000, 0xbccd, 0x0000,
    0xbccf, 0xbcd0, 0xbcd1, 0xbcd2, 0xbcd3, 0xbcd4, 0xbcd5, 0x0000, 0x0000, 0x0000, 0x0000, 0x0000, 0xbcd8, 0x0000, 0x0000, 0x0000,
    0xbcdc, 0x0000, 0x0000, 0x0000, 0x0000, 0x0000, 0x0000, 0x0000, 0x0000, 0x0000, 0x0000, 0x0000, 0x0000, 0x0000, 0x0000, 0x0000,
    0x0000, 0x0000, 0x0000, 0x0000, 0x0000, 0x0000, 0x0000, 0x0000, 0x0000, 0x0000, 0x0000, 0x0000, 0xbcf4, 0xbcf5, 0xbcf6, 0x0000,
    0xbcf8, 0x0000, 0x0000, 0x0000, 0xbcfc, 0x0000, 0x0000, 0x0000, 0x0000, 0x0000, 0x0000, 0x0000, 0xbd04, 0x0000, 0xbd05, 0x0000,
    0xbd07, 0x0000, 0xbd09, 0x0000, 0x0000, 0x0000, 0x0000, 0x0000, 0x0000, 0x0000, 0x0000, 0x0000, 0xbd10, 0x0000, 0x0000, 0x0000,
    0xbd14, 0x0000, 0x0000, 0x0000, 0x0000, 0x0000, 0x0000, 0x0000, 0x0000, 0x0000, 0x0000, 0x0000, 0x0000, 0x0000, 0x0000, 0x0000,
    0xbd23, 0xbd24, 0x0000, 0x0000, 0x0000, 0x0000, 0x0000, 0x0000, 0x0000, 0x0000, 0x0000, 0x0000, 0xbd2c, 0x0000, 0x0000, 0x0000,
    0x0000, 0x0000, 0x0000, 0x0000, 0x0000, 0x0000, 0x0000, 0x0000, 0x0000, 0x0000, 0x0000, 0x0000, 0x0000, 0x0000, 0x0000, 0x0000,
    0x0000, 0xbd40, 0x0000, 0x0000, 0x0000, 0x0000, 0x0000, 0x0000, 0x0000, 0x0000, 0x0000, 0xbd48, 0xbd49, 0x0000, 0x0000, 0xbd4c,
    0x0000, 0x0000, 0x0000, 0xbd50, 0x0000, 0x0000, 0x0000, 0x0000, 0x0000, 0x0000, 0x0000, 0xbd58, 0x0000, 0xbd59, 0x0000, 0x0000,
    0x0000, 0x0000, 0x0000, 0x0000, 0x0000, 0x0000, 0x0000, 0x0000, 0x0000, 0x0000, 0x0000, 0xbd64, 0x0000, 0x0000, 0x0000, 0xbd68,
    0x0000, 0x0000, 0x0000, 0x0000, 0x0000, 0x0000, 0x0000, 0x0000, 0x0000, 0x0000, 0x0000, 0x0000, 0x0000, 0x0000, 0x0000, 0x0000,
    0x0000, 0x0000, 0x0000, 0x0000, 0x0000, 0x0000, 0x0000, 0x0000, 0x0000, 0x0000, 0x0000, 0xbd80, 0xbd81, 0x0000, 0x0000, 0xbd84,
    0x0000, 0x0000, 0xbd87, 0xbd88, 0xbd89, 0xbd8a, 0x0000, 0x0000, 0x0000, 0x0000, 0x0000, 0xbd90, 0x0000, 0xbd91, 0x0000, 0xbd93,
    0x0000, 0xbd95, 0x0000, 0xbd97, 0x0000, 0xbd99, 0xbd9a, 0x0000, 0x0000, 0x0000, 0x0000, 0xbd9c, 0x0000, 0x0000, 0x0000, 0x0000,
    0x0000, 0x0000, 0x0000, 0xbda4, 0x0000, 0x0000, 0x0000, 0x0000, 0x0000, 0x0000, 0x0000, 0x0000, 0x0000, 0x0000, 0x0000, 0x0000,
    0xbdb0, 0x0000, 0x0000, 0x0000, 0xbdb4, 0x0000, 0x0000, 0x0000, 0x0000, 0x0000, 0x0000, 0xbdb8, 0x0000, 0x0000, 0x0000, 0x0000,
    0x0000, 0x0000, 0x0000, 0x0000, 0x0000, 0x0000, 0x0000, 0x0000, 0x0000, 0x0000, 0x0000, 0x0000, 0x0000, 0x0000, 0x0000, 0x0000,
    0x0000, 0x0000, 0x0000, 0x0000, 0x0000, 0x0000, 0x0000, 0x0000, 0x0000, 0x0000, 0x0000, 0xbdd4, 0xbdd5, 0x0000, 0x0000, 0xbdd8,
    0x0000, 0x0000, 0x0000, 0xbddc, 0x0000, 0x0000, 0x0000, 0x0000, 0x0000, 0x0000, 0x0000, 0x0000, 0x0000, 0x0000, 0x0000, 0x0000,
    0x0000, 0xbde9, 0x0000, 0x0000, 0x0000, 0x0000, 0x0000, 0x0000, 0x0000, 0x0000, 0xbdf0, 0x0000, 0x0000, 0x0000, 0xbdf4, 0x0000,
    0x0000, 0x0000, 0xbdf8, 0x0000, 0x0000, 0x0000, 0x0000, 0x0000, 0x0000, 0x0000, 0xbe00, 0x0000, 0x0000, 0x0000, 0xbe03, 0x0000,
    0xbe05, 0x0000, 0x0000, 0x0000, 0x0000, 0x0000, 0x0000, 0x0000, 0x0000, 0x0000, 0xbe0c, 0xbe0d, 0x0000, 0x0000, 0xbe10, 0x0000,
    0x0000, 0x0000, 0xbe14, 0x0000, 0x0000, 0x0000, 0xbe18, 0x0000, 0x0000, 0x0000, 0xbe1c, 0x0000, 0xbe1d, 0x0000, 0xbe1f, 0x0000,
    0xbe21, 0x0000, 0x0000, 0x0000, 0x0000, 0x0000, 0x0000, 0x0000, 0x0000, 0x0000, 0xbe28, 0x0000, 0x0000, 0x0000, 0x0000, 0x0000,
    0x0000, 0x0000, 0x0000, 0x0000, 0x0000, 0x0000, 0x0000, 0x0000, 0x0000, 0x0000, 0x0000, 0x0000, 0x0000, 0x0000, 0x0000, 0x0000,
    0x0000, 0x0000, 0x0000, 0x0000, 0x0000, 0x0000, 0x0000, 0x0000, 0x0000, 0x0000, 0xbe44, 0xbe45, 0x0000, 0x0000, 0xbe48, 0x0000,
    0x0000, 0xbe4b, 0xbe4c, 0x0000, 0xbe4e, 0x0000, 0x0000, 0x0000, 0x0000, 0x0000, 0xbe54, 0x0000, 0xbe55, 0x0000, 0xbe57, 0x0000,
    0xbe59, 0xbe5a, 0xbe5b, 0x0000, 0x0000, 0x0000, 0x0000, 0x0000, 0x0000, 0x0000, 0x0000, 0x0000, 0x0000, 0x0000, 0x0000, 0x0000,
    0x0000, 0x0000, 0x0000, 0x0000, 0x0000, 0x0000, 0x0000, 0x0000, 0x0000, 0x0000, 0x0000, 0x0000, 0x0000, 0x0000, 0x0000, 0x0000,
    0x0000, 0x0000, 0x0000, 0x0000, 0x0000, 0x0000, 0x0000, 0x0000, 0x0000, 0x0000, 0x0000, 0x0000, 0x0000, 0x0000, 0x0000, 0x0000,
    0x0000, 0x0000, 0x0000, 0x0000, 0x0000, 0x0000, 0x0000, 0x0000, 0x0000, 0x0000, 0x0000, 0x0000, 0x0000, 0x0000, 0x0000, 0x0000,
    0x0000, 0x0000, 0x0000, 0x0000, 0x0000, 0x0000, 0x0000, 0x0000, 0x0000, 0x3143, 0x0000, 0x0000, 0x0000, 0x0000, 0x0000, 0x0000,
    0x0000, 0x0000, 0x0000, 0x0000, 0x0000, 0x0000, 0x0000, 0x0000, 0x0000, 0x0000, 0x0000, 0x0000, 0x0000, 0x0000, 0x0000, 0x0000,
    0x0000, 0x0000, 0x0000, 0x0000, 0x0000, 0x0000, 0x0000, 0x0000, 0x0000, 0xbe60, 0xbe61, 0x0000, 0x0000, 0xbe64, 0x0000, 0x0000,
    0x0000, 0xbe68, 0x0000, 0xbe6a, 0x0000, 0x0000, 0x0000, 0x0000, 0x0000, 0xbe70, 0x0000, 0xbe71, 0x0000, 0xbe73, 0xbe74, 0xbe75,
    0x0000, 0x0000, 0x0000, 0x0000, 0x0000, 0xbe7b, 0x0000, 0x0000, 0x0000, 0xbe7c, 0xbe7d, 0x0000, 0x0000, 0xbe80, 0x0000, 0x0000,
    0x0000, 0xbe84, 0x0000, 0x0000, 0x0000, 0x0000, 0x0000, 0x0000, 0x0000, 0xbe8c, 0x0000, 0xbe8d, 0x0000, 0xbe8f, 0xbe90, 0xbe91,
    0x0000, 0x0000, 0x0000, 0x0000, 0x0000, 0x0000, 0x0000, 0x0000, 0x0000, 0xbe98, 0xbe99, 0x0000, 0x0000, 0xbe9c, 0x0000, 0x0000,
    0x0000, 0x0000, 0x0000, 0x0000, 0x0000, 0x0000, 0x0000, 0x0000, 0x0000, 0xbea8, 0x0000, 0x0000, 0x0000, 0x0000, 0x0000, 0x0000,
    0x0000, 0x0000, 0x0000, 0x0000, 0x0000, 0x0000, 0x0000, 0x0000, 0x0000, 0xbeb4, 0x0000, 0x0000, 0x0000, 0x0000, 0x0000, 0x0000,
    0x0000, 0x0000, 0x0000, 0x0000, 0x0000, 0x0000, 0x0000, 0x0000, 0x0000, 0x0000, 0x0000, 0x0000, 0x0000, 0x0000, 0x0000, 0x0000,
    0x0000, 0x0000, 0x0000, 0x0000, 0x0000, 0x0000, 0x0000, 0x0000, 0x0000, 0xbed0, 0xbed1, 0x0000, 0x0000, 0xbed4, 0x0000, 0x0000,
    0xbed7, 0xbed8, 0x0000, 0x0000, 0x0000, 0x0000, 0x0000, 0x0000, 0x0000, 0xbee0, 0x0000, 0x0000, 0x0000, 0xbee3, 0xbee4, 0xbee5,
    0x0000, 0x0000, 0x0000, 0x0000, 0x0000, 0x0000, 0x0000, 0x0000, 0xbeec, 0xbeed, 0x0000, 0x0000, 0xbef0, 0x0000, 0x0000, 0x0000,
    0xbef4, 0x0000, 0x0000, 0x0000, 0x0000, 0x0000, 0x0000, 0x0000, 0x0000, 0x0000, 0x0000, 0x0000, 0xbeff, 0x0000, 0xbf01, 0x0000,
    0x0000, 0x0000, 0x0000, 0x0000, 0x0000, 0x0000, 0x0000, 0x0000, 0xbf08, 0xbf09, 0x0000, 0x0000, 0x0000, 0x0000, 0x0000, 0x0000,
    0x0000, 0x0000, 0x0000, 0x0000, 0x0000, 0x0000, 0x0000, 0x0000, 0xbf18, 0x0000, 0xbf19, 0x0000, 0xbf1b, 0xbf1c, 0xbf1d, 0x0000,
    0x0000, 0x0000, 0x0000, 0x0000, 0x0000, 0x0000, 0x0000, 0x0000, 0xbf24, 0x0000, 0x0000, 0x0000, 0x0000, 0x0000, 0x0000, 0x0000,
    0x0000, 0x0000, 0x0000, 0x0000, 0x0000, 0x0000, 0x0000, 0x0000, 0x0000, 0x0000, 0x0000, 0x0000, 0x0000, 0x0000, 0x0000, 0x0000,
    0x0000, 0x0000, 0x0000, 0x0000, 0x0000, 0x0000, 0x0000, 0x0000, 0xbf40, 0xbf41, 0x0000, 0x0000, 0xbf44, 0x0000, 0x0000, 0x0000,
    0xbf48, 0x0000, 0x0000, 0x0000, 0x0000, 0x0000, 0x0000, 0x0000, 0xbf50, 0x0000, 0xbf51, 0x0000, 0x0000, 0x0000, 0xbf55, 0x0000,
    0x0000, 0x0000, 0x0000, 0x0000, 0x0000, 0x0000, 0x0000, 0x0000, 0xbf5c, 0x0000, 0x0000, 0x0000, 0x0000, 0x0000, 0x0000, 0x0000,
    0x0000, 0x0000, 0x0000, 0x0000, 0x0000, 0x0000, 0x0000, 0x0000, 0x0000, 0x0000, 0x0000, 0x0000, 0x0000, 0x0000, 0x0000, 0x0000,
    0x0000, 0x0000, 0x0000, 0x0000, 0x0000, 0x0000, 0x0000, 0x0000, 0xbf78, 0x0000, 0x0000, 0x0000, 0x0000, 0x0000, 0x0000, 0x0000,
    0x0000, 0x0000, 0x0000, 0x0000, 0x0000, 0x0000, 0x0000, 0x0000, 0x0000, 0x0000, 0x0000, 0x0000, 0x0000, 0x0000, 0x0000, 0x0000,
    0x0000, 0x0000, 0x0000, 0x0000, 0x0000, 0x0000, 0x0000, 0xbf94, 0x0000, 0x0000, 0x0000, 0x0000, 0x0000, 0x0000, 0x0000, 0x0000,
    0x0000, 0x0000, 0x0000, 0x0000, 0x0000, 0x0000, 0x0000, 0x0000, 0x0000, 0x0000, 0x0000, 0x0000, 0x0000, 0x0000, 0x0000, 0x0000,
    0x0000, 0x0000, 0x0000, 0x0000, 0x0000, 0x0000, 0x0000, 0xbfb0, 0x0000, 0x0000, 0x0000, 0x0000, 0x0000, 0x0000, 0x0000, 0x0000,
    0x0000, 0x0000, 0x0000, 0x0000, 0x0000, 0x0000, 0x0000, 0xbfc0, 0x0000, 0x0000, 0x0000, 0x0000, 0x0000, 0xbfc5, 0x0000, 0x0000,
    0x0000, 0x0000, 0x0000, 0x0000, 0x0000, 0x0000, 0x0000, 0xbfcc, 0xbfcd, 0x0000, 0x0000, 0xbfd0, 0x0000, 0x0000, 0x0000, 0xbfd4,
    0xbfd5, 0x0000, 0x0000, 0x0000, 0x0000, 0x0000, 0x0000, 0xbfdc, 0x0000, 0xbfdd, 0x0000, 0xbfdf, 0x0000, 0xbfe1, 0x0000, 0x0000,
    0x0000, 0x0000, 0x0000, 0x0000, 0x0000, 0x0000, 0x0000, 0xbfe8, 0x0000, 0x0000, 0x0000, 0x0000, 0x0000, 0x0000, 0x0000, 0x0000,
    0x0000, 0x0000, 0x0000, 0x0000, 0x0000, 0x0000, 0x0000, 0x0000, 0x0000, 0x0000, 0x0000, 0x0000, 0x0000, 0x0000, 0x0000, 0x0000,
    0x0000, 0x0000, 0x0000, 0x0000, 0x0000, 0x0000, 0x0000, 0xc004, 0x0000, 0x0000, 0x0000, 0x0000, 0x0000, 0x0000, 0x0000, 0x0000,
    0x0000, 0x0000, 0x0000, 0x0000, 0x0000, 0x0000, 0x0000, 0x0000, 0x0000, 0x0000, 0x0000, 0x0000, 0x0000, 0x0000, 0x0000, 0x0000,
    0x0000, 0x0000, 0x0000, 0x0000, 0x0000, 0x0000, 0x0000, 0xc020, 0x0000, 0x0000, 0x0000, 0x0000, 0x0000, 0x0000, 0x0000, 0x0000,
    0x0000, 0x0000, 0x0000, 0x0000, 0x0000, 0x0000, 0x0000, 0x0000, 0x0000, 0x0000, 0x0000, 0x0000, 0x0000, 0x0000, 0x0000, 0x0000,
    0x0000, 0x0000, 0x0000, 0x0000, 0x0000, 0x0000, 0xc03c, 0x0000, 0x0000, 0x0000, 0x0000, 0x0000, 0x0000, 0x0000, 0x0000, 0x0000,
    0x0000, 0x0000, 0x0000, 0x0000, 0x0000, 0x0000, 0x0000, 0x0000, 0x0000, 0x0000, 0x0000, 0x0000, 0xc051, 0x0000, 0x0000, 0x0000,
    0x0000, 0x0000, 0x0000, 0x0000, 0x0000, 0x0000, 0xc058, 0xc059, 0x0000, 0x0000, 0xc05c, 0x0000, 0x0000, 0x0000, 0xc060, 0x0000,
    0x0000, 0x0000, 0x0000, 0x0000, 0x0000, 0x0000, 0xc068, 0x0000, 0xc069, 0x0000, 0x0000, 0x0000, 0x0000, 0x0000, 0x0000, 0x0000,
    0x0000, 0x0000, 0x0000, 0x0000, 0x0000, 0x0000, 0xc074, 0x0000, 0x0000, 0x0000, 0x0000, 0x0000, 0x0000, 0x0000, 0x0000, 0x0000,
    0x0000, 0x0000, 0x0000, 0x0000, 0x0000, 0x0000, 0x0000, 0x0000, 0x0000, 0x0000, 0x0000, 0x0000, 0x0000, 0x0000, 0x0000, 0x0000,
    0x0000, 0x0000, 0x0000, 0x0000, 0x0000, 0x0000, 0xc090, 0xc091, 0x0000, 0x0000, 0xc094, 0x0000, 0x0000, 0x0000, 0xc098, 0x0000,
    0x0000, 0x0000, 0x0000, 0x0000, 0x0000, 0x0000, 0xc0a0, 0x0000, 0xc0a1, 0x0000, 0xc0a3, 0x0000, 0xc0a5, 0x0000, 0x0000, 0x0000,
    0x0000, 0x0000, 0x0000, 0x0000, 0x0000, 0x0000, 0x0000, 0x0000, 0x0000, 0x0000, 0x0000, 0x0000, 0x0000, 0x0000, 0x0000, 0x0000,
    0x0000, 0x0000, 0x0000, 0x0000, 0x0000, 0x0000, 0x0000, 0x0000, 0x0000, 0x0000, 0x0000, 0x0000, 0x0000, 0x0000, 0x0000, 0x0000,
    0x0000, 0x0000, 0x0000, 0x0000, 0x0000, 0x0000, 0x0000, 0x0000, 0x0000, 0x0000, 0x0000, 0x0000, 0x0000, 0x0000, 0x0000, 0x0000,
    0x0000, 0x0000, 0x0000, 0x0000, 0x0000, 0x0000, 0x0000, 0x0000, 0x0000, 0x0000, 0x0000, 0x0000, 0x0000, 0x0000, 0x0000, 0x0000,
    0x0000, 0x0000, 0x0000, 0x0000, 0x0000, 0x3145, 0x0000, 0x0000, 0x0000, 0x0000, 0x0000, 0x0000, 0x0000, 0x0000, 0x0000, 0x0000,
    0x0000, 0x0000, 0x0000, 0x0000, 0x0000, 0x0000, 0x0000, 0x0000, 0x0000, 0x0000, 0x0000, 0x0000, 0x0000, 0x0000, 0x0000, 0x0000,
    0x0000, 0x0000, 0x0000, 0x0000, 0x0000, 0xc0ac, 0xc0ad, 0xc0ae, 0xc0af, 0xc0b0, 0x0000, 0x0000, 0xc0b3, 0xc0b4, 0xc0b5, 0xc0b6,
    0xc0b7, 0x0000, 0x0000, 0x0000, 0xc0bb, 0xc0bc, 0x0000, 0xc0bd, 0x0000, 0xc0bf, 0xc0c0, 0xc0c1, 0x0000, 0xc0c3, 0x0000, 0xc0c5,
    0x0000, 0xc0c7, 0x0000, 0x0000, 0x0000, 0xc0c8, 0xc0c9, 0x0000, 0x0000, 0xc0cc, 0x0000, 0x0000, 0xc0cf, 0xc0d0, 0x0000, 0x0000,
    0x0000, 0x0000, 0x0000, 0x0000, 0x0000, 0xc0d8, 0x0000, 0xc0d9, 0x0000, 0xc0db, 0xc0dc, 0xc0dd, 0x0000, 0x0000, 0x0000, 0x0000,
    0x0000, 0x0000, 0x0000, 0x0000, 0x0000, 0xc0e4, 0xc0e5, 0x0000, 0x0000, 0xc0e8, 0x0000, 0x0000, 0x0000, 0xc0ec, 0x0000, 0x0000,
    0x0000, 0x0000, 0x0000, 0x0000, 0x0000, 0xc0f4, 0x0000, 0xc0f5, 0x0000, 0xc0f7, 0x0000, 0xc0f9, 0x0000, 0x0000, 0x0000, 0x0000,
    0x0000, 0x0000, 0x0000, 0x0000, 0x0000, 0xc100, 0x0000, 0x0000, 0x0000, 0xc104, 0x0000, 0x0000, 0x0000, 0xc108, 0x0000, 0x0000,
    0x0000, 0x0000, 0x0000, 0x0000, 0x0000, 0xc110, 0x0000, 0x0000, 0x0000, 0x0000, 0x0000, 0xc115, 0x0000, 0x0000, 0x0000, 0x0000,
    0x0000, 0x0000, 0x0000, 0x0000, 0x0000, 0xc11c, 0xc11d, 0xc11e, 0xc11f, 0xc120, 0x0000, 0x0000, 0xc123, 0xc124, 0xc125, 0xc126,
    0xc127, 0x0000, 0x0000, 0x0000, 0x0000, 0xc12c, 0x0000, 0xc12d, 0x0000, 0xc12f, 0xc130, 0xc131, 0x0000, 0x0000, 0x0000, 0x0000,
    0xc136, 0x0000, 0x0000, 0x0000, 0xc138, 0xc139, 0x0000, 0x0000, 0xc13c, 0x0000, 0x0000, 0xc13f, 0xc140, 0x0000, 0x0000, 0x0000,
    0x0000, 0x0000, 0x0000, 0x0000, 0xc148, 0x0000, 0xc149, 0x0000, 0xc14b, 0xc14c, 0xc14d, 0x0000, 0x0000, 0x0000, 0xc151, 0x0000,
    0x0000, 0x0000, 0x0000, 0x0000, 0xc154, 0xc155, 0x0000, 0xc157, 0xc158, 0x0000, 0x0000, 0x0000, 0xc15c, 0x0000, 0x0000, 0x0000,
    0x0000, 0x0000, 0x0000, 0x0000, 0xc164, 0x0000, 0xc165, 0x0000, 0xc167, 0xc168, 0xc169, 0x0000, 0x0000, 0x0000, 0x0000, 0x0000,
    0x0000, 0x0000, 0x0000, 0x0000, 0xc170, 0x0000, 0x0000, 0x0000, 0xc174, 0x0000, 0x0000, 0x0000, 0xc178, 0x0000, 0x0000, 0x0000,
    0x0000, 0x0000, 0x0000, 0x0000, 0x0000, 0x0000, 0x0000, 0x0000, 0x0000, 0x0000, 0xc185, 0x0000, 0x0000, 0x0000, 0x0000, 0x0000,
    0x0000, 0x0000, 0x0000, 0x0000, 0xc18c, 0xc18d, 0xc18e, 0x0000, 0xc190, 0x0000, 0x0000, 0xc193, 0xc194, 0x0000, 0xc196, 0x0000,
    0x0000, 0x0000, 0x0000, 0x0000, 0xc19c, 0x0000, 0xc19d, 0x0000, 0xc19f, 0x0000, 0xc1a1, 0x0000, 0x0000, 0x0000, 0xc1a5, 0x0000,
    0x0000, 0x0000, 0x0000, 0x0000, 0xc1a8, 0xc1a9, 0x0000, 0x0000, 0xc1ac, 0x0000, 0x0000, 0x0000, 0xc1b0, 0x0000, 0x0000, 0x0000,
    0x0000, 0x0000, 0x0000, 0x0000, 0x0000, 0x0000, 0x0000, 0x0000, 0xc1bb, 0x0000, 0xc1bd, 0x0000, 0x0000, 0x0000, 0x0000, 0x0000,
    0x0000, 0x0000, 0x0000, 0x0000, 0xc1c4, 0x0000, 0x0000, 0x0000, 0xc1c8, 0x0000, 0x0000, 0x0000, 0xc1cc, 0x0000, 0x0000, 0x0000,
    0x0000, 0x0000, 0x0000, 0x0000, 0xc1d4, 0x0000, 0x0000, 0x0000, 0xc1d7, 0xc1d8, 0x0000, 0x0000, 0x0000, 0x0000, 0x0000, 0x0000,
    0x0000, 0x0000, 0x0000, 0xc1e0, 0x0000, 0x0000, 0x0000, 0xc1e4, 0x0000, 0x0000, 0x0000, 0xc1e8, 0x0000, 0x0000, 0x0000, 0x0000,
    0x0000, 0x0000, 0x0000, 0xc1f0, 0x0000, 0xc1f1, 0x0000, 0xc1f3, 0x0000, 0x0000, 0x0000, 0x0000, 0x0000, 0x0000, 0x0000, 0x0000,
    0x0000, 0x0000, 0x0000, 0xc1fc, 0xc1fd, 0x0000, 0x0000, 0xc200, 0x0000, 0x0000, 0x0000, 0xc204, 0x0000, 0x0000, 0x0000, 0x0000,
    0x0000, 0x0000, 0x0000, 0xc20c, 0x0000, 0xc20d, 0x0000, 0xc20f, 0x0000, 0xc211, 0x0000, 0x0000, 0x0000, 0x0000, 0x0000, 0x0000,
    0x0000, 0x0000, 0x0000, 0xc218, 0xc219, 0x0000, 0x0000, 0xc21c, 0x0000, 0x0000, 0xc21f, 0xc220, 0x0000, 0x0000, 0x0000, 0x0000,
    0x0000, 0x0000, 0x0000, 0xc228, 0x0000, 0xc229, 0x0000, 0xc22b, 0x0000, 0xc22d, 0x0000, 0xc22f, 0x0000, 0xc231, 0xc232, 0x0000,
    0x0000, 0x0000, 0x0000, 0xc234, 0x0000, 0x0000, 0x0000, 0x0000, 0x0000, 0x0000, 0x0000, 0x0000, 0x0000, 0x0000, 0x0000, 0x0000,
    0x0000, 0x0000, 0x0000, 0x0000, 0x0000, 0x0000, 0x0000, 0x0000, 0xc248, 0x0000, 0x0000, 0x0000, 0x0000, 0x0000, 0x0000, 0x0000,
    0x0000, 0x0000, 0x0000, 0xc250, 0xc251, 0x0000, 0x0000, 0xc254, 0x0000, 0x0000, 0x0000, 0xc258, 0x0000, 0x0000, 0x0000, 0x0000,
    0x0000, 0x0000, 0x0000, 0xc260, 0x0000, 0x0000, 0x0000, 0x0000, 0x0000, 0xc265, 0x0000, 0x0000, 0x0000, 0x0000, 0x0000, 0x0000,
    0x0000, 0x0000, 0x0000, 0xc26c, 0xc26d, 0x0000, 0x0000, 0xc270, 0x0000, 0x0000, 0x0000, 0xc274, 0x0000, 0x0000, 0x0000, 0x0000,
    0x0000, 0x0000, 0x0000, 0xc27c, 0x0000, 0xc27d, 0x0000, 0xc27f, 0x0000, 0xc281, 0x0000, 0x0000, 0x0000, 0x0000, 0x0000, 0x0000,
    0x0000, 0x0000, 0xc288, 0xc289, 0x0000, 0x0000, 0xc28c, 0x0000, 0x0000, 0x0000, 0xc290, 0x0000, 0x0000, 0x0000, 0x0000, 0x0000,
    0x0000, 0x0000, 0xc298, 0x0000, 0x0000, 0x0000, 0xc29b, 0x0000, 0xc29d, 0x0000, 0x0000, 0x0000, 0x0000, 0x0000, 0x0000, 0x0000,
    0x0000, 0x0000, 0xc2a4, 0xc2a5, 0x0000, 0x0000, 0xc2a8, 0x0000, 0x0000, 0x0000, 0xc2ac, 0xc2ad, 0x0000, 0x0000, 0x0000, 0x0000,
    0x0000, 0xc2b3, 0xc2b4, 0x0000, 0xc2b5, 0x0000, 0xc2b7, 0x0000, 0xc2b9, 0x0000, 0x0000, 0x0000, 0x0000, 0x0000, 0x0000, 0x0000,
    0x0000, 0x0000, 0xc2c0, 0x0000, 0x0000, 0x0000, 0x0000, 0x0000, 0x0000, 0x0000, 0x0000, 0x0000, 0x0000, 0x0000, 0x0000, 0x0000,
    0x0000, 0x0000, 0x0000, 0x0000, 0x0000, 0x0000, 0x0000, 0x0000, 0x0000, 0x0000, 0x0000, 0x0000, 0x0000, 0x0000, 0x0000, 0x0000,
    0x0000, 0x0000, 0xc2dc, 0xc2dd, 0x0000, 0x0000, 0xc2e0, 0x0000, 0x0000, 0xc2e3, 0xc2e4, 0x0000, 0xc2e6, 0x0000, 0x0000, 0x0000,
    0x0000, 0xc2eb, 0xc2ec, 0x0000, 0xc2ed, 0x0000, 0xc2ef, 0x0000, 0xc2f1, 0x0000, 0x0000, 0x0000, 0x0000, 0xc2f6, 0x0000, 0x0000,
    0x0000, 0x0000, 0x0000, 0x0000, 0x0000, 0x0000, 0x0000, 0x0000, 0x0000, 0x0000, 0x0000, 0x0000, 0x0000, 0x0000, 0x0000, 0x0000,
    0x0000, 0x0000, 0x0000, 0x0000, 0x0000, 0x0000, 0x0000, 0x0000, 0x0000, 0x0000, 0x0000, 0x0000, 0x0000, 0x0000, 0x0000, 0x0000,
    0x0000, 0x0000, 0x0000, 0x0000, 0x0000, 0x0000, 0x0000, 0x0000, 0x0000, 0x0000, 0x0000, 0x0000, 0x0000, 0x0000, 0x0000, 0x0000,
    0x0000, 0x0000, 0x0000, 0x0000, 0x0000, 0x0000, 0x0000, 0x0000, 0x0000, 0x0000, 0x0000, 0x0000, 0x0000, 0x0000, 0x0000, 0x0000,
    0x0000, 0x3146, 0x0000, 0x0000, 0x0000, 0x0000, 0x0000, 0x0000, 0x0000, 0x0000, 0x0000, 0x0000, 0x0000, 0x0000, 0x0000, 0x0000,
    0x0000, 0x0000, 0x0000, 0x0000, 0x0000, 0x0000, 0x0000, 0x0000, 0x0000, 0x0000, 0x0000, 0x0000, 0x0000, 0x0000, 0x0000, 0x0000,
    0x0000, 0xc2f8, 0xc2f9, 0x0000, 0xc2fb, 0xc2fc, 0x0000, 0x0000, 0x0000, 0xc300, 0x0000, 0xc302, 0x0000, 0x0000, 0x0000, 0x0000,
    0x0000, 0xc308, 0x0000, 0xc309, 0x0000, 0xc30b, 0xc30c, 0xc30d, 0x0000, 0x0000, 0x0000, 0x0000, 0x0000, 0xc313, 0x0000, 0x0000,
    0x0000, 0xc314, 0xc315, 0x0000, 0x0000, 0xc318, 0x0000, 0x0000, 0x0000, 0xc31c, 0x0000, 0x0000, 0x0000, 0x0000, 0x0000, 0x0000,
    0x0000, 0xc324, 0x0000, 0xc325, 0x0000, 0xc327, 0xc328, 0xc329, 0x0000, 0x0000, 0x0000, 0x0000, 0x0000, 0x0000, 0x0000, 0x0000,
    0x0000, 0xc330, 0x0000, 0x0000, 0x0000, 0x0000, 0x0000, 0x0000, 0x0000, 0x0000, 0x0000, 0x0000, 0x0000, 0x0000, 0x0000, 0x0000,
    0x0000, 0x0000, 0x0000, 0x0000, 0x0000, 0xc343, 0x0000, 0xc345, 0x0000, 0x0000, 0x0000, 0x0000, 0x0000, 0x0000, 0x0000, 0x0000,
    0x0000, 0xc34c, 0x0000, 0x0000, 0x0000, 0x0000, 0x0000, 0x0000, 0x0000, 0x0000, 0x0000, 0x0000, 0x0000, 0x0000, 0x0000, 0x0000,
    0x0000, 0x0000, 0x0000, 0x0000, 0x0000, 0x0000, 0x0000, 0x0000, 0x0000, 0x0000, 0x0000, 0x0000, 0x0000, 0x0000, 0x0000, 0x0000,
    0x0000, 0xc368, 0xc369, 0x0000, 0x0000, 0xc36c, 0x0000, 0x0000, 0x0000, 0xc370, 0x0000, 0xc372, 0x0000, 0x0000, 0x0000, 0x0000,
    0x0000, 0xc378, 0x0000, 0xc379, 0x0000, 0xc37b, 0xc37c, 0xc37d, 0x0000, 0x0000, 0x0000, 0x0000, 0x0000, 0x0000, 0x0000, 0x0000,
    0xc384, 0xc385, 0x0000, 0x0000, 0xc388, 0x0000, 0x0000, 0x0000, 0xc38c, 0x0000, 0x0000, 0x0000, 0x0000, 0x0000, 0x0000, 0x0000,
    0x0000, 0x0000, 0x0000, 0x0000, 0x0000, 0x0000, 0xc399, 0x0000, 0x0000, 0x0000, 0x0000, 0x0000, 0x0000, 0x0000, 0x0000, 0x0000,
    0xc3a0, 0x0000, 0x0000, 0x0000, 0x0000, 0x0000, 0x0000, 0x0000, 0x0000, 0x0000, 0x0000, 0x0000, 0x0000, 0x0000, 0x0000, 0x0000,
    0x0000, 0x0000, 0x0000, 0x0000, 0x0000, 0x0000, 0x0000, 0x0000, 0x0000, 0x0000, 0x0000, 0x0000, 0x0000, 0x0000, 0x0000, 0x0000,
    0xc3bc, 0x0000, 0x0000, 0x0000, 0xc3c0, 0x0000, 0x0000, 0x0000, 0x0000, 0x0000, 0x0000, 0x0000, 0x0000, 0x0000, 0x0000, 0x0000,
    0x0000, 0x0000, 0x0000, 0x0000, 0x0000, 0x0000, 0x0000, 0x0000, 0x0000, 0x0000, 0x0000, 0x0000, 0x0000, 0x0000, 0x0000, 0x0000,
    0xc3d8, 0xc3d9, 0x0000, 0x0000, 0xc3dc, 0x0000, 0x0000, 0xc3df, 0xc3e0, 0x0000, 0xc3e2, 0x0000, 0x0000, 0x0000, 0x0000, 0x0000,
    0xc3e8, 0x0000, 0xc3e9, 0x0000, 0x0000, 0x0000, 0xc3ed, 0x0000, 0x0000, 0x0000, 0x0000, 0x0000, 0x0000, 0x0000, 0x0000, 0x0000,
    0xc3f4, 0xc3f5, 0x0000, 0x0000, 0xc3f8, 0x0000, 0x0000, 0x0000, 0xc3fc, 0x0000, 0x0000, 0x0000, 0x0000, 0x0000, 0x0000, 0x0000,
    0x0000, 0x0000, 0x0000, 0x0000, 0x0000, 0xc408, 0x0000, 0x0000, 0x0000, 0x0000, 0x0000, 0x0000, 0x0000, 0x0000, 0x0000, 0x0000,
    0xc410, 0x0000, 0x0000, 0x0000, 0x0000, 0x0000, 0x0000, 0x0000, 0x0000, 0x0000, 0x0000, 0x0000, 0x0000, 0x0000, 0x0000, 0x0000,
    0x0000, 0x0000, 0x0000, 0x0000, 0x0000, 0xc424, 0x0000, 0x0000, 0x0000, 0x0000, 0x0000, 0x0000, 0x0000, 0x0000, 0x0000, 0xc42c,
    0x0000, 0x0000, 0x0000, 0xc430, 0x0000, 0x0000, 0x0000, 0xc434, 0x0000, 0x0000, 0x0000, 0x0000, 0x0000, 0x0000, 0x0000, 0xc43c,
    0x0000, 0xc43d, 0x0000, 0xc43f, 0x0000, 0x0000, 0x0000, 0x0000, 0x0000, 0x0000, 0x0000, 0x0000, 0x0000, 0x0000, 0x0000, 0xc448,
    0x0000, 0x0000, 0x0000, 0x0000, 0x0000, 0x0000, 0x0000, 0x0000, 0x0000, 0x0000, 0x0000, 0x0000, 0x0000, 0x0000, 0x0000, 0x0000,
    0x0000, 0x0000, 0x0000, 0x0000, 0x0000, 0x0000, 0x0000, 0x0000, 0x0000, 0x0000, 0x0000, 0x0000, 0x0000, 0x0000, 0x0000, 0xc464,
    0xc465, 0x0000, 0x0000, 0xc468, 0x0000, 0x0000, 0x0000, 0xc46c, 0x0000, 0x0000, 0x0000, 0x0000, 0x0000, 0x0000, 0x0000, 0xc474,
    0x0000, 0xc475, 0x0000, 0xc477, 0x0000, 0xc479, 0x0000, 0x0000, 0x0000, 0x0000, 0x0000, 0x0000, 0x0000, 0x0000, 0x0000, 0xc480,
    0x0000, 0x0000, 0x0000, 0x0000, 0x0000, 0x0000, 0x0000, 0x0000, 0x0000, 0x0000, 0x0000, 0x0000, 0x0000, 0x0000, 0x0000, 0x0000,
    0x0000, 0x0000, 0x0000, 0xc493, 0xc494, 0x0000, 0x0000, 0x0000, 0x0000, 0x0000, 0x0000, 0x0000, 0x0000, 0x0000, 0x0000, 0xc49c,
    0x0000, 0x0000, 0x0000, 0x0000, 0x0000, 0x0000, 0x0000, 0x0000, 0x0000, 0x0000, 0x0000, 0x0000, 0x0000, 0x0000, 0x0000, 0x0000,
    0x0000, 0x0000, 0x0000, 0x0000, 0x0000, 0x0000, 0x0000, 0x0000, 0x0000, 0x0000, 0x0000, 0x0000, 0x0000, 0x0000, 0x0000, 0xc4b8,
    0x0000, 0x0000, 0x0000, 0xc4bc, 0x0000, 0x0000, 0x0000, 0x0000, 0x0000, 0x0000, 0x0000, 0x0000, 0x0000, 0x0000, 0x0000, 0x0000,
    0x0000, 0x0000, 0x0000, 0x0000, 0x0000, 0x0000, 0x0000, 0x0000, 0x0000, 0x0000, 0x0000, 0xc4d3, 0x0000, 0x0000, 0xc4d4, 0x0000,
    0x0000, 0x0000, 0x0000, 0x0000, 0x0000, 0x0000, 0x0000, 0x0000, 0x0000, 0x0000, 0x0000, 0x0000, 0x0000, 0x0000, 0x0000, 0x0000,
    0x0000, 0x0000, 0x0000, 0x0000, 0xc4e9, 0x0000, 0x0000, 0x0000, 0x0000, 0x0000, 0x0000, 0x0000, 0x0000, 0x0000, 0xc4f0, 0xc4f1,
    0x0000, 0x0000, 0xc4f4, 0x0000, 0x0000, 0x0000, 0xc4f8, 0x0000, 0xc4fa, 0x0000, 0x0000, 0x0000, 0x0000, 0xc4ff, 0xc500, 0x0000,
    0xc501, 0x0000, 0x0000, 0x0000, 0x0000, 0x0000, 0x0000, 0x0000, 0x0000, 0x0000, 0x0000, 0x0000, 0x0000, 0x0000, 0xc50c, 0x0000,
    0x0000, 0x0000, 0xc510, 0x0000, 0x0000, 0x0000, 0xc514, 0x0000, 0x0000, 0x0000, 0x0000, 0x0000, 0x0000, 0x0000, 0xc51c, 0x0000,
    0x0000, 0x0000, 0x0000, 0x0000, 0x0000, 0x0000, 0x0000, 0x0000, 0x0000, 0x0000, 0x0000, 0x0000, 0x0000, 0x0000, 0xc528, 0xc529,
    0x0000, 0x0000, 0xc52c, 0x0000, 0x0000, 0x0000, 0xc530, 0x0000, 0x0000, 0x0000, 0x0000, 0x0000, 0x0000, 0x0000, 0xc538, 0x0000,
    0xc539, 0x0000, 0xc53b, 0xc53c, 0xc53d, 0x0000, 0xc53f, 0x0000, 0x0000, 0x0000, 0x0000, 0x0000, 0x0000, 0x0000, 0x0000, 0x0000,
    0x0000, 0x0000, 0x0000, 0x0000, 0x0000, 0x0000, 0x0000, 0x0000, 0x0000, 0x0000, 0x0000, 0x0000, 0x0000, 0x0000, 0x0000, 0x0000,
    0x0000, 0x0000, 0x0000, 0x0000, 0x0000, 0x0000, 0x0000, 0x0000, 0x0000, 0x0000, 0x0000, 0x0000, 0x0000, 0x0000, 0x0000, 0x0000,
    0x0000, 0x0000, 0x0000, 0x0000, 0x0000, 0x0000, 0x0000, 0x0000, 0x0000, 0x0000, 0x0000, 0x0000, 0x0000, 0x0000, 0x0000, 0x0000,
    0x0000, 0x0000, 0x0000, 0x0000, 0x0000, 0x0000, 0x0000, 0x0000, 0x0000, 0x0000, 0x0000, 0x0000, 0x0000, 0x3147, 0x0000, 0x0000,
    0x0000, 0x0000, 0x0000, 0x0000, 0x0000, 0x0000, 0x0000, 0x0000, 0x0000, 0x0000, 0x0000, 0x0000, 0x0000, 0x0000, 0x0000, 0x0000,
    0x0000, 0x0000, 0x0000, 0x0000, 0x0000, 0x0000, 0x0000, 0x0000, 0x0000, 0x0000, 0x0000, 0x0000, 0x0000, 0xc544, 0xc545, 0x0000,
    0x0000, 0xc548, 0xc549, 0xc54a, 0x0000, 0xc54c, 0xc54d, 0xc54e, 0xc54f, 0x0000, 0x0000, 0x0000, 0xc553, 0xc554, 0x0000, 0xc555,
    0x0000, 0xc557, 0xc558, 0xc559, 0x0000, 0x0000, 0x0000, 0xc55d, 0xc55e, 0xc55f, 0x0000, 0x0000, 0x0000, 0xc560, 0xc561, 0x0000,
    0x0000, 0xc564, 0x0000, 0x0000, 0x0000, 0xc568, 0x0000, 0x0000, 0x0000, 0x0000, 0x0000, 0x0000, 0x0000, 0xc570, 0x0000, 0xc571,
    0x0000, 0xc573, 0xc574, 0xc575, 0x0000, 0x0000, 0x0000, 0x0000, 0x0000, 0x0000, 0x0000, 0x0000, 0x0000, 0xc57c, 0xc57d, 0x0000,
    0x0000, 0xc580, 0x0000, 0x0000, 0x0000, 0xc584, 0x0000, 0x0000, 0xc587, 0x0000, 0x0000, 0x0000, 0x0000, 0xc58c, 0x0000, 0xc58d,
    0x0000, 0xc58f, 0xc590, 0xc591, 0x0000, 0x0000, 0x0000, 0xc595, 0x0000, 0xc597, 0x0000, 0x0000, 0x0000, 0xc598, 0x0000, 0x0000,
    0x0000, 0xc59c, 0x0000, 0x0000, 0x0000, 0xc5a0, 0x0000, 0x0000, 0x0000, 0x0000, 0x0000, 0x0000, 0x0000, 0x0000, 0x0000, 0xc5a9,
    0x0000, 0xc5ab, 0x0000, 0x0000, 0x0000, 0x0000, 0x0000, 0x0000, 0x0000, 0x0000, 0x0000, 0x0000, 0x0000, 0xc5b4, 0xc5b5, 0xc5b6,
    0x0000, 0xc5b8, 0xc5b9, 0x0000, 0xc5bb, 0xc5bc, 0xc5bd, 0xc5be, 0x0000, 0x0000, 0x0000, 0x0000, 0x0000, 0xc5c4, 0x0000, 0xc5c5,
    0xc5c6, 0xc5c7, 0xc5c8, 0xc5c9, 0xc5ca, 0x0000, 0xc5cc, 0x0000, 0xc5ce, 0x0000, 0x0000, 0x0000, 0xc5d0, 0xc5d1, 0x0000, 0x0000,
    0xc5d4, 0x0000, 0x0000, 0x0000, 0xc5d8, 0x0000, 0x0000, 0x0000, 0x0000, 0x0000, 0x0000, 0x0000, 0xc5e0, 0x0000, 0xc5e1, 0x0000,
    0xc5e3, 0x0000, 0xc5e5, 0x0000, 0x0000, 0x0000, 0x0000, 0x0000, 0x0000, 0x0000, 0x0000, 0x0000, 0xc5ec, 0xc5ed, 0xc5ee, 0x0000,
    0xc5f0, 0xc5f1, 0x0000, 0xc5f3, 0xc5f4, 0x0000, 0xc5f6, 0xc5f7, 0x0000, 0x0000, 0x0000, 0x0000, 0xc5fc, 0x0000, 0xc5fd, 0xc5fe,
    0xc5ff, 0xc600, 0xc601, 0x0000, 0x0000, 0x0000, 0xc605, 0xc606, 0xc607, 0x0000, 0x0000, 0x0000, 0xc608, 0x0000, 0x0000, 0x0000,
    0xc60c, 0x0000, 0x0000, 0x0000, 0xc610, 0x0000, 0x0000, 0x0000, 0x0000, 0x0000, 0x0000, 0x0000, 0xc618, 0x0000, 0xc619, 0x0000,
    0xc61b, 0xc61c, 0xc61d, 0x0000, 0x0000, 0x0000, 0x0000, 0x0000, 0x0000, 0x0000, 0x0000, 0x0000, 0xc624, 0xc625, 0x0000, 0x0000,
    0xc628, 0x0000, 0x0000, 0xc62b, 0xc62c, 0xc62d, 0xc62e, 0x0000, 0xc630, 0x0000, 0x0000, 0xc633, 0xc634, 0x0000, 0xc635, 0x0000,
    0xc637, 0x0000, 0xc639, 0xc63a, 0xc63b, 0x0000, 0x0000, 0x0000, 0x0000, 0x0000, 0x0000, 0x0000, 0xc640, 0xc641, 0x0000, 0x0000,
    0xc644, 0x0000, 0x0000, 0x0000, 0xc648, 0x0000, 0x0000, 0x0000, 0x0000, 0x0000, 0x0000, 0x0000, 0xc650, 0x0000, 0xc651, 0x0000,
    0xc653, 0xc654, 0xc655, 0x0000, 0x0000, 0x0000, 0x0000, 0x0000, 0x0000, 0x0000, 0x0000, 0x0000, 0xc65c, 0xc65d, 0x0000, 0x0000,
    0xc660, 0x0000, 0x0000, 0x0000, 0x0000, 0x0000, 0x0000, 0x0000, 0x0000, 0x0000, 0x0000, 0x0000, 0xc66c, 0x0000, 0x0000, 0x0000,
    0xc66f, 0x0000, 0xc671, 0x0000, 0x0000, 0x0000, 0x0000, 0x0000, 0x0000, 0x0000, 0x0000, 0xc678, 0xc679, 0x0000, 0x0000, 0xc67c,
    0x0000, 0x0000, 0x0000, 0xc680, 0x0000, 0x0000, 0x0000, 0x0000, 0x0000, 0x0000, 0x0000, 0xc688, 0x0000, 0xc689, 0x0000, 0xc68b,
    0x0000, 0xc68d, 0x0000, 0x0000, 0x0000, 0x0000, 0x0000, 0x0000, 0x0000, 0x0000, 0x0000, 0xc694, 0xc695, 0x0000, 0x0000, 0xc698,
    0x0000, 0x0000, 0x0000, 0xc69c, 0x0000, 0x0000, 0x0000, 0x0000, 0x0000, 0x0000, 0x0000, 0xc6a4, 0x0000, 0xc6a5, 0x0000, 0xc6a7,
    0x0000, 0xc6a9, 0x0000, 0x0000, 0x0000, 0x0000, 0x0000, 0x0000, 0x0000, 0x0000, 0x0000, 0xc6b0, 0xc6b1, 0x0000, 0x0000, 0xc6b4,
    0x0000, 0x0000, 0xc6b7, 0xc6b8, 0xc6b9, 0xc6ba, 0x0000, 0x0000, 0x0000, 0x0000, 0x0000, 0xc6c0, 0x0000, 0xc6c1, 0x0000, 0xc6c3,
    0x0000, 0xc6c5, 0x0000, 0x0000, 0x0000, 0x0000, 0x0000, 0x0000, 0x0000, 0x0000, 0x0000, 0xc6cc, 0xc6cd, 0x0000, 0x0000, 0xc6d0,
    0x0000, 0x0000, 0x0000, 0xc6d4, 0x0000, 0x0000, 0x0000, 0x0000, 0x0000, 0x0000, 0x0000, 0xc6dc, 0x0000, 0xc6dd, 0x0000, 0xc6df,
    0xc6e0, 0xc6e1, 0x0000, 0x0000, 0x0000, 0x0000, 0x0000, 0x0000, 0x0000, 0x0000, 0x0000, 0xc6e8, 0xc6e9, 0x0000, 0x0000, 0xc6ec,
    0x0000, 0x0000, 0x0000, 0xc6f0, 0x0000, 0x0000, 0x0000, 0x0000, 0x0000, 0x0000, 0x0000, 0xc6f8, 0x0000, 0xc6f9, 0x0000, 0x0000,
    0x0000, 0xc6fd, 0x0000, 0x0000, 0x0000, 0x0000, 0x0000, 0x0000, 0x0000, 0x0000, 0x0000, 0xc704, 0xc705, 0x0000, 0x0000, 0xc708,
    0x0000, 0x0000, 0xc70b, 0xc70c, 0x0000, 0x0000, 0x0000, 0x0000, 0x0000, 0x0000, 0x0000, 0xc714, 0x0000, 0xc715, 0x0000, 0xc717,
    0x0000, 0xc719, 0x0000, 0x0000, 0x0000, 0x0000, 0x0000, 0x0000, 0x0000, 0x0000, 0xc720, 0xc721, 0x0000, 0x0000, 0xc724, 0x0000,
    0x0000, 0x0000, 0xc728, 0x0000, 0x0000, 0x0000, 0x0000, 0x0000, 0x0000, 0x0000, 0xc730, 0x0000, 0xc731, 0x0000, 0xc733, 0x0000,
    0xc735, 0xc736, 0xc737, 0x0000, 0x0000, 0x0000, 0x0000, 0x0000, 0x0000, 0x0000, 0xc73c, 0xc73d, 0x0000, 0x0000, 0xc740, 0x0000,
    0x0000, 0x0000, 0xc744, 0x0000, 0x0000, 0x0000, 0x0000, 0x0000, 0xc74a, 0x0000, 0xc74c, 0x0000, 0xc74d, 0x0000, 0xc74f, 0x0000,
    0xc751, 0xc752, 0xc753, 0xc754, 0xc755, 0xc756, 0xc757, 0x0000, 0x0000, 0x0000, 0xc758, 0x0000, 0x0000, 0x0000, 0xc75c, 0x0000,
    0x0000, 0x0000, 0xc760, 0x0000, 0x0000, 0x0000, 0x0000, 0x0000, 0x0000, 0x0000, 0xc768, 0x0000, 0x0000, 0x0000, 0xc76b, 0x0000,
    0x0000, 0x0000, 0x0000, 0x0000, 0x0000, 0x0000, 0x0000, 0x0000, 0x0000, 0x0000, 0xc774, 0xc775, 0x0000, 0x0000, 0xc778, 0x0000,
    0x0000, 0xc77b, 0xc77c, 0xc77d, 0xc77e, 0x0000, 0x0000, 0x0000, 0x0000, 0xc783, 0xc784, 0x0000, 0xc785, 0x0000, 0xc787, 0xc788,
    0xc789, 0xc78a, 0x0000, 0x0000, 0x0000, 0xc78e, 0x0000, 0x0000, 0x0000, 0x0000, 0x0000, 0x0000, 0x0000, 0x0000, 0x0000, 0x0000,
    0x0000, 0x0000, 0x0000, 0x0000, 0x0000, 0x0000, 0x0000, 0x0000, 0x0000, 0x0000, 0x0000, 0x0000, 0x0000, 0x0000, 0x0000, 0x0000,
    0x0000, 0x0000, 0x0000, 0x0000, 0x0000, 0x0000, 0x0000, 0x0000, 0x0000, 0x0000, 0x0000, 0x0000, 0x0000, 0x0000, 0x0000, 0x0000,
    0x0000, 0x0000, 0x0000, 0x0000, 0x0000, 0x0000, 0x0000, 0x0000, 0x0000, 0x0000, 0x0000, 0x0000, 0x0000, 0x0000, 0x0000, 0x0000,
    0x0000, 0x0000, 0x0000, 0x0000, 0x0000, 0x0000, 0x0000, 0x0000, 0x0000, 0x3148, 0x0000, 0x0000, 0x0000, 0x0000, 0x0000, 0x0000,
    0x0000, 0x0000, 0x0000, 0x0000, 0x0000, 0x0000, 0x0000, 0x0000, 0x0000, 0x0000, 0x0000, 0x0000, 0x0000, 0x0000, 0x0000, 0x0000,
    0x0000, 0x0000, 0x0000, 0x0000, 0x0000, 0x0000, 0x0000, 0x0000, 0x0000, 0xc790, 0xc791, 0x0000, 0x0000, 0xc794, 0x0000, 0xc796,
    0xc797, 0xc798, 0x0000, 0xc79a, 0x0000, 0x0000, 0x0000, 0x0000, 0x0000, 0xc7a0, 0x0000, 0xc7a1, 0x0000, 0xc7a3, 0xc7a4, 0xc7a5,
    0xc7a6, 0xc7a7, 0x0000, 0x0000, 0xc7aa, 0x0000, 0x0000, 0x0000, 0x0000, 0xc7ac, 0xc7ad, 0x0000, 0x0000, 0xc7b0, 0x0000, 0x0000,
    0x0000, 0xc7b4, 0x0000, 0x0000, 0x0000, 0x0000, 0x0000, 0x0000, 0x0000, 0xc7bc, 0x0000, 0xc7bd, 0x0000, 0xc7bf, 0xc7c0, 0xc7c1,
    0x0000, 0x0000, 0x0000, 0x0000, 0x0000, 0x0000, 0x0000, 0x0000, 0x0000, 0xc7c8, 0xc7c9, 0x0000, 0x0000, 0xc7cc, 0x0000, 0xc7ce,
    0x0000, 0xc7d0, 0x0000, 0x0000, 0x0000, 0x0000, 0x0000, 0x0000, 0x0000, 0xc7d8, 0x0000, 0x0000, 0x0000, 0x0000, 0x0000, 0xc7dd,
    0x0000, 0x0000, 0x0000, 0x0000, 0x0000, 0x0000, 0x0000, 0x0000, 0x0000, 0xc7e4, 0x0000, 0x0000, 0x0000, 0xc7e8, 0x0000, 0x0000,
    0x0000, 0xc7ec, 0x0000, 0x0000, 0x0000, 0x0000, 0x0000, 0x0000, 0x0000, 0x0000, 0x0000, 0x0000, 0x0000, 0x0000, 0x0000, 0x0000,
    0x0000, 0x0000, 0x0000, 0x0000, 0x0000, 0x0000, 0x0000, 0x0000, 0x0000, 0xc800, 0xc801, 0x0000, 0x0000, 0xc804, 0x0000, 0x0000,
    0xc807, 0xc808, 0x0000, 0xc80a, 0x0000, 0x0000, 0x0000, 0x0000, 0x0000, 0xc810, 0x0000, 0xc811, 0x0000, 0xc813, 0xc814, 0xc815,
    0xc816, 0x0000, 0x0000, 0x0000, 0x0000, 0xc81b, 0x0000, 0x0000, 0xc81c, 0xc81d, 0x0000, 0x0000, 0xc820, 0x0000, 0x0000, 0x0000,
    0xc824, 0x0000, 0x0000, 0x0000, 0x0000, 0x0000, 0x0000, 0x0000, 0xc82c, 0x0000, 0xc82d, 0x0000, 0xc82f, 0x0000, 0xc831, 0x0000,
    0x0000, 0x0000, 0x0000, 0x0000, 0x0000, 0x0000, 0x0000, 0x0000, 0xc838, 0xc839, 0x0000, 0x0000, 0xc83c, 0x0000, 0x0000, 0x0000,
    0xc840, 0x0000, 0x0000, 0x0000, 0x0000, 0x0000, 0x0000, 0x0000, 0xc848, 0x0000, 0xc849, 0x0000, 0xc84b, 0xc84c, 0xc84d, 0x0000,
    0x0000, 0x0000, 0x0000, 0x0000, 0x0000, 0x0000, 0x0000, 0x0000, 0xc854, 0x0000, 0x0000, 0x0000, 0x0000, 0x0000, 0x0000, 0x0000,
    0x0000, 0x0000, 0x0000, 0x0000, 0x0000, 0x0000, 0x0000, 0x0000, 0x0000, 0x0000, 0x0000, 0x0000, 0x0000, 0x0000, 0x0000, 0x0000,
    0x0000, 0x0000, 0x0000, 0x0000, 0x0000, 0x0000, 0x0000, 0x0000, 0xc870, 0xc871, 0x0000, 0x0000, 0xc874, 0x0000, 0x0000, 0x0000,
    0xc878, 0x0000, 0xc87a, 0x0000, 0x0000, 0x0000, 0x0000, 0x0000, 0xc880, 0x0000, 0xc881, 0x0000, 0xc883, 0x0000, 0xc885, 0xc886,
    0xc887, 0x0000, 0x0000, 0x0000, 0xc88b, 0x0000, 0x0000, 0x0000, 0xc88c, 0xc88d, 0x0000, 0x0000, 0xc890, 0x0000, 0x0000, 0x0000,
    0xc894, 0x0000, 0x0000, 0x0000, 0x0000, 0x0000, 0x0000, 0x0000, 0xc89c, 0x0000, 0xc89d, 0x0000, 0xc89f, 0xc8a0, 0xc8a1, 0x0000,
    0x0000, 0x0000, 0x0000, 0x0000, 0x0000, 0x0000, 0x0000, 0x0000, 0xc8a8, 0x0000, 0x0000, 0x0000, 0xc8ac, 0x0000, 0x0000, 0x0000,
    0xc8b0, 0x0000, 0x0000, 0x0000, 0x0000, 0x0000, 0x0000, 0x0000, 0xc8b8, 0x0000, 0x0000, 0x0000, 0x0000, 0xc8bc, 0xc8bd, 0x0000,
    0x0000, 0x0000, 0x0000, 0x0000, 0x0000, 0x0000, 0x0000, 0xc8c4, 0x0000, 0x0000, 0x0000, 0xc8c8, 0x0000, 0x0000, 0x0000, 0xc8cc,
    0x0000, 0x0000, 0x0000, 0x0000, 0x0000, 0x0000, 0x0000, 0xc8d4, 0x0000, 0xc8d5, 0x0000, 0xc8d7, 0x0000, 0xc8d9, 0x0000, 0x0000,
    0x0000, 0x0000, 0x0000, 0x0000, 0x0000, 0x0000, 0x0000, 0xc8e0, 0xc8e1, 0x0000, 0x0000, 0xc8e4, 0x0000, 0x0000, 0x0000, 0xc8e8,
    0x0000, 0x0000, 0x0000, 0x0000, 0x0000, 0x0000, 0x0000, 0xc8f0, 0x0000, 0xc8f1, 0x0000, 0x0000, 0x0000, 0xc8f5, 0x0000, 0x0000,
    0x0000, 0x0000, 0x0000, 0x0000, 0x0000, 0x0000, 0x0000, 0xc8fc, 0xc8fd, 0x0000, 0x0000, 0xc900, 0x0000, 0x0000, 0x0000, 0xc904,
    0xc905, 0xc906, 0x0000, 0x0000, 0x0000, 0x0000, 0x0000, 0xc90c, 0x0000, 0xc90d, 0x0000, 0xc90f, 0x0000, 0xc911, 0x0000, 0x0000,
    0x0000, 0x0000, 0x0000, 0x0000, 0x0000, 0x0000, 0x0000, 0xc918, 0x0000, 0x0000, 0x0000, 0x0000, 0x0000, 0x0000, 0x0000, 0x0000,
    0x0000, 0x0000, 0x0000, 0x0000, 0x0000, 0x0000, 0x0000, 0x0000, 0x0000, 0x0000, 0x0000, 0xc92b, 0xc92c, 0x0000, 0x0000, 0x0000,
    0x0000, 0x0000, 0x0000, 0x0000, 0x0000, 0x0000, 0x0000, 0xc934, 0x0000, 0x0000, 0x0000, 0x0000, 0x0000, 0x0000, 0x0000, 0x0000,
    0x0000, 0x0000, 0x0000, 0x0000, 0x0000, 0x0000, 0x0000, 0x0000, 0x0000, 0x0000, 0x0000, 0x0000, 0x0000, 0x0000, 0x0000, 0x0000,
    0x0000, 0x0000, 0x0000, 0x0000, 0x0000, 0x0000, 0x0000, 0xc950, 0xc951, 0x0000, 0x0000, 0xc954, 0x0000, 0x0000, 0x0000, 0xc958,
    0x0000, 0x0000, 0x0000, 0x0000, 0x0000, 0x0000, 0x0000, 0xc960, 0x0000, 0xc961, 0x0000, 0xc963, 0x0000, 0x0000, 0x0000, 0x0000,
    0x0000, 0x0000, 0x0000, 0x0000, 0x0000, 0x0000, 0xc96c, 0xc96d, 0x0000, 0x0000, 0xc970, 0x0000, 0x0000, 0x0000, 0xc974, 0x0000,
    0x0000, 0x0000, 0x0000, 0x0000, 0x0000, 0x0000, 0xc97c, 0x0000, 0x0000, 0x0000, 0x0000, 0x0000, 0x0000, 0x0000, 0x0000, 0x0000,
    0x0000, 0x0000, 0x0000, 0x0000, 0x0000, 0x0000, 0xc988, 0xc989, 0x0000, 0x0000, 0xc98c, 0x0000, 0x0000, 0x0000, 0xc990, 0x0000,
    0x0000, 0x0000, 0x0000, 0x0000, 0x0000, 0x0000, 0xc998, 0x0000, 0xc999, 0x0000, 0xc99b, 0x0000, 0xc99d, 0x0000, 0x0000, 0x0000,
    0x0000, 0x0000, 0x0000, 0x0000, 0x0000, 0x0000, 0xc9a4, 0x0000, 0x0000, 0x0000, 0x0000, 0x0000, 0x0000, 0x0000, 0x0000, 0x0000,
    0x0000, 0x0000, 0x0000, 0x0000, 0x0000, 0x0000, 0x0000, 0x0000, 0x0000, 0x0000, 0x0000, 0x0000, 0x0000, 0x0000, 0x0000, 0x0000,
    0x0000, 0x0000, 0x0000, 0x0000, 0x0000, 0x0000, 0xc9c0, 0xc9c1, 0x0000, 0x0000, 0xc9c4, 0x0000, 0x0000, 0xc9c7, 0xc9c8, 0x0000,
    0xc9ca, 0x0000, 0x0000, 0x0000, 0x0000, 0x0000, 0xc9d0, 0x0000, 0xc9d1, 0x0000, 0xc9d3, 0xc9d4, 0xc9d5, 0xc9d6, 0x0000, 0x0000,
    0xc9d9, 0xc9da, 0x0000, 0x0000, 0x0000, 0x0000, 0x0000, 0x0000, 0x0000, 0x0000, 0x0000, 0x0000, 0x0000, 0x0000, 0x0000, 0x0000,
    0x0000, 0x0000, 0x0000, 0x0000, 0x0000, 0x0000, 0x0000, 0x0000, 0x0000, 0x0000, 0x0000, 0x0000, 0x0000, 0x0000, 0x0000, 0x0000,
    0x0000, 0x0000, 0x0000, 0x0000, 0x0000, 0x0000, 0x0000, 0x0000, 0x0000, 0x0000, 0x0000, 0x0000, 0x0000, 0x0000, 0x0000, 0x0000,
    0x0000, 0x0000, 0x0000, 0x0000, 0x0000, 0x0000, 0x0000, 0x0000, 0x0000, 0x0000, 0x0000, 0x0000, 0x0000, 0x0000, 0x0000, 0x0000,
    0x0000, 0x0000, 0x0000, 0x0000, 0x0000, 0x3149, 0x0000, 0x0000, 0x0000, 0x0000, 0x0000, 0x0000, 0x0000, 0x0000, 0x0000, 0x0000,
    0x0000, 0x0000, 0x0000, 0x0000, 0x0000, 0x0000, 0x0000, 0x0000, 0x0000, 0x0000, 0x0000, 0x0000, 0x0000, 0x0000, 0x0000, 0x0000,
    0x0000, 0x0000, 0x0000, 0x0000, 0x0000, 0xc9dc, 0xc9dd, 0x0000, 0x0000, 0xc9e0, 0x0000, 0xc9e2, 0x0000, 0xc9e4, 0x0000, 0x0000,
    0xc9e7, 0x0000, 0x0000, 0x0000, 0x0000, 0xc9ec, 0x0000, 0xc9ed, 0x0000, 0xc9ef, 0xc9f0, 0xc9f1, 0x0000, 0x0000, 0x0000, 0x0000,
    0x0000, 0x0000, 0x0000, 0x0000, 0x0000, 0xc9f8, 0xc9f9, 0x0000, 0x0000, 0xc9fc, 0x0000, 0x0000, 0x0000, 0xca00, 0x0000, 0x0000,
    0x0000, 0x0000, 0x0000, 0x0000, 0x0000, 0xca08, 0x0000, 0xca09, 0x0000, 0xca0b, 0xca0c, 0xca0d, 0x0000, 0x0000, 0x0000, 0x0000,
    0x0000, 0x0000, 0x0000, 0x0000, 0x0000, 0xca14, 0x0000, 0x0000, 0x0000, 0xca18, 0x0000, 0x0000, 0x0000, 0x0000, 0x0000, 0x0000,
    0x0000, 0x0000, 0x0000, 0x0000, 0x0000, 0x0000, 0x0000, 0x0000, 0x0000, 0x0000, 0x0000, 0xca29, 0x0000, 0x0000, 0x0000, 0x0000,
    0x0000, 0x0000, 0x0000, 0x0000, 0x0000, 0xca30, 0x0000, 0x0000, 0x0000, 0x0000, 0x0000, 0x0000, 0x0000, 0x0000, 0x0000, 0x0000,
    0x0000, 0x0000, 0x0000, 0x0000, 0x0000, 0x0000, 0x0000, 0x0000, 0x0000, 0x0000, 0x0000, 0x0000, 0x0000, 0x0000, 0x0000, 0x0000,
    0x0000, 0x0000, 0x0000, 0x0000, 0x0000, 0xca4c, 0xca4d, 0x0000, 0x0000, 0xca50, 0x0000, 0x0000, 0x0000, 0xca54, 0x0000, 0x0000,
    0xca57, 0x0000, 0x0000, 0x0000, 0x0000, 0xca5c, 0x0000, 0xca5d, 0x0000, 0xca5f, 0xca60, 0xca61, 0x0000, 0x0000, 0x0000, 0x0000,
    0x0000, 0x0000, 0x0000, 0x0000, 0xca68, 0x0000, 0x0000, 0x0000, 0x0000, 0x0000, 0x0000, 0x0000, 0xca70, 0x0000, 0x0000, 0x0000,
    0x0000, 0x0000, 0x0000, 0x0000, 0x0000, 0x0000, 0x0000, 0x0000, 0x0000, 0x0000, 0xca7d, 0x0000, 0x0000, 0x0000, 0x0000, 0x0000,
    0x0000, 0x0000, 0x0000, 0x0000, 0xca84, 0x0000, 0x0000, 0x0000, 0x0000, 0x0000, 0x0000, 0x0000, 0x0000, 0x0000, 0x0000, 0x0000,
    0x0000, 0x0000, 0x0000, 0x0000, 0x0000, 0x0000, 0x0000, 0x0000, 0xca97, 0xca98, 0x0000, 0x0000, 0x0000, 0x0000, 0x0000, 0x0000,
    0x0000, 0x0000, 0x0000, 0x0000, 0xcaa0, 0x0000, 0x0000, 0x0000, 0x0000, 0x0000, 0x0000, 0x0000, 0x0000, 0x0000, 0x0000, 0x0000,
    0x0000, 0x0000, 0x0000, 0x0000, 0x0000, 0x0000, 0x0000, 0x0000, 0x0000, 0x0000, 0x0000, 0x0000, 0x0000, 0x0000, 0x0000, 0x0000,
    0x0000, 0x0000, 0x0000, 0x0000, 0xcabc, 0xcabd, 0x0000, 0x0000, 0xcac0, 0x0000, 0x0000, 0x0000, 0xcac4, 0x0000, 0x0000, 0x0000,
    0x0000, 0x0000, 0x0000, 0x0000, 0xcacc, 0x0000, 0xcacd, 0x0000, 0xcacf, 0x0000, 0xcad1, 0xcad2, 0xcad3, 0x0000, 0x0000, 0x0000,
    0x0000, 0x0000, 0x0000, 0x0000, 0xcad8, 0xcad9, 0x0000, 0x0000, 0x0000, 0x0000, 0x0000, 0x0000, 0xcae0, 0x0000, 0x0000, 0x0000,
    0x0000, 0x0000, 0x0000, 0x0000, 0x0000, 0x0000, 0x0000, 0x0000, 0x0000, 0xcaec, 0x0000, 0x0000, 0x0000, 0x0000, 0x0000, 0x0000,
    0x0000, 0x0000, 0x0000, 0x0000, 0xcaf4, 0x0000, 0x0000, 0x0000, 0x0000, 0x0000, 0x0000, 0x0000, 0x0000, 0x0000, 0x0000, 0x0000,
    0x0000, 0x0000, 0x0000, 0x0000, 0x0000, 0x0000, 0x0000, 0x0000, 0x0000, 0xcb08, 0x0000, 0x0000, 0x0000, 0x0000, 0x0000, 0x0000,
    0x0000, 0x0000, 0x0000, 0xcb10, 0x0000, 0x0000, 0x0000, 0xcb14, 0x0000, 0x0000, 0x0000, 0xcb18, 0x0000, 0x0000, 0x0000, 0x0000,
    0x0000, 0x0000, 0x0000, 0xcb20, 0x0000, 0xcb21, 0x0000, 0x0000, 0x0000, 0x0000, 0x0000, 0x0000, 0x0000, 0x0000, 0x0000, 0x0000,
    0x0000, 0x0000, 0x0000, 0xcb2c, 0x0000, 0x0000, 0x0000, 0x0000, 0x0000, 0x0000, 0x0000, 0x0000, 0x0000, 0x0000, 0x0000, 0x0000,
    0x0000, 0x0000, 0x0000, 0x0000, 0x0000, 0x0000, 0x0000, 0x0000, 0x0000, 0xcb41, 0x0000, 0x0000, 0x0000, 0x0000, 0x0000, 0x0000,
    0x0000, 0x0000, 0x0000, 0xcb48, 0xcb49, 0x0000, 0x0000, 0xcb4c, 0x0000, 0x0000, 0x0000, 0xcb50, 0x0000, 0x0000, 0x0000, 0x0000,
    0x0000, 0x0000, 0x0000, 0xcb58, 0x0000, 0xcb59, 0x0000, 0x0000, 0x0000, 0xcb5d, 0x0000, 0x0000, 0x0000, 0x0000, 0x0000, 0x0000,
    0x0000, 0x0000, 0x0000, 0xcb64, 0x0000, 0x0000, 0x0000, 0x0000, 0x0000, 0x0000, 0x0000, 0x0000, 0x0000, 0x0000, 0x0000, 0x0000,
    0x0000, 0x0000, 0x0000, 0x0000, 0x0000, 0x0000, 0x0000, 0x0000, 0xcb78, 0xcb79, 0x0000, 0x0000, 0x0000, 0x0000, 0x0000, 0x0000,
    0x0000, 0x0000, 0x0000, 0xcb80, 0x0000, 0x0000, 0x0000, 0x0000, 0x0000, 0x0000, 0x0000, 0x0000, 0x0000, 0x0000, 0x0000, 0x0000,
    0x0000, 0x0000, 0x0000, 0x0000, 0x0000, 0x0000, 0x0000, 0x0000, 0x0000, 0x0000, 0x0000, 0x0000, 0x0000, 0x0000, 0x0000, 0x0000,
    0x0000, 0x0000, 0x0000, 0xcb9c, 0x0000, 0x0000, 0x0000, 0x0000, 0x0000, 0x0000, 0x0000, 0x0000, 0x0000, 0x0000, 0x0000, 0x0000,
    0x0000, 0x0000, 0x0000, 0x0000, 0x0000, 0x0000, 0x0000, 0x0000, 0x0000, 0x0000, 0x0000, 0x0000, 0x0000, 0x0000, 0x0000, 0x0000,
    0x0000, 0x0000, 0xcbb8, 0x0000, 0x0000, 0x0000, 0x0000, 0x0000, 0x0000, 0x0000, 0x0000, 0x0000, 0x0000, 0x0000, 0x0000, 0x0000,
    0x0000, 0x0000, 0x0000, 0x0000, 0x0000, 0x0000, 0x0000, 0x0000, 0x0000, 0x0000, 0x0000, 0x0000, 0x0000, 0x0000, 0x0000, 0x0000,
    0x0000, 0x0000, 0xcbd4, 0x0000, 0x0000, 0x0000, 0x0000, 0x0000, 0x0000, 0x0000, 0x0000, 0x0000, 0x0000, 0x0000, 0x0000, 0x0000,
    0x0000, 0x0000, 0xcbe4, 0x0000, 0xcbe5, 0x0000, 0xcbe7, 0x0000, 0xcbe9, 0x0000, 0x0000, 0x0000, 0x0000, 0x0000, 0x0000, 0x0000,
    0x0000, 0x0000, 0xcbf0, 0x0000, 0x0000, 0x0000, 0x0000, 0x0000, 0x0000, 0x0000, 0x0000, 0x0000, 0x0000, 0x0000, 0x0000, 0x0000,
    0x0000, 0x0000, 0x0000, 0x0000, 0x0000, 0x0000, 0x0000, 0x0000, 0x0000, 0x0000, 0x0000, 0x0000, 0x0000, 0x0000, 0x0000, 0x0000,
    0x0000, 0x0000, 0xcc0c, 0xcc0d, 0x0000, 0x0000, 0xcc10, 0x0000, 0x0000, 0x0000, 0xcc14, 0x0000, 0x0000, 0x0000, 0x0000, 0x0000,
    0x0000, 0x0000, 0xcc1c, 0x0000, 0xcc1d, 0x0000, 0xcc1f, 0x0000, 0xcc21, 0xcc22, 0x0000, 0x0000, 0x0000, 0xcc26, 0xcc27, 0x0000,
    0x0000, 0x0000, 0x0000, 0x0000, 0x0000, 0x0000, 0x0000, 0x0000, 0x0000, 0x0000, 0x0000, 0x0000, 0x0000, 0x0000, 0x0000, 0x0000,
    0x0000, 0x0000, 0x0000, 0x0000, 0x0000, 0x0000, 0x0000, 0x0000, 0x0000, 0x0000, 0x0000, 0x0000, 0x0000, 0x0000, 0x0000, 0x0000,
    0x0000, 0x0000, 0x0000, 0x0000, 0x0000, 0x0000, 0x0000, 0x0000, 0x0000, 0x0000, 0x0000, 0x0000, 0x0000, 0x0000, 0x0000, 0x0000,
    0x0000, 0x0000, 0x0000, 0x0000, 0x0000, 0x0000, 0x0000, 0x0000, 0x0000, 0x0000, 0x0000, 0x0000, 0x0000, 0x0000, 0x0000, 0x0000,
    0x0000, 0x314a, 0x0000, 0x0000, 0x0000, 0x0000, 0x0000, 0x0000, 0x0000, 0x0000, 0x0000, 0x0000, 0x0000, 0x0000, 0x0000, 0x0000,
    0x0000, 0x0000, 0x0000, 0x0000, 0x0000, 0x0000, 0x0000, 0x0000, 0x0000, 0x0000, 0x0000, 0x0000, 0x0000, 0x0000, 0x0000, 0x0000,
    0x0000, 0xcc28, 0xcc29, 0x0000, 0x0000, 0xcc2c, 0x0000, 0xcc2e, 0xcc2f, 0xcc30, 0x0000, 0x0000, 0x0000, 0x0000, 0x0000, 0x0000,
    0x0000, 0xcc38, 0x0000, 0xcc39, 0x0000, 0xcc3b, 0xcc3c, 0xcc3d, 0xcc3e, 0xcc3f, 0x0000, 0x0000, 0xcc42, 0x0000, 0x0000, 0x0000,
    0x0000, 0xcc44, 0xcc45, 0x0000, 0x0000, 0xcc48, 0x0000, 0x0000, 0x0000, 0xcc4c, 0x0000, 0x0000, 0x0000, 0x0000, 0x0000, 0x0000,
    0x0000, 0xcc54, 0x0000, 0xcc55, 0x0000, 0xcc57, 0xcc58, 0xcc59, 0x0000, 0x0000, 0x0000, 0x0000, 0x0000, 0x0000, 0x0000, 0x0000,
    0x0000, 0xcc60, 0x0000, 0x0000, 0x0000, 0xcc64, 0x0000, 0xcc66, 0x0000, 0xcc68, 0x0000, 0x0000, 0x0000, 0x0000, 0x0000, 0x0000,
    0x0000, 0xcc70, 0x0000, 0xcc71, 0x0000, 0x0000, 0x0000, 0xcc75, 0x0000, 0x0000, 0x0000, 0x0000, 0x0000, 0x0000, 0x0000, 0x0000,
    0x0000, 0xcc7c, 0x0000, 0x0000, 0x0000, 0x0000, 0x0000, 0x0000, 0x0000, 0x0000, 0x0000, 0x0000, 0x0000, 0x0000, 0x0000, 0x0000,
    0x0000, 0x0000, 0x0000, 0x0000, 0x0000, 0x0000, 0x0000, 0x0000, 0x0000, 0x0000, 0x0000, 0x0000, 0x0000, 0x0000, 0x0000, 0x0000,
    0x0000, 0xcc98, 0xcc99, 0x0000, 0x0000, 0xcc9c, 0x0000, 0x0000, 0x0000, 0xcca0, 0x0000, 0x0000, 0x0000, 0x0000, 0x0000, 0x0000,
    0x0000, 0xcca8, 0x0000, 0xcca9, 0x0000, 0xccab, 0xccac, 0xccad, 0x0000, 0x0000, 0x0000, 0x0000, 0x0000, 0x0000, 0x0000, 0x0000,
    0xccb4, 0xccb5, 0x0000, 0x0000, 0xccb8, 0x0000, 0x0000, 0x0000, 0xccbc, 0x0000, 0x0000, 0x0000, 0x0000, 0x0000, 0x0000, 0x0000,
    0xccc4, 0x0000, 0xccc5, 0x0000, 0xccc7, 0x0000, 0xccc9, 0x0000, 0x0000, 0x0000, 0x0000, 0x0000, 0x0000, 0x0000, 0x0000, 0x0000,
    0xccd0, 0x0000, 0x0000, 0x0000, 0xccd4, 0x0000, 0x0000, 0x0000, 0x0000, 0x0000, 0x0000, 0x0000, 0x0000, 0x0000, 0x0000, 0x0000,
    0x0000, 0x0000, 0x0000, 0x0000, 0xcce3, 0xcce4, 0xcce5, 0x0000, 0x0000, 0x0000, 0x0000, 0x0000, 0x0000, 0x0000, 0x0000, 0x0000,
    0xccec, 0x0000, 0x0000, 0x0000, 0xccf0, 0x0000, 0x0000, 0x0000, 0x0000, 0x0000, 0x0000, 0x0000, 0x0000, 0x0000, 0x0000, 0x0000,
    0x0000, 0x0000, 0x0000, 0x0000, 0x0000, 0x0000, 0xcd01, 0x0000, 0x0000, 0x0000, 0x0000, 0x0000, 0x0000, 0x0000, 0x0000, 0x0000,
    0xcd08, 0xcd09, 0x0000, 0x0000, 0xcd0c, 0x0000, 0x0000, 0x0000, 0xcd10, 0x0000, 0x0000, 0x0000, 0x0000, 0x0000, 0x0000, 0x0000,
    0xcd18, 0x0000, 0xcd19, 0x0000, 0xcd1b, 0x0000, 0xcd1d, 0x0000, 0x0000, 0x0000, 0x0000, 0x0000, 0x0000, 0x0000, 0x0000, 0x0000,
    0xcd24, 0x0000, 0x0000, 0x0000, 0xcd28, 0x0000, 0x0000, 0x0000, 0xcd2c, 0x0000, 0x0000, 0x0000, 0x0000, 0x0000, 0x0000, 0x0000,
    0x0000, 0x0000, 0x0000, 0x0000, 0x0000, 0x0000, 0xcd39, 0x0000, 0x0000, 0x0000, 0x0000, 0x0000, 0x0000, 0x0000, 0x0000, 0x0000,
    0xcd40, 0x0000, 0x0000, 0x0000, 0x0000, 0x0000, 0x0000, 0x0000, 0x0000, 0x0000, 0x0000, 0x0000, 0x0000, 0x0000, 0x0000, 0x0000,
    0x0000, 0x0000, 0x0000, 0x0000, 0x0000, 0x0000, 0x0000, 0x0000, 0x0000, 0x0000, 0x0000, 0x0000, 0x0000, 0x0000, 0x0000, 0xcd5c,
    0x0000, 0x0000, 0x0000, 0xcd60, 0x0000, 0x0000, 0x0000, 0xcd64, 0x0000, 0x0000, 0x0000, 0x0000, 0x0000, 0x0000, 0x0000, 0xcd6c,
    0x0000, 0xcd6d, 0x0000, 0xcd6f, 0x0000, 0xcd71, 0x0000, 0x0000, 0x0000, 0x0000, 0x0000, 0x0000, 0x0000, 0x0000, 0x0000, 0xcd78,
    0x0000, 0x0000, 0x0000, 0x0000, 0x0000, 0x0000, 0x0000, 0x0000, 0x0000, 0x0000, 0x0000, 0x0000, 0x0000, 0x0000, 0x0000, 0xcd88,
    0x0000, 0x0000, 0x0000, 0x0000, 0x0000, 0x0000, 0x0000, 0x0000, 0x0000, 0x0000, 0x0000, 0x0000, 0x0000, 0x0000, 0x0000, 0xcd94,
    0xcd95, 0x0000, 0x0000, 0xcd98, 0x0000, 0x0000, 0x0000, 0xcd9c, 0x0000, 0x0000, 0x0000, 0x0000, 0x0000, 0x0000, 0x0000, 0xcda4,
    0x0000, 0xcda5, 0x0000, 0xcda7, 0x0000, 0xcda9, 0x0000, 0x0000, 0x0000, 0x0000, 0x0000, 0x0000, 0x0000, 0x0000, 0x0000, 0xcdb0,
    0x0000, 0x0000, 0x0000, 0x0000, 0x0000, 0x0000, 0x0000, 0x0000, 0x0000, 0x0000, 0x0000, 0x0000, 0x0000, 0x0000, 0x0000, 0x0000,
    0x0000, 0x0000, 0x0000, 0xcdc3, 0xcdc4, 0x0000, 0x0000, 0x0000, 0x0000, 0x0000, 0x0000, 0x0000, 0x0000, 0x0000, 0x0000, 0xcdcc,
    0x0000, 0x0000, 0x0000, 0xcdd0, 0x0000, 0x0000, 0x0000, 0x0000, 0x0000, 0x0000, 0x0000, 0x0000, 0x0000, 0x0000, 0x0000, 0x0000,
    0x0000, 0x0000, 0x0000, 0x0000, 0x0000, 0x0000, 0x0000, 0x0000, 0x0000, 0x0000, 0x0000, 0x0000, 0x0000, 0x0000, 0x0000, 0xcde8,
    0x0000, 0x0000, 0x0000, 0xcdec, 0x0000, 0x0000, 0x0000, 0xcdf0, 0x0000, 0x0000, 0x0000, 0x0000, 0x0000, 0x0000, 0x0000, 0xcdf8,
    0x0000, 0xcdf9, 0x0000, 0xcdfb, 0x0000, 0xcdfd, 0x0000, 0x0000, 0x0000, 0x0000, 0x0000, 0x0000, 0x0000, 0x0000, 0xce04, 0x0000,
    0x0000, 0x0000, 0xce08, 0x0000, 0x0000, 0x0000, 0xce0c, 0x0000, 0x0000, 0x0000, 0x0000, 0x0000, 0x0000, 0x0000, 0xce14, 0x0000,
    0x0000, 0x0000, 0x0000, 0x0000, 0xce19, 0x0000, 0x0000, 0x0000, 0x0000, 0x0000, 0x0000, 0x0000, 0x0000, 0x0000, 0xce20, 0xce21,
    0x0000, 0x0000, 0xce24, 0x0000, 0x0000, 0x0000, 0xce28, 0x0000, 0x0000, 0x0000, 0x0000, 0x0000, 0x0000, 0x0000, 0xce30, 0x0000,
    0xce31, 0x0000, 0xce33, 0x0000, 0xce35, 0x0000, 0x0000, 0x0000, 0x0000, 0x0000, 0x0000, 0x0000, 0x0000, 0x0000, 0xce3c, 0x0000,
    0x0000, 0x0000, 0x0000, 0x0000, 0x0000, 0x0000, 0x0000, 0x0000, 0x0000, 0x0000, 0x0000, 0x0000, 0x0000, 0x0000, 0x0000, 0x0000,
    0x0000, 0x0000, 0x0000, 0x0000, 0x0000, 0x0000, 0x0000, 0x0000, 0x0000, 0x0000, 0x0000, 0x0000, 0x0000, 0x0000, 0xce58, 0xce59,
    0x0000, 0x0000, 0xce5c, 0x0000, 0x0000, 0xce5f, 0xce60, 0xce61, 0x0000, 0x0000, 0x0000, 0x0000, 0x0000, 0x0000, 0xce68, 0x0000,
    0xce69, 0x0000, 0xce6b, 0x0000, 0xce6d, 0x0000, 0x0000, 0x0000, 0x0000, 0x0000, 0x0000, 0x0000, 0x0000, 0x0000, 0x0000, 0x0000,
    0x0000, 0x0000, 0x0000, 0x0000, 0x0000, 0x0000, 0x0000, 0x0000, 0x0000, 0x0000, 0x0000, 0x0000, 0x0000, 0x0000, 0x0000, 0x0000,
    0x0000, 0x0000, 0x0000, 0x0000, 0x0000, 0x0000, 0x0000, 0x0000, 0x0000, 0x0000, 0x0000, 0x0000, 0x0000, 0x0000, 0x0000, 0x0000,
    0x0000, 0x0000, 0x0000, 0x0000, 0x0000, 0x0000, 0x0000, 0x0000, 0x0000, 0x0000, 0x0000, 0x0000, 0x0000, 0x0000, 0x0000, 0x0000,
    0x0000, 0x0000, 0x0000, 0x0000, 0x0000, 0x0000, 0x0000, 0x0000, 0x0000, 0x0000, 0x0000, 0x0000, 0x0000, 0x314b, 0x0000, 0x0000,
    0x0000, 0x0000, 0x0000, 0x0000, 0x0000, 0x0000, 0x0000, 0x0000, 0x0000, 0x0000, 0x0000, 0x0000, 0x0000, 0x0000, 0x0000, 0x0000,
    0x0000, 0x0000, 0x0000, 0x0000, 0x0000, 0x0000, 0x0000, 0x0000, 0x0000, 0x0000, 0x0000, 0x0000, 0x0000, 0xce74, 0xce75, 0x0000,
    0x0000, 0xce78, 0x0000, 0x0000, 0xce7b, 0xce7c, 0x0000, 0x0000, 0x0000, 0x0000, 0x0000, 0x0000, 0x0000, 0xce84, 0x0000, 0xce85,
    0x0000, 0xce87, 0x0000, 0xce89, 0x0000, 0x0000, 0x0000, 0x0000, 0x0000, 0x0000, 0x0000, 0x0000, 0x0000, 0xce90, 0xce91, 0x0000,
    0x0000, 0xce94, 0x0000, 0x0000, 0xce97, 0xce98, 0x0000, 0x0000, 0x0000, 0x0000, 0x0000, 0x0000, 0x0000, 0xcea0, 0x0000, 0xcea1,
    0x0000, 0xcea3, 0xcea4, 0xcea5, 0x0000, 0x0000, 0x0000, 0xcea9, 0x0000, 0x0000, 0x0000, 0x0000, 0x0000, 0xceac, 0xcead, 0x0000,
    0x0000, 0x0000, 0x0000, 0x0000, 0x0000, 0x0000, 0x0000, 0x0000, 0x0000, 0x0000, 0x0000, 0x0000, 0x0000, 0x0000, 0x0000, 0x0000,
    0x0000, 0x0000, 0x0000, 0xcec1, 0x0000, 0x0000, 0x0000, 0x0000, 0x0000, 0x0000, 0x0000, 0x0000, 0x0000, 0xcec8, 0x0000, 0x0000,
    0x0000, 0x0000, 0x0000, 0x0000, 0x0000, 0x0000, 0x0000, 0x0000, 0x0000, 0x0000, 0x0000, 0x0000, 0x0000, 0x0000, 0x0000, 0x0000,
    0x0000, 0x0000, 0x0000, 0x0000, 0x0000, 0x0000, 0x0000, 0x0000, 0x0000, 0x0000, 0x0000, 0x0000, 0x0000, 0xcee4, 0xcee5, 0x0000,
    0x0000, 0xcee8, 0x0000, 0x0000, 0xceeb, 0xceec, 0x0000, 0x0000, 0x0000, 0x0000, 0x0000, 0x0000, 0x0000, 0xcef4, 0x0000, 0xcef5,
    0x0000, 0xcef7, 0xcef8, 0xcef9, 0x0000, 0x0000, 0x0000, 0xcefd, 0x0000, 0x0000, 0x0000, 0x0000, 0xcf00, 0xcf01, 0x0000, 0x0000,
    0xcf04, 0x0000, 0x0000, 0x0000, 0xcf08, 0x0000, 0x0000, 0x0000, 0x0000, 0x0000, 0x0000, 0x0000, 0xcf10, 0x0000, 0xcf11, 0x0000,
    0xcf13, 0x0000, 0xcf15, 0x0000, 0x0000, 0x0000, 0xcf19, 0x0000, 0x0000, 0x0000, 0x0000, 0x0000, 0xcf1c, 0x0000, 0x0000, 0x0000,
    0xcf20, 0x0000, 0x0000, 0x0000, 0xcf24, 0x0000, 0x0000, 0x0000, 0x0000, 0x0000, 0x0000, 0x0000, 0xcf2c, 0x0000, 0xcf2d, 0x0000,
    0xcf2f, 0xcf30, 0xcf31, 0x0000, 0x0000, 0x0000, 0x0000, 0x0000, 0x0000, 0x0000, 0x0000, 0x0000, 0xcf38, 0x0000, 0x0000, 0x0000,
    0x0000, 0x0000, 0x0000, 0x0000, 0x0000, 0x0000, 0x0000, 0x0000, 0x0000, 0x0000, 0x0000, 0x0000, 0x0000, 0x0000, 0x0000, 0x0000,
    0x0000, 0x0000, 0x0000, 0x0000, 0x0000, 0x0000, 0x0000, 0x0000, 0x0000, 0x0000, 0x0000, 0x0000, 0xcf54, 0xcf55, 0x0000, 0x0000,
    0xcf58, 0x0000, 0x0000, 0x0000, 0xcf5c, 0x0000, 0x0000, 0x0000, 0x0000, 0x0000, 0x0000, 0x0000, 0xcf64, 0x0000, 0xcf65, 0x0000,
    0xcf67, 0x0000, 0xcf69, 0x0000, 0x0000, 0x0000, 0x0000, 0x0000, 0x0000, 0x0000, 0x0000, 0x0000, 0xcf70, 0xcf71, 0x0000, 0x0000,
    0xcf74, 0x0000, 0x0000, 0x0000, 0xcf78, 0x0000, 0x0000, 0x0000, 0x0000, 0x0000, 0x0000, 0x0000, 0xcf80, 0x0000, 0x0000, 0x0000,
    0x0000, 0x0000, 0xcf85, 0x0000, 0x0000, 0x0000, 0x0000, 0x0000, 0x0000, 0x0000, 0x0000, 0x0000, 0xcf8c, 0xcf8d, 0x0000, 0x0000,
    0xcf90, 0x0000, 0x0000, 0x0000, 0x0000, 0x0000, 0x0000, 0x0000, 0x0000, 0x0000, 0x0000, 0x0000, 0x0000, 0x0000, 0x0000, 0x0000,
    0xcf9f, 0x0000, 0xcfa1, 0x0000, 0x0000, 0x0000, 0x0000, 0x0000, 0x0000, 0x0000, 0x0000, 0xcfa8, 0x0000, 0x0000, 0x0000, 0xcfac,
    0x0000, 0x0000, 0x0000, 0xcfb0, 0x0000, 0x0000, 0x0000, 0x0000, 0x0000, 0x0000, 0x0000, 0x0000, 0x0000, 0x0000, 0x0000, 0x0000,
    0x0000, 0xcfbd, 0x0000, 0x0000, 0x0000, 0x0000, 0x0000, 0x0000, 0x0000, 0x0000, 0x0000, 0xcfc4, 0x0000, 0x0000, 0x0000, 0x0000,
    0x0000, 0x0000, 0x0000, 0x0000, 0x0000, 0x0000, 0x0000, 0x0000, 0x0000, 0x0000, 0x0000, 0x0000, 0x0000, 0x0000, 0x0000, 0x0000,
    0x0000, 0x0000, 0x0000, 0x0000, 0x0000, 0x0000, 0x0000, 0x0000, 0x0000, 0x0000, 0x0000, 0xcfe0, 0xcfe1, 0x0000, 0x0000, 0xcfe4,
    0x0000, 0x0000, 0x0000, 0xcfe8, 0x0000, 0x0000, 0x0000, 0x0000, 0x0000, 0x0000, 0x0000, 0xcff0, 0x0000, 0xcff1, 0x0000, 0xcff3,
    0x0000, 0xcff5, 0x0000, 0x0000, 0x0000, 0x0000, 0x0000, 0x0000, 0x0000, 0x0000, 0x0000, 0xcffc, 0x0000, 0x0000, 0x0000, 0xd000,
    0x0000, 0x0000, 0x0000, 0xd004, 0x0000, 0x0000, 0x0000, 0x0000, 0x0000, 0x0000, 0x0000, 0x0000, 0x0000, 0x0000, 0x0000, 0x0000,
    0x0000, 0xd011, 0x0000, 0x0000, 0x0000, 0x0000, 0x0000, 0x0000, 0x0000, 0x0000, 0x0000, 0xd018, 0x0000, 0x0000, 0x0000, 0x0000,
    0x0000, 0x0000, 0x0000, 0x0000, 0x0000, 0x0000, 0x0000, 0x0000, 0x0000, 0x0000, 0x0000, 0x0000, 0x0000, 0x0000, 0x0000, 0x0000,
    0x0000, 0xd02d, 0x0000, 0x0000, 0x0000, 0x0000, 0x0000, 0x0000, 0x0000, 0x0000, 0x0000, 0xd034, 0xd035, 0x0000, 0x0000, 0xd038,
    0x0000, 0x0000, 0x0000, 0xd03c, 0x0000, 0x0000, 0x0000, 0x0000, 0x0000, 0x0000, 0x0000, 0xd044, 0x0000, 0xd045, 0x0000, 0xd047,
    0x0000, 0xd049, 0x0000, 0x0000, 0x0000, 0x0000, 0x0000, 0x0000, 0x0000, 0x0000, 0xd050, 0x0000, 0x0000, 0x0000, 0xd054, 0x0000,
    0x0000, 0x0000, 0xd058, 0x0000, 0x0000, 0x0000, 0x0000, 0x0000, 0x0000, 0x0000, 0xd060, 0x0000, 0x0000, 0x0000, 0x0000, 0x0000,
    0x0000, 0x0000, 0x0000, 0x0000, 0x0000, 0x0000, 0x0000, 0x0000, 0x0000, 0x0000, 0xd06c, 0xd06d, 0x0000, 0x0000, 0xd070, 0x0000,
    0x0000, 0x0000, 0xd074, 0x0000, 0x0000, 0x0000, 0x0000, 0x0000, 0x0000, 0x0000, 0xd07c, 0x0000, 0xd07d, 0x0000, 0x0000, 0x0000,
    0xd081, 0x0000, 0x0000, 0x0000, 0x0000, 0x0000, 0x0000, 0x0000, 0x0000, 0x0000, 0xd088, 0x0000, 0x0000, 0x0000, 0x0000, 0x0000,
    0x0000, 0x0000, 0x0000, 0x0000, 0x0000, 0x0000, 0x0000, 0x0000, 0x0000, 0x0000, 0x0000, 0x0000, 0x0000, 0x0000, 0x0000, 0x0000,
    0x0000, 0x0000, 0x0000, 0x0000, 0x0000, 0x0000, 0x0000, 0x0000, 0x0000, 0x0000, 0xd0a4, 0xd0a5, 0x0000, 0x0000, 0xd0a8, 0x0000,
    0x0000, 0x0000, 0xd0ac, 0x0000, 0x0000, 0x0000, 0x0000, 0x0000, 0x0000, 0x0000, 0xd0b4, 0x0000, 0xd0b5, 0x0000, 0xd0b7, 0x0000,
    0xd0b9, 0x0000, 0x0000, 0x0000, 0x0000, 0x0000, 0x0000, 0x0000, 0x0000, 0x0000, 0x0000, 0x0000, 0x0000, 0x0000, 0x0000, 0x0000,
    0x0000, 0x0000, 0x0000, 0x0000, 0x0000, 0x0000, 0x0000, 0x0000, 0x0000, 0x0000, 0x0000, 0x0000, 0x0000, 0x0000, 0x0000, 0x0000,
    0x0000, 0x0000, 0x0000, 0x0000, 0x0000, 0x0000, 0x0000, 0x0000, 0x0000, 0x0000, 0x0000, 0x0000, 0x0000, 0x0000, 0x0000, 0x0000,
    0x0000, 0x0000, 0x0000, 0x0000, 0x0000, 0x0000, 0x0000, 0x0000, 0x0000, 0x0000, 0x0000, 0x0000, 0x0000, 0x0000, 0x0000, 0x0000,
    0x0000, 0x0000, 0x0000, 0x0000, 0x0000, 0x0000, 0x0000, 0x0000, 0x0000, 0x314c, 0x0000, 0x0000, 0x0000, 0x0000, 0x0000, 0x0000,
    0x0000, 0x0000, 0x0000, 0x0000, 0x0000, 0x0000, 0x0000, 0x0000, 0x0000, 0x0000, 0x0000, 0x0000, 0x0000, 0x0000, 0x0000, 0x0000,
    0x0000, 0x0000, 0x0000, 0x0000, 0x0000, 0x0000, 0x0000, 0x0000, 0x0000, 0xd0c0, 0xd0c1, 0x0000, 0x0000, 0xd0c4, 0x0000, 0x0000,
    0x0000, 0xd0c8, 0xd0c9, 0x0000, 0x0000, 0x0000, 0x0000, 0x0000, 0x0000, 0xd0d0, 0x0000, 0xd0d1, 0x0000, 0xd0d3, 0xd0d4, 0xd0d5,
    0x0000, 0x0000, 0x0000, 0x0000, 0x0000, 0x0000, 0x0000, 0x0000, 0x0000, 0xd0dc, 0xd0dd, 0x0000, 0x0000, 0xd0e0, 0x0000, 0x0000,
    0x0000, 0xd0e4, 0x0000, 0x0000, 0x0000, 0x0000, 0x0000, 0x0000, 0x0000, 0xd0ec, 0x0000, 0xd0ed, 0x0000, 0xd0ef, 0xd0f0, 0xd0f1,
    0x0000, 0x0000, 0x0000, 0x0000, 0x0000, 0x0000, 0x0000, 0x0000, 0x0000, 0xd0f8, 0x0000, 0x0000, 0x0000, 0x0000, 0x0000, 0x0000,
    0x0000, 0x0000, 0x0000, 0x0000, 0x0000, 0x0000, 0x0000, 0x0000, 0x0000, 0x0000, 0x0000, 0x0000, 0x0000, 0x0000, 0x0000, 0xd10d,
    0x0000, 0x0000, 0x0000, 0x0000, 0x0000, 0x0000, 0x0000, 0x0000, 0x0000, 0xd114, 0x0000, 0x0000, 0x0000, 0x0000, 0x0000, 0x0000,
    0x0000, 0x0000, 0x0000, 0x0000, 0x0000, 0x0000, 0x0000, 0x0000, 0x0000, 0x0000, 0x0000, 0x0000, 0x0000, 0x0000, 0x0000, 0x0000,
    0x0000, 0x0000, 0x0000, 0x0000, 0x0000, 0x0000, 0x0000, 0x0000, 0x0000, 0xd130, 0xd131, 0x0000, 0x0000, 0xd134, 0x0000, 0x0000,
    0x0000, 0xd138, 0x0000, 0xd13a, 0x0000, 0x0000, 0x0000, 0x0000, 0x0000, 0xd140, 0x0000, 0xd141, 0x0000, 0xd143, 0xd144, 0xd145,
    0x0000, 0x0000, 0x0000, 0x0000, 0x0000, 0x0000, 0x0000, 0x0000, 0xd14c, 0xd14d, 0x0000, 0x0000, 0xd150, 0x0000, 0x0000, 0x0000,
    0xd154, 0x0000, 0x0000, 0x0000, 0x0000, 0x0000, 0x0000, 0x0000, 0xd15c, 0x0000, 0xd15d, 0x0000, 0xd15f, 0xd160, 0xd161, 0x0000,
    0x0000, 0x0000, 0x0000, 0x0000, 0x0000, 0x0000, 0x0000, 0x0000, 0xd168, 0xd169, 0x0000, 0x0000, 0xd16c, 0x0000, 0x0000, 0x0000,
    0x0000, 0x0000, 0x0000, 0x0000, 0x0000, 0x0000, 0x0000, 0x0000, 0x0000, 0x0000, 0x0000, 0x0000, 0x0000, 0xd17c, 0x0000, 0x0000,
    0x0000, 0x0000, 0x0000, 0x0000, 0x0000, 0x0000, 0x0000, 0x0000, 0xd184, 0x0000, 0x0000, 0x0000, 0xd188, 0x0000, 0x0000, 0x0000,
    0x0000, 0x0000, 0x0000, 0x0000, 0x0000, 0x0000, 0x0000, 0x0000, 0x0000, 0x0000, 0x0000, 0x0000, 0x0000, 0x0000, 0x0000, 0x0000,
    0x0000, 0x0000, 0x0000, 0x0000, 0x0000, 0x0000, 0x0000, 0x0000, 0xd1a0, 0xd1a1, 0x0000, 0x0000, 0xd1a4, 0x0000, 0x0000, 0x0000,
    0xd1a8, 0x0000, 0x0000, 0x0000, 0x0000, 0x0000, 0x0000, 0x0000, 0xd1b0, 0x0000, 0xd1b1, 0x0000, 0xd1b3, 0x0000, 0xd1b5, 0x0000,
    0x0000, 0x0000, 0x0000, 0xd1ba, 0x0000, 0x0000, 0x0000, 0x0000, 0xd1bc, 0x0000, 0x0000, 0x0000, 0xd1c0, 0x0000, 0x0000, 0x0000,
    0x0000, 0x0000, 0x0000, 0x0000, 0x0000, 0x0000, 0x0000, 0x0000, 0x0000, 0x0000, 0x0000, 0x0000, 0x0000, 0x0000, 0x0000, 0x0000,
    0x0000, 0x0000, 0x0000, 0x0000, 0x0000, 0x0000, 0x0000, 0x0000, 0xd1d8, 0x0000, 0x0000, 0x0000, 0x0000, 0x0000, 0x0000, 0x0000,
    0x0000, 0x0000, 0x0000, 0x0000, 0x0000, 0x0000, 0x0000, 0x0000, 0x0000, 0x0000, 0x0000, 0x0000, 0x0000, 0x0000, 0x0000, 0x0000,
    0x0000, 0x0000, 0x0000, 0x0000, 0x0000, 0x0000, 0x0000, 0xd1f4, 0x0000, 0x0000, 0x0000, 0xd1f8, 0x0000, 0x0000, 0x0000, 0x0000,
    0x0000, 0x0000, 0x0000, 0x0000, 0x0000, 0x0000, 0x0000, 0x0000, 0x0000, 0x0000, 0x0000, 0xd207, 0x0000, 0xd209, 0x0000, 0x0000,
    0x0000, 0x0000, 0x0000, 0x0000, 0x0000, 0x0000, 0x0000, 0xd210, 0x0000, 0x0000, 0x0000, 0x0000, 0x0000, 0x0000, 0x0000, 0x0000,
    0x0000, 0x0000, 0x0000, 0x0000, 0x0000, 0x0000, 0x0000, 0x0000, 0x0000, 0x0000, 0x0000, 0x0000, 0x0000, 0x0000, 0x0000, 0x0000,
    0x0000, 0x0000, 0x0000, 0x0000, 0x0000, 0x0000, 0x0000, 0xd22c, 0xd22d, 0x0000, 0x0000, 0xd230, 0x0000, 0x0000, 0x0000, 0xd234,
    0x0000, 0x0000, 0x0000, 0x0000, 0x0000, 0x0000, 0x0000, 0xd23c, 0x0000, 0xd23d, 0x0000, 0xd23f, 0x0000, 0xd241, 0x0000, 0x0000,
    0x0000, 0x0000, 0x0000, 0x0000, 0x0000, 0x0000, 0x0000, 0xd248, 0x0000, 0x0000, 0x0000, 0x0000, 0x0000, 0x0000, 0x0000, 0x0000,
    0x0000, 0x0000, 0x0000, 0x0000, 0x0000, 0x0000, 0x0000, 0x0000, 0x0000, 0x0000, 0x0000, 0x0000, 0xd25c, 0x0000, 0x0000, 0x0000,
    0x0000, 0x0000, 0x0000, 0x0000, 0x0000, 0x0000, 0x0000, 0xd264, 0x0000, 0x0000, 0x0000, 0x0000, 0x0000, 0x0000, 0x0000, 0x0000,
    0x0000, 0x0000, 0x0000, 0x0000, 0x0000, 0x0000, 0x0000, 0x0000, 0x0000, 0x0000, 0x0000, 0xd277, 0x0000, 0x0000, 0x0000, 0x0000,
    0x0000, 0x0000, 0x0000, 0x0000, 0x0000, 0x0000, 0x0000, 0xd280, 0xd281, 0x0000, 0x0000, 0xd284, 0x0000, 0x0000, 0x0000, 0xd288,
    0x0000, 0x0000, 0x0000, 0x0000, 0x0000, 0x0000, 0x0000, 0xd290, 0x0000, 0xd291, 0x0000, 0xd293, 0x0000, 0xd295, 0x0000, 0x0000,
    0x0000, 0x0000, 0x0000, 0x0000, 0x0000, 0x0000, 0xd29c, 0x0000, 0x0000, 0x0000, 0xd2a0, 0x0000, 0x0000, 0x0000, 0xd2a4, 0x0000,
    0x0000, 0x0000, 0x0000, 0x0000, 0x0000, 0x0000, 0xd2ac, 0x0000, 0x0000, 0x0000, 0x0000, 0x0000, 0xd2b1, 0x0000, 0x0000, 0x0000,
    0x0000, 0x0000, 0x0000, 0x0000, 0x0000, 0x0000, 0xd2b8, 0xd2b9, 0x0000, 0x0000, 0xd2bc, 0x0000, 0x0000, 0xd2bf, 0xd2c0, 0x0000,
    0xd2c2, 0x0000, 0x0000, 0x0000, 0x0000, 0x0000, 0xd2c8, 0x0000, 0xd2c9, 0x0000, 0xd2cb, 0x0000, 0xd2cd, 0x0000, 0x0000, 0x0000,
    0x0000, 0x0000, 0x0000, 0x0000, 0x0000, 0x0000, 0xd2d4, 0x0000, 0x0000, 0x0000, 0xd2d8, 0x0000, 0x0000, 0x0000, 0xd2dc, 0x0000,
    0x0000, 0x0000, 0x0000, 0x0000, 0x0000, 0x0000, 0xd2e4, 0x0000, 0xd2e5, 0x0000, 0xd2e7, 0x0000, 0x0000, 0x0000, 0x0000, 0x0000,
    0x0000, 0x0000, 0x0000, 0x0000, 0x0000, 0x0000, 0xd2f0, 0xd2f1, 0x0000, 0x0000, 0xd2f4, 0x0000, 0x0000, 0x0000, 0xd2f8, 0x0000,
    0x0000, 0x0000, 0x0000, 0x0000, 0x0000, 0x0000, 0xd300, 0x0000, 0xd301, 0x0000, 0xd303, 0x0000, 0xd305, 0x0000, 0x0000, 0x0000,
    0x0000, 0xd30a, 0x0000, 0x0000, 0x0000, 0x0000, 0x0000, 0x0000, 0x0000, 0x0000, 0x0000, 0x0000, 0x0000, 0x0000, 0x0000, 0x0000,
    0x0000, 0x0000, 0x0000, 0x0000, 0x0000, 0x0000, 0x0000, 0x0000, 0x0000, 0x0000, 0x0000, 0x0000, 0x0000, 0x0000, 0x0000, 0x0000,
    0x0000, 0x0000, 0x0000, 0x0000, 0x0000, 0x0000, 0x0000, 0x0000, 0x0000, 0x0000, 0x0000, 0x0000, 0x0000, 0x0000, 0x0000, 0x0000,
    0x0000, 0x0000, 0x0000, 0x0000, 0x0000, 0x0000, 0x0000, 0x0000, 0x0000, 0x0000, 0x0000, 0x0000, 0x0000, 0x0000, 0x0000, 0x0000,
    0x0000, 0x0000, 0x0000, 0x0000, 0x0000, 0x314d, 0x0000, 0x0000, 0x0000, 0x0000, 0x0000, 0x0000, 0x0000, 0x0000, 0x0000, 0x0000,
    0x0000, 0x0000, 0x0000, 0x0000, 0x0000, 0x0000, 0x0000, 0x0000, 0x0000, 0x0000, 0x0000, 0x0000, 0x0000, 0x0000, 0x0000, 0x0000,
    0x0000, 0x0000, 0x0000, 0x0000, 0x0000, 0xd30c, 0xd30d, 0xd30e, 0x0000, 0xd310, 0x0000, 0x0000, 0x0000, 0xd314, 0x0000, 0xd316,
    0x0000, 0x0000, 0x0000, 0x0000, 0x0000, 0xd31c, 0x0000, 0xd31d, 0x0000, 0xd31f, 0xd320, 0xd321, 0x0000, 0x0000, 0x0000, 0xd325,
    0xd326, 0x0000, 0x0000, 0x0000, 0x0000, 0xd328, 0xd329, 0x0000, 0x0000, 0xd32c, 0x0000, 0x0000, 0x0000, 0xd330, 0x0000, 0x0000,
    0x0000, 0x0000, 0x0000, 0x0000, 0x0000, 0xd338, 0x0000, 0xd339, 0x0000, 0xd33b, 0xd33c, 0xd33d, 0x0000, 0x0000, 0x0000, 0x0000,
    0x0000, 0x0000, 0x0000, 0x0000, 0x0000, 0xd344, 0xd345, 0x0000, 0x0000, 0x0000, 0x0000, 0x0000, 0x0000, 0x0000, 0x0000, 0x0000,
    0x0000, 0x0000, 0x0000, 0x0000, 0x0000, 0x0000, 0x0000, 0x0000, 0x0000, 0x0000, 0x0000, 0xd359, 0x0000, 0x0000, 0x0000, 0x0000,
    0x0000, 0x0000, 0x0000, 0x0000, 0x0000, 0xd360, 0x0000, 0x0000, 0x0000, 0x0000, 0x0000, 0x0000, 0x0000, 0x0000, 0x0000, 0x0000,
    0x0000, 0x0000, 0x0000, 0x0000, 0x0000, 0x0000, 0x0000, 0x0000, 0x0000, 0x0000, 0x0000, 0x0000, 0x0000, 0x0000, 0x0000, 0x0000,
    0x0000, 0x0000, 0x0000, 0x0000, 0x0000, 0xd37c, 0xd37d, 0x0000, 0x0000, 0xd380, 0x0000, 0x0000, 0x0000, 0xd384, 0x0000, 0x0000,
    0x0000, 0x0000, 0x0000, 0x0000, 0x0000, 0xd38c, 0x0000, 0xd38d, 0x0000, 0xd38f, 0xd390, 0xd391, 0x0000, 0x0000, 0x0000, 0x0000,
    0x0000, 0x0000, 0x0000, 0x0000, 0xd398, 0xd399, 0x0000, 0x0000, 0xd39c, 0x0000, 0x0000, 0x0000, 0xd3a0, 0x0000, 0x0000, 0x0000,
    0x0000, 0x0000, 0x0000, 0x0000, 0xd3a8, 0x0000, 0xd3a9, 0x0000, 0xd3ab, 0x0000, 0xd3ad, 0x0000, 0x0000, 0x0000, 0x0000, 0xd3b2,
    0x0000, 0x0000, 0x0000, 0x0000, 0xd3b4, 0xd3b5, 0x0000, 0x0000, 0xd3b8, 0x0000, 0x0000, 0x0000, 0xd3bc, 0x0000, 0x0000, 0x0000,
    0x0000, 0x0000, 0x0000, 0x0000, 0xd3c4, 0x0000, 0xd3c5, 0x0000, 0xd3c7, 0xd3c8, 0xd3c9, 0x0000, 0x0000, 0x0000, 0x0000, 0x0000,
    0x0000, 0x0000, 0x0000, 0x0000, 0xd3d0, 0x0000, 0x0000, 0x0000, 0x0000, 0x0000, 0x0000, 0x0000, 0xd3d8, 0x0000, 0x0000, 0x0000,
    0x0000, 0x0000, 0x0000, 0x0000, 0x0000, 0x0000, 0xd3e1, 0x0000, 0xd3e3, 0x0000, 0x0000, 0x0000, 0x0000, 0x0000, 0x0000, 0x0000,
    0x0000, 0x0000, 0x0000, 0x0000, 0xd3ec, 0xd3ed, 0x0000, 0x0000, 0xd3f0, 0x0000, 0x0000, 0x0000, 0xd3f4, 0x0000, 0x0000, 0x0000,
    0x0000, 0x0000, 0x0000, 0x0000, 0xd3fc, 0x0000, 0xd3fd, 0x0000, 0xd3ff, 0x0000, 0xd401, 0x0000, 0x0000, 0x0000, 0x0000, 0x0000,
    0x0000, 0x0000, 0x0000, 0x0000, 0xd408, 0x0000, 0x0000, 0x0000, 0x0000, 0x0000, 0x0000, 0x0000, 0x0000, 0x0000, 0x0000, 0x0000,
    0x0000, 0x0000, 0x0000, 0x0000, 0x0000, 0x0000, 0x0000, 0x0000, 0x0000, 0x0000, 0xd41d, 0x0000, 0x0000, 0x0000, 0x0000, 0x0000,
    0x0000, 0x0000, 0x0000, 0x0000, 0xd424, 0x0000, 0x0000, 0x0000, 0x0000, 0x0000, 0x0000, 0x0000, 0x0000, 0x0000, 0x0000, 0x0000,
    0x0000, 0x0000, 0x0000, 0x0000, 0x0000, 0x0000, 0x0000, 0x0000, 0x0000, 0x0000, 0x0000, 0x0000, 0x0000, 0x0000, 0x0000, 0x0000,
    0x0000, 0x0000, 0x0000, 0xd440, 0x0000, 0x0000, 0x0000, 0xd444, 0x0000, 0x0000, 0x0000, 0x0000, 0x0000, 0x0000, 0x0000, 0x0000,
    0x0000, 0x0000, 0x0000, 0x0000, 0x0000, 0x0000, 0x0000, 0x0000, 0x0000, 0x0000, 0x0000, 0x0000, 0x0000, 0x0000, 0x0000, 0x0000,
    0x0000, 0x0000, 0x0000, 0xd45c, 0x0000, 0x0000, 0x0000, 0xd460, 0x0000, 0x0000, 0x0000, 0xd464, 0x0000, 0x0000, 0x0000, 0x0000,
    0x0000, 0x0000, 0x0000, 0x0000, 0x0000, 0xd46d, 0x0000, 0xd46f, 0x0000, 0x0000, 0x0000, 0x0000, 0x0000, 0x0000, 0x0000, 0x0000,
    0x0000, 0x0000, 0x0000, 0xd478, 0xd479, 0x0000, 0x0000, 0xd47c, 0x0000, 0x0000, 0xd47f, 0xd480, 0x0000, 0xd482, 0x0000, 0x0000,
    0x0000, 0x0000, 0x0000, 0xd488, 0x0000, 0xd489, 0x0000, 0xd48b, 0x0000, 0xd48d, 0x0000, 0x0000, 0x0000, 0x0000, 0x0000, 0x0000,
    0x0000, 0x0000, 0x0000, 0xd494, 0x0000, 0x0000, 0x0000, 0x0000, 0x0000, 0x0000, 0x0000, 0x0000, 0x0000, 0x0000, 0x0000, 0x0000,
    0x0000, 0x0000, 0x0000, 0x0000, 0x0000, 0x0000, 0x0000, 0x0000, 0x0000, 0xd4a9, 0x0000, 0x0000, 0x0000, 0x0000, 0x0000, 0x0000,
    0x0000, 0x0000, 0x0000, 0xd4b0, 0x0000, 0x0000, 0x0000, 0x0000, 0x0000, 0x0000, 0x0000, 0x0000, 0x0000, 0x0000, 0x0000, 0x0000,
    0x0000, 0x0000, 0x0000, 0x0000, 0x0000, 0x0000, 0x0000, 0x0000, 0x0000, 0x0000, 0x0000, 0x0000, 0x0000, 0x0000, 0x0000, 0x0000,
    0x0000, 0x0000, 0x0000, 0xd4cc, 0x0000, 0x0000, 0x0000, 0xd4d0, 0x0000, 0x0000, 0x0000, 0xd4d4, 0x0000, 0x0000, 0x0000, 0x0000,
    0x0000, 0x0000, 0x0000, 0xd4dc, 0x0000, 0x0000, 0x0000, 0xd4df, 0x0000, 0x0000, 0x0000, 0x0000, 0x0000, 0x0000, 0x0000, 0x0000,
    0x0000, 0x0000, 0xd4e8, 0xd4e9, 0x0000, 0x0000, 0xd4ec, 0x0000, 0x0000, 0x0000, 0xd4f0, 0x0000, 0x0000, 0x0000, 0x0000, 0x0000,
    0x0000, 0x0000, 0xd4f8, 0x0000, 0x0000, 0x0000, 0xd4fb, 0x0000, 0xd4fd, 0x0000, 0x0000, 0x0000, 0x0000, 0x0000, 0x0000, 0x0000,
    0x0000, 0x0000, 0xd504, 0xd505, 0x0000, 0x0000, 0xd508, 0x0000, 0x0000, 0x0000, 0xd50c, 0x0000, 0x0000, 0x0000, 0xd510, 0x0000,
    0x0000, 0x0000, 0xd514, 0x0000, 0xd515, 0x0000, 0xd517, 0x0000, 0xd519, 0x0000, 0x0000, 0x0000, 0x0000, 0x0000, 0x0000, 0x0000,
    0x0000, 0x0000, 0xd520, 0x0000, 0x0000, 0x0000, 0xd524, 0x0000, 0x0000, 0x0000, 0x0000, 0x0000, 0x0000, 0x0000, 0x0000, 0x0000,
    0x0000, 0x0000, 0x0000, 0x0000, 0x0000, 0x0000, 0x0000, 0x0000, 0x0000, 0x0000, 0x0000, 0x0000, 0x0000, 0x0000, 0x0000, 0x0000,
    0x0000, 0x0000, 0xd53c, 0xd53d, 0x0000, 0x0000, 0xd540, 0x0000, 0x0000, 0x0000, 0xd544, 0x0000, 0x0000, 0x0000, 0x0000, 0x0000,
    0x0000, 0x0000, 0xd54c, 0x0000, 0xd54d, 0x0000, 0xd54f, 0x0000, 0xd551, 0x0000, 0x0000, 0x0000, 0x0000, 0x0000, 0x0000, 0x0000,
    0x0000, 0x0000, 0x0000, 0x0000, 0x0000, 0x0000, 0x0000, 0x0000, 0x0000, 0x0000, 0x0000, 0x0000, 0x0000, 0x0000, 0x0000, 0x0000,
    0x0000, 0x0000, 0x0000, 0x0000, 0x0000, 0x0000, 0x0000, 0x0000, 0x0000, 0x0000, 0x0000, 0x0000, 0x0000, 0x0000, 0x0000, 0x0000,
    0x0000, 0x0000, 0x0000, 0x0000, 0x0000, 0x0000, 0x0000, 0x0000, 0x0000, 0x0000, 0x0000, 0x0000, 0x0000, 0x0000, 0x0000, 0x0000,
    0x0000, 0x0000, 0x0000, 0x0000, 0x0000, 0x0000, 0x0000, 0x0000, 0x0000, 0x0000, 0x0000, 0x0000, 0x0000, 0x0000, 0x0000, 0x0000,
    0x0000, 0x314e, 0x0000, 0x0000, 0x0000, 0x0000, 0x0000, 0x0000, 0x0000, 0x0000, 0x0000, 0x0000, 0x0000, 0x0000, 0x0000, 0x0000,
    0x0000, 0x0000, 0x0000, 0x0000, 0x0000, 0x0000, 0x0000, 0x0000, 0x0000, 0x0000, 0x0000, 0x0000, 0x0000, 0x0000, 0x0000, 0x0000,
    0x0000, 0xd558, 0xd559, 0x0000, 0x0000, 0xd55c, 0x0000, 0x0000, 0xd55f, 0xd560, 0xd561, 0x0000, 0x0000, 0x0000, 0xd565, 0x0000,
    0x0000, 0xd568, 0x0000, 0xd569, 0x0000, 0xd56b, 0xd56c, 0xd56d, 0x0000, 0x0000, 0x0000, 0xd571, 0x0000, 0x0000, 0x0000, 0x0000,
    0x0000, 0xd574, 0xd575, 0x0000, 0x0000, 0xd578, 0x0000, 0x0000, 0x0000, 0xd57c, 0x0000, 0x0000, 0x0000, 0x0000, 0x0000, 0x0000,
    0x0000, 0xd584, 0x0000, 0xd585, 0x0000, 0xd587, 0xd588, 0xd589, 0x0000, 0x0000, 0x0000, 0x0000, 0x0000, 0x0000, 0x0000, 0x0000,
    0x0000, 0xd590, 0x0000, 0x0000, 0x0000, 0x0000, 0x0000, 0x0000, 0x0000, 0x0000, 0x0000, 0x0000, 0x0000, 0x0000, 0x0000, 0x0000,
    0x0000, 0x0000, 0x0000, 0x0000, 0x0000, 0x0000, 0x0000, 0xd5a5, 0x0000, 0x0000, 0x0000, 0x0000, 0x0000, 0x0000, 0x0000, 0x0000,
    0x0000, 0xd5ac, 0x0000, 0x0000, 0x0000, 0x0000, 0x0000, 0x0000, 0x0000, 0x0000, 0x0000, 0x0000, 0x0000, 0x0000, 0x0000, 0x0000,
    0x0000, 0x0000, 0x0000, 0x0000, 0x0000, 0x0000, 0x0000, 0x0000, 0x0000, 0x0000, 0x0000, 0x0000, 0x0000, 0x0000, 0x0000, 0x0000,
    0x0000, 0xd5c8, 0xd5c9, 0x0000, 0x0000, 0xd5cc, 0x0000, 0x0000, 0xd5cf, 0xd5d0, 0x0000, 0xd5d2, 0x0000, 0x0000, 0x0000, 0x0000,
    0x0000, 0xd5d8, 0x0000, 0xd5d9, 0x0000, 0xd5db, 0x0000, 0xd5dd, 0x0000, 0x0000, 0x0000, 0x0000, 0x0000, 0x0000, 0x0000, 0x0000,
    0xd5e4, 0xd5e5, 0x0000, 0x0000, 0xd5e8, 0x0000, 0x0000, 0x0000, 0xd5ec, 0x0000, 0x0000, 0x0000, 0x0000, 0x0000, 0x0000, 0x0000,
    0xd5f4, 0x0000, 0xd5f5, 0x0000, 0xd5f7, 0x0000, 0xd5f9, 0x0000, 0x0000, 0x0000, 0x0000, 0x0000, 0x0000, 0x0000, 0x0000, 0x0000,
    0xd600, 0xd601, 0x0000, 0x0000, 0xd604, 0x0000, 0x0000, 0x0000, 0xd608, 0x0000, 0x0000, 0x0000, 0x0000, 0x0000, 0x0000, 0x0000,
    0xd610, 0x0000, 0xd611, 0x0000, 0xd613, 0xd614, 0xd615, 0x0000, 0x0000, 0x0000, 0x0000, 0x0000, 0x0000, 0x0000, 0x0000, 0x0000,
    0xd61c, 0x0000, 0x0000, 0x0000, 0xd620, 0x0000, 0x0000, 0x0000, 0xd624, 0x0000, 0x0000, 0x0000, 0x0000, 0x0000, 0x0000, 0x0000,
    0xd62c, 0x0000, 0xd62d, 0x0000, 0x0000, 0x0000, 0x0000, 0x0000, 0x0000, 0x0000, 0x0000, 0x0000, 0x0000, 0x0000, 0x0000, 0x0000,
    0xd638, 0xd639, 0x0000, 0x0000, 0xd63c, 0x0000, 0x0000, 0x0000, 0xd640, 0x0000, 0x0000, 0x0000, 0x0000, 0xd645, 0x0000, 0x0000,
    0xd648, 0x0000, 0xd649, 0x0000, 0xd64b, 0x0000, 0xd64d, 0x0000, 0x0000, 0x0000, 0xd651, 0x0000, 0x0000, 0x0000, 0x0000, 0x0000,
    0xd654, 0xd655, 0x0000, 0x0000, 0xd658, 0x0000, 0x0000, 0x0000, 0xd65c, 0x0000, 0x0000, 0x0000, 0x0000, 0x0000, 0x0000, 0x0000,
    0x0000, 0x0000, 0x0000, 0x0000, 0xd667, 0x0000, 0xd669, 0x0000, 0x0000, 0x0000, 0x0000, 0x0000, 0x0000, 0x0000, 0x0000, 0x0000,
    0xd670, 0xd671, 0x0000, 0x0000, 0xd674, 0x0000, 0x0000, 0x0000, 0x0000, 0x0000, 0x0000, 0x0000, 0x0000, 0x0000, 0x0000, 0x0000,
    0x0000, 0x0000, 0x0000, 0x0000, 0xd683, 0x0000, 0xd685, 0x0000, 0x0000, 0x0000, 0x0000, 0x0000, 0x0000, 0x0000, 0x0000, 0xd68c,
    0xd68d, 0x0000, 0x0000, 0xd690, 0x0000, 0x0000, 0x0000, 0xd694, 0x0000, 0x0000, 0x0000, 0x0000, 0x0000, 0x0000, 0x0000, 0x0000,
    0x0000, 0xd69d, 0x0000, 0xd69f, 0x0000, 0xd6a1, 0x0000, 0x0000, 0x0000, 0x0000, 0x0000, 0x0000, 0x0000, 0x0000, 0x0000, 0xd6a8,
    0xd6a9, 0x0000, 0x0000, 0xd6ac, 0x0000, 0x0000, 0x0000, 0xd6b0, 0x0000, 0x0000, 0x0000, 0x0000, 0x0000, 0x0000, 0x0000, 0xd6b8,
    0x0000, 0xd6b9, 0x0000, 0xd6bb, 0x0000, 0x0000, 0x0000, 0x0000, 0x0000, 0x0000, 0x0000, 0x0000, 0x0000, 0x0000, 0x0000, 0xd6c4,
    0xd6c5, 0x0000, 0x0000, 0xd6c8, 0x0000, 0x0000, 0x0000, 0xd6cc, 0x0000, 0x0000, 0x0000, 0x0000, 0xd6d1, 0x0000, 0x0000, 0xd6d4,
    0x0000, 0xd6d5, 0x0000, 0xd6d7, 0x0000, 0xd6d9, 0x0000, 0x0000, 0x0000, 0x0000, 0x0000, 0x0000, 0x0000, 0x0000, 0x0000, 0xd6e0,
    0x0000, 0x0000, 0x0000, 0xd6e4, 0x0000, 0x0000, 0x0000, 0xd6e8, 0x0000, 0x0000, 0x0000, 0x0000, 0x0000, 0x0000, 0x0000, 0xd6f0,
    0x0000, 0x0000, 0x0000, 0x0000, 0x0000, 0xd6f5, 0x0000, 0x0000, 0x0000, 0x0000, 0x0000, 0x0000, 0x0000, 0x0000, 0x0000, 0xd6fc,
    0xd6fd, 0x0000, 0x0000, 0xd700, 0x0000, 0x0000, 0x0000, 0xd704, 0x0000, 0x0000, 0x0000, 0x0000, 0x0000, 0x0000, 0x0000, 0xd70c,
    0x0000, 0x0000, 0x0000, 0x0000, 0x0000, 0xd711, 0x0000, 0x0000, 0x0000, 0x0000, 0x0000, 0x0000, 0x0000, 0x0000, 0x0000, 0xd718,
    0xd719, 0x0000, 0x0000, 0xd71c, 0x0000, 0x0000, 0x0000, 0xd720, 0x0000, 0x0000, 0x0000, 0x0000, 0x0000, 0x0000, 0x0000, 0xd728,
    0x0000, 0xd729, 0x0000, 0xd72b, 0x0000, 0xd72d, 0x0000, 0x0000, 0x0000, 0x0000, 0x0000, 0x0000, 0x0000, 0x0000, 0xd734, 0xd735,
    0x0000, 0x0000, 0xd738, 0x0000, 0x0000, 0x0000, 0xd73c, 0x0000, 0x0000, 0x0000, 0x0000, 0x0000, 0x0000, 0x0000, 0xd744, 0x0000,
    0x0000, 0x0000, 0xd747, 0x0000, 0xd749, 0x0000, 0x0000, 0x0000, 0x0000, 0x0000, 0x0000, 0x0000, 0x0000, 0x0000, 0xd750, 0xd751,
    0x0000, 0x0000, 0xd754, 0x0000, 0xd756, 0xd757, 0xd758, 0xd759, 0x0000, 0x0000, 0x0000, 0x0000, 0x0000, 0x0000, 0xd760, 0x0000,
    0xd761, 0x0000, 0xd763, 0x0000, 0xd765, 0x0000, 0x0000, 0x0000, 0xd769, 0x0000, 0x0000, 0x0000, 0x0000, 0x0000, 0xd76c, 0xd76d,
    0x0000, 0x0000, 0xd770, 0x0000, 0x0000, 0x0000, 0xd774, 0x0000, 0x0000, 0x0000, 0x0000, 0x0000, 0x0000, 0x0000, 0xd77c, 0x0000,
    0xd77d, 0x0000, 0x0000, 0x0000, 0xd781, 0x0000, 0x0000, 0x0000, 0x0000, 0x0000, 0x0000, 0x0000, 0x0000, 0x0000, 0xd788, 0xd789,
    0x0000, 0x0000, 0xd78c, 0x0000, 0x0000, 0x0000, 0xd790, 0x0000, 0x0000, 0x0000, 0x0000, 0x0000, 0x0000, 0x0000, 0xd798, 0x0000,
    0xd799, 0x0000, 0xd79b, 0x0000, 0xd79d, 0x0000, 0x0000, 0x0000, 0x0000, 0x0000, 0x0000, 0x0000, 0x0000, 0x0000, 0x0000, 0x0000,
    0x0000, 0x0000, 0x0000, 0x0000, 0x0000, 0x0000, 0x0000, 0x0000, 0x0000, 0x0000, 0x0000, 0x0000, 0x0000, 0x0000, 0x0000, 0x0000,
    0x0000, 0x0000, 0x0000, 0x0000, 0x0000, 0x0000, 0x0000, 0x0000, 0x0000, 0x0000, 0x0000, 0x0000, 0x0000, 0x0000, 0x0000, 0x0000,
    0x0000, 0x0000, 0x0000, 0x0000, 0x0000, 0x0000, 0x0000, 0x0000, 0x0000, 0x0000, 0x0000, 0x0000, 0x0000, 0x0000, 0x0000, 0x0000,
    0x0000, 0x0000, 0x0000, 0x0000, 0x0000, 0x0000, 0x0000, 0x0000, 0x0000, 0x0000, 0x0000, 0x0000, 0x0000, 0xe000, 0xe001, 0xe002,
    0xe003, 0xe004, 0xe005, 0xe006, 0xe007, 0xe008, 0xe009, 0xe00a, 0xe00b, 0xe00c, 0xe00d, 0xe00e, 0xe00f, 0xe010, 0xe011, 0xe012,
    0xe013, 0xe014, 0xe015, 0xe016, 0xe017, 0xe018, 0xe019, 0xe01a, 0xe01b, 0xe01c, 0xe01d, 0xe01e, 0xe01f, 0xe020, 0xe021, 0xe022,
    0xe023, 0xe024, 0xe025, 0xe026, 0xe027, 0xe028, 0xe029, 0xe02a, 0xe02b, 0xe02c, 0xe02d, 0xe02e, 0xe02f, 0xe030, 0xe031, 0xe032,
    0xe033, 0xe034, 0xe035, 0xe036, 0xe037, 0xe038, 0xe039, 0xe03a, 0xe03b, 0xe03c, 0xe03d, 0xe03e, 0x0000, 0xe03f, 0xe040, 0xe041,
    0xe042, 0xe043, 0xe044, 0xe045, 0xe046, 0xe047, 0xe048, 0xe049, 0xe04a, 0xe04b, 0xe04c, 0xe04d, 0xe04e, 0xe04f, 0xe050, 0xe051,
    0xe052, 0xe053, 0xe054, 0xe055, 0xe056, 0xe057, 0xe058, 0xe059, 0xe05a, 0xe05b, 0xe05c, 0xe05d, 0xe05e, 0xe05f, 0xe060, 0xe061,
    0xe062, 0xe063, 0xe064, 0xe065, 0xe066, 0xe067, 0xe068, 0xe069, 0xe06a, 0xe06b, 0xe06c, 0xe06d, 0xe06e, 0xe06f, 0xe070, 0xe071,
    0xe072, 0xe073, 0xe074, 0xe075, 0xe076, 0xe077, 0xe078, 0xe079, 0xe07a, 0xe07b, 0xe07c, 0xe07d, 0xe07e, 0xe07f, 0xe080, 0xe081,
    0xe082, 0xe083, 0xe084, 0xe085, 0xe086, 0xe087, 0xe088, 0xe089, 0xe08a, 0xe08b, 0xe08c, 0xe08d, 0xe08e, 0xe08f, 0xe090, 0xe091,
    0xe092, 0xe093, 0xe094, 0xe095, 0xe096, 0xe097, 0xe098, 0xe099, 0xe09a, 0xe09b, 0xe09c, 0xe09d, 0xe09e, 0xe09f, 0xe0a0, 0xe0a1,
    0xe0a2, 0xe0a3, 0xe0a4, 0xe0a5, 0xe0a6, 0xe0a7, 0xe0a8, 0xe0a9, 0xe0aa, 0xe0ab, 0xe0ac, 0xe0ad, 0xe0ae, 0xe0af, 0xe0b0, 0xe0b1,
    0xe0b2, 0xe0b3, 0xe0b4, 0xe0b5, 0xe0b6, 0xe0b7, 0xe0b8, 0xe0b9, 0xe0ba, 0xe0bb, 0x0000, 0x0000, 0xe0bc, 0xe0bd, 0xe0be, 0xe0bf,
    0xe0c0, 0xe0c1, 0xe0c2, 0xe0c3, 0xe0c4, 0xe0c5, 0xe0c6, 0xe0c7, 0xe0c8, 0xe0c9, 0xe0ca, 0xe0cb, 0xe0cc, 0xe0cd, 0xe0ce, 0xe0cf,
    0xe0d0, 0xe0d1, 0xe0d2, 0xe0d3, 0xe0d4, 0xe0d5, 0xe0d6, 0xe0d7, 0xe0d8, 0xe0d9, 0xe0da, 0xe0db, 0xe0dc, 0xe0dd, 0xe0de, 0xe0df,
    0xe0e0, 0xe0e1, 0xe0e2, 0xe0e3, 0xe0e4, 0xe0e5, 0xe0e6, 0xe0e7, 0xe0e8, 0xe0e9, 0xe0ea, 0xe0eb, 0xe0ec, 0xe0ed, 0xe0ee, 0xe0ef,
    0xe0f0, 0xe0f1, 0xe0f2, 0xe0f3, 0xe0f4, 0xe0f5, 0xe0f6, 0xe0f7, 0xe0f8, 0xe0f9, 0xe0fa, 0x0000, 0xe0fb, 0xe0fc, 0xe0fd, 0xe0fe,
    0xe0ff, 0xe100, 0xe101, 0xe102, 0xe103, 0xe104, 0xe105, 0xe106, 0xe107, 0xe108, 0xe109, 0xe10a, 0xe10b, 0xe10c, 0xe10d, 0xe10e,
    0xe10f, 0xe110, 0xe111, 0xe112, 0xe113, 0xe114, 0xe115, 0xe116, 0xe117, 0xe118, 0xe119, 0xe11a, 0xe11b, 0xe11c, 0xe11d, 0xe11e,
    0xe11f, 0xe120, 0xe121, 0xe122, 0xe123, 0xe124, 0xe125, 0xe126, 0xe127, 0xe128, 0xe129, 0xe12a, 0xe12b, 0xe12c, 0xe12d, 0xe12e,
    0xe12f, 0xe130, 0xe131, 0xe132, 0xe133, 0xe134, 0xe135, 0xe136, 0xe137, 0xe138, 0xe139, 0xe13a, 0xe13b, 0xe13c, 0xe13d, 0xe13e,
    0xe13f, 0xe140, 0xe141, 0xe142, 0xe143, 0xe144, 0xe145, 0xe146, 0xe147, 0xe148, 0xe149, 0xe14a, 0xe14b, 0xe14c, 0xe14d, 0xe14e,
    0xe14f, 0xe150, 0xe151, 0xe152, 0xe153, 0xe154, 0xe155, 0xe156, 0xe157, 0xe158, 0xe159, 0xe15a, 0xe15b, 0xe15c, 0xe15d, 0xe15e,
    0xe15f, 0xe160, 0xe161, 0xe162, 0xe163, 0xe164, 0xe165, 0xe166, 0xe167, 0xe168, 0xe169, 0xe16a, 0xe16b, 0xe16c, 0xe16d, 0xe16e,
    0xe16f, 0xe170, 0xe171, 0xe172, 0xe173, 0xe174, 0xe175, 0xe176, 0xe177, 0x0000, 0x0000, 0xe178, 0xe179, 0xe17a, 0xe17b, 0xe17c,
    0xe17d, 0xe17e, 0xe17f, 0xe180, 0xe181, 0xe182, 0xe183, 0xe184, 0xe185, 0xe186, 0xe187, 0xe188, 0xe189, 0xe18a, 0xe18b, 0xe18c,
    0xe18d, 0xe18e, 0xe18f, 0xe190, 0xe191, 0xe192, 0xe193, 0xe194, 0xe195, 0xe196, 0xe197, 0xe198, 0xe199, 0xe19a, 0xe19b, 0xe19c,
    0xe19d, 0xe19e, 0xe19f, 0xe1a0, 0xe1a1, 0xe1a2, 0xe1a3, 0xe1a4, 0xe1a5, 0xe1a6, 0xe1a7, 0xe1a8, 0xe1a9, 0xe1aa, 0xe1ab, 0xe1ac,
    0xe1ad, 0xe1ae, 0xe1af, 0xe1b0, 0xe1b1, 0xe1b2, 0xe1b3, 0xe1b4, 0xe1b5, 0xe1b6, 0x0000, 0xe1b7, 0xe1b8, 0xe1b9, 0xe1ba, 0xe1bb,
    0xe1bc, 0xe1bd, 0xe1be, 0xe1bf, 0xe1c0, 0xe1c1, 0xe1c2, 0xe1c3, 0xe1c4, 0xe1c5, 0xe1c6, 0xe1c7, 0xe1c8, 0xe1c9, 0xe1ca, 0xe1cb,
    0xe1cc, 0xe1cd, 0xe1ce, 0xe1cf, 0xe1d0, 0xe1d1, 0xe1d2, 0xe1d3, 0xe1d4, 0xe1d5, 0xe1d6, 0xe1d7, 0xe1d8, 0xe1d9, 0xe1da, 0xe1db,
    0xe1dc, 0xe1dd, 0xe1de, 0xe1df, 0xe1e0, 0xe1e1, 0xe1e2, 0xe1e3, 0xe1e4, 0xe1e5, 0xe1e6, 0xe1e7, 0xe1e8, 0xe1e9, 0xe1ea, 0xe1eb,
    0xe1ec, 0xe1ed, 0xe1ee, 0xe1ef, 0xe1f0, 0xe1f1, 0xe1f2, 0xe1f3, 0xe1f4, 0xe1f5, 0xe1f6, 0xe1f7, 0xe1f8, 0xe1f9, 0xe1fa, 0xe1fb,
    0xe1fc, 0xe1fd, 0xe1fe, 0xe1ff, 0xe200, 0xe201, 0xe202, 0xe203, 0xe204, 0xe205, 0xe206, 0xe207, 0xe208, 0xe209, 0xe20a, 0xe20b,
    0xe20c, 0xe20d, 0xe20e, 0xe20f, 0xe210, 0xe211, 0xe212, 0xe213, 0xe214, 0xe215, 0xe216, 0xe217, 0xe218, 0xe219, 0xe21a, 0xe21b,
    0xe21c, 0xe21d, 0xe21e, 0xe21f, 0xe220, 0xe221, 0xe222, 0xe223, 0xe224, 0xe225, 0xe226, 0xe227, 0xe228, 0xe229, 0xe22a, 0xe22b,
    0xe22c, 0xe22d, 0xe22e, 0xe22f, 0xe230, 0xe231, 0xe232, 0xe233, 0x0000, 0x0000, 0xe234, 0xe235, 0xe236, 0xe237, 0xe238, 0xe239,
    0xe23a, 0xe23b, 0xe23c, 0xe23d, 0xe23e, 0xe23f, 0xe240, 0xe241, 0xe242, 0xe243, 0xe244, 0xe245, 0xe246, 0xe247, 0xe248, 0xe249,
    0xe24a, 0xe24b, 0xe24c, 0xe24d, 0xe24e, 0xe24f, 0xe250, 0xe251, 0xe252, 0xe253, 0xe254, 0xe255, 0xe256, 0xe257, 0xe258, 0xe259,
    0xe25a, 0xe25b, 0xe25c, 0xe25d, 0xe25e, 0xe25f, 0xe260, 0xe261, 0xe262, 0xe263, 0xe264, 0xe265, 0xe266, 0xe267, 0xe268, 0xe269,
    0xe26a, 0xe26b, 0xe26c, 0xe26d, 0xe26e, 0xe26f, 0xe270, 0xe271, 0xe272, 0x0000, 0xe273, 0xe274, 0xe275, 0xe276, 0xe277, 0xe278,
    0xe279, 0xe27a, 0xe27b, 0xe27c, 0xe27d, 0xe27e, 0xe27f, 0xe280, 0xe281, 0xe282, 0xe283, 0xe284, 0xe285, 0xe286, 0xe287, 0xe288,
    0xe289, 0xe28a, 0xe28b, 0xe28c, 0xe28d, 0xe28e, 0xe28f, 0xe290, 0xe291, 0xe292, 0xe293, 0xe294, 0xe295, 0xe296, 0xe297, 0xe298,
    0xe299, 0xe29a, 0xe29b, 0xe29c, 0xe29d, 0xe29e, 0xe29f, 0xe2a0, 0xe2a1, 0xe2a2, 0xe2a3, 0xe2a4, 0xe2a5, 0xe2a6, 0xe2a7, 0xe2a8,
    0xe2a9, 0xe2aa, 0xe2ab, 0xe2ac, 0xe2ad, 0xe2ae, 0xe2af, 0xe2b0, 0xe2b1, 0xe2b2, 0xe2b3, 0xe2b4, 0xe2b5, 0xe2b6, 0xe2b7, 0xe2b8,
    0xe2b9, 0xe2ba, 0xe2bb, 0xe2bc, 0xe2bd, 0xe2be, 0xe2bf, 0xe2c0, 0xe2c1, 0xe2c2, 0xe2c3, 0xe2c4, 0xe2c5, 0xe2c6, 0xe2c7, 0xe2c8,
    0xe2c9, 0xe2ca, 0xe2cb, 0xe2cc, 0xe2cd, 0xe2ce, 0xe2cf, 0xe2d0, 0xe2d1, 0xe2d2, 0xe2d3, 0xe2d4, 0xe2d5, 0xe2d6, 0xe2d7, 0xe2d8,
    0xe2d9, 0xe2da, 0xe2db, 0xe2dc, 0xe2dd, 0xe2de, 0xe2df, 0xe2e0, 0xe2e1, 0xe2e2, 0xe2e3, 0xe2e4, 0xe2e5, 0xe2e6, 0xe2e7, 0xe2e8,
    0xe2e9, 0xe2ea, 0xe2eb, 0xe2ec, 0xe2ed, 0xe2ee, 0xe2ef, 0x0000, 0x0000, 0xe2f0, 0xe2f1, 0xe2f2, 0xe2f3, 0xe2f4, 0xe2f5, 0xe2f6,
    0xe2f7, 0xe2f8, 0xe2f9, 0xe2fa, 0xe2fb, 0xe2fc, 0xe2fd, 0xe2fe, 0xe2ff, 0xe300, 0xe301, 0xe302, 0xe303, 0xe304, 0xe305, 0xe306,
    0xe307, 0xe308, 0xe309, 0xe30a, 0xe30b, 0xe30c, 0xe30d, 0xe30e, 0xe30f, 0xe310, 0xe311, 0xe312, 0xe313, 0xe314, 0xe315, 0xe316,
    0xe317, 0xe318, 0xe319, 0xe31a, 0xe31b, 0xe31c, 0xe31d, 0xe31e, 0xe31f, 0xe320, 0xe321, 0xe322, 0xe323, 0xe324, 0xe325, 0xe326,
    0xe327, 0xe328, 0xe329, 0xe32a, 0xe32b, 0xe32c, 0xe32d, 0xe32e, 0x0000, 0xe32f, 0xe330, 0xe331, 0xe332, 0xe333, 0xe334, 0xe335,
    0xe336, 0xe337, 0xe338, 0xe339, 0xe33a, 0xe33b, 0xe33c, 0xe33d, 0xe33e, 0xe33f, 0xe340, 0xe341, 0xe342, 0xe343, 0xe344, 0xe345,
    0xe346, 0xe347, 0xe348, 0xe349, 0xe34a, 0xe34b, 0xe34c, 0xe34d, 0xe34e, 0xe34f, 0xe350, 0xe351, 0xe352, 0xe353, 0xe354, 0xe355,
    0xe356, 0xe357, 0xe358, 0xe359, 0xe35a, 0xe35b, 0xe35c, 0xe35d, 0xe35e, 0xe35f, 0xe360, 0xe361, 0xe362, 0xe363, 0xe364, 0xe365,
    0xe366, 0xe367, 0xe368, 0xe369, 0xe36a, 0xe36b, 0xe36c, 0xe36d, 0xe36e, 0xe36f, 0xe370, 0xe371, 0xe372, 0xe373, 0xe374, 0xe375,
    0xe376, 0xe377, 0xe378, 0xe379, 0xe37a, 0xe37b, 0xe37c, 0xe37d, 0xe37e, 0xe37f, 0xe380, 0xe381, 0xe382, 0xe383, 0xe384, 0xe385,
    0xe386, 0xe387, 0xe388, 0xe389, 0xe38a, 0xe38b, 0xe38c, 0xe38d, 0xe38e, 0xe38f, 0xe390, 0xe391, 0xe392, 0xe393, 0xe394, 0xe395,
    0xe396, 0xe397, 0xe398, 0xe399, 0xe39a, 0xe39b, 0xe39c, 0xe39d, 0xe39e, 0xe39f, 0xe3a0, 0xe3a1, 0xe3a2, 0xe3a3, 0xe3a4, 0xe3a5,
    0xe3a6, 0xe3a7, 0xe3a8, 0xe3a9, 0xe3aa, 0xe3ab, 0x0000, 0x0000, 0xe3ac, 0xe3ad, 0xe3ae, 0xe3af, 0xe3b0, 0xe3b1, 0xe3b2, 0xe3b3,
    0xe3b4, 0xe3b5, 0xe3b6, 0xe3b7, 0xe3b8, 0xe3b9, 0xe3ba, 0xe3bb, 0xe3bc, 0xe3bd, 0xe3be, 0xe3bf, 0xe3c0, 0xe3c1, 0xe3c2, 0xe3c3,
    0xe3c4, 0xe3c5, 0xe3c6, 0xe3c7, 0xe3c8, 0xe3c9, 0xe3ca, 0xe3cb, 0xe3cc, 0xe3cd, 0xe3ce, 0xe3cf, 0xe3d0, 0xe3d1, 0xe3d2, 0xe3d3,
    0xe3d4, 0xe3d5, 0xe3d6, 0xe3d7, 0xe3d8, 0xe3d9, 0xe3da, 0xe3db, 0xe3dc, 0xe3dd, 0xe3de, 0xe3df, 0xe3e0, 0xe3e1, 0xe3e2, 0xe3e3,
    0xe3e4, 0xe3e5, 0xe3e6, 0xe3e7, 0xe3e8, 0xe3e9, 0xe3ea, 0x0000, 0xe3eb, 0xe3ec, 0xe3ed, 0xe3ee, 0xe3ef, 0xe3f0, 0xe3f1, 0xe3f2,
    0xe3f3, 0xe3f4, 0xe3f5, 0xe3f6, 0xe3f7, 0xe3f8, 0xe3f9, 0xe3fa, 0xe3fb, 0xe3fc, 0xe3fd, 0xe3fe, 0xe3ff, 0xe400, 0xe401, 0xe402,
    0xe403, 0xe404, 0xe405, 0xe406, 0xe407, 0xe408, 0xe409, 0xe40a, 0xe40b, 0xe40c, 0xe40d, 0xe40e, 0xe40f, 0xe410, 0xe411, 0xe412,
    0xe413, 0xe414, 0xe415, 0xe416, 0xe417, 0xe418, 0xe419, 0xe41a, 0xe41b, 0xe41c, 0xe41d, 0xe41e, 0xe41f, 0xe420, 0xe421, 0xe422,
    0xe423, 0xe424, 0xe425, 0xe426, 0xe427, 0xe428, 0xe429, 0xe42a, 0xe42b, 0xe42c, 0xe42d, 0xe42e, 0xe42f, 0xe430, 0xe431, 0xe432,
    0xe433, 0xe434, 0xe435, 0xe436, 0xe437, 0xe438, 0xe439, 0xe43a, 0xe43b, 0xe43c, 0xe43d, 0xe43e, 0xe43f, 0xe440, 0xe441, 0xe442,
    0xe443, 0xe444, 0xe445, 0xe446, 0xe447, 0xe448, 0xe449, 0xe44a, 0xe44b, 0xe44c, 0xe44d, 0xe44e, 0xe44f, 0xe450, 0xe451, 0xe452,
    0xe453, 0xe454, 0xe455, 0xe456, 0xe457, 0xe458, 0xe459, 0xe45a, 0xe45b, 0xe45c, 0xe45d, 0xe45e, 0xe45f, 0xe460, 0xe461, 0xe462,
    0xe463, 0xe464, 0xe465, 0xe466, 0xe467, 0x0000, 0x0000, 0xe468, 0xe469, 0xe46a, 0xe46b, 0xe46c, 0xe46d, 0xe46e, 0xe46f, 0xe470,
    0xe471, 0xe472, 0xe473, 0xe474, 0xe475, 0xe476, 0xe477, 0xe478, 0xe479, 0xe47a, 0xe47b, 0xe47c, 0xe47d, 0xe47e, 0xe47f, 0xe480,
    0xe481, 0xe482, 0xe483, 0xe484, 0xe485, 0xe486, 0xe487, 0xe488, 0xe489, 0xe48a, 0xe48b, 0xe48c, 0xe48d, 0xe48e, 0xe48f, 0xe490,
    0xe491, 0xe492, 0xe493, 0xe494, 0xe495, 0xe496, 0xe497, 0xe498, 0xe499, 0xe49a, 0xe49b, 0xe49c, 0xe49d, 0xe49e, 0xe49f, 0xe4a0,
    0xe4a1, 0xe4a2, 0xe4a3, 0xe4a4, 0xe4a5, 0xe4a6, 0x0000, 0xe4a7, 0xe4a8, 0xe4a9, 0xe4aa, 0xe4ab, 0xe4ac, 0xe4ad, 0xe4ae, 0xe4af,
    0xe4b0, 0xe4b1, 0xe4b2, 0xe4b3, 0xe4b4, 0xe4b5, 0xe4b6, 0xe4b7, 0xe4b8, 0xe4b9, 0xe4ba, 0xe4bb, 0xe4bc, 0xe4bd, 0xe4be, 0xe4bf,
    0xe4c0, 0xe4c1, 0xe4c2, 0xe4c3, 0xe4c4, 0xe4c5, 0xe4c6, 0xe4c7, 0xe4c8, 0xe4c9, 0xe4ca, 0xe4cb, 0xe4cc, 0xe4cd, 0xe4ce, 0xe4cf,
    0xe4d0, 0xe4d1, 0xe4d2, 0xe4d3, 0xe4d4, 0xe4d5, 0xe4d6, 0xe4d7, 0xe4d8, 0xe4d9, 0xe4da, 0xe4db, 0xe4dc, 0xe4dd, 0xe4de, 0xe4df,
    0xe4e0, 0xe4e1, 0xe4e2, 0xe4e3, 0xe4e4, 0xe4e5, 0xe4e6, 0xe4e7, 0xe4e8, 0xe4e9, 0xe4ea, 0xe4eb, 0xe4ec, 0xe4ed, 0xe4ee, 0xe4ef,
    0xe4f0, 0xe4f1, 0xe4f2, 0xe4f3, 0xe4f4, 0xe4f5, 0xe4f6, 0xe4f7, 0xe4f8, 0xe4f9, 0xe4fa, 0xe4fb, 0xe4fc, 0xe4fd, 0xe4fe, 0xe4ff,
    0xe500, 0xe501, 0xe502, 0xe503, 0xe504, 0xe505, 0xe506, 0xe507, 0xe508, 0xe509, 0xe50a, 0xe50b, 0xe50c, 0xe50d, 0xe50e, 0xe50f,
    0xe510, 0xe511, 0xe512, 0xe513, 0xe514, 0xe515, 0xe516, 0xe517, 0xe518, 0xe519, 0xe51a, 0xe51b, 0xe51c, 0xe51d, 0xe51e, 0xe51f,
    0xe520, 0xe521, 0xe522, 0xe523, 0x0000, 0x0000, 0xe524, 0xe525, 0xe526, 0xe527, 0xe528, 0xe529, 0xe52a, 0xe52b, 0xe52c, 0xe52d,
    0xe52e, 0xe52f, 0xe530, 0xe531, 0xe532, 0xe533, 0xe534, 0xe535, 0xe536, 0xe537, 0xe538, 0xe539, 0xe53a, 0xe53b, 0xe53c, 0xe53d,
    0xe53e, 0xe53f, 0xe540, 0xe541, 0xe542, 0xe543, 0xe544, 0xe545, 0xe546, 0xe547, 0xe548, 0xe549, 0xe54a, 0xe54b, 0xe54c, 0xe54d,
    0xe54e, 0xe54f, 0xe550, 0xe551, 0xe552, 0xe553, 0xe554, 0xe555, 0xe556, 0xe557, 0xe558, 0xe559, 0xe55a, 0xe55b, 0xe55c, 0xe55d,
    0xe55e, 0xe55f, 0xe560, 0xe561, 0xe562, 0x0000, 0xe563, 0xe564, 0xe565, 0xe566, 0xe567, 0xe568, 0xe569, 0xe56a, 0xe56b, 0xe56c,
    0xe56d, 0xe56e, 0xe56f, 0xe570, 0xe571, 0xe572, 0xe573, 0xe574, 0xe575, 0xe576, 0xe577, 0xe578, 0xe579, 0xe57a, 0xe57b, 0xe57c,
    0xe57d, 0xe57e, 0xe57f, 0xe580, 0xe581, 0xe582, 0xe583, 0xe584, 0xe585, 0xe586, 0xe587, 0xe588, 0xe589, 0xe58a, 0xe58b, 0xe58c,
    0xe58d, 0xe58e, 0xe58f, 0xe590, 0xe591, 0xe592, 0xe593, 0xe594, 0xe595, 0xe596, 0xe597, 0xe598, 0xe599, 0xe59a, 0xe59b, 0xe59c,
    0xe59d, 0xe59e, 0xe59f, 0xe5a0, 0xe5a1, 0xe5a2, 0xe5a3, 0xe5a4, 0xe5a5, 0xe5a6, 0xe5a7, 0xe5a8, 0xe5a9, 0xe5aa, 0xe5ab, 0xe5ac,
    0xe5ad, 0xe5ae, 0xe5af, 0xe5b0, 0xe5b1, 0xe5b2, 0xe5b3, 0xe5b4, 0xe5b5, 0xe5b6, 0xe5b7, 0xe5b8, 0xe5b9, 0xe5ba, 0xe5bb, 0xe5bc,
    0xe5bd, 0xe5be, 0xe5bf, 0xe5c0, 0xe5c1, 0xe5c2, 0xe5c3, 0xe5c4, 0xe5c5, 0xe5c6, 0xe5c7, 0xe5c8, 0xe5c9, 0xe5ca, 0xe5cb, 0xe5cc,
    0xe5cd, 0xe5ce, 0xe5cf, 0xe5d0, 0xe5d1, 0xe5d2, 0xe5d3, 0xe5d4, 0xe5d5, 0xe5d6, 0xe5d7, 0xe5d8, 0xe5d9, 0xe5da, 0xe5db, 0xe5dc,
    0xe5dd, 0xe5de, 0xe5df, 0x0000, 0x0000, 0xe5e0, 0xe5e1, 0xe5e2, 0xe5e3, 0xe5e4, 0xe5e5, 0xe5e6, 0xe5e7, 0xe5e8, 0xe5e9, 0xe5ea,
    0xe5eb, 0xe5ec, 0xe5ed, 0xe5ee, 0xe5ef, 0xe5f0, 0xe5f1, 0xe5f2, 0xe5f3, 0xe5f4, 0xe5f5, 0xe5f6, 0xe5f7, 0xe5f8, 0xe5f9, 0xe5fa,
    0xe5fb, 0xe5fc, 0xe5fd, 0xe5fe, 0xe5ff, 0xe600, 0xe601, 0xe602, 0xe603, 0xe604, 0xe605, 0xe606, 0xe607, 0xe608, 0xe609, 0xe60a,
    0xe60b, 0xe60c, 0xe60d, 0xe60e, 0xe60f, 0xe610, 0xe611, 0xe612, 0xe613, 0xe614, 0xe615, 0xe616, 0xe617, 0xe618, 0xe619, 0xe61a,
    0xe61b, 0xe61c, 0xe61d, 0xe61e, 0x0000, 0xe61f, 0xe620, 0xe621, 0xe622, 0xe623, 0xe624, 0xe625, 0xe626, 0xe627, 0xe628, 0xe629,
    0xe62a, 0xe62b, 0xe62c, 0xe62d, 0xe62e, 0xe62f, 0xe630, 0xe631, 0xe632, 0xe633, 0xe634, 0xe635, 0xe636, 0xe637, 0xe638, 0xe639,
    0xe63a, 0xe63b, 0xe63c, 0xe63d, 0xe63e, 0xe63f, 0xe640, 0xe641, 0xe642, 0xe643, 0xe644, 0xe645, 0xe646, 0xe647, 0xe648, 0xe649,
    0xe64a, 0xe64b, 0xe64c, 0xe64d, 0xe64e, 0xe64f, 0xe650, 0xe651, 0xe652, 0xe653, 0xe654, 0xe655, 0xe656, 0xe657, 0xe658, 0xe659,
    0xe65a, 0xe65b, 0xe65c, 0xe65d, 0xe65e, 0xe65f, 0xe660, 0xe661, 0xe662, 0xe663, 0xe664, 0xe665, 0xe666, 0xe667, 0xe668, 0xe669,
    0xe66a, 0xe66b, 0xe66c, 0xe66d, 0xe66e, 0xe66f, 0xe670, 0xe671, 0xe672, 0xe673, 0xe674, 0xe675, 0xe676, 0xe677, 0xe678, 0xe679,
    0xe67a, 0xe67b, 0xe67c, 0xe67d, 0xe67e, 0xe67f, 0xe680, 0xe681, 0xe682, 0xe683, 0xe684, 0xe685, 0xe686, 0xe687, 0xe688, 0xe689,
    0xe68a, 0xe68b, 0xe68c, 0xe68d, 0xe68e, 0xe68f, 0xe690, 0xe691, 0xe692, 0xe693, 0xe694, 0xe695, 0xe696, 0xe697, 0xe698, 0xe699,
    0xe69a, 0xe69b, 0x0000, 0x0000, 0xe69c, 0xe69d, 0xe69e, 0xe69f, 0xe6a0, 0xe6a1, 0xe6a2, 0xe6a3, 0xe6a4, 0xe6a5, 0xe6a6, 0xe6a7,
    0xe6a8, 0xe6a9, 0xe6aa, 0xe6ab, 0xe6ac, 0xe6ad, 0xe6ae, 0xe6af, 0xe6b0, 0xe6b1, 0xe6b2, 0xe6b3, 0xe6b4, 0xe6b5, 0xe6b6, 0xe6b7,
    0xe6b8, 0xe6b9, 0xe6ba, 0xe6bb, 0xe6bc, 0xe6bd, 0xe6be, 0xe6bf, 0xe6c0, 0xe6c1, 0xe6c2, 0xe6c3, 0xe6c4, 0xe6c5, 0xe6c6, 0xe6c7,
    0xe6c8, 0xe6c9, 0xe6ca, 0xe6cb, 0xe6cc, 0xe6cd, 0xe6ce, 0xe6cf, 0xe6d0, 0xe6d1, 0xe6d2, 0xe6d3, 0xe6d4, 0xe6d5, 0xe6d6, 0xe6d7,
    0xe6d8, 0xe6d9, 0xe6da, 0x0000, 0xe6db, 0xe6dc, 0xe6dd, 0xe6de, 0xe6df, 0xe6e0, 0xe6e1, 0xe6e2, 0xe6e3, 0xe6e4, 0xe6e5, 0xe6e6,
    0xe6e7, 0xe6e8, 0xe6e9, 0xe6ea, 0xe6eb, 0xe6ec, 0xe6ed, 0xe6ee, 0xe6ef, 0xe6f0, 0xe6f1, 0xe6f2, 0xe6f3, 0xe6f4, 0xe6f5, 0xe6f6,
    0xe6f7, 0xe6f8, 0xe6f9, 0xe6fa, 0xe6fb, 0xe6fc, 0xe6fd, 0xe6fe, 0xe6ff, 0xe700, 0xe701, 0xe702, 0xe703, 0xe704, 0xe705, 0xe706,
    0xe707, 0xe708, 0xe709, 0xe70a, 0xe70b, 0xe70c, 0xe70d, 0xe70e, 0xe70f, 0xe710, 0xe711, 0xe712, 0xe713, 0xe714, 0xe715, 0xe716,
    0xe717, 0xe718, 0xe719, 0xe71a, 0xe71b, 0xe71c, 0xe71d, 0xe71e, 0xe71f, 0xe720, 0xe721, 0xe722, 0xe723, 0xe724, 0xe725, 0xe726,
    0xe727, 0xe728, 0xe729, 0xe72a, 0xe72b, 0xe72c, 0xe72d, 0xe72e, 0xe72f, 0xe730, 0xe731, 0xe732, 0xe733, 0xe734, 0xe735, 0xe736,
    0xe737, 0xe738, 0xe739, 0xe73a, 0xe73b, 0xe73c, 0xe73d, 0xe73e, 0xe73f, 0xe740, 0xe741, 0xe742, 0xe743, 0xe744, 0xe745, 0xe746,
    0xe747, 0xe748, 0xe749, 0xe74a, 0xe74b, 0xe74c, 0xe74d, 0xe74e, 0xe74f, 0xe750, 0xe751, 0xe752, 0xe753, 0xe754, 0xe755, 0xe756,
    0xe757, 0x0000, 0x0000, 0x0000, 0x0000, 0x0000, 0x0000, 0x0000, 0x0000, 0x0000, 0x0000, 0x0000, 0x0000, 0x0000, 0x0000, 0x0000,
    0x0000, 0x0000, 0x0000, 0x0000, 0x0000, 0x0000, 0x0000, 0x0000, 0x0000, 0x0000, 0x0000, 0x0000, 0x0000, 0x0000, 0x0000, 0x0000,
    0x0000, 0x0000, 0x0000, 0x0000, 0x0000, 0x0000, 0x0000, 0x0000, 0x0000, 0x0000, 0x0000, 0x0000, 0x0000, 0x0000, 0x0000, 0x0000,
    0x0000, 0x0000, 0x0000, 0x0000, 0x0000, 0x0000, 0x0000, 0x0000, 0x0000, 0x0000, 0x0000, 0x0000, 0x0000, 0x0000, 0x0000, 0x0000,
    0x0000, 0x0000, 0x0000, 0x0000, 0x0000, 0x0000, 0x0000, 0x0000, 0x0000, 0x0000, 0x0000, 0x0000, 0x0000, 0x0000, 0x0000, 0x0000,
    0x0000, 0x0000, 0x0000, 0x0000, 0x0000, 0x0000, 0x0000, 0x0000, 0x0000, 0x0000, 0x0000, 0x0000, 0x0000, 0x0000, 0x0000, 0x0000,
    0x0000, 0x0000, 0x0000, 0x0000, 0x0000, 0x0000, 0x0000, 0x0000, 0x0000, 0x0000, 0x0000, 0x0000, 0x0000, 0x0000, 0x0000, 0x0000,
    0x0000, 0x0000, 0x0000, 0x0000, 0x0000, 0x0000, 0x0000, 0x0000, 0x0000, 0x0000, 0x0000, 0x0000, 0x0000, 0x0000, 0x0000, 0x0000,
    0x0000, 0x0000, 0x0000, 0x0000, 0x0000, 0x0000, 0x0000, 0x0000, 0x0000, 0x0000, 0x0000, 0x0000, 0x0000, 0x0000, 0x0000, 0x0000,
    0x0000, 0x0000, 0x0000, 0x0000, 0x0000, 0x0000, 0x0000, 0x0000, 0x0000, 0x0000, 0x0000, 0x0000, 0x0000, 0x0000, 0x0000, 0x0000,
    0x0000, 0x0000, 0x0000, 0x0000, 0x0000, 0x0000, 0x0000, 0x0000, 0x0000, 0x0000, 0x0000, 0x0000, 0x0000, 0x0000, 0x0000, 0x0000,
    0x0000, 0x0000, 0x0000, 0x0000, 0x0000, 0x0000, 0x0000, 0x0000, 0x0000, 0x0000, 0x0000, 0x0000, 0x0000, 0x0000, 0x0000, 0x0000,
    0x0000, 0x0000, 0x0000, 0x0000, 0x0000, 0x0000, 0x0000, 0x0000, 0x0000, 0x0000, 0x0000, 0x0000, 0x0000, 0x0000, 0x0000, 0x0000,
    0x0000, 0x0000, 0x0000, 0x0000, 0x0000, 0x0000, 0x0000, 0x0000, 0x0000, 0x0000, 0x0000, 0x0000, 0x0000, 0x0000, 0x0000, 0x0000,
    0x0000, 0x0000, 0x0000, 0x0000, 0x0000, 0x0000, 0x0000, 0x0000, 0x0000, 0x0000, 0x0000, 0x0000, 0x0000, 0x0000, 0x0000, 0x0000,
    0x0000, 0x0000, 0x0000, 0x0000, 0x0000, 0x0000, 0x0000, 0x0000, 0x0000, 0x0000, 0x0000, 0x0000, 0x0000, 0x0000, 0x0000, 0x0000,
    0x0000, 0x0000, 0x0000, 0x0000, 0x0000, 0x0000, 0x0000, 0x0000, 0x0000, 0x0000, 0x0000, 0x0000, 0x0000, 0x0000, 0x0000, 0x0000,
    0x0000, 0x0000, 0x0000, 0x0000, 0x0000, 0x0000, 0x0000, 0x0000, 0x0000, 0x0000, 0x0000, 0x0000, 0x0000, 0x0000, 0x0000, 0x0000,
    0x0000, 0x0000, 0x0000, 0x0000, 0x0000, 0x0000, 0x0000, 0x0000, 0x0000, 0x0000, 0x0000, 0x0000, 0x0000, 0x0000, 0x0000, 0x0000,
    0x0000, 0x0000, 0x0000, 0x0000, 0x0000, 0x0000, 0x0000, 0x0000, 0x0000, 0x0000, 0x0000, 0x0000, 0x0000, 0x0000, 0x0000, 0x0000,
    0x0000, 0x0000, 0x0000, 0x0000, 0x0000, 0x0000, 0x0000, 0x0000, 0x0000, 0x0000, 0x0000, 0x0000, 0x0000, 0x0000, 0x0000, 0x0000,
    0x0000, 0x0000, 0x0000, 0x0000, 0x0000, 0x0000, 0x0000, 0x0000, 0x0000, 0x0000, 0x0000, 0x0000, 0x0000, 0x0000, 0x0000, 0x0000,
    0x0000, 0x0000, 0x0000, 0x0000, 0x0000, 0x0000, 0x0000, 0x0000, 0x0000, 0x0000, 0x0000, 0x0000, 0x0000, 0x0000, 0x0000, 0x0000,
    0x0000, 0x0000, 0x0000, 0x0000, 0x0000, 0x0000, 0x0000, 0x0000, 0x0000, 0x0000, 0x0000, 0x0000, 0x0000, 0x0000, 0x0000, 0x0000,
    0x0000, 0x0000, 0x0000, 0x0000, 0x0000, 0x0000, 0x0000, 0x0000, 0x0000, 0x0000, 0x0000, 0x0000, 0x0000, 0x0000, 0x0000, 0x0000,
    0x0000, 0x0000, 0x0000, 0x0000, 0x0000, 0x0000, 0x0000, 0x0000, 0x0000, 0x0000, 0x0000, 0x0000, 0x0000, 0x0000, 0x0000, 0x0000,
    0x0000, 0x0000, 0x0000, 0x0000, 0x0000, 0x0000, 0x0000, 0x0000, 0x0000, 0x0000, 0x0000, 0x0000, 0x0000, 0x0000, 0x0000, 0x0000,
    0x0000, 0x0000, 0x0000, 0x0000, 0x0000, 0x0000, 0x0000, 0x0000, 0x0000, 0x0000, 0x0000, 0x0000, 0x0000, 0x0000, 0x0000, 0x0000,
    0x0000, 0x0000, 0x0000, 0x0000, 0x0000, 0x0000, 0x0000, 0x0000, 0x0000, 0x0000, 0x0000, 0x0000, 0x0000, 0x0000, 0x0000, 0x0000,
    0x0000, 0x0000, 0x0000, 0x0000, 0x0000, 0x0000, 0x0000, 0x0000, 0x0000, 0x0000, 0x0000, 0x0000, 0x0000, 0x0000, 0x0000, 0x0000,
    0x0000, 0x0000, 0x0000, 0x0000, 0x0000, 0x0000, 0x0000, 0x0000, 0x0000, 0x0000, 0x0000, 0x0000, 0x0000, 0x0000, 0x0000, 0x0000,
    0x0000, 0x0000, 0x0000, 0x0000, 0x0000, 0x0000, 0x0000, 0x0000, 0x0000, 0x0000, 0x0000, 0x0000, 0x0000, 0x0000, 0x0000, 0x0000,
    0x0000, 0x0000, 0x0000, 0x0000, 0x0000, 0x0000, 0x0000, 0x0000, 0x0000, 0x0000, 0x0000, 0x0000, 0x0000, 0x0000, 0x0000, 0x0000,
    0x0000, 0x0000, 0x0000, 0x0000, 0x0000, 0x0000, 0x0000, 0x0000, 0x0000, 0x0000, 0x0000, 0x0000, 0x0000, 0x0000, 0x0000, 0x0000,
    0x0000, 0x0000, 0x0000, 0x0000, 0x0000, 0x0000, 0x0000, 0x0000, 0x0000, 0x0000, 0x0000, 0x0000, 0x0000, 0x0000, 0x0000, 0x0000,
    0x0000, 0x0000, 0x0000, 0x0000, 0x0000, 0x0000, 0x0000, 0x0000, 0x0000, 0x0000, 0x0000, 0x0000, 0x0000, 0x0000, 0x0000, 0x0000,
    0x0000, 0x0000, 0x0000, 0x0000, 0x0000, 0x0000, 0x0000, 0x0000, 0x0000, 0x0000, 0x0000, 0x0000, 0x0000, 0x0000, 0x0000, 0x0000,
    0x0000, 0x0000, 0x0000, 0x0000, 0x0000, 0x0000, 0x0000, 0x0000, 0x0000, 0x0000, 0x0000, 0x0000, 0x0000, 0x0000, 0x0000, 0x0000,
    0x0000, 0x0000, 0x0000, 0x0000, 0x0000, 0x0000, 0x0000, 0x0000, 0x0000, 0x0000, 0x0000, 0x0000, 0x0000, 0x0000, 0x0000, 0x0000,
    0x0000, 0x0000, 0x0000, 0x0000, 0x0000, 0x0000, 0x0000, 0x0000, 0x0000, 0x0000, 0x0000, 0x0000, 0x0000, 0x0000, 0x0000, 0x0000,
    0x0000, 0x0000, 0x0000, 0x0000, 0x0000, 0x0000, 0x0000, 0x0000, 0x0000, 0x0000, 0x0000, 0x0000, 0x0000, 0x0000, 0x0000, 0x0000,
    0x0000, 0x0000, 0x0000, 0x0000, 0x0000, 0x0000, 0x0000, 0x0000, 0x0000, 0x0000, 0x0000, 0x0000, 0x0000, 0x0000, 0x0000, 0x0000,
    0x0000, 0x0000, 0x0000, 0x0000, 0x0000, 0x0000, 0x0000, 0x0000, 0x0000, 0x0000, 0x0000, 0x0000, 0x0000, 0x0000, 0x0000, 0x0000,
    0x0000, 0x0000, 0x0000, 0x0000, 0x0000, 0x0000, 0x0000, 0x0000, 0x0000, 0x0000, 0x0000, 0x0000, 0x0000, 0x0000, 0x0000, 0x0000,
    0x0000, 0x0000, 0x0000, 0x0000, 0x0000, 0x0000, 0x0000, 0x0000, 0x0000, 0x0000, 0x0000, 0x0000, 0x0000, 0x0000, 0x0000, 0x0000,
    0x0000, 0x0000, 0x0000, 0x0000, 0x0000, 0x0000, 0x0000, 0x0000, 0x0000, 0x0000, 0x0000, 0x0000, 0x0000, 0x0000, 0x0000, 0x0000,
    0x0000, 0x0000, 0x0000, 0x0000, 0x0000, 0x0000, 0x0000, 0x0000, 0x0000, 0x0000, 0x0000, 0x0000, 0x0000, 0x0000, 0x0000, 0x0000,
    0x0000, 0x0000, 0x0000, 0x0000, 0x0000, 0x0000, 0x0000, 0x0000, 0x0000, 0x0000, 0x0000, 0x0000, 0x0000, 0x0000, 0x0000, 0x0000,
    0x0000, 0x0000, 0x0000, 0x0000, 0x0000, 0x0000, 0x0000, 0x0000, 0x0000, 0x0000, 0x0000, 0x0000, 0x0000, 0x0000, 0x0000, 0x0000,
    0x0000, 0x0000, 0x0000, 0x0000, 0x0000, 0x0000, 0x0000, 0x0000, 0x0000, 0x0000, 0x0000, 0x0000, 0x0000, 0x0000, 0x0000, 0x0000,
    0x0000, 0x0000, 0x0000, 0x0000, 0x0000, 0x0000, 0x0000, 0x0000, 0x0000, 0x0000, 0x0000, 0x0000, 0x0000, 0x0000, 0x0000, 0x0000,
    0x0000, 0x0000, 0x0000, 0x0000, 0x0000, 0x0000, 0x0000, 0x0000, 0x0000, 0x0000, 0x0000, 0x0000, 0x0000, 0x0000, 0x0000, 0x0000,
    0x0000, 0x0000, 0x0000, 0x0000, 0x0000, 0x0000, 0x0000, 0x0000, 0x0000, 0x0000, 0x0000, 0x0000, 0x0000, 0x0000, 0x0000, 0x0000,
    0x0000, 0x0000, 0x0000, 0x0000, 0x0000, 0x0000, 0x0000, 0x0000, 0x0000, 0x0000, 0x0000, 0x0000, 0x0000, 0x0000, 0x0000, 0x0000,
    0x0000, 0x0000, 0x0000, 0x0000, 0x0000, 0x0000, 0x0000, 0x0000, 0x0000, 0x0000, 0x0000, 0x0000, 0x0000, 0x0000, 0x0000, 0x0000,
    0x0000, 0x0000, 0x0000, 0x0000, 0x0000, 0x0000, 0x0000, 0x0000, 0x0000, 0x0000, 0x0000, 0x0000, 0x0000, 0x0000, 0x0000, 0x0000,
    0x0000, 0x0000, 0x0000, 0x0000, 0x0000, 0x0000, 0x0000, 0x0000, 0x0000, 0x0000, 0x0000, 0x0000, 0x0000, 0x0000, 0x0000, 0x0000,
    0x0000, 0x0000, 0x0000, 0x0000, 0x0000, 0x0000, 0x0000, 0x0000, 0x0000, 0x0000, 0x0000, 0x0000, 0x0000, 0x0000, 0x0000, 0x0000,
    0x0000, 0x0000, 0x0000, 0x0000, 0x0000, 0x0000, 0x0000, 0x0000, 0x0000, 0x0000, 0x0000, 0x0000, 0x0000, 0x0000, 0x0000, 0x0000,
    0x0000, 0x0000, 0x0000, 0x0000, 0x0000, 0x0000, 0x0000, 0x0000, 0x0000, 0x0000, 0x0000, 0x0000, 0x0000, 0x0000, 0x0000, 0x0000,
    0x0000, 0x0000, 0x0000, 0x0000, 0x0000, 0x0000, 0x0000, 0x0000, 0x0000, 0x0000, 0x0000, 0x0000, 0x0000, 0x0000, 0x0000, 0x0000,
    0x0000, 0x0000, 0x0000, 0x0000, 0x0000, 0x0000, 0x0000, 0x0000, 0x0000, 0x0000, 0x0000, 0x0000, 0x0000, 0x0000, 0x0000, 0x0000,
    0x0000, 0x0000, 0x0000, 0x0000, 0x0000, 0x0000, 0x0000, 0x0000, 0x0000, 0x0000, 0x0000, 0x0000, 0x0000, 0x0000, 0x0000, 0x0000,
    0x0000, 0x0000, 0x0000, 0x0000, 0x0000, 0x0000, 0x0000, 0x0000, 0x0000, 0x0000, 0x0000, 0x0000, 0x0000, 0x0000, 0x0000, 0x0000,
    0x0000, 0x0000, 0x0000, 0x0000, 0x0000, 0x0000, 0x0000, 0x0000, 0x0000, 0x0000, 0x0000, 0x0000, 0x0000, 0x0000, 0x0000, 0x0000,
    0x0000, 0x0000, 0x0000, 0x0000, 0x0000, 0x0000, 0x0000, 0x0000, 0x0000, 0x0000, 0x0000, 0x0000, 0x0000, 0x0000, 0x0000, 0x0000,
    0x0000, 0x0000, 0x0000, 0x0000, 0x0000, 0x0000, 0x0000, 0x0000, 0x0000, 0x0000, 0x0000, 0x0000, 0x0000, 0x0000, 0x0000, 0x0000,
    0x0000, 0x0000, 0x0000, 0x0000, 0x0000, 0x0000, 0x0000, 0x0000, 0x0000, 0x0000, 0x0000, 0x0000, 0x0000, 0x0000, 0x0000, 0x0000,
    0x0000, 0x0000, 0x0000, 0x0000, 0x0000, 0x0000, 0x0000, 0x0000, 0x0000, 0x0000, 0x0000, 0x0000, 0x0000, 0x0000, 0x0000, 0x0000,
    0x0000, 0x0000, 0x0000, 0x0000, 0x0000, 0x0000, 0x0000, 0x0000, 0x0000, 0x0000, 0x0000, 0x0000, 0x0000, 0x0000, 0x0000, 0x0000,
    0x0000, 0x0000, 0x0000, 0x0000, 0x0000, 0x0000, 0x0000, 0x0000, 0x0000, 0x0000, 0x0000, 0x0000, 0x0000, 0x0000, 0x0000, 0x0000,
    0x0000, 0x0000, 0x0000, 0x0000, 0x0000, 0x0000, 0x0000, 0x0000, 0x0000, 0x0000, 0x0000, 0x0000, 0x0000, 0x0000, 0x0000, 0x0000,
    0x0000, 0x0000, 0x0000, 0x0000, 0x0000, 0x0000, 0x0000, 0x0000, 0x0000, 0x0000, 0x0000, 0x0000, 0x0000, 0x0000, 0x0000, 0x0000,
    0x0000, 0x0000, 0x0000, 0x0000, 0x0000, 0x0000, 0x0000, 0x0000, 0x0000, 0x0000, 0x0000, 0x0000, 0x0000, 0x0000, 0x0000, 0x0000,
    0x0000, 0x0000, 0x0000, 0x0000, 0x0000, 0x0000, 0x0000, 0x0000, 0x0000, 0x0000, 0x0000, 0x0000, 0x0000, 0x0000, 0x0000, 0x0000,
    0x0000, 0x0000, 0x0000, 0x0000, 0x0000, 0x0000, 0x0000, 0x0000, 0x0000, 0x0000, 0x0000, 0x0000, 0x0000, 0x0000, 0x0000, 0x0000,
    0x0000, 0x0000, 0x0000, 0x0000, 0x0000, 0x0000, 0x0000, 0x0000, 0x0000, 0x0000, 0x0000, 0x0000, 0x0000, 0x0000, 0x0000, 0x0000,
    0x0000, 0x0000, 0x0000, 0x0000, 0x0000, 0x0000, 0x0000, 0x0000, 0x0000, 0x0000, 0x0000, 0x0000, 0x0000, 0x0000, 0x0000, 0x0000,
    0x0000, 0x0000, 0x0000, 0x0000, 0x0000, 0x0000, 0x0000, 0x0000, 0x0000, 0x0000, 0x0000, 0x0000, 0x0000, 0x0000, 0x0000, 0x0000,
    0x0000, 0x0000, 0x0000, 0x0000, 0x0000, 0x0000, 0x0000, 0x0000, 0x0000, 0x0000, 0x0000, 0x0000, 0x0000, 0x0000, 0x0000, 0x0000,
    0x0000, 0x0000, 0x0000, 0x0000, 0x0000, 0x0000, 0x0000, 0x0000, 0x0000, 0x0000, 0x0000, 0x0000, 0x0000, 0x0000, 0x0000, 0x0000,
    0x0000, 0x0000, 0x0000, 0x0000, 0x0000, 0x0000, 0x0000, 0x0000, 0x0000, 0x0000, 0x0000, 0x0000, 0x0000, 0x0000, 0x0000, 0x0000,
    0x0000, 0x0000, 0x0000, 0x0000, 0x0000, 0x0000, 0x0000, 0x0000, 0x0000, 0x0000, 0x0000, 0x0000, 0x0000, 0x0000, 0x0000, 0x0000,
    0x0000, 0x0000, 0x0000, 0x0000, 0x0000, 0x0000, 0x0000, 0x0000, 0x0000, 0x0000, 0x0000, 0x0000, 0x0000, 0x0000, 0x0000, 0x0000,
    0x0000, 0x0000, 0x0000, 0x0000, 0x0000, 0x0000, 0x0000, 0x0000, 0x0000, 0x0000, 0x0000, 0x0000, 0x0000, 0x0000, 0x0000, 0x0000,
    0x0000, 0x0000, 0x0000, 0x0000, 0x0000, 0x0000, 0x0000, 0x0000, 0x0000, 0x0000, 0x0000, 0x0000, 0x0000, 0x0000, 0x0000, 0x0000,
    0x0000, 0x0000, 0x0000, 0x0000, 0x0000, 0x0000, 0x0000, 0x0000, 0x0000, 0x0000, 0x0000, 0x0000, 0x0000, 0x0000, 0x0000, 0x0000,
    0x0000, 0x0000, 0x0000, 0x0000, 0x0000, 0x0000, 0x0000, 0x0000, 0x0000, 0x0000, 0x0000, 0x0000, 0x0000, 0x0000, 0x0000, 0x0000,
    0x0000, 0x0000, 0x0000, 0x0000, 0x0000, 0x0000, 0x0000, 0x0000, 0x0000, 0x0000, 0x0000, 0x0000, 0x0000, 0x0000, 0x0000, 0x0000,
    0x0000, 0x0000, 0x0000, 0x0000, 0x0000, 0x0000, 0x0000, 0x0000, 0x0000, 0x0000, 0x0000, 0x0000, 0x0000, 0x0000, 0x0000, 0x0000,
    0x0000, 0x0000, 0x0000, 0x0000, 0x0000, 0x0000, 0x0000, 0x0000, 0x0000, 0x0000, 0x0000, 0x0000, 0x0000, 0x0000, 0x0000, 0x0000,
    0x0000, 0x0000, 0x0000, 0x0000, 0x0000, 0x0000, 0x0000, 0x0000, 0x0000, 0x0000, 0x0000, 0x0000, 0x0000, 0x0000, 0x0000, 0x0000,
    0x0000, 0x0000, 0x0000, 0x0000, 0x0000, 0x0000, 0x0000, 0x0000, 0x0000, 0x0000, 0x0000, 0x0000, 0x0000, 0x0000, 0x0000, 0x0000,
    0x0000, 0x0000, 0x0000, 0x0000, 0x0000, 0x0000, 0x0000, 0x0000, 0x0000, 0x0000, 0x0000, 0x0000, 0x0000, 0x0000, 0x0000, 0x0000,
    0x0000, 0x0000, 0x0000, 0x0000, 0x0000, 0x0000, 0x0000, 0x0000, 0x0000, 0x0000, 0x0000, 0x0000, 0x0000, 0x0000, 0x0000, 0x0000,
    0x0000, 0x0000, 0x0000, 0x0000, 0x0000, 0x0000, 0x0000, 0x0000, 0x0000, 0x0000, 0x0000, 0x0000, 0x0000, 0x0000, 0x0000, 0x0000,
    0x0000, 0x0000, 0x0000, 0x0000, 0x0000, 0x0000, 0x0000, 0x0000, 0x0000, 0x0000, 0x0000, 0x0000, 0x0000, 0x0000, 0x0000, 0x0000,
    0x0000, 0x0000, 0x0000, 0x0000, 0x0000, 0x0000, 0x0000, 0x0000, 0x0000, 0x0000, 0x0000, 0x0000, 0x0000, 0x0000, 0x0000, 0x0000,
    0x0000, 0x0000, 0x0000, 0x0000, 0x0000, 0x0000, 0x0000, 0x0000, 0x0000, 0x0000, 0x0000, 0x0000, 0x0000, 0x0000, 0x0000, 0x0000,
    0x0000, 0x0000, 0x0000, 0x0000, 0x0000, 0x0000, 0x0000, 0x0000, 0x0000, 0x0000, 0x0000, 0x0000, 0x0000, 0x0000, 0x0000, 0x0000,
    0x0000, 0x0000, 0x0000, 0x0000, 0x0000, 0x0000, 0x0000, 0x0000, 0x0000, 0x0000, 0x0000, 0x0000, 0x0000, 0x0000, 0x0000, 0x0000,
    0x0000, 0x0000, 0x0000, 0x0000, 0x0000, 0x0000, 0x0000, 0x0000, 0x0000, 0x0000, 0x0000, 0x0000, 0x0000, 0x0000, 0x0000, 0x0000,
    0x0000, 0x0000, 0x0000, 0x0000, 0x0000, 0x0000, 0x0000, 0x0000, 0x0000, 0x0000, 0x0000, 0x0000, 0x0000, 0x0000, 0x0000, 0x0000,
    0x0000, 0x0000, 0x0000, 0x0000, 0x0000, 0x0000, 0x0000, 0x0000, 0x0000, 0x0000, 0x0000, 0x0000, 0x0000, 0x0000, 0x0000, 0x0000,
    0x0000, 0x0000, 0x0000, 0x0000, 0x0000, 0x0000, 0x0000, 0x0000, 0x0000, 0x0000, 0x0000, 0x0000, 0x0000, 0x0000, 0x0000, 0x0000,
    0x0000, 0x0000, 0x0000, 0x0000, 0x0000, 0x0000, 0x0000, 0x0000, 0x0000, 0x0000, 0x0000, 0x0000, 0x0000, 0x0000, 0x0000, 0x0000,
    0x0000, 0x0000, 0x0000, 0x0000, 0x0000, 0x0000, 0x0000, 0x0000, 0x0000, 0x0000, 0x0000, 0x0000, 0x0000, 0x0000, 0x0000, 0x0000,
    0x0000, 0x0000, 0x0000, 0x0000, 0x0000, 0x0000, 0x0000, 0x0000, 0x0000, 0x0000, 0x0000, 0x0000, 0x0000, 0x0000, 0x0000, 0x0000,
    0x0000, 0x0000, 0x0000, 0x0000, 0x0000, 0x0000, 0x0000, 0x0000, 0x0000, 0x0000, 0x0000, 0x0000, 0x0000, 0x0000, 0x0000, 0x0000,
    0x0000, 0x0000, 0x0000, 0x0000, 0x0000, 0x0000, 0x0000, 0x0000, 0x0000, 0x0000, 0x0000, 0x0000, 0x0000, 0x0000, 0x0000, 0x0000,
    0x0000, 0x0000, 0x0000, 0x0000, 0x0000, 0x0000, 0x0000, 0x0000, 0x0000, 0x0000, 0x0000, 0x0000, 0x0000, 0x0000, 0x0000, 0x0000,
    0x0000, 0x0000, 0x0000, 0x0000, 0x0000, 0x0000, 0x0000, 0x0000, 0x0000, 0x0000, 0x0000, 0x0000, 0x0000, 0x0000, 0x0000, 0x0000,
    0x0000, 0x0000, 0x0000, 0x0000, 0x0000, 0x0000, 0x0000, 0x0000, 0x0000, 0x0000, 0x0000, 0x0000, 0x0000, 0x0000, 0x0000, 0x0000,
    0x0000, 0x0000, 0x0000, 0x0000, 0x0000, 0x0000, 0x0000, 0x0000, 0x0000, 0x0000, 0x0000, 0x0000, 0x0000, 0x0000, 0x0000, 0x0000,
    0x0000, 0x0000, 0x0000, 0x0000, 0x0000, 0x0000, 0x0000, 0x0000, 0x0000, 0x0000, 0x0000, 0x0000, 0x0000, 0x0000, 0x0000, 0x0000,
    0x0000, 0x0000, 0x0000, 0x0000, 0x0000, 0x0000, 0x0000, 0x0000, 0x0000, 0x0000, 0x0000, 0x0000, 0x0000, 0x0000, 0x0000, 0x0000,
    0x0000, 0x0000, 0x0000, 0x0000, 0x0000, 0x0000, 0x0000, 0x0000, 0x0000, 0x0000, 0x0000, 0x0000, 0x0000, 0x0000, 0x0000, 0x0000,
    0x0000, 0x0000, 0x0000, 0x0000, 0x0000, 0x0000, 0x0000, 0x0000, 0x0000, 0x0000, 0x0000, 0x0000, 0x0000, 0x0000, 0x0000, 0x0000,
    0x0000, 0x0000, 0x0000, 0x0000, 0x0000, 0x0000, 0x0000, 0x0000, 0x0000, 0x0000, 0x0000, 0x0000, 0x0000, 0x0000, 0x0000, 0x0000,
    0x0000, 0x0000, 0x0000, 0x0000, 0x0000, 0x0000, 0x0000, 0x0000, 0x0000, 0x0000, 0x0000, 0x0000, 0x0000, 0x0000, 0x0000, 0x0000,
    0x0000, 0x0000, 0x0000, 0x0000, 0x0000, 0x0000, 0x0000, 0x0000, 0x0000, 0x0000, 0x0000, 0x0000, 0x0000, 0x0000, 0x0000, 0x0000,
    0x0000, 0x0000, 0x0000, 0x0000, 0x0000, 0x0000, 0x0000, 0x0000, 0x0000, 0x0000, 0x0000, 0x0000, 0x0000, 0x0000, 0x0000, 0x0000,
    0x0000, 0x0000, 0x0000, 0x0000, 0x0000, 0x0000, 0x0000, 0x0000, 0x0000, 0x0000, 0x0000, 0x0000, 0x0000, 0x0000, 0x0000, 0x0000,
    0x0000, 0x0000, 0x0000, 0x0000, 0x0000, 0x0000, 0x0000, 0x0000, 0x0000, 0x0000, 0x0000, 0x0000, 0x0000, 0x0000, 0x0000, 0x0000,
    0x0000, 0x0000, 0x0000, 0x0000, 0x0000, 0x0000, 0x0000, 0x0000, 0x0000, 0x0000, 0x0000, 0x0000, 0x0000, 0x0000, 0x0000, 0x0000,
    0x0000, 0x0000, 0x0000, 0x0000, 0x0000, 0x0000, 0x0000, 0x0000, 0x0000, 0x0000, 0x0000, 0x0000, 0x0000, 0x0000, 0x0000, 0x0000,
    0x0000, 0x0000, 0x0000, 0x0000, 0x0000, 0x0000, 0x0000, 0x0000, 0x0000, 0x0000, 0x0000, 0x0000, 0x0000, 0x0000, 0x0000, 0x0000,
    0x0000, 0x0000, 0x0000, 0x0000, 0x0000, 0x0000, 0x0000, 0x0000, 0x0000, 0x0000, 0x0000, 0x0000, 0x0000, 0x0000, 0x0000, 0x0000,
    0x0000, 0x0000, 0x0000, 0x0000, 0x0000, 0x0000, 0x0000, 0x0000, 0x0000, 0x0000, 0x0000, 0x0000, 0x0000, 0x0000, 0x0000, 0x0000,
    0x0000, 0x0000, 0x0000, 0x0000, 0x0000, 0x0000, 0x0000, 0x0000, 0x0000, 0x0000, 0x0000, 0x0000, 0x0000, 0x0000, 0x0000, 0x0000,
    0x0000, 0x0000, 0x0000, 0x0000, 0x0000, 0x0000, 0x0000, 0x0000, 0x0000, 0x0000, 0x0000, 0x0000, 0x0000, 0x0000, 0x0000, 0x0000,
    0x0000, 0x0000, 0x0000, 0x0000, 0x0000, 0x0000, 0x0000, 0x0000, 0x0000, 0x0000, 0x0000, 0x0000, 0x0000, 0x0000, 0x0000, 0x0000,
    0x0000, 0x0000, 0x0000, 0x0000, 0x0000, 0x0000, 0x0000, 0x0000, 0x0000, 0x0000, 0x0000, 0x0000, 0x0000, 0x0000, 0x0000, 0x0000,
    0x0000, 0x0000, 0x0000, 0x0000, 0x0000, 0x0000, 0x0000, 0x0000, 0x0000, 0x0000, 0x0000, 0x0000, 0x0000, 0x0000, 0x0000, 0x0000,
    0x0000, 0x0000, 0x0000, 0x0000, 0x0000, 0x0000, 0x0000, 0x0000, 0x0000, 0x0000, 0x0000, 0x0000, 0x0000, 0x0000, 0x0000, 0x0000,
    0x0000, 0x0000, 0x0000, 0x0000, 0x0000, 0x0000, 0x0000, 0x0000, 0x0000, 0x0000, 0x0000, 0x0000, 0x0000, 0x0000, 0x0000, 0x0000,
    0x0000, 0x0000, 0x0000, 0x0000, 0x0000, 0x0000, 0x0000, 0x0000, 0x0000, 0x0000, 0x0000, 0x0000, 0x0000, 0x0000, 0x0000, 0x0000,
    0x0000, 0x0000, 0x0000, 0x0000, 0x0000, 0x0000, 0x0000, 0x0000, 0x0000, 0x0000, 0x0000, 0x0000, 0x0000, 0x0000, 0x0000, 0x0000,
    0x0000, 0x0000, 0x0000, 0x0000, 0x0000, 0x0000, 0x0000, 0x0000, 0x0000, 0x0000, 0x0000, 0x0000, 0x0000, 0x0000, 0x0000, 0x0000,
    0x0000, 0x0000, 0x0000, 0x0000, 0x0000, 0x0000, 0x0000, 0x0000, 0x0000, 0x0000, 0x0000, 0x0000, 0x0000, 0x0000, 0x0000, 0x0000,
    0x0000, 0x0000, 0x0000, 0x0000, 0x0000, 0x0000, 0x0000, 0x0000, 0x0000, 0x0000, 0x0000, 0x0000, 0x0000, 0x0000, 0x0000, 0x0000,
    0x0000, 0x0000, 0x0000, 0x0000, 0x0000, 0x0000, 0x0000, 0x0000, 0x0000, 0x0000, 0x0000, 0x0000, 0x0000, 0x0000, 0x0000, 0x0000,
    0x0000, 0x0000, 0x0000, 0x0000, 0x0000, 0x0000, 0x0000, 0x0000, 0x0000, 0x0000, 0x0000, 0x0000, 0x0000, 0x0000, 0x0000, 0x0000,
    0x0000, 0x0000, 0x0000, 0x0000, 0x0000, 0x0000, 0x0000, 0x0000, 0x0000, 0x0000, 0x0000, 0x0000, 0x0000, 0x0000, 0x0000, 0x0000,
    0x0000, 0x0000, 0x0000, 0x0000, 0x0000, 0x0000, 0x0000, 0x0000, 0x0000, 0x0000, 0x0000, 0x0000, 0x0000, 0x0000, 0x0000, 0x0000,
    0x0000, 0x0000, 0x0000, 0x0000, 0x0000, 0x0000, 0x0000, 0x0000, 0x0000, 0x0000, 0x0000, 0x0000, 0x0000, 0x0000, 0x0000, 0x0000,
    0x0000, 0x0000, 0x0000, 0x0000, 0x0000, 0x0000, 0x0000, 0x0000, 0x0000, 0x0000, 0x0000, 0x0000, 0x0000, 0x0000, 0x0000, 0x0000,
    0x0000, 0x0000, 0x0000, 0x0000, 0x0000, 0x0000, 0x0000, 0x0000, 0x0000, 0x0000, 0x0000, 0x0000, 0x0000, 0x0000, 0x0000, 0x0000,
    0x0000, 0x0000, 0x0000, 0x0000, 0x0000, 0x0000, 0x0000, 0x0000, 0x0000, 0x0000, 0x0000, 0x0000, 0x0000, 0x0000, 0x0000, 0x0000,
    0x0000, 0x0000, 0x0000, 0x0000, 0x0000, 0x0000, 0x0000, 0x0000, 0x0000, 0x0000, 0x0000, 0x0000, 0x0000, 0x0000, 0x0000, 0x0000,
    0x0000, 0x0000, 0x0000, 0x0000, 0x0000, 0x0000, 0x0000, 0x0000, 0x0000, 0x0000, 0x0000, 0x0000, 0x0000, 0x0000, 0x0000, 0x0000,
    0x0000, 0x0000, 0x0000, 0x0000, 0x0000, 0x0000, 0x0000, 0x0000, 0x0000, 0x0000, 0x0000, 0x0000, 0x0000, 0x0000, 0x0000, 0x0000,
    0x0000, 0x0000, 0x0000, 0x0000, 0x0000, 0x0000, 0x0000, 0x0000, 0x0000, 0x0000, 0x0000, 0x0000, 0x0000, 0x0000, 0x0000, 0x0000,
    0x0000, 0x0000, 0x0000, 0x0000, 0x0000, 0x0000, 0x0000, 0x0000, 0x0000, 0x0000, 0x0000, 0x0000, 0x0000, 0x0000, 0x0000, 0x0000,
    0x0000, 0x0000, 0x0000, 0x0000, 0x0000, 0x0000, 0x0000, 0x0000, 0x0000, 0x0000, 0x0000, 0x0000, 0x0000, 0x0000, 0x0000, 0x0000,
    0x0000, 0x0000, 0x0000, 0x0000, 0x0000, 0x0000, 0x0000, 0x0000, 0x0000, 0x0000, 0x0000, 0x0000, 0x0000, 0x0000, 0x0000, 0x0000,
    0x0000, 0x0000, 0x0000, 0x0000, 0x0000, 0x0000, 0x0000, 0x0000, 0x0000, 0x0000, 0x0000, 0x0000, 0x0000, 0x0000, 0x0000, 0x0000,
    0x0000, 0x0000, 0x0000, 0x0000, 0x0000, 0x0000, 0x0000, 0x0000, 0x0000, 0x0000, 0x0000, 0x0000, 0x0000, 0x0000, 0x0000, 0x0000,
    0x0000, 0x0000, 0x0000, 0x0000, 0x0000, 0x0000, 0x0000, 0x0000, 0x0000, 0x0000, 0x0000, 0x0000, 0x0000, 0x0000, 0x0000, 0x0000,
    0x0000, 0x0000, 0x0000, 0x0000, 0x0000, 0x0000, 0x0000, 0x0000, 0x0000, 0x0000, 0x0000, 0x0000, 0x0000, 0x0000, 0x0000, 0x0000,
    0x0000, 0x0000, 0x0000, 0x0000, 0x0000, 0x0000, 0x0000, 0x0000, 0x0000, 0x0000, 0x0000, 0x0000, 0x0000, 0x0000, 0x0000, 0x0000,
    0x0000, 0x0000, 0x0000, 0x0000, 0x0000, 0x0000, 0x0000, 0x0000, 0x0000, 0x0000, 0x0000, 0x0000, 0x0000, 0x0000, 0x0000, 0x0000,
    0x0000, 0x0000, 0x0000, 0x0000, 0x0000, 0x0000, 0x0000, 0x0000, 0x0000, 0x0000, 0x0000, 0x0000, 0x0000, 0x0000, 0x0000, 0x0000,
    0x0000, 0x0000, 0x0000, 0x0000, 0x0000, 0x0000, 0x0000, 0x0000, 0x0000, 0x0000, 0x0000, 0x0000, 0x0000, 0x0000, 0x0000, 0x0000,
    0x0000, 0x0000, 0x0000, 0x0000, 0x0000, 0x0000, 0x0000, 0x0000, 0x0000, 0x0000, 0x0000, 0x0000, 0x0000, 0x0000, 0x0000, 0x0000,
    0x0000, 0x0000, 0x0000, 0x0000, 0x0000, 0x0000, 0x0000, 0x0000, 0x0000, 0x0000, 0x0000, 0x0000, 0x0000, 0x0000, 0x0000, 0x0000,
    0x0000, 0x0000, 0x0000, 0x0000, 0x0000, 0x0000, 0x0000, 0x0000, 0x0000, 0x0000, 0x0000, 0x0000, 0x0000, 0x0000, 0x0000, 0x0000,
    0x0000, 0x0000, 0x0000, 0x0000, 0x0000, 0x0000, 0x0000, 0x0000, 0x0000, 0x0000, 0x0000, 0x0000, 0x0000, 0x0000, 0x0000, 0x0000,
    0x0000, 0x0000, 0x0000, 0x0000, 0x0000, 0x0000, 0x0000, 0x0000, 0x0000, 0x0000, 0x0000, 0x0000, 0x0000, 0x0000, 0x0000, 0x0000,
    0x0000, 0x0000, 0x0000, 0x0000, 0x0000, 0x0000, 0x0000, 0x0000, 0x0000, 0x0000, 0x0000, 0x0000, 0x0000, 0x0000, 0x0000, 0x0000,
    0x0000, 0x0000, 0x0000, 0x0000, 0x0000, 0x0000, 0x0000, 0x0000, 0x0000, 0x0000, 0x0000, 0x0000, 0x0000, 0x0000, 0x0000, 0x0000,
    0x0000, 0x0000, 0x0000, 0x0000, 0x0000, 0x0000, 0x0000, 0x0000, 0x0000, 0x0000, 0x0000, 0x0000, 0x0000, 0x0000, 0x0000, 0x0000,
    0x0000, 0x0000, 0x0000, 0x0000, 0x0000, 0x0000, 0x0000, 0x0000, 0x0000, 0x0000, 0x0000, 0x0000, 0x0000, 0x0000, 0x0000, 0x0000,
    0x0000, 0x0000, 0x0000, 0x0000, 0x0000, 0x0000, 0x0000, 0x0000, 0x0000, 0x0000, 0x0000, 0x0000, 0x0000, 0x0000, 0x0000, 0x0000,
    0x0000, 0x0000, 0x0000, 0x0000, 0x0000, 0x0000, 0x0000, 0x0000, 0x0000, 0x0000, 0x0000, 0x0000, 0x0000, 0x0000, 0x0000, 0x0000,
    0x0000, 0x0000, 0x0000, 0x0000, 0x0000, 0x0000, 0x0000, 0x0000, 0x0000, 0x0000, 0x0000, 0x0000, 0x0000, 0x0000, 0x0000, 0x0000,
    0x0000, 0x0000, 0x0000, 0x0000, 0x0000, 0x0000, 0x0000, 0x0000, 0x0000, 0x0000, 0x0000, 0x0000, 0x0000, 0x0000, 0x0000, 0x0000,
    0x0000, 0x0000, 0x0000, 0x0000, 0x0000, 0x0000, 0x0000, 0x0000, 0x0000, 0x0000, 0x0000, 0x0000, 0x0000, 0x0000, 0x0000, 0x0000,
    0x0000, 0x0000, 0x0000, 0x0000, 0x0000, 0x0000, 0x0000, 0x0000, 0x0000, 0x0000, 0x0000, 0x0000, 0x0000, 0x0000, 0x0000, 0x0000,
    0x0000, 0x0000, 0x0000, 0x0000, 0x0000, 0x0000, 0x0000, 0x0000, 0x0000, 0x0000, 0x0000, 0x0000, 0x0000, 0x0000, 0x0000, 0x0000,
    0x0000, 0x0000, 0x0000, 0x0000, 0x0000, 0x0000, 0x0000, 0x0000, 0x0000, 0x0000, 0x0000, 0x0000, 0x0000, 0x0000, 0x0000, 0x0000,
    0x0000, 0x0000, 0x0000, 0x0000, 0x0000, 0x0000, 0x0000, 0x0000, 0x0000, 0x0000, 0x0000, 0x0000, 0x0000, 0x0000, 0x0000, 0x0000,
    0x0000, 0x0000, 0x0000, 0x0000, 0x0000, 0x0000, 0x0000, 0x0000, 0x0000, 0x0000, 0x0000, 0x0000, 0x0000, 0x0000, 0x0000, 0x0000,
    0x0000, 0x0000, 0x0000, 0x0000, 0x0000, 0x0000, 0x0000, 0x0000, 0x0000, 0x0000, 0x0000, 0x0000, 0x0000, 0x0000, 0x0000, 0x0000,
    0x0000, 0x0000, 0x0000, 0x0000, 0x0000, 0x0000, 0x0000, 0x0000, 0x0000, 0x0000, 0x0000, 0x0000, 0x0000, 0x0000, 0x0000, 0x0000,
    0x0000, 0x0000, 0x0000, 0x0000, 0x0000, 0x0000, 0x0000, 0x0000, 0x0000, 0x0000, 0x0000, 0x0000, 0x0000, 0x0000, 0x0000, 0x0000,
    0x0000, 0x0000, 0x0000, 0x0000, 0x0000, 0x0000, 0x0000, 0x0000, 0x0000, 0x0000, 0x0000, 0x0000, 0x0000, 0x0000, 0x0000, 0x0000,
    0x0000, 0x0000, 0x0000, 0x0000, 0x0000, 0x0000, 0x0000, 0x0000, 0x0000, 0x0000, 0x0000, 0x0000, 0x0000, 0x0000, 0x0000, 0x0000,
    0x0000, 0x0000, 0x0000, 0x0000, 0x0000, 0x0000, 0x0000, 0x0000, 0x0000, 0x0000, 0x0000, 0x0000, 0x0000, 0x0000, 0x0000, 0x0000,
    0x0000, 0x0000, 0x0000, 0x0000, 0x0000, 0x0000, 0x0000, 0x0000, 0x0000, 0x0000, 0x0000, 0x0000, 0x0000, 0x0000, 0x0000, 0x0000,
    0x0000, 0x0000, 0x0000, 0x0000, 0x0000, 0x0000, 0x0000, 0x0000, 0x0000, 0x0000, 0x0000, 0x0000, 0x0000, 0x0000, 0x0000, 0x0000,
    0x0000, 0x0000, 0x0000, 0x0000, 0x0000, 0x0000, 0x0000, 0x0000, 0x0000, 0x0000, 0x0000, 0x0000, 0x0000, 0x0000, 0x0000, 0x0000,
    0x0000, 0x0000, 0x0000, 0x0000, 0x0000, 0x0000, 0x0000, 0x0000, 0x0000, 0x0000, 0x0000, 0x0000, 0x0000, 0x0000, 0x0000, 0x0000,
    0x0000, 0x0000, 0x0000, 0x0000, 0x0000, 0x0000, 0x0000, 0x0000, 0x0000, 0x0000, 0x0000, 0x0000, 0x0000, 0x0000, 0x0000, 0x0000,
    0x0000, 0x0000, 0x0000, 0x0000, 0x0000, 0x0000, 0x0000, 0x0000, 0x0000, 0x0000, 0x0000, 0x0000, 0x0000, 0x0000, 0x0000, 0x0000,
    0x0000, 0x0000, 0x0000, 0x0000, 0x0000, 0x0000, 0x0000, 0x0000, 0x0000, 0x0000, 0x0000, 0x0000, 0x0000, 0x0000, 0x0000, 0x0000,
    0x0000, 0x0000, 0x0000, 0x0000, 0x0000, 0x0000, 0x0000, 0x0000, 0x0000, 0x0000, 0x0000, 0x0000, 0x0000, 0x0000, 0x0000, 0x0000,
    0x0000, 0x0000, 0x0000, 0x0000, 0x0000, 0x0000, 0x0000, 0x0000, 0x0000, 0x0000, 0x0000, 0x0000, 0x0000, 0x0000, 0x0000, 0x0000,
    0x0000, 0x0000, 0x0000, 0x0000, 0x0000, 0x0000, 0x0000, 0x0000, 0x0000, 0x0000, 0x0000, 0x0000, 0x0000, 0x0000, 0x0000, 0x0000,
    0x0000, 0x0000, 0x0000, 0x0000, 0x0000, 0x0000, 0x0000, 0x0000, 0x0000, 0x0000, 0x0000, 0x0000, 0x0000, 0x0000, 0x0000, 0x0000,
    0x0000, 0x0000, 0x0000, 0x0000, 0x0000, 0x0000, 0x0000, 0x0000, 0x0000, 0x0000, 0x0000, 0x0000, 0x0000, 0x0000, 0x0000, 0x0000,
    0x0000, 0x0000, 0x0000, 0x0000, 0x0000, 0x0000, 0x0000, 0x0000, 0x0000, 0x0000, 0x0000, 0x0000, 0x0000, 0x0000, 0x0000, 0x0000,
    0x0000, 0x0000, 0x0000, 0x0000, 0x0000, 0x0000, 0x0000, 0x0000, 0x0000, 0x0000, 0x0000, 0x0000, 0x0000, 0x0000, 0x0000, 0x0000,
    0x0000, 0x0000, 0x0000, 0x0000, 0x0000, 0x0000, 0x0000, 0x0000, 0x0000, 0x0000, 0x0000, 0x0000, 0x0000, 0x0000, 0x0000, 0x0000,
    0x0000, 0x0000, 0x0000, 0x0000, 0x0000, 0x0000, 0x0000, 0x0000, 0x0000, 0x0000, 0x0000, 0x0000, 0x0000, 0x0000, 0x0000, 0x0000,
    0x0000, 0x0000, 0x0000, 0x0000, 0x0000, 0x0000, 0x0000, 0x0000, 0x0000, 0x0000, 0x0000, 0x0000, 0x0000, 0x0000, 0x0000, 0x0000,
    0x0000, 0x0000, 0x0000, 0x0000, 0x0000, 0x0000, 0x0000, 0x0000, 0x0000, 0x0000, 0x0000, 0x0000, 0x0000, 0x0000, 0x0000, 0x0000,
    0x0000, 0x0000, 0x0000, 0x0000, 0x0000, 0x0000, 0x0000, 0x0000, 0x0000, 0x0000, 0x0000, 0x0000, 0x0000, 0x0000, 0x0000, 0x0000,
    0x0000, 0x0000, 0x0000, 0x0000, 0x0000, 0x0000, 0x0000, 0x0000, 0x0000, 0x0000, 0x0000, 0x0000, 0x0000, 0x0000, 0x0000, 0x0000,
    0x0000, 0x0000, 0x0000, 0x0000, 0x0000, 0x0000, 0x0000, 0x0000, 0x0000, 0x0000, 0x0000, 0x0000, 0x0000, 0x0000, 0x0000, 0x0000,
    0x0000, 0x0000, 0x0000, 0x0000, 0x0000, 0x0000, 0x0000, 0x0000, 0x0000, 0x0000, 0x0000, 0x0000, 0x0000, 0x0000, 0x0000, 0x0000,
    0x0000, 0x0000, 0x0000, 0x0000, 0x0000, 0x0000, 0x0000, 0x0000, 0x0000, 0x0000, 0x0000, 0x0000, 0x0000, 0x0000, 0x0000, 0x0000,
    0x0000, 0x0000, 0x0000, 0x0000, 0x0000, 0x0000, 0x0000, 0x0000, 0x0000, 0x0000, 0x0000, 0x0000, 0x0000, 0x0000, 0x0000, 0x0000,
    0x0000, 0x0000, 0x0000, 0x0000, 0x0000, 0x0000, 0x0000, 0x0000, 0x0000, 0x0000, 0x0000, 0x0000, 0x0000, 0x0000, 0x0000, 0x0000,
    0x0000, 0x0000, 0x0000, 0x0000, 0x0000, 0x0000, 0x0000, 0x0000, 0x0000, 0x0000, 0x0000, 0x0000, 0x0000, 0x0000, 0x0000, 0x0000,
    0x0000, 0x0000, 0x0000, 0x0000, 0x0000, 0x0000, 0x0000, 0x0000, 0x0000, 0x0000, 0x0000, 0x0000, 0x0000, 0x0000, 0x0000, 0x0000,
    0x0000, 0x0000, 0x0000, 0x0000, 0x0000, 0x0000, 0x0000, 0x0000, 0x0000, 0x0000, 0x0000, 0x0000, 0x0000, 0x0000, 0x0000, 0x0000,
    0x0000, 0x0000, 0x0000, 0x0000, 0x0000, 0x0000, 0x0000, 0x0000, 0x0000, 0x0000, 0x0000, 0x0000, 0x0000, 0x0000, 0x0000, 0x0000,
    0x0000, 0x0000, 0x0000, 0x0000, 0x0000, 0x0000, 0x0000, 0x0000, 0x0000, 0x0000, 0x0000, 0x0000, 0x0000, 0x0000, 0x0000, 0x0000,
    0x0000, 0x0000, 0x0000, 0x0000, 0x0000, 0x0000, 0x0000, 0x0000, 0x0000, 0x0000, 0x0000, 0x0000, 0x0000, 0x0000, 0x0000, 0x0000,
    0x0000, 0x0000, 0x0000, 0x0000, 0x0000, 0x0000, 0x0000, 0x0000, 0x0000, 0x0000, 0x0000, 0x0000, 0x0000, 0x0000, 0x0000, 0x0000,
    0x0000, 0x0000, 0x0000, 0x0000, 0x0000, 0x0000, 0x0000, 0x0000, 0x0000, 0x0000, 0x0000, 0x0000, 0x0000, 0x0000, 0x0000, 0x0000,
    0x0000, 0x0000, 0x0000, 0x0000, 0x0000, 0x0000, 0x0000, 0x0000, 0x0000, 0x0000, 0x0000, 0x0000, 0x0000, 0x0000, 0x0000, 0x0000,
    0x0000, 0x0000, 0x0000, 0x0000, 0x0000, 0x0000, 0x0000, 0x0000, 0x0000, 0x0000, 0x0000, 0x0000, 0x0000, 0x0000, 0x0000, 0x0000,
    0x0000, 0x0000, 0x0000, 0x0000, 0x0000, 0x0000, 0x0000, 0x0000, 0x0000, 0x0000, 0x0000, 0x0000, 0x0000, 0x0000, 0x0000, 0x0000,
    0x0000, 0x0000, 0x0000, 0x0000, 0x0000, 0x0000, 0x0000, 0x0000, 0x0000, 0x0000, 0x0000, 0x0000, 0x0000, 0x0000, 0x0000, 0x0000,
    0x0000, 0x0000, 0x0000, 0x0000, 0x0000, 0x0000, 0x0000, 0x0000, 0x0000, 0x0000, 0x0000, 0x0000, 0x0000, 0x0000, 0x0000, 0x0000,
    0x0000, 0x0000, 0x0000, 0x0000, 0x0000, 0x0000, 0x0000, 0x0000, 0x0000, 0x0000, 0x0000, 0x0000, 0x0000, 0x0000, 0x0000, 0x0000,
    0x0000, 0x0000, 0x0000, 0x0000, 0x0000, 0x0000, 0x0000, 0x0000, 0x0000, 0x0000, 0x0000, 0x0000, 0x0000, 0x0000, 0x0000, 0x0000,
    0x0000, 0x0000, 0x0000, 0x0000, 0x0000, 0x0000, 0x0000, 0x0000, 0x0000, 0x0000, 0x0000, 0x0000, 0x0000, 0x0000, 0x0000, 0x0000,
    0x0000, 0x0000, 0x0000, 0x0000, 0x0000, 0x0000, 0x0000, 0x0000, 0x0000, 0x0000, 0x0000, 0x0000, 0x0000, 0x0000, 0x0000, 0x0000,
    0x0000, 0x0000, 0x0000, 0x0000, 0x0000, 0x0000, 0x0000, 0x0000, 0x0000, 0x0000, 0x0000, 0x0000, 0x0000, 0x0000, 0x0000, 0x0000,
    0x0000, 0x0000, 0x0000, 0x0000, 0x0000, 0x0000, 0x0000, 0x0000, 0x0000, 0x0000, 0x0000, 0x0000, 0x0000, 0x0000, 0x0000, 0x0000,
    0x0000, 0x0000, 0x0000, 0x0000, 0x0000, 0x0000, 0x0000, 0x0000, 0x0000, 0x0000, 0x0000, 0x0000, 0x0000, 0x0000, 0x0000, 0x0000,
    0x0000, 0x0000, 0x0000, 0x0000, 0x0000, 0x0000, 0x0000, 0x0000, 0x0000, 0x0000, 0x0000, 0x0000, 0x0000, 0x0000, 0x0000, 0x0000,
    0x0000, 0x0000, 0x0000, 0x0000, 0x0000, 0x0000, 0x0000, 0x0000, 0x0000, 0x0000, 0x0000, 0x0000, 0x0000, 0x0000, 0x0000, 0x0000,
    0x0000, 0x0000, 0x0000, 0x0000, 0x0000, 0x0000, 0x0000, 0x0000, 0x0000, 0x0000, 0x0000, 0x0000, 0x0000, 0x0000, 0x0000, 0x0000,
    0x0000, 0x0000, 0x0000, 0x0000, 0x0000, 0x0000, 0x0000, 0x0000, 0x0000, 0x0000, 0x0000, 0x0000, 0x0000, 0x0000, 0x0000, 0x0000,
    0x0000, 0x0000, 0x0000, 0x0000, 0x0000, 0x0000, 0x0000, 0x0000, 0x0000, 0x0000, 0x0000, 0x0000, 0x0000, 0x0000, 0x0000, 0x0000,
    0x0000, 0x0000, 0x0000, 0x0000, 0x0000, 0x0000, 0x0000, 0x0000, 0x0000, 0x0000, 0x0000, 0x0000, 0x0000, 0x0000, 0x0000, 0x0000,
    0x0000, 0x0000, 0x0000, 0x0000, 0x0000, 0x0000, 0x0000, 0x0000, 0x0000, 0x0000, 0x0000, 0x0000, 0x0000, 0x0000, 0x0000, 0x0000,
    0x0000, 0x0000, 0x0000, 0x0000, 0x0000, 0x0000, 0x0000, 0x0000, 0x0000, 0x0000, 0x0000, 0x0000, 0x0000, 0x0000, 0x0000, 0x0000,
    0x0000, 0x0000, 0x0000, 0x0000, 0x0000, 0x0000, 0x0000, 0x0000, 0x0000, 0x0000, 0x0000, 0x0000, 0x0000, 0x0000, 0x0000, 0x0000,
    0x0000, 0x0000, 0x0000, 0x0000, 0x0000, 0x0000, 0x0000, 0x0000, 0x0000, 0x0000, 0x0000, 0x0000, 0x0000, 0x0000, 0x0000, 0x0000,
    0x0000, 0x0000, 0x0000, 0x0000, 0x0000, 0x0000, 0x0000, 0x0000, 0x0000, 0x0000, 0x0000, 0x0000, 0x0000, 0x0000, 0x0000, 0x0000,
    0x0000, 0x0000, 0x0000, 0x0000, 0x0000, 0x0000, 0x0000, 0x0000, 0x0000, 0x0000, 0x0000, 0x0000, 0x0000, 0x0000, 0x0000, 0x0000,
    0x0000, 0x0000, 0x0000, 0x0000, 0x0000, 0x0000, 0x0000, 0x0000, 0x0000, 0x0000, 0x0000, 0x0000, 0x0000, 0x0000, 0x0000, 0x0000,
    0x0000, 0x0000, 0x0000, 0x0000, 0x0000, 0x0000, 0x0000, 0x0000, 0x0000, 0x0000, 0x0000, 0x0000, 0x0000, 0x0000, 0x0000, 0x0000,
    0x0000, 0x0000, 0x0000, 0x0000, 0x0000, 0x0000, 0x0000, 0x0000, 0x0000, 0x0000, 0x0000, 0x0000, 0x0000, 0x0000, 0x0000, 0x0000,
    0x0000, 0x0000, 0x0000, 0x0000, 0x0000, 0x0000, 0x0000, 0x0000, 0x0000, 0x0000, 0x0000, 0x0000, 0x0000, 0x0000, 0x0000, 0x0000,
    0x0000, 0x0000, 0x0000, 0x0000, 0x0000, 0x0000, 0x0000, 0x0000, 0x0000, 0x0000, 0x0000, 0x0000, 0x0000, 0x0000, 0x0000, 0x0000,
    0x0000, 0x0000, 0x0000, 0x0000, 0x0000, 0x0000, 0x0000, 0x0000, 0x0000, 0x0000, 0x0000, 0x0000, 0x0000, 0x0000, 0x0000, 0x0000,
    0x0000, 0x0000, 0x0000, 0x0000, 0x0000, 0x0000, 0x0000, 0x0000, 0x0000, 0x0000, 0x0000, 0x0000, 0x0000, 0x0000, 0x0000, 0x0000,
    0x0000, 0x0000, 0x0000, 0x0000, 0x0000, 0x0000, 0x0000, 0x0000, 0x0000, 0x0000, 0x0000, 0x0000, 0x0000, 0x0000, 0x0000, 0x0000,
    0x0000, 0x0000, 0x0000, 0x0000, 0x0000, 0x0000, 0x0000, 0x0000, 0x0000, 0x0000, 0x0000, 0x0000, 0x0000, 0x0000, 0x0000, 0x0000,
    0x0000, 0x0000, 0x0000, 0x0000, 0x0000, 0x0000, 0x0000, 0x0000, 0x0000, 0x0000, 0x0000, 0x0000, 0x0000, 0x0000, 0x0000, 0x0000,
    0x0000, 0x0000, 0x0000, 0x0000, 0x0000, 0x0000, 0x0000, 0x0000, 0x0000, 0x0000, 0x0000, 0x0000, 0x0000, 0x0000, 0x0000, 0x0000,
    0x0000, 0x0000, 0x0000, 0x0000, 0x0000, 0x0000, 0x0000, 0x0000, 0x0000, 0x0000, 0x0000, 0x0000, 0x0000, 0x0000, 0x0000, 0x0000,
    0x0000, 0x0000, 0x0000, 0x0000, 0x0000, 0x0000, 0x0000, 0x0000, 0x0000, 0x0000, 0x0000, 0x0000, 0x0000, 0x0000, 0x0000, 0x0000,
    0x0000, 0x0000, 0x0000, 0x0000, 0x0000, 0x0000, 0x0000, 0x0000, 0x0000, 0x0000, 0x0000, 0x0000, 0x0000, 0x0000, 0x0000, 0x0000,
    0x0000, 0x0000, 0x0000, 0x0000, 0x0000, 0x0000, 0x0000, 0x0000, 0x0000, 0x0000, 0x0000, 0x0000, 0x0000, 0x0000, 0x0000, 0x0000,
    0x0000, 0x0000, 0x0000, 0x0000, 0x0000, 0x0000, 0x0000, 0x0000, 0x0000, 0x0000, 0x0000, 0x0000, 0x0000, 0x0000, 0x0000, 0x0000,
    0x0000, 0x0000, 0x0000, 0x0000, 0x0000, 0x0000, 0x0000, 0x0000, 0x0000, 0x0000, 0x0000, 0x0000, 0x0000, 0x0000, 0x0000, 0x0000,
    0x0000, 0x0000, 0x0000, 0x0000, 0x0000, 0x0000, 0x0000, 0x0000, 0x0000, 0x0000, 0x0000, 0x0000, 0x0000, 0x0000, 0x0000, 0x0000,
    0x0000, 0x0000, 0x0000, 0x0000, 0x0000, 0x0000, 0x0000, 0x0000, 0x0000, 0x0000, 0x0000, 0x0000, 0x0000, 0x0000, 0x0000, 0x0000,
    0x0000, 0x0000, 0x0000, 0x0000, 0x0000, 0x0000, 0x0000, 0x0000, 0x0000, 0x0000, 0x0000, 0x0000, 0x0000, 0x0000, 0x0000, 0x0000,
    0x0000, 0x0000, 0x0000, 0x0000, 0x0000, 0x0000, 0x0000, 0x0000, 0x0000, 0x0000, 0x0000, 0x0000, 0x0000, 0x0000, 0x0000, 0x0000,
    0x0000, 0x0000, 0x0000, 0x0000, 0x0000, 0x0000, 0x0000, 0x0000, 0x0000, 0x0000, 0x0000, 0x0000, 0x0000, 0x0000, 0x0000, 0x0000,
    0x0000, 0x0000, 0x0000, 0x0000, 0x0000, 0x0000, 0x0000, 0x0000, 0x0000, 0x0000, 0x0000, 0x0000, 0x0000, 0x0000, 0x0000, 0x0000,
    0x0000, 0x0000, 0x0000, 0x0000, 0x0000, 0x0000, 0x0000, 0x0000, 0x0000, 0x0000, 0x0000, 0x0000, 0x0000, 0x0000, 0x0000, 0x0000,
    0x0000, 0x0000, 0x0000, 0x0000, 0x0000, 0x0000, 0x0000, 0x0000, 0x0000, 0x0000, 0x0000, 0x0000, 0x0000, 0x0000, 0x0000, 0x0000,
    0x0000, 0x0000, 0x0000, 0x0000, 0x0000, 0x0000, 0x0000, 0x0000, 0x0000, 0x0000, 0x0000, 0x0000, 0x0000, 0x0000, 0x0000, 0x0000,
    0x0000, 0x0000, 0x0000, 0x0000, 0x0000, 0x0000, 0x0000, 0x0000, 0x0000, 0x0000, 0x0000, 0x0000, 0x0000, 0x0000, 0x0000, 0x0000,
    0x0000, 0x0000, 0x0000, 0x0000, 0x0000, 0x0000, 0x0000, 0x0000, 0x0000, 0x0000, 0x0000, 0x0000, 0x0000, 0x0000, 0x0000, 0x0000,
    0x0000, 0x0000, 0x0000, 0x0000, 0x0000, 0x0000, 0x0000, 0x0000, 0x0000, 0x0000, 0x0000, 0x0000, 0x0000, 0x0000, 0x0000, 0x0000,
    0x0000, 0x0000, 0x0000, 0x0000, 0x0000, 0x0000, 0x0000, 0x0000, 0x0000, 0x0000, 0x0000, 0x0000, 0x0000, 0x0000, 0x0000, 0x0000,
    0x0000, 0x0000, 0x0000, 0x0000, 0x0000, 0x0000, 0x0000, 0x0000, 0x0000, 0x0000, 0x0000, 0x0000, 0x0000, 0x0000, 0x0000, 0x0000,
    0x0000, 0x0000, 0x0000, 0x0000, 0x0000, 0x0000, 0x0000, 0x0000, 0x0000, 0x0000, 0x0000, 0x0000, 0x0000, 0x0000, 0x0000, 0x0000,
    0x0000, 0x0000, 0x0000, 0x0000, 0x0000, 0x0000, 0x0000, 0x0000, 0x0000, 0x0000, 0x0000, 0x0000, 0x0000, 0x0000, 0x0000, 0x0000,
    0x0000, 0x0000, 0x0000, 0x0000, 0x0000, 0x0000, 0x0000, 0x0000, 0x0000, 0x0000, 0x0000, 0x0000, 0x0000, 0x0000, 0x0000, 0x0000,
    0x0000, 0x0000, 0x0000, 0x0000, 0x0000, 0x0000, 0x0000, 0x0000, 0x0000, 0x0000, 0x0000, 0x0000, 0x0000, 0x0000, 0x0000, 0x0000,
    0x0000, 0x0000, 0x0000, 0x0000, 0x0000, 0x0000, 0x0000, 0x0000, 0x0000, 0x0000, 0x0000, 0x0000, 0x0000, 0x0000, 0x0000, 0x0000,
    0x0000, 0x0000, 0x0000, 0x0000, 0x0000, 0x0000, 0x0000, 0x0000, 0x0000, 0x0000, 0x0000, 0x0000, 0x0000, 0x0000, 0x0000, 0x0000,
    0x0000, 0x0000, 0x0000, 0x0000, 0x0000, 0x0000, 0x0000, 0x0000, 0x0000, 0x0000, 0x0000, 0x0000, 0x0000, 0x0000, 0x0000, 0x0000,
    0x0000, 0x0000, 0x0000, 0x0000, 0x0000, 0x0000, 0x0000, 0x0000, 0x0000, 0x0000, 0x0000, 0x0000, 0x0000, 0x0000, 0x0000, 0x0000,
    0x0000, 0x0000, 0x0000, 0x0000, 0x0000, 0x0000, 0x0000, 0x0000, 0x0000, 0x0000, 0x0000, 0x0000, 0x0000, 0x0000, 0x0000, 0x0000,
    0x0000, 0x0000, 0x0000, 0x0000, 0x0000, 0x0000, 0x0000, 0x0000, 0x0000, 0x0000, 0x0000, 0x0000, 0x0000, 0x0000, 0x0000, 0x0000,
    0x0000, 0x0000, 0x0000, 0x0000, 0x0000, 0x0000, 0x0000, 0x0000, 0x0000, 0x0000, 0x0000, 0x0000, 0x0000, 0x0000, 0x0000, 0x0000,
    0x0000, 0x0000, 0x0000, 0x0000, 0x0000, 0x0000, 0x0000, 0x0000, 0x0000, 0x0000, 0x0000, 0x0000, 0x0000, 0x0000, 0x0000, 0x0000,
    0x0000, 0x0000, 0x0000, 0x0000, 0x0000, 0x0000, 0x0000, 0x0000, 0x0000, 0x0000, 0x0000, 0x0000, 0x0000, 0x0000, 0x0000, 0x0000,
    0x0000, 0x0000, 0x0000, 0x0000, 0x0000, 0x0000, 0x0000, 0x0000, 0x0000, 0x0000, 0x0000, 0x0000, 0x0000, 0x0000, 0x0000, 0x0000,
    0x0000, 0x0000, 0x0000, 0x0000, 0x0000, 0x0000, 0x0000, 0x0000, 0x0000, 0x0000, 0x0000, 0x0000, 0x0000, 0x0000, 0x0000, 0x0000,
    0x0000, 0x0000, 0x0000, 0x0000, 0x0000, 0x0000, 0x0000, 0x0000, 0x0000, 0x0000, 0x0000, 0x0000, 0x0000, 0x0000, 0x0000, 0x0000,
    0x0000, 0x0000, 0x0000, 0x0000, 0x0000, 0x0000, 0x0000, 0x0000, 0x0000, 0x0000, 0x0000, 0x0000, 0x0000, 0x0000, 0x0000, 0x0000,
    0x0000, 0x0000, 0x0000, 0x0000, 0x0000, 0x0000, 0x0000, 0x0000, 0x0000, 0x0000, 0x0000, 0x0000, 0x0000, 0x0000, 0x0000, 0x0000,
    0x0000, 0x0000, 0x0000, 0x0000, 0x0000, 0x0000, 0x0000, 0x0000, 0x0000, 0x0000, 0x0000, 0x0000, 0x0000, 0x0000, 0x0000, 0x0000,
    0x0000, 0x0000, 0x0000, 0x0000, 0x0000, 0x0000, 0x0000, 0x0000, 0x0000, 0x0000, 0x0000, 0x0000, 0x0000, 0x0000, 0x0000, 0x0000,
    0x0000, 0x0000, 0x0000, 0x0000, 0x0000, 0x0000, 0x0000, 0x0000, 0x0000, 0x0000, 0x0000, 0x0000, 0x0000, 0x0000, 0x0000, 0x0000,
    0x0000, 0x0000, 0x0000, 0x0000, 0x0000, 0x0000, 0x0000, 0x0000, 0x0000, 0x0000, 0x0000, 0x0000, 0x0000, 0x0000, 0x0000, 0x0000,
    0x0000, 0x0000, 0x0000, 0x0000, 0x0000, 0x0000, 0x0000, 0x0000, 0x0000, 0x0000, 0x0000, 0x0000, 0x0000, 0x0000, 0x0000, 0x0000,
    0x0000, 0x0000, 0x0000, 0x0000, 0x0000, 0x0000, 0x0000, 0x0000, 0x0000, 0x0000, 0x0000, 0x0000, 0x0000, 0x0000, 0x0000, 0x0000,
    0x0000, 0x0000, 0x0000, 0x0000, 0x0000, 0x0000, 0x0000, 0x0000, 0x0000, 0x0000, 0x0000, 0x0000, 0x0000, 0x0000, 0x0000, 0x0000,
    0x0000, 0x0000, 0x0000, 0x0000, 0x0000, 0x0000, 0x0000, 0x0000, 0x0000, 0x0000, 0x0000, 0x0000, 0x0000, 0x0000, 0x0000, 0x0000,
    0x0000, 0x0000, 0x0000, 0x0000, 0x0000, 0x0000, 0x0000, 0x0000, 0x0000, 0x0000, 0x0000, 0x0000, 0x0000, 0x0000, 0x0000, 0x0000,
    0x0000, 0x0000, 0x0000, 0x0000, 0x0000, 0x0000, 0x0000, 0x0000, 0x0000, 0x0000, 0x0000, 0x0000, 0x0000, 0x0000, 0x0000, 0x0000,
    0x0000, 0x0000, 0x0000, 0x0000, 0x0000, 0x0000, 0x0000, 0x0000, 0x0000, 0x0000, 0x0000, 0x0000, 0x0000, 0x0000, 0x0000, 0x0000,
    0x0000, 0x0000, 0x0000, 0x0000, 0x0000, 0x0000, 0x0000, 0x0000, 0x0000, 0x0000, 0x0000, 0x0000, 0x0000, 0x0000, 0x0000, 0x0000,
    0x0000, 0x0000, 0x0000, 0x0000, 0x0000, 0x0000, 0x0000, 0x0000, 0x0000, 0x0000, 0x0000, 0x0000, 0x0000, 0x0000, 0x0000, 0x0000,
    0x0000, 0x0000, 0x0000, 0x0000, 0x0000, 0x0000, 0x0000, 0x0000, 0x0000, 0x0000, 0x0000, 0x0000, 0x0000, 0x0000, 0x0000, 0x0000,
    0x0000, 0x0000, 0x0000, 0x0000, 0x0000, 0x0000, 0x0000, 0x0000, 0x0000, 0x0000, 0x0000, 0x0000, 0x0000, 0x0000, 0x0000, 0x0000,
    0x0000, 0x0000, 0x0000, 0x0000, 0x0000, 0x0000, 0x0000, 0x0000, 0x0000, 0x0000, 0x0000, 0x0000, 0x0000, 0x0000, 0x0000, 0x0000,
    0x0000, 0x0000, 0x0000, 0x0000, 0x0000, 0x0000, 0x0000, 0x0000, 0x0000, 0x0000, 0x0000, 0x0000, 0x0000, 0x0000, 0x0000, 0x0000,
    0x0000, 0x0000, 0x0000, 0x0000, 0x0000, 0x0000, 0x0000, 0x0000, 0x0000, 0x0000, 0x0000, 0x0000, 0x0000, 0x0000, 0x0000, 0x0000,
    0x0000, 0x0000, 0x0000, 0x0000, 0x0000, 0x0000, 0x0000, 0x0000, 0x0000, 0x0000, 0x0000, 0x0000, 0x0000, 0x0000, 0x0000, 0x0000,
    0x0000, 0x0000, 0x0000, 0x0000, 0x0000, 0x0000, 0x0000, 0x0000, 0x0000, 0x0000, 0x0000, 0x0000, 0x0000, 0x0000, 0x0000, 0x0000,
    0x0000, 0x0000, 0x0000, 0x0000, 0x0000, 0x0000, 0x0000, 0x0000, 0x0000, 0x0000, 0x0000, 0x0000, 0x0000, 0x0000, 0x0000, 0x0000,
    0x0000, 0x0000, 0x0000, 0x0000, 0x0000, 0x0000, 0x0000, 0x0000, 0x0000, 0x0000, 0x0000, 0x0000, 0x0000, 0x0000, 0x0000, 0x0000,
    0x0000, 0x0000, 0x0000, 0x0000, 0x0000, 0x0000, 0x0000, 0x0000, 0x0000, 0x0000, 0x0000, 0x0000, 0x0000, 0x0000, 0x0000, 0x0000,
    0x0000, 0x0000, 0x0000, 0x0000, 0x0000, 0x0000, 0x0000, 0x0000, 0x0000, 0x0000, 0x0000, 0x0000, 0x0000, 0x0000, 0x0000, 0x0000,
    0x0000, 0x0000, 0x0000, 0x0000, 0x0000, 0x0000, 0x0000, 0x0000, 0x0000, 0x0000, 0x0000, 0x0000, 0x0000, 0x0000, 0x0000, 0x0000,
    0x0000, 0x0000, 0x0000, 0x0000, 0x0000, 0x0000, 0x0000, 0x0000, 0x0000, 0x0000, 0x0000, 0x0000, 0x0000, 0x0000, 0x0000, 0x0000,
    0x0000, 0x0000, 0x0000, 0x0000, 0x0000, 0x0000, 0x0000, 0x0000, 0x0000, 0x0000, 0x0000, 0x0000, 0x0000, 0x0000, 0x0000, 0x0000,
    0x0000, 0x0000, 0x0000, 0x0000, 0x0000, 0x0000, 0x0000, 0x0000, 0x0000, 0x0000, 0x0000, 0x0000, 0x0000, 0x0000, 0x0000, 0x0000,
    0x0000, 0x0000, 0x0000, 0x0000, 0x0000, 0x0000, 0x0000, 0x0000, 0x0000, 0x0000, 0x0000, 0x0000, 0x0000, 0x0000, 0x0000, 0x0000,
    0x0000, 0x0000, 0x0000, 0x0000, 0x0000, 0x0000, 0x0000, 0x0000, 0x0000, 0x0000, 0x0000, 0x0000, 0x0000, 0x0000, 0x0000, 0x0000,
    0x0000, 0x0000, 0x0000, 0x0000, 0x0000, 0x0000, 0x0000, 0x0000, 0x0000, 0x0000, 0x0000, 0x0000, 0x0000, 0x0000, 0x0000, 0x0000,
    0x0000, 0x0000, 0x0000, 0x0000, 0x0000, 0x0000, 0x0000, 0x0000, 0x0000, 0x0000, 0x0000, 0x0000, 0x0000, 0x0000, 0x0000, 0x0000,
    0x0000, 0x0000, 0x0000, 0x0000, 0x0000, 0x0000, 0x0000, 0x0000, 0x0000, 0x0000, 0x0000, 0x0000, 0x0000, 0x0000, 0x0000, 0x0000,
    0x0000, 0x0000, 0x0000, 0x0000, 0x0000, 0x0000, 0x0000, 0x0000, 0x0000, 0x0000, 0x0000, 0x0000, 0x0000, 0x0000, 0x0000, 0x0000,
    0x0000, 0x0000, 0x0000, 0x0000, 0x0000, 0x0000, 0x0000, 0x0000, 0x0000, 0x0000, 0x0000, 0x0000, 0x0000, 0x0000, 0x0000, 0x0000,
    0x0000, 0x0000, 0x0000, 0x0000, 0x0000, 0x0000, 0x0000, 0x0000, 0x0000, 0x0000, 0x0000, 0x0000, 0x0000, 0x0000, 0x0000, 0x0000,
    0x0000, 0x0000, 0x0000, 0x0000, 0x0000, 0x0000, 0x0000, 0x0000, 0x0000, 0x0000, 0x0000, 0x0000, 0x0000, 0x0000, 0x0000, 0x0000,
    0x0000, 0x0000, 0x0000, 0x0000, 0x0000, 0x0000, 0x0000, 0x0000, 0x0000, 0x0000, 0x0000, 0x0000, 0x0000, 0x0000, 0x0000, 0x0000,
    0x0000, 0x0000, 0x0000, 0x0000, 0x0000, 0x0000, 0x0000, 0x0000, 0x0000, 0x0000, 0x0000, 0x0000, 0x0000, 0x0000, 0x0000, 0x0000,
    0x0000, 0x0000, 0x0000, 0x0000, 0x0000, 0x0000, 0x0000, 0x0000, 0x0000, 0x0000, 0x0000, 0x0000, 0x0000, 0x0000, 0x0000, 0x0000,
    0x0000, 0x0000, 0x0000, 0x0000, 0x0000, 0x0000, 0x0000, 0x0000, 0x0000, 0x0000, 0x0000, 0x0000, 0x0000, 0x0000, 0x0000, 0x0000,
    0x0000, 0x0000, 0x0000, 0x0000, 0x0000, 0x0000, 0x0000, 0x0000, 0x0000, 0x0000, 0x0000, 0x0000, 0x0000, 0x0000, 0x0000, 0x0000,
    0x0000, 0x0000, 0x0000, 0x0000, 0x0000, 0x0000, 0x0000, 0x0000, 0x0000, 0x0000, 0x0000, 0x0000, 0x0000, 0x0000, 0x0000, 0x0000,
    0x0000, 0x0000, 0x0000, 0x0000, 0x0000, 0x0000, 0x0000, 0x0000, 0x0000, 0x0000, 0x0000, 0x0000, 0x0000, 0x0000, 0x0000, 0x0000,
    0x0000, 0x0000, 0x0000, 0x0000, 0x0000, 0x0000, 0x0000, 0x0000, 0x0000, 0x0000, 0x0000, 0x0000, 0x0000, 0x0000, 0x0000, 0x0000,
    0x0000, 0x0000, 0x0000, 0x0000, 0x0000, 0x0000, 0x0000, 0x0000, 0x0000, 0x0000, 0x0000, 0x0000, 0x0000, 0x0000, 0x0000, 0x0000,
    0x0000, 0x0000, 0x0000, 0x0000, 0x0000, 0x0000, 0x0000, 0x0000, 0x0000, 0x0000, 0x0000, 0x0000, 0x0000, 0x0000, 0x0000, 0x0000,
    0x0000, 0x0000, 0x0000, 0x0000, 0x0000, 0x0000, 0x0000, 0x0000, 0x0000, 0x0000, 0x0000, 0x0000, 0x0000, 0x0000, 0x0000, 0x0000,
    0x0000, 0x0000, 0x0000, 0x0000, 0x0000, 0x0000, 0x0000, 0x0000, 0x0000, 0x0000, 0x0000, 0x0000, 0x0000, 0x0000, 0x0000, 0x0000,
    0x0000, 0x0000, 0x0000, 0x0000, 0x0000, 0x0000, 0x0000, 0x0000, 0x0000, 0x0000, 0x0000, 0x0000, 0x0000, 0x0000, 0x0000, 0x0000,
    0x0000, 0x0000, 0x0000, 0x0000, 0x0000, 0x0000, 0x0000, 0x0000, 0x0000, 0x0000, 0x0000, 0x0000, 0x0000, 0x0000, 0x0000, 0x0000,
    0x0000, 0x0000, 0x0000, 0x0000, 0x0000, 0x0000, 0x0000, 0x0000, 0x0000, 0x0000, 0x0000, 0x0000, 0x0000, 0x0000, 0x0000, 0x0000,
    0x0000, 0x0000, 0x0000, 0x0000, 0x0000, 0x0000, 0x0000, 0x0000, 0x0000, 0x0000, 0x0000, 0x0000, 0x0000, 0x0000, 0x0000, 0x0000,
    0x0000, 0x0000, 0x0000, 0x0000, 0x0000, 0x0000, 0x0000, 0x0000, 0x0000, 0x0000, 0x0000, 0x0000, 0x0000, 0x0000, 0x0000, 0x0000,
    0x0000, 0x0000, 0x0000, 0x0000, 0x0000, 0x0000, 0x0000, 0x0000, 0x0000, 0x0000, 0x0000, 0x0000, 0x0000, 0x0000, 0x0000, 0x0000,
    0x0000, 0x0000, 0x0000, 0x0000, 0x0000, 0x0000, 0x0000, 0x0000, 0x0000, 0x0000, 0x0000, 0x0000, 0x0000, 0x0000, 0x0000, 0x0000,
    0x0000, 0x0000, 0x0000, 0x0000, 0x0000, 0x0000, 0x0000, 0x0000, 0x0000, 0x0000, 0x0000, 0x0000, 0x0000, 0x0000, 0x0000, 0x0000,
    0x0000, 0x0000, 0x0000, 0x0000, 0x0000, 0x0000, 0x0000, 0x0000, 0x0000, 0x0000, 0x0000, 0x0000, 0x0000, 0x0000, 0x0000, 0x0000,
    0x0000, 0x0000, 0x0000, 0x0000, 0x0000, 0x0000, 0x0000, 0x0000, 0x0000, 0x0000, 0x0000, 0x0000, 0x0000, 0x0000, 0x0000, 0x0000,
    0x0000, 0x0000, 0x0000, 0x0000, 0x0000, 0x0000, 0x0000, 0x0000, 0x0000, 0x0000, 0x0000, 0x0000, 0x0000, 0x0000, 0x0000, 0x0000,
    0x0000, 0x0000, 0x0000, 0x0000, 0x0000, 0x0000, 0x0000, 0x0000, 0x0000, 0x0000, 0x0000, 0x0000, 0x0000, 0x0000, 0x0000, 0x0000,
    0x0000, 0x0000, 0x0000, 0x0000, 0x0000, 0x0000, 0x0000, 0x0000, 0x0000, 0x0000, 0x0000, 0x0000, 0x0000, 0x0000, 0x0000, 0x0000,
    0x0000, 0x0000, 0x0000, 0x0000, 0x0000, 0x0000, 0x0000, 0x0000, 0x0000, 0x0000, 0x0000, 0x0000, 0x0000, 0x0000, 0x0000, 0x0000,
    0x0000, 0x0000, 0x0000, 0x0000, 0x0000, 0x0000, 0x0000, 0x0000, 0x0000, 0x0000, 0x0000, 0x0000, 0x0000, 0x0000, 0x0000, 0x0000,
    0x0000, 0x0000, 0x0000, 0x0000, 0x0000, 0x0000, 0x0000, 0x0000, 0x0000, 0x0000, 0x0000, 0x0000, 0x0000, 0x0000, 0x0000, 0x0000,
    0x0000, 0x0000, 0x0000, 0x0000, 0x0000, 0x0000, 0x0000, 0x0000, 0x0000, 0x0000, 0x0000, 0x0000, 0x0000, 0x0000, 0x0000, 0x0000,
    0x0000, 0x0000, 0x0000, 0x0000, 0x0000, 0x0000, 0x0000, 0x0000, 0x0000, 0x0000, 0x0000, 0x0000, 0x0000, 0x0000, 0x0000, 0x0000,
    0x0000, 0x0000, 0x0000, 0x0000, 0x0000, 0x0000, 0x0000, 0x0000, 0x0000, 0x0000, 0x0000, 0x0000, 0x0000, 0x0000, 0x0000, 0x0000,
    0x0000, 0x0000, 0x0000, 0x0000, 0x0000, 0x0000, 0x0000, 0x0000, 0x0000, 0x0000, 0x0000, 0x0000, 0x0000, 0x0000, 0x0000, 0x0000,
    0x0000, 0x0000, 0x0000, 0x0000, 0x0000, 0x0000, 0x0000, 0x0000, 0x0000, 0x0000, 0x0000, 0x0000, 0x0000, 0x0000, 0x0000, 0x0000,
    0x0000, 0x0000, 0x0000, 0x0000, 0x0000, 0x0000, 0x0000, 0x0000, 0x0000, 0x0000, 0x0000, 0x0000, 0x0000, 0x0000, 0x0000, 0x0000,
    0x0000, 0x0000, 0x0000, 0x0000, 0x0000, 0x0000, 0x0000, 0x0000, 0x0000, 0x0000, 0x0000, 0x0000, 0x0000, 0x0000, 0x0000, 0x0000,
    0x0000, 0x0000, 0x0000, 0x0000, 0x0000, 0x0000, 0x0000, 0x0000, 0x0000, 0x0000, 0x0000, 0x0000, 0x0000, 0x0000, 0x0000, 0x0000,
    0x0000, 0x0000, 0x0000, 0x0000, 0x0000, 0x0000, 0x0000, 0x0000, 0x0000, 0x0000, 0x0000, 0x0000, 0x0000, 0x0000, 0x0000, 0x0000,
    0x0000, 0x0000, 0x0000, 0x0000, 0x0000, 0x0000, 0x0000, 0x0000, 0x0000, 0x0000, 0x0000, 0x0000, 0x0000, 0x0000, 0x0000, 0x0000,
    0x0000, 0x0000, 0x0000, 0x0000, 0x0000, 0x0000, 0x0000, 0x0000, 0x0000, 0x0000, 0x0000, 0x0000, 0x0000, 0x0000, 0x0000, 0x0000,
    0x0000, 0x0000, 0x0000, 0x0000, 0x0000, 0x0000, 0x0000, 0x0000, 0x0000, 0x0000, 0x0000, 0x0000, 0x0000, 0x0000, 0x0000, 0x0000,
    0x0000, 0x0000, 0x0000, 0x0000, 0x0000, 0x0000, 0x0000, 0x0000, 0x0000, 0x0000, 0x0000, 0x0000, 0x0000, 0x0000, 0x0000, 0x0000,
    0x0000, 0x0000, 0x0000, 0x0000, 0x0000, 0x0000, 0x0000, 0x0000, 0x0000, 0x0000, 0x0000, 0x0000, 0x0000, 0x0000, 0x0000, 0x0000,
    0x0000, 0x0000, 0x0000, 0x0000, 0x0000, 0x0000, 0x0000, 0x0000, 0x0000, 0x0000, 0x0000, 0x0000, 0x0000, 0x0000, 0x0000, 0x0000,
    0x0000, 0x0000, 0x0000, 0x0000, 0x0000, 0x0000, 0x0000, 0x0000, 0x0000, 0x0000, 0x0000, 0x0000, 0x0000, 0x0000, 0x0000, 0x0000,
    0x0000, 0x0000, 0x0000, 0x0000, 0x0000, 0x0000, 0x0000, 0x0000, 0x0000, 0x0000, 0x0000, 0x0000, 0x0000, 0x0000, 0x0000, 0x0000,
    0x0000, 0x0000, 0x0000, 0x0000, 0x0000, 0x0000, 0x0000, 0x0000, 0x0000, 0x0000, 0x0000, 0x0000, 0x0000, 0x0000, 0x0000, 0x0000,
    0x0000, 0x0000, 0x0000, 0x0000, 0x0000, 0x0000, 0x0000, 0x0000, 0x0000, 0x0000, 0x0000, 0x0000, 0x0000, 0x0000, 0x0000, 0x0000,
    0x0000, 0x0000, 0x0000, 0x0000, 0x0000, 0x0000, 0x0000, 0x0000, 0x0000, 0x0000, 0x0000, 0x0000, 0x0000, 0x0000, 0x0000, 0x0000,
    0x0000, 0x0000, 0x0000, 0x0000, 0x0000, 0x0000, 0x0000, 0x0000, 0x0000, 0x0000, 0x0000, 0x0000, 0x0000, 0x0000, 0x0000, 0x0000,
    0x0000, 0x0000, 0x0000, 0x0000, 0x0000, 0x0000, 0x0000, 0x0000, 0x0000, 0x0000, 0x0000, 0x0000, 0x0000, 0x0000, 0x0000, 0x0000,
    0x0000, 0x0000, 0x0000, 0x0000, 0x0000, 0x0000, 0x0000, 0x0000, 0x0000, 0x0000, 0x0000, 0x0000, 0x0000, 0x0000, 0x0000, 0x0000,
    0x0000, 0x0000, 0x0000, 0x0000, 0x0000, 0x0000, 0x0000, 0x0000, 0x0000, 0x0000, 0x0000, 0x0000, 0x0000, 0x0000, 0x0000, 0x0000,
    0x0000, 0x0000, 0x0000, 0x0000, 0x0000, 0x0000, 0x0000, 0x0000, 0x0000, 0x0000, 0x0000, 0x0000, 0x0000, 0x0000, 0x0000, 0x0000,
    0x0000, 0x0000, 0x0000, 0x0000, 0x0000, 0x0000, 0x0000, 0x0000, 0x0000, 0x0000, 0x0000, 0x0000, 0x0000, 0x0000, 0x0000, 0x0000,
    0x0000, 0x0000, 0x0000, 0x0000, 0x0000, 0x0000, 0x0000, 0x0000, 0x0000, 0x0000, 0x0000, 0x0000, 0x0000, 0x0000, 0x0000, 0x0000,
    0x0000, 0x0000, 0x0000, 0x0000, 0x0000, 0x0000, 0x0000, 0x0000, 0x0000, 0x0000, 0x0000, 0x0000, 0x0000, 0x0000, 0x0000, 0x0000,
    0x0000, 0x0000, 0x0000, 0x0000, 0x0000, 0x0000, 0x0000, 0x0000, 0x0000, 0x0000, 0x0000, 0x0000, 0x0000, 0x0000, 0x0000, 0x0000,
    0x0000, 0x0000, 0x0000, 0x0000, 0x0000, 0x0000, 0x0000, 0x0000, 0x0000, 0x0000, 0x0000, 0x0000, 0x0000, 0x0000, 0x0000, 0x0000,
    0x0000, 0x0000, 0x0000, 0x0000, 0x0000, 0x0000, 0x0000, 0x0000, 0x0000, 0x0000, 0x0000, 0x0000, 0x0000, 0x0000, 0x0000, 0x0000,
    0x0000, 0x0000, 0x0000, 0x0000, 0x0000, 0x0000, 0x0000, 0x0000, 0x0000, 0x0000, 0x0000, 0x0000, 0x0000, 0x0000, 0x0000, 0x0000,
    0x0000, 0x0000, 0x0000, 0x0000, 0x0000, 0x0000, 0x0000, 0x0000, 0x0000, 0x0000, 0x0000, 0x0000, 0x0000, 0x0000, 0x0000, 0x0000,
    0x0000, 0x0000, 0x0000, 0x0000, 0x0000, 0x0000, 0x0000, 0x0000, 0x0000, 0x0000, 0x0000, 0x0000, 0x0000, 0x0000, 0x0000, 0x0000,
    0x0000,
];
pub static WIDE: [(u32, u32); 0] = [
];
pub static ENC_CP: [u16; 10972] = [
    0x0000, 0x0001, 0x0002, 0x0003, 0x0004, 0x0005, 0x0006, 0x0007, 0x0008, 0x0009, 0x000a, 0x000b, 0x000c, 0x000d, 0x0010, 0x0011,
    0x0012, 0x0013, 0x0014, 0x0015, 0x0016, 0x0017, 0x0018, 0x0019, 0x001a, 0x001b, 0x001c, 0x001d, 0x001e, 0x001f, 0x0020, 0x0021,
    0x0022, 0x0023, 0x0024, 0x0025, 0x0026, 0x0027, 0x0028, 0x0029, 0x002a, 0x002b, 0x002c, 0x002d, 0x002e, 0x002f, 0x0030, 0x0031,
    0x0032, 0x0033, 0x0034, 0x0035, 0x0036, 0x0037, 0x0038, 0x0039, 0x003a, 0x003b, 0x003c, 0x003d, 0x003e, 0x003f, 0x0040, 0x0041,
    0x0042, 0x0043, 0x0044, 0x0045, 0x0046, 0x0047, 0x0048, 0x0049, 0x004a, 0x004b, 0x004c, 0x004d, 0x004e, 0x004f, 0x0050, 0x0051,
    0x0052, 0x0053, 0x0054, 0x0055, 0x0056, 0x0057, 0x0058, 0x0059, 0x005a, 0x005b, 0x005c, 0x005d, 0x005e, 0x005f, 0x0060, 0x0061,
    0x0062, 0x0063, 0x0064, 0x0065, 0x0066, 0x0067, 0x0068, 0x0069, 0x006a, 0x006b, 0x006c, 0x006d, 0x006e, 0x006f, 0x0070, 0x0071,
    0x0072, 0x0073, 0x0074, 0x0075, 0x0076, 0x0077, 0x0078, 0x0079, 0x007a, 0x007b, 0x007c, 0x007d, 0x007e, 0x007f, 0x0080, 0x0081,
    0x0082, 0x0083, 0x0084, 0x0085, 0x0086, 0x0087, 0x0088, 0x0089, 0x008a, 0x008b, 0x008c, 0x008d, 0x008e, 0x008f, 0x0090, 0x0091,
    0x0092, 0x0093, 0x0094, 0x0095, 0x0096, 0x0097, 0x0098, 0x0099, 0x009a, 0x009b, 0x009c, 0x009d, 0x009e, 0x009f, 0x00a1, 0x00a2,
    0x00a4, 0x00a6, 0x00a7, 0x00a8, 0x00aa, 0x00ac, 0x00b0, 0x00b1, 0x00b2, 0x00b3, 0x00b4, 0x00b6, 0x00b8, 0x00b9, 0x00ba, 0x00bc,
    0x00bd, 0x00be, 0x00bf, 0x00c6, 0x00d0, 0x00d7, 0x00d8, 0x00de, 0x00df, 0x00e6, 0x00f0, 0x00f7, 0x00f8, 0x00fe, 0x0111, 0x0126,
    0x0127, 0x0131, 0x0132, 0x0133, 0x0138, 0x013f, 0x0140, 0x0141, 0x0142, 0x0149, 0x014a, 0x014b, 0x0152, 0x0153, 0x0166, 0x0167,
    0x01c2, 0x02ba, 0x02c7, 0x02d0, 0x02d8, 0x02d9, 0x02da, 0x02db, 0x02dc, 0x02dd, 0x0391, 0x0392, 0x0393, 0x0394, 0x0395, 0x0396,
    0x0397, 0x0398, 0x0399, 0x039a, 0x039b, 0x039c, 0x039d, 0x039e, 0x039f, 0x03a0, 0x03a1, 0x03a3, 0x03a4, 0x03a5, 0x03a6, 0x03a7,
    0x03a8, 0x03a9, 0x03b1, 0x03b2, 0x03b3, 0x03b4, 0x03b5, 0x03b6, 0x03b7, 0x03b8, 0x03b9, 0x03ba, 0x03bb, 0x03bc, 0x03bd, 0x03be,
    0x03bf, 0x03c0, 0x03c1, 0x03c3, 0x03c4, 0x03c5, 0x03c6, 0x03c7, 0x03c8, 0x03c9, 0x0401, 0x0410, 0x0411, 0x0412, 0x0413, 0x0414,
    0x0415, 0x0416, 0x0417, 0x0418, 0x0419, 0x041a, 0x041b, 0x041c, 0x041d, 0x041e, 0x041f, 0x0420, 0x0421, 0x0422, 0x0423, 0x0424,
    0x0425, 0x0426, 0x0427, 0x0428, 0x0429, 0x042a, 0x042b, 0x042c, 0x042d, 0x042e, 0x042f, 0x0430, 0x0431, 0x0432, 0x0433, 0x0434,
    0x0435, 0x0436, 0x0437, 0x0438, 0x0439, 0x043a, 0x043b, 0x043c, 0x043d, 0x043e, 0x043f, 0x0440, 0x0441, 0x0442, 0x0443, 0x0444,
    0x0445, 0x0446, 0x0447, 0x0448, 0x0449, 0x044a, 0x044b, 0x044c, 0x044d, 0x044e, 0x044f, 0x0451, 0x2010, 0x2014, 0x2018, 0x2019,
    0x201c, 0x201d, 0x2020, 0x2021, 0x2025, 0x2026, 0x2030, 0x2032, 0x2033, 0x203b, 0x203e, 0x2074, 0x207f, 0x2081, 0x2082, 0x2083,
    0x2084, 0x20a9, 0x2103, 0x2109, 0x2113, 0x2116, 0x2121, 0x2122, 0x2126, 0x212a, 0x212b, 0x2153, 0x2154, 0x215b, 0x215c, 0x215d,
    0x215e, 0x2160, 0x2161, 0x2162, 0x2163, 0x2164, 0x2165, 0x2166, 0x2167, 0x2168, 0x2169, 0x2170, 0x2171, 0x2172, 0x2173, 0x2174,
    0x2175, 0x2176, 0x2177, 0x2178, 0x2179, 0x2190, 0x2191, 0x2192, 0x2193, 0x2194, 0x2195, 0x2196, 0x2197, 0x2198, 0x2199, 0x21d2,
    0x21d4, 0x2200, 0x2202, 0x2203, 0x2207, 0x2208, 0x220b, 0x220f, 0x2211, 0x221a, 0x221d, 0x221e, 0x2220, 0x2225, 0x2227, 0x2228,
    0x2229, 0x222a, 0x222b, 0x222c, 0x222e, 0x2234, 0x2235, 0x223d, 0x2252, 0x2260, 0x2261, 0x2264, 0x2265, 0x2266, 0x2267, 0x226a,
    0x226b, 0x2282, 0x2283, 0x2286, 0x2287, 0x22a5, 0x2312, 0x2460, 0x2461, 0x2462, 0x2463, 0x2464, 0x2465, 0x2466, 0x2467, 0x2468,
    0x2469, 0x246a, 0x246b, 0x246c, 0x246d, 0x246e, 0x2474, 0x2475, 0x2476, 0x2477, 0x2478, 0x2479, 0x247a, 0x247b, 0x247c, 0x247d,
    0x247e, 0x247f, 0x2480, 0x2481, 0x2482, 0x249c, 0x249d, 0x249e, 0x249f, 0x24a0, 0x24a1, 0x24a2, 0x24a3, 0x24a4, 0x24a5, 0x24a6,
    0x24a7, 0x24a8, 0x24a9, 0x24aa, 0x24ab, 0x24ac, 0x24ad, 0x24ae, 0x24af, 0x24b0, 0x24b1, 0x24b2, 0x24b3, 0x24b4, 0x24b5, 0x24d0,
    0x24d1, 0x24d2, 0x24d3, 0x24d4, 0x24d5, 0x24d6, 0x24d7, 0x24d8, 0x24d9, 0x24da, 0x24db, 0x24dc, 0x24dd, 0x24de, 0x24df, 0x24e0,
    0x24e1, 0x24e2, 0x24e3, 0x24e4, 0x24e5, 0x24e6, 0x24e7, 0x24e8, 0x24e9, 0x2500, 0x2501, 0x2502, 0x2503, 0x250c, 0x250d, 0x250e,
    0x250f, 0x2510, 0x2511, 0x2512, 0x2513, 0x2514, 0x2515, 0x2516, 0x2517, 0x2518, 0x2519, 0x251a, 0x251b, 0x251c, 0x251d, 0x251e,
    0x251f, 0x2520, 0x2521, 0x2522, 0x2523, 0x2524, 0x2525, 0x2526, 0x2527, 0x2528, 0x2529, 0x252a, 0x252b, 0x252c, 0x252d, 0x252e,
    0x252f, 0x2530, 0x2531, 0x2532, 0x2533, 0x2534, 0x2535, 0x2536, 0x2537, 0x2538, 0x2539, 0x253a, 0x253b, 0x253c, 0x253d, 0x253e,
    0x253f, 0x2540, 0x2541, 0x2542, 0x2543, 0x2544, 0x2545, 0x2546, 0x2547, 0x2548, 0x2549, 0x254a, 0x254b, 0x2592, 0x25a0, 0x25a1,
    0x25a3, 0x25a4, 0x25a5, 0x25a6, 0x25a7, 0x25a8, 0x25a9, 0x25b2, 0x25b3, 0x25b6, 0x25b7, 0x25bc, 0x25bd, 0x25c0, 0x25c1, 0x25c6,
    0x25c7, 0x25c8, 0x25c9, 0x25cb, 0x25ce, 0x25cf, 0x25d0, 0x25d1, 0x2605, 0x2606, 0x260e, 0x260f, 0x261c, 0x261e, 0x2640, 0x2642,
    0x2660, 0x2661, 0x2663, 0x2664, 0x2665, 0x2667, 0x2668, 0x2669, 0x266a, 0x266c, 0x266d, 0x3000, 0x3001, 0x3002, 0x3003, 0x3008,
    0x3009, 0x300a, 0x300b, 0x300c, 0x300d, 0x300e, 0x300f, 0x3010, 0x3011, 0x3013, 0x3014, 0x3015, 0x301c, 0x3041, 0x3042, 0x3043,
    0x3044, 0x3045, 0x3046, 0x3047, 0x3048, 0x3049, 0x304a, 0x304b, 0x304c, 0x304d, 0x304e, 0x304f, 0x3050, 0x3051, 0x3052, 0x3053,
    0x3054, 0x3055, 0x3056, 0x3057, 0x3058, 0x3059, 0x305a, 0x305b, 0x305c, 0x305d, 0x305e, 0x305f, 0x3060, 0x3061, 0x3062, 0x3063,
    0x3064, 0x3065, 0x3066, 0x3067, 0x3068, 0x3069, 0x306a, 0x306b, 0x306c, 0x306d, 0x306e, 0x306f, 0x3070, 0x3071, 0x3072, 0x3073,
    0x3074, 0x3075, 0x3076, 0x3077, 0x3078, 0x3079, 0x307a, 0x307b, 0x307c, 0x307d, 0x307e, 0x307f, 0x3080, 0x3081, 0x3082, 0x3083,
    0x3084, 0x3085, 0x3086, 0x3087, 0x3088, 0x3089, 0x308a, 0x308b, 0x308c, 0x308d, 0x308e, 0x308f, 0x3090, 0x3091, 0x3092, 0x3093,
    0x30a1, 0x30a2, 0x30a3, 0x30a4, 0x30a5, 0x30a6, 0x30a7, 0x30a8, 0x30a9, 0x30aa, 0x30ab, 0x30ac, 0x30ad, 0x30ae, 0x30af, 0x30b0,
    0x30b1, 0x30b2, 0x30b3, 0x30b4, 0x30b5, 0x30b6, 0x30b7, 0x30b8, 0x30b9, 0x30ba, 0x30bb, 0x30bc, 0x30bd, 0x30be, 0x30bf, 0x30c0,
    0x30c1, 0x30c2, 0x30c3, 0x30c4, 0x30c5, 0x30c6, 0x30c7, 0x30c8, 0x30c9, 0x30ca, 0x30cb, 0x30cc, 0x30cd, 0x30ce, 0x30cf, 0x30d0,
    0x30d1, 0x30d2, 0x30d3, 0x30d4, 0x30d5, 0x30d6, 0x30d7, 0x30d8, 0x30d9, 0x30da, 0x30db, 0x30dc, 0x30dd, 0x30de, 0x30df, 0x30e0,
    0x30e1, 0x30e2, 0x30e3, 0x30e4, 0x30e5, 0x30e6, 0x30e7, 0x30e8, 0x30e9, 0x30ea, 0x30eb, 0x30ec, 0x30ed, 0x30ee, 0x30ef, 0x30f0,
    0x30f1, 0x30f2, 0x30f3, 0x30f4, 0x30f5, 0x30f6, 0x30fb, 0x3131, 0x3132, 0x3133, 0x3134, 0x3135, 0x3136, 0x3137, 0x3138, 0x3139,
    0x313a, 0x313b, 0x313c, 0x313d, 0x313e, 0x313f, 0x3140, 0x3141, 0x3142, 0x3143, 0x3144, 0x3145, 0x3146, 0x3147, 0x3148, 0x3149,
    0x314a, 0x314b, 0x314c, 0x314d, 0x314e, 0x314f, 0x3150, 0x3151, 0x3152, 0x3153, 0x3154, 0x3155, 0x3156, 0x3157, 0x3158, 0x3159,
    0x315a, 0x315b, 0x315c, 0x315d, 0x315e, 0x315f, 0x3160, 0x3161, 0x3162, 0x3163, 0x3164, 0x3165, 0x3166, 0x3167, 0x3168, 0x3169,
    0x316a, 0x316b, 0x316c, 0x316d, 0x316e, 0x316f, 0x3170, 0x3171, 0x3172, 0x3173, 0x3174, 0x3175, 0x3176, 0x3177, 0x3178, 0x3179,
    0x317a, 0x317b, 0x317c, 0x317d, 0x317e, 0x317f, 0x3180, 0x3181, 0x3182, 0x3183, 0x3184, 0x3185, 0x3186, 0x3187, 0x3188, 0x3189,
    0x318a, 0x318b, 0x318c, 0x318d, 0x318e, 0x3200, 0x3201, 0x3202, 0x3203, 0x3204, 0x3205, 0x3206, 0x3207, 0x3208, 0x3209, 0x320a,
    0x320b, 0x320c, 0x320d, 0x320e, 0x320f, 0x3210, 0x3211, 0x3212, 0x3213, 0x3214, 0x3215, 0x3216, 0x3217, 0x3218, 0x3219, 0x321a,
    0x321b, 0x321c, 0x3260, 0x3261, 0x3262, 0x3263, 0x3264, 0x3265, 0x3266, 0x3267, 0x3268, 0x3269, 0x326a, 0x326b, 0x326c, 0x326d,
    0x326e, 0x326f, 0x3270, 0x3271, 0x3272, 0x3273, 0x3274, 0x3275, 0x3276, 0x3277, 0x3278, 0x3279, 0x327a, 0x327b, 0x327f, 0x3380,
    0x3381, 0x3382, 0x3383, 0x3384, 0x3388, 0x3389, 0x338a, 0x338b, 0x338c, 0x338d, 0x338e, 0x338f, 0x3390, 0x3391, 0x3392, 0x3393,
    0x3394, 0x3395, 0x3396, 0x3397, 0x3398, 0x3399, 0x339a, 0x339b, 0x339c, 0x339d, 0x339e, 0x339f, 0x33a0, 0x33a1, 0x33a2, 0x33a3,
    0x33a4, 0x33a5, 0x33a6, 0x33a7, 0x33a8, 0x33a9, 0x33aa, 0x33ab, 0x33ac, 0x33ad, 0x33ae, 0x33af, 0x33b0, 0x33b1, 0x33b2, 0x33b3,
    0x33b4, 0x33b5, 0x33b6, 0x33b7, 0x33b8, 0x33b9, 0x33ba, 0x33bb, 0x33bc, 0x33bd, 0x33be, 0x33bf, 0x33c0, 0x33c1, 0x33c2, 0x33c3,
    0x33c4, 0x33c5, 0x33c6, 0x33c7, 0x33c8, 0x33c9, 0x33ca, 0x33cf, 0x33d0, 0x33d3, 0x33d6, 0x33d8, 0x33db, 0x33dc, 0x33dd, 0x4e00,
    0x4e01, 0x4e03, 0x4e07, 0x4e08, 0x4e09, 0x4e0a, 0x4e0b, 0x4e0d, 0x4e11, 0x4e14, 0x4e15, 0x4e16, 0x4e18, 0x4e19, 0x4e1e, 0x4e2d,
    0x4e30, 0x4e32, 0x4e38, 0x4e39, 0x4e3b, 0x4e42, 0x4e43, 0x4e45, 0x4e4b, 0x4e4d, 0x4e4e, 0x4e4f, 0x4e56, 0x4e58, 0x4e59, 0x4e5d,
    0x4e5e, 0x4e5f, 0x4e6b, 0x4e6d, 0x4e73, 0x4e76, 0x4e77, 0x4e7e, 0x4e82, 0x4e86, 0x4e88, 0x4e8b, 0x4e8c, 0x4e8e, 0x4e90, 0x4e91,
    0x4e92, 0x4e94, 0x4e95, 0x4e98, 0x4e9b, 0x4e9e, 0x4ea1, 0x4ea2, 0x4ea4, 0x4ea5, 0x4ea6, 0x4ea8, 0x4eab, 0x4eac, 0x4ead, 0x4eae,
    0x4eb6, 0x4eba, 0x4ec0, 0x4ec1, 0x4ec4, 0x4ec6, 0x4ec7, 0x4eca, 0x4ecb, 0x4ecd, 0x4ed4, 0x4ed5, 0x4ed6, 0x4ed7, 0x4ed8, 0x4ed9,
    0x4edd, 0x4ede, 0x4edf, 0x4ee3, 0x4ee4, 0x4ee5, 0x4ef0, 0x4ef2, 0x4ef6, 0x4ef7, 0x4efb, 0x4f01, 0x4f09, 0x4f0a, 0x4f0b, 0x4f0d,
    0x4f0e, 0x4f0f, 0x4f10, 0x4f11, 0x4f2f, 0x4f34, 0x4f36, 0x4f38, 0x4f3a, 0x4f3c, 0x4f3d, 0x4f43, 0x4f46, 0x4f47, 0x4f48, 0x4f4d,
    0x4f4e, 0x4f4f, 0x4f50, 0x4f51, 0x4f55, 0x4f59, 0x4f5a, 0x4f5b, 0x4f5c, 0x4f5d, 0x4f5e, 0x4f69, 0x4f6f, 0x4f70, 0x4f73, 0x4f76,
    0x4f7a, 0x4f7e, 0x4f7f, 0x4f81, 0x4f83, 0x4f84, 0x4f86, 0x4f88, 0x4f8a, 0x4f8b, 0x4f8d, 0x4f8f, 0x4f91, 0x4f96, 0x4f98, 0x4f9b,
    0x4f9d, 0x4fae, 0x4faf, 0x4fb5, 0x4fb6, 0x4fbf, 0x4fc2, 0x4fc3, 0x4fc4, 0x4fc9, 0x4fca, 0x4fce, 0x4fd1, 0x4fd3, 0x4fd4, 0x4fd7,
    0x4fda, 0x4fdb, 0x4fdd, 0x4fdf, 0x4fe0, 0x4fe1, 0x4fee, 0x4fef, 0x4ff1, 0x4ff3, 0x4ff5, 0x4ff8, 0x4ffa, 0x5002, 0x5006, 0x5009,
    0x500b, 0x500d, 0x5011, 0x5012, 0x5016, 0x5019, 0x501a, 0x501c, 0x501e, 0x501f, 0x5021, 0x5023, 0x5024, 0x5026, 0x5027, 0x5028,
    0x502a, 0x502b, 0x502c, 0x502d, 0x503b, 0x5043, 0x5047, 0x5048, 0x5049, 0x504f, 0x5055, 0x505a, 0x505c, 0x5065, 0x5070, 0x5074,
    0x5075, 0x5076, 0x5078, 0x5080, 0x5085, 0x508d, 0x5091, 0x5098, 0x5099, 0x50ac, 0x50ad, 0x50b2, 0x50b3, 0x50b4, 0x50b5, 0x50b7,
    0x50be, 0x50c2, 0x50c5, 0x50c9, 0x50ca, 0x50cf, 0x50d1, 0x50d5, 0x50d6, 0x50da, 0x50de, 0x50e5, 0x50e7, 0x50ed, 0x50f9, 0x50fb,
    0x50ff, 0x5100, 0x5101, 0x5104, 0x5106, 0x5109, 0x5112, 0x511f, 0x5121, 0x512a, 0x5132, 0x5137, 0x513a, 0x513c, 0x5140, 0x5141,
    0x5143, 0x5144, 0x5145, 0x5146, 0x5147, 0x5148, 0x5149, 0x514b, 0x514c, 0x514d, 0x514e, 0x5152, 0x515a, 0x515c, 0x5162, 0x5165,
    0x5167, 0x5168, 0x5169, 0x516a, 0x516b, 0x516c, 0x516d, 0x516e, 0x5171, 0x5175, 0x5176, 0x5177, 0x5178, 0x517c, 0x5180, 0x5186,
    0x518a, 0x518d, 0x5192, 0x5195, 0x5197, 0x51a0, 0x51a5, 0x51aa, 0x51ac, 0x51b2, 0x51b6, 0x51b7, 0x51bd, 0x51c4, 0x51c6, 0x51c9,
    0x51cb, 0x51cc, 0x51cd, 0x51db, 0x51dc, 0x51dd, 0x51de, 0x51e1, 0x51f0, 0x51f1, 0x51f6, 0x51f8, 0x51f9, 0x51fa, 0x51fd, 0x5200,
    0x5203, 0x5206, 0x5207, 0x5208, 0x520a, 0x520e, 0x5211, 0x5217, 0x521d, 0x5224, 0x5225, 0x5229, 0x522a, 0x522e, 0x5230, 0x5231,
    0x5236, 0x5237, 0x5238, 0x5239, 0x523a, 0x523b, 0x5243, 0x5247, 0x524a, 0x524b, 0x524c, 0x524d, 0x5254, 0x5256, 0x525b, 0x525d,
    0x5261, 0x5269, 0x526a, 0x526f, 0x5272, 0x5275, 0x527d, 0x527f, 0x5283, 0x5287, 0x5288, 0x5289, 0x528d, 0x5291, 0x5292, 0x529b,
    0x529f, 0x52a0, 0x52a3, 0x52a4, 0x52a9, 0x52aa, 0x52ab, 0x52be, 0x52c1, 0x52c3, 0x52c5, 0x52c7, 0x52c9, 0x52cd, 0x52d2, 0x52d5,
    0x52d6, 0x52d8, 0x52d9, 0x52db, 0x52dd, 0x52de, 0x52df, 0x52e2, 0x52e3, 0x52e4, 0x52f3, 0x52f5, 0x52f8, 0x52fa, 0x52fb, 0x52fe,
    0x52ff, 0x5305, 0x5308, 0x530d, 0x530f, 0x5310, 0x5315, 0x5316, 0x5317, 0x5319, 0x5320, 0x5321, 0x5323, 0x532a, 0x532f, 0x5339,
    0x533f, 0x5340, 0x5341, 0x5343, 0x5344, 0x5347, 0x5348, 0x5349, 0x534a, 0x534d, 0x5351, 0x5352, 0x5353, 0x5354, 0x5357, 0x535a,
    0x535c, 0x535e, 0x5360, 0x5366, 0x5368, 0x536f, 0x5370, 0x5371, 0x5374, 0x5375, 0x5377, 0x537d, 0x537f, 0x5384, 0x5393, 0x5398,
    0x539a, 0x539f, 0x53a0, 0x53a5, 0x53a6, 0x53ad, 0x53bb, 0x53c3, 0x53c8, 0x53c9, 0x53ca, 0x53cb, 0x53cd, 0x53d4, 0x53d6, 0x53d7,
    0x53db, 0x53df, 0x53e1, 0x53e2, 0x53e3, 0x53e4, 0x53e5, 0x53e9, 0x53ea, 0x53eb, 0x53ec, 0x53ed, 0x53ef, 0x53f0, 0x53f1, 0x53f2,
    0x53f3, 0x53f8, 0x5401, 0x5403, 0x5404, 0x5408, 0x5409, 0x540a, 0x540c, 0x540d, 0x540e, 0x540f, 0x5410, 0x5411, 0x541b, 0x541d,
    0x541f, 0x5420, 0x5426, 0x5429, 0x542b, 0x5433, 0x5438, 0x5439, 0x543b, 0x543c, 0x543e, 0x5442, 0x5448, 0x544a, 0x5451, 0x5468,
    0x546a, 0x5471, 0x5473, 0x5475, 0x547b, 0x547c, 0x547d, 0x5480, 0x5484, 0x5486, 0x548c, 0x548e, 0x5490, 0x54a4, 0x54a8, 0x54ab,
    0x54ac, 0x54b3, 0x54b8, 0x54bd, 0x54c0, 0x54c1, 0x54c4, 0x54c8, 0x54c9, 0x54e1, 0x54e5, 0x54e8, 0x54ed, 0x54ee, 0x54f2, 0x54fa,
    0x54fd, 0x5504, 0x5506, 0x5507, 0x550e, 0x5510, 0x551c, 0x552f, 0x5531, 0x5535, 0x553e, 0x5544, 0x5546, 0x554f, 0x5553, 0x5556,
    0x555e, 0x5563, 0x557b, 0x557c, 0x5580, 0x5583, 0x5584, 0x5586, 0x5587, 0x5589, 0x558a, 0x5598, 0x5599, 0x559a, 0x559c, 0x559d,
    0x55a7, 0x55a9, 0x55aa, 0x55ab, 0x55ac, 0x55ae, 0x55c5, 0x55c7, 0x55d4, 0x55da, 0x55dc, 0x55df, 0x55e3, 0x55e4, 0x55fd, 0x55fe,
    0x5606, 0x5609, 0x5614, 0x5617, 0x562f, 0x5632, 0x5634, 0x5636, 0x5653, 0x5668, 0x566a, 0x566b, 0x566c, 0x5674, 0x5686, 0x56a5,
    0x56ac, 0x56ae, 0x56b4, 0x56bc, 0x56c0, 0x56c2, 0x56ca, 0x56cd, 0x56d1, 0x56da, 0x56db, 0x56de, 0x56e0, 0x56f0, 0x56f9, 0x56fa,
    0x56ff, 0x5703, 0x5704, 0x5708, 0x570b, 0x570d, 0x5712, 0x5713, 0x5716, 0x5718, 0x571c, 0x571f, 0x5728, 0x572d, 0x5730, 0x573b,
    0x5740, 0x5742, 0x5747, 0x574a, 0x574d, 0x574e, 0x5750, 0x5751, 0x5761, 0x5764, 0x5766, 0x576a, 0x576e, 0x5770, 0x5775, 0x577c,
    0x5782, 0x5788, 0x578b, 0x578c, 0x5793, 0x57a0, 0x57a2, 0x57a3, 0x57c3, 0x57c7, 0x57c8, 0x57cb, 0x57ce, 0x57d3, 0x57df, 0x57e0,
    0x57f0, 0x57f4, 0x57f7, 0x57f9, 0x57fa, 0x57fc, 0x5800, 0x5802, 0x5805, 0x5806, 0x5808, 0x5809, 0x580a, 0x581e, 0x5821, 0x5824,
    0x5827, 0x582a, 0x582f, 0x5830, 0x5831, 0x5834, 0x5835, 0x583a, 0x584a, 0x584b, 0x584f, 0x5851, 0x5854, 0x5857, 0x5858, 0x585a,
    0x585e, 0x5861, 0x5862, 0x5864, 0x5869, 0x5875, 0x5879, 0x587c, 0x587e, 0x5883, 0x5885, 0x5889, 0x5893, 0x589c, 0x589e, 0x589f,
    0x58a8, 0x58a9, 0x58ae, 0x58b3, 0x58ba, 0x58bb, 0x58be, 0x58c1, 0x58c5, 0x58c7, 0x58ce, 0x58d1, 0x58d3, 0x58d5, 0x58d8, 0x58d9,
    0x58de, 0x58df, 0x58e4, 0x58eb, 0x58ec, 0x58ef, 0x58f9, 0x58fa, 0x58fb, 0x58fd, 0x590f, 0x5914, 0x5915, 0x5916, 0x5919, 0x591a,
    0x591c, 0x5922, 0x5927, 0x5929, 0x592a, 0x592b, 0x592d, 0x592e, 0x5931, 0x5937, 0x593e, 0x5944, 0x5947, 0x5948, 0x5949, 0x594e,
    0x594f, 0x5950, 0x5951, 0x5954, 0x5955, 0x5957, 0x595a, 0x5960, 0x5962, 0x5967, 0x596a, 0x596b, 0x596c, 0x596d, 0x596e, 0x5973,
    0x5974, 0x5978, 0x597d, 0x5982, 0x5983, 0x5984, 0x598a, 0x5993, 0x5996, 0x5997, 0x5999, 0x59a3, 0x59a5, 0x59a8, 0x59ac, 0x59b9,
    0x59bb, 0x59be, 0x59c3, 0x59c6, 0x59c9, 0x59cb, 0x59d0, 0x59d1, 0x59d2, 0x59d3, 0x59d4, 0x59d9, 0x59da, 0x59dc, 0x59dd, 0x59e6,
    0x59e8, 0x59ea, 0x59ec, 0x59ee, 0x59f8, 0x59fb, 0x59ff, 0x5a01, 0x5a03, 0x5a11, 0x5a18, 0x5a1b, 0x5a1c, 0x5a1f, 0x5a20, 0x5a25,
    0x5a29, 0x5a36, 0x5a3c, 0x5a41, 0x5a46, 0x5a49, 0x5a5a, 0x5a62, 0x5a66, 0x5a7f, 0x5a92, 0x5a93, 0x5a9a, 0x5a9b, 0x5aa4, 0x5abc,
    0x5abd, 0x5abe, 0x5ac1, 0x5ac2, 0x5ac4, 0x5ac9, 0x5acc, 0x5ad7, 0x5ae1, 0x5ae6, 0x5ae9, 0x5b05, 0x5b09, 0x5b0b, 0x5b0c, 0x5b16,
    0x5b2a, 0x5b30, 0x5b40, 0x5b43, 0x5b50, 0x5b51, 0x5b54, 0x5b55, 0x5b57, 0x5b58, 0x5b5a, 0x5b5c, 0x5b5d, 0x5b5f, 0x5b63, 0x5b64,
    0x5b65, 0x5b69, 0x5b6b, 0x5b70, 0x5b71, 0x5b75, 0x5b78, 0x5b7a, 0x5b7c, 0x5b85, 0x5b87, 0x5b88, 0x5b89, 0x5b8b, 0x5b8c, 0x5b8f,
    0x5b93, 0x5b95, 0x5b96, 0x5b97, 0x5b98, 0x5b99, 0x5b9a, 0x5b9b, 0x5b9c, 0x5ba2, 0x5ba3, 0x5ba4, 0x5ba5, 0x5ba6, 0x5bac, 0x5bae,
    0x5bb0, 0x5bb3, 0x5bb4, 0x5bb5, 0x5bb6, 0x5bb8, 0x5bb9, 0x5bbf, 0x5bc0, 0x5bc2, 0x5bc3, 0x5bc4, 0x5bc5, 0x5bc6, 0x5bc7, 0x5bcc,
    0x5bd0, 0x5bd2, 0x5bd3, 0x5bd4, 0x5bd7, 0x5bde, 0x5bdf, 0x5be1, 0x5be2, 0x5be4, 0x5be5, 0x5be6, 0x5be7, 0x5be8, 0x5be9, 0x5beb,
    0x5bec, 0x5bee, 0x5bef, 0x5bf5, 0x5bf6, 0x5bf8, 0x5bfa, 0x5c01, 0x5c04, 0x5c07, 0x5c08, 0x5c09, 0x5c0a, 0x5c0b, 0x5c0d, 0x5c0e,
    0x5c0f, 0x5c11, 0x5c16, 0x5c19, 0x5c20, 0x5c24, 0x5c28, 0x5c31, 0x5c38, 0x5c39, 0x5c3a, 0x5c3b, 0x5c3c, 0x5c3e, 0x5c3f, 0x5c40,
    0x5c45, 0x5c46, 0x5c48, 0x5c4b, 0x5c4d, 0x5c4e, 0x5c51, 0x5c55, 0x5c5b, 0x5c60, 0x5c62, 0x5c64, 0x5c65, 0x5c6c, 0x5c6f, 0x5c71,
    0x5c79, 0x5c8c, 0x5c90, 0x5c91, 0x5ca1, 0x5ca6, 0x5ca9, 0x5cab, 0x5cac, 0x5cb1, 0x5cb3, 0x5cb5, 0x5cb7, 0x5cb8, 0x5cba, 0x5cbe,
    0x5cc0, 0x5cd9, 0x5ce0, 0x5ce8, 0x5ced, 0x5cef, 0x5cf0, 0x5cf4, 0x5cf6, 0x5cfb, 0x5cfd, 0x5d07, 0x5d0d, 0x5d0e, 0x5d11, 0x5d14,
    0x5d16, 0x5d17, 0x5d19, 0x5d27, 0x5d29, 0x5d4b, 0x5d4c, 0x5d50, 0x5d52, 0x5d69, 0x5d6c, 0x5d6f, 0x5d82, 0x5d87, 0x5d8b, 0x5d9d,
    0x5da0, 0x5da2, 0x5daa, 0x5db8, 0x5dba, 0x5dbc, 0x5dbd, 0x5dcd, 0x5dd2, 0x5dd3, 0x5dd6, 0x5ddd, 0x5dde, 0x5de1, 0x5de2, 0x5de5,
    0x5de6, 0x5de7, 0x5de8, 0x5deb, 0x5dee, 0x5df1, 0x5df2, 0x5df3, 0x5df4, 0x5df5, 0x5df7, 0x5df9, 0x5dfd, 0x5dfe, 0x5e02, 0x5e03,
    0x5e06, 0x5e0c, 0x5e11, 0x5e16, 0x5e19, 0x5e1b, 0x5e1d, 0x5e25, 0x5e2b, 0x5e2d, 0x5e33, 0x5e36, 0x5e37, 0x5e38, 0x5e3d, 0x5e3f,
    0x5e40, 0x5e43, 0x5e44, 0x5e45, 0x5e47, 0x5e4c, 0x5e55, 0x5e5f, 0x5e61, 0x5e62, 0x5e63, 0x5e71, 0x5e72, 0x5e73, 0x5e74, 0x5e77,
    0x5e78, 0x5e79, 0x5e7b, 0x5e7c, 0x5e7d, 0x5e7e, 0x5e84, 0x5e87, 0x5e8a, 0x5e8f, 0x5e95, 0x5e96, 0x5e97, 0x5e9a, 0x5e9c, 0x5ea0,
    0x5ea6, 0x5ea7, 0x5eab, 0x5ead, 0x5eb5, 0x5eb6, 0x5eb7, 0x5eb8, 0x5ebe, 0x5ec2, 0x5ec8, 0x5ec9, 0x5eca, 0x5ed0, 0x5ed3, 0x5ed6,
    0x5eda, 0x5edb, 0x5edf, 0x5ee0, 0x5ee2, 0x5ee3, 0x5ee8, 0x5ee9, 0x5eec, 0x5ef3, 0x5ef6, 0x5ef7, 0x5efa, 0x5efb, 0x5f01, 0x5f04,
    0x5f0a, 0x5f0f, 0x5f11, 0x5f13, 0x5f14, 0x5f15, 0x5f17, 0x5f18, 0x5f1b, 0x5f1f, 0x5f26, 0x5f27, 0x5f29, 0x5f31, 0x5f35, 0x5f3a,
    0x5f3c, 0x5f46, 0x5f48, 0x5f4a, 0x5f4c, 0x5f4e, 0x5f56, 0x5f57, 0x5f59, 0x5f5b, 0x5f62, 0x5f66, 0x5f67, 0x5f69, 0x5f6a, 0x5f6b,
    0x5f6c, 0x5f6d, 0x5f70, 0x5f71, 0x5f77, 0x5f79, 0x5f7c, 0x5f7f, 0x5f80, 0x5f81, 0x5f85, 0x5f87, 0x5f8a, 0x5f8b, 0x5f8c, 0x5f90,
    0x5f91, 0x5f92, 0x5f97, 0x5f98, 0x5f99, 0x5f9e, 0x5fa0, 0x5fa1, 0x5fa8, 0x5fa9, 0x5faa, 0x5fae, 0x5fb4, 0x5fb5, 0x5fb7, 0x5fb9,
    0x5fbd, 0x5fc3, 0x5fc5, 0x5fcc, 0x5fcd, 0x5fd6, 0x5fd7, 0x5fd8, 0x5fd9, 0x5fe0, 0x5feb, 0x5ff1, 0x5ff5, 0x5ffb, 0x5ffd, 0x5fff,
    0x600f, 0x6012, 0x6016, 0x601b, 0x601c, 0x601d, 0x6020, 0x6021, 0x6025, 0x6027, 0x6028, 0x602a, 0x602f, 0x6031, 0x6033, 0x6041,
    0x6042, 0x6043, 0x604d, 0x6050, 0x6052, 0x6055, 0x6059, 0x605a, 0x605d, 0x6062, 0x6063, 0x6064, 0x6065, 0x6068, 0x6069, 0x606a,
    0x606c, 0x606d, 0x606f, 0x6070, 0x6085, 0x6089, 0x608c, 0x608d, 0x6094, 0x6096, 0x609a, 0x609b, 0x609f, 0x60a0, 0x60a3, 0x60a4,
    0x60a7, 0x60b0, 0x60b2, 0x60b3, 0x60b4, 0x60b5, 0x60b6, 0x60b8, 0x60bc, 0x60bd, 0x60c5, 0x60c7, 0x60d1, 0x60da, 0x60dc, 0x60df,
    0x60e0, 0x60e1, 0x60f0, 0x60f1, 0x60f3, 0x60f6, 0x60f9, 0x60fa, 0x60fb, 0x6101, 0x6103, 0x6106, 0x6108, 0x6109, 0x610d, 0x610e,
    0x610f, 0x6115, 0x611a, 0x611b, 0x611f, 0x6127, 0x6130, 0x6134, 0x6137, 0x613c, 0x613e, 0x613f, 0x6142, 0x6144, 0x6147, 0x6148,
    0x614a, 0x614b, 0x614c, 0x6153, 0x6155, 0x6158, 0x6159, 0x615a, 0x615d, 0x615f, 0x6162, 0x6163, 0x6164, 0x6167, 0x6168, 0x616b,
    0x616e, 0x6170, 0x6176, 0x6177, 0x617d, 0x617e, 0x6181, 0x6182, 0x618a, 0x618e, 0x6190, 0x6191, 0x6194, 0x6198, 0x6199, 0x619a,
    0x61a4, 0x61a7, 0x61a9, 0x61ab, 0x61ac, 0x61ae, 0x61b2, 0x61b6, 0x61ba, 0x61be, 0x61c3, 0x61c7, 0x61c8, 0x61c9, 0x61ca, 0x61cb,
    0x61e6, 0x61f2, 0x61f6, 0x61f7, 0x61f8, 0x61fa, 0x61fc, 0x61fd, 0x61ff, 0x6200, 0x6207, 0x6208, 0x620a, 0x620c, 0x620d, 0x620e,
    0x6210, 0x6211, 0x6212, 0x6216, 0x621a, 0x621e, 0x621f, 0x6221, 0x622a, 0x622e, 0x6230, 0x6231, 0x6234, 0x6236, 0x623e, 0x623f,
    0x6240, 0x6241, 0x6243, 0x6247, 0x6248, 0x6249, 0x624b, 0x624d, 0x6253, 0x6258, 0x626e, 0x6271, 0x6276, 0x6279, 0x627c, 0x627f,
    0x6280, 0x6284, 0x6289, 0x628a, 0x6291, 0x6292, 0x6295, 0x6297, 0x6298, 0x629b, 0x62ab, 0x62b1, 0x62b5, 0x62b9, 0x62bc, 0x62bd,
    0x62c2, 0x62c6, 0x62c7, 0x62c8, 0x62c9, 0x62cc, 0x62cd, 0x62cf, 0x62d0, 0x62d2, 0x62d3, 0x62d4, 0x62d6, 0x62d7, 0x62d8, 0x62d9,
    0x62db, 0x62dc, 0x62ec, 0x62ed, 0x62ee, 0x62ef, 0x62f1, 0x62f3, 0x62f7, 0x62fe, 0x62ff, 0x6301, 0x6307, 0x6308, 0x6309, 0x6311,
    0x632b, 0x632f, 0x6339, 0x633a, 0x633b, 0x633d, 0x633e, 0x6349, 0x634c, 0x634f, 0x6350, 0x6355, 0x6367, 0x6368, 0x636e, 0x6372,
    0x6377, 0x637a, 0x637b, 0x637f, 0x6383, 0x6388, 0x6389, 0x638c, 0x6392, 0x6396, 0x6398, 0x639b, 0x63a0, 0x63a1, 0x63a2, 0x63a5,
    0x63a7, 0x63a8, 0x63a9, 0x63aa, 0x63ac, 0x63c0, 0x63c4, 0x63c6, 0x63cf, 0x63d0, 0x63d6, 0x63da, 0x63db, 0x63e1, 0x63ed, 0x63ee,
    0x63f4, 0x63f6, 0x63f7, 0x640d, 0x640f, 0x6414, 0x6416, 0x6417, 0x641c, 0x6422, 0x642c, 0x642d, 0x643a, 0x643e, 0x6458, 0x6460,
    0x6467, 0x6469, 0x646f, 0x6478, 0x6479, 0x647a, 0x6488, 0x6491, 0x6492, 0x6493, 0x649a, 0x649e, 0x64a4, 0x64a5, 0x64ab, 0x64ad,
    0x64ae, 0x64b0, 0x64b2, 0x64bb, 0x64c1, 0x64c4, 0x64c5, 0x64c7, 0x64ca, 0x64cd, 0x64ce, 0x64d2, 0x64d4, 0x64d8, 0x64da, 0x64e1,
    0x64e2, 0x64e5, 0x64e6, 0x64e7, 0x64ec, 0x64ef, 0x64f1, 0x64f2, 0x64f4, 0x64fa, 0x64fe, 0x6500, 0x6504, 0x6518, 0x651d, 0x6523,
    0x652a, 0x652b, 0x652c, 0x652f, 0x6536, 0x6537, 0x6538, 0x6539, 0x653b, 0x653e, 0x653f, 0x6545, 0x6548, 0x654d, 0x654e, 0x654f,
    0x6551, 0x6554, 0x6556, 0x6557, 0x655e, 0x6562, 0x6563, 0x6566, 0x656c, 0x656d, 0x6572, 0x6574, 0x6575, 0x6577, 0x6578, 0x657e,
    0x6582, 0x6583, 0x6585, 0x6587, 0x658c, 0x6590, 0x6591, 0x6597, 0x6599, 0x659b, 0x659c, 0x659f, 0x65a1, 0x65a4, 0x65a5, 0x65a7,
    0x65ab, 0x65ac, 0x65af, 0x65b0, 0x65b7, 0x65b9, 0x65bc, 0x65bd, 0x65c1, 0x65c5, 0x65cb, 0x65cc, 0x65cf, 0x65d2, 0x65d7, 0x65e0,
    0x65e3, 0x65e5, 0x65e6, 0x65e8, 0x65e9, 0x65ec, 0x65ed, 0x65f1, 0x65f4, 0x65fa, 0x65fb, 0x65fc, 0x65fd, 0x65ff, 0x6606, 0x6607,
    0x6609, 0x660a, 0x660c, 0x660e, 0x660f, 0x6610, 0x6611, 0x6613, 0x6614, 0x6615, 0x661e, 0x661f, 0x6620, 0x6624, 0x6625, 0x6627,
    0x6628, 0x662d, 0x662f, 0x6630, 0x6631, 0x6634, 0x6636, 0x663a, 0x663b, 0x6641, 0x6642, 0x6643, 0x6644, 0x6649, 0x664b, 0x664f,
    0x6659, 0x665b, 0x665d, 0x665e, 0x665f, 0x6662, 0x6664, 0x6665, 0x6666, 0x6667, 0x6668, 0x6669, 0x666b, 0x666c, 0x666e, 0x666f,
    0x6673, 0x6674, 0x6676, 0x6677, 0x6678, 0x667a, 0x6684, 0x6687, 0x6688, 0x6689, 0x668e, 0x6690, 0x6691, 0x6696, 0x6697, 0x6698,
    0x669d, 0x66a0, 0x66a2, 0x66ab, 0x66ae, 0x66b2, 0x66b3, 0x66b4, 0x66b9, 0x66bb, 0x66be, 0x66c4, 0x66c6, 0x66c7, 0x66c9, 0x66d6,
    0x66d9, 0x66dc, 0x66dd, 0x66e0, 0x66e6, 0x66e9, 0x66f0, 0x66f2, 0x66f3, 0x66f4, 0x66f7, 0x66f8, 0x66f9, 0x66fa, 0x66fc, 0x66fe,
    0x66ff, 0x6700, 0x6703, 0x6708, 0x6709, 0x670b, 0x670d, 0x6714, 0x6715, 0x6717, 0x671b, 0x671d, 0x671e, 0x671f, 0x6726, 0x6727,
    0x6728, 0x672a, 0x672b, 0x672c, 0x672d, 0x672e, 0x6731, 0x6734, 0x6736, 0x673a, 0x673d, 0x6746, 0x6749, 0x674e, 0x674f, 0x6750,
    0x6751, 0x6753, 0x6756, 0x675c, 0x675e, 0x675f, 0x676d, 0x676f, 0x6770, 0x6771, 0x6772, 0x6773, 0x6775, 0x6777, 0x677b, 0x677e,
    0x677f, 0x6787, 0x6789, 0x678b, 0x678f, 0x6790, 0x6793, 0x6795, 0x6797, 0x679a, 0x679c, 0x679d, 0x67af, 0x67b0, 0x67b3, 0x67b6,
    0x67b7, 0x67b8, 0x67be, 0x67c4, 0x67cf, 0x67d0, 0x67d1, 0x67d2, 0x67d3, 0x67d4, 0x67da, 0x67dd, 0x67de, 0x67e2, 0x67e9, 0x67ec,
    0x67ef, 0x67f0, 0x67f1, 0x67f3, 0x67f4, 0x67f5, 0x67f6, 0x67fb, 0x67fe, 0x6812, 0x6813, 0x6816, 0x6817, 0x6821, 0x6822, 0x682a,
    0x682e, 0x682f, 0x6831, 0x6838, 0x6839, 0x683c, 0x683d, 0x6840, 0x6841, 0x6842, 0x6843, 0x6848, 0x684e, 0x6850, 0x6851, 0x6853,
    0x6854, 0x686d, 0x6876, 0x687f, 0x6881, 0x6883, 0x6885, 0x688f, 0x6893, 0x6894, 0x6897, 0x689d, 0x689f, 0x68a1, 0x68a2, 0x68a7,
    0x68a8, 0x68ad, 0x68af, 0x68b0, 0x68b1, 0x68b3, 0x68b5, 0x68b6, 0x68c4, 0x68c5, 0x68c9, 0x68cb, 0x68cd, 0x68d2, 0x68d5, 0x68d7,
    0x68d8, 0x68da, 0x68df, 0x68e0, 0x68e7, 0x68e8, 0x68ee, 0x68f2, 0x68f9, 0x68fa, 0x6900, 0x6904, 0x6905, 0x690d, 0x690e, 0x6912,
    0x6927, 0x6930, 0x693d, 0x693f, 0x6942, 0x694a, 0x6953, 0x6954, 0x6955, 0x6957, 0x6959, 0x695a, 0x695e, 0x6960, 0x6961, 0x6962,
    0x6963, 0x6968, 0x696b, 0x696d, 0x696e, 0x696f, 0x6975, 0x6977, 0x6978, 0x6979, 0x6994, 0x6995, 0x699b, 0x699c, 0x69a5, 0x69a7,
    0x69ae, 0x69b4, 0x69bb, 0x69c1, 0x69c3, 0x69ca, 0x69cb, 0x69cc, 0x69cd, 0x69ce, 0x69d0, 0x69d3, 0x69e8, 0x69ea, 0x69fb, 0x69fd,
    0x69ff, 0x6a02, 0x6a05, 0x6a0a, 0x6a11, 0x6a13, 0x6a17, 0x6a19, 0x6a1e, 0x6a1f, 0x6a21, 0x6a23, 0x6a35, 0x6a38, 0x6a39, 0x6a3a,
    0x6a3d, 0x6a44, 0x6a47, 0x6a48, 0x6a4b, 0x6a50, 0x6a52, 0x6a53, 0x6a58, 0x6a59, 0x6a5f, 0x6a61, 0x6a6b, 0x6a80, 0x6a84, 0x6a89,
    0x6a8d, 0x6a8e, 0x6a97, 0x6a9c, 0x6aa0, 0x6aa2, 0x6aa3, 0x6ab3, 0x6abb, 0x6abc, 0x6ac2, 0x6ac3, 0x6ad3, 0x6ada, 0x6adb, 0x6adf,
    0x6af6, 0x6afb, 0x6b02, 0x6b04, 0x6b0a, 0x6b0c, 0x6b12, 0x6b16, 0x6b20, 0x6b21, 0x6b23, 0x6b32, 0x6b38, 0x6b3a, 0x6b3d, 0x6b3e,
    0x6b43, 0x6b46, 0x6b47, 0x6b4c, 0x6b4e, 0x6b50, 0x6b5f, 0x6b61, 0x6b62, 0x6b63, 0x6b64, 0x6b65, 0x6b66, 0x6b6a, 0x6b72, 0x6b77,
    0x6b78, 0x6b7b, 0x6b7f, 0x6b83, 0x6b84, 0x6b86, 0x6b89, 0x6b8a, 0x6b96, 0x6b98, 0x6b9e, 0x6ba4, 0x6bae, 0x6baf, 0x6bb2, 0x6bb5,
    0x6bb7, 0x6bba, 0x6bbc, 0x6bbf, 0x6bc1, 0x6bc5, 0x6bc6, 0x6bcb, 0x6bcd, 0x6bcf, 0x6bd2, 0x6bd3, 0x6bd4, 0x6bd6, 0x6bd7, 0x6bd8,
    0x6bdb, 0x6beb, 0x6bec, 0x6c05, 0x6c08, 0x6c0f, 0x6c11, 0x6c13, 0x6c23, 0x6c34, 0x6c37, 0x6c38, 0x6c3e, 0x6c40, 0x6c41, 0x6c42,
    0x6c4e, 0x6c50, 0x6c55, 0x6c57, 0x6c5a, 0x6c5d, 0x6c5e, 0x6c5f, 0x6c60, 0x6c68, 0x6c6a, 0x6c6d, 0x6c70, 0x6c72, 0x6c74, 0x6c76,
    0x6c7a, 0x6c7d, 0x6c7e, 0x6c81, 0x6c82, 0x6c83, 0x6c85, 0x6c86, 0x6c87, 0x6c88, 0x6c8c, 0x6c90, 0x6c92, 0x6c93, 0x6c94, 0x6c95,
    0x6c96, 0x6c98, 0x6c99, 0x6c9a, 0x6c9b, 0x6cab, 0x6cae, 0x6cb3, 0x6cb8, 0x6cb9, 0x6cbb, 0x6cbc, 0x6cbd, 0x6cbe, 0x6cbf, 0x6cc1,
    0x6cc2, 0x6cc4, 0x6cc9, 0x6cca, 0x6ccc, 0x6cd3, 0x6cd5, 0x6cd7, 0x6cdb, 0x6ce0, 0x6ce1, 0x6ce2, 0x6ce3, 0x6ce5, 0x6ce8, 0x6ceb,
    0x6cee, 0x6cef, 0x6cf0, 0x6cf3, 0x6d0b, 0x6d0c, 0x6d11, 0x6d17, 0x6d19, 0x6d1b, 0x6d1e, 0x6d25, 0x6d27, 0x6d29, 0x6d2a, 0x6d32,
    0x6d35, 0x6d36, 0x6d38, 0x6d39, 0x6d3b, 0x6d3d, 0x6d3e, 0x6d41, 0x6d59, 0x6d5a, 0x6d5c, 0x6d63, 0x6d66, 0x6d69, 0x6d6a, 0x6d6c,
    0x6d6e, 0x6d74, 0x6d77, 0x6d78, 0x6d79, 0x6d7f, 0x6d85, 0x6d87, 0x6d88, 0x6d89, 0x6d8c, 0x6d8d, 0x6d8e, 0x6d91, 0x6d93, 0x6d95,
    0x6daf, 0x6db2, 0x6db5, 0x6dbc, 0x6dc0, 0x6dc3, 0x6dc4, 0x6dc5, 0x6dc6, 0x6dc7, 0x6dcb, 0x6dcf, 0x6dd1, 0x6dd8, 0x6dd9, 0x6dda,
    0x6dde, 0x6de1, 0x6de8, 0x6dea, 0x6deb, 0x6dee, 0x6df1, 0x6df3, 0x6df5, 0x6df7, 0x6df8, 0x6df9, 0x6dfa, 0x6dfb, 0x6e17, 0x6e19,
    0x6e1a, 0x6e1b, 0x6e1f, 0x6e20, 0x6e21, 0x6e23, 0x6e24, 0x6e25, 0x6e26, 0x6e2b, 0x6e2c, 0x6e2d, 0x6e2f, 0x6e32, 0x6e34, 0x6e36,
    0x6e38, 0x6e3a, 0x6e3c, 0x6e3d, 0x6e3e, 0x6e43, 0x6e44, 0x6e4a, 0x6e4d, 0x6e56, 0x6e58, 0x6e5b, 0x6e5c, 0x6e5e, 0x6e5f, 0x6e67,
    0x6e6b, 0x6e6e, 0x6e6f, 0x6e72, 0x6e73, 0x6e7a, 0x6e90, 0x6e96, 0x6e9c, 0x6e9d, 0x6e9f, 0x6ea2, 0x6ea5, 0x6eaa, 0x6eab, 0x6eaf,
    0x6eb1, 0x6eb2, 0x6eb6, 0x6eba, 0x6ec2, 0x6ec4, 0x6ec5, 0x6ec9, 0x6ecb, 0x6ecc, 0x6ece, 0x6ed1, 0x6ed3, 0x6ed4, 0x6ed5, 0x6eef,
    0x6ef4, 0x6ef8, 0x6efe, 0x6eff, 0x6f01, 0x6f02, 0x6f06, 0x6f09, 0x6f0c, 0x6f0f, 0x6f11, 0x6f13, 0x6f14, 0x6f15, 0x6f20, 0x6f22,
    0x6f23, 0x6f2b, 0x6f2c, 0x6f31, 0x6f32, 0x6f38, 0x6f3f, 0x6f41, 0x6f51, 0x6f54, 0x6f57, 0x6f58, 0x6f5a, 0x6f5b, 0x6f5c, 0x6f5e,
    0x6f5f, 0x6f62, 0x6f64, 0x6f66, 0x6f6d, 0x6f6e, 0x6f70, 0x6f7a, 0x6f7c, 0x6f7d, 0x6f7e, 0x6f81, 0x6f84, 0x6f88, 0x6f8d, 0x6f8e,
    0x6f90, 0x6f94, 0x6f97, 0x6fa3, 0x6fa4, 0x6fa7, 0x6fae, 0x6faf, 0x6fb1, 0x6fb3, 0x6fb9, 0x6fbe, 0x6fc0, 0x6fc1, 0x6fc2, 0x6fc3,
    0x6fca, 0x6fd5, 0x6fda, 0x6fdb, 0x6fdf, 0x6fe0, 0x6fe1, 0x6fe4, 0x6fe9, 0x6feb, 0x6fec, 0x6fef, 0x6ff1, 0x6ffa, 0x6ffe, 0x7001,
    0x7005, 0x7006, 0x7009, 0x700b, 0x700f, 0x7011, 0x7015, 0x7018, 0x701a, 0x701b, 0x701c, 0x701d, 0x701e, 0x701f, 0x7023, 0x7027,
    0x7028, 0x702f, 0x7030, 0x7037, 0x703e, 0x704c, 0x7050, 0x7051, 0x7058, 0x705d, 0x7063, 0x706b, 0x706f, 0x7070, 0x7078, 0x707c,
    0x707d, 0x7085, 0x708a, 0x708e, 0x7092, 0x7095, 0x7098, 0x7099, 0x709a, 0x70a1, 0x70a4, 0x70ab, 0x70ac, 0x70ad, 0x70ae, 0x70af,
    0x70b3, 0x70b7, 0x70b8, 0x70b9, 0x70c8, 0x70cb, 0x70cf, 0x70d8, 0x70d9, 0x70dd, 0x70df, 0x70f1, 0x70f9, 0x70fd, 0x7104, 0x7109,
    0x710c, 0x7119, 0x711a, 0x711e, 0x7121, 0x7126, 0x7130, 0x7136, 0x7147, 0x7149, 0x714a, 0x714c, 0x714e, 0x7150, 0x7156, 0x7159,
    0x715c, 0x715e, 0x7164, 0x7165, 0x7166, 0x7167, 0x7169, 0x716c, 0x716e, 0x717d, 0x7184, 0x7189, 0x718a, 0x718f, 0x7192, 0x7194,
    0x7199, 0x719f, 0x71a2, 0x71a8, 0x71ac, 0x71b1, 0x71b2, 0x71b9, 0x71ba, 0x71be, 0x71c1, 0x71c3, 0x71c8, 0x71c9, 0x71ce, 0x71d0,
    0x71d2, 0x71d4, 0x71d5, 0x71df, 0x71e5, 0x71e6, 0x71e7, 0x71ed, 0x71ee, 0x71f9, 0x71fb, 0x71fc, 0x71fe, 0x71ff, 0x7200, 0x7206,
    0x7210, 0x721b, 0x722a, 0x722c, 0x722d, 0x7230, 0x7232, 0x7235, 0x7236, 0x723a, 0x723b, 0x723d, 0x723e, 0x7240, 0x7246, 0x7247,
    0x7248, 0x724c, 0x7252, 0x7254, 0x7258, 0x7259, 0x725b, 0x725d, 0x725f, 0x7261, 0x7262, 0x7267, 0x7269, 0x7272, 0x7279, 0x727d,
    0x7280, 0x7281, 0x7296, 0x72a2, 0x72a7, 0x72ac, 0x72af, 0x72c0, 0x72c2, 0x72c4, 0x72ce, 0x72d0, 0x72d7, 0x72d9, 0x72e1, 0x72e9,
    0x72f8, 0x72f9, 0x72fc, 0x72fd, 0x730a, 0x7316, 0x731b, 0x731c, 0x731d, 0x7325, 0x7329, 0x732a, 0x732b, 0x7334, 0x7336, 0x7337,
    0x733e, 0x733f, 0x7344, 0x7345, 0x7350, 0x7352, 0x7357, 0x7368, 0x736a, 0x7370, 0x7372, 0x7375, 0x7378, 0x737a, 0x737b, 0x7384,
    0x7386, 0x7387, 0x7389, 0x738b, 0x738e, 0x7394, 0x7396, 0x7397, 0x7398, 0x739f, 0x73a7, 0x73a9, 0x73ad, 0x73b2, 0x73b3, 0x73b9,
    0x73c0, 0x73c2, 0x73c9, 0x73ca, 0x73cc, 0x73cd, 0x73cf, 0x73d6, 0x73d9, 0x73dd, 0x73de, 0x73e0, 0x73e2, 0x73e3, 0x73e4, 0x73e5,
    0x73e6, 0x73e9, 0x73ea, 0x73ed, 0x73f7, 0x73f9, 0x73fd, 0x73fe, 0x7401, 0x7403, 0x7405, 0x7406, 0x7407, 0x7409, 0x7413, 0x741b,
    0x7420, 0x7421, 0x7422, 0x7425, 0x7426, 0x7428, 0x742a, 0x742b, 0x742c, 0x742e, 0x742f, 0x7430, 0x7433, 0x7434, 0x7435, 0x7436,
    0x7438, 0x743a, 0x743f, 0x7440, 0x7441, 0x7443, 0x7444, 0x7445, 0x744b, 0x7455, 0x7457, 0x7459, 0x745a, 0x745b, 0x745c, 0x745e,
    0x745f, 0x7460, 0x7462, 0x7463, 0x7464, 0x7465, 0x7468, 0x7469, 0x746a, 0x746f, 0x747e, 0x7482, 0x7483, 0x7487, 0x7489, 0x748b,
    0x7498, 0x749c, 0x749e, 0x749f, 0x74a1, 0x74a3, 0x74a5, 0x74a7, 0x74a8, 0x74aa, 0x74b0, 0x74b2, 0x74b5, 0x74b9, 0x74bd, 0x74bf,
    0x74c6, 0x74ca, 0x74cf, 0x74d4, 0x74d8, 0x74da, 0x74dc, 0x74e0, 0x74e2, 0x74e3, 0x74e6, 0x74ee, 0x74f7, 0x7501, 0x7503, 0x7504,
    0x750c, 0x7511, 0x7515, 0x7518, 0x751a, 0x751b, 0x751f, 0x7523, 0x7525, 0x7526, 0x7528, 0x752b, 0x752c, 0x7530, 0x7531, 0x7532,
    0x7533, 0x7537, 0x7538, 0x753a, 0x7547, 0x754a, 0x754c, 0x754f, 0x7551, 0x7553, 0x7554, 0x7559, 0x755b, 0x755c, 0x755d, 0x7562,
    0x7565, 0x7566, 0x756a, 0x756f, 0x7570, 0x7575, 0x7576, 0x7578, 0x757a, 0x757f, 0x7586, 0x7587, 0x758a, 0x758b, 0x758e, 0x758f,
    0x7591, 0x759d, 0x75a5, 0x75ab, 0x75b1, 0x75b2, 0x75b3, 0x75b5, 0x75b8, 0x75b9, 0x75bc, 0x75bd, 0x75be, 0x75c2, 0x75c5, 0x75c7,
    0x75cd, 0x75d2, 0x75d4, 0x75d5, 0x75d8, 0x75d9, 0x75db, 0x75e2, 0x75e3, 0x75f0, 0x75f2, 0x75f3, 0x75f4, 0x75fa, 0x75fc, 0x7600,
    0x760d, 0x7619, 0x761f, 0x7620, 0x7621, 0x7622, 0x7624, 0x7626, 0x7627, 0x7634, 0x763b, 0x7642, 0x764c, 0x764e, 0x7652, 0x7656,
    0x7658, 0x7661, 0x7664, 0x7669, 0x766c, 0x7670, 0x7672, 0x7678, 0x767b, 0x767c, 0x767d, 0x767e, 0x7681, 0x7684, 0x7686, 0x7687,
    0x768e, 0x7690, 0x7693, 0x769a, 0x769e, 0x76ae, 0x76ba, 0x76bf, 0x76c2, 0x76c3, 0x76c6, 0x76c8, 0x76ca, 0x76d2, 0x76d6, 0x76db,
    0x76dc, 0x76de, 0x76df, 0x76e1, 0x76e3, 0x76e4, 0x76e5, 0x76e7, 0x76ee, 0x76f2, 0x76f4, 0x76f8, 0x76fc, 0x76fe, 0x7701, 0x7704,
    0x7708, 0x7709, 0x770b, 0x771b, 0x771e, 0x7720, 0x7725, 0x7729, 0x7737, 0x7738, 0x773a, 0x773c, 0x7740, 0x774d, 0x775b, 0x7761,
    0x7763, 0x7765, 0x7766, 0x7768, 0x776b, 0x7779, 0x777e, 0x777f, 0x778b, 0x7791, 0x779e, 0x77a5, 0x77ac, 0x77ad, 0x77b0, 0x77b3,
    0x77bb, 0x77bc, 0x77bd, 0x77bf, 0x77c7, 0x77d7, 0x77db, 0x77dc, 0x77e2, 0x77e3, 0x77e5, 0x77e7, 0x77e9, 0x77ed, 0x77ee, 0x77ef,
    0x77f3, 0x7802, 0x780c, 0x7812, 0x7825, 0x7826, 0x7827, 0x782c, 0x7832, 0x7834, 0x7845, 0x784f, 0x785d, 0x786b, 0x786c, 0x786f,
    0x787c, 0x7881, 0x7887, 0x788c, 0x788d, 0x788e, 0x7891, 0x7893, 0x7897, 0x78a3, 0x78a7, 0x78a9, 0x78ba, 0x78bb, 0x78bc, 0x78c1,
    0x78c5, 0x78ca, 0x78cb, 0x78ce, 0x78d0, 0x78da, 0x78e8, 0x78ec, 0x78ef, 0x78f5, 0x78fb, 0x7901, 0x790e, 0x7916, 0x7919, 0x792a,
    0x792b, 0x792c, 0x793a, 0x793e, 0x7940, 0x7941, 0x7947, 0x7948, 0x7949, 0x7950, 0x7956, 0x7957, 0x795a, 0x795b, 0x795c, 0x795d,
    0x795e, 0x795f, 0x7960, 0x7965, 0x7968, 0x796d, 0x797a, 0x797f, 0x7981, 0x798d, 0x798e, 0x798f, 0x7991, 0x79a6, 0x79a7, 0x79aa,
    0x79ae, 0x79b1, 0x79b3, 0x79b9, 0x79bb, 0x79bd, 0x79be, 0x79bf, 0x79c0, 0x79c1, 0x79c9, 0x79ca, 0x79cb, 0x79d1, 0x79d2, 0x79d5,
    0x79d8, 0x79df, 0x79e4, 0x79e6, 0x79e7, 0x79e9, 0x79fb, 0x7a00, 0x7a05, 0x7a08, 0x7a0b, 0x7a0d, 0x7a14, 0x7a17, 0x7a19, 0x7a1a,
    0x7a1c, 0x7a1f, 0x7a20, 0x7a2e, 0x7a31, 0x7a36, 0x7a37, 0x7a3b, 0x7a3c, 0x7a3d, 0x7a3f, 0x7a40, 0x7a46, 0x7a49, 0x7a4d, 0x7a4e,
    0x7a57, 0x7a61, 0x7a62, 0x7a69, 0x7a6b, 0x7a70, 0x7a74, 0x7a76, 0x7a79, 0x7a7a, 0x7a7d, 0x7a7f, 0x7a81, 0x7a83, 0x7a84, 0x7a88,
    0x7a92, 0x7a93, 0x7a95, 0x7a98, 0x7a9f, 0x7aa9, 0x7aaa, 0x7aae, 0x7aaf, 0x7aba, 0x7abf, 0x7ac4, 0x7ac5, 0x7ac7, 0x7ac8, 0x7aca,
    0x7acb, 0x7ad7, 0x7ad9, 0x7add, 0x7adf, 0x7ae0, 0x7ae3, 0x7ae5, 0x7aea, 0x7aed, 0x7aef, 0x7af6, 0x7af9, 0x7afa, 0x7aff, 0x7b08,
    0x7b0a, 0x7b0f, 0x7b11, 0x7b19, 0x7b1b, 0x7b1e, 0x7b20, 0x7b25, 0x7b26, 0x7b2c, 0x7b2d, 0x7b39, 0x7b46, 0x7b49, 0x7b4b, 0x7b4c,
    0x7b4d, 0x7b4f, 0x7b50, 0x7b51, 0x7b52, 0x7b54, 0x7b56, 0x7b60, 0x7b6c, 0x7b6e, 0x7b75, 0x7b7d, 0x7b87, 0x7b8b, 0x7b8f, 0x7b92,
    0x7b94, 0x7b95, 0x7b97, 0x7b9a, 0x7b9c, 0x7b9d, 0x7ba1, 0x7bad, 0x7bb1, 0x7bb4, 0x7bb8, 0x7bc0, 0x7bc1, 0x7bc4, 0x7bc6, 0x7bc7,
    0x7bc9, 0x7bcb, 0x7bcc, 0x7bd2, 0x7bdb, 0x7be0, 0x7be4, 0x7be6, 0x7be9, 0x7c00, 0x7c07, 0x7c12, 0x7c1e, 0x7c21, 0x7c27, 0x7c2a,
    0x7c2b, 0x7c37, 0x7c3d, 0x7c3e, 0x7c3f, 0x7c43, 0x7c4c, 0x7c4d, 0x7c5f, 0x7c60, 0x7c64, 0x7c65, 0x7c6c, 0x7c73, 0x7c83, 0x7c89,
    0x7c92, 0x7c95, 0x7c97, 0x7c98, 0x7c9f, 0x7ca2, 0x7ca5, 0x7ca7, 0x7cae, 0x7cb1, 0x7cb2, 0x7cb3, 0x7cb9, 0x7cbe, 0x7cca, 0x7cd6,
    0x7cdc, 0x7cde, 0x7cdf, 0x7ce0, 0x7ce7, 0x7cef, 0x7cf4, 0x7cf6, 0x7cfb, 0x7cfe, 0x7d00, 0x7d02, 0x7d04, 0x7d05, 0x7d06, 0x7d07,
    0x7d08, 0x7d0a, 0x7d0b, 0x7d0d, 0x7d10, 0x7d14, 0x7d17, 0x7d18, 0x7d19, 0x7d1a, 0x7d1b, 0x7d20, 0x7d21, 0x7d22, 0x7d2b, 0x7d2c,
    0x7d2e, 0x7d2f, 0x7d30, 0x7d33, 0x7d35, 0x7d39, 0x7d3a, 0x7d42, 0x7d43, 0x7d44, 0x7d45, 0x7d46, 0x7d50, 0x7d5b, 0x7d5e, 0x7d61,
    0x7d62, 0x7d66, 0x7d68, 0x7d6a, 0x7d6e, 0x7d71, 0x7d72, 0x7d73, 0x7d76, 0x7d79, 0x7d7f, 0x7d83, 0x7d8e, 0x7d8f, 0x7d93, 0x7d9c,
    0x7da0, 0x7da2, 0x7dac, 0x7dad, 0x7db1, 0x7db2, 0x7db4, 0x7db5, 0x7db8, 0x7dba, 0x7dbb, 0x7dbd, 0x7dbe, 0x7dbf, 0x7dc7, 0x7dca,
    0x7dcb, 0x7dd6, 0x7dd8, 0x7dda, 0x7ddd, 0x7dde, 0x7de0, 0x7de1, 0x7de3, 0x7de6, 0x7de8, 0x7de9, 0x7dec, 0x7def, 0x7df4, 0x7dfb,
    0x7e09, 0x7e0a, 0x7e15, 0x7e1b, 0x7e1d, 0x7e1e, 0x7e1f, 0x7e21, 0x7e23, 0x7e2b, 0x7e2e, 0x7e2f, 0x7e31, 0x7e37, 0x7e3d, 0x7e3e,
    0x7e41, 0x7e43, 0x7e46, 0x7e47, 0x7e52, 0x7e54, 0x7e55, 0x7e5e, 0x7e61, 0x7e69, 0x7e6a, 0x7e6b, 0x7e6d, 0x7e70, 0x7e79, 0x7e7c,
    0x7e82, 0x7e8c, 0x7e8f, 0x7e93, 0x7e94, 0x7e96, 0x7e98, 0x7e9b, 0x7e9c, 0x7f36, 0x7f38, 0x7f3a, 0x7f4c, 0x7f50, 0x7f54, 0x7f55,
    0x7f58, 0x7f6a, 0x7f6b, 0x7f6e, 0x7f70, 0x7f72, 0x7f75, 0x7f77, 0x7f79, 0x7f85, 0x7f88, 0x7f8a, 0x7f8c, 0x7f8e, 0x7f94, 0x7f98,
    0x7f9a, 0x7f9e, 0x7fa4, 0x7fa8, 0x7fa9, 0x7faf, 0x7fb2, 0x7fb8, 0x7fb9, 0x7fbd, 0x7fc1, 0x7fc5, 0x7fca, 0x7fcc, 0x7fce, 0x7fd2,
    0x7fd4, 0x7fd5, 0x7fdf, 0x7fe0, 0x7fe1, 0x7fe6, 0x7fe9, 0x7feb, 0x7ff0, 0x7ff3, 0x7ff9, 0x7ffb, 0x7ffc, 0x8000, 0x8001, 0x8003,
    0x8004, 0x8005, 0x8006, 0x8009, 0x800c, 0x8010, 0x8014, 0x8015, 0x8017, 0x8018, 0x802d, 0x8033, 0x8036, 0x803d, 0x803f, 0x8043,
    0x8046, 0x804a, 0x8056, 0x8058, 0x805a, 0x805e, 0x806f, 0x8070, 0x8072, 0x8073, 0x8077, 0x807d, 0x807e, 0x807f, 0x8084, 0x8085,
    0x8086, 0x8087, 0x8089, 0x808b, 0x808c, 0x8096, 0x8098, 0x809a, 0x809b, 0x809d, 0x80a1, 0x80a2, 0x80a5, 0x80a9, 0x80aa, 0x80af,
    0x80b1, 0x80b2, 0x80b4, 0x80ba, 0x80c3, 0x80c4, 0x80cc, 0x80ce, 0x80d6, 0x80da, 0x80db, 0x80de, 0x80e1, 0x80e4, 0x80e5, 0x80f1,
    0x80f4, 0x80f8, 0x80fd, 0x8102, 0x8105, 0x8106, 0x8107, 0x8108, 0x8109, 0x810a, 0x8118, 0x811a, 0x811b, 0x8123, 0x8129, 0x812b,
    0x812f, 0x8139, 0x813e, 0x814b, 0x814e, 0x8150, 0x8151, 0x8153, 0x8154, 0x8155, 0x8165, 0x8166, 0x816b, 0x8170, 0x8171, 0x8178,
    0x8179, 0x817a, 0x817f, 0x8180, 0x8182, 0x8188, 0x818a, 0x818f, 0x819a, 0x819c, 0x819d, 0x81a0, 0x81a3, 0x81a8, 0x81b3, 0x81b5,
    0x81ba, 0x81bd, 0x81be, 0x81bf, 0x81c0, 0x81c2, 0x81c6, 0x81cd, 0x81d8, 0x81d9, 0x81df, 0x81e3, 0x81e5, 0x81e7, 0x81e8, 0x81ea,
    0x81ed, 0x81f3, 0x81f4, 0x81fa, 0x81fb, 0x81fc, 0x81fe, 0x8202, 0x8205, 0x8207, 0x8208, 0x820a, 0x820c, 0x820d, 0x8212, 0x8216,
    0x821b, 0x821c, 0x821e, 0x821f, 0x8221, 0x822a, 0x822b, 0x822c, 0x8233, 0x8235, 0x8236, 0x8237, 0x8239, 0x8240, 0x8245, 0x8247,
    0x8258, 0x8259, 0x8264, 0x8266, 0x826b, 0x826e, 0x826f, 0x8271, 0x8272, 0x8276, 0x8278, 0x827e, 0x828b, 0x828d, 0x828e, 0x8292,
    0x8299, 0x829a, 0x829d, 0x829f, 0x82a5, 0x82a6, 0x82a9, 0x82ac, 0x82ad, 0x82ae, 0x82af, 0x82b1, 0x82b3, 0x82b7, 0x82b8, 0x82b9,
    0x82bb, 0x82bc, 0x82bd, 0x82bf, 0x82d1, 0x82d2, 0x82d3, 0x82d4, 0x82d5, 0x82d7, 0x82db, 0x82de, 0x82df, 0x82e1, 0x82e5, 0x82e6,
    0x82e7, 0x82f1, 0x82fa, 0x82fb, 0x82fd, 0x82fe, 0x8301, 0x8302, 0x8303, 0x8304, 0x8305, 0x8309, 0x8317, 0x8328, 0x832b, 0x832f,
    0x8331, 0x8334, 0x8335, 0x8336, 0x8338, 0x8339, 0x8340, 0x8347, 0x8349, 0x834a, 0x834f, 0x8351, 0x8352, 0x8373, 0x8377, 0x837b,
    0x8389, 0x838a, 0x838e, 0x8396, 0x8398, 0x839e, 0x83a2, 0x83a9, 0x83aa, 0x83ab, 0x83bd, 0x83c1, 0x83c5, 0x83c9, 0x83ca, 0x83cc,
    0x83d3, 0x83d6, 0x83dc, 0x83df, 0x83e9, 0x83eb, 0x83ef, 0x83f0, 0x83f1, 0x83f2, 0x83f4, 0x83f9, 0x83fd, 0x8403, 0x8404, 0x840a,
    0x840c, 0x840d, 0x840e, 0x8429, 0x842c, 0x8431, 0x8438, 0x843c, 0x843d, 0x8449, 0x8451, 0x8457, 0x845b, 0x8461, 0x8463, 0x8466,
    0x846b, 0x846c, 0x846f, 0x8471, 0x8475, 0x847a, 0x8490, 0x8494, 0x8499, 0x849c, 0x84a1, 0x84b2, 0x84b8, 0x84b9, 0x84bb, 0x84bc,
    0x84bf, 0x84c0, 0x84c2, 0x84c4, 0x84c6, 0x84c9, 0x84cb, 0x84cd, 0x84d1, 0x84d6, 0x84da, 0x84ec, 0x84ee, 0x84f4, 0x84fc, 0x8511,
    0x8513, 0x8514, 0x8517, 0x8518, 0x851a, 0x851e, 0x851f, 0x8521, 0x8523, 0x8525, 0x852c, 0x852d, 0x852f, 0x853d, 0x853f, 0x8541,
    0x8543, 0x8549, 0x854b, 0x854e, 0x8553, 0x8558, 0x8559, 0x8561, 0x8563, 0x8564, 0x8568, 0x8569, 0x856a, 0x856d, 0x857e, 0x8580,
    0x8584, 0x8587, 0x858f, 0x8591, 0x8594, 0x859b, 0x85a6, 0x85a8, 0x85a9, 0x85aa, 0x85af, 0x85b0, 0x85ba, 0x85c1, 0x85c9, 0x85cd,
    0x85ce, 0x85cf, 0x85d5, 0x85dc, 0x85dd, 0x85e4, 0x85e5, 0x85e9, 0x85ea, 0x85f7, 0x85fa, 0x85fb, 0x85ff, 0x8602, 0x8606, 0x8607,
    0x860a, 0x860b, 0x8616, 0x8617, 0x861a, 0x862d, 0x863f, 0x864e, 0x8650, 0x8654, 0x8655, 0x865b, 0x865c, 0x865e, 0x865f, 0x8667,
    0x8671, 0x8679, 0x868a, 0x868c, 0x8693, 0x8695, 0x86a3, 0x86a4, 0x86a9, 0x86aa, 0x86c6, 0x86c7, 0x86c9, 0x86cb, 0x86d4, 0x86d9,
    0x86db, 0x86df, 0x86e4, 0x86ed, 0x86f9, 0x86fe, 0x8700, 0x8702, 0x8703, 0x8708, 0x8709, 0x8718, 0x871a, 0x871c, 0x8734, 0x873b,
    0x873f, 0x874c, 0x874e, 0x8755, 0x8757, 0x8759, 0x875f, 0x8760, 0x8766, 0x8768, 0x8774, 0x8776, 0x8778, 0x8782, 0x878d, 0x879f,
    0x87a2, 0x87ad, 0x87b3, 0x87ba, 0x87c0, 0x87c4, 0x87c7, 0x87e0, 0x87ec, 0x87ef, 0x87f2, 0x87f7, 0x87f9, 0x87fb, 0x87fe, 0x8805,
    0x8815, 0x881f, 0x8821, 0x8822, 0x8823, 0x8831, 0x8836, 0x883b, 0x8840, 0x8846, 0x884c, 0x884d, 0x8852, 0x8853, 0x8857, 0x8859,
    0x885b, 0x885d, 0x885e, 0x8861, 0x8862, 0x8863, 0x8868, 0x886b, 0x8870, 0x8872, 0x8877, 0x887e, 0x887f, 0x8881, 0x8882, 0x8888,
    0x888b, 0x888d, 0x8892, 0x8896, 0x8897, 0x889e, 0x88ab, 0x88b4, 0x88c1, 0x88c2, 0x88c5, 0x88cf, 0x88d4, 0x88d5, 0x88d9, 0x88dc,
    0x88dd, 0x88df, 0x88e1, 0x88e8, 0x88f3, 0x88f4, 0x88f5, 0x88f8, 0x88fd, 0x8907, 0x8910, 0x8912, 0x8913, 0x8918, 0x8919, 0x8925,
    0x892a, 0x8936, 0x8938, 0x893b, 0x8941, 0x8944, 0x895f, 0x8964, 0x896a, 0x8972, 0x897f, 0x8981, 0x8983, 0x8986, 0x8987, 0x898b,
    0x898f, 0x8993, 0x8996, 0x89a1, 0x89a9, 0x89aa, 0x89af, 0x89b2, 0x89ba, 0x89bd, 0x89c0, 0x89d2, 0x89dc, 0x89e3, 0x89f4, 0x89f8,
    0x8a00, 0x8a02, 0x8a03, 0x8a08, 0x8a0a, 0x8a0c, 0x8a0e, 0x8a13, 0x8a16, 0x8a17, 0x8a18, 0x8a1b, 0x8a1d, 0x8a1f, 0x8a23, 0x8a25,
    0x8a2a, 0x8a2d, 0x8a31, 0x8a34, 0x8a36, 0x8a3a, 0x8a3b, 0x8a3c, 0x8a41, 0x8a50, 0x8a54, 0x8a55, 0x8a5b, 0x8a5e, 0x8a60, 0x8a62,
    0x8a63, 0x8a66, 0x8a69, 0x8a6d, 0x8a6e, 0x8a70, 0x8a71, 0x8a72, 0x8a73, 0x8a75, 0x8a79, 0x8a84, 0x8a85, 0x8a87, 0x8a8c, 0x8a8d,
    0x8a93, 0x8a95, 0x8a98, 0x8a9e, 0x8aa0, 0x8aa1, 0x8aa3, 0x8aa4, 0x8aa5, 0x8aa6, 0x8aa8, 0x8aaa, 0x8ab0, 0x8ab2, 0x8ab9, 0x8abc,
    0x8abe, 0x8abf, 0x8ac2, 0x8ac4, 0x8ac7, 0x8acb, 0x8acd, 0x8acf, 0x8ad2, 0x8ad6, 0x8adb, 0x8adc, 0x8ae1, 0x8ae6, 0x8ae7, 0x8aea,
    0x8aeb, 0x8aed, 0x8aee, 0x8af1, 0x8af3, 0x8af6, 0x8af7, 0x8af8, 0x8afa, 0x8afe, 0x8b00, 0x8b01, 0x8b02, 0x8b04, 0x8b0e, 0x8b10,
    0x8b14, 0x8b16, 0x8b17, 0x8b19, 0x8b1a, 0x8b1b, 0x8b1d, 0x8b20, 0x8b28, 0x8b2b, 0x8b2c, 0x8b33, 0x8b39, 0x8b3e, 0x8b41, 0x8b49,
    0x8b4e, 0x8b4f, 0x8b58, 0x8b5a, 0x8b5c, 0x8b66, 0x8b6c, 0x8b6f, 0x8b70, 0x8b74, 0x8b77, 0x8b7d, 0x8b80, 0x8b8a, 0x8b8c, 0x8b90,
    0x8b92, 0x8b93, 0x8b96, 0x8b9a, 0x8c37, 0x8c3f, 0x8c41, 0x8c46, 0x8c48, 0x8c4a, 0x8c4c, 0x8c55, 0x8c5a, 0x8c61, 0x8c6a, 0x8c6b,
    0x8c6c, 0x8c79, 0x8c7a, 0x8c82, 0x8c8a, 0x8c8c, 0x8c9d, 0x8c9e, 0x8ca0, 0x8ca1, 0x8ca2, 0x8ca7, 0x8ca8, 0x8ca9, 0x8caa, 0x8cab,
    0x8cac, 0x8caf, 0x8cb0, 0x8cb3, 0x8cb4, 0x8cb6, 0x8cb7, 0x8cb8, 0x8cbb, 0x8cbc, 0x8cbd, 0x8cbf, 0x8cc0, 0x8cc1, 0x8cc2, 0x8cc3,
    0x8cc4, 0x8cc7, 0x8cc8, 0x8cca, 0x8cd1, 0x8cd3, 0x8cda, 0x8cdc, 0x8cde, 0x8ce0, 0x8ce2, 0x8ce3, 0x8ce4, 0x8ce6, 0x8cea, 0x8ced,
    0x8cf4, 0x8cfb, 0x8cfc, 0x8cfd, 0x8d04, 0x8d05, 0x8d07, 0x8d08, 0x8d0a, 0x8d0b, 0x8d0d, 0x8d13, 0x8d16, 0x8d64, 0x8d66, 0x8d6b,
    0x8d6d, 0x8d70, 0x8d73, 0x8d74, 0x8d77, 0x8d85, 0x8d8a, 0x8d99, 0x8da3, 0x8da8, 0x8db3, 0x8dba, 0x8dbe, 0x8dc6, 0x8dcb, 0x8dcc,
    0x8dcf, 0x8ddb, 0x8ddd, 0x8de1, 0x8de3, 0x8de8, 0x8dea, 0x8def, 0x8df3, 0x8e0a, 0x8e0f, 0x8e10, 0x8e1e, 0x8e2a, 0x8e30, 0x8e35,
    0x8e36, 0x8e42, 0x8e44, 0x8e47, 0x8e48, 0x8e49, 0x8e4a, 0x8e55, 0x8e59, 0x8e5f, 0x8e60, 0x8e64, 0x8e74, 0x8e76, 0x8e81, 0x8e85,
    0x8e87, 0x8e8a, 0x8e8d, 0x8e91, 0x8eaa, 0x8eab, 0x8eac, 0x8ec0, 0x8eca, 0x8ecb, 0x8ecc, 0x8ecd, 0x8ed2, 0x8edf, 0x8eeb, 0x8ef8,
    0x8efb, 0x8efe, 0x8f03, 0x8f05, 0x8f09, 0x8f12, 0x8f13, 0x8f14, 0x8f15, 0x8f1b, 0x8f1c, 0x8f1d, 0x8f1e, 0x8f1f, 0x8f26, 0x8f27,
    0x8f29, 0x8f2a, 0x8f2f, 0x8f33, 0x8f38, 0x8f39, 0x8f3b, 0x8f3e, 0x8f3f, 0x8f44, 0x8f45, 0x8f46, 0x8f49, 0x8f4d, 0x8f4e, 0x8f5d,
    0x8f5f, 0x8f61, 0x8f62, 0x8f64, 0x8f9b, 0x8f9c, 0x8f9f, 0x8fa3, 0x8fa6, 0x8fa8, 0x8fad, 0x8fae, 0x8faf, 0x8fb0, 0x8fb1, 0x8fb2,
    0x8fc2, 0x8fc4, 0x8fc5, 0x8fce, 0x8fd1, 0x8fd4, 0x8fe6, 0x8fea, 0x8feb, 0x8fed, 0x8ff0, 0x8ff2, 0x8ff7, 0x8ff8, 0x8ff9, 0x8ffa,
    0x8ffd, 0x9000, 0x9001, 0x9002, 0x9003, 0x9005, 0x9006, 0x9008, 0x900b, 0x900d, 0x900f, 0x9010, 0x9011, 0x9014, 0x9015, 0x9017,
    0x9019, 0x901a, 0x901d, 0x901e, 0x901f, 0x9020, 0x9021, 0x9022, 0x9023, 0x902e, 0x9031, 0x9032, 0x9035, 0x9038, 0x903c, 0x903e,
    0x9041, 0x9042, 0x9047, 0x904a, 0x904b, 0x904d, 0x904e, 0x904f, 0x9050, 0x9051, 0x9053, 0x9054, 0x9055, 0x9059, 0x905c, 0x905d,
    0x905e, 0x9060, 0x9061, 0x9063, 0x9068, 0x9069, 0x906d, 0x906e, 0x906f, 0x9072, 0x9075, 0x9077, 0x9078, 0x907a, 0x907c, 0x907d,
    0x907f, 0x9080, 0x9081, 0x9082, 0x9083, 0x9084, 0x9087, 0x9088, 0x908a, 0x908f, 0x9091, 0x9095, 0x9099, 0x90a2, 0x90a3, 0x90a6,
    0x90a8, 0x90aa, 0x90af, 0x90b0, 0x90b1, 0x90b5, 0x90b8, 0x90c1, 0x90ca, 0x90de, 0x90e1, 0x90e8, 0x90ed, 0x90f5, 0x90fd, 0x9102,
    0x9112, 0x9115, 0x9119, 0x9127, 0x912d, 0x9132, 0x9149, 0x914a, 0x914b, 0x914c, 0x914d, 0x914e, 0x9152, 0x9162, 0x9163, 0x9169,
    0x916a, 0x916c, 0x9175, 0x9177, 0x9178, 0x9187, 0x9189, 0x918b, 0x918d, 0x9190, 0x9192, 0x919c, 0x91ab, 0x91ac, 0x91ae, 0x91af,
    0x91b1, 0x91b4, 0x91b5, 0x91c0, 0x91c7, 0x91c9, 0x91cb, 0x91cc, 0x91cd, 0x91ce, 0x91cf, 0x91d0, 0x91d1, 0x91d7, 0x91d8, 0x91dc,
    0x91dd, 0x91e3, 0x91e7, 0x91ea, 0x91f5, 0x920d, 0x9210, 0x9211, 0x9212, 0x9214, 0x9217, 0x921e, 0x9234, 0x923a, 0x923f, 0x9240,
    0x9245, 0x9249, 0x924b, 0x9257, 0x925b, 0x925e, 0x9262, 0x9264, 0x9265, 0x9266, 0x9278, 0x927e, 0x9280, 0x9283, 0x9285, 0x9291,
    0x9293, 0x9296, 0x9298, 0x929c, 0x92b3, 0x92b6, 0x92b7, 0x92b9, 0x92cc, 0x92cf, 0x92d2, 0x92e4, 0x92ea, 0x92f8, 0x92fc, 0x9304,
    0x9310, 0x9318, 0x931a, 0x931e, 0x931f, 0x9320, 0x9321, 0x9322, 0x9324, 0x9326, 0x9328, 0x932b, 0x932e, 0x932f, 0x9348, 0x934a,
    0x934b, 0x934d, 0x9354, 0x935b, 0x9364, 0x936e, 0x9375, 0x937c, 0x937e, 0x938c, 0x9394, 0x9396, 0x939a, 0x93a3, 0x93a7, 0x93ac,
    0x93ad, 0x93b0, 0x93c3, 0x93d1, 0x93dd, 0x93de, 0x93e1, 0x93e4, 0x93f6, 0x9404, 0x9418, 0x9419, 0x9425, 0x942b, 0x9435, 0x9438,
    0x9444, 0x944a, 0x9451, 0x9452, 0x945b, 0x9460, 0x9462, 0x947d, 0x947f, 0x9577, 0x9580, 0x9583, 0x9589, 0x958b, 0x958f, 0x9591,
    0x9592, 0x9593, 0x9594, 0x9598, 0x95a3, 0x95a4, 0x95a5, 0x95a8, 0x95a9, 0x95ad, 0x95b1, 0x95bb, 0x95bc, 0x95c7, 0x95ca, 0x95d4,
    0x95d5, 0x95d6, 0x95dc, 0x95e1, 0x95e2, 0x95e5, 0x961c, 0x9621, 0x9628, 0x962a, 0x962e, 0x9632, 0x963b, 0x963f, 0x9640, 0x9642,
    0x9644, 0x964b, 0x964c, 0x964d, 0x9650, 0x965b, 0x965c, 0x965d, 0x965e, 0x965f, 0x9662, 0x9663, 0x9664, 0x966a, 0x9670, 0x9673,
    0x9675, 0x9676, 0x9677, 0x9678, 0x967d, 0x9685, 0x9686, 0x968a, 0x968b, 0x968d, 0x968e, 0x9694, 0x9695, 0x9698, 0x9699, 0x969b,
    0x969c, 0x96a3, 0x96a7, 0x96a8, 0x96aa, 0x96b1, 0x96b7, 0x96bb, 0x96bc, 0x96c0, 0x96c1, 0x96c4, 0x96c5, 0x96c6, 0x96c7, 0x96c9,
    0x96cb, 0x96cc, 0x96cd, 0x96ce, 0x96d5, 0x96d6, 0x96d9, 0x96db, 0x96dc, 0x96de, 0x96e2, 0x96e3, 0x96e8, 0x96e9, 0x96ea, 0x96ef,
    0x96f0, 0x96f2, 0x96f6, 0x96f7, 0x96f9, 0x96fb, 0x9700, 0x9704, 0x9706, 0x9707, 0x970d, 0x970e, 0x9711, 0x9713, 0x9716, 0x9719,
    0x971c, 0x971e, 0x9727, 0x9730, 0x9732, 0x9739, 0x973d, 0x9742, 0x9744, 0x9746, 0x9748, 0x9749, 0x9751, 0x9756, 0x975c, 0x975e,
    0x9761, 0x9762, 0x9769, 0x976d, 0x9774, 0x9777, 0x977a, 0x977c, 0x9784, 0x9785, 0x978b, 0x978d, 0x978f, 0x9798, 0x97a0, 0x97a6,
    0x97a8, 0x97ab, 0x97ad, 0x97c3, 0x97c6, 0x97cb, 0x97d3, 0x97dc, 0x97f3, 0x97f6, 0x97fb, 0x97ff, 0x9800, 0x9801, 0x9802, 0x9803,
    0x9805, 0x9806, 0x9808, 0x980a, 0x980c, 0x9810, 0x9811, 0x9812, 0x9813, 0x9817, 0x9818, 0x9821, 0x9823, 0x982b, 0x982d, 0x9830,
    0x9838, 0x9839, 0x983b, 0x9846, 0x984c, 0x984d, 0x984e, 0x9854, 0x9858, 0x985a, 0x985e, 0x9865, 0x9867, 0x986b, 0x986f, 0x9870,
    0x98a8, 0x98af, 0x98b1, 0x98b6, 0x98c4, 0x98c7, 0x98db, 0x98dc, 0x98df, 0x98e1, 0x98e2, 0x98ed, 0x98ee, 0x98ef, 0x98f4, 0x98fc,
    0x98fd, 0x98fe, 0x9903, 0x9909, 0x990a, 0x990c, 0x9910, 0x9913, 0x9918, 0x991e, 0x9920, 0x9928, 0x9945, 0x9949, 0x994b, 0x994c,
    0x994d, 0x9951, 0x9952, 0x9954, 0x9957, 0x995c, 0x9996, 0x9999, 0x999d, 0x99a5, 0x99a8, 0x99ac, 0x99ad, 0x99ae, 0x99b1, 0x99b3,
    0x99b4, 0x99b9, 0x99c1, 0x99c4, 0x99d0, 0x99d1, 0x99d2, 0x99d5, 0x99d9, 0x99dd, 0x99df, 0x99e2, 0x99ed, 0x99f1, 0x99ff, 0x9a01,
    0x9a08, 0x9a0e, 0x9a0f, 0x9a19, 0x9a2b, 0x9a30, 0x9a36, 0x9a37, 0x9a40, 0x9a43, 0x9a45, 0x9a4d, 0x9a55, 0x9a57, 0x9a5a, 0x9a5b,
    0x9a5f, 0x9a62, 0x9a65, 0x9a69, 0x9a6a, 0x9aa8, 0x9ab8, 0x9abc, 0x9ac0, 0x9acf, 0x9ad1, 0x9ad3, 0x9ad4, 0x9ad8, 0x9ae3, 0x9ae5,
    0x9aee, 0x9af4, 0x9b18, 0x9b1a, 0x9b1f, 0x9b22, 0x9b23, 0x9b27, 0x9b2a, 0x9b31, 0x9b3b, 0x9b3c, 0x9b41, 0x9b42, 0x9b43, 0x9b44,
    0x9b45, 0x9b4d, 0x9b4e, 0x9b4f, 0x9b51, 0x9b54, 0x9b5a, 0x9b6f, 0x9b74, 0x9b8e, 0x9b91, 0x9b92, 0x9b9f, 0x9bab, 0x9bae, 0x9bc9,
    0x9bd6, 0x9bdb, 0x9be4, 0x9be8, 0x9c0d, 0x9c10, 0x9c12, 0x9c13, 0x9c15, 0x9c25, 0x9c2d, 0x9c2e, 0x9c32, 0x9c3b, 0x9c47, 0x9c49,
    0x9c57, 0x9ce5, 0x9ce7, 0x9ce9, 0x9cf3, 0x9cf4, 0x9cf6, 0x9d07, 0x9d08, 0x9d09, 0x9d1b, 0x9d26, 0x9d28, 0x9d3b, 0x9d44, 0x9d51,
    0x9d5d, 0x9d60, 0x9d61, 0x9d6c, 0x9d72, 0x9d89, 0x9da9, 0x9daf, 0x9db4, 0x9dbb, 0x9dc4, 0x9dd7, 0x9df2, 0x9df3, 0x9df8, 0x9df9,
    0x9dfa, 0x9e1a, 0x9e1b, 0x9e1e, 0x9e75, 0x9e79, 0x9e7d, 0x9e7f, 0x9e81, 0x9e92, 0x9e93, 0x9e97, 0x9e9d, 0x9e9f, 0x9ea4, 0x9ea5,
    0x9eb4, 0x9eb5, 0x9ebb, 0x9ebe, 0x9ec3, 0x9ecd, 0x9ece, 0x9ed1, 0x9ed4, 0x9ed8, 0x9edb, 0x9edc, 0x9edd, 0x9ede, 0x9ee8, 0x9eef,
    0x9ef4, 0x9efb, 0x9efc, 0x9f07, 0x9f08, 0x9f0e, 0x9f13, 0x9f20, 0x9f3b, 0x9f4a, 0x9f4b, 0x9f4e, 0x9f52, 0x9f5f, 0x9f61, 0x9f66,
    0x9f67, 0x9f6a, 0x9f6c, 0x9f77, 0x9f8d, 0x9f90, 0x9f95, 0x9f9c, 0xac00, 0xac01, 0xac02, 0xac04, 0xac07, 0xac08, 0xac09, 0xac0a,
    0xac0b, 0xac10, 0xac11, 0xac12, 0xac13, 0xac14, 0xac15, 0xac16, 0xac17, 0xac19, 0xac1a, 0xac1b, 0xac1c, 0xac1d, 0xac20, 0xac24,
    0xac2c, 0xac2d, 0xac2f, 0xac30, 0xac31, 0xac38, 0xac39, 0xac3c, 0xac40, 0xac4b, 0xac4d, 0xac54, 0xac58, 0xac5c, 0xac70, 0xac71,
    0xac74, 0xac77, 0xac78, 0xac79, 0xac7a, 0xac80, 0xac81, 0xac83, 0xac84, 0xac85, 0xac86, 0xac87, 0xac89, 0xac8a, 0xac8b, 0xac8c,
    0xac90, 0xac93, 0xac94, 0xac9c, 0xac9d, 0xac9f, 0xaca0, 0xaca1, 0xaca8, 0xaca9, 0xacaa, 0xacac, 0xacaf, 0xacb0, 0xacb8, 0xacb9,
    0xacbb, 0xacbc, 0xacbd, 0xacc1, 0xacc4, 0xacc8, 0xaccc, 0xacd5, 0xacd7, 0xace0, 0xace1, 0xace4, 0xace7, 0xace8, 0xace9, 0xacea,
    0xacec, 0xacef, 0xacf0, 0xacf1, 0xacf3, 0xacf5, 0xacf6, 0xacfa, 0xacfc, 0xacfd, 0xad00, 0xad04, 0xad06, 0xad0c, 0xad0d, 0xad0f,
    0xad11, 0xad18, 0xad19, 0xad1c, 0xad20, 0xad28, 0xad29, 0xad2b, 0xad2c, 0xad2d, 0xad34, 0xad35, 0xad38, 0xad3c, 0xad44, 0xad45,
    0xad47, 0xad49, 0xad50, 0xad54, 0xad58, 0xad61, 0xad63, 0xad6c, 0xad6d, 0xad70, 0xad73, 0xad74, 0xad75, 0xad76, 0xad7b, 0xad7c,
    0xad7d, 0xad7f, 0xad81, 0xad82, 0xad88, 0xad89, 0xad8c, 0xad90, 0xad9b, 0xad9c, 0xad9d, 0xada4, 0xadb7, 0xadc0, 0xadc1, 0xadc4,
    0xadc8, 0xadd0, 0xadd1, 0xadd3, 0xadd5, 0xaddc, 0xade0, 0xade4, 0xadec, 0xadf8, 0xadf9, 0xadfc, 0xadff, 0xae00, 0xae01, 0xae02,
    0xae08, 0xae09, 0xae0b, 0xae0d, 0xae0f, 0xae11, 0xae14, 0xae27, 0xae30, 0xae31, 0xae34, 0xae37, 0xae38, 0xae3a, 0xae3c, 0xae40,
    0xae41, 0xae43, 0xae44, 0xae45, 0xae46, 0xae49, 0xae4a, 0xae4c, 0xae4d, 0xae4e, 0xae50, 0xae54, 0xae56, 0xae5c, 0xae5d, 0xae5f,
    0xae60, 0xae61, 0xae62, 0xae65, 0xae68, 0xae69, 0xae6c, 0xae70, 0xae78, 0xae79, 0xae7b, 0xae7c, 0xae7d, 0xae84, 0xae85, 0xae8c,
    0xaea0, 0xaebc, 0xaebd, 0xaebe, 0xaec0, 0xaec4, 0xaecc, 0xaecd, 0xaecf, 0xaed0, 0xaed1, 0xaed8, 0xaed9, 0xaedc, 0xaee8, 0xaeeb,
    0xaeed, 0xaef4, 0xaef8, 0xaefc, 0xaf04, 0xaf07, 0xaf08, 0xaf0d, 0xaf10, 0xaf2c, 0xaf2d, 0xaf30, 0xaf32, 0xaf33, 0xaf34, 0xaf3c,
    0xaf3d, 0xaf3f, 0xaf41, 0xaf42, 0xaf43, 0xaf48, 0xaf49, 0xaf4c, 0xaf50, 0xaf58, 0xaf5b, 0xaf5c, 0xaf5d, 0xaf64, 0xaf65, 0xaf68,
    0xaf79, 0xaf80, 0xaf84, 0xaf88, 0xaf90, 0xaf91, 0xaf93, 0xaf95, 0xaf9c, 0xafb2, 0xafb8, 0xafb9, 0xafbc, 0xafbf, 0xafc0, 0xafc7,
    0xafc8, 0xafc9, 0xafcb, 0xafcd, 0xafce, 0xafd4, 0xafd8, 0xafdc, 0xafe7, 0xafe8, 0xafe9, 0xaff0, 0xaff1, 0xaff4, 0xaff8, 0xb000,
    0xb001, 0xb004, 0xb00c, 0xb00d, 0xb010, 0xb014, 0xb01c, 0xb01d, 0xb021, 0xb028, 0xb044, 0xb045, 0xb048, 0xb04a, 0xb04c, 0xb04e,
    0xb053, 0xb054, 0xb055, 0xb057, 0xb059, 0xb05d, 0xb060, 0xb07c, 0xb07d, 0xb080, 0xb084, 0xb08c, 0xb08d, 0xb08f, 0xb090, 0xb091,
    0xb098, 0xb099, 0xb09a, 0xb09c, 0xb09f, 0xb0a0, 0xb0a1, 0xb0a2, 0xb0a8, 0xb0a9, 0xb0ab, 0xb0ac, 0xb0ad, 0xb0ae, 0xb0af, 0xb0b1,
    0xb0b3, 0xb0b4, 0xb0b5, 0xb0b8, 0xb0bb, 0xb0bc, 0xb0c4, 0xb0c5, 0xb0c7, 0xb0c8, 0xb0c9, 0xb0d0, 0xb0d1, 0xb0d4, 0xb0d8, 0xb0e0,
    0xb0e5, 0xb0ec, 0xb108, 0xb109, 0xb10b, 0xb10c, 0xb10f, 0xb110, 0xb112, 0xb113, 0xb118, 0xb119, 0xb11b, 0xb11c, 0xb11d, 0xb11e,
    0xb123, 0xb124, 0xb125, 0xb128, 0xb12c, 0xb134, 0xb135, 0xb137, 0xb138, 0xb139, 0xb140, 0xb141, 0xb144, 0xb147, 0xb148, 0xb150,
    0xb151, 0xb153, 0xb154, 0xb155, 0xb158, 0xb159, 0xb15c, 0xb160, 0xb16f, 0xb178, 0xb179, 0xb17a, 0xb17c, 0xb180, 0xb182, 0xb188,
    0xb189, 0xb18b, 0xb18d, 0xb192, 0xb193, 0xb194, 0xb198, 0xb19c, 0xb1a7, 0xb1a8, 0xb1b0, 0xb1cc, 0xb1d0, 0xb1d4, 0xb1dc, 0xb1dd,
    0xb1df, 0xb1e8, 0xb1e9, 0xb1ec, 0xb1f0, 0xb1f9, 0xb1fb, 0xb1fd, 0xb204, 0xb205, 0xb208, 0xb20b, 0xb20c, 0xb214, 0xb215, 0xb217,
    0xb219, 0xb220, 0xb233, 0xb234, 0xb23c, 0xb258, 0xb25c, 0xb260, 0xb268, 0xb269, 0xb274, 0xb275, 0xb27c, 0xb284, 0xb285, 0xb289,
    0xb290, 0xb291, 0xb294, 0xb298, 0xb299, 0xb29a, 0xb2a0, 0xb2a1, 0xb2a3, 0xb2a5, 0xb2a6, 0xb2a7, 0xb2aa, 0xb2ac, 0xb2b0, 0xb2b4,
    0xb2c1, 0xb2c8, 0xb2c9, 0xb2cc, 0xb2d0, 0xb2d1, 0xb2d2, 0xb2d8, 0xb2d9, 0xb2db, 0xb2dd, 0xb2e0, 0xb2e2, 0xb2e4, 0xb2e5, 0xb2e6,
    0xb2e8, 0xb2eb, 0xb2ec, 0xb2ed, 0xb2ee, 0xb2ef, 0xb2f3, 0xb2f4, 0xb2f5, 0xb2f7, 0xb2f8, 0xb2f9, 0xb2fa, 0xb2fb, 0xb2ff, 0xb300,
    0xb301, 0xb304, 0xb308, 0xb310, 0xb311, 0xb313, 0xb314, 0xb315, 0xb31c, 0xb331, 0xb338, 0xb354, 0xb355, 0xb356, 0xb358, 0xb35b,
    0xb35c, 0xb35e, 0xb35f, 0xb364, 0xb365, 0xb367, 0xb368, 0xb369, 0xb36a, 0xb36b, 0xb36e, 0xb370, 0xb371, 0xb374, 0xb378, 0xb380,
    0xb381, 0xb383, 0xb384, 0xb385, 0xb38c, 0xb390, 0xb394, 0xb39c, 0xb3a0, 0xb3a1, 0xb3a8, 0xb3ac, 0xb3c4, 0xb3c5, 0xb3c8, 0xb3cb,
    0xb3cc, 0xb3ce, 0xb3d0, 0xb3d3, 0xb3d4, 0xb3d5, 0xb3d7, 0xb3d9, 0xb3db, 0xb3dd, 0xb3e0, 0xb3e4, 0xb3e8, 0xb3fc, 0xb400, 0xb40f,
    0xb410, 0xb418, 0xb41c, 0xb420, 0xb428, 0xb429, 0xb42b, 0xb42c, 0xb434, 0xb450, 0xb451, 0xb454, 0xb457, 0xb458, 0xb460, 0xb461,
    0xb463, 0xb465, 0xb46c, 0xb47f, 0xb480, 0xb488, 0xb49d, 0xb4a4, 0xb4a8, 0xb4ac, 0xb4b4, 0xb4b5, 0xb4b7, 0xb4b9, 0xb4c0, 0xb4c1,
    0xb4c4, 0xb4c8, 0xb4d0, 0xb4d5, 0xb4dc, 0xb4dd, 0xb4e0, 0xb4e3, 0xb4e4, 0xb4e6, 0xb4e7, 0xb4ec, 0xb4ed, 0xb4ef, 0xb4f1, 0xb4f8,
    0xb514, 0xb515, 0xb518, 0xb51b, 0xb51c, 0xb524, 0xb525, 0xb527, 0xb528, 0xb529, 0xb52a, 0xb52e, 0xb530, 0xb531, 0xb532, 0xb534,
    0xb537, 0xb538, 0xb53f, 0xb540, 0xb541, 0xb543, 0xb544, 0xb545, 0xb54b, 0xb54c, 0xb54d, 0xb550, 0xb554, 0xb55c, 0xb55d, 0xb55f,
    0xb560, 0xb561, 0xb568, 0xb584, 0xb5a0, 0xb5a1, 0xb5a4, 0xb5a8, 0xb5aa, 0xb5ab, 0xb5b0, 0xb5b1, 0xb5b3, 0xb5b4, 0xb5b5, 0xb5bb,
    0xb5bc, 0xb5bd, 0xb5c0, 0xb5c4, 0xb5cc, 0xb5cd, 0xb5cf, 0xb5d0, 0xb5d1, 0xb5d8, 0xb5ec, 0xb5f4, 0xb610, 0xb611, 0xb614, 0xb618,
    0xb625, 0xb62c, 0xb634, 0xb648, 0xb664, 0xb668, 0xb680, 0xb69c, 0xb69d, 0xb6a0, 0xb6a4, 0xb6ab, 0xb6ac, 0xb6b1, 0xb6b8, 0xb6d4,
    0xb6f0, 0xb6f4, 0xb6f8, 0xb700, 0xb701, 0xb705, 0xb70c, 0xb728, 0xb729, 0xb72c, 0xb72f, 0xb730, 0xb738, 0xb739, 0xb73b, 0xb744,
    0xb748, 0xb74c, 0xb754, 0xb755, 0xb760, 0xb764, 0xb768, 0xb770, 0xb771, 0xb773, 0xb775, 0xb77c, 0xb77d, 0xb780, 0xb784, 0xb78c,
    0xb78d, 0xb78f, 0xb790, 0xb791, 0xb792, 0xb796, 0xb797, 0xb798, 0xb799, 0xb79c, 0xb7a0, 0xb7a8, 0xb7a9, 0xb7ab, 0xb7ac, 0xb7ad,
    0xb7b4, 0xb7b5, 0xb7b8, 0xb7c7, 0xb7c9, 0xb7d0, 0xb7ec, 0xb7ed, 0xb7f0, 0xb7f4, 0xb7fc, 0xb7fd, 0xb7ff, 0xb800, 0xb801, 0xb807,
    0xb808, 0xb809, 0xb80c, 0xb80f, 0xb810, 0xb818, 0xb819, 0xb81b, 0xb81d, 0xb824, 0xb825, 0xb828, 0xb82c, 0xb834, 0xb835, 0xb837,
    0xb838, 0xb839, 0xb840, 0xb844, 0xb851, 0xb853, 0xb85c, 0xb85d, 0xb860, 0xb864, 0xb86c, 0xb86d, 0xb86f, 0xb871, 0xb878, 0xb87c,
    0xb88d, 0xb894, 0xb8a8, 0xb8b0, 0xb8b4, 0xb8b8, 0xb8c0, 0xb8c1, 0xb8c3, 0xb8c5, 0xb8cc, 0xb8d0, 0xb8d4, 0xb8dc, 0xb8dd, 0xb8df,
    0xb8e1, 0xb8e8, 0xb8e9, 0xb8ec, 0xb8f0, 0xb8f8, 0xb8f9, 0xb8fb, 0xb8fd, 0xb904, 0xb917, 0xb918, 0xb920, 0xb93c, 0xb93d, 0xb940,
    0xb944, 0xb94c, 0xb94f, 0xb951, 0xb958, 0xb959, 0xb95c, 0xb960, 0xb968, 0xb969, 0xb96b, 0xb96d, 0xb974, 0xb975, 0xb978, 0xb97c,
    0xb984, 0xb985, 0xb987, 0xb989, 0xb98a, 0xb98d, 0xb98e, 0xb990, 0xb9ac, 0xb9ad, 0xb9b0, 0xb9b4, 0xb9bc, 0xb9bd, 0xb9bf, 0xb9c1,
    0xb9c8, 0xb9c9, 0xb9cc, 0xb9ce, 0xb9cf, 0xb9d0, 0xb9d1, 0xb9d2, 0xb9d8, 0xb9d9, 0xb9db, 0xb9dd, 0xb9de, 0xb9df, 0xb9e1, 0xb9e3,
    0xb9e4, 0xb9e5, 0xb9e8, 0xb9ec, 0xb9f4, 0xb9f5, 0xb9f7, 0xb9f8, 0xb9f9, 0xb9fa, 0xb9fb, 0xba00, 0xba01, 0xba08, 0xba15, 0xba1c,
    0xba38, 0xba39, 0xba3c, 0xba40, 0xba42, 0xba48, 0xba49, 0xba4b, 0xba4d, 0xba4e, 0xba53, 0xba54, 0xba55, 0xba58, 0xba5c, 0xba64,
    0xba65, 0xba67, 0xba68, 0xba69, 0xba6b, 0xba6d, 0xba70, 0xba71, 0xba74, 0xba78, 0xba80, 0xba83, 0xba84, 0xba85, 0xba87, 0xba8c,
    0xbaa8, 0xbaa9, 0xbaab, 0xbaac, 0xbaaf, 0xbab0, 0xbab2, 0xbab8, 0xbab9, 0xbabb, 0xbabd, 0xbac3, 0xbac4, 0xbac8, 0xbad8, 0xbad9,
    0xbae0, 0xbafc, 0xbb00, 0xbb04, 0xbb0d, 0xbb0f, 0xbb11, 0xbb18, 0xbb1c, 0xbb20, 0xbb29, 0xbb2b, 0xbb34, 0xbb35, 0xbb36, 0xbb38,
    0xbb3b, 0xbb3c, 0xbb3d, 0xbb3e, 0xbb44, 0xbb45, 0xbb47, 0xbb49, 0xbb4d, 0xbb4f, 0xbb50, 0xbb54, 0xbb58, 0xbb61, 0xbb63, 0xbb6c,
    0xbb88, 0xbb8c, 0xbb90, 0xbba4, 0xbba8, 0xbbac, 0xbbb4, 0xbbb7, 0xbbc0, 0xbbc1, 0xbbc4, 0xbbc8, 0xbbd0, 0xbbd3, 0xbbd5, 0xbbdc,
    0xbbe0, 0xbbf8, 0xbbf9, 0xbbfc, 0xbbff, 0xbc00, 0xbc02, 0xbc08, 0xbc09, 0xbc0b, 0xbc0c, 0xbc0d, 0xbc0e, 0xbc0f, 0xbc11, 0xbc14,
    0xbc15, 0xbc16, 0xbc17, 0xbc18, 0xbc1b, 0xbc1c, 0xbc1d, 0xbc1e, 0xbc1f, 0xbc24, 0xbc25, 0xbc27, 0xbc28, 0xbc29, 0xbc2d, 0xbc30,
    0xbc31, 0xbc34, 0xbc37, 0xbc38, 0xbc40, 0xbc41, 0xbc43, 0xbc44, 0xbc45, 0xbc49, 0xbc4c, 0xbc4d, 0xbc50, 0xbc5c, 0xbc5d, 0xbc68,
    0xbc84, 0xbc85, 0xbc88, 0xbc8b, 0xbc8c, 0xbc8e, 0xbc94, 0xbc95, 0xbc97, 0xbc98, 0xbc99, 0xbc9a, 0xbc9c, 0xbca0, 0xbca1, 0xbca4,
    0xbca7, 0xbca8, 0xbcb0, 0xbcb1, 0xbcb3, 0xbcb4, 0xbcb5, 0xbcb9, 0xbcbc, 0xbcbd, 0xbcc0, 0xbcc4, 0xbccc, 0xbccd, 0xbccf, 0xbcd0,
    0xbcd1, 0xbcd2, 0xbcd3, 0xbcd4, 0xbcd5, 0xbcd8, 0xbcdc, 0xbcf4, 0xbcf5, 0xbcf6, 0xbcf8, 0xbcfc, 0xbd04, 0xbd05, 0xbd07, 0xbd09,
    0xbd10, 0xbd14, 0xbd23, 0xbd24, 0xbd2c, 0xbd40, 0xbd48, 0xbd49, 0xbd4c, 0xbd50, 0xbd58, 0xbd59, 0xbd64, 0xbd68, 0xbd80, 0xbd81,
    0xbd84, 0xbd87, 0xbd88, 0xbd89, 0xbd8a, 0xbd90, 0xbd91, 0xbd93, 0xbd95, 0xbd97, 0xbd99, 0xbd9a, 0xbd9c, 0xbda4, 0xbdb0, 0xbdb4,
    0xbdb8, 0xbdd4, 0xbdd5, 0xbdd8, 0xbddc, 0xbde9, 0xbdf0, 0xbdf4, 0xbdf8, 0xbe00, 0xbe03, 0xbe05, 0xbe0c, 0xbe0d, 0xbe10, 0xbe14,
    0xbe18, 0xbe1c, 0xbe1d, 0xbe1f, 0xbe21, 0xbe28, 0xbe44, 0xbe45, 0xbe48, 0xbe4b, 0xbe4c, 0xbe4e, 0xbe54, 0xbe55, 0xbe57, 0xbe59,
    0xbe5a, 0xbe5b, 0xbe60, 0xbe61, 0xbe64, 0xbe68, 0xbe6a, 0xbe70, 0xbe71, 0xbe73, 0xbe74, 0xbe75, 0xbe7b, 0xbe7c, 0xbe7d, 0xbe80,
    0xbe84, 0xbe8c, 0xbe8d, 0xbe8f, 0xbe90, 0xbe91, 0xbe98, 0xbe99, 0xbe9c, 0xbea8, 0xbeb4, 0xbed0, 0xbed1, 0xbed4, 0xbed7, 0xbed8,
    0xbee0, 0xbee3, 0xbee4, 0xbee5, 0xbeec, 0xbeed, 0xbef0, 0xbef4, 0xbeff, 0xbf01, 0xbf08, 0xbf09, 0xbf18, 0xbf19, 0xbf1b, 0xbf1c,
    0xbf1d, 0xbf24, 0xbf40, 0xbf41, 0xbf44, 0xbf48, 0xbf50, 0xbf51, 0xbf55, 0xbf5c, 0xbf78, 0xbf94, 0xbfb0, 0xbfc0, 0xbfc5, 0xbfcc,
    0xbfcd, 0xbfd0, 0xbfd4, 0xbfd5, 0xbfdc, 0xbfdd, 0xbfdf, 0xbfe1, 0xbfe8, 0xc004, 0xc020, 0xc03c, 0xc051, 0xc058, 0xc059, 0xc05c,
    0xc060, 0xc068, 0xc069, 0xc074, 0xc090, 0xc091, 0xc094, 0xc098, 0xc0a0, 0xc0a1, 0xc0a3, 0xc0a5, 0xc0ac, 0xc0ad, 0xc0ae, 0xc0af,
    0xc0b0, 0xc0b3, 0xc0b4, 0xc0b5, 0xc0b6, 0xc0b7, 0xc0bb, 0xc0bc, 0xc0bd, 0xc0bf, 0xc0c0, 0xc0c1, 0xc0c3, 0xc0c5, 0xc0c7, 0xc0c8,
    0xc0c9, 0xc0cc, 0xc0cf, 0xc0d0, 0xc0d8, 0xc0d9, 0xc0db, 0xc0dc, 0xc0dd, 0xc0e4, 0xc0e5, 0xc0e8, 0xc0ec, 0xc0f4, 0xc0f5, 0xc0f7,
    0xc0f9, 0xc100, 0xc104, 0xc108, 0xc110, 0xc115, 0xc11c, 0xc11d, 0xc11e, 0xc11f, 0xc120, 0xc123, 0xc124, 0xc125, 0xc126, 0xc127,
    0xc12c, 0xc12d, 0xc12f, 0xc130, 0xc131, 0xc136, 0xc138, 0xc139, 0xc13c, 0xc13f, 0xc140, 0xc148, 0xc149, 0xc14b, 0xc14c, 0xc14d,
    0xc151, 0xc154, 0xc155, 0xc157, 0xc158, 0xc15c, 0xc164, 0xc165, 0xc167, 0xc168, 0xc169, 0xc170, 0xc174, 0xc178, 0xc185, 0xc18c,
    0xc18d, 0xc18e, 0xc190, 0xc193, 0xc194, 0xc196, 0xc19c, 0xc19d, 0xc19f, 0xc1a1, 0xc1a5, 0xc1a8, 0xc1a9, 0xc1ac, 0xc1b0, 0xc1bb,
    0xc1bd, 0xc1c4, 0xc1c8, 0xc1cc, 0xc1d4, 0xc1d7, 0xc1d8, 0xc1e0, 0xc1e4, 0xc1e8, 0xc1f0, 0xc1f1, 0xc1f3, 0xc1fc, 0xc1fd, 0xc200,
    0xc204, 0xc20c, 0xc20d, 0xc20f, 0xc211, 0xc218, 0xc219, 0xc21c, 0xc21f, 0xc220, 0xc228, 0xc229, 0xc22b, 0xc22d, 0xc22f, 0xc231,
    0xc232, 0xc234, 0xc248, 0xc250, 0xc251, 0xc254, 0xc258, 0xc260, 0xc265, 0xc26c, 0xc26d, 0xc270, 0xc274, 0xc27c, 0xc27d, 0xc27f,
    0xc281, 0xc288, 0xc289, 0xc28c, 0xc290, 0xc298, 0xc29b, 0xc29d, 0xc2a4, 0xc2a5, 0xc2a8, 0xc2ac, 0xc2ad, 0xc2b3, 0xc2b4, 0xc2b5,
    0xc2b7, 0xc2b9, 0xc2c0, 0xc2dc, 0xc2dd, 0xc2e0, 0xc2e3, 0xc2e4, 0xc2e6, 0xc2eb, 0xc2ec, 0xc2ed, 0xc2ef, 0xc2f1, 0xc2f6, 0xc2f8,
    0xc2f9, 0xc2fb, 0xc2fc, 0xc300, 0xc302, 0xc308, 0xc309, 0xc30b, 0xc30c, 0xc30d, 0xc313, 0xc314, 0xc315, 0xc318, 0xc31c, 0xc324,
    0xc325, 0xc327, 0xc328, 0xc329, 0xc330, 0xc343, 0xc345, 0xc34c, 0xc368, 0xc369, 0xc36c, 0xc370, 0xc372, 0xc378, 0xc379, 0xc37b,
    0xc37c, 0xc37d, 0xc384, 0xc385, 0xc388, 0xc38c, 0xc399, 0xc3a0, 0xc3bc, 0xc3c0, 0xc3d8, 0xc3d9, 0xc3dc, 0xc3df, 0xc3e0, 0xc3e2,
    0xc3e8, 0xc3e9, 0xc3ed, 0xc3f4, 0xc3f5, 0xc3f8, 0xc3fc, 0xc408, 0xc410, 0xc424, 0xc42c, 0xc430, 0xc434, 0xc43c, 0xc43d, 0xc43f,
    0xc448, 0xc464, 0xc465, 0xc468, 0xc46c, 0xc474, 0xc475, 0xc477, 0xc479, 0xc480, 0xc493, 0xc494, 0xc49c, 0xc4b8, 0xc4bc, 0xc4d3,
    0xc4d4, 0xc4e9, 0xc4f0, 0xc4f1, 0xc4f4, 0xc4f8, 0xc4fa, 0xc4ff, 0xc500, 0xc501, 0xc50c, 0xc510, 0xc514, 0xc51c, 0xc528, 0xc529,
    0xc52c, 0xc530, 0xc538, 0xc539, 0xc53b, 0xc53c, 0xc53d, 0xc53f, 0xc544, 0xc545, 0xc548, 0xc549, 0xc54a, 0xc54c, 0xc54d, 0xc54e,
    0xc54f, 0xc553, 0xc554, 0xc555, 0xc557, 0xc558, 0xc559, 0xc55d, 0xc55e, 0xc55f, 0xc560, 0xc561, 0xc564, 0xc568, 0xc570, 0xc571,
    0xc573, 0xc574, 0xc575, 0xc57c, 0xc57d, 0xc580, 0xc584, 0xc587, 0xc58c, 0xc58d, 0xc58f, 0xc590, 0xc591, 0xc595, 0xc597, 0xc598,
    0xc59c, 0xc5a0, 0xc5a9, 0xc5ab, 0xc5b4, 0xc5b5, 0xc5b6, 0xc5b8, 0xc5b9, 0xc5bb, 0xc5bc, 0xc5bd, 0xc5be, 0xc5c4, 0xc5c5, 0xc5c6,
    0xc5c7, 0xc5c8, 0xc5c9, 0xc5ca, 0xc5cc, 0xc5ce, 0xc5d0, 0xc5d1, 0xc5d4, 0xc5d8, 0xc5e0, 0xc5e1, 0xc5e3, 0xc5e5, 0xc5ec, 0xc5ed,
    0xc5ee, 0xc5f0, 0xc5f1, 0xc5f3, 0xc5f4, 0xc5f6, 0xc5f7, 0xc5fc, 0xc5fd, 0xc5fe, 0xc5ff, 0xc600, 0xc601, 0xc605, 0xc606, 0xc607,
    0xc608, 0xc60c, 0xc610, 0xc618, 0xc619, 0xc61b, 0xc61c, 0xc61d, 0xc624, 0xc625, 0xc628, 0xc62b, 0xc62c, 0xc62d, 0xc62e, 0xc630,
    0xc633, 0xc634, 0xc635, 0xc637, 0xc639, 0xc63a, 0xc63b, 0xc640, 0xc641, 0xc644, 0xc648, 0xc650, 0xc651, 0xc653, 0xc654, 0xc655,
    0xc65c, 0xc65d, 0xc660, 0xc66c, 0xc66f, 0xc671, 0xc678, 0xc679, 0xc67c, 0xc680, 0xc688, 0xc689, 0xc68b, 0xc68d, 0xc694, 0xc695,
    0xc698, 0xc69c, 0xc6a4, 0xc6a5, 0xc6a7, 0xc6a9, 0xc6b0, 0xc6b1, 0xc6b4, 0xc6b7, 0xc6b8, 0xc6b9, 0xc6ba, 0xc6c0, 0xc6c1, 0xc6c3,
    0xc6c5, 0xc6cc, 0xc6cd, 0xc6d0, 0xc6d4, 0xc6dc, 0xc6dd, 0xc6df, 0xc6e0, 0xc6e1, 0xc6e8, 0xc6e9, 0xc6ec, 0xc6f0, 0xc6f8, 0xc6f9,
    0xc6fd, 0xc704, 0xc705, 0xc708, 0xc70b, 0xc70c, 0xc714, 0xc715, 0xc717, 0xc719, 0xc720, 0xc721, 0xc724, 0xc728, 0xc730, 0xc731,
    0xc733, 0xc735, 0xc736, 0xc737, 0xc73c, 0xc73d, 0xc740, 0xc744, 0xc74a, 0xc74c, 0xc74d, 0xc74f, 0xc751, 0xc752, 0xc753, 0xc754,
    0xc755, 0xc756, 0xc757, 0xc758, 0xc75c, 0xc760, 0xc768, 0xc76b, 0xc774, 0xc775, 0xc778, 0xc77b, 0xc77c, 0xc77d, 0xc77e, 0xc783,
    0xc784, 0xc785, 0xc787, 0xc788, 0xc789, 0xc78a, 0xc78e, 0xc790, 0xc791, 0xc794, 0xc796, 0xc797, 0xc798, 0xc79a, 0xc7a0, 0xc7a1,
    0xc7a3, 0xc7a4, 0xc7a5, 0xc7a6, 0xc7a7, 0xc7aa, 0xc7ac, 0xc7ad, 0xc7b0, 0xc7b4, 0xc7bc, 0xc7bd, 0xc7bf, 0xc7c0, 0xc7c1, 0xc7c8,
    0xc7c9, 0xc7cc, 0xc7ce, 0xc7d0, 0xc7d8, 0xc7dd, 0xc7e4, 0xc7e8, 0xc7ec, 0xc800, 0xc801, 0xc804, 0xc807, 0xc808, 0xc80a, 0xc810,
    0xc811, 0xc813, 0xc814, 0xc815, 0xc816, 0xc81b, 0xc81c, 0xc81d, 0xc820, 0xc824, 0xc82c, 0xc82d, 0xc82f, 0xc831, 0xc838, 0xc839,
    0xc83c, 0xc840, 0xc848, 0xc849, 0xc84b, 0xc84c, 0xc84d, 0xc854, 0xc870, 0xc871, 0xc874, 0xc878, 0xc87a, 0xc880, 0xc881, 0xc883,
    0xc885, 0xc886, 0xc887, 0xc88b, 0xc88c, 0xc88d, 0xc890, 0xc894, 0xc89c, 0xc89d, 0xc89f, 0xc8a0, 0xc8a1, 0xc8a8, 0xc8ac, 0xc8b0,
    0xc8b8, 0xc8bc, 0xc8bd, 0xc8c4, 0xc8c8, 0xc8cc, 0xc8d4, 0xc8d5, 0xc8d7, 0xc8d9, 0xc8e0, 0xc8e1, 0xc8e4, 0xc8e8, 0xc8f0, 0xc8f1,
    0xc8f5, 0xc8fc, 0xc8fd, 0xc900, 0xc904, 0xc905, 0xc906, 0xc90c, 0xc90d, 0xc90f, 0xc911, 0xc918, 0xc92b, 0xc92c, 0xc934, 0xc950,
    0xc951, 0xc954, 0xc958, 0xc960, 0xc961, 0xc963, 0xc96c, 0xc96d, 0xc970, 0xc974, 0xc97c, 0xc988, 0xc989, 0xc98c, 0xc990, 0xc998,
    0xc999, 0xc99b, 0xc99d, 0xc9a4, 0xc9c0, 0xc9c1, 0xc9c4, 0xc9c7, 0xc9c8, 0xc9ca, 0xc9d0, 0xc9d1, 0xc9d3, 0xc9d4, 0xc9d5, 0xc9d6,
    0xc9d9, 0xc9da, 0xc9dc, 0xc9dd, 0xc9e0, 0xc9e2, 0xc9e4, 0xc9e7, 0xc9ec, 0xc9ed, 0xc9ef, 0xc9f0, 0xc9f1, 0xc9f8, 0xc9f9, 0xc9fc,
    0xca00, 0xca08, 0xca09, 0xca0b, 0xca0c, 0xca0d, 0xca14, 0xca18, 0xca29, 0xca30, 0xca4c, 0xca4d, 0xca50, 0xca54, 0xca57, 0xca5c,
    0xca5d, 0xca5f, 0xca60, 0xca61, 0xca68, 0xca70, 0xca7d, 0xca84, 0xca97, 0xca98, 0xcaa0, 0xcabc, 0xcabd, 0xcac0, 0xcac4, 0xcacc,
    0xcacd, 0xcacf, 0xcad1, 0xcad2, 0xcad3, 0xcad8, 0xcad9, 0xcae0, 0xcaec, 0xcaf4, 0xcb08, 0xcb10, 0xcb14, 0xcb18, 0xcb20, 0xcb21,
    0xcb2c, 0xcb41, 0xcb48, 0xcb49, 0xcb4c, 0xcb50, 0xcb58, 0xcb59, 0xcb5d, 0xcb64, 0xcb78, 0xcb79, 0xcb80, 0xcb9c, 0xcbb8, 0xcbd4,
    0xcbe4, 0xcbe5, 0xcbe7, 0xcbe9, 0xcbf0, 0xcc0c, 0xcc0d, 0xcc10, 0xcc14, 0xcc1c, 0xcc1d, 0xcc1f, 0xcc21, 0xcc22, 0xcc26, 0xcc27,
    0xcc28, 0xcc29, 0xcc2c, 0xcc2e, 0xcc2f, 0xcc30, 0xcc38, 0xcc39, 0xcc3b, 0xcc3c, 0xcc3d, 0xcc3e, 0xcc3f, 0xcc42, 0xcc44, 0xcc45,
    0xcc48, 0xcc4c, 0xcc54, 0xcc55, 0xcc57, 0xcc58, 0xcc59, 0xcc60, 0xcc64, 0xcc66, 0xcc68, 0xcc70, 0xcc71, 0xcc75, 0xcc7c, 0xcc98,
    0xcc99, 0xcc9c, 0xcca0, 0xcca8, 0xcca9, 0xccab, 0xccac, 0xccad, 0xccb4, 0xccb5, 0xccb8, 0xccbc, 0xccc4, 0xccc5, 0xccc7, 0xccc9,
    0xccd0, 0xccd4, 0xcce3, 0xcce4, 0xcce5, 0xccec, 0xccf0, 0xcd01, 0xcd08, 0xcd09, 0xcd0c, 0xcd10, 0xcd18, 0xcd19, 0xcd1b, 0xcd1d,
    0xcd24, 0xcd28, 0xcd2c, 0xcd39, 0xcd40, 0xcd5c, 0xcd60, 0xcd64, 0xcd6c, 0xcd6d, 0xcd6f, 0xcd71, 0xcd78, 0xcd88, 0xcd94, 0xcd95,
    0xcd98, 0xcd9c, 0xcda4, 0xcda5, 0xcda7, 0xcda9, 0xcdb0, 0xcdc3, 0xcdc4, 0xcdcc, 0xcdd0, 0xcde8, 0xcdec, 0xcdf0, 0xcdf8, 0xcdf9,
    0xcdfb, 0xcdfd, 0xce04, 0xce08, 0xce0c, 0xce14, 0xce19, 0xce20, 0xce21, 0xce24, 0xce28, 0xce30, 0xce31, 0xce33, 0xce35, 0xce3c,
    0xce58, 0xce59, 0xce5c, 0xce5f, 0xce60, 0xce61, 0xce68, 0xce69, 0xce6b, 0xce6d, 0xce74, 0xce75, 0xce78, 0xce7b, 0xce7c, 0xce84,
    0xce85, 0xce87, 0xce89, 0xce90, 0xce91, 0xce94, 0xce97, 0xce98, 0xcea0, 0xcea1, 0xcea3, 0xcea4, 0xcea5, 0xcea9, 0xceac, 0xcead,
    0xcec1, 0xcec8, 0xcee4, 0xcee5, 0xcee8, 0xceeb, 0xceec, 0xcef4, 0xcef5, 0xcef7, 0xcef8, 0xcef9, 0xcefd, 0xcf00, 0xcf01, 0xcf04,
    0xcf08, 0xcf10, 0xcf11, 0xcf13, 0xcf15, 0xcf19, 0xcf1c, 0xcf20, 0xcf24, 0xcf2c, 0xcf2d, 0xcf2f, 0xcf30, 0xcf31, 0xcf38, 0xcf54,
    0xcf55, 0xcf58, 0xcf5c, 0xcf64, 0xcf65, 0xcf67, 0xcf69, 0xcf70, 0xcf71, 0xcf74, 0xcf78, 0xcf80, 0xcf85, 0xcf8c, 0xcf8d, 0xcf90,
    0xcf9f, 0xcfa1, 0xcfa8, 0xcfac, 0xcfb0, 0xcfbd, 0xcfc4, 0xcfe0, 0xcfe1, 0xcfe4, 0xcfe8, 0xcff0, 0xcff1, 0xcff3, 0xcff5, 0xcffc,
    0xd000, 0xd004, 0xd011, 0xd018, 0xd02d, 0xd034, 0xd035, 0xd038, 0xd03c, 0xd044, 0xd045, 0xd047, 0xd049, 0xd050, 0xd054, 0xd058,
    0xd060, 0xd06c, 0xd06d, 0xd070, 0xd074, 0xd07c, 0xd07d, 0xd081, 0xd088, 0xd0a4, 0xd0a5, 0xd0a8, 0xd0ac, 0xd0b4, 0xd0b5, 0xd0b7,
    0xd0b9, 0xd0c0, 0xd0c1, 0xd0c4, 0xd0c8, 0xd0c9, 0xd0d0, 0xd0d1, 0xd0d3, 0xd0d4, 0xd0d5, 0xd0dc, 0xd0dd, 0xd0e0, 0xd0e4, 0xd0ec,
    0xd0ed, 0xd0ef, 0xd0f0, 0xd0f1, 0xd0f8, 0xd10d, 0xd114, 0xd130, 0xd131, 0xd134, 0xd138, 0xd13a, 0xd140, 0xd141, 0xd143, 0xd144,
    0xd145, 0xd14c, 0xd14d, 0xd150, 0xd154, 0xd15c, 0xd15d, 0xd15f, 0xd160, 0xd161, 0xd168, 0xd169, 0xd16c, 0xd17c, 0xd184, 0xd188,
    0xd1a0, 0xd1a1, 0xd1a4, 0xd1a8, 0xd1b0, 0xd1b1, 0xd1b3, 0xd1b5, 0xd1ba, 0xd1bc, 0xd1c0, 0xd1d8, 0xd1f4, 0xd1f8, 0xd207, 0xd209,
    0xd210, 0xd22c, 0xd22d, 0xd230, 0xd234, 0xd23c, 0xd23d, 0xd23f, 0xd241, 0xd248, 0xd25c, 0xd264, 0xd277, 0xd280, 0xd281, 0xd284,
    0xd288, 0xd290, 0xd291, 0xd293, 0xd295, 0xd29c, 0xd2a0, 0xd2a4, 0xd2ac, 0xd2b1, 0xd2b8, 0xd2b9, 0xd2bc, 0xd2bf, 0xd2c0, 0xd2c2,
    0xd2c8, 0xd2c9, 0xd2cb, 0xd2cd, 0xd2d4, 0xd2d8, 0xd2dc, 0xd2e4, 0xd2e5, 0xd2e7, 0xd2f0, 0xd2f1, 0xd2f4, 0xd2f8, 0xd300, 0xd301,
    0xd303, 0xd305, 0xd30a, 0xd30c, 0xd30d, 0xd30e, 0xd310, 0xd314, 0xd316, 0xd31c, 0xd31d, 0xd31f, 0xd320, 0xd321, 0xd325, 0xd326,
    0xd328, 0xd329, 0xd32c, 0xd330, 0xd338, 0xd339, 0xd33b, 0xd33c, 0xd33d, 0xd344, 0xd345, 0xd359, 0xd360, 0xd37c, 0xd37d, 0xd380,
    0xd384, 0xd38c, 0xd38d, 0xd38f, 0xd390, 0xd391, 0xd398, 0xd399, 0xd39c, 0xd3a0, 0xd3a8, 0xd3a9, 0xd3ab, 0xd3ad, 0xd3b2, 0xd3b4,
    0xd3b5, 0xd3b8, 0xd3bc, 0xd3c4, 0xd3c5, 0xd3c7, 0xd3c8, 0xd3c9, 0xd3d0, 0xd3d8, 0xd3e1, 0xd3e3, 0xd3ec, 0xd3ed, 0xd3f0, 0xd3f4,
    0xd3fc, 0xd3fd, 0xd3ff, 0xd401, 0xd408, 0xd41d, 0xd424, 0xd440, 0xd444, 0xd45c, 0xd460, 0xd464, 0xd46d, 0xd46f, 0xd478, 0xd479,
    0xd47c, 0xd47f, 0xd480, 0xd482, 0xd488, 0xd489, 0xd48b, 0xd48d, 0xd494, 0xd4a9, 0xd4b0, 0xd4cc, 0xd4d0, 0xd4d4, 0xd4dc, 0xd4df,
    0xd4e8, 0xd4e9, 0xd4ec, 0xd4f0, 0xd4f8, 0xd4fb, 0xd4fd, 0xd504, 0xd505, 0xd508, 0xd50c, 0xd510, 0xd514, 0xd515, 0xd517, 0xd519,
    0xd520, 0xd524, 0xd53c, 0xd53d, 0xd540, 0xd544, 0xd54c, 0xd54d, 0xd54f, 0xd551, 0xd558, 0xd559, 0xd55c, 0xd55f, 0xd560, 0xd561,
    0xd565, 0xd568, 0xd569, 0xd56b, 0xd56c, 0xd56d, 0xd571, 0xd574, 0xd575, 0xd578, 0xd57c, 0xd584, 0xd585, 0xd587, 0xd588, 0xd589,
    0xd590, 0xd5a5, 0xd5ac, 0xd5c8, 0xd5c9, 0xd5cc, 0xd5cf, 0xd5d0, 0xd5d2, 0xd5d8, 0xd5d9, 0xd5db, 0xd5dd, 0xd5e4, 0xd5e5, 0xd5e8,
    0xd5ec, 0xd5f4, 0xd5f5, 0xd5f7, 0xd5f9, 0xd600, 0xd601, 0xd604, 0xd608, 0xd610, 0xd611, 0xd613, 0xd614, 0xd615, 0xd61c, 0xd620,
    0xd624, 0xd62c, 0xd62d, 0xd638, 0xd639, 0xd63c, 0xd640, 0xd645, 0xd648, 0xd649, 0xd64b, 0xd64d, 0xd651, 0xd654, 0xd655, 0xd658,
    0xd65c, 0xd667, 0xd669, 0xd670, 0xd671, 0xd674, 0xd683, 0xd685, 0xd68c, 0xd68d, 0xd690, 0xd694, 0xd69d, 0xd69f, 0xd6a1, 0xd6a8,
    0xd6a9, 0xd6ac, 0xd6b0, 0xd6b8, 0xd6b9, 0xd6bb, 0xd6c4, 0xd6c5, 0xd6c8, 0xd6cc, 0xd6d1, 0xd6d4, 0xd6d5, 0xd6d7, 0xd6d9, 0xd6e0,
    0xd6e4, 0xd6e8, 0xd6f0, 0xd6f5, 0xd6fc, 0xd6fd, 0xd700, 0xd704, 0xd70c, 0xd711, 0xd718, 0xd719, 0xd71c, 0xd720, 0xd728, 0xd729,
    0xd72b, 0xd72d, 0xd734, 0xd735, 0xd738, 0xd73c, 0xd744, 0xd747, 0xd749, 0xd750, 0xd751, 0xd754, 0xd756, 0xd757, 0xd758, 0xd759,
    0xd760, 0xd761, 0xd763, 0xd765, 0xd769, 0xd76c, 0xd76d, 0xd770, 0xd774, 0xd77c, 0xd77d, 0xd781, 0xd788, 0xd789, 0xd78c, 0xd790,
    0xd798, 0xd799, 0xd79b, 0xd79d, 0xe000, 0xe001, 0xe002, 0xe003, 0xe004, 0xe005, 0xe006, 0xe007, 0xe008, 0xe009, 0xe00a, 0xe00b,
    0xe00c, 0xe00d, 0xe00e, 0xe00f, 0xe010, 0xe011, 0xe012, 0xe013, 0xe014, 0xe015, 0xe016, 0xe017, 0xe018, 0xe019, 0xe01a, 0xe01b,
    0xe01c, 0xe01d, 0xe01e, 0xe01f, 0xe020, 0xe021, 0xe022, 0xe023, 0xe024, 0xe025, 0xe026, 0xe027, 0xe028, 0xe029, 0xe02a, 0xe02b,
    0xe02c, 0xe02d, 0xe02e, 0xe02f, 0xe030, 0xe031, 0xe032, 0xe033, 0xe034, 0xe035, 0xe036, 0xe037, 0xe038, 0xe039, 0xe03a, 0xe03b,
    0xe03c, 0xe03d, 0xe03e, 0xe03f, 0xe040, 0xe041, 0xe042, 0xe043, 0xe044, 0xe045, 0xe046, 0xe047, 0xe048, 0xe049, 0xe04a, 0xe04b,
    0xe04c, 0xe04d, 0xe04e, 0xe04f, 0xe050, 0xe051, 0xe052, 0xe053, 0xe054, 0xe055, 0xe056, 0xe057, 0xe058, 0xe059, 0xe05a, 0xe05b,
    0xe05c, 0xe05d, 0xe05e, 0xe05f, 0xe060, 0xe061, 0xe062, 0xe063, 0xe064, 0xe065, 0xe066, 0xe067, 0xe068, 0xe069, 0xe06a, 0xe06b,
    0xe06c, 0xe06d, 0xe06e, 0xe06f, 0xe070, 0xe071, 0xe072, 0xe073, 0xe074, 0xe075, 0xe076, 0xe077, 0xe078, 0xe079, 0xe07a, 0xe07b,
    0xe07c, 0xe07d, 0xe07e, 0xe07f, 0xe080, 0xe081, 0xe082, 0xe083, 0xe084, 0xe085, 0xe086, 0xe087, 0xe088, 0xe089, 0xe08a, 0xe08b,
    0xe08c, 0xe08d, 0xe08e, 0xe08f, 0xe090, 0xe091, 0xe092, 0xe093, 0xe094, 0xe095, 0xe096, 0xe097, 0xe098, 0xe099, 0xe09a, 0xe09b,
    0xe09c, 0xe09d, 0xe09e, 0xe09f, 0xe0a0, 0xe0a1, 0xe0a2, 0xe0a3, 0xe0a4, 0xe0a5, 0xe0a6, 0xe0a7, 0xe0a8, 0xe0a9, 0xe0aa, 0xe0ab,
    0xe0ac, 0xe0ad, 0xe0ae, 0xe0af, 0xe0b0, 0xe0b1, 0xe0b2, 0xe0b3, 0xe0b4, 0xe0b5, 0xe0b6, 0xe0b7, 0xe0b8, 0xe0b9, 0xe0ba, 0xe0bb,
    0xe0bc, 0xe0bd, 0xe0be, 0xe0bf, 0xe0c0, 0xe0c1, 0xe0c2, 0xe0c3, 0xe0c4, 0xe0c5, 0xe0c6, 0xe0c7, 0xe0c8, 0xe0c9, 0xe0ca, 0xe0cb,
    0xe0cc, 0xe0cd, 0xe0ce, 0xe0cf, 0xe0d0, 0xe0d1, 0xe0d2, 0xe0d3, 0xe0d4, 0xe0d5, 0xe0d6, 0xe0d7, 0xe0d8, 0xe0d9, 0xe0da, 0xe0db,
    0xe0dc, 0xe0dd, 0xe0de, 0xe0df, 0xe0e0, 0xe0e1, 0xe0e2, 0xe0e3, 0xe0e4, 0xe0e5, 0xe0e6, 0xe0e7, 0xe0e8, 0xe0e9, 0xe0ea, 0xe0eb,
    0xe0ec, 0xe0ed, 0xe0ee, 0xe0ef, 0xe0f0, 0xe0f1, 0xe0f2, 0xe0f3, 0xe0f4, 0xe0f5, 0xe0f6, 0xe0f7, 0xe0f8, 0xe0f9, 0xe0fa, 0xe0fb,
    0xe0fc, 0xe0fd, 0xe0fe, 0xe0ff, 0xe100, 0xe101, 0xe102, 0xe103, 0xe104, 0xe105, 0xe106, 0xe107, 0xe108, 0xe109, 0xe10a, 0xe10b,
    0xe10c, 0xe10d, 0xe10e, 0xe10f, 0xe110, 0xe111, 0xe112, 0xe113, 0xe114, 0xe115, 0xe116, 0xe117, 0xe118, 0xe119, 0xe11a, 0xe11b,
    0xe11c, 0xe11d, 0xe11e, 0xe11f, 0xe120, 0xe121, 0xe122, 0xe123, 0xe124, 0xe125, 0xe126, 0xe127, 0xe128, 0xe129, 0xe12a, 0xe12b,
    0xe12c, 0xe12d, 0xe12e, 0xe12f, 0xe130, 0xe131, 0xe132, 0xe133, 0xe134, 0xe135, 0xe136, 0xe137, 0xe138, 0xe139, 0xe13a, 0xe13b,
    0xe13c, 0xe13d, 0xe13e, 0xe13f, 0xe140, 0xe141, 0xe142, 0xe143, 0xe144, 0xe145, 0xe146, 0xe147, 0xe148, 0xe149, 0xe14a, 0xe14b,
    0xe14c, 0xe14d, 0xe14e, 0xe14f, 0xe150, 0xe151, 0xe152, 0xe153, 0xe154, 0xe155, 0xe156, 0xe157, 0xe158, 0xe159, 0xe15a, 0xe15b,
    0xe15c, 0xe15d, 0xe15e, 0xe15f, 0xe160, 0xe161, 0xe162, 0xe163, 0xe164, 0xe165, 0xe166, 0xe167, 0xe168, 0xe169, 0xe16a, 0xe16b,
    0xe16c, 0xe16d, 0xe16e, 0xe16f, 0xe170, 0xe171, 0xe172, 0xe173, 0xe174, 0xe175, 0xe176, 0xe177, 0xe178, 0xe179, 0xe17a, 0xe17b,
    0xe17c, 0xe17d, 0xe17e, 0xe17f, 0xe180, 0xe181, 0xe182, 0xe183, 0xe184, 0xe185, 0xe186, 0xe187, 0xe188, 0xe189, 0xe18a, 0xe18b,
    0xe18c, 0xe18d, 0xe18e, 0xe18f, 0xe190, 0xe191, 0xe192, 0xe193, 0xe194, 0xe195, 0xe196, 0xe197, 0xe198, 0xe199, 0xe19a, 0xe19b,
    0xe19c, 0xe19d, 0xe19e, 0xe19f, 0xe1a0, 0xe1a1, 0xe1a2, 0xe1a3, 0xe1a4, 0xe1a5, 0xe1a6, 0xe1a7, 0xe1a8, 0xe1a9, 0xe1aa, 0xe1ab,
    0xe1ac, 0xe1ad, 0xe1ae, 0xe1af, 0xe1b0, 0xe1b1, 0xe1b2, 0xe1b3, 0xe1b4, 0xe1b5, 0xe1b6, 0xe1b7, 0xe1b8, 0xe1b9, 0xe1ba, 0xe1bb,
    0xe1bc, 0xe1bd, 0xe1be, 0xe1bf, 0xe1c0, 0xe1c1, 0xe1c2, 0xe1c3, 0xe1c4, 0xe1c5, 0xe1c6, 0xe1c7, 0xe1c8, 0xe1c9, 0xe1ca, 0xe1cb,
    0xe1cc, 0xe1cd, 0xe1ce, 0xe1cf, 0xe1d0, 0xe1d1, 0xe1d2, 0xe1d3, 0xe1d4, 0xe1d5, 0xe1d6, 0xe1d7, 0xe1d8, 0xe1d9, 0xe1da, 0xe1db,
    0xe1dc, 0xe1dd, 0xe1de, 0xe1df, 0xe1e0, 0xe1e1, 0xe1e2, 0xe1e3, 0xe1e4, 0xe1e5, 0xe1e6, 0xe1e7, 0xe1e8, 0xe1e9, 0xe1ea, 0xe1eb,
    0xe1ec, 0xe1ed, 0xe1ee, 0xe1ef, 0xe1f0, 0xe1f1, 0xe1f2, 0xe1f3, 0xe1f4, 0xe1f5, 0xe1f6, 0xe1f7, 0xe1f8, 0xe1f9, 0xe1fa, 0xe1fb,
    0xe1fc, 0xe1fd, 0xe1fe, 0xe1ff, 0xe200, 0xe201, 0xe202, 0xe203, 0xe204, 0xe205, 0xe206, 0xe207, 0xe208, 0xe209, 0xe20a, 0xe20b,
    0xe20c, 0xe20d, 0xe20e, 0xe20f, 0xe210, 0xe211, 0xe212, 0xe213, 0xe214, 0xe215, 0xe216, 0xe217, 0xe218, 0xe219, 0xe21a, 0xe21b,
    0xe21c, 0xe21d, 0xe21e, 0xe21f, 0xe220, 0xe221, 0xe222, 0xe223, 0xe224, 0xe225, 0xe226, 0xe227, 0xe228, 0xe229, 0xe22a, 0xe22b,
    0xe22c, 0xe22d, 0xe22e, 0xe22f, 0xe230, 0xe231, 0xe232, 0xe233, 0xe234, 0xe235, 0xe236, 0xe237, 0xe238, 0xe239, 0xe23a, 0xe23b,
    0xe23c, 0xe23d, 0xe23e, 0xe23f, 0xe240, 0xe241, 0xe242, 0xe243, 0xe244, 0xe245, 0xe246, 0xe247, 0xe248, 0xe249, 0xe24a, 0xe24b,
    0xe24c, 0xe24d, 0xe24e, 0xe24f, 0xe250, 0xe251, 0xe252, 0xe253, 0xe254, 0xe255, 0xe256, 0xe257, 0xe258, 0xe259, 0xe25a, 0xe25b,
    0xe25c, 0xe25d, 0xe25e, 0xe25f, 0xe260, 0xe261, 0xe262, 0xe263, 0xe264, 0xe265, 0xe266, 0xe267, 0xe268, 0xe269, 0xe26a, 0xe26b,
    0xe26c, 0xe26d, 0xe26e, 0xe26f, 0xe270, 0xe271, 0xe272, 0xe273, 0xe274, 0xe275, 0xe276, 0xe277, 0xe278, 0xe279, 0xe27a, 0xe27b,
    0xe27c, 0xe27d, 0xe27e, 0xe27f, 0xe280, 0xe281, 0xe282, 0xe283, 0xe284, 0xe285, 0xe286, 0xe287, 0xe288, 0xe289, 0xe28a, 0xe28b,
    0xe28c, 0xe28d, 0xe28e, 0xe28f, 0xe290, 0xe291, 0xe292, 0xe293, 0xe294, 0xe295, 0xe296, 0xe297, 0xe298, 0xe299, 0xe29a, 0xe29b,
    0xe29c, 0xe29d, 0xe29e, 0xe29f, 0xe2a0, 0xe2a1, 0xe2a2, 0xe2a3, 0xe2a4, 0xe2a5, 0xe2a6, 0xe2a7, 0xe2a8, 0xe2a9, 0xe2aa, 0xe2ab,
    0xe2ac, 0xe2ad, 0xe2ae, 0xe2af, 0xe2b0, 0xe2b1, 0xe2b2, 0xe2b3, 0xe2b4, 0xe2b5, 0xe2b6, 0xe2b7, 0xe2b8, 0xe2b9, 0xe2ba, 0xe2bb,
    0xe2bc, 0xe2bd, 0xe2be, 0xe2bf, 0xe2c0, 0xe2c1, 0xe2c2, 0xe2c3, 0xe2c4, 0xe2c5, 0xe2c6, 0xe2c7, 0xe2c8, 0xe2c9, 0xe2ca, 0xe2cb,
    0xe2cc, 0xe2cd, 0xe2ce, 0xe2cf, 0xe2d0, 0xe2d1, 0xe2d2, 0xe2d3, 0xe2d4, 0xe2d5, 0xe2d6, 0xe2d7, 0xe2d8, 0xe2d9, 0xe2da, 0xe2db,
    0xe2dc, 0xe2dd, 0xe2de, 0xe2df, 0xe2e0, 0xe2e1, 0xe2e2, 0xe2e3, 0xe2e4, 0xe2e5, 0xe2e6, 0xe2e7, 0xe2e8, 0xe2e9, 0xe2ea, 0xe2eb,
    0xe2ec, 0xe2ed, 0xe2ee, 0xe2ef, 0xe2f0, 0xe2f1, 0xe2f2, 0xe2f3, 0xe2f4, 0xe2f5, 0xe2f6, 0xe2f7, 0xe2f8, 0xe2f9, 0xe2fa, 0xe2fb,
    0xe2fc, 0xe2fd, 0xe2fe, 0xe2ff, 0xe300, 0xe301, 0xe302, 0xe303, 0xe304, 0xe305, 0xe306, 0xe307, 0xe308, 0xe309, 0xe30a, 0xe30b,
    0xe30c, 0xe30d, 0xe30e, 0xe30f, 0xe310, 0xe311, 0xe312, 0xe313, 0xe314, 0xe315, 0xe316, 0xe317, 0xe318, 0xe319, 0xe31a, 0xe31b,
    0xe31c, 0xe31d, 0xe31e, 0xe31f, 0xe320, 0xe321, 0xe322, 0xe323, 0xe324, 0xe325, 0xe326, 0xe327, 0xe328, 0xe329, 0xe32a, 0xe32b,
    0xe32c, 0xe32d, 0xe32e, 0xe32f, 0xe330, 0xe331, 0xe332, 0xe333, 0xe334, 0xe335, 0xe336, 0xe337, 0xe338, 0xe339, 0xe33a, 0xe33b,
    0xe33c, 0xe33d, 0xe33e, 0xe33f, 0xe340, 0xe341, 0xe342, 0xe343, 0xe344, 0xe345, 0xe346, 0xe347, 0xe348, 0xe349, 0xe34a, 0xe34b,
    0xe34c, 0xe34d, 0xe34e, 0xe34f, 0xe350, 0xe351, 0xe352, 0xe353, 0xe354, 0xe355, 0xe356, 0xe357, 0xe358, 0xe359, 0xe35a, 0xe35b,
    0xe35c, 0xe35d, 0xe35e, 0xe35f, 0xe360, 0xe361, 0xe362, 0xe363, 0xe364, 0xe365, 0xe366, 0xe367, 0xe368, 0xe369, 0xe36a, 0xe36b,
    0xe36c, 0xe36d, 0xe36e, 0xe36f, 0xe370, 0xe371, 0xe372, 0xe373, 0xe374, 0xe375, 0xe376, 0xe377, 0xe378, 0xe379, 0xe37a, 0xe37b,
    0xe37c, 0xe37d, 0xe37e, 0xe37f, 0xe380, 0xe381, 0xe382, 0xe383, 0xe384, 0xe385, 0xe386, 0xe387, 0xe388, 0xe389, 0xe38a, 0xe38b,
    0xe38c, 0xe38d, 0xe38e, 0xe38f, 0xe390, 0xe391, 0xe392, 0xe393, 0xe394, 0xe395, 0xe396, 0xe397, 0xe398, 0xe399, 0xe39a, 0xe39b,
    0xe39c, 0xe39d, 0xe39e, 0xe39f, 0xe3a0, 0xe3a1, 0xe3a2, 0xe3a3, 0xe3a4, 0xe3a5, 0xe3a6, 0xe3a7, 0xe3a8, 0xe3a9, 0xe3aa, 0xe3ab,
    0xe3ac, 0xe3ad, 0xe3ae, 0xe3af, 0xe3b0, 0xe3b1, 0xe3b2, 0xe3b3, 0xe3b4, 0xe3b5, 0xe3b6, 0xe3b7, 0xe3b8, 0xe3b9, 0xe3ba, 0xe3bb,
    0xe3bc, 0xe3bd, 0xe3be, 0xe3bf, 0xe3c0, 0xe3c1, 0xe3c2, 0xe3c3, 0xe3c4, 0xe3c5, 0xe3c6, 0xe3c7, 0xe3c8, 0xe3c9, 0xe3ca, 0xe3cb,
    0xe3cc, 0xe3cd, 0xe3ce, 0xe3cf, 0xe3d0, 0xe3d1, 0xe3d2, 0xe3d3, 0xe3d4, 0xe3d5, 0xe3d6, 0xe3d7, 0xe3d8, 0xe3d9, 0xe3da, 0xe3db,
    0xe3dc, 0xe3dd, 0xe3de, 0xe3df, 0xe3e0, 0xe3e1, 0xe3e2, 0xe3e3, 0xe3e4, 0xe3e5, 0xe3e6, 0xe3e7, 0xe3e8, 0xe3e9, 0xe3ea, 0xe3eb,
    0xe3ec, 0xe3ed, 0xe3ee, 0xe3ef, 0xe3f0, 0xe3f1, 0xe3f2, 0xe3f3, 0xe3f4, 0xe3f5, 0xe3f6, 0xe3f7, 0xe3f8, 0xe3f9, 0xe3fa, 0xe3fb,
    0xe3fc, 0xe3fd, 0xe3fe, 0xe3ff, 0xe400, 0xe401, 0xe402, 0xe403, 0xe404, 0xe405, 0xe406, 0xe407, 0xe408, 0xe409, 0xe40a, 0xe40b,
    0xe40c, 0xe40d, 0xe40e, 0xe40f, 0xe410, 0xe411, 0xe412, 0xe413, 0xe414, 0xe415, 0xe416, 0xe417, 0xe418, 0xe419, 0xe41a, 0xe41b,
    0xe41c, 0xe41d, 0xe41e, 0xe41f, 0xe420, 0xe421, 0xe422, 0xe423, 0xe424, 0xe425, 0xe426, 0xe427, 0xe428, 0xe429, 0xe42a, 0xe42b,
    0xe42c, 0xe42d, 0xe42e, 0xe42f, 0xe430, 0xe431, 0xe432, 0xe433, 0xe434, 0xe435, 0xe436, 0xe437, 0xe438, 0xe439, 0xe43a, 0xe43b,
    0xe43c, 0xe43d, 0xe43e, 0xe43f, 0xe440, 0xe441, 0xe442, 0xe443, 0xe444, 0xe445, 0xe446, 0xe447, 0xe448, 0xe449, 0xe44a, 0xe44b,
    0xe44c, 0xe44d, 0xe44e, 0xe44f, 0xe450, 0xe451, 0xe452, 0xe453, 0xe454, 0xe455, 0xe456, 0xe457, 0xe458, 0xe459, 0xe45a, 0xe45b,
    0xe45c, 0xe45d, 0xe45e, 0xe45f, 0xe460, 0xe461, 0xe462, 0xe463, 0xe464, 0xe465, 0xe466, 0xe467, 0xe468, 0xe469, 0xe46a, 0xe46b,
    0xe46c, 0xe46d, 0xe46e, 0xe46f, 0xe470, 0xe471, 0xe472, 0xe473, 0xe474, 0xe475, 0xe476, 0xe477, 0xe478, 0xe479, 0xe47a, 0xe47b,
    0xe47c, 0xe47d, 0xe47e, 0xe47f, 0xe480, 0xe481, 0xe482, 0xe483, 0xe484, 0xe485, 0xe486, 0xe487, 0xe488, 0xe489, 0xe48a, 0xe48b,
    0xe48c, 0xe48d, 0xe48e, 0xe48f, 0xe490, 0xe491, 0xe492, 0xe493, 0xe494, 0xe495, 0xe496, 0xe497, 0xe498, 0xe499, 0xe49a, 0xe49b,
    0xe49c, 0xe49d, 0xe49e, 0xe49f, 0xe4a0, 0xe4a1, 0xe4a2, 0xe4a3, 0xe4a4, 0xe4a5, 0xe4a6, 0xe4a7, 0xe4a8, 0xe4a9, 0xe4aa, 0xe4ab,
    0xe4ac, 0xe4ad, 0xe4ae, 0xe4af, 0xe4b0, 0xe4b1, 0xe4b2, 0xe4b3, 0xe4b4, 0xe4b5, 0xe4b6, 0xe4b7, 0xe4b8, 0xe4b9, 0xe4ba, 0xe4bb,
    0xe4bc, 0xe4bd, 0xe4be, 0xe4bf, 0xe4c0, 0xe4c1, 0xe4c2, 0xe4c3, 0xe4c4, 0xe4c5, 0xe4c6, 0xe4c7, 0xe4c8, 0xe4c9, 0xe4ca, 0xe4cb,
    0xe4cc, 0xe4cd, 0xe4ce, 0xe4cf, 0xe4d0, 0xe4d1, 0xe4d2, 0xe4d3, 0xe4d4, 0xe4d5, 0xe4d6, 0xe4d7, 0xe4d8, 0xe4d9, 0xe4da, 0xe4db,
    0xe4dc, 0xe4dd, 0xe4de, 0xe4df, 0xe4e0, 0xe4e1, 0xe4e2, 0xe4e3, 0xe4e4, 0xe4e5, 0xe4e6, 0xe4e7, 0xe4e8, 0xe4e9, 0xe4ea, 0xe4eb,
    0xe4ec, 0xe4ed, 0xe4ee, 0xe4ef, 0xe4f0, 0xe4f1, 0xe4f2, 0xe4f3, 0xe4f4, 0xe4f5, 0xe4f6, 0xe4f7, 0xe4f8, 0xe4f9, 0xe4fa, 0xe4fb,
    0xe4fc, 0xe4fd, 0xe4fe, 0xe4ff, 0xe500, 0xe501, 0xe502, 0xe503, 0xe504, 0xe505, 0xe506, 0xe507, 0xe508, 0xe509, 0xe50a, 0xe50b,
    0xe50c, 0xe50d, 0xe50e, 0xe50f, 0xe510, 0xe511, 0xe512, 0xe513, 0xe514, 0xe515, 0xe516, 0xe517, 0xe518, 0xe519, 0xe51a, 0xe51b,
    0xe51c, 0xe51d, 0xe51e, 0xe51f, 0xe520, 0xe521, 0xe522, 0xe523, 0xe524, 0xe525, 0xe526, 0xe527, 0xe528, 0xe529, 0xe52a, 0xe52b,
    0xe52c, 0xe52d, 0xe52e, 0xe52f, 0xe530, 0xe531, 0xe532, 0xe533, 0xe534, 0xe535, 0xe536, 0xe537, 0xe538, 0xe539, 0xe53a, 0xe53b,
    0xe53c, 0xe53d, 0xe53e, 0xe53f, 0xe540, 0xe541, 0xe542, 0xe543, 0xe544, 0xe545, 0xe546, 0xe547, 0xe548, 0xe549, 0xe54a, 0xe54b,
    0xe54c, 0xe54d, 0xe54e, 0xe54f, 0xe550, 0xe551, 0xe552, 0xe553, 0xe554, 0xe555, 0xe556, 0xe557, 0xe558, 0xe559, 0xe55a, 0xe55b,
    0xe55c, 0xe55d, 0xe55e, 0xe55f, 0xe560, 0xe561, 0xe562, 0xe563, 0xe564, 0xe565, 0xe566, 0xe567, 0xe568, 0xe569, 0xe56a, 0xe56b,
    0xe56c, 0xe56d, 0xe56e, 0xe56f, 0xe570, 0xe571, 0xe572, 0xe573, 0xe574, 0xe575, 0xe576, 0xe577, 0xe578, 0xe579, 0xe57a, 0xe57b,
    0xe57c, 0xe57d, 0xe57e, 0xe57f, 0xe580, 0xe581, 0xe582, 0xe583, 0xe584, 0xe585, 0xe586, 0xe587, 0xe588, 0xe589, 0xe58a, 0xe58b,
    0xe58c, 0xe58d, 0xe58e, 0xe58f, 0xe590, 0xe591, 0xe592, 0xe593, 0xe594, 0xe595, 0xe596, 0xe597, 0xe598, 0xe599, 0xe59a, 0xe59b,
    0xe59c, 0xe59d, 0xe59e, 0xe59f, 0xe5a0, 0xe5a1, 0xe5a2, 0xe5a3, 0xe5a4, 0xe5a5, 0xe5a6, 0xe5a7, 0xe5a8, 0xe5a9, 0xe5aa, 0xe5ab,
    0xe5ac, 0xe5ad, 0xe5ae, 0xe5af, 0xe5b0, 0xe5b1, 0xe5b2, 0xe5b3, 0xe5b4, 0xe5b5, 0xe5b6, 0xe5b7, 0xe5b8, 0xe5b9, 0xe5ba, 0xe5bb,
    0xe5bc, 0xe5bd, 0xe5be, 0xe5bf, 0xe5c0, 0xe5c1, 0xe5c2, 0xe5c3, 0xe5c4, 0xe5c5, 0xe5c6, 0xe5c7, 0xe5c8, 0xe5c9, 0xe5ca, 0xe5cb,
    0xe5cc, 0xe5cd, 0xe5ce, 0xe5cf, 0xe5d0, 0xe5d1, 0xe5d2, 0xe5d3, 0xe5d4, 0xe5d5, 0xe5d6, 0xe5d7, 0xe5d8, 0xe5d9, 0xe5da, 0xe5db,
    0xe5dc, 0xe5dd, 0xe5de, 0xe5df, 0xe5e0, 0xe5e1, 0xe5e2, 0xe5e3, 0xe5e4, 0xe5e5, 0xe5e6, 0xe5e7, 0xe5e8, 0xe5e9, 0xe5ea, 0xe5eb,
    0xe5ec, 0xe5ed, 0xe5ee, 0xe5ef, 0xe5f0, 0xe5f1, 0xe5f2, 0xe5f3, 0xe5f4, 0xe5f5, 0xe5f6, 0xe5f7, 0xe5f8, 0xe5f9, 0xe5fa, 0xe5fb,
    0xe5fc, 0xe5fd, 0xe5fe, 0xe5ff, 0xe600, 0xe601, 0xe602, 0xe603, 0xe604, 0xe605, 0xe606, 0xe607, 0xe608, 0xe609, 0xe60a, 0xe60b,
    0xe60c, 0xe60d, 0xe60e, 0xe60f, 0xe610, 0xe611, 0xe612, 0xe613, 0xe614, 0xe615, 0xe616, 0xe617, 0xe618, 0xe619, 0xe61a, 0xe61b,
    0xe61c, 0xe61d, 0xe61e, 0xe61f, 0xe620, 0xe621, 0xe622, 0xe623, 0xe624, 0xe625, 0xe626, 0xe627, 0xe628, 0xe629, 0xe62a, 0xe62b,
    0xe62c, 0xe62d, 0xe62e, 0xe62f, 0xe630, 0xe631, 0xe632, 0xe633, 0xe634, 0xe635, 0xe636, 0xe637, 0xe638, 0xe639, 0xe63a, 0xe63b,
    0xe63c, 0xe63d, 0xe63e, 0xe63f, 0xe640, 0xe641, 0xe642, 0xe643, 0xe644, 0xe645, 0xe646, 0xe647, 0xe648, 0xe649, 0xe64a, 0xe64b,
    0xe64c, 0xe64d, 0xe64e, 0xe64f, 0xe650, 0xe651, 0xe652, 0xe653, 0xe654, 0xe655, 0xe656, 0xe657, 0xe658, 0xe659, 0xe65a, 0xe65b,
    0xe65c, 0xe65d, 0xe65e, 0xe65f, 0xe660, 0xe661, 0xe662, 0xe663, 0xe664, 0xe665, 0xe666, 0xe667, 0xe668, 0xe669, 0xe66a, 0xe66b,
    0xe66c, 0xe66d, 0xe66e, 0xe66f, 0xe670, 0xe671, 0xe672, 0xe673, 0xe674, 0xe675, 0xe676, 0xe677, 0xe678, 0xe679, 0xe67a, 0xe67b,
    0xe67c, 0xe67d, 0xe67e, 0xe67f, 0xe680, 0xe681, 0xe682, 0xe683, 0xe684, 0xe685, 0xe686, 0xe687, 0xe688, 0xe689, 0xe68a, 0xe68b,
    0xe68c, 0xe68d, 0xe68e, 0xe68f, 0xe690, 0xe691, 0xe692, 0xe693, 0xe694, 0xe695, 0xe696, 0xe697, 0xe698, 0xe699, 0xe69a, 0xe69b,
    0xe69c, 0xe69d, 0xe69e, 0xe69f, 0xe6a0, 0xe6a1, 0xe6a2, 0xe6a3, 0xe6a4, 0xe6a5, 0xe6a6, 0xe6a7, 0xe6a8, 0xe6a9, 0xe6aa, 0xe6ab,
    0xe6ac, 0xe6ad, 0xe6ae, 0xe6af, 0xe6b0, 0xe6b1, 0xe6b2, 0xe6b3, 0xe6b4, 0xe6b5, 0xe6b6, 0xe6b7, 0xe6b8, 0xe6b9, 0xe6ba, 0xe6bb,
    0xe6bc, 0xe6bd, 0xe6be, 0xe6bf, 0xe6c0, 0xe6c1, 0xe6c2, 0xe6c3, 0xe6c4, 0xe6c5, 0xe6c6, 0xe6c7, 0xe6c8, 0xe6c9, 0xe6ca, 0xe6cb,
    0xe6cc, 0xe6cd, 0xe6ce, 0xe6cf, 0xe6d0, 0xe6d1, 0xe6d2, 0xe6d3, 0xe6d4, 0xe6d5, 0xe6d6, 0xe6d7, 0xe6d8, 0xe6d9, 0xe6da, 0xe6db,
    0xe6dc, 0xe6dd, 0xe6de, 0xe6df, 0xe6e0, 0xe6e1, 0xe6e2, 0xe6e3, 0xe6e4, 0xe6e5, 0xe6e6, 0xe6e7, 0xe6e8, 0xe6e9, 0xe6ea, 0xe6eb,
    0xe6ec, 0xe6ed, 0xe6ee, 0xe6ef, 0xe6f0, 0xe6f1, 0xe6f2, 0xe6f3, 0xe6f4, 0xe6f5, 0xe6f6, 0xe6f7, 0xe6f8, 0xe6f9, 0xe6fa, 0xe6fb,
    0xe6fc, 0xe6fd, 0xe6fe, 0xe6ff, 0xe700, 0xe701, 0xe702, 0xe703, 0xe704, 0xe705, 0xe706, 0xe707, 0xe708, 0xe709, 0xe70a, 0xe70b,
    0xe70c, 0xe70d, 0xe70e, 0xe70f, 0xe710, 0xe711, 0xe712, 0xe713, 0xe714, 0xe715, 0xe716, 0xe717, 0xe718, 0xe719, 0xe71a, 0xe71b,
    0xe71c, 0xe71d, 0xe71e, 0xe71f, 0xe720, 0xe721, 0xe722, 0xe723, 0xe724, 0xe725, 0xe726, 0xe727, 0xe728, 0xe729, 0xe72a, 0xe72b,
    0xe72c, 0xe72d, 0xe72e, 0xe72f, 0xe730, 0xe731, 0xe732, 0xe733, 0xe734, 0xe735, 0xe736, 0xe737, 0xe738, 0xe739, 0xe73a, 0xe73b,
    0xe73c, 0xe73d, 0xe73e, 0xe73f, 0xe740, 0xe741, 0xe742, 0xe743, 0xe744, 0xe745, 0xe746, 0xe747, 0xe748, 0xe749, 0xe74a, 0xe74b,
    0xe74c, 0xe74d, 0xe74e, 0xe74f, 0xe750, 0xe751, 0xe752, 0xe753, 0xe754, 0xe755, 0xe756, 0xe757, 0xf843, 0xf844, 0xf845, 0xf846,
    0xf847, 0xf848, 0xf849, 0xf84a, 0xf84b, 0xf84c, 0xf84d, 0xf84e, 0xf84f, 0xf850, 0xf851, 0xf852, 0xf853, 0xf854, 0xf855, 0xf856,
    0xf857, 0xf858, 0xf859, 0xf85a, 0xf85b, 0xf85c, 0xf85d, 0xf85e, 0xf85f, 0xf860, 0xf861, 0xf862, 0xf863, 0xf864, 0xf865, 0xf866,
    0xf867, 0xf868, 0xf869, 0xf86a, 0xf86b, 0xf86c, 0xf86d, 0xf86e, 0xf900, 0xf901, 0xf902, 0xf903, 0xf904, 0xf905, 0xf906, 0xf907,
    0xf908, 0xf909, 0xf90a, 0xf90b, 0xf90c, 0xf90d, 0xf90e, 0xf90f, 0xf910, 0xf911, 0xf912, 0xf913, 0xf914, 0xf915, 0xf916, 0xf917,
    0xf918, 0xf919, 0xf91a, 0xf91b, 0xf91c, 0xf91d, 0xf91e, 0xf91f, 0xf920, 0xf921, 0xf922, 0xf923, 0xf924, 0xf925, 0xf926, 0xf927,
    0xf928, 0xf929, 0xf92a, 0xf92b, 0xf92c, 0xf92d, 0xf92e, 0xf92f, 0xf930, 0xf931, 0xf932, 0xf933, 0xf934, 0xf935, 0xf936, 0xf937,
    0xf938, 0xf939, 0xf93a, 0xf93b, 0xf93c, 0xf93d, 0xf93e, 0xf93f, 0xf940, 0xf941, 0xf942, 0xf943, 0xf944, 0xf945, 0xf946, 0xf947,
    0xf948, 0xf949, 0xf94a, 0xf94b, 0xf94c, 0xf94d, 0xf94e, 0xf94f, 0xf950, 0xf951, 0xf952, 0xf953, 0xf954, 0xf955, 0xf956, 0xf957,
    0xf958, 0xf959, 0xf95a, 0xf95b, 0xf95c, 0xf95d, 0xf95e, 0xf95f, 0xf960, 0xf961, 0xf962, 0xf963, 0xf964, 0xf965, 0xf966, 0xf967,
    0xf968, 0xf969, 0xf96a, 0xf96b, 0xf96c, 0xf96d, 0xf96e, 0xf96f, 0xf970, 0xf971, 0xf972, 0xf973, 0xf974, 0xf975, 0xf976, 0xf977,
    0xf978, 0xf979, 0xf97a, 0xf97b, 0xf97c, 0xf97d, 0xf97e, 0xf97f, 0xf980, 0xf981, 0xf982, 0xf983, 0xf984, 0xf985, 0xf986, 0xf987,
    0xf988, 0xf989, 0xf98a, 0xf98b, 0xf98c, 0xf98d, 0xf98e, 0xf98f, 0xf990, 0xf991, 0xf992, 0xf993, 0xf994, 0xf995, 0xf996, 0xf997,
    0xf998, 0xf999, 0xf99a, 0xf99b, 0xf99c, 0xf99d, 0xf99e, 0xf99f, 0xf9a0, 0xf9a1, 0xf9a2, 0xf9a3, 0xf9a4, 0xf9a5, 0xf9a6, 0xf9a7,
    0xf9a8, 0xf9a9, 0xf9aa, 0xf9ab, 0xf9ac, 0xf9ad, 0xf9ae, 0xf9af, 0xf9b0, 0xf9b1, 0xf9b2, 0xf9b3, 0xf9b4, 0xf9b5, 0xf9b6, 0xf9b7,
    0xf9b8, 0xf9b9, 0xf9ba, 0xf9bb, 0xf9bc, 0xf9bd, 0xf9be, 0xf9bf, 0xf9c0, 0xf9c1, 0xf9c2, 0xf9c3, 0xf9c4, 0xf9c5, 0xf9c6, 0xf9c7,
    0xf9c8, 0xf9c9, 0xf9ca, 0xf9cb, 0xf9cc, 0xf9cd, 0xf9ce, 0xf9cf, 0xf9d0, 0xf9d1, 0xf9d2, 0xf9d3, 0xf9d4, 0xf9d5, 0xf9d6, 0xf9d7,
    0xf9d8, 0xf9d9, 0xf9da, 0xf9db, 0xf9dc, 0xf9dd, 0xf9de, 0xf9df, 0xf9e0, 0xf9e1, 0xf9e2, 0xf9e3, 0xf9e4, 0xf9e5, 0xf9e6, 0xf9e7,
    0xf9e8, 0xf9e9, 0xf9ea, 0xf9eb, 0xf9ec, 0xf9ed, 0xf9ee, 0xf9ef, 0xf9f0, 0xf9f1, 0xf9f2, 0xf9f3, 0xf9f4, 0xf9f5, 0xf9f6, 0xf9f7,
    0xf9f8, 0xf9f9, 0xf9fa, 0xf9fb, 0xf9fc, 0xf9fd, 0xf9fe, 0xf9ff, 0xfa00, 0xfa01, 0xfa02, 0xfa03, 0xfa04, 0xfa05, 0xfa06, 0xfa07,
    0xfa08, 0xfa09, 0xfa0a, 0xfa0b, 0xff01, 0xff02, 0xff03, 0xff04, 0xff05, 0xff06, 0xff07, 0xff08, 0xff09, 0xff0a, 0xff0b, 0xff0c,
    0xff0d, 0xff0e, 0xff0f, 0xff10, 0xff11, 0xff12, 0xff13, 0xff14, 0xff15, 0xff16, 0xff17, 0xff18, 0xff19, 0xff1a, 0xff1b, 0xff1c,
    0xff1d, 0xff1e, 0xff1f, 0xff20, 0xff21, 0xff22, 0xff23, 0xff24, 0xff25, 0xff26, 0xff27, 0xff28, 0xff29, 0xff2a, 0xff2b, 0xff2c,
    0xff2d, 0xff2e, 0xff2f, 0xff30, 0xff31, 0xff32, 0xff33, 0xff34, 0xff35, 0xff36, 0xff37, 0xff38, 0xff39, 0xff3a, 0xff3b, 0xff3c,
    0xff3d, 0xff3e, 0xff3f, 0xff40, 0xff41, 0xff42, 0xff43, 0xff44, 0xff45, 0xff46, 0xff47, 0xff48, 0xff49, 0xff4a, 0xff4b, 0xff4c,
    0xff4d, 0xff4e, 0xff4f, 0xff50, 0xff51, 0xff52, 0xff53, 0xff54, 0xff55, 0xff56, 0xff57, 0xff58, 0xff59, 0xff5a, 0xff5b, 0xff5c,
    0xff5d, 0xffa0, 0xffa1, 0xffa2, 0xffa3, 0xffa4, 0xffa5, 0xffa6, 0xffa7, 0xffa8, 0xffa9, 0xffaa, 0xffab, 0xffac, 0xffad, 0xffae,
    0xffaf, 0xffb0, 0xffb1, 0xffb2, 0xffb3, 0xffb4, 0xffb5, 0xffb6, 0xffb7, 0xffb8, 0xffb9, 0xffba, 0xffbb, 0xffbc, 0xffbd, 0xffbe,
    0xffc2, 0xffc3, 0xffc4, 0xffc5, 0xffc6, 0xffc7, 0xffca, 0xffcb, 0xffcc, 0xffcd, 0xffce, 0xffcf, 0xffd2, 0xffd3, 0xffd4, 0xffd5,
    0xffd6, 0xffd7, 0xffda, 0xffdb, 0xffdc, 0xffe0, 0xffe1, 0xffe2, 0xffe3, 0xffe4, 0xffe5, 0xffe6,
];
pub static ENC_POS: [u16; 10972] = [
    0x0000, 0x0001, 0x0002, 0x0003, 0x0037, 0x002d, 0x002e, 0x002f, 0x0016, 0x0005, 0x0025, 0x000b, 0x000c, 0x000d, 0x0010, 0x0011,
    0x0012, 0x0013, 0x003c, 0x003d, 0x0032, 0x0026, 0x0018, 0x0019, 0x003f, 0x0027, 0x001c, 0x001d, 0x001e, 0x001f, 0x0040, 0x005a,
    0x007f, 0x007b, 0x005b, 0x006c, 0x0050, 0x007d, 0x004d, 0x005d, 0x005c, 0x004e, 0x006b, 0x0060, 0x004b, 0x0061, 0x00f0, 0x00f1,
    0x00f2, 0x00f3, 0x00f4, 0x00f5, 0x00f6, 0x00f7, 0x00f8, 0x00f9, 0x007a, 0x005e, 0x004c, 0x007e, 0x006e, 0x006f, 0x007c, 0x00c1,
    0x00c2, 0x00c3, 0x00c4, 0x00c5, 0x00c6, 0x00c7, 0x00c8, 0x00c9, 0x00d1, 0x00d2, 0x00d3, 0x00d4, 0x00d5, 0x00d6, 0x00d7, 0x00d8,
    0x00d9, 0x00e2, 0x00e3, 0x00e4, 0x00e5, 0x00e6, 0x00e7, 0x00e8, 0x00e9, 0x0070, 0x00b2, 0x0080, 0x00b0, 0x006d, 0x0079, 0x0081,
    0x0082, 0x0083, 0x0084, 0x0085, 0x0086, 0x0087, 0x0088, 0x0089, 0x0091, 0x0092, 0x0093, 0x0094, 0x0095, 0x0096, 0x0097, 0x0098,
    0x0099, 0x00a2, 0x00a3, 0x00a4, 0x00a5, 0x00a6, 0x00a7, 0x00a8, 0x00a9, 0x00c0, 0x004f, 0x00d0, 0x00a1, 0x0007, 0x0020, 0x0021,
    0x0022, 0x0023, 0x0024, 0x0015, 0x0006, 0x0017, 0x0028, 0x0029, 0x002a, 0x002b, 0x002c, 0x0009, 0x000a, 0x001b, 0x0030, 0x0031,
    0x001a, 0x0033, 0x0034, 0x0035, 0x0036, 0x0008, 0x0038, 0x0039, 0x003a, 0x003b, 0x0004, 0x0014, 0x003e, 0x00ff, 0x07d3, 0x004a,
    0x07d9, 0x006a, 0x01f5, 0x01c5, 0x0938, 0x005f, 0x01e4, 0x01dc, 0x09eb, 0x09ec, 0x07ca, 0x07f7, 0x07d1, 0x09ea, 0x0941, 0x098e,
    0x098b, 0x098f, 0x07d4, 0x0936, 0x0937, 0x01dd, 0x093f, 0x0942, 0x09a0, 0x0995, 0x0997, 0x01de, 0x099e, 0x09a1, 0x0996, 0x0939,
    0x0998, 0x0999, 0x093b, 0x099a, 0x099b, 0x093d, 0x099c, 0x093e, 0x099d, 0x09a4, 0x0944, 0x09a3, 0x0940, 0x099f, 0x0943, 0x09a2,
    0x01df, 0x080b, 0x07cc, 0x07d5, 0x07cd, 0x07d0, 0x07cf, 0x07d2, 0x07cb, 0x07ce, 0x059b, 0x059c, 0x059d, 0x059e, 0x059f, 0x05a0,
    0x05a1, 0x05a2, 0x05a3, 0x05a4, 0x05a5, 0x05a6, 0x05a7, 0x05a8, 0x05a9, 0x05aa, 0x05ab, 0x05ac, 0x05ad, 0x05ae, 0x05af, 0x05b0,
    0x05b1, 0x05b2, 0x05bb, 0x05bc, 0x05bd, 0x05be, 0x05bf, 0x05c0, 0x05c1, 0x05c2, 0x05c3, 0x05c4, 0x05c5, 0x05c6, 0x05c7, 0x05c8,
    0x05c9, 0x05ca, 0x05cb, 0x05cc, 0x05cd, 0x05ce, 0x05cf, 0x05d0, 0x05d1, 0x05d2, 0x087d, 0x0877, 0x0878, 0x0879, 0x087a, 0x087b,
    0x087c, 0x087e, 0x087f, 0x0880, 0x0881, 0x0882, 0x0883, 0x0884, 0x0885, 0x0886, 0x0887, 0x0888, 0x0889, 0x088a, 0x088b, 0x088c,
    0x088d, 0x088e, 0x088f, 0x0890, 0x0891, 0x0892, 0x0893, 0x0894, 0x0895, 0x0896, 0x0897, 0x0898, 0x0899, 0x089a, 0x089b, 0x089c,
    0x089d, 0x089f, 0x08a0, 0x08a1, 0x08a2, 0x08a3, 0x08a4, 0x08a5, 0x08a6, 0x08a7, 0x08a8, 0x08a9, 0x08aa, 0x08ab, 0x08ac, 0x08ad,
    0x08ae, 0x08af, 0x08b0, 0x08b1, 0x08b2, 0x08b3, 0x08b4, 0x08b5, 0x08b6, 0x08b7, 0x08b8, 0x089e, 0x01c7, 0x01c8, 0x01cc, 0x01cd,
    0x01ce, 0x01cf, 0x07f8, 0x07f9, 0x01c3, 0x01c4, 0x07db, 0x01e5, 0x01e6, 0x01f6, 0x00a0, 0x09ed, 0x09ee, 0x09ef, 0x09f0, 0x09f1,
    0x09f2, 0x00e0, 0x01e7, 0x07da, 0x01ee, 0x0805, 0x080a, 0x0807, 0x0728, 0x01e8, 0x020f, 0x098c, 0x098d, 0x0990, 0x0991, 0x0992,
    0x0993, 0x058a, 0x058b, 0x058c, 0x058d, 0x058e, 0x058f, 0x0590, 0x0591, 0x0592, 0x0593, 0x057b, 0x057c, 0x057d, 0x057e, 0x057f,
    0x0580, 0x0581, 0x0582, 0x0583, 0x0584, 0x0205, 0x0206, 0x0204, 0x0207, 0x0208, 0x07fa, 0x07fd, 0x07fb, 0x07fe, 0x07fc, 0x07c6,
    0x07c7, 0x07c8, 0x0215, 0x07c9, 0x0216, 0x07bc, 0x07bd, 0x07d8, 0x07d7, 0x021b, 0x07b8, 0x01e2, 0x0212, 0x01c9, 0x07c4, 0x07c5,
    0x07c3, 0x07c2, 0x07ba, 0x07bb, 0x07d6, 0x01e3, 0x07b9, 0x021c, 0x0218, 0x020c, 0x0217, 0x020d, 0x020e, 0x01e0, 0x01e1, 0x0219,
    0x021a, 0x07c0, 0x07c1, 0x07be, 0x07bf, 0x0213, 0x0214, 0x097c, 0x097d, 0x097e, 0x097f, 0x0980, 0x0981, 0x0982, 0x0983, 0x0984,
    0x0985, 0x0986, 0x0987, 0x0988, 0x0989, 0x098a, 0x09db, 0x09dc, 0x09dd, 0x09de, 0x09df, 0x09e0, 0x09e1, 0x09e2, 0x09e3, 0x09e4,
    0x09e5, 0x09e6, 0x09e7, 0x09e8, 0x09e9, 0x09c1, 0x09c2, 0x09c3, 0x09c4, 0x09c5, 0x09c6, 0x09c7, 0x09c8, 0x09c9, 0x09ca, 0x09cb,
    0x09cc, 0x09cd, 0x09ce, 0x09cf, 0x09d0, 0x09d1, 0x09d2, 0x09d3, 0x09d4, 0x09d5, 0x09d6, 0x09d7, 0x09d8, 0x09d9, 0x09da, 0x0962,
    0x0963, 0x0964, 0x0965, 0x0966, 0x0967, 0x0968, 0x0969, 0x096a, 0x096b, 0x096c, 0x096d, 0x096e, 0x096f, 0x0970, 0x0971, 0x0972,
    0x0973, 0x0974, 0x0975, 0x0976, 0x0977, 0x0978, 0x0979, 0x097a, 0x097b, 0x063a, 0x0645, 0x063b, 0x0646, 0x063c, 0x0661, 0x0660,
    0x0647, 0x063d, 0x065b, 0x065a, 0x0648, 0x063f, 0x065f, 0x065e, 0x064a, 0x063e, 0x065d, 0x065c, 0x0649, 0x0640, 0x0655, 0x0662,
    0x0663, 0x0650, 0x0664, 0x0665, 0x064b, 0x0642, 0x0657, 0x0666, 0x0667, 0x0652, 0x0668, 0x0669, 0x064d, 0x0641, 0x066a, 0x066b,
    0x0651, 0x0656, 0x066c, 0x066d, 0x064c, 0x0643, 0x066e, 0x066f, 0x0653, 0x0658, 0x0670, 0x0671, 0x064e, 0x0644, 0x0672, 0x0673,
    0x0654, 0x0674, 0x0675, 0x0659, 0x0676, 0x0677, 0x0678, 0x0679, 0x067a, 0x067b, 0x067c, 0x067d, 0x064f, 0x07eb, 0x01ff, 0x01fe,
    0x07e8, 0x07ec, 0x07ed, 0x07f0, 0x07ef, 0x07ee, 0x07f1, 0x0201, 0x0200, 0x07df, 0x07de, 0x0203, 0x0202, 0x07dd, 0x07dc, 0x01fd,
    0x01fc, 0x07e7, 0x07e6, 0x01f9, 0x01fb, 0x01fa, 0x07e9, 0x07ea, 0x01f8, 0x01f7, 0x07f4, 0x07f3, 0x07f5, 0x07f6, 0x0211, 0x0210,
    0x07e1, 0x07e2, 0x07e5, 0x07e0, 0x07e3, 0x07e4, 0x07f2, 0x0800, 0x0801, 0x0802, 0x07ff, 0x0100, 0x01c0, 0x01c1, 0x01c6, 0x01d2,
    0x01d3, 0x01d4, 0x01d5, 0x01d6, 0x01d7, 0x01d8, 0x01d9, 0x01da, 0x01db, 0x0209, 0x01d0, 0x01d1, 0x02df, 0x03fd, 0x03fe, 0x03ff,
    0x0400, 0x0401, 0x0402, 0x0403, 0x0404, 0x0405, 0x0406, 0x0407, 0x0408, 0x0409, 0x040a, 0x040b, 0x040c, 0x040d, 0x040e, 0x040f,
    0x0410, 0x0411, 0x0412, 0x0413, 0x0414, 0x0415, 0x0416, 0x0417, 0x0418, 0x0419, 0x041a, 0x041b, 0x041c, 0x041d, 0x041e, 0x041f,
    0x0420, 0x0421, 0x0422, 0x0423, 0x0424, 0x0425, 0x0426, 0x0427, 0x0428, 0x0429, 0x042a, 0x042b, 0x042c, 0x042d, 0x042e, 0x042f,
    0x0430, 0x0431, 0x0432, 0x0433, 0x0434, 0x0435, 0x0436, 0x0437, 0x0438, 0x0439, 0x043a, 0x043b, 0x043c, 0x043d, 0x043e, 0x043f,
    0x0440, 0x0441, 0x0442, 0x0443, 0x0444, 0x0445, 0x0446, 0x0447, 0x0448, 0x0449, 0x044a, 0x044b, 0x044c, 0x044d, 0x044e, 0x044f,
    0x04bc, 0x04bd, 0x04be, 0x04bf, 0x04c0, 0x04c1, 0x04c2, 0x04c3, 0x04c4, 0x04c5, 0x04c6, 0x04c7, 0x04c8, 0x04c9, 0x04ca, 0x04cb,
    0x04cc, 0x04cd, 0x04ce, 0x04cf, 0x04d0, 0x04d1, 0x04d2, 0x04d3, 0x04d4, 0x04d5, 0x04d6, 0x04d7, 0x04d8, 0x04d9, 0x04da, 0x04db,
    0x04dc, 0x04dd, 0x04de, 0x04df, 0x04e0, 0x04e1, 0x04e2, 0x04e3, 0x04e4, 0x04e5, 0x04e6, 0x04e7, 0x04e8, 0x04e9, 0x04ea, 0x04eb,
    0x04ec, 0x04ed, 0x04ee, 0x04ef, 0x04f0, 0x04f1, 0x04f2, 0x04f3, 0x04f4, 0x04f5, 0x04f6, 0x04f7, 0x04f8, 0x04f9, 0x04fa, 0x04fb,
    0x04fc, 0x04fd, 0x04fe, 0x04ff, 0x0500, 0x0501, 0x0502, 0x0503, 0x0504, 0x0505, 0x0506, 0x0507, 0x0508, 0x0509, 0x050a, 0x050b,
    0x050c, 0x050d, 0x050e, 0x050f, 0x0510, 0x0511, 0x01c2, 0x36b9, 0x39b5, 0x33c0, 0x3cb1, 0x33c2, 0x33c3, 0x3fad, 0x42a9, 0x45a5,
    0x33c6, 0x33c7, 0x33c8, 0x33c9, 0x33ca, 0x33cb, 0x33cc, 0x48a1, 0x4b9d, 0x4e99, 0x33d0, 0x5195, 0x5491, 0x578d, 0x5a89, 0x5d85,
    0x6081, 0x637d, 0x6679, 0x6975, 0x6c71, 0x33dd, 0x33fd, 0x341d, 0x343d, 0x345d, 0x347c, 0x349c, 0x34bc, 0x34dc, 0x34fc, 0x351c,
    0x353b, 0x355b, 0x357b, 0x359b, 0x35bb, 0x35db, 0x35fa, 0x361a, 0x363a, 0x365a, 0x33bd, 0x033e, 0x033f, 0x0340, 0x0341, 0x0342,
    0x0343, 0x0344, 0x0345, 0x0346, 0x0347, 0x0348, 0x0349, 0x034a, 0x034b, 0x034c, 0x034d, 0x034e, 0x034f, 0x0350, 0x0351, 0x0352,
    0x0353, 0x0354, 0x0355, 0x0356, 0x0357, 0x0358, 0x0359, 0x035a, 0x035b, 0x035c, 0x035d, 0x035e, 0x035f, 0x0360, 0x0361, 0x0362,
    0x0363, 0x0364, 0x0365, 0x0366, 0x0367, 0x09a5, 0x09a6, 0x09a7, 0x09a8, 0x09a9, 0x09aa, 0x09ab, 0x09ac, 0x09ad, 0x09ae, 0x09af,
    0x09b0, 0x09b1, 0x09b2, 0x09b3, 0x09b4, 0x09b5, 0x09b6, 0x09b7, 0x09b8, 0x09b9, 0x09ba, 0x09bb, 0x09bc, 0x09bd, 0x09be, 0x09bf,
    0x09c0, 0x0804, 0x0946, 0x0947, 0x0948, 0x0949, 0x094a, 0x094b, 0x094c, 0x094d, 0x094e, 0x094f, 0x0950, 0x0951, 0x0952, 0x0953,
    0x0954, 0x0955, 0x0956, 0x0957, 0x0958, 0x0959, 0x095a, 0x095b, 0x095c, 0x095d, 0x095e, 0x095f, 0x0960, 0x0961, 0x0803, 0x0718,
    0x0719, 0x071a, 0x071b, 0x071c, 0x0709, 0x070a, 0x072b, 0x072c, 0x072d, 0x0707, 0x01f3, 0x01f4, 0x0723, 0x0724, 0x0725, 0x0726,
    0x0727, 0x06f9, 0x01ec, 0x01ed, 0x06fa, 0x06ff, 0x0700, 0x0701, 0x01f0, 0x01f1, 0x01f2, 0x0702, 0x0703, 0x0704, 0x0705, 0x06fb,
    0x06fc, 0x06fd, 0x06fe, 0x070c, 0x070d, 0x0734, 0x0735, 0x0736, 0x0737, 0x0730, 0x0731, 0x0732, 0x070e, 0x070f, 0x0710, 0x0711,
    0x0712, 0x0713, 0x0714, 0x0715, 0x0716, 0x0717, 0x071d, 0x071e, 0x071f, 0x0720, 0x0721, 0x0722, 0x0729, 0x072a, 0x0808, 0x073b,
    0x01ef, 0x072f, 0x073e, 0x0806, 0x070b, 0x073c, 0x0706, 0x0708, 0x0739, 0x073a, 0x072e, 0x0809, 0x0733, 0x073d, 0x0738, 0x1889,
    0x197c, 0x1c0c, 0x1fc5, 0x18d5, 0x143e, 0x144c, 0x1d04, 0x1ff1, 0x1bbe, 0x1abf, 0x13a9, 0x14ef, 0x0e9d, 0x1319, 0x15a3, 0x1a54,
    0x134c, 0x1f11, 0x1e01, 0x0fc3, 0x1a19, 0x209b, 0x0f9c, 0x0e9e, 0x1a6a, 0x13eb, 0x1db1, 0x1d02, 0x0e76, 0x15a4, 0x183e, 0x0e9f,
    0x0d8d, 0x165c, 0x0d2b, 0x1044, 0x17f5, 0x134b, 0x143c, 0x0d83, 0x1086, 0x1133, 0x16a6, 0x13ec, 0x185e, 0x179e, 0x20d5, 0x17b5,
    0x1db2, 0x1712, 0x197d, 0x0f41, 0x13ed, 0x1602, 0x11c3, 0x1d38, 0x0e83, 0x1d48, 0x16ad, 0x1d9c, 0x1d61, 0x0db8, 0x197e, 0x10ae,
    0x1f8a, 0x187a, 0x15fd, 0x187b, 0x1bea, 0x135d, 0x0ea0, 0x0f2e, 0x0d5e, 0x1899, 0x189c, 0x13ee, 0x1c1c, 0x18d6, 0x135e, 0x14a9,
    0x1046, 0x187c, 0x1b2b, 0x0ff9, 0x10f2, 0x185f, 0x163b, 0x1a55, 0x0d84, 0x0d5f, 0x1891, 0x0f45, 0x1d39, 0x1860, 0x1f2b, 0x1713,
    0x0f46, 0x1339, 0x12f0, 0x1e6d, 0x12dd, 0x128e, 0x10f3, 0x15d7, 0x13f0, 0x13ef, 0x0cf1, 0x2133, 0x0fc4, 0x1912, 0x1cbd, 0x17dd,
    0x1911, 0x1a1a, 0x1a13, 0x1794, 0x1d05, 0x16a7, 0x211c, 0x139c, 0x18ba, 0x0ea1, 0x0fa9, 0x1c93, 0x1670, 0x12de, 0x0cf2, 0x0f82,
    0x2134, 0x188a, 0x13f2, 0x2037, 0x1edd, 0x215d, 0x10a8, 0x1bef, 0x1f15, 0x1104, 0x15ad, 0x1a1b, 0x17f7, 0x1fba, 0x2162, 0x0e31,
    0x184d, 0x1207, 0x1e4a, 0x1c0f, 0x10bd, 0x1ca4, 0x0de3, 0x1b8a, 0x1603, 0x20a2, 0x1a42, 0x19c5, 0x20c1, 0x1efd, 0x21a6, 0x151d,
    0x1170, 0x11ed, 0x1329, 0x2003, 0x1d8e, 0x15d8, 0x1537, 0x1ff2, 0x0ea2, 0x12ca, 0x1cdf, 0x134d, 0x2053, 0x131a, 0x10b0, 0x1af2,
    0x0d60, 0x12cb, 0x1fd6, 0x100c, 0x1d5d, 0x1e4b, 0x184e, 0x216a, 0x1efe, 0x1ac0, 0x1af1, 0x12af, 0x1bf0, 0x0eec, 0x1a02, 0x1ef0,
    0x16fe, 0x115a, 0x1c27, 0x1759, 0x165d, 0x1696, 0x0cf3, 0x0d97, 0x17de, 0x1ca5, 0x1d49, 0x1a1c, 0x197f, 0x0d85, 0x14c8, 0x1beb,
    0x1980, 0x1795, 0x1c71, 0x0e77, 0x135f, 0x12b0, 0x0d8e, 0x142f, 0x13aa, 0x1ba0, 0x1781, 0x1714, 0x1942, 0x0ea3, 0x1b08, 0x144d,
    0x0db9, 0x1140, 0x0f1c, 0x1b47, 0x14aa, 0x144e, 0x0e84, 0x133a, 0x1e8a, 0x1134, 0x17df, 0x1760, 0x15a5, 0x1ae7, 0x0cf4, 0x12ff,
    0x13f3, 0x184f, 0x1a43, 0x1691, 0x1eff, 0x0d90, 0x17f8, 0x144f, 0x112a, 0x1796, 0x1913, 0x1fa5, 0x0f89, 0x169d, 0x1735, 0x1829,
    0x17c3, 0x1da0, 0x1bcf, 0x19c7, 0x1e77, 0x14a8, 0x0e67, 0x0f15, 0x1c4c, 0x11ee, 0x1c61, 0x1604, 0x0fee, 0x1058, 0x0f42, 0x1898,
    0x0f9d, 0x1943, 0x10af, 0x17f9, 0x1c90, 0x0e32, 0x1157, 0x1daa, 0x0e33, 0x131b, 0x0f47, 0x0ea4, 0x1944, 0x0db2, 0x0f48, 0x2054,
    0x1b12, 0x18fd, 0x120e, 0x11f0, 0x1785, 0x0e52, 0x11fb, 0x11eb, 0x1047, 0x1bd0, 0x165e, 0x10aa, 0x10e5, 0x1b17, 0x1a44, 0x10b1,
    0x19c6, 0x1169, 0x1048, 0x1167, 0x1fbb, 0x1849, 0x1e95, 0x12f4, 0x1e18, 0x0d61, 0x1e75, 0x1b3e, 0x1761, 0x1bcd, 0x1d28, 0x100d,
    0x187d, 0x1389, 0x1968, 0x16ff, 0x0d17, 0x124c, 0x1d9d, 0x10e7, 0x1b6e, 0x1c89, 0x1314, 0x1171, 0x1430, 0x0e63, 0x100e, 0x1af3,
    0x19ab, 0x152f, 0x0eed, 0x1ae3, 0x189d, 0x0d0b, 0x1b63, 0x1c08, 0x1429, 0x0f16, 0x108f, 0x1945, 0x1b1c, 0x1360, 0x0d4d, 0x1279,
    0x2016, 0x189b, 0x1946, 0x1361, 0x1d26, 0x1af4, 0x1ce0, 0x2171, 0x1e3d, 0x0f17, 0x1300, 0x114b, 0x0d91, 0x19ac, 0x1ef7, 0x10d2,
    0x0e34, 0x0cf5, 0x10e6, 0x1f27, 0x19c8, 0x0fac, 0x0d95, 0x1d5b, 0x0dba, 0x12a5, 0x1c09, 0x1782, 0x11ef, 0x0dbb, 0x1166, 0x1049,
    0x20ce, 0x0d35, 0x1237, 0x21cf, 0x15a9, 0x1108, 0x1208, 0x14f0, 0x192c, 0x0f1d, 0x1e56, 0x10be, 0x0eee, 0x18bb, 0x1f25, 0x0ea5,
    0x1256, 0x1cbe, 0x1e76, 0x1cbf, 0x1cc0, 0x133b, 0x13ab, 0x1ded, 0x1388, 0x15ae, 0x18d7, 0x0e68, 0x0d46, 0x13ac, 0x21c4, 0x1cfa,
    0x0fbf, 0x0ea6, 0x15fe, 0x1b2c, 0x2121, 0x15a6, 0x1715, 0x1e62, 0x128f, 0x1fc6, 0x13ad, 0x19ff, 0x1c28, 0x1d8f, 0x0f95, 0x127a,
    0x133c, 0x130a, 0x1970, 0x0e73, 0x14c9, 0x122c, 0x187e, 0x17e0, 0x0d0c, 0x1087, 0x0eef, 0x1a59, 0x0dbc, 0x1652, 0x1643, 0x1172,
    0x1e4c, 0x17c4, 0x217f, 0x0ef4, 0x219c, 0x16dc, 0x0d75, 0x1ae8, 0x1797, 0x1ac2, 0x0f39, 0x1798, 0x1290, 0x1575, 0x1bd9, 0x1538,
    0x1291, 0x1539, 0x1700, 0x1b96, 0x0ea7, 0x0dfc, 0x0ea8, 0x0dfb, 0x1a6b, 0x0f02, 0x14f8, 0x1c91, 0x0cf6, 0x1c4d, 0x1aa9, 0x13f4,
    0x1799, 0x13f5, 0x179a, 0x1e7f, 0x0d0d, 0x1d32, 0x0f83, 0x212f, 0x104a, 0x11fc, 0x1e4d, 0x1173, 0x1c62, 0x1d62, 0x0ee1, 0x1189,
    0x183f, 0x1cb3, 0x1362, 0x1ff7, 0x1d29, 0x1716, 0x1e86, 0x1bda, 0x124d, 0x1e4e, 0x1727, 0x10bf, 0x1981, 0x0dfd, 0x1c36, 0x1a1f,
    0x1a1e, 0x0dfe, 0x1258, 0x0cf7, 0x15d9, 0x1db4, 0x11fa, 0x1914, 0x1043, 0x1cc1, 0x1df4, 0x0ea9, 0x1ff3, 0x2183, 0x189e, 0x1a6c,
    0x0e85, 0x1d4a, 0x1d2a, 0x187f, 0x164e, 0x1cec, 0x1de5, 0x1d33, 0x18fe, 0x17c5, 0x0cf8, 0x1b6f, 0x0e1f, 0x1e40, 0x1b40, 0x1cc2,
    0x0dbd, 0x1c94, 0x13f7, 0x2153, 0x1fbc, 0x0ff2, 0x1fc7, 0x17fb, 0x1af5, 0x2041, 0x1c1d, 0x1c29, 0x1450, 0x1254, 0x0de4, 0x0fdd,
    0x203a, 0x1d2b, 0x15af, 0x19ad, 0x1eef, 0x0f96, 0x14ac, 0x1b41, 0x1075, 0x1e4f, 0x1d2c, 0x1b2d, 0x1e63, 0x1e02, 0x1e8b, 0x0d2c,
    0x1e60, 0x17fc, 0x1451, 0x0f88, 0x0e86, 0x0fc5, 0x1e50, 0x200a, 0x1a91, 0x1717, 0x0f49, 0x1ac3, 0x13f8, 0x1bf1, 0x153b, 0x1a20,
    0x1c37, 0x0cf9, 0x0eaa, 0x1452, 0x14f9, 0x19ca, 0x1bdb, 0x15b0, 0x1d6a, 0x0f4a, 0x19cb, 0x1e8c, 0x1479, 0x138a, 0x1e41, 0x16b7,
    0x2000, 0x1d63, 0x169e, 0x18bc, 0x1947, 0x1e42, 0x0f99, 0x21d6, 0x1b8b, 0x153a, 0x13f6, 0x1e2b, 0x1880, 0x0e26, 0x10f4, 0x0dff,
    0x17fd, 0x1cc3, 0x1687, 0x0ef0, 0x0ed8, 0x17e1, 0x17c6, 0x17c7, 0x100f, 0x0fc6, 0x1e03, 0x1c63, 0x18ff, 0x0f03, 0x1a6d, 0x0f4b,
    0x1a6e, 0x1c88, 0x0f0f, 0x12b1, 0x1f8d, 0x0d36, 0x1a14, 0x0d70, 0x1c7a, 0x0e27, 0x1c38, 0x1caf, 0x1f95, 0x1f00, 0x1f17, 0x2186,
    0x153c, 0x0ffa, 0x1d9e, 0x104b, 0x1d4c, 0x1834, 0x0eab, 0x17c9, 0x1644, 0x20c2, 0x1a45, 0x11cf, 0x14df, 0x1090, 0x16ae, 0x1363,
    0x1b09, 0x15ca, 0x1ab8, 0x12cd, 0x0f4c, 0x1f2c, 0x0ee3, 0x0fef, 0x0da1, 0x1c6c, 0x1ee6, 0x20ec, 0x1612, 0x2170, 0x132a, 0x19ae,
    0x16b8, 0x0d37, 0x1763, 0x1697, 0x132b, 0x18d8, 0x1010, 0x1f04, 0x0e78, 0x16ea, 0x1eec, 0x14fa, 0x1c45, 0x1011, 0x0ff0, 0x1b97,
    0x146c, 0x1948, 0x20a3, 0x1e57, 0x16dd, 0x1a92, 0x1ae9, 0x2135, 0x1576, 0x0dbe, 0x147b, 0x20c3, 0x122d, 0x1ba4, 0x1a5f, 0x1d6b,
    0x124a, 0x103b, 0x1c1e, 0x138c, 0x1718, 0x18d9, 0x0d18, 0x1301, 0x1736, 0x0fc7, 0x1e58, 0x1d11, 0x1637, 0x1db6, 0x1141, 0x0e69,
    0x0e79, 0x1123, 0x1671, 0x13f9, 0x1892, 0x18e7, 0x188b, 0x1db5, 0x147a, 0x153d, 0x1d06, 0x0f4d, 0x1498, 0x175c, 0x1577, 0x0fc1,
    0x165f, 0x1226, 0x0ffb, 0x1b2e, 0x1c4e, 0x1364, 0x1764, 0x163c, 0x15ef, 0x1861, 0x1d90, 0x169f, 0x0f4e, 0x0f9e, 0x134e, 0x0f04,
    0x1a21, 0x21ba, 0x0de5, 0x138d, 0x1d74, 0x1c72, 0x1d4b, 0x1949, 0x13fa, 0x1719, 0x1c40, 0x182a, 0x18da, 0x1499, 0x138e, 0x0fa2,
    0x0fad, 0x0d19, 0x1db7, 0x16a8, 0x13ae, 0x11c4, 0x1893, 0x0f4f, 0x1765, 0x1f28, 0x122e, 0x13af, 0x1c1f, 0x12b2, 0x1c73, 0x11d0,
    0x1b18, 0x1b50, 0x1982, 0x120a, 0x189f, 0x15b1, 0x1915, 0x0e00, 0x13fb, 0x14e0, 0x17e2, 0x1894, 0x1766, 0x0d4e, 0x214a, 0x0d1a,
    0x1862, 0x1aab, 0x1e8d, 0x1d3a, 0x16b9, 0x1881, 0x18a0, 0x17e6, 0x20b2, 0x13fc, 0x0f9a, 0x171a, 0x1f34, 0x16ba, 0x15da, 0x1605,
    0x11aa, 0x1bdd, 0x1af6, 0x1fb4, 0x1c79, 0x1745, 0x1dda, 0x13b0, 0x1365, 0x147c, 0x11d1, 0x1e1a, 0x1259, 0x17ca, 0x15b2, 0x172d,
    0x119c, 0x0eac, 0x0cfa, 0x153e, 0x20d6, 0x1aac, 0x1d8c, 0x0ead, 0x192d, 0x21a1, 0x0fb9, 0x1dee, 0x1e8e, 0x200d, 0x0e87, 0x1cb4,
    0x13d7, 0x16eb, 0x1454, 0x1672, 0x18a1, 0x1d88, 0x0e35, 0x189a, 0x18a3, 0x19fd, 0x1ff4, 0x18a2, 0x1e43, 0x11e5, 0x0de6, 0x0e01,
    0x0fae, 0x1d4d, 0x1523, 0x1578, 0x2127, 0x1366, 0x1d12, 0x17fe, 0x169c, 0x1009, 0x179b, 0x153f, 0x161d, 0x1529, 0x1746, 0x0e7f,
    0x133d, 0x1c48, 0x21c6, 0x1a03, 0x0e53, 0x1a22, 0x1986, 0x1747, 0x1852, 0x0d6f, 0x14ad, 0x15f0, 0x17ff, 0x1e04, 0x2018, 0x0ee7,
    0x1900, 0x1d4e, 0x16bb, 0x14fd, 0x0cfb, 0x15db, 0x1783, 0x1579, 0x2168, 0x192e, 0x17cb, 0x0f50, 0x1882, 0x1275, 0x0eae, 0x1367,
    0x11d2, 0x1d17, 0x179c, 0x15cb, 0x1f5c, 0x11a5, 0x1ae4, 0x0e41, 0x1c10, 0x171b, 0x20b6, 0x15f1, 0x0faa, 0x2169, 0x15f4, 0x13fd,
    0x0e54, 0x1136, 0x214d, 0x1b98, 0x132c, 0x1b93, 0x13fe, 0x134f, 0x1424, 0x18e8, 0x194a, 0x17e3, 0x19fe, 0x15f5, 0x0ffc, 0x1012,
    0x14fb, 0x14fc, 0x1b48, 0x1455, 0x14ae, 0x179d, 0x12b3, 0x1bde, 0x15b4, 0x182b, 0x1b1e, 0x1f06, 0x0fbd, 0x125a, 0x0fb7, 0x0ed9,
    0x0d76, 0x0de7, 0x0ee4, 0x1728, 0x15b5, 0x2033, 0x14cc, 0x194b, 0x131c, 0x1013, 0x1142, 0x1bee, 0x1174, 0x151e, 0x1064, 0x1431,
    0x1e80, 0x0f3a, 0x0f51, 0x18cc, 0x0d4c, 0x1197, 0x2042, 0x1541, 0x0d47, 0x0ffd, 0x1613, 0x21b3, 0x1fdd, 0x161e, 0x1fa8, 0x1971,
    0x2024, 0x1bf2, 0x2009, 0x1606, 0x1b70, 0x1351, 0x1350, 0x1d78, 0x1014, 0x1a46, 0x1d91, 0x1597, 0x1fa3, 0x0f53, 0x0e28, 0x1ba1,
    0x1645, 0x0d4f, 0x115b, 0x1598, 0x13a2, 0x125b, 0x0d38, 0x1092, 0x162e, 0x1599, 0x20b3, 0x1ac5, 0x18db, 0x0eaf, 0x1f96, 0x1f9f,
    0x0e88, 0x1767, 0x16a2, 0x208a, 0x10f5, 0x147e, 0x1614, 0x175d, 0x11ab, 0x194c, 0x162f, 0x1b2f, 0x1a23, 0x158e, 0x14fe, 0x0e36,
    0x1a15, 0x0e89, 0x0d77, 0x1238, 0x1ac4, 0x0f55, 0x1863, 0x13ff, 0x1c7b, 0x1bf3, 0x1d3b, 0x0f1e, 0x201f, 0x0d86, 0x15b6, 0x1cc5,
    0x12f5, 0x1e8f, 0x1c49, 0x1b51, 0x1aad, 0x12df, 0x19af, 0x1542, 0x1400, 0x149b, 0x18dc, 0x0ffe, 0x1800, 0x1459, 0x1209, 0x21cc,
    0x1983, 0x17e4, 0x203c, 0x1cdb, 0x12b4, 0x21bc, 0x11a6, 0x1bf4, 0x1fe7, 0x0ff1, 0x1cb5, 0x1088, 0x0d1b, 0x1cb0, 0x0fa3, 0x131d,
    0x1d5e, 0x0d1c, 0x1e05, 0x17fa, 0x1801, 0x0f54, 0x18dd, 0x13b1, 0x1456, 0x147f, 0x1916, 0x1cc4, 0x1972, 0x0dbf, 0x1368, 0x1457,
    0x1015, 0x1a16, 0x0e02, 0x1987, 0x1630, 0x1480, 0x0d50, 0x1784, 0x1802, 0x1458, 0x1d07, 0x10eb, 0x109f, 0x0eb0, 0x0e4c, 0x1137,
    0x1a1d, 0x194d, 0x122f, 0x1af7, 0x1cb6, 0x0e6a, 0x1d4f, 0x1168, 0x10c0, 0x1b59, 0x16bc, 0x1984, 0x0d87, 0x1e2c, 0x130b, 0x1124,
    0x1cb7, 0x15cc, 0x15b7, 0x0ee8, 0x19cc, 0x1883, 0x139e, 0x1de4, 0x1865, 0x19b0, 0x1d79, 0x1db8, 0x0faf, 0x1668, 0x18de, 0x0d51,
    0x1cfb, 0x1315, 0x1c39, 0x0d52, 0x125d, 0x11ac, 0x1f8b, 0x1dab, 0x1e65, 0x1866, 0x1d9f, 0x1698, 0x20cf, 0x1b0a, 0x1ce1, 0x19cd,
    0x13d9, 0x1c9f, 0x1af8, 0x16ec, 0x12b5, 0x16b0, 0x1cf3, 0x1ffa, 0x1754, 0x1985, 0x0fff, 0x202c, 0x1e2d, 0x115f, 0x1e51, 0x1481,
    0x0dc0, 0x1016, 0x1069, 0x12ce, 0x1402, 0x1a04, 0x1fa4, 0x1688, 0x1e1b, 0x133e, 0x157e, 0x125e, 0x1bf5, 0x1abc, 0x100a, 0x1b3f,
    0x1e66, 0x15f6, 0x1cfc, 0x0f56, 0x1884, 0x1b94, 0x1a6f, 0x11c5, 0x11c6, 0x1bd1, 0x1c1b, 0x1c11, 0x0fa5, 0x1e7b, 0x1de0, 0x138f,
    0x163d, 0x0fb0, 0x1cc6, 0x0fd6, 0x10f6, 0x1403, 0x1c4f, 0x1867, 0x0f3b, 0x14e1, 0x17cc, 0x0e7a, 0x0d96, 0x1b99, 0x1e1c, 0x211d,
    0x157f, 0x15b8, 0x1e1d, 0x0e39, 0x1d3c, 0x1482, 0x1673, 0x16a5, 0x0e64, 0x1e2e, 0x18a4, 0x1e72, 0x1c02, 0x1d18, 0x1835, 0x0d0f,
    0x0fa6, 0x0e38, 0x15cd, 0x1e87, 0x16d7, 0x15f2, 0x19b1, 0x1d19, 0x1e2f, 0x1c95, 0x2022, 0x194e, 0x171c, 0x1803, 0x1e06, 0x2175,
    0x1175, 0x2148, 0x13b2, 0x100b, 0x1bd6, 0x1af9, 0x1269, 0x0de8, 0x1017, 0x1b19, 0x1988, 0x103c, 0x1dd7, 0x1de1, 0x149c, 0x1804,
    0x1dac, 0x1616, 0x1c20, 0x0fb5, 0x145a, 0x1e1f, 0x1666, 0x14e2, 0x1bec, 0x1544, 0x14af, 0x0d88, 0x1806, 0x1805, 0x126a, 0x1ca3,
    0x1853, 0x1615, 0x179f, 0x1646, 0x0d39, 0x0e7b, 0x21bd, 0x2166, 0x0d62, 0x15dc, 0x0d63, 0x17cd, 0x20c4, 0x1160, 0x1836, 0x18a5,
    0x0db3, 0x1c50, 0x1e1e, 0x1ce2, 0x120b, 0x1aea, 0x1aeb, 0x1aec, 0x1c77, 0x1c65, 0x11ad, 0x0e55, 0x1edc, 0x1dad, 0x0d64, 0x1a05,
    0x10c9, 0x17e5, 0x0dc1, 0x0d53, 0x1b1f, 0x177d, 0x2176, 0x17a0, 0x13b3, 0x1a60, 0x10da, 0x13e7, 0x1b71, 0x21d7, 0x1e91, 0x1c3a,
    0x1390, 0x104c, 0x0d98, 0x126b, 0x1f01, 0x1fd3, 0x1d6e, 0x1692, 0x1f8e, 0x0d3a, 0x0f1f, 0x0d1d, 0x1d50, 0x184a, 0x20a4, 0x1239,
    0x0f8a, 0x1abd, 0x1076, 0x1e30, 0x1d7a, 0x1aed, 0x0eb1, 0x1e07, 0x1854, 0x10db, 0x1f93, 0x0e42, 0x123a, 0x1594, 0x1543, 0x1831,
    0x14e3, 0x1607, 0x0de9, 0x1dd8, 0x1b20, 0x1628, 0x0f18, 0x1ee2, 0x1969, 0x1158, 0x194f, 0x1e92, 0x1000, 0x1dba, 0x10c1, 0x12b6,
    0x1501, 0x1ca6, 0x0dc3, 0x14b0, 0x1dd2, 0x13b4, 0x1545, 0x1901, 0x1c21, 0x1c2b, 0x1391, 0x0f3c, 0x136a, 0x13b5, 0x2043, 0x15a7,
    0x0f57, 0x1b72, 0x1efb, 0x1c7c, 0x1693, 0x1483, 0x1c74, 0x1d3d, 0x196a, 0x1cc8, 0x1cf4, 0x1cc7, 0x1917, 0x11be, 0x1638, 0x1ba5,
    0x139f, 0x1c2c, 0x123b, 0x0fa7, 0x109c, 0x1292, 0x127b, 0x0f8b, 0x0e7c, 0x0d78, 0x1b21, 0x12a6, 0x2184, 0x1768, 0x0eb2, 0x1a00,
    0x1b73, 0x12cf, 0x0e65, 0x15ce, 0x0f84, 0x1a61, 0x0e3a, 0x0ef1, 0x0e03, 0x159e, 0x0f8c, 0x1a70, 0x1a71, 0x14cd, 0x161f, 0x1018,
    0x1a17, 0x1a93, 0x1845, 0x1989, 0x206e, 0x11ae, 0x1d92, 0x1acd, 0x1c92, 0x0f94, 0x16bd, 0x1cc9, 0x1352, 0x1404, 0x0d79, 0x1f1d,
    0x1b52, 0x0f93, 0x0fa8, 0x200b, 0x14ff, 0x1546, 0x1f98, 0x18df, 0x12d0, 0x1653, 0x0ee5, 0x0e74, 0x10ac, 0x1b0b, 0x1c42, 0x1978,
    0x0e3b, 0x1ba6, 0x16a0, 0x19ce, 0x0eda, 0x0d1e, 0x1807, 0x0f05, 0x1230, 0x19b2, 0x1846, 0x1674, 0x1e08, 0x1617, 0x0d99, 0x1e67,
    0x17ce, 0x1661, 0x1447, 0x1524, 0x127c, 0x1500, 0x1769, 0x1019, 0x1547, 0x2154, 0x1293, 0x1c46, 0x1e6e, 0x1ace, 0x192f, 0x1b9a,
    0x1ba2, 0x119d, 0x1a72, 0x120c, 0x1fce, 0x1979, 0x1109, 0x1c5f, 0x143a, 0x20b9, 0x1f5b, 0x0ff3, 0x1b42, 0x12a8, 0x123c, 0x1c7d,
    0x1b9f, 0x1ad4, 0x127d, 0x0fd7, 0x1739, 0x1fad, 0x1b30, 0x1c5c, 0x0d9a, 0x19cf, 0x0dc4, 0x0f2f, 0x0fde, 0x1302, 0x0d7a, 0x1001,
    0x1c2e, 0x1093, 0x1ae5, 0x0d7d, 0x1855, 0x13da, 0x0d10, 0x1b22, 0x1dfb, 0x218d, 0x176a, 0x1294, 0x1c60, 0x1675, 0x14dc, 0x10dc,
    0x0e8b, 0x1dfc, 0x1094, 0x1a73, 0x1548, 0x0e04, 0x17f6, 0x0d65, 0x0e3c, 0x12b7, 0x198a, 0x0e05, 0x1e44, 0x1484, 0x0e8a, 0x126c,
    0x0eb3, 0x1689, 0x20a5, 0x1c9d, 0x1afa, 0x0d3b, 0x1432, 0x103d, 0x0dc5, 0x1676, 0x0e06, 0x198b, 0x1930, 0x136b, 0x1549, 0x200e,
    0x10ec, 0x1cb8, 0x21c8, 0x124e, 0x13db, 0x13b6, 0x1295, 0x1059, 0x113b, 0x0e20, 0x1407, 0x1ab6, 0x1629, 0x0f20, 0x1b23, 0x136c,
    0x18bd, 0x1aee, 0x1406, 0x15dd, 0x0fc8, 0x12b8, 0x168a, 0x15b9, 0x12b9, 0x10c2, 0x14b1, 0x198c, 0x19f9, 0x1fb8, 0x0f58, 0x123d,
    0x0f59, 0x188c, 0x0fc9, 0x1a74, 0x19d0, 0x1580, 0x17af, 0x1d1a, 0x20c8, 0x1755, 0x126e, 0x126d, 0x1f9b, 0x171e, 0x0e29, 0x15a8,
    0x12ba, 0x1db9, 0x1afb, 0x11fe, 0x1ddb, 0x1ff8, 0x1f29, 0x16b1, 0x149d, 0x1e7c, 0x131e, 0x14e4, 0x16ed, 0x10f7, 0x1bcb, 0x11d3,
    0x18be, 0x1502, 0x15ba, 0x1d08, 0x17b0, 0x1231, 0x1afc, 0x131f, 0x163e, 0x19d1, 0x15bb, 0x1e20, 0x21be, 0x1a94, 0x2155, 0x1620,
    0x1a47, 0x21aa, 0x1a24, 0x21d8, 0x14e5, 0x19b3, 0x171f, 0x21bb, 0x1e31, 0x21b4, 0x15de, 0x11af, 0x2187, 0x154a, 0x132d, 0x0dc6,
    0x149e, 0x1b5a, 0x198d, 0x1f22, 0x198e, 0x1a75, 0x21d0, 0x0cfc, 0x1e59, 0x1e68, 0x16ee, 0x20db, 0x1485, 0x0f90, 0x1631, 0x1677,
    0x11ff, 0x1f07, 0x1afd, 0x18cd, 0x120d, 0x18e1, 0x21b1, 0x1cdc, 0x14d9, 0x0dc2, 0x103e, 0x16e7, 0x10d4, 0x0fdf, 0x1e45, 0x164a,
    0x1486, 0x176b, 0x2194, 0x0e6b, 0x1e90, 0x0f9b, 0x1753, 0x0e21, 0x1701, 0x0dc7, 0x0d2d, 0x1487, 0x19d3, 0x19d2, 0x11b0, 0x1a63,
    0x1b64, 0x1ba3, 0x1e32, 0x17da, 0x1808, 0x13a3, 0x1340, 0x142c, 0x1ab7, 0x10a0, 0x11c7, 0x19d4, 0x0f75, 0x0f5a, 0x1227, 0x1125,
    0x121e, 0x125f, 0x11bf, 0x134a, 0x1ae6, 0x217d, 0x1a25, 0x127e, 0x1c22, 0x0ef7, 0x1e52, 0x0d1f, 0x1440, 0x1177, 0x1d5f, 0x1902,
    0x1b95, 0x1ce3, 0x18e2, 0x105a, 0x0f5b, 0x151f, 0x1d3e, 0x12d1, 0x0d8f, 0x104d, 0x0e08, 0x1232, 0x1918, 0x1c7e, 0x1f81, 0x152a,
    0x1c8a, 0x1ffb, 0x1756, 0x1fe3, 0x1f4a, 0x149f, 0x105b, 0x1c12, 0x1191, 0x11d4, 0x0e43, 0x1a76, 0x0e07, 0x2190, 0x1a77, 0x0cfe,
    0x1ed9, 0x0eb5, 0x15bc, 0x1320, 0x12e0, 0x120f, 0x0d3c, 0x1c0d, 0x16de, 0x1809, 0x180a, 0x1c2f, 0x18bf, 0x1919, 0x0eb6, 0x1ede,
    0x0cfd, 0x0f9f, 0x1a26, 0x114c, 0x15bd, 0x1b13, 0x2004, 0x1408, 0x213c, 0x202d, 0x1950, 0x1488, 0x1161, 0x0e8c, 0x12e1, 0x1a27,
    0x1869, 0x20d0, 0x0e3d, 0x1d5c, 0x0f21, 0x0d9b, 0x1903, 0x1ef6, 0x1d3f, 0x0dea, 0x101a, 0x1621, 0x1aae, 0x104e, 0x145c, 0x1e09,
    0x0f85, 0x2156, 0x1c66, 0x1edf, 0x10b2, 0x198f, 0x11d5, 0x0e22, 0x1904, 0x1bf6, 0x0dc8, 0x19d5, 0x1e46, 0x20ae, 0x1b74, 0x1720,
    0x1178, 0x1409, 0x19b4, 0x0deb, 0x0e2a, 0x1503, 0x12f6, 0x1fd9, 0x0f5d, 0x1feb, 0x11f1, 0x0f5c, 0x0e2b, 0x1354, 0x1a06, 0x19d6,
    0x0f1a, 0x13a4, 0x104f, 0x0ff4, 0x18c8, 0x1f05, 0x1441, 0x1489, 0x101b, 0x0e56, 0x20af, 0x197a, 0x20fb, 0x15cf, 0x1ba7, 0x1b75,
    0x1fcb, 0x1662, 0x16bf, 0x1bcc, 0x140a, 0x1678, 0x1cef, 0x14ce, 0x1c23, 0x1ef4, 0x1fd4, 0x1b76, 0x116b, 0x1f4b, 0x180b, 0x20e1,
    0x1fda, 0x1990, 0x1a5b, 0x16a4, 0x191a, 0x1581, 0x0f19, 0x1d51, 0x1ba8, 0x16ef, 0x10a1, 0x1786, 0x1a95, 0x12bb, 0x21bf, 0x13b8,
    0x16f0, 0x114d, 0x1c47, 0x1f08, 0x1296, 0x142b, 0x0eb7, 0x218b, 0x1afe, 0x140b, 0x0e7d, 0x0e3e, 0x0e4d, 0x0d66, 0x1f23, 0x19d7,
    0x0f22, 0x1618, 0x1a07, 0x12e5, 0x10b4, 0x1143, 0x191b, 0x1ce4, 0x1baa, 0x18e3, 0x1210, 0x1679, 0x1b77, 0x127f, 0x154b, 0x1def,
    0x1a48, 0x0d3d, 0x1bdf, 0x176e, 0x0e8d, 0x1c30, 0x20d1, 0x202e, 0x0f14, 0x106a, 0x0f5e, 0x145d, 0x1e3f, 0x0fca, 0x0d9c, 0x213d,
    0x1694, 0x0f30, 0x1fe9, 0x1e33, 0x0dc9, 0x0d92, 0x18e4, 0x13dc, 0x1d2d, 0x1837, 0x1f99, 0x0ef8, 0x110a, 0x10c3, 0x1a5a, 0x10d5,
    0x21a5, 0x1658, 0x1280, 0x1089, 0x0ef2, 0x18e5, 0x108a, 0x1095, 0x1e83, 0x1ac6, 0x1e7d, 0x177e, 0x1647, 0x0f5f, 0x1e85, 0x0e58,
    0x1446, 0x1e84, 0x1d71, 0x0cff, 0x1c3b, 0x0eb8, 0x16a9, 0x1e0a, 0x1a78, 0x1991, 0x1ac7, 0x132e, 0x123e, 0x175a, 0x14f1, 0x10d3,
    0x0efe, 0x1415, 0x1224, 0x163f, 0x2157, 0x1c51, 0x1582, 0x154c, 0x15d0, 0x18c9, 0x17b7, 0x145e, 0x10ed, 0x13dd, 0x14d5, 0x0fcb,
    0x1838, 0x143b, 0x0d11, 0x1951, 0x1e64, 0x1856, 0x0eb9, 0x123f, 0x1211, 0x11d6, 0x1031, 0x1825, 0x13bc, 0x1ffc, 0x1ffd, 0x13bd,
    0x1212, 0x1dbb, 0x0eba, 0x1aff, 0x1952, 0x1601, 0x126f, 0x11e6, 0x0f60, 0x154e, 0x13e8, 0x16f1, 0x12f7, 0x1992, 0x1a5c, 0x0ebb,
    0x12f8, 0x14a0, 0x1433, 0x1d1b, 0x1721, 0x16aa, 0x1de6, 0x0d54, 0x1a79, 0x0e2e, 0x1757, 0x209d, 0x1c52, 0x0f3d, 0x130c, 0x124f,
    0x0dad, 0x0f61, 0x1392, 0x15f8, 0x0f62, 0x1729, 0x20d7, 0x1d40, 0x206f, 0x1c13, 0x103f, 0x121f, 0x1225, 0x0fe9, 0x1fca, 0x1fd8,
    0x1bd2, 0x13b9, 0x140c, 0x2151, 0x1c96, 0x11c0, 0x191c, 0x1d09, 0x13bb, 0x180c, 0x1bf7, 0x1504, 0x0e09, 0x1b49, 0x16c0, 0x1e21,
    0x21ab, 0x2013, 0x1b31, 0x1281, 0x1cfd, 0x1de7, 0x12fd, 0x140d, 0x12f9, 0x10f8, 0x1cca, 0x1c7f, 0x1847, 0x0fbe, 0x1a29, 0x21a8,
    0x1298, 0x1270, 0x1c53, 0x16f2, 0x167a, 0x10e8, 0x1330, 0x14f2, 0x154f, 0x107e, 0x1050, 0x1a96, 0x20e2, 0x14cf, 0x1de8, 0x1a2a,
    0x1583, 0x1e78, 0x0e6c, 0x20d8, 0x1e13, 0x1e88, 0x1c80, 0x114e, 0x196b, 0x1a49, 0x2001, 0x1748, 0x1ccb, 0x1dbc, 0x10a2, 0x1fbd,
    0x136d, 0x177f, 0x1d52, 0x1c14, 0x1d93, 0x1c97, 0x16d8, 0x0dca, 0x1505, 0x14dd, 0x20c5, 0x21c9, 0x16c2, 0x201c, 0x16c1, 0x1b65,
    0x1648, 0x1654, 0x1d2e, 0x10b3, 0x213e, 0x1f1e, 0x1bf8, 0x14a1, 0x21ca, 0x0f63, 0x1192, 0x1dbd, 0x157a, 0x101c, 0x1a08, 0x1144,
    0x2023, 0x0fe0, 0x1993, 0x115c, 0x1840, 0x1e34, 0x15f9, 0x1584, 0x16c3, 0x1ddc, 0x1b5b, 0x16a1, 0x1b32, 0x1b4a, 0x1442, 0x1e0b,
    0x191d, 0x0d3e, 0x1994, 0x0d7b, 0x101d, 0x140e, 0x1fe2, 0x1619, 0x173e, 0x14d0, 0x1bed, 0x17e7, 0x1d41, 0x200f, 0x0d2e, 0x208c,
    0x180d, 0x1233, 0x1260, 0x2129, 0x1ddd, 0x12d2, 0x1fdb, 0x214b, 0x0fcc, 0x1dbe, 0x145f, 0x1f8f, 0x15d1, 0x213f, 0x21c0, 0x1787,
    0x1bab, 0x1885, 0x1c4a, 0x20d9, 0x1f4c, 0x132f, 0x17cf, 0x1a4a, 0x114f, 0x0ebc, 0x1200, 0x188d, 0x136e, 0x0dec, 0x172e, 0x1506,
    0x1a97, 0x1550, 0x1788, 0x0fc0, 0x1fe4, 0x1b00, 0x11f8, 0x1e22, 0x18a6, 0x1b24, 0x21ac, 0x1e14, 0x1905, 0x101e, 0x106b, 0x1b66,
    0x1931, 0x1dbf, 0x0e2c, 0x11b1, 0x168b, 0x1ce5, 0x1c0e, 0x111a, 0x0f23, 0x1145, 0x0d67, 0x1179, 0x16c4, 0x19d8, 0x11a7, 0x1d1c,
    0x10dd, 0x11b2, 0x1a7a, 0x1551, 0x1b01, 0x1973, 0x18e6, 0x16f3, 0x12a7, 0x0dac, 0x2160, 0x1297, 0x2029, 0x18ce, 0x18cf, 0x1fae,
    0x14a2, 0x21c1, 0x182c, 0x110b, 0x0fe1, 0x19d9, 0x0ef9, 0x18ca, 0x1051, 0x1331, 0x1fc2, 0x1448, 0x1abe, 0x1b43, 0x214c, 0x1ca0,
    0x20d2, 0x1dc0, 0x0d20, 0x1d1d, 0x1c5d, 0x1fab, 0x1e35, 0x1ad5, 0x1953, 0x20a6, 0x0fe2, 0x1f8c, 0x0d9d, 0x1c31, 0x10ee, 0x0fb2,
    0x1702, 0x159f, 0x208d, 0x1228, 0x19b5, 0x1dc2, 0x180e, 0x101f, 0x1dc1, 0x1096, 0x1a4b, 0x1c32, 0x13de, 0x1b33, 0x10c4, 0x167b,
    0x1da1, 0x1032, 0x140f, 0x15fa, 0x1fb9, 0x1cdd, 0x13df, 0x110d, 0x219d, 0x16f4, 0x20f9, 0x10d6, 0x2140, 0x1507, 0x21a3, 0x1126,
    0x1fb1, 0x208e, 0x1261, 0x1875, 0x108b, 0x0e59, 0x21ad, 0x1531, 0x1c3c, 0x1dc3, 0x11b3, 0x1df0, 0x106c, 0x1e36, 0x0ebd, 0x18c0,
    0x1906, 0x0dcb, 0x1be0, 0x16df, 0x1b78, 0x1d42, 0x21d2, 0x18a7, 0x1f16, 0x2141, 0x1508, 0x1d7b, 0x0d7c, 0x1c3d, 0x1ccc, 0x1da2,
    0x1321, 0x1a28, 0x18c1, 0x1974, 0x10e9, 0x1e6f, 0x1722, 0x21b8, 0x107f, 0x1a62, 0x16c5, 0x1f02, 0x1ca1, 0x1355, 0x1e5a, 0x1699,
    0x214e, 0x1fe6, 0x1393, 0x1f9c, 0x1240, 0x1b79, 0x16e0, 0x16c6, 0x1e69, 0x10de, 0x21d1, 0x1e23, 0x1954, 0x208f, 0x0f91, 0x16c7,
    0x17b1, 0x2007, 0x11d7, 0x1e0c, 0x21cd, 0x19da, 0x12e7, 0x167c, 0x18a8, 0x14b3, 0x15d2, 0x20d3, 0x17c1, 0x1e5b, 0x21ae, 0x1789,
    0x1e94, 0x157b, 0x1ff0, 0x17be, 0x20a7, 0x16d9, 0x0dcc, 0x1e96, 0x21d9, 0x1bf9, 0x16e8, 0x16c8, 0x106d, 0x1040, 0x1138, 0x118a,
    0x1509, 0x1fe8, 0x16c9, 0x16f5, 0x19db, 0x1ad6, 0x154d, 0x1b8d, 0x14db, 0x14b4, 0x1e5c, 0x15df, 0x1020, 0x20bc, 0x1d75, 0x1cde,
    0x110c, 0x108c, 0x19dc, 0x1c81, 0x190d, 0x17c8, 0x17e8, 0x18c2, 0x136f, 0x1663, 0x1e47, 0x1453, 0x186a, 0x1461, 0x18e9, 0x1ca7,
    0x1c8b, 0x1c98, 0x1b53, 0x1282, 0x1033, 0x1608, 0x17a1, 0x13e0, 0x1213, 0x1214, 0x112b, 0x1220, 0x1257, 0x1474, 0x1c78, 0x0da3,
    0x147d, 0x117a, 0x1080, 0x1034, 0x1e93, 0x0da4, 0x12fa, 0x1460, 0x0e6d, 0x1932, 0x1639, 0x1dc4, 0x0ebe, 0x191e, 0x0e8e, 0x1552,
    0x117b, 0x1d94, 0x10a3, 0x1c99, 0x1703, 0x2167, 0x11e7, 0x15be, 0x1a01, 0x175e, 0x14e6, 0x191f, 0x1234, 0x1e53, 0x180f, 0x20e5,
    0x1e15, 0x17d0, 0x172a, 0x1411, 0x18eb, 0x1723, 0x1f1f, 0x1035, 0x1e37, 0x2090, 0x1e3e, 0x10f0, 0x1553, 0x0fd8, 0x1d70, 0x1d7d,
    0x18a9, 0x1527, 0x172b, 0x1758, 0x2142, 0x216c, 0x0ebf, 0x20c9, 0x1f2d, 0x1271, 0x182d, 0x1749, 0x2002, 0x10f9, 0x1002, 0x21a9,
    0x1283, 0x1eda, 0x1272, 0x1434, 0x2199, 0x1a98, 0x0d12, 0x0e6f, 0x1f0e, 0x21ce, 0x1081, 0x1a2c, 0x1839, 0x1585, 0x1fed, 0x186b,
    0x1d65, 0x1da3, 0x0f06, 0x1299, 0x1fd5, 0x2019, 0x2143, 0x1d7c, 0x2010, 0x0ec0, 0x10a4, 0x117c, 0x2025, 0x1150, 0x20b0, 0x2182,
    0x2136, 0x202a, 0x1c33, 0x21b5, 0x0f64, 0x1f0c, 0x0f65, 0x1353, 0x174a, 0x1a09, 0x1f14, 0x2083, 0x1193, 0x0f31, 0x13be, 0x1c82,
    0x2188, 0x12fe, 0x1dde, 0x20ca, 0x1fcf, 0x217c, 0x14b6, 0x19b6, 0x17e9, 0x1d0a, 0x17d1, 0x0fb1, 0x1dc5, 0x16f6, 0x1810, 0x148a,
    0x159a, 0x1151, 0x178a, 0x1532, 0x176f, 0x172f, 0x1a99, 0x21af, 0x119e, 0x10a5, 0x0f24, 0x1f2e, 0x117d, 0x14b7, 0x1fa6, 0x18ec,
    0x118b, 0x21c2, 0x1284, 0x0dcd, 0x1a9a, 0x0f66, 0x1f03, 0x1303, 0x1ad7, 0x2146, 0x1e0d, 0x2026, 0x205c, 0x202b, 0x146d, 0x14b8,
    0x215e, 0x0dce, 0x1127, 0x16f8, 0x0e57, 0x1ad8, 0x0e44, 0x1dc6, 0x1ce6, 0x1c8e, 0x173f, 0x1737, 0x18aa, 0x1322, 0x1bac, 0x0da5,
    0x0ec1, 0x1a64, 0x173a, 0x0d3f, 0x15fb, 0x1b4b, 0x1475, 0x1435, 0x1476, 0x150a, 0x178b, 0x1332, 0x20c6, 0x1955, 0x1811, 0x0d48,
    0x15e0, 0x0f97, 0x1956, 0x1995, 0x1f26, 0x0dcf, 0x0ded, 0x175f, 0x2137, 0x1f92, 0x129a, 0x1152, 0x2158, 0x1bc1, 0x1241, 0x1cfe,
    0x10ad, 0x1e70, 0x12e9, 0x1a4c, 0x186c, 0x1df2, 0x0ff5, 0x0f67, 0x1ee7, 0x0f68, 0x0d55, 0x1a2d, 0x1b54, 0x1cff, 0x150b, 0x150c,
    0x1850, 0x1436, 0x0d68, 0x16b2, 0x1ccd, 0x1cf5, 0x0d40, 0x18ab, 0x0fd9, 0x1a9b, 0x1053, 0x1920, 0x1aaf, 0x1edb, 0x1323, 0x1a65,
    0x186d, 0x167e, 0x1bfa, 0x1e7e, 0x105c, 0x0dd0, 0x1c68, 0x117e, 0x1a7b, 0x0fe3, 0x119f, 0x1194, 0x1bfb, 0x13bf, 0x0e0a, 0x2051,
    0x167f, 0x201a, 0x1730, 0x1b25, 0x1b02, 0x1fdf, 0x1153, 0x1555, 0x1d13, 0x18ed, 0x1fb5, 0x1139, 0x1632, 0x0d21, 0x1812, 0x1304,
    0x10c5, 0x1bfc, 0x213a, 0x1077, 0x14b9, 0x1738, 0x1957, 0x0dee, 0x106e, 0x12a9, 0x12e2, 0x12e3, 0x19dd, 0x1933, 0x0d69, 0x1e24,
    0x0e8f, 0x0e0b, 0x1dc7, 0x1649, 0x1dc8, 0x1cf6, 0x1bad, 0x1201, 0x17a2, 0x12d3, 0x1394, 0x16f9, 0x1877, 0x1d34, 0x0d6a, 0x14e7,
    0x1021, 0x18cb, 0x11e8, 0x1a9c, 0x0d41, 0x129b, 0x0e5a, 0x110e, 0x1221, 0x11e9, 0x1a8b, 0x145b, 0x1fe0, 0x1586, 0x14e8, 0x11f2,
    0x2189, 0x1262, 0x0d22, 0x11d8, 0x1a9d, 0x11f3, 0x18ac, 0x1d7e, 0x0ef3, 0x1215, 0x19de, 0x1622, 0x1acf, 0x21a7, 0x1996, 0x1556,
    0x1036, 0x13c0, 0x1222, 0x1704, 0x1b55, 0x1022, 0x0e0f, 0x1705, 0x1a9e, 0x1fcc, 0x11b4, 0x1316, 0x1587, 0x113a, 0x1ee3, 0x1054,
    0x1b4c, 0x0d93, 0x0e0d, 0x0ec2, 0x122a, 0x1b8e, 0x1216, 0x0f43, 0x15bf, 0x1851, 0x1a7c, 0x15e1, 0x0ec3, 0x0fcd, 0x175b, 0x0e90,
    0x14a3, 0x1416, 0x1b67, 0x13c1, 0x1a7d, 0x1b0c, 0x1c15, 0x1198, 0x1cce, 0x1c83, 0x0f07, 0x16ca, 0x1b7a, 0x1154, 0x0dd1, 0x16cb,
    0x13a5, 0x0f69, 0x1997, 0x111b, 0x164b, 0x1533, 0x13c2, 0x1003, 0x174b, 0x0d2f, 0x1305, 0x14a4, 0x1dfd, 0x1dfe, 0x1fc3, 0x18ad,
    0x1fe5, 0x112c, 0x1ac8, 0x0def, 0x1fe1, 0x1958, 0x11a0, 0x0dd2, 0x0f6a, 0x1ee0, 0x129c, 0x1b7b, 0x1b7c, 0x205d, 0x164c, 0x10c6,
    0x10d7, 0x129d, 0x15c0, 0x1413, 0x1412, 0x1f2f, 0x0f6b, 0x0f6c, 0x1a7f, 0x17a3, 0x19df, 0x1a7e, 0x19e0, 0x1ef1, 0x1dc9, 0x1bc0,
    0x15e2, 0x1554, 0x1414, 0x1462, 0x1ce7, 0x19b8, 0x0f6d, 0x1faf, 0x0f32, 0x1df1, 0x1998, 0x133f, 0x17a4, 0x168c, 0x1e97, 0x14b5,
    0x1105, 0x1023, 0x204c, 0x17a5, 0x117f, 0x0f33, 0x1df3, 0x1037, 0x1558, 0x1417, 0x1325, 0x0fa4, 0x1bae, 0x0e45, 0x1b7d, 0x1ffe,
    0x13c3, 0x19e1, 0x1c19, 0x1a9f, 0x1640, 0x1ab0, 0x186e, 0x1e98, 0x14f3, 0x0d23, 0x1999, 0x1b7e, 0x1895, 0x1c9a, 0x1a8c, 0x1bfe,
    0x116c, 0x1ced, 0x19e2, 0x1a0a, 0x1c1a, 0x17b2, 0x1a8d, 0x1024, 0x0d00, 0x0df1, 0x0e0e, 0x0e23, 0x1223, 0x2180, 0x1934, 0x2092,
    0x1559, 0x1471, 0x209e, 0x1731, 0x1dff, 0x167d, 0x1d89, 0x0ec4, 0x0ee9, 0x0e3f, 0x199a, 0x1b34, 0x1045, 0x196c, 0x1ad0, 0x1770,
    0x1aaa, 0x1b03, 0x19e3, 0x0ede, 0x0ee6, 0x1740, 0x20ad, 0x0eea, 0x1771, 0x0f08, 0x1163, 0x1ad9, 0x1f24, 0x105d, 0x19e4, 0x196d,
    0x1199, 0x1fd2, 0x1aef, 0x1324, 0x0dd3, 0x18ee, 0x1a4d, 0x1052, 0x155a, 0x0d30, 0x0fce, 0x0dd4, 0x1a40, 0x1bc2, 0x0d24, 0x0f3e,
    0x19e5, 0x1de2, 0x150d, 0x1478, 0x1935, 0x1c54, 0x119a, 0x1418, 0x1372, 0x19b9, 0x1fa9, 0x14f4, 0x1d00, 0x106f, 0x0f25, 0x2138,
    0x1588, 0x12f1, 0x0e70, 0x1bc3, 0x1c69, 0x0fea, 0x1b14, 0x0f10, 0x14e9, 0x200c, 0x16cc, 0x20a8, 0x0d6b, 0x1959, 0x190e, 0x1baf,
    0x1285, 0x0f6e, 0x1437, 0x1ac1, 0x0e40, 0x0db4, 0x0e5b, 0x195a, 0x1463, 0x18d0, 0x1921, 0x196e, 0x1e25, 0x12fb, 0x195b, 0x1ca8,
    0x1bc4, 0x1d95, 0x1e55, 0x2035, 0x1669, 0x201b, 0x1038, 0x13c4, 0x1419, 0x1b15, 0x19fa, 0x2163, 0x0fcf, 0x0d25, 0x21c3, 0x18d1,
    0x150e, 0x1b4d, 0x216e, 0x10ef, 0x1370, 0x1097, 0x1a2f, 0x1936, 0x112d, 0x1128, 0x1b4e, 0x166a, 0x1181, 0x1263, 0x1fff, 0x1395,
    0x119b, 0x1287, 0x19e6, 0x1976, 0x1520, 0x18ae, 0x1a41, 0x18ef, 0x10b5, 0x10b6, 0x1adb, 0x0d72, 0x155b, 0x199c, 0x1dca, 0x0ff6,
    0x1264, 0x1396, 0x19e7, 0x0d58, 0x10b7, 0x0f8d, 0x1937, 0x19e8, 0x0df2, 0x0f0a, 0x0f6f, 0x1a30, 0x166b, 0x1dea, 0x20cb, 0x1e81,
    0x1e0e, 0x1251, 0x1250, 0x0f98, 0x0fbb, 0x1589, 0x141b, 0x0e80, 0x1a80, 0x0f3f, 0x1397, 0x150f, 0x12bc, 0x1472, 0x18af, 0x1a31,
    0x2164, 0x1146, 0x14f5, 0x15e3, 0x212b, 0x1510, 0x0d42, 0x1a0b, 0x1d7f, 0x19e9, 0x0dd5, 0x129e, 0x0dae, 0x19ea, 0x0e91, 0x1082,
    0x1d80, 0x0f40, 0x1832, 0x2114, 0x148b, 0x1c6a, 0x141c, 0x1ee8, 0x196f, 0x0da6, 0x0ec5, 0x1b7f, 0x2144, 0x155c, 0x0dd6, 0x1a0c,
    0x111d, 0x1a32, 0x155d, 0x1813, 0x0d56, 0x11c8, 0x1b44, 0x1b0d, 0x115d, 0x0f70, 0x1c3e, 0x18c3, 0x116d, 0x11f4, 0x1bff, 0x0f81,
    0x13c5, 0x148c, 0x1d2f, 0x14ba, 0x1aba, 0x0fd0, 0x1b68, 0x1fde, 0x16cd, 0x15c2, 0x1ca9, 0x174c, 0x11f5, 0x17ea, 0x10df, 0x1c00,
    0x1aa0, 0x2044, 0x20ab, 0x1286, 0x2159, 0x1dcb, 0x20c0, 0x212a, 0x1d81, 0x1356, 0x1bc5, 0x2075, 0x1a0d, 0x1147, 0x1b9b, 0x1938,
    0x12eb, 0x13a6, 0x1242, 0x1772, 0x2150, 0x1a8e, 0x14bb, 0x1773, 0x155e, 0x15aa, 0x1e38, 0x0df3, 0x0da7, 0x19eb, 0x16b3, 0x0df4,
    0x1ada, 0x1521, 0x195c, 0x16fa, 0x1907, 0x14d6, 0x1adc, 0x1039, 0x1098, 0x1371, 0x1d43, 0x0db0, 0x1659, 0x0e5c, 0x11c9, 0x1d1e,
    0x1373, 0x1a18, 0x0e75, 0x1c01, 0x12f2, 0x148d, 0x11d9, 0x1c84, 0x1180, 0x1078, 0x1f30, 0x1680, 0x1ee9, 0x1265, 0x1f09, 0x1681,
    0x10fa, 0x155f, 0x0edf, 0x14bc, 0x1857, 0x0d32, 0x1e99, 0x1fbf, 0x0d73, 0x17a6, 0x173b, 0x15c3, 0x1878, 0x1879, 0x10fb, 0x15a0,
    0x1464, 0x21d5, 0x2131, 0x1be1, 0x13c6, 0x195d, 0x1caa, 0x174d, 0x1d1f, 0x1706, 0x0e92, 0x12ec, 0x1876, 0x1774, 0x110f, 0x0e10,
    0x1217, 0x18b0, 0x0f72, 0x1f18, 0x186f, 0x0fa0, 0x18b1, 0x0dd7, 0x1218, 0x17b8, 0x0f73, 0x1870, 0x1664, 0x1c43, 0x0dd8, 0x0fe4,
    0x1faa, 0x113c, 0x14ea, 0x13e9, 0x1be2, 0x1255, 0x10e0, 0x1b9c, 0x14eb, 0x178c, 0x1a8f, 0x1b5c, 0x1129, 0x1830, 0x2106, 0x157c,
    0x1426, 0x19ec, 0x1826, 0x1165, 0x0f74, 0x1b80, 0x1a33, 0x105f, 0x1d44, 0x0d28, 0x0e11, 0x1a81, 0x13c7, 0x0da2, 0x12bd, 0x0f44,
    0x0e81, 0x1827, 0x1e48, 0x1cb9, 0x17eb, 0x1a34, 0x12d5, 0x1c55, 0x129f, 0x12d4, 0x0d49, 0x1ccf, 0x1dcc, 0x182e, 0x148e, 0x0e71,
    0x1056, 0x1e79, 0x0fbc, 0x1a82, 0x1d97, 0x1be3, 0x1d96, 0x11df, 0x11e0, 0x1b26, 0x20b1, 0x0d13, 0x0dd9, 0x158a, 0x1560, 0x1c41,
    0x1cd0, 0x1b04, 0x13c9, 0x1655, 0x15e5, 0x1375, 0x1374, 0x13c8, 0x0d59, 0x174e, 0x14ec, 0x0fb6, 0x1a0e, 0x176c, 0x1ef5, 0x18f0,
    0x1341, 0x14bd, 0x1c6d, 0x12be, 0x10c7, 0x1efa, 0x1288, 0x0e12, 0x1376, 0x11a8, 0x159b, 0x0e93, 0x1ab1, 0x1ca2, 0x14be, 0x1bd7,
    0x184b, 0x0fe5, 0x1e39, 0x0fb3, 0x1065, 0x13ca, 0x1695, 0x19b7, 0x109d, 0x16cf, 0x18f1, 0x15e6, 0x1744, 0x2128, 0x1195, 0x18b2,
    0x1be4, 0x1a83, 0x1c03, 0x1004, 0x215a, 0x0ec7, 0x1814, 0x178d, 0x0ec8, 0x16ab, 0x1e89, 0x0ec9, 0x14ca, 0x13f1, 0x148f, 0x1cd1,
    0x1b35, 0x158b, 0x1243, 0x1a35, 0x1eea, 0x1d45, 0x12bf, 0x12a1, 0x1bc6, 0x1c24, 0x1289, 0x1d82, 0x14bf, 0x1ff5, 0x205f, 0x199d,
    0x1511, 0x1b05, 0x1858, 0x1d30, 0x1110, 0x0d26, 0x10b8, 0x0d27, 0x1473, 0x16e3, 0x2172, 0x164d, 0x17a7, 0x18c4, 0x1f1c, 0x11ca,
    0x1377, 0x1f9e, 0x1a84, 0x1444, 0x0d6c, 0x21b6, 0x1f2a, 0x1398, 0x1c85, 0x1707, 0x15fc, 0x1df5, 0x12c0, 0x2152, 0x17b9, 0x0f26,
    0x1bb0, 0x1fd0, 0x1609, 0x2125, 0x17d2, 0x16e2, 0x10fc, 0x1c56, 0x2173, 0x1235, 0x0d01, 0x2192, 0x0eca, 0x2107, 0x166c, 0x0e13,
    0x1922, 0x16fb, 0x11da, 0x1378, 0x1f0a, 0x219a, 0x1a53, 0x1244, 0x12fc, 0x0d02, 0x1219, 0x1fc8, 0x1202, 0x2126, 0x11cb, 0x1342,
    0x1561, 0x21c5, 0x2116, 0x0fc2, 0x178e, 0x2060, 0x158c, 0x21a4, 0x1b81, 0x1da4, 0x1896, 0x1871, 0x1e26, 0x105e, 0x1d0c, 0x1939,
    0x1fc0, 0x18f2, 0x141d, 0x0dda, 0x15e7, 0x174f, 0x1d98, 0x1ff6, 0x203b, 0x11a9, 0x11cc, 0x1b5d, 0x0e5d, 0x1fb0, 0x0edb, 0x0f11,
    0x0e46, 0x1b06, 0x1b0e, 0x1026, 0x1fee, 0x0f27, 0x1df6, 0x1f0b, 0x116e, 0x13cb, 0x1633, 0x212c, 0x157d, 0x1bd8, 0x1025, 0x10a9,
    0x11ea, 0x1cb1, 0x17ec, 0x1bb1, 0x11b5, 0x1e61, 0x1815, 0x161a, 0x1083, 0x16e9, 0x1357, 0x1923, 0x0d33, 0x1cd2, 0x1055, 0x17ed,
    0x1dcd, 0x18f3, 0x166d, 0x1b9d, 0x0f09, 0x1a5d, 0x1562, 0x15c4, 0x122b, 0x1438, 0x12c1, 0x1cd3, 0x1a66, 0x0db5, 0x2047, 0x1b07,
    0x21b7, 0x2020, 0x1fcd, 0x1bc7, 0x14a5, 0x178f, 0x0d6d, 0x15c5, 0x141a, 0x1cf7, 0x1563, 0x1358, 0x10e1, 0x202f, 0x113d, 0x11f9,
    0x11b6, 0x1343, 0x18b3, 0x1445, 0x17bf, 0x1fb6, 0x1a2e, 0x1b0f, 0x18f4, 0x2177, 0x1512, 0x1841, 0x215b, 0x1cba, 0x20dc, 0x1f90,
    0x12ed, 0x1b82, 0x1708, 0x0e94, 0x20d4, 0x1775, 0x1dae, 0x1399, 0x2030, 0x1816, 0x1f20, 0x1c4b, 0x1245, 0x1513, 0x112e, 0x1732,
    0x128a, 0x1266, 0x20fc, 0x0d5a, 0x18f5, 0x14d1, 0x1b36, 0x1e5f, 0x143d, 0x15e8, 0x1490, 0x1e5d, 0x19ba, 0x0e14, 0x18b4, 0x1099,
    0x2038, 0x18f6, 0x20cc, 0x10c8, 0x1709, 0x1070, 0x166e, 0x12ee, 0x1564, 0x1924, 0x118c, 0x19ed, 0x0e4e, 0x170a, 0x1111, 0x1514,
    0x1733, 0x13e1, 0x2052, 0x1fea, 0x14c0, 0x108d, 0x1079, 0x1dce, 0x1d14, 0x0d89, 0x1b1a, 0x1d6c, 0x1112, 0x17a8, 0x1dcf, 0x1e71,
    0x159c, 0x1deb, 0x1252, 0x12c2, 0x2118, 0x18d2, 0x1f0f, 0x19ee, 0x2181, 0x1060, 0x1925, 0x141e, 0x10fd, 0x0fd1, 0x1e3a, 0x1741,
    0x1a36, 0x0e95, 0x1d35, 0x1ab2, 0x1790, 0x160a, 0x1b8f, 0x1359, 0x15e9, 0x1724, 0x1379, 0x1a85, 0x13cc, 0x1276, 0x1b27, 0x1b5e,
    0x17d3, 0x0e47, 0x1ee1, 0x2036, 0x1e27, 0x1cab, 0x17ee, 0x1345, 0x1d0b, 0x159d, 0x1dd0, 0x197b, 0x1742, 0x10a6, 0x1833, 0x1203,
    0x1da5, 0x1182, 0x1f94, 0x107a, 0x1528, 0x1c18, 0x11a1, 0x12a0, 0x14c1, 0x1776, 0x1bd3, 0x0ff7, 0x1d53, 0x1859, 0x14d7, 0x15ab,
    0x16d0, 0x109e, 0x10cb, 0x1a4e, 0x10ca, 0x0e0c, 0x18d3, 0x11b7, 0x1d8a, 0x1a56, 0x1d60, 0x16d1, 0x1d83, 0x1595, 0x0d03, 0x160b,
    0x17ef, 0x1bd4, 0x17f0, 0x1da6, 0x0ecb, 0x185a, 0x1ce8, 0x1443, 0x1535, 0x1f53, 0x1bd5, 0x0f35, 0x0f34, 0x17d4, 0x1206, 0x0d04,
    0x1005, 0x1cd4, 0x0fd2, 0x1565, 0x215c, 0x0e2d, 0x1cf8, 0x0e15, 0x1908, 0x10ea, 0x18f7, 0x1183, 0x170b, 0x1817, 0x1f1b, 0x1333,
    0x18f8, 0x141f, 0x1fc1, 0x13cd, 0x1465, 0x12d7, 0x12d6, 0x107b, 0x19bb, 0x1346, 0x0d31, 0x1cd5, 0x1334, 0x20dd, 0x12d8, 0x1780,
    0x1c6e, 0x15a1, 0x1148, 0x2014, 0x0d57, 0x1682, 0x0f36, 0x109a, 0x11c1, 0x15a2, 0x1491, 0x1777, 0x0fe6, 0x1344, 0x1c9e, 0x0da8,
    0x0f0b, 0x11ec, 0x15c1, 0x0d9e, 0x1f9a, 0x1c0b, 0x0ecc, 0x0f28, 0x0d14, 0x109b, 0x0e5e, 0x0d15, 0x18b5, 0x1d54, 0x1467, 0x1b90,
    0x169a, 0x199e, 0x137a, 0x0df5, 0x15ea, 0x1dec, 0x1c64, 0x1e5e, 0x21d3, 0x1c34, 0x0f76, 0x1743, 0x160c, 0x152b, 0x0db1, 0x0fba,
    0x12c3, 0x14d2, 0x1d6d, 0x1515, 0x0d05, 0x1aa1, 0x1a37, 0x1a67, 0x0e16, 0x1420, 0x19ef, 0x1cb2, 0x1926, 0x1421, 0x16fc, 0x158d,
    0x170c, 0x15c7, 0x15c6, 0x0efa, 0x195e, 0x1e9a, 0x1df7, 0x1d55, 0x146a, 0x14c2, 0x216f, 0x112f, 0x1a38, 0x0e48, 0x1a86, 0x1886,
    0x1492, 0x1c3f, 0x1818, 0x168d, 0x14ed, 0x0df6, 0x1246, 0x1725, 0x0e17, 0x152c, 0x1e3b, 0x14d3, 0x1566, 0x0e49, 0x13ce, 0x185b,
    0x183b, 0x19f0, 0x1b4f, 0x2031, 0x0fe7, 0x1b5f, 0x190f, 0x2178, 0x10b9, 0x1122, 0x1819, 0x1b56, 0x15c8, 0x1b69, 0x1d56, 0x19a0,
    0x0d29, 0x181a, 0x18b6, 0x1e6a, 0x1634, 0x2039, 0x1cf0, 0x19bc, 0x169b, 0x0f8f, 0x121a, 0x162a, 0x17f1, 0x1071, 0x1267, 0x1277,
    0x1d15, 0x201d, 0x12c4, 0x0db6, 0x2110, 0x0d5b, 0x1422, 0x1778, 0x121b, 0x193a, 0x1155, 0x0ecd, 0x0f29, 0x11b8, 0x21b9, 0x1a68,
    0x1e73, 0x0f77, 0x15d3, 0x0fe8, 0x1335, 0x0ddb, 0x13cf, 0x16b4, 0x185c, 0x0da9, 0x1dd1, 0x170d, 0x103a, 0x130e, 0x16d2, 0x2027,
    0x1af0, 0x1683, 0x2165, 0x1add, 0x0e24, 0x0df8, 0x1e16, 0x1062, 0x0f52, 0x1cf1, 0x1750, 0x2034, 0x1041, 0x1468, 0x1db3, 0x170e,
    0x1927, 0x1ce9, 0x15c9, 0x1b83, 0x11e1, 0x121c, 0x1c9c, 0x19a1, 0x137b, 0x1909, 0x0e37, 0x13e2, 0x1df9, 0x1c8c, 0x1c44, 0x0e5f,
    0x1b16, 0x1928, 0x14f7, 0x1864, 0x0eff, 0x1cae, 0x11db, 0x1006, 0x13d0, 0x1b57, 0x210a, 0x1247, 0x1d0d, 0x1ff9, 0x1131, 0x1897,
    0x1e3c, 0x18b7, 0x0d06, 0x193b, 0x1aa2, 0x13d8, 0x1fb2, 0x1423, 0x1469, 0x12d9, 0x1d85, 0x11dc, 0x1b37, 0x137c, 0x1ab3, 0x1027,
    0x1130, 0x137d, 0x0ec6, 0x146e, 0x1a88, 0x217e, 0x20f2, 0x1a69, 0x1ade, 0x1624, 0x14d8, 0x18f9, 0x201e, 0x193c, 0x1405, 0x1d76,
    0x18b8, 0x1a39, 0x0f0c, 0x137e, 0x0f78, 0x1b84, 0x17db, 0x19f1, 0x1be6, 0x1bb2, 0x19fb, 0x137f, 0x1a89, 0x1c57, 0x12aa, 0x1ab4,
    0x0d07, 0x1c86, 0x0d7e, 0x193d, 0x14c3, 0x1f12, 0x0efb, 0x1113, 0x1028, 0x1791, 0x0feb, 0x1b38, 0x1ef2, 0x2149, 0x181c, 0x1a0f,
    0x19bd, 0x181b, 0x19be, 0x0d8a, 0x1029, 0x1aca, 0x21b2, 0x1d01, 0x217b, 0x193e, 0x216b, 0x1a10, 0x1bc8, 0x0ef5, 0x19f2, 0x1b91,
    0x1929, 0x1a3a, 0x166f, 0x1b28, 0x118d, 0x15eb, 0x0eeb, 0x0ece, 0x1acc, 0x162b, 0x0efc, 0x0ee0, 0x1d6f, 0x16d3, 0x1aa3, 0x1bc9,
    0x0d08, 0x15d4, 0x0e96, 0x1114, 0x190a, 0x1b58, 0x11b9, 0x1336, 0x0ddc, 0x10ba, 0x1c04, 0x1e6b, 0x1fc9, 0x216d, 0x10e2, 0x1326,
    0x12da, 0x115e, 0x1abb, 0x1a3b, 0x1567, 0x1fef, 0x1347, 0x195f, 0x2061, 0x1d27, 0x17d5, 0x111e, 0x1960, 0x1b45, 0x0e97, 0x2062,
    0x0e82, 0x13d1, 0x10d8, 0x1115, 0x15ec, 0x0e19, 0x1306, 0x1091, 0x1c8d, 0x130f, 0x1425, 0x130d, 0x1310, 0x1a90, 0x177c, 0x0fb4,
    0x17a9, 0x1e82, 0x15ee, 0x16fd, 0x0f2a, 0x12a2, 0x0d09, 0x193f, 0x128b, 0x1ab5, 0x1596, 0x1ef9, 0x1268, 0x1327, 0x1940, 0x0fa1,
    0x1bb3, 0x1c6f, 0x152d, 0x0e66, 0x102a, 0x1e54, 0x16b5, 0x21b0, 0x2193, 0x1516, 0x1c75, 0x1bca, 0x0ecf, 0x102b, 0x0ddd, 0x1f9d,
    0x192a, 0x1c6b, 0x1494, 0x10fe, 0x1522, 0x19f3, 0x1a4f, 0x135a, 0x10e3, 0x1b6a, 0x1a3d, 0x1aa4, 0x0f0d, 0x188e, 0x1d03, 0x181e,
    0x1066, 0x1568, 0x17aa, 0x181d, 0x17ba, 0x1cac, 0x0e4a, 0x162c, 0x1d0e, 0x1e28, 0x102c, 0x0fda, 0x17f2, 0x1779, 0x1526, 0x0fed,
    0x1b6b, 0x17d6, 0x1517, 0x0daa, 0x1726, 0x1941, 0x19f4, 0x1acb, 0x1067, 0x1a8a, 0x1a50, 0x1b39, 0x14c4, 0x181f, 0x113e, 0x0d7f,
    0x1cf9, 0x177a, 0x11dd, 0x1d57, 0x1569, 0x1e0f, 0x210b, 0x1fc4, 0x1312, 0x107c, 0x1848, 0x173c, 0x11cd, 0x1da7, 0x0f8e, 0x12c5,
    0x2174, 0x1410, 0x1ee4, 0x1c58, 0x0ed0, 0x1518, 0x192b, 0x17b3, 0x0e98, 0x10a7, 0x0ee2, 0x1380, 0x0e4f, 0x17ab, 0x102d, 0x203d,
    0x1bb4, 0x1d64, 0x13d2, 0x1072, 0x19a2, 0x0fd3, 0x1820, 0x19a3, 0x1bb5, 0x18c5, 0x12db, 0x1a3c, 0x1a2b, 0x1b85, 0x0d43, 0x1204,
    0x1084, 0x156a, 0x1e49, 0x1dd9, 0x1439, 0x158f, 0x1be7, 0x1b86, 0x19bf, 0x1dd3, 0x14ee, 0x1bb6, 0x185d, 0x18fa, 0x1b87, 0x1daf,
    0x12ab, 0x1106, 0x0d74, 0x1684, 0x1b10, 0x1822, 0x14a6, 0x1184, 0x1a57, 0x1667, 0x10bb, 0x1185, 0x0f86, 0x1536, 0x19a4, 0x1381,
    0x1c16, 0x19f5, 0x1b3a, 0x20cd, 0x1b11, 0x1068, 0x1ef8, 0x218e, 0x2008, 0x1b88, 0x20f4, 0x0f12, 0x1101, 0x172c, 0x1961, 0x0d4a,
    0x1ef3, 0x1d86, 0x1cd6, 0x1efc, 0x16d4, 0x17dc, 0x12ac, 0x0ed1, 0x2032, 0x19a5, 0x0e99, 0x121d, 0x183a, 0x1b9e, 0x1057, 0x14c5,
    0x1962, 0x156b, 0x1205, 0x219e, 0x170f, 0x1f19, 0x1519, 0x156c, 0x2145, 0x1d9a, 0x135b, 0x1493, 0x1cd7, 0x0d82, 0x0d5c, 0x111f,
    0x1bb8, 0x1bb7, 0x1910, 0x1590, 0x1f91, 0x19a6, 0x0f79, 0x1963, 0x1f31, 0x0f38, 0x1236, 0x14a7, 0x0e1a, 0x1ad1, 0x2096, 0x10e4,
    0x1f13, 0x102e, 0x203e, 0x0fd4, 0x144a, 0x1823, 0x0d8b, 0x1c17, 0x1a11, 0x0db7, 0x1792, 0x1534, 0x2179, 0x1da8, 0x1eee, 0x1dd4,
    0x1aa5, 0x188f, 0x19fc, 0x2132, 0x11ba, 0x1793, 0x0dde, 0x1fb7, 0x2161, 0x21c7, 0x1a12, 0x1073, 0x2011, 0x2139, 0x1b46, 0x1c35,
    0x1a3e, 0x1e00, 0x0d44, 0x1ee5, 0x0e72, 0x142e, 0x10cc, 0x1adf, 0x1ad2, 0x18fb, 0x1253, 0x14da, 0x1cbb, 0x0d6e, 0x182f, 0x1d22,
    0x1d21, 0x0d2a, 0x1273, 0x0d4b, 0x0d16, 0x1d36, 0x12f3, 0x0f0e, 0x1274, 0x10cd, 0x16db, 0x16e4, 0x162d, 0x1635, 0x1e17, 0x21a0,
    0x0ef6, 0x218c, 0x0e60, 0x1b3b, 0x1307, 0x0fdb, 0x1382, 0x1b3c, 0x1656, 0x1c8f, 0x1751, 0x12c6, 0x19f6, 0x160d, 0x1c25, 0x2198,
    0x1383, 0x1149, 0x11e2, 0x0d5d, 0x1d23, 0x1cbc, 0x1d37, 0x2017, 0x15ac, 0x1b29, 0x17d7, 0x1aa6, 0x19c0, 0x12dc, 0x1842, 0x1aa7,
    0x116f, 0x102f, 0x1d31, 0x1159, 0x1685, 0x17ac, 0x1164, 0x1007, 0x156d, 0x1e29, 0x0df7, 0x0d9f, 0x17bb, 0x164f, 0x0f1b, 0x19c1,
    0x18fc, 0x118e, 0x2028, 0x156e, 0x1d72, 0x183c, 0x1107, 0x1b2a, 0x1a51, 0x18c6, 0x1623, 0x17c2, 0x160e, 0x1ab9, 0x0e1b, 0x1bfd,
    0x214f, 0x18b9, 0x173d, 0x212d, 0x2147, 0x156f, 0x1600, 0x1bb9, 0x18d4, 0x0df9, 0x1186, 0x0f92, 0x17ad, 0x17ae, 0x14d4, 0x1fd7,
    0x139a, 0x17bc, 0x10ff, 0x1132, 0x128c, 0x1964, 0x1570, 0x151a, 0x19a7, 0x1aa8, 0x0e50, 0x144b, 0x1977, 0x1710, 0x1196, 0x2098,
    0x146b, 0x1d0f, 0x1248, 0x2006, 0x1116, 0x1308, 0x19c2, 0x10d9, 0x1650, 0x1b6c, 0x1100, 0x1651, 0x1b60, 0x199b, 0x19a8, 0x13d3,
    0x125c, 0x11f6, 0x1d77, 0x1887, 0x1df8, 0x1888, 0x11c2, 0x0fd5, 0x1cd8, 0x1641, 0x1db0, 0x1625, 0x1f10, 0x1b89, 0x0edc, 0x1bba,
    0x0d34, 0x1f1a, 0x1cad, 0x0fdc, 0x1b3d, 0x17f3, 0x1d24, 0x1030, 0x1844, 0x151b, 0x17bd, 0x1d66, 0x1dd5, 0x1d8b, 0x19a9, 0x0ddf,
    0x1d47, 0x1591, 0x1571, 0x17b4, 0x152e, 0x1711, 0x1752, 0x12a3, 0x1042, 0x1c87, 0x1102, 0x1e9b, 0x1874, 0x1384, 0x1063, 0x1d9b,
    0x0de0, 0x1c70, 0x13e4, 0x0e4b, 0x19c3, 0x1657, 0x161b, 0x1626, 0x17d8, 0x1965, 0x1156, 0x1dd6, 0x0e1c, 0x1966, 0x1d87, 0x13e5,
    0x1cf2, 0x1449, 0x1c59, 0x0ed2, 0x1cea, 0x2196, 0x13d4, 0x12ef, 0x15d5, 0x2021, 0x0f7a, 0x1c0a, 0x1843, 0x12a4, 0x1872, 0x1427,
    0x1cd9, 0x15d6, 0x0e9a, 0x1d67, 0x1686, 0x1873, 0x1ae1, 0x160f, 0x16ac, 0x1967, 0x1328, 0x0e61, 0x11bb, 0x0f2b, 0x0efd, 0x1ae2,
    0x2012, 0x0f7b, 0x177b, 0x20ac, 0x1d68, 0x16e5, 0x1572, 0x1d69, 0x219b, 0x1348, 0x1da9, 0x11a2, 0x168e, 0x1cee, 0x2185, 0x1c05,
    0x1592, 0x1890, 0x128d, 0x1c5a, 0x1a3f, 0x1f67, 0x0ed3, 0x0d0a, 0x1385, 0x1c26, 0x1428, 0x1313, 0x1d58, 0x1085, 0x1a52, 0x13ea,
    0x1fec, 0x0f7c, 0x0f7d, 0x218f, 0x0d8c, 0x1074, 0x217a, 0x151c, 0x11e3, 0x2197, 0x0ed4, 0x21cb, 0x0e9b, 0x1d73, 0x0de1, 0x16b6,
    0x1be8, 0x10ce, 0x0f7e, 0x1e10, 0x10cf, 0x0e30, 0x1d59, 0x0da0, 0x13d5, 0x114a, 0x1b92, 0x1573, 0x1b6d, 0x0e1d, 0x12c7, 0x16e6,
    0x12ad, 0x13a0, 0x11bc, 0x1574, 0x1e12, 0x13e6, 0x10f1, 0x1fb3, 0x1c76, 0x17c0, 0x1828, 0x0f00, 0x0e7e, 0x1ddf, 0x12ae, 0x12e4,
    0x11de, 0x11ce, 0x10bc, 0x17f4, 0x1187, 0x11a3, 0x168f, 0x1117, 0x12c8, 0x213b, 0x1cda, 0x1386, 0x2040, 0x0e9c, 0x14c7, 0x1188,
    0x1b61, 0x19f7, 0x1f0d, 0x0de2, 0x1bbb, 0x203f, 0x1349, 0x146f, 0x1d10, 0x1e11, 0x0f7f, 0x1734, 0x20a9, 0x11bd, 0x1eeb, 0x1317,
    0x118f, 0x19f8, 0x1387, 0x0ed5, 0x135c, 0x11fd, 0x16d5, 0x1337, 0x1627, 0x1610, 0x17d9, 0x1642, 0x163a, 0x1de9, 0x1c06, 0x0dab,
    0x1611, 0x0e25, 0x1249, 0x13a8, 0x18c7, 0x1593, 0x1fd1, 0x165a, 0x1d16, 0x1de3, 0x0dfa, 0x0ed6, 0x1be9, 0x1d25, 0x1e74, 0x184c,
    0x1118, 0x165b, 0x0e62, 0x108e, 0x1119, 0x219f, 0x16e1, 0x1121, 0x1bbc, 0x0f80, 0x1120, 0x10d0, 0x2005, 0x1190, 0x1bbd, 0x11e4,
    0x0edd, 0x11f7, 0x11a4, 0x1e6c, 0x1e2a, 0x1495, 0x10d1, 0x1e7a, 0x0d94, 0x124b, 0x1008, 0x1bce, 0x1824, 0x1975, 0x0ff8, 0x1636,
    0x1fdc, 0x13a1, 0x1338, 0x20aa, 0x1318, 0x19aa, 0x0e1e, 0x1497, 0x13d6, 0x19c4, 0x190b, 0x190c, 0x1c07, 0x212e, 0x1103, 0x183d,
    0x2015, 0x1ad3, 0x1690, 0x161c, 0x113f, 0x12c9, 0x0d45, 0x0ed7, 0x36d9, 0x36da, 0x36db, 0x36dd, 0x36e0, 0x36e1, 0x36e2, 0x36e3,
    0x36e4, 0x36e9, 0x36eb, 0x36ec, 0x36ed, 0x36ee, 0x36ef, 0x36f0, 0x36f1, 0x36f3, 0x36f4, 0x36f5, 0x36f9, 0x36fa, 0x36fd, 0x3701,
    0x3709, 0x370b, 0x370d, 0x370e, 0x370f, 0x3719, 0x371a, 0x371d, 0x3721, 0x372d, 0x372f, 0x3739, 0x373d, 0x3741, 0x3759, 0x375a,
    0x375d, 0x3760, 0x3761, 0x3762, 0x3763, 0x3769, 0x376b, 0x376d, 0x376e, 0x376f, 0x3770, 0x3771, 0x3773, 0x3774, 0x3775, 0x3778,
    0x377c, 0x377f, 0x3780, 0x3788, 0x378a, 0x378c, 0x378d, 0x378e, 0x3798, 0x3799, 0x379a, 0x379c, 0x379f, 0x37a0, 0x37a8, 0x37aa,
    0x37ac, 0x37ad, 0x37ae, 0x37b2, 0x37b8, 0x37bc, 0x37c0, 0x37ca, 0x37cc, 0x37d8, 0x37d9, 0x37dc, 0x37df, 0x37e0, 0x37e1, 0x37e2,
    0x37e4, 0x37e7, 0x37e8, 0x37ea, 0x37ec, 0x37ee, 0x37ef, 0x37f3, 0x37f8, 0x37f9, 0x37fc, 0x3800, 0x3802, 0x3808, 0x380a, 0x380c,
    0x380e, 0x3818, 0x3819, 0x381c, 0x3820, 0x3828, 0x382a, 0x382c, 0x382d, 0x382e, 0x3837, 0x3838, 0x383b, 0x383f, 0x3847, 0x3849,
    0x384b, 0x384d, 0x3857, 0x385b, 0x385f, 0x3869, 0x386b, 0x3877, 0x3878, 0x387b, 0x387e, 0x387f, 0x3880, 0x3881, 0x3886, 0x3887,
    0x3889, 0x388b, 0x388d, 0x388e, 0x3897, 0x3898, 0x389b, 0x389f, 0x38ab, 0x38ac, 0x38ad, 0x38b7, 0x38cb, 0x38d7, 0x38d8, 0x38db,
    0x38df, 0x38e7, 0x38e9, 0x38eb, 0x38ed, 0x38f6, 0x38fa, 0x38fe, 0x3906, 0x3916, 0x3917, 0x391a, 0x391d, 0x391e, 0x391f, 0x3920,
    0x3926, 0x3928, 0x392a, 0x392c, 0x392e, 0x3930, 0x3936, 0x394a, 0x3956, 0x3957, 0x395a, 0x395d, 0x395e, 0x3960, 0x3962, 0x3966,
    0x3968, 0x396a, 0x396b, 0x396c, 0x396d, 0x3970, 0x3971, 0x39d5, 0x39d6, 0x39d7, 0x39d9, 0x39dd, 0x39df, 0x39e5, 0x39e7, 0x39e9,
    0x39ea, 0x39eb, 0x39ec, 0x39ef, 0x39f5, 0x39f6, 0x39f9, 0x39fd, 0x3a05, 0x3a07, 0x3a09, 0x3a0a, 0x3a0b, 0x3a15, 0x3a16, 0x3a1d,
    0x3a35, 0x3a55, 0x3a56, 0x3a57, 0x3a59, 0x3a5d, 0x3a65, 0x3a67, 0x3a69, 0x3a6a, 0x3a6b, 0x3a74, 0x3a75, 0x3a78, 0x3a84, 0x3a88,
    0x3a8a, 0x3a94, 0x3a98, 0x3a9c, 0x3aa4, 0x3aa8, 0x3aa9, 0x3aae, 0x3ab4, 0x3ad4, 0x3ad5, 0x3ad8, 0x3ada, 0x3adb, 0x3adc, 0x3ae4,
    0x3ae6, 0x3ae8, 0x3aea, 0x3aeb, 0x3aec, 0x3af4, 0x3af5, 0x3af8, 0x3afc, 0x3b04, 0x3b08, 0x3b09, 0x3b0a, 0x3b14, 0x3b15, 0x3b18,
    0x3b2a, 0x3b33, 0x3b37, 0x3b3b, 0x3b43, 0x3b45, 0x3b47, 0x3b49, 0x3b53, 0x3b6a, 0x3b73, 0x3b74, 0x3b77, 0x3b7a, 0x3b7b, 0x3b82,
    0x3b83, 0x3b85, 0x3b87, 0x3b89, 0x3b8a, 0x3b93, 0x3b97, 0x3b9b, 0x3ba7, 0x3ba8, 0x3ba9, 0x3bb3, 0x3bb4, 0x3bb7, 0x3bbb, 0x3bc3,
    0x3bc5, 0x3bc8, 0x3bd3, 0x3bd4, 0x3bd7, 0x3bdb, 0x3be3, 0x3be5, 0x3be9, 0x3bf2, 0x3c12, 0x3c13, 0x3c16, 0x3c18, 0x3c1a, 0x3c1c,
    0x3c21, 0x3c22, 0x3c24, 0x3c26, 0x3c28, 0x3c2c, 0x3c32, 0x3c52, 0x3c53, 0x3c56, 0x3c5a, 0x3c62, 0x3c64, 0x3c66, 0x3c67, 0x3c68,
    0x3cd1, 0x3cd2, 0x3cd3, 0x3cd5, 0x3cd8, 0x3cd9, 0x3cda, 0x3cdb, 0x3ce1, 0x3ce3, 0x3ce5, 0x3ce6, 0x3ce7, 0x3ce8, 0x3ce9, 0x3ceb,
    0x3ced, 0x3cf1, 0x3cf2, 0x3cf5, 0x3cf8, 0x3cf9, 0x3d01, 0x3d03, 0x3d05, 0x3d06, 0x3d07, 0x3d11, 0x3d12, 0x3d15, 0x3d19, 0x3d21,
    0x3d27, 0x3d31, 0x3d51, 0x3d52, 0x3d54, 0x3d55, 0x3d58, 0x3d59, 0x3d5b, 0x3d5c, 0x3d61, 0x3d63, 0x3d65, 0x3d66, 0x3d67, 0x3d68,
    0x3d6d, 0x3d70, 0x3d71, 0x3d74, 0x3d78, 0x3d80, 0x3d82, 0x3d84, 0x3d85, 0x3d86, 0x3d90, 0x3d91, 0x3d94, 0x3d97, 0x3d98, 0x3da0,
    0x3da2, 0x3da4, 0x3da5, 0x3da6, 0x3da9, 0x3daa, 0x3db0, 0x3db4, 0x3dc4, 0x3dd0, 0x3dd1, 0x3dd2, 0x3dd4, 0x3dd8, 0x3dda, 0x3de0,
    0x3de2, 0x3de4, 0x3de6, 0x3deb, 0x3dec, 0x3df0, 0x3df4, 0x3df8, 0x3e04, 0x3e05, 0x3e10, 0x3e2f, 0x3e33, 0x3e37, 0x3e3f, 0x3e41,
    0x3e43, 0x3e4f, 0x3e50, 0x3e53, 0x3e57, 0x3e61, 0x3e63, 0x3e65, 0x3e6f, 0x3e70, 0x3e73, 0x3e76, 0x3e77, 0x3e7f, 0x3e81, 0x3e83,
    0x3e85, 0x3e8f, 0x3ea3, 0x3ea4, 0x3eaf, 0x3ecf, 0x3ed3, 0x3ed7, 0x3edf, 0x3ee1, 0x3eee, 0x3eef, 0x3ef6, 0x3efe, 0x3f00, 0x3f04,
    0x3f0e, 0x3f0f, 0x3f12, 0x3f16, 0x3f17, 0x3f18, 0x3f1e, 0x3f20, 0x3f22, 0x3f24, 0x3f25, 0x3f26, 0x3f29, 0x3f2e, 0x3f32, 0x3f36,
    0x3f44, 0x3f4e, 0x3f4f, 0x3f52, 0x3f56, 0x3f57, 0x3f58, 0x3f5e, 0x3f60, 0x3f62, 0x3f64, 0x3f67, 0x3f69, 0x3fcd, 0x3fce, 0x3fcf,
    0x3fd1, 0x3fd4, 0x3fd5, 0x3fd6, 0x3fd7, 0x3fd8, 0x3fdc, 0x3fdd, 0x3fdf, 0x3fe1, 0x3fe2, 0x3fe3, 0x3fe4, 0x3fe5, 0x3fe9, 0x3fed,
    0x3fee, 0x3ff1, 0x3ff5, 0x3ffd, 0x3fff, 0x4001, 0x4002, 0x4003, 0x400d, 0x4023, 0x402d, 0x404d, 0x404e, 0x404f, 0x4051, 0x4054,
    0x4055, 0x4057, 0x4058, 0x405d, 0x405f, 0x4061, 0x4062, 0x4063, 0x4064, 0x4065, 0x4068, 0x406c, 0x406d, 0x4070, 0x4074, 0x407c,
    0x407e, 0x4080, 0x4081, 0x4082, 0x408c, 0x4090, 0x4094, 0x409c, 0x40a1, 0x40a2, 0x40ac, 0x40b0, 0x40cc, 0x40cd, 0x40d0, 0x40d3,
    0x40d4, 0x40d6, 0x40d8, 0x40db, 0x40dc, 0x40de, 0x40e0, 0x40e2, 0x40e4, 0x40e6, 0x40ec, 0x40f0, 0x40f4, 0x410c, 0x4110, 0x4120,
    0x4121, 0x412b, 0x412f, 0x4133, 0x413b, 0x413d, 0x413f, 0x4140, 0x414b, 0x416b, 0x416c, 0x416f, 0x4172, 0x4173, 0x417b, 0x417d,
    0x417f, 0x4181, 0x418b, 0x419f, 0x41a0, 0x41ab, 0x41c1, 0x41cb, 0x41cf, 0x41d3, 0x41db, 0x41dd, 0x41df, 0x41e1, 0x41ea, 0x41eb,
    0x41ee, 0x41f2, 0x41fa, 0x4200, 0x420a, 0x420b, 0x420e, 0x4211, 0x4212, 0x4214, 0x4215, 0x421a, 0x421c, 0x421e, 0x4220, 0x422a,
    0x424a, 0x424b, 0x424e, 0x4251, 0x4252, 0x425a, 0x425c, 0x425e, 0x425f, 0x4260, 0x4261, 0x4265, 0x42c9, 0x42ca, 0x42cb, 0x42cd,
    0x42d0, 0x42d1, 0x42d8, 0x42d9, 0x42db, 0x42dd, 0x42de, 0x42df, 0x42e5, 0x42e9, 0x42ea, 0x42ed, 0x42f1, 0x42f9, 0x42fb, 0x42fd,
    0x42fe, 0x42ff, 0x4309, 0x4329, 0x4349, 0x434a, 0x434d, 0x4351, 0x4353, 0x4354, 0x4359, 0x435b, 0x435d, 0x435e, 0x435f, 0x4365,
    0x4368, 0x4369, 0x436c, 0x4370, 0x4378, 0x437a, 0x437c, 0x437d, 0x437e, 0x4388, 0x439d, 0x43a8, 0x43c8, 0x43c9, 0x43cc, 0x43d0,
    0x43de, 0x43e8, 0x43f0, 0x4408, 0x4427, 0x442b, 0x4447, 0x4467, 0x4468, 0x446b, 0x446f, 0x4476, 0x4477, 0x447d, 0x4487, 0x44a7,
    0x44c7, 0x44cb, 0x44cf, 0x44d7, 0x44d9, 0x44dd, 0x44e6, 0x4506, 0x4507, 0x450a, 0x450d, 0x450e, 0x4516, 0x4518, 0x451a, 0x4526,
    0x452a, 0x452e, 0x4536, 0x4538, 0x4546, 0x454a, 0x454e, 0x4556, 0x4558, 0x455a, 0x455c, 0x45c5, 0x45c6, 0x45c9, 0x45cd, 0x45d5,
    0x45d7, 0x45d9, 0x45da, 0x45db, 0x45dc, 0x45e0, 0x45e1, 0x45e5, 0x45e6, 0x45e9, 0x45ed, 0x45f5, 0x45f7, 0x45f9, 0x45fa, 0x45fb,
    0x4605, 0x4606, 0x4609, 0x4619, 0x461b, 0x4625, 0x4645, 0x4646, 0x4649, 0x464d, 0x4655, 0x4657, 0x4659, 0x465a, 0x465b, 0x4661,
    0x4664, 0x4665, 0x4668, 0x466b, 0x466c, 0x4674, 0x4676, 0x4678, 0x467a, 0x4684, 0x4685, 0x4688, 0x468c, 0x4694, 0x4696, 0x4698,
    0x4699, 0x469a, 0x46a4, 0x46a8, 0x46b6, 0x46b8, 0x46c4, 0x46c5, 0x46c8, 0x46cc, 0x46d4, 0x46d6, 0x46d8, 0x46da, 0x46e4, 0x46e8,
    0x46fa, 0x4704, 0x4719, 0x4723, 0x4727, 0x472b, 0x4733, 0x4735, 0x4737, 0x4739, 0x4743, 0x4747, 0x474b, 0x4753, 0x4755, 0x4757,
    0x4759, 0x4763, 0x4764, 0x4767, 0x476b, 0x4773, 0x4775, 0x4777, 0x4779, 0x4783, 0x4797, 0x4798, 0x47a3, 0x47c3, 0x47c4, 0x47c7,
    0x47cb, 0x47d3, 0x47d7, 0x47d9, 0x47e2, 0x47e3, 0x47e6, 0x47ea, 0x47f2, 0x47f4, 0x47f6, 0x47f8, 0x4802, 0x4803, 0x4806, 0x480a,
    0x4812, 0x4814, 0x4816, 0x4818, 0x4819, 0x481c, 0x481d, 0x4822, 0x4842, 0x4843, 0x4846, 0x484a, 0x4852, 0x4854, 0x4856, 0x4858,
    0x48c1, 0x48c2, 0x48c5, 0x48c7, 0x48c8, 0x48c9, 0x48ca, 0x48cb, 0x48d1, 0x48d3, 0x48d5, 0x48d7, 0x48d8, 0x48d9, 0x48db, 0x48dd,
    0x48e1, 0x48e2, 0x48e5, 0x48e9, 0x48f1, 0x48f3, 0x48f5, 0x48f6, 0x48f7, 0x48f8, 0x48f9, 0x4901, 0x4902, 0x4909, 0x4917, 0x4921,
    0x4941, 0x4942, 0x4945, 0x4949, 0x494b, 0x4951, 0x4953, 0x4955, 0x4957, 0x4958, 0x495d, 0x4960, 0x4961, 0x4964, 0x4968, 0x4970,
    0x4972, 0x4974, 0x4975, 0x4976, 0x4978, 0x497a, 0x4980, 0x4981, 0x4984, 0x4988, 0x4990, 0x4994, 0x4995, 0x4996, 0x4998, 0x49a0,
    0x49c0, 0x49c1, 0x49c3, 0x49c4, 0x49c7, 0x49c8, 0x49ca, 0x49d0, 0x49d2, 0x49d4, 0x49d6, 0x49dc, 0x49e0, 0x49e4, 0x49f5, 0x49f6,
    0x4a00, 0x4a1f, 0x4a23, 0x4a27, 0x4a31, 0x4a33, 0x4a35, 0x4a3f, 0x4a43, 0x4a47, 0x4a51, 0x4a53, 0x4a5f, 0x4a60, 0x4a61, 0x4a63,
    0x4a66, 0x4a67, 0x4a68, 0x4a69, 0x4a6f, 0x4a71, 0x4a73, 0x4a75, 0x4a79, 0x4a7b, 0x4a7f, 0x4a83, 0x4a87, 0x4a91, 0x4a93, 0x4a9f,
    0x4abf, 0x4ac3, 0x4ac7, 0x4ade, 0x4ae2, 0x4ae6, 0x4aee, 0x4af2, 0x4afe, 0x4aff, 0x4b02, 0x4b06, 0x4b0e, 0x4b12, 0x4b14, 0x4b1e,
    0x4b22, 0x4b3e, 0x4b3f, 0x4b42, 0x4b45, 0x4b46, 0x4b48, 0x4b4e, 0x4b50, 0x4b52, 0x4b53, 0x4b54, 0x4b55, 0x4b56, 0x4b58, 0x4bbd,
    0x4bbe, 0x4bbf, 0x4bc0, 0x4bc1, 0x4bc4, 0x4bc5, 0x4bc6, 0x4bc7, 0x4bc8, 0x4bcd, 0x4bcf, 0x4bd1, 0x4bd2, 0x4bd3, 0x4bd7, 0x4bdd,
    0x4bde, 0x4be1, 0x4be4, 0x4be5, 0x4bed, 0x4bef, 0x4bf1, 0x4bf2, 0x4bf3, 0x4bf7, 0x4bfd, 0x4bfe, 0x4c01, 0x4c0d, 0x4c0f, 0x4c1d,
    0x4c3d, 0x4c3e, 0x4c41, 0x4c44, 0x4c45, 0x4c47, 0x4c4d, 0x4c4f, 0x4c51, 0x4c52, 0x4c53, 0x4c54, 0x4c56, 0x4c5c, 0x4c5d, 0x4c60,
    0x4c63, 0x4c64, 0x4c6c, 0x4c6e, 0x4c70, 0x4c71, 0x4c72, 0x4c76, 0x4c7c, 0x4c7d, 0x4c80, 0x4c84, 0x4c8c, 0x4c8e, 0x4c90, 0x4c91,
    0x4c92, 0x4c93, 0x4c94, 0x4c95, 0x4c96, 0x4c9c, 0x4ca0, 0x4cbc, 0x4cbd, 0x4cbe, 0x4cc0, 0x4cc4, 0x4ccc, 0x4cce, 0x4cd0, 0x4cd2,
    0x4cdc, 0x4ce0, 0x4cf0, 0x4cf1, 0x4cfc, 0x4d11, 0x4d1b, 0x4d1c, 0x4d1f, 0x4d23, 0x4d2b, 0x4d2d, 0x4d3b, 0x4d3f, 0x4d5b, 0x4d5c,
    0x4d5f, 0x4d62, 0x4d63, 0x4d64, 0x4d65, 0x4d6b, 0x4d6d, 0x4d6f, 0x4d71, 0x4d73, 0x4d75, 0x4d76, 0x4d7b, 0x4d83, 0x4d90, 0x4d94,
    0x4d9b, 0x4dbb, 0x4dbc, 0x4dbf, 0x4dc3, 0x4dd1, 0x4dda, 0x4dde, 0x4de2, 0x4dea, 0x4dee, 0x4df0, 0x4dfa, 0x4dfb, 0x4dfe, 0x4e02,
    0x4e06, 0x4e0a, 0x4e0c, 0x4e0e, 0x4e10, 0x4e1a, 0x4e3a, 0x4e3b, 0x4e3e, 0x4e41, 0x4e42, 0x4e44, 0x4e4a, 0x4e4c, 0x4e4e, 0x4e50,
    0x4e51, 0x4e52, 0x4eb9, 0x4eba, 0x4ebd, 0x4ec1, 0x4ec3, 0x4ec9, 0x4ecb, 0x4ecd, 0x4ece, 0x4ecf, 0x4ed5, 0x4ed9, 0x4eda, 0x4edd,
    0x4ee1, 0x4ee9, 0x4eeb, 0x4eed, 0x4eee, 0x4eef, 0x4ef9, 0x4efa, 0x4efd, 0x4f09, 0x4f19, 0x4f39, 0x4f3a, 0x4f3d, 0x4f40, 0x4f41,
    0x4f49, 0x4f4d, 0x4f4e, 0x4f4f, 0x4f58, 0x4f59, 0x4f5c, 0x4f60, 0x4f6c, 0x4f6e, 0x4f78, 0x4f79, 0x4f88, 0x4f8a, 0x4f8c, 0x4f8d,
    0x4f8e, 0x4f98, 0x4fb8, 0x4fb9, 0x4fbc, 0x4fc0, 0x4fc8, 0x4fca, 0x4fce, 0x4fd8, 0x4ff8, 0x5017, 0x5037, 0x5047, 0x504d, 0x5057,
    0x5058, 0x505b, 0x505f, 0x5060, 0x5067, 0x5069, 0x506b, 0x506d, 0x5077, 0x5097, 0x50b7, 0x50d6, 0x50ec, 0x50f6, 0x50f7, 0x50fa,
    0x50fe, 0x5106, 0x5108, 0x5116, 0x5136, 0x5137, 0x513a, 0x513e, 0x5146, 0x5148, 0x514a, 0x514c, 0x51b5, 0x51b6, 0x51b7, 0x51b8,
    0x51b9, 0x51bc, 0x51bd, 0x51be, 0x51bf, 0x51c0, 0x51c4, 0x51c5, 0x51c7, 0x51c9, 0x51ca, 0x51cb, 0x51cd, 0x51cf, 0x51d1, 0x51d5,
    0x51d6, 0x51d9, 0x51dc, 0x51dd, 0x51e5, 0x51e7, 0x51e9, 0x51ea, 0x51eb, 0x51f5, 0x51f6, 0x51f9, 0x51fd, 0x5205, 0x5207, 0x5209,
    0x520b, 0x5215, 0x5219, 0x521d, 0x5225, 0x522b, 0x5235, 0x5236, 0x5237, 0x5238, 0x5239, 0x523c, 0x523d, 0x523e, 0x523f, 0x5240,
    0x5245, 0x5247, 0x5249, 0x524a, 0x524b, 0x5250, 0x5254, 0x5255, 0x5258, 0x525b, 0x525c, 0x5264, 0x5266, 0x5268, 0x5269, 0x526a,
    0x526e, 0x5274, 0x5275, 0x5277, 0x5278, 0x527c, 0x5284, 0x5286, 0x5288, 0x5289, 0x528a, 0x5294, 0x5298, 0x529c, 0x52aa, 0x52b4,
    0x52b5, 0x52b6, 0x52b8, 0x52bb, 0x52bc, 0x52be, 0x52c4, 0x52c6, 0x52c8, 0x52ca, 0x52ce, 0x52d4, 0x52d5, 0x52d8, 0x52dc, 0x52e8,
    0x52ea, 0x52f4, 0x52f8, 0x52fc, 0x5304, 0x5308, 0x5309, 0x5313, 0x5317, 0x531b, 0x5323, 0x5325, 0x5327, 0x5333, 0x5334, 0x5337,
    0x533b, 0x5343, 0x5345, 0x5347, 0x5349, 0x5353, 0x5354, 0x5357, 0x535a, 0x535b, 0x5363, 0x5365, 0x5367, 0x5369, 0x536b, 0x536d,
    0x536e, 0x5373, 0x5388, 0x5393, 0x5394, 0x5397, 0x539b, 0x53a3, 0x53a9, 0x53b3, 0x53b4, 0x53b7, 0x53bb, 0x53c3, 0x53c5, 0x53c7,
    0x53c9, 0x53d2, 0x53d3, 0x53d6, 0x53da, 0x53e2, 0x53e6, 0x53e8, 0x53f2, 0x53f3, 0x53f6, 0x53fa, 0x53fb, 0x5401, 0x5402, 0x5404,
    0x5406, 0x5408, 0x5412, 0x5432, 0x5433, 0x5436, 0x5439, 0x543a, 0x543c, 0x5441, 0x5442, 0x5444, 0x5446, 0x5448, 0x544d, 0x54b1,
    0x54b2, 0x54b4, 0x54b5, 0x54b9, 0x54bb, 0x54c1, 0x54c3, 0x54c5, 0x54c6, 0x54c7, 0x54cd, 0x54d1, 0x54d2, 0x54d5, 0x54d9, 0x54e1,
    0x54e3, 0x54e5, 0x54e6, 0x54e7, 0x54f1, 0x5505, 0x5507, 0x5511, 0x5531, 0x5532, 0x5535, 0x5539, 0x553b, 0x5541, 0x5543, 0x5545,
    0x5546, 0x5547, 0x5550, 0x5551, 0x5554, 0x5558, 0x5566, 0x5570, 0x5590, 0x5594, 0x55b0, 0x55b1, 0x55b4, 0x55b7, 0x55b8, 0x55ba,
    0x55c0, 0x55c2, 0x55c6, 0x55d0, 0x55d1, 0x55d4, 0x55d8, 0x55e5, 0x55f0, 0x5605, 0x560f, 0x5613, 0x5617, 0x561f, 0x5621, 0x5623,
    0x562f, 0x564f, 0x5650, 0x5653, 0x5657, 0x565f, 0x5661, 0x5663, 0x5665, 0x566f, 0x5683, 0x5684, 0x568f, 0x56af, 0x56b3, 0x56cb,
    0x56ce, 0x56e4, 0x56ee, 0x56ef, 0x56f2, 0x56f6, 0x56f8, 0x56fd, 0x56fe, 0x5700, 0x570e, 0x5712, 0x5716, 0x571e, 0x572e, 0x572f,
    0x5732, 0x5736, 0x573e, 0x5740, 0x5742, 0x5743, 0x5744, 0x5746, 0x57ad, 0x57ae, 0x57b1, 0x57b2, 0x57b3, 0x57b5, 0x57b6, 0x57b7,
    0x57b8, 0x57bc, 0x57bd, 0x57bf, 0x57c1, 0x57c2, 0x57c3, 0x57c7, 0x57c8, 0x57c9, 0x57cd, 0x57ce, 0x57d1, 0x57d5, 0x57dd, 0x57df,
    0x57e1, 0x57e2, 0x57e3, 0x57ed, 0x57ee, 0x57f1, 0x57f5, 0x57f8, 0x57fd, 0x57ff, 0x5801, 0x5802, 0x5803, 0x5807, 0x5809, 0x580d,
    0x5811, 0x5815, 0x581f, 0x5821, 0x582d, 0x582e, 0x582f, 0x5831, 0x5832, 0x5834, 0x5835, 0x5836, 0x5837, 0x583d, 0x583f, 0x5840,
    0x5841, 0x5842, 0x5843, 0x5844, 0x5846, 0x5848, 0x584c, 0x584d, 0x5850, 0x5854, 0x585c, 0x585e, 0x5860, 0x5862, 0x586c, 0x586d,
    0x586e, 0x5870, 0x5871, 0x5873, 0x5874, 0x5876, 0x5877, 0x587c, 0x587e, 0x587f, 0x5880, 0x5881, 0x5882, 0x5886, 0x5887, 0x5888,
    0x588c, 0x5890, 0x5894, 0x589c, 0x589e, 0x58a0, 0x58a1, 0x58a2, 0x58ac, 0x58ad, 0x58b0, 0x58b3, 0x58b4, 0x58b5, 0x58b6, 0x58b8,
    0x58bb, 0x58bc, 0x58be, 0x58c0, 0x58c2, 0x58c3, 0x58c4, 0x58cc, 0x58cd, 0x58d0, 0x58d4, 0x58dc, 0x58de, 0x58e0, 0x58e1, 0x58e2,
    0x58ec, 0x58ed, 0x58f0, 0x58fc, 0x5900, 0x5902, 0x590b, 0x590c, 0x590f, 0x5913, 0x591b, 0x591d, 0x591f, 0x5921, 0x592b, 0x592c,
    0x592f, 0x5933, 0x593b, 0x593d, 0x593f, 0x5941, 0x594b, 0x594c, 0x594f, 0x5952, 0x5953, 0x5954, 0x5955, 0x595b, 0x595d, 0x595f,
    0x5961, 0x596b, 0x596c, 0x596f, 0x5973, 0x597b, 0x597d, 0x597f, 0x5980, 0x5981, 0x598b, 0x598c, 0x598f, 0x5993, 0x599b, 0x599d,
    0x59a1, 0x59ab, 0x59ac, 0x59af, 0x59b2, 0x59b3, 0x59bb, 0x59bd, 0x59bf, 0x59c1, 0x59ca, 0x59cb, 0x59ce, 0x59d2, 0x59da, 0x59dc,
    0x59de, 0x59e0, 0x59e1, 0x59e2, 0x59ea, 0x59eb, 0x59ee, 0x59f2, 0x59f8, 0x59fa, 0x59fc, 0x59fe, 0x5a00, 0x5a01, 0x5a02, 0x5a03,
    0x5a04, 0x5a05, 0x5a06, 0x5a0a, 0x5a0e, 0x5a12, 0x5a1a, 0x5a1e, 0x5a2a, 0x5a2b, 0x5a2e, 0x5a31, 0x5a32, 0x5a33, 0x5a34, 0x5a39,
    0x5a3a, 0x5a3c, 0x5a3e, 0x5a3f, 0x5a40, 0x5a41, 0x5a45, 0x5aa9, 0x5aaa, 0x5aad, 0x5aaf, 0x5ab0, 0x5ab1, 0x5ab3, 0x5ab9, 0x5abb,
    0x5abd, 0x5abe, 0x5abf, 0x5ac0, 0x5ac1, 0x5ac4, 0x5ac9, 0x5aca, 0x5acd, 0x5ad1, 0x5ad9, 0x5adb, 0x5add, 0x5ade, 0x5adf, 0x5ae9,
    0x5aea, 0x5aed, 0x5aef, 0x5af1, 0x5af9, 0x5aff, 0x5b09, 0x5b0d, 0x5b11, 0x5b29, 0x5b2a, 0x5b2d, 0x5b30, 0x5b31, 0x5b33, 0x5b39,
    0x5b3b, 0x5b3d, 0x5b3e, 0x5b3f, 0x5b40, 0x5b45, 0x5b48, 0x5b49, 0x5b4c, 0x5b50, 0x5b58, 0x5b5a, 0x5b5c, 0x5b5e, 0x5b68, 0x5b69,
    0x5b6c, 0x5b70, 0x5b78, 0x5b7a, 0x5b7c, 0x5b7d, 0x5b7e, 0x5b88, 0x5ba8, 0x5ba9, 0x5bac, 0x5bb0, 0x5bb2, 0x5bb8, 0x5bba, 0x5bbc,
    0x5bbe, 0x5bbf, 0x5bc0, 0x5bc4, 0x5bc8, 0x5bc9, 0x5bcc, 0x5bd0, 0x5bd8, 0x5bda, 0x5bdc, 0x5bdd, 0x5bde, 0x5be8, 0x5bec, 0x5bf0,
    0x5bf8, 0x5bfd, 0x5bfe, 0x5c07, 0x5c0b, 0x5c0f, 0x5c17, 0x5c19, 0x5c1b, 0x5c1d, 0x5c27, 0x5c28, 0x5c2b, 0x5c2f, 0x5c37, 0x5c39,
    0x5c3d, 0x5c47, 0x5c48, 0x5c4b, 0x5c4f, 0x5c50, 0x5c51, 0x5c57, 0x5c59, 0x5c5b, 0x5c5d, 0x5c67, 0x5c7b, 0x5c7c, 0x5c87, 0x5ca7,
    0x5ca8, 0x5cab, 0x5caf, 0x5cb7, 0x5cb9, 0x5cbb, 0x5cc6, 0x5cc7, 0x5cca, 0x5cce, 0x5cd6, 0x5ce6, 0x5ce7, 0x5cea, 0x5cee, 0x5cf6,
    0x5cf8, 0x5cfa, 0x5cfc, 0x5d06, 0x5d26, 0x5d27, 0x5d2a, 0x5d2d, 0x5d2e, 0x5d30, 0x5d36, 0x5d38, 0x5d3a, 0x5d3b, 0x5d3c, 0x5d3d,
    0x5d40, 0x5d41, 0x5da5, 0x5da6, 0x5da9, 0x5dab, 0x5dad, 0x5db0, 0x5db5, 0x5db7, 0x5db9, 0x5dba, 0x5dbb, 0x5dc5, 0x5dc6, 0x5dc9,
    0x5dcd, 0x5dd5, 0x5dd7, 0x5dd9, 0x5dda, 0x5ddb, 0x5de5, 0x5de9, 0x5dfb, 0x5e05, 0x5e25, 0x5e26, 0x5e29, 0x5e2d, 0x5e30, 0x5e35,
    0x5e37, 0x5e39, 0x5e3a, 0x5e3b, 0x5e44, 0x5e4c, 0x5e5a, 0x5e64, 0x5e78, 0x5e79, 0x5e84, 0x5ea4, 0x5ea5, 0x5ea8, 0x5eac, 0x5eb4,
    0x5eb6, 0x5eb8, 0x5eba, 0x5ebb, 0x5ebc, 0x5ec4, 0x5ec5, 0x5ecc, 0x5ed9, 0x5ee4, 0x5ef9, 0x5f03, 0x5f07, 0x5f0b, 0x5f13, 0x5f15,
    0x5f23, 0x5f39, 0x5f43, 0x5f44, 0x5f47, 0x5f4b, 0x5f53, 0x5f55, 0x5f59, 0x5f63, 0x5f78, 0x5f79, 0x5f83, 0x5fa3, 0x5fc2, 0x5fe2,
    0x5ff2, 0x5ff4, 0x5ff6, 0x5ff8, 0x6002, 0x6022, 0x6023, 0x6026, 0x602a, 0x6032, 0x6034, 0x6036, 0x6038, 0x6039, 0x603d, 0x603e,
    0x60a1, 0x60a2, 0x60a5, 0x60a7, 0x60a8, 0x60a9, 0x60b1, 0x60b3, 0x60b5, 0x60b6, 0x60b7, 0x60b8, 0x60b9, 0x60bc, 0x60c1, 0x60c2,
    0x60c5, 0x60c9, 0x60d1, 0x60d3, 0x60d5, 0x60d6, 0x60d7, 0x60e1, 0x60e5, 0x60e7, 0x60e9, 0x60f1, 0x60f3, 0x60f7, 0x6101, 0x6121,
    0x6122, 0x6125, 0x6129, 0x6131, 0x6133, 0x6135, 0x6136, 0x6137, 0x6140, 0x6141, 0x6144, 0x6148, 0x6150, 0x6152, 0x6154, 0x6156,
    0x6160, 0x6164, 0x6174, 0x6175, 0x6176, 0x6180, 0x6184, 0x6196, 0x61a0, 0x61a1, 0x61a4, 0x61a8, 0x61b0, 0x61b2, 0x61b4, 0x61b6,
    0x61c0, 0x61c4, 0x61c8, 0x61d6, 0x61e0, 0x61ff, 0x6203, 0x6207, 0x620f, 0x6211, 0x6213, 0x6215, 0x621f, 0x622f, 0x623f, 0x6240,
    0x6243, 0x6247, 0x624f, 0x6251, 0x6253, 0x6255, 0x625f, 0x6273, 0x6274, 0x627f, 0x6283, 0x629f, 0x62a3, 0x62a7, 0x62af, 0x62b1,
    0x62b3, 0x62b5, 0x62be, 0x62c2, 0x62c6, 0x62ce, 0x62d4, 0x62de, 0x62df, 0x62e2, 0x62e6, 0x62ee, 0x62f0, 0x62f2, 0x62f4, 0x62fe,
    0x631e, 0x631f, 0x6322, 0x6325, 0x6326, 0x6327, 0x632e, 0x6330, 0x6332, 0x6334, 0x639d, 0x639e, 0x63a1, 0x63a4, 0x63a5, 0x63ad,
    0x63af, 0x63b1, 0x63b3, 0x63bd, 0x63be, 0x63c1, 0x63c4, 0x63c5, 0x63cd, 0x63cf, 0x63d1, 0x63d2, 0x63d3, 0x63d7, 0x63dd, 0x63de,
    0x63f3, 0x63fd, 0x641d, 0x641e, 0x6421, 0x6424, 0x6425, 0x642d, 0x642f, 0x6431, 0x6432, 0x6433, 0x6437, 0x643c, 0x643d, 0x6440,
    0x6444, 0x644c, 0x644e, 0x6450, 0x6452, 0x6456, 0x645c, 0x6460, 0x6464, 0x646c, 0x646e, 0x6470, 0x6471, 0x6472, 0x647c, 0x649c,
    0x649d, 0x64a0, 0x64a4, 0x64ac, 0x64ae, 0x64b0, 0x64b2, 0x64bc, 0x64bd, 0x64c0, 0x64c4, 0x64cc, 0x64d2, 0x64dc, 0x64dd, 0x64e0,
    0x64f0, 0x64f2, 0x64fb, 0x64ff, 0x6503, 0x6511, 0x651b, 0x653b, 0x653c, 0x653f, 0x6543, 0x654b, 0x654d, 0x654f, 0x6551, 0x655b,
    0x655f, 0x6563, 0x6571, 0x657b, 0x6591, 0x659b, 0x659c, 0x659f, 0x65a3, 0x65ab, 0x65ad, 0x65af, 0x65b1, 0x65ba, 0x65be, 0x65c2,
    0x65ca, 0x65da, 0x65db, 0x65de, 0x65e2, 0x65ea, 0x65ec, 0x65f0, 0x65fa, 0x661a, 0x661b, 0x661e, 0x6622, 0x662a, 0x662c, 0x662e,
    0x6630, 0x6699, 0x669a, 0x669d, 0x66a1, 0x66a2, 0x66a9, 0x66ab, 0x66ad, 0x66ae, 0x66af, 0x66b9, 0x66ba, 0x66bd, 0x66c1, 0x66c9,
    0x66cb, 0x66cd, 0x66ce, 0x66cf, 0x66d9, 0x66ef, 0x66f9, 0x6719, 0x671a, 0x671d, 0x6721, 0x6723, 0x6729, 0x672b, 0x672d, 0x672e,
    0x672f, 0x6738, 0x6739, 0x673c, 0x6740, 0x6748, 0x674a, 0x674c, 0x674d, 0x674e, 0x6758, 0x6759, 0x675c, 0x676d, 0x6778, 0x677c,
    0x6798, 0x6799, 0x679c, 0x67a0, 0x67a8, 0x67aa, 0x67ac, 0x67ae, 0x67b3, 0x67b8, 0x67bc, 0x67d8, 0x67f7, 0x67fb, 0x680b, 0x680d,
    0x6817, 0x6837, 0x6838, 0x683b, 0x683f, 0x6847, 0x6849, 0x684b, 0x684d, 0x6857, 0x686c, 0x6877, 0x688b, 0x6897, 0x6898, 0x689b,
    0x689f, 0x68a7, 0x68a9, 0x68ab, 0x68ad, 0x68b6, 0x68ba, 0x68be, 0x68c6, 0x68cc, 0x68d6, 0x68d7, 0x68da, 0x68dd, 0x68de, 0x68e0,
    0x68e6, 0x68e8, 0x68ea, 0x68ec, 0x68f6, 0x68fa, 0x68fe, 0x6906, 0x6908, 0x690a, 0x6916, 0x6917, 0x691a, 0x691e, 0x6926, 0x6928,
    0x692a, 0x692c, 0x6931, 0x6995, 0x6996, 0x6997, 0x6999, 0x699d, 0x699f, 0x69a5, 0x69a7, 0x69a9, 0x69aa, 0x69ab, 0x69af, 0x69b0,
    0x69b5, 0x69b6, 0x69b9, 0x69bd, 0x69c5, 0x69c7, 0x69c9, 0x69ca, 0x69cb, 0x69d5, 0x69d6, 0x69eb, 0x69f5, 0x6a15, 0x6a16, 0x6a19,
    0x6a1d, 0x6a25, 0x6a27, 0x6a29, 0x6a2a, 0x6a2b, 0x6a34, 0x6a35, 0x6a38, 0x6a3c, 0x6a44, 0x6a46, 0x6a48, 0x6a4a, 0x6a4f, 0x6a54,
    0x6a55, 0x6a58, 0x6a5c, 0x6a64, 0x6a66, 0x6a68, 0x6a69, 0x6a6a, 0x6a74, 0x6a7c, 0x6a86, 0x6a88, 0x6a94, 0x6a95, 0x6a98, 0x6a9c,
    0x6aa4, 0x6aa6, 0x6aa8, 0x6aaa, 0x6ab4, 0x6aca, 0x6ad4, 0x6af3, 0x6af7, 0x6b13, 0x6b17, 0x6b1b, 0x6b25, 0x6b27, 0x6b33, 0x6b34,
    0x6b37, 0x6b3a, 0x6b3b, 0x6b3d, 0x6b43, 0x6b45, 0x6b47, 0x6b49, 0x6b53, 0x6b69, 0x6b73, 0x6b93, 0x6b97, 0x6b9b, 0x6ba3, 0x6ba7,
    0x6bb2, 0x6bb3, 0x6bb6, 0x6bba, 0x6bc2, 0x6bc6, 0x6bc8, 0x6bd2, 0x6bd3, 0x6bd6, 0x6bda, 0x6bde, 0x6be2, 0x6be4, 0x6be6, 0x6be8,
    0x6bf2, 0x6bf6, 0x6c12, 0x6c13, 0x6c16, 0x6c1a, 0x6c22, 0x6c24, 0x6c26, 0x6c28, 0x6c91, 0x6c92, 0x6c95, 0x6c98, 0x6c99, 0x6c9a,
    0x6c9e, 0x6ca1, 0x6ca3, 0x6ca5, 0x6ca6, 0x6ca7, 0x6cab, 0x6cb1, 0x6cb2, 0x6cb5, 0x6cb9, 0x6cc1, 0x6cc3, 0x6cc5, 0x6cc6, 0x6cc7,
    0x6cd1, 0x6ce7, 0x6cf1, 0x6d11, 0x6d12, 0x6d15, 0x6d18, 0x6d19, 0x6d1b, 0x6d21, 0x6d23, 0x6d25, 0x6d27, 0x6d30, 0x6d31, 0x6d34,
    0x6d38, 0x6d40, 0x6d42, 0x6d44, 0x6d46, 0x6d50, 0x6d51, 0x6d54, 0x6d58, 0x6d60, 0x6d62, 0x6d64, 0x6d65, 0x6d66, 0x6d70, 0x6d74,
    0x6d78, 0x6d80, 0x6d82, 0x6d90, 0x6d91, 0x6d94, 0x6d98, 0x6d9d, 0x6da0, 0x6da2, 0x6da4, 0x6da6, 0x6daa, 0x6db0, 0x6db1, 0x6db4,
    0x6db8, 0x6dc4, 0x6dc6, 0x6dd0, 0x6dd1, 0x6dd4, 0x6de4, 0x6de6, 0x6def, 0x6df0, 0x6df3, 0x6df7, 0x6e01, 0x6e03, 0x6e05, 0x6e0f,
    0x6e10, 0x6e13, 0x6e17, 0x6e1f, 0x6e21, 0x6e23, 0x6e2f, 0x6e30, 0x6e33, 0x6e37, 0x6e3c, 0x6e3f, 0x6e41, 0x6e43, 0x6e45, 0x6e4f,
    0x6e53, 0x6e57, 0x6e5f, 0x6e65, 0x6e6f, 0x6e70, 0x6e73, 0x6e77, 0x6e7f, 0x6e85, 0x6e8f, 0x6e90, 0x6e93, 0x6e97, 0x6e9f, 0x6ea1,
    0x6ea3, 0x6ea5, 0x6eae, 0x6eaf, 0x6eb2, 0x6eb6, 0x6ebe, 0x6ec2, 0x6ec4, 0x6ece, 0x6ecf, 0x6ed2, 0x6ed4, 0x6ed5, 0x6ed6, 0x6ed7,
    0x6ede, 0x6ee0, 0x6ee2, 0x6ee4, 0x6ee8, 0x6eee, 0x6eef, 0x6ef2, 0x6ef6, 0x6efe, 0x6f00, 0x6f04, 0x6f0e, 0x6f0f, 0x6f12, 0x6f16,
    0x6f1e, 0x6f20, 0x6f22, 0x6f24, 0x6f6d, 0x6f6e, 0x6f6f, 0x6f70, 0x6f71, 0x6f72, 0x6f73, 0x6f74, 0x6f75, 0x6f76, 0x6f77, 0x6f78,
    0x6f79, 0x6f7a, 0x6f7b, 0x6f7c, 0x6f7d, 0x6f7e, 0x6f7f, 0x6f80, 0x6f81, 0x6f82, 0x6f83, 0x6f84, 0x6f85, 0x6f86, 0x6f87, 0x6f88,
    0x6f89, 0x6f8a, 0x6f8b, 0x6f8c, 0x6f8d, 0x6f8e, 0x6f8f, 0x6f90, 0x6f91, 0x6f92, 0x6f93, 0x6f94, 0x6f95, 0x6f96, 0x6f97, 0x6f98,
    0x6f99, 0x6f9a, 0x6f9b, 0x6f9c, 0x6f9d, 0x6f9e, 0x6f9f, 0x6fa0, 0x6fa1, 0x6fa2, 0x6fa3, 0x6fa4, 0x6fa5, 0x6fa6, 0x6fa7, 0x6fa8,
    0x6fa9, 0x6faa, 0x6fab, 0x6fad, 0x6fae, 0x6faf, 0x6fb0, 0x6fb1, 0x6fb2, 0x6fb3, 0x6fb4, 0x6fb5, 0x6fb6, 0x6fb7, 0x6fb8, 0x6fb9,
    0x6fba, 0x6fbb, 0x6fbc, 0x6fbd, 0x6fbe, 0x6fbf, 0x6fc0, 0x6fc1, 0x6fc2, 0x6fc3, 0x6fc4, 0x6fc5, 0x6fc6, 0x6fc7, 0x6fc8, 0x6fc9,
    0x6fca, 0x6fcb, 0x6fcc, 0x6fcd, 0x6fce, 0x6fcf, 0x6fd0, 0x6fd1, 0x6fd2, 0x6fd3, 0x6fd4, 0x6fd5, 0x6fd6, 0x6fd7, 0x6fd8, 0x6fd9,
    0x6fda, 0x6fdb, 0x6fdc, 0x6fdd, 0x6fde, 0x6fdf, 0x6fe0, 0x6fe1, 0x6fe2, 0x6fe3, 0x6fe4, 0x6fe5, 0x6fe6, 0x6fe7, 0x6fe8, 0x6fe9,
    0x6fea, 0x6feb, 0x6fec, 0x6fed, 0x6fee, 0x6fef, 0x6ff0, 0x6ff1, 0x6ff2, 0x6ff3, 0x6ff4, 0x6ff5, 0x6ff6, 0x6ff7, 0x6ff8, 0x6ff9,
    0x6ffa, 0x6ffb, 0x6ffc, 0x6ffd, 0x6ffe, 0x6fff, 0x7000, 0x7001, 0x7002, 0x7003, 0x7004, 0x7005, 0x7006, 0x7007, 0x7008, 0x7009,
    0x700a, 0x700b, 0x700c, 0x700d, 0x700e, 0x700f, 0x7010, 0x7011, 0x7012, 0x7013, 0x7014, 0x7015, 0x7016, 0x7017, 0x7018, 0x7019,
    0x701a, 0x701b, 0x701c, 0x701d, 0x701e, 0x701f, 0x7020, 0x7021, 0x7022, 0x7023, 0x7024, 0x7025, 0x7026, 0x7027, 0x7028, 0x7029,
    0x702c, 0x702d, 0x702e, 0x702f, 0x7030, 0x7031, 0x7032, 0x7033, 0x7034, 0x7035, 0x7036, 0x7037, 0x7038, 0x7039, 0x703a, 0x703b,
    0x703c, 0x703d, 0x703e, 0x703f, 0x7040, 0x7041, 0x7042, 0x7043, 0x7044, 0x7045, 0x7046, 0x7047, 0x7048, 0x7049, 0x704a, 0x704b,
    0x704c, 0x704d, 0x704e, 0x704f, 0x7050, 0x7051, 0x7052, 0x7053, 0x7054, 0x7055, 0x7056, 0x7057, 0x7058, 0x7059, 0x705a, 0x705b,
    0x705c, 0x705d, 0x705e, 0x705f, 0x7060, 0x7061, 0x7062, 0x7063, 0x7064, 0x7065, 0x7066, 0x7067, 0x7068, 0x7069, 0x706a, 0x706c,
    0x706d, 0x706e, 0x706f, 0x7070, 0x7071, 0x7072, 0x7073, 0x7074, 0x7075, 0x7076, 0x7077, 0x7078, 0x7079, 0x707a, 0x707b, 0x707c,
    0x707d, 0x707e, 0x707f, 0x7080, 0x7081, 0x7082, 0x7083, 0x7084, 0x7085, 0x7086, 0x7087, 0x7088, 0x7089, 0x708a, 0x708b, 0x708c,
    0x708d, 0x708e, 0x708f, 0x7090, 0x7091, 0x7092, 0x7093, 0x7094, 0x7095, 0x7096, 0x7097, 0x7098, 0x7099, 0x709a, 0x709b, 0x709c,
    0x709d, 0x709e, 0x709f, 0x70a0, 0x70a1, 0x70a2, 0x70a3, 0x70a4, 0x70a5, 0x70a6, 0x70a7, 0x70a8, 0x70a9, 0x70aa, 0x70ab, 0x70ac,
    0x70ad, 0x70ae, 0x70af, 0x70b0, 0x70b1, 0x70b2, 0x70b3, 0x70b4, 0x70b5, 0x70b6, 0x70b7, 0x70b8, 0x70b9, 0x70ba, 0x70bb, 0x70bc,
    0x70bd, 0x70be, 0x70bf, 0x70c0, 0x70c1, 0x70c2, 0x70c3, 0x70c4, 0x70c5, 0x70c6, 0x70c7, 0x70c8, 0x70c9, 0x70ca, 0x70cb, 0x70cc,
    0x70cd, 0x70ce, 0x70cf, 0x70d0, 0x70d1, 0x70d2, 0x70d3, 0x70d4, 0x70d5, 0x70d6, 0x70d7, 0x70d8, 0x70d9, 0x70da, 0x70db, 0x70dc,
    0x70dd, 0x70de, 0x70df, 0x70e0, 0x70e1, 0x70e2, 0x70e3, 0x70e4, 0x70e5, 0x70e6, 0x70e7, 0x70e8, 0x70eb, 0x70ec, 0x70ed, 0x70ee,
    0x70ef, 0x70f0, 0x70f1, 0x70f2, 0x70f3, 0x70f4, 0x70f5, 0x70f6, 0x70f7, 0x70f8, 0x70f9, 0x70fa, 0x70fb, 0x70fc, 0x70fd, 0x70fe,
    0x70ff, 0x7100, 0x7101, 0x7102, 0x7103, 0x7104, 0x7105, 0x7106, 0x7107, 0x7108, 0x7109, 0x710a, 0x710b, 0x710c, 0x710d, 0x710e,
    0x710f, 0x7110, 0x7111, 0x7112, 0x7113, 0x7114, 0x7115, 0x7116, 0x7117, 0x7118, 0x7119, 0x711a, 0x711b, 0x711c, 0x711d, 0x711e,
    0x711f, 0x7120, 0x7121, 0x7122, 0x7123, 0x7124, 0x7125, 0x7126, 0x7127, 0x7128, 0x7129, 0x712b, 0x712c, 0x712d, 0x712e, 0x712f,
    0x7130, 0x7131, 0x7132, 0x7133, 0x7134, 0x7135, 0x7136, 0x7137, 0x7138, 0x7139, 0x713a, 0x713b, 0x713c, 0x713d, 0x713e, 0x713f,
    0x7140, 0x7141, 0x7142, 0x7143, 0x7144, 0x7145, 0x7146, 0x7147, 0x7148, 0x7149, 0x714a, 0x714b, 0x714c, 0x714d, 0x714e, 0x714f,
    0x7150, 0x7151, 0x7152, 0x7153, 0x7154, 0x7155, 0x7156, 0x7157, 0x7158, 0x7159, 0x715a, 0x715b, 0x715c, 0x715d, 0x715e, 0x715f,
    0x7160, 0x7161, 0x7162, 0x7163, 0x7164, 0x7165, 0x7166, 0x7167, 0x7168, 0x7169, 0x716a, 0x716b, 0x716c, 0x716d, 0x716e, 0x716f,
    0x7170, 0x7171, 0x7172, 0x7173, 0x7174, 0x7175, 0x7176, 0x7177, 0x7178, 0x7179, 0x717a, 0x717b, 0x717c, 0x717d, 0x717e, 0x717f,
    0x7180, 0x7181, 0x7182, 0x7183, 0x7184, 0x7185, 0x7186, 0x7187, 0x7188, 0x7189, 0x718a, 0x718b, 0x718c, 0x718d, 0x718e, 0x718f,
    0x7190, 0x7191, 0x7192, 0x7193, 0x7194, 0x7195, 0x7196, 0x7197, 0x7198, 0x7199, 0x719a, 0x719b, 0x719c, 0x719d, 0x719e, 0x719f,
    0x71a0, 0x71a1, 0x71a2, 0x71a3, 0x71a4, 0x71a5, 0x71a6, 0x71a7, 0x71aa, 0x71ab, 0x71ac, 0x71ad, 0x71ae, 0x71af, 0x71b0, 0x71b1,
    0x71b2, 0x71b3, 0x71b4, 0x71b5, 0x71b6, 0x71b7, 0x71b8, 0x71b9, 0x71ba, 0x71bb, 0x71bc, 0x71bd, 0x71be, 0x71bf, 0x71c0, 0x71c1,
    0x71c2, 0x71c3, 0x71c4, 0x71c5, 0x71c6, 0x71c7, 0x71c8, 0x71c9, 0x71ca, 0x71cb, 0x71cc, 0x71cd, 0x71ce, 0x71cf, 0x71d0, 0x71d1,
    0x71d2, 0x71d3, 0x71d4, 0x71d5, 0x71d6, 0x71d7, 0x71d8, 0x71d9, 0x71da, 0x71db, 0x71dc, 0x71dd, 0x71de, 0x71df, 0x71e0, 0x71e1,
    0x71e2, 0x71e3, 0x71e4, 0x71e5, 0x71e6, 0x71e7, 0x71e8, 0x71ea, 0x71eb, 0x71ec, 0x71ed, 0x71ee, 0x71ef, 0x71f0, 0x71f1, 0x71f2,
    0x71f3, 0x71f4, 0x71f5, 0x71f6, 0x71f7, 0x71f8, 0x71f9, 0x71fa, 0x71fb, 0x71fc, 0x71fd, 0x71fe, 0x71ff, 0x7200, 0x7201, 0x7202,
    0x7203, 0x7204, 0x7205, 0x7206, 0x7207, 0x7208, 0x7209, 0x720a, 0x720b, 0x720c, 0x720d, 0x720e, 0x720f, 0x7210, 0x7211, 0x7212,
    0x7213, 0x7214, 0x7215, 0x7216, 0x7217, 0x7218, 0x7219, 0x721a, 0x721b, 0x721c, 0x721d, 0x721e, 0x721f, 0x7220, 0x7221, 0x7222,
    0x7223, 0x7224, 0x7225, 0x7226, 0x7227, 0x7228, 0x7229, 0x722a, 0x722b, 0x722c, 0x722d, 0x722e, 0x722f, 0x7230, 0x7231, 0x7232,
    0x7233, 0x7234, 0x7235, 0x7236, 0x7237, 0x7238, 0x7239, 0x723a, 0x723b, 0x723c, 0x723d, 0x723e, 0x723f, 0x7240, 0x7241, 0x7242,
    0x7243, 0x7244, 0x7245, 0x7246, 0x7247, 0x7248, 0x7249, 0x724a, 0x724b, 0x724c, 0x724d, 0x724e, 0x724f, 0x7250, 0x7251, 0x7252,
    0x7253, 0x7254, 0x7255, 0x7256, 0x7257, 0x7258, 0x7259, 0x725a, 0x725b, 0x725c, 0x725d, 0x725e, 0x725f, 0x7260, 0x7261, 0x7262,
    0x7263, 0x7264, 0x7265, 0x7266, 0x7269, 0x726a, 0x726b, 0x726c, 0x726d, 0x726e, 0x726f, 0x7270, 0x7271, 0x7272, 0x7273, 0x7274,
    0x7275, 0x7276, 0x7277, 0x7278, 0x7279, 0x727a, 0x727b, 0x727c, 0x727d, 0x727e, 0x727f, 0x7280, 0x7281, 0x7282, 0x7283, 0x7284,
    0x7285, 0x7286, 0x7287, 0x7288, 0x7289, 0x728a, 0x728b, 0x728c, 0x728d, 0x728e, 0x728f, 0x7290, 0x7291, 0x7292, 0x7293, 0x7294,
    0x7295, 0x7296, 0x7297, 0x7298, 0x7299, 0x729a, 0x729b, 0x729c, 0x729d, 0x729e, 0x729f, 0x72a0, 0x72a1, 0x72a2, 0x72a3, 0x72a4,
    0x72a5, 0x72a6, 0x72a7, 0x72a9, 0x72aa, 0x72ab, 0x72ac, 0x72ad, 0x72ae, 0x72af, 0x72b0, 0x72b1, 0x72b2, 0x72b3, 0x72b4, 0x72b5,
    0x72b6, 0x72b7, 0x72b8, 0x72b9, 0x72ba, 0x72bb, 0x72bc, 0x72bd, 0x72be, 0x72bf, 0x72c0, 0x72c1, 0x72c2, 0x72c3, 0x72c4, 0x72c5,
    0x72c6, 0x72c7, 0x72c8, 0x72c9, 0x72ca, 0x72cb, 0x72cc, 0x72cd, 0x72ce, 0x72cf, 0x72d0, 0x72d1, 0x72d2, 0x72d3, 0x72d4, 0x72d5,
    0x72d6, 0x72d7, 0x72d8, 0x72d9, 0x72da, 0x72db, 0x72dc, 0x72dd, 0x72de, 0x72df, 0x72e0, 0x72e1, 0x72e2, 0x72e3, 0x72e4, 0x72e5,
    0x72e6, 0x72e7, 0x72e8, 0x72e9, 0x72ea, 0x72eb, 0x72ec, 0x72ed, 0x72ee, 0x72ef, 0x72f0, 0x72f1, 0x72f2, 0x72f3, 0x72f4, 0x72f5,
    0x72f6, 0x72f7, 0x72f8, 0x72f9, 0x72fa, 0x72fb, 0x72fc, 0x72fd, 0x72fe, 0x72ff, 0x7300, 0x7301, 0x7302, 0x7303, 0x7304, 0x7305,
    0x7306, 0x7307, 0x7308, 0x7309, 0x730a, 0x730b, 0x730c, 0x730d, 0x730e, 0x730f, 0x7310, 0x7311, 0x7312, 0x7313, 0x7314, 0x7315,
    0x7316, 0x7317, 0x7318, 0x7319, 0x731a, 0x731b, 0x731c, 0x731d, 0x731e, 0x731f, 0x7320, 0x7321, 0x7322, 0x7323, 0x7324, 0x7325,
    0x7328, 0x7329, 0x732a, 0x732b, 0x732c, 0x732d, 0x732e, 0x732f, 0x7330, 0x7331, 0x7332, 0x7333, 0x7334, 0x7335, 0x7336, 0x7337,
    0x7338, 0x7339, 0x733a, 0x733b, 0x733c, 0x733d, 0x733e, 0x733f, 0x7340, 0x7341, 0x7342, 0x7343, 0x7344, 0x7345, 0x7346, 0x7347,
    0x7348, 0x7349, 0x734a, 0x734b, 0x734c, 0x734d, 0x734e, 0x734f, 0x7350, 0x7351, 0x7352, 0x7353, 0x7354, 0x7355, 0x7356, 0x7357,
    0x7358, 0x7359, 0x735a, 0x735b, 0x735c, 0x735d, 0x735e, 0x735f, 0x7360, 0x7361, 0x7362, 0x7363, 0x7364, 0x7365, 0x7366, 0x7368,
    0x7369, 0x736a, 0x736b, 0x736c, 0x736d, 0x736e, 0x736f, 0x7370, 0x7371, 0x7372, 0x7373, 0x7374, 0x7375, 0x7376, 0x7377, 0x7378,
    0x7379, 0x737a, 0x737b, 0x737c, 0x737d, 0x737e, 0x737f, 0x7380, 0x7381, 0x7382, 0x7383, 0x7384, 0x7385, 0x7386, 0x7387, 0x7388,
    0x7389, 0x738a, 0x738b, 0x738c, 0x738d, 0x738e, 0x738f, 0x7390, 0x7391, 0x7392, 0x7393, 0x7394, 0x7395, 0x7396, 0x7397, 0x7398,
    0x7399, 0x739a, 0x739b, 0x739c, 0x739d, 0x739e, 0x739f, 0x73a0, 0x73a1, 0x73a2, 0x73a3, 0x73a4, 0x73a5, 0x73a6, 0x73a7, 0x73a8,
    0x73a9, 0x73aa, 0x73ab, 0x73ac, 0x73ad, 0x73ae, 0x73af, 0x73b0, 0x73b1, 0x73b2, 0x73b3, 0x73b4, 0x73b5, 0x73b6, 0x73b7, 0x73b8,
    0x73b9, 0x73ba, 0x73bb, 0x73bc, 0x73bd, 0x73be, 0x73bf, 0x73c0, 0x73c1, 0x73c2, 0x73c3, 0x73c4, 0x73c5, 0x73c6, 0x73c7, 0x73c8,
    0x73c9, 0x73ca, 0x73cb, 0x73cc, 0x73cd, 0x73ce, 0x73cf, 0x73d0, 0x73d1, 0x73d2, 0x73d3, 0x73d4, 0x73d5, 0x73d6, 0x73d7, 0x73d8,
    0x73d9, 0x73da, 0x73db, 0x73dc, 0x73dd, 0x73de, 0x73df, 0x73e0, 0x73e1, 0x73e2, 0x73e3, 0x73e4, 0x73e7, 0x73e8, 0x73e9, 0x73ea,
    0x73eb, 0x73ec, 0x73ed, 0x73ee, 0x73ef, 0x73f0, 0x73f1, 0x73f2, 0x73f3, 0x73f4, 0x73f5, 0x73f6, 0x73f7, 0x73f8, 0x73f9, 0x73fa,
    0x73fb, 0x73fc, 0x73fd, 0x73fe, 0x73ff, 0x7400, 0x7401, 0x7402, 0x7403, 0x7404, 0x7405, 0x7406, 0x7407, 0x7408, 0x7409, 0x740a,
    0x740b, 0x740c, 0x740d, 0x740e, 0x740f, 0x7410, 0x7411, 0x7412, 0x7413, 0x7414, 0x7415, 0x7416, 0x7417, 0x7418, 0x7419, 0x741a,
    0x741b, 0x741c, 0x741d, 0x741e, 0x741f, 0x7420, 0x7421, 0x7422, 0x7423, 0x7424, 0x7425, 0x7427, 0x7428, 0x7429, 0x742a, 0x742b,
    0x742c, 0x742d, 0x742e, 0x742f, 0x7430, 0x7431, 0x7432, 0x7433, 0x7434, 0x7435, 0x7436, 0x7437, 0x7438, 0x7439, 0x743a, 0x743b,
    0x743c, 0x743d, 0x743e, 0x743f, 0x7440, 0x7441, 0x7442, 0x7443, 0x7444, 0x7445, 0x7446, 0x7447, 0x7448, 0x7449, 0x744a, 0x744b,
    0x744c, 0x744d, 0x744e, 0x744f, 0x7450, 0x7451, 0x7452, 0x7453, 0x7454, 0x7455, 0x7456, 0x7457, 0x7458, 0x7459, 0x745a, 0x745b,
    0x745c, 0x745d, 0x745e, 0x745f, 0x7460, 0x7461, 0x7462, 0x7463, 0x7464, 0x7465, 0x7466, 0x7467, 0x7468, 0x7469, 0x746a, 0x746b,
    0x746c, 0x746d, 0x746e, 0x746f, 0x7470, 0x7471, 0x7472, 0x7473, 0x7474, 0x7475, 0x7476, 0x7477, 0x7478, 0x7479, 0x747a, 0x747b,
    0x747c, 0x747d, 0x747e, 0x747f, 0x7480, 0x7481, 0x7482, 0x7483, 0x7484, 0x7485, 0x7486, 0x7487, 0x7488, 0x7489, 0x748a, 0x748b,
    0x748c, 0x748d, 0x748e, 0x748f, 0x7490, 0x7491, 0x7492, 0x7493, 0x7494, 0x7495, 0x7496, 0x7497, 0x7498, 0x7499, 0x749a, 0x749b,
    0x749c, 0x749d, 0x749e, 0x749f, 0x74a0, 0x74a1, 0x74a2, 0x74a3, 0x74a6, 0x74a7, 0x74a8, 0x74a9, 0x74aa, 0x74ab, 0x74ac, 0x74ad,
    0x74ae, 0x74af, 0x74b0, 0x74b1, 0x74b2, 0x74b3, 0x74b4, 0x74b5, 0x74b6, 0x74b7, 0x74b8, 0x74b9, 0x74ba, 0x74bb, 0x74bc, 0x74bd,
    0x74be, 0x74bf, 0x74c0, 0x74c1, 0x74c2, 0x74c3, 0x74c4, 0x74c5, 0x74c6, 0x74c7, 0x74c8, 0x74c9, 0x74ca, 0x74cb, 0x74cc, 0x74cd,
    0x74ce, 0x74cf, 0x74d0, 0x74d1, 0x74d2, 0x74d3, 0x74d4, 0x74d5, 0x74d6, 0x74d7, 0x74d8, 0x74d9, 0x74da, 0x74db, 0x74dc, 0x74dd,
    0x74de, 0x74df, 0x74e0, 0x74e1, 0x74e2, 0x74e3, 0x74e4, 0x74e6, 0x74e7, 0x74e8, 0x74e9, 0x74ea, 0x74eb, 0x74ec, 0x74ed, 0x74ee,
    0x74ef, 0x74f0, 0x74f1, 0x74f2, 0x74f3, 0x74f4, 0x74f5, 0x74f6, 0x74f7, 0x74f8, 0x74f9, 0x74fa, 0x74fb, 0x74fc, 0x74fd, 0x74fe,
    0x74ff, 0x7500, 0x7501, 0x7502, 0x7503, 0x7504, 0x7505, 0x7506, 0x7507, 0x7508, 0x7509, 0x750a, 0x750b, 0x750c, 0x750d, 0x750e,
    0x750f, 0x7510, 0x7511, 0x7512, 0x7513, 0x7514, 0x7515, 0x7516, 0x7517, 0x7518, 0x7519, 0x751a, 0x751b, 0x751c, 0x751d, 0x751e,
    0x751f, 0x7520, 0x7521, 0x7522, 0x7523, 0x7524, 0x7525, 0x7526, 0x7527, 0x7528, 0x7529, 0x752a, 0x752b, 0x752c, 0x752d, 0x752e,
    0x752f, 0x7530, 0x7531, 0x7532, 0x7533, 0x7534, 0x7535, 0x7536, 0x7537, 0x7538, 0x7539, 0x753a, 0x753b, 0x753c, 0x753d, 0x753e,
    0x753f, 0x7540, 0x7541, 0x7542, 0x7543, 0x7544, 0x7545, 0x7546, 0x7547, 0x7548, 0x7549, 0x754a, 0x754b, 0x754c, 0x754d, 0x754e,
    0x754f, 0x7550, 0x7551, 0x7552, 0x7553, 0x7554, 0x7555, 0x7556, 0x7557, 0x7558, 0x7559, 0x755a, 0x755b, 0x755c, 0x755d, 0x755e,
    0x755f, 0x7560, 0x7561, 0x7562, 0x7565, 0x7566, 0x7567, 0x7568, 0x7569, 0x756a, 0x756b, 0x756c, 0x756d, 0x756e, 0x756f, 0x7570,
    0x7571, 0x7572, 0x7573, 0x7574, 0x7575, 0x7576, 0x7577, 0x7578, 0x7579, 0x757a, 0x757b, 0x757c, 0x757d, 0x757e, 0x757f, 0x7580,
    0x7581, 0x7582, 0x7583, 0x7584, 0x7585, 0x7586, 0x7587, 0x7588, 0x7589, 0x758a, 0x758b, 0x758c, 0x758d, 0x758e, 0x758f, 0x7590,
    0x7591, 0x7592, 0x7593, 0x7594, 0x7595, 0x7596, 0x7597, 0x7598, 0x7599, 0x759a, 0x759b, 0x759c, 0x759d, 0x759e, 0x759f, 0x75a0,
    0x75a1, 0x75a2, 0x75a3, 0x75a5, 0x75a6, 0x75a7, 0x75a8, 0x75a9, 0x75aa, 0x75ab, 0x75ac, 0x75ad, 0x75ae, 0x75af, 0x75b0, 0x75b1,
    0x75b2, 0x75b3, 0x75b4, 0x75b5, 0x75b6, 0x75b7, 0x75b8, 0x75b9, 0x75ba, 0x75bb, 0x75bc, 0x75bd, 0x75be, 0x75bf, 0x75c0, 0x75c1,
    0x75c2, 0x75c3, 0x75c4, 0x75c5, 0x75c6, 0x75c7, 0x75c8, 0x75c9, 0x75ca, 0x75cb, 0x75cc, 0x75cd, 0x75ce, 0x75cf, 0x75d0, 0x75d1,
    0x75d2, 0x75d3, 0x75d4, 0x75d5, 0x75d6, 0x75d7, 0x75d8, 0x75d9, 0x75da, 0x75db, 0x75dc, 0x75dd, 0x75de, 0x75df, 0x75e0, 0x75e1,
    0x75e2, 0x75e3, 0x75e4, 0x75e5, 0x75e6, 0x75e7, 0x75e8, 0x75e9, 0x75ea, 0x75eb, 0x75ec, 0x75ed, 0x75ee, 0x75ef, 0x75f0, 0x75f1,
    0x75f2, 0x75f3, 0x75f4, 0x75f5, 0x75f6, 0x75f7, 0x75f8, 0x75f9, 0x75fa, 0x75fb, 0x75fc, 0x75fd, 0x75fe, 0x75ff, 0x7600, 0x7601,
    0x7602, 0x7603, 0x7604, 0x7605, 0x7606, 0x7607, 0x7608, 0x7609, 0x760a, 0x760b, 0x760c, 0x760d, 0x760e, 0x760f, 0x7610, 0x7611,
    0x7612, 0x7613, 0x7614, 0x7615, 0x7616, 0x7617, 0x7618, 0x7619, 0x761a, 0x761b, 0x761c, 0x761d, 0x761e, 0x761f, 0x7620, 0x7621,
    0x7624, 0x7625, 0x7626, 0x7627, 0x7628, 0x7629, 0x762a, 0x762b, 0x762c, 0x762d, 0x762e, 0x762f, 0x7630, 0x7631, 0x7632, 0x7633,
    0x7634, 0x7635, 0x7636, 0x7637, 0x7638, 0x7639, 0x763a, 0x763b, 0x763c, 0x763d, 0x763e, 0x763f, 0x7640, 0x7641, 0x7642, 0x7643,
    0x7644, 0x7645, 0x7646, 0x7647, 0x7648, 0x7649, 0x764a, 0x764b, 0x764c, 0x764d, 0x764e, 0x764f, 0x7650, 0x7651, 0x7652, 0x7653,
    0x7654, 0x7655, 0x7656, 0x7657, 0x7658, 0x7659, 0x765a, 0x765b, 0x765c, 0x765d, 0x765e, 0x765f, 0x7660, 0x7661, 0x7662, 0x7664,
    0x7665, 0x7666, 0x7667, 0x7668, 0x7669, 0x766a, 0x766b, 0x766c, 0x766d, 0x766e, 0x766f, 0x7670, 0x7671, 0x7672, 0x7673, 0x7674,
    0x7675, 0x7676, 0x7677, 0x7678, 0x7679, 0x767a, 0x767b, 0x767c, 0x767d, 0x767e, 0x767f, 0x7680, 0x7681, 0x7682, 0x7683, 0x7684,
    0x7685, 0x7686, 0x7687, 0x7688, 0x7689, 0x768a, 0x768b, 0x768c, 0x768d, 0x768e, 0x768f, 0x7690, 0x7691, 0x7692, 0x7693, 0x7694,
    0x7695, 0x7696, 0x7697, 0x7698, 0x7699, 0x769a, 0x769b, 0x769c, 0x769d, 0x769e, 0x769f, 0x76a0, 0x76a1, 0x76a2, 0x76a3, 0x76a4,
    0x76a5, 0x76a6, 0x76a7, 0x76a8, 0x76a9, 0x76aa, 0x76ab, 0x76ac, 0x76ad, 0x76ae, 0x76af, 0x76b0, 0x76b1, 0x76b2, 0x76b3, 0x76b4,
    0x76b5, 0x76b6, 0x76b7, 0x76b8, 0x76b9, 0x76ba, 0x76bb, 0x76bc, 0x76bd, 0x76be, 0x76bf, 0x76c0, 0x76c1, 0x76c2, 0x76c3, 0x76c4,
    0x76c5, 0x76c6, 0x76c7, 0x76c8, 0x76c9, 0x76ca, 0x76cb, 0x76cc, 0x76cd, 0x76ce, 0x76cf, 0x76d0, 0x76d1, 0x76d2, 0x76d3, 0x76d4,
    0x76d5, 0x76d6, 0x76d7, 0x76d8, 0x76d9, 0x76da, 0x76db, 0x76dc, 0x76dd, 0x76de, 0x76df, 0x76e0, 0x0d0e, 0x0d81, 0x0df0, 0x0eb4,
    0x0f71, 0x0f87, 0x0fab, 0x0fb8, 0x111c, 0x1135, 0x1176, 0x1278, 0x12e6, 0x1311, 0x138b, 0x139d, 0x13b7, 0x13e3, 0x1401, 0x1496,
    0x149a, 0x14ab, 0x14b2, 0x14c6, 0x14cb, 0x1540, 0x1557, 0x15b3, 0x15f3, 0x1660, 0x16af, 0x16ce, 0x19c9, 0x1a58, 0x1ae0, 0x1b8c,
    0x1ba9, 0x1bbf, 0x1be5, 0x1c5e, 0x1ceb, 0x1d20, 0x1d8d, 0x1d99, 0x1eed, 0x0d71, 0x0d80, 0x0e18, 0x0e2f, 0x0e51, 0x1f21, 0x0f01,
    0x0f13, 0x0f2c, 0x0f37, 0x1f32, 0x1f33, 0x1f35, 0x1f36, 0x1f37, 0x1f38, 0x1f39, 0x1f3a, 0x1f3b, 0x1f3c, 0x1f3d, 0x1f3e, 0x1f3f,
    0x1f40, 0x1f41, 0x1f42, 0x1f43, 0x1f44, 0x1f45, 0x1f46, 0x1f47, 0x1f48, 0x1f49, 0x1f4d, 0x1f4e, 0x1f4f, 0x1f50, 0x1f51, 0x1f52,
    0x1f54, 0x1f55, 0x1f56, 0x1f57, 0x1f58, 0x1f59, 0x1f5a, 0x1f5d, 0x1f5e, 0x1f5f, 0x1f60, 0x1f61, 0x1f62, 0x1f63, 0x1f64, 0x1f65,
    0x1f66, 0x1f68, 0x1f69, 0x1f6a, 0x1f6b, 0x1f6c, 0x1f6d, 0x1f6e, 0x1f6f, 0x1f70, 0x1f71, 0x1f72, 0x1f73, 0x1f74, 0x1f75, 0x1f76,
    0x1f77, 0x1f78, 0x1f79, 0x1f7a, 0x1f7b, 0x1f7c, 0x1f7d, 0x1f7e, 0x1f7f, 0x1f80, 0x1f82, 0x1f83, 0x1f84, 0x1f85, 0x1f86, 0x1f87,
    0x1f88, 0x1f89, 0x1061, 0x1fa0, 0x107d, 0x1fa1, 0x1fa2, 0x1fa7, 0x1fac, 0x1162, 0x1fbe, 0x12cc, 0x12ea, 0x1309, 0x1369, 0x139b,
    0x13ba, 0x142a, 0x142d, 0x143f, 0x1470, 0x1477, 0x14de, 0x14f6, 0x1530, 0x15ed, 0x15f7, 0x15ff, 0x1665, 0x2045, 0x2046, 0x2048,
    0x2049, 0x204a, 0x204b, 0x204d, 0x204e, 0x204f, 0x2050, 0x2055, 0x2057, 0x2058, 0x2059, 0x205a, 0x205b, 0x205e, 0x2063, 0x2064,
    0x2065, 0x2066, 0x2067, 0x2068, 0x2069, 0x206a, 0x206b, 0x206c, 0x206d, 0x16be, 0x2070, 0x2071, 0x2072, 0x2073, 0x2074, 0x2076,
    0x2077, 0x2078, 0x2079, 0x207a, 0x207b, 0x207c, 0x16d6, 0x207d, 0x207e, 0x16da, 0x207f, 0x2080, 0x2081, 0x2082, 0x2084, 0x2085,
    0x2086, 0x2087, 0x2088, 0x2089, 0x208b, 0x2091, 0x16f7, 0x2093, 0x2094, 0x2095, 0x2097, 0x2099, 0x209a, 0x209c, 0x209f, 0x20a0,
    0x20a1, 0x171d, 0x20b4, 0x20b5, 0x20b7, 0x20b8, 0x20ba, 0x176d, 0x20bb, 0x20bd, 0x20be, 0x20bf, 0x20c7, 0x17b6, 0x20da, 0x20de,
    0x20df, 0x20e0, 0x20e3, 0x20e4, 0x20e6, 0x20e7, 0x20e8, 0x20e9, 0x20ea, 0x20eb, 0x20ed, 0x20ee, 0x20ef, 0x20f0, 0x20f1, 0x20f3,
    0x20f5, 0x20f6, 0x20f7, 0x20f8, 0x20fa, 0x20fd, 0x20fe, 0x20ff, 0x1868, 0x2100, 0x2101, 0x2102, 0x2103, 0x2104, 0x2105, 0x2108,
    0x2109, 0x210c, 0x210d, 0x210e, 0x210f, 0x2111, 0x2112, 0x2113, 0x2117, 0x2119, 0x211a, 0x211b, 0x211e, 0x211f, 0x2120, 0x2122,
    0x2123, 0x2124, 0x18ea, 0x2130, 0x1a87, 0x215f, 0x1ac9, 0x1b1b, 0x1b62, 0x1c2a, 0x1c2d, 0x218a, 0x1c5b, 0x1c67, 0x2191, 0x2195,
    0x21a2, 0x1d46, 0x1d84, 0x1dfa, 0x0298, 0x02bd, 0x02b9, 0x0299, 0x02aa, 0x028e, 0x02bb, 0x028b, 0x029b, 0x029a, 0x028c, 0x02a9,
    0x029e, 0x0289, 0x029f, 0x032e, 0x032f, 0x0330, 0x0331, 0x0332, 0x0333, 0x0334, 0x0335, 0x0336, 0x0337, 0x02b8, 0x029c, 0x028a,
    0x02bc, 0x02ac, 0x02ad, 0x02ba, 0x02ff, 0x0300, 0x0301, 0x0302, 0x0303, 0x0304, 0x0305, 0x0306, 0x0307, 0x030f, 0x0310, 0x0311,
    0x0312, 0x0313, 0x0314, 0x0315, 0x0316, 0x0317, 0x0320, 0x0321, 0x0322, 0x0323, 0x0324, 0x0325, 0x0326, 0x0327, 0x020a, 0x01ca,
    0x020b, 0x01e9, 0x02ab, 0x02b7, 0x02bf, 0x02c0, 0x02c1, 0x02c2, 0x02c3, 0x02c4, 0x02c5, 0x02c6, 0x02c7, 0x02cf, 0x02d0, 0x02d1,
    0x02d2, 0x02d3, 0x02d4, 0x02d5, 0x02d6, 0x02d7, 0x02e0, 0x02e1, 0x02e2, 0x02e3, 0x02e4, 0x02e5, 0x02e6, 0x02e7, 0x02fe, 0x028d,
    0x030e, 0x0042, 0x0043, 0x0044, 0x0045, 0x0046, 0x0047, 0x0048, 0x0049, 0x0052, 0x0053, 0x0054, 0x0055, 0x0056, 0x0057, 0x0058,
    0x0059, 0x0062, 0x0063, 0x0064, 0x0065, 0x0066, 0x0067, 0x0068, 0x0069, 0x0072, 0x0073, 0x0074, 0x0075, 0x0076, 0x0077, 0x0078,
    0x008a, 0x008b, 0x008c, 0x008d, 0x008e, 0x008f, 0x009a, 0x009b, 0x009c, 0x009d, 0x009e, 0x009f, 0x00aa, 0x00ab, 0x00ac, 0x00ad,
    0x00ae, 0x00af, 0x00ba, 0x00bb, 0x00bc, 0x0288, 0x01ea, 0x029d, 0x01cb, 0x02a8, 0x01eb, 0x031e,
];
pub static EXTRA: [(u32, u32, u8); 70] = [
    (0xe, 0x3f, 1), (0xf, 0x3f, 1), (0xa0, 0x3f, 1), (0xa3, 0x3f, 1),
    (0xa5, 0x3f, 1), (0xa9, 0x3f, 1), (0xab, 0x3f, 1), (0xad, 0xe4148, 3),
    (0xae, 0x3f, 1), (0xaf, 0x3f, 1), (0xb5, 0x3f, 1), (0xb7, 0xe4143, 3),
    (0xbb, 0x3f, 1), (0xc0, 0x3f, 1), (0xc1, 0x3f, 1), (0xc2, 0x3f, 1),
    (0xc3, 0x3f, 1), (0xc4, 0x3f, 1), (0xc5, 0x3f, 1), (0xc7, 0x3f, 1),
    (0xc8, 0x3f, 1), (0xc9, 0x3f, 1), (0xca, 0x3f, 1), (0xcb, 0x3f, 1),
    (0xcc, 0x3f, 1), (0xcd, 0x3f, 1), (0xce, 0x3f, 1), (0xcf, 0x3f, 1),
    (0xd1, 0x3f, 1), (0xd2, 0x3f, 1), (0xd3, 0x3f, 1), (0xd4, 0x3f, 1),
    (0xd5, 0x3f, 1), (0xd6, 0x3f, 1), (0xd9, 0x3f, 1), (0xda, 0x3f, 1),
    (0xdb, 0x3f, 1), (0xdc, 0x3f, 1), (0xdd, 0x3f, 1), (0xe0, 0x3f, 1),
    (0xe1, 0x3f, 1), (0xe2, 0x3f, 1), (0xe3, 0x3f, 1), (0xe4, 0x3f, 1),
    (0xe5, 0x3f, 1), (0xe7, 0x3f, 1), (0xe8, 0x3f, 1), (0xe9, 0x3f, 1),
    (0xea, 0x3f, 1), (0xeb, 0x3f, 1), (0xec, 0x3f, 1), (0xed, 0x3f, 1),
    (0xee, 0x3f, 1), (0xef, 0x3f, 1), (0xf1, 0x3f, 1), (0xf2, 0x3f, 1),
    (0xf3, 0x3f, 1), (0xf4, 0x3f, 1), (0xf5, 0x3f, 1), (0xf6, 0x3f, 1),
    (0xf9, 0x3f, 1), (0xfa, 0x3f, 1), (0xfb, 0x3f, 1), (0xfc, 0x3f, 1),
    (0xfd, 0x3f, 1), (0xff, 0x3f, 1), (0x2015, 0xe4149, 3), (0x223c, 0xe42a1, 3),
    (0x2299, 0xe496f, 3), (0xff5e, 0xe4954, 3),
];
pub static RDEC: [(u32, u32, u32); 0] = [
];
pub static RENC: [(u32, u32, u32); 0] = [
];

pub static MB: Mb = Mb {
    sets: &[
        Set { prefix: &[], lead_lo: 0x0, lead_hi: 0xff, trail_lo: 0x0, trail_hi: 0x0, nbytes: 1, base: 0, data: &D0 },
        Set { prefix: &[14], lead_lo: 0x40, lead_hi: 0xfe, trail_lo: 0x40, trail_hi: 0xfe, nbytes: 2, base: 256, data: &D1 },
    ],
    wide: &WIDE,
    enc_cp: &ENC_CP,
    enc_pos: &ENC_POS,
    extra: &EXTRA,
    runs_dec: &RDEC,
    runs_enc: &RENC,
};
