use crate::mb::{Mb, Set};

pub static D0: [u16; 256] = [
    0xfffe, 0x0001, 0x0002, 0x0003, 0x0004, 0x0005, 0x0006, 0x0007, 0x0008, 0x0009, 0x000a, 0x000b, 0x000c, 0x000d, 0x000e, 0x000f,
    0x0010, 0x0011, 0x0012, 0x0013, 0x0014, 0x0015, 0x0016, 0x0017, 0x0018, 0x0019, 0x001a, 0x001b, 0x001c, 0x001d, 0x001e, 0x001f,
    0x0020, 0x0021, 0x0022, 0x0023, 0x0024, 0x0025, 0x0026, 0x0027, 0x0028, 0x0029, 0x002a, 0x002b, 0x002c, 0x002d, 0x002e, 0x002f,
    0x0030, 0x0031, 0x0032, 0x0033, 0x0034, 0x0035, 0x0036, 0x0037, 0x0038, 0x0039, 0x003a, 0x003b, 0x003c, 0x003d, 0x003e, 0x003f,
    0x0040, 0x0041, 0x0042, 0x0043, 0x0044, 0x0045, 0x0046, 0x0047, 0x0048, 0x0049, 0x004a, 0x004b, 0x004c, 0x004d, 0x004e, 0x004f,
    0x0050, 0x0051, 0x0052, 0x0053, 0x0054, 0x0055, 0x0056, 0x0057, 0x0058, 0x0059, 0x005a, 0x005b, 0x20a9, 0x005d, 0x005e, 0x005f,
    0x0060, 0x0061, 0x0062, 0x0063, 0x0064, 0x0065, 0x0066, 0x0067, 0x0068, 0x0069, 0x006a, 0x006b, 0x006c, 0x006d, 0x006e, 0x006f,
    0x0070, 0x0071, 0x0072, 0x0073, 0x0074, 0x0075, 0x0076, 0x0077, 0x0078, 0x0079, 0x007a, 0x007b, 0x007c, 0x007d, 0x007e, 0x007f,
    0x0000, 0x0000, 0x0000, 0x0000, 0x0000, 0x0000, 0x0000, 0x0000, 0x0000, 0x0000, 0x0000, 0x0000, 0x0000, 0x0000, 0x0000, 0x0000,
    0x0000, 0x0000, 0x0000, 0x0000, 0x0000, 0x0000, 0x0000, 0x0000, 0x0000, 0x0000, 0x0000, 0x0000, 0x0000, 0x0000, 0x0000, 0x0000,
    0x0000, 0x0000, 0x0000, 0x0000, 0x0000, 0x0000, 0x0000, 0x0000, 0x0000, 0x0000, 0x0000, 0x0000, 0x0000, 0x0000, 0x0000, 0x0000,
    0x0000, 0x0000, 0x0000, 0x0000, 0x0000, 0x0000, 0x0000, 0x0000, 0x0000, 0x0000, 0x0000, 0x0000, 0x0000, 0x0000, 0x0000, 0x0000,
    0x0000, 0x0000, 0x0000, 0x0000, 0x0000, 0x0000, 0x0000, 0x0000, 0x0000, 0x0000, 0x0000, 0x0000, 0x0000, 0x0000, 0x0000, 0x0000,
    0x0000, 0x0000, 0x0000, 0x0000, 0x0000, 0x0000, 0x0000, 0x0000, 0x0000, 0x0000, 0x0000, 0x0000, 0x0000, 0x0000, 0x0000, 0x0000,
    0x0000, 0x0000, 0x0000, 0x0000, 0x0000, 0x0000, 0x0000, 0x0000, 0x0000, 0x0000, 0x0000, 0x0000, 0x0000, 0x0000, 0x0000, 0x0000,
    0x0000, 0x0000, 0x0000, 0x0000, 0x0000, 0x0000, 0x0000, 0x0000, 0x0000, 0x0000, 0x0000, 0x0000, 0x0000, 0x0000, 0x0000, 0x0000,
];
pub static D1: [u16; 24308] = [
    0x0000, 0x0000, 0x0000, 0x0000, 0x0000, 0x0000, 0x0000, 0x0000, 0x0000, 0x0000, 0x0000, 0x0000, 0x0000, 0x0000, 0x0000, 0x0000,
    0x0000, 0x0000, 0x0000, 0x3133, 0x0000, 0x3135, 0x3136, 0x0000, 0x0000, 0x313a, 0x313b, 0x313c, 0x313d, 0x313e, 0x313f, 0x3140,
    0x0000, 0x0000, 0x0000, 0x3144, 0x0000, 0x0000, 0x0000, 0x0000, 0x0000, 0x0000, 0x0000, 0x0000, 0x0000, 0x0000, 0x0000, 0x0000,
    0x314f, 0x0000, 0x0000, 0x0000, 0x0000, 0x0000, 0x0000, 0x0000, 0x0000, 0x0000, 0x0000, 0x0000, 0x0000, 0x0000, 0x0000, 0x0000,
    0x0000, 0x0000, 0x0000, 0x0000, 0x0000, 0x0000, 0x0000, 0x0000, 0x0000, 0x0000, 0x0000, 0x0000, 0x0000, 0x0000, 0x0000, 0x0000,
    0x3150, 0x0000, 0x0000, 0x0000, 0x0000, 0x0000, 0x0000, 0x0000, 0x0000, 0x0000, 0x0000, 0x0000, 0x0000, 0x0000, 0x0000, 0x0000,
    0x0000, 0x0000, 0x0000, 0x0000, 0x0000, 0x0000, 0x0000, 0x0000, 0x0000, 0x0000, 0x0000, 0x0000, 0x0000, 0x0000, 0x0000, 0x0000,
    0x3151, 0x0000, 0x0000, 0x0000, 0x0000, 0x0000, 0x0000, 0x0000, 0x0000, 0x0000, 0x0000, 0x0000, 0x0000, 0x0000, 0x0000, 0x0000,
    0x0000, 0x0000, 0x0000, 0x0000, 0x0000, 0x0000, 0x0000, 0x0000, 0x0000, 0x0000, 0x0000, 0x0000, 0x0000, 0x0000, 0x0000, 0x0000,
    0x3152, 0x0000, 0x0000, 0x0000, 0x0000, 0x0000, 0x0000, 0x0000, 0x0000, 0x0000, 0x0000, 0x0000, 0x0000, 0x0000, 0x0000, 0x0000,
    0x0000, 0x0000, 0x0000, 0x0000, 0x0000, 0x0000, 0x0000, 0x0000, 0x0000, 0x0000, 0x0000, 0x0000, 0x0000, 0x0000, 0x0000, 0x0000,
    0x3153, 0x0000, 0x0000, 0x0000, 0x0000, 0x0000, 0x0000, 0x0000, 0x0000, 0x0000, 0x0000, 0x0000, 0x0000, 0x0000, 0x0000, 0x0000,
    0x0000, 0x0000, 0x0000, 0x0000, 0x0000, 0x0000, 0x0000, 0x0000, 0x0000, 0x0000, 0x0000, 0x0000, 0x0000, 0x0000, 0x0000, 0x0000,
    0x0000, 0x0000, 0x0000, 0x0000, 0x0000, 0x0000, 0x0000, 0x0000, 0x0000, 0x0000, 0x0000, 0x0000, 0x0000, 0x0000, 0x3154, 0x0000,
    0x0000, 0x0000, 0x0000, 0x0000, 0x0000, 0x0000, 0x0000, 0x0000, 0x0000, 0x0000, 0x0000, 0x0000, 0x0000, 0x0000, 0x0000, 0x0000,
    0x0000, 0x0000, 0x0000, 0x0000, 0x0000, 0x0000, 0x0000, 0x0000, 0x0000, 0x0000, 0x0000, 0x0000, 0x0000, 0x0000, 0x3155, 0x0000,
    0x0000, 0x0000, 0x0000, 0x0000, 0x0000, 0x0000, 0x0000, 0x0000, 0x0000, 0x0000, 0x0000, 0x0000, 0x0000, 0x0000, 0x0000, 0x0000,
    0x0000, 0x0000, 0x0000, 0x0000, 0x0000, 0x0000, 0x0000, 0x0000, 0x0000, 0x0000, 0x0000, 0x0000, 0x0000, 0x0000, 0x3156, 0x0000,
    0x0000, 0x0000, 0x0000, 0x0000, 0x0000, 0x0000, 0x0000, 0x0000, 0x0000, 0x0000, 0x0000, 0x0000, 0x0000, 0x0000, 0x0000, 0x0000,
    0x0000, 0x0000, 0x0000, 0x0000, 0x0000, 0x0000, 0x0000, 0x0000, 0x0000, 0x0000, 0x0000, 0x0000, 0x0000, 0x0000, 0x3157, 0x0000,
    0x0000, 0x0000, 0x0000, 0x0000, 0x0000, 0x0000, 0x0000, 0x0000, 0x0000, 0x0000, 0x0000, 0x0000, 0x0000, 0x0000, 0x0000, 0x0000,
    0x0000, 0x0000, 0x0000, 0x0000, 0x0000, 0x0000, 0x0000, 0x0000, 0x0000, 0x0000, 0x0000, 0x0000, 0x0000, 0x0000, 0x3158, 0x0000,
    0x0000, 0x0000, 0x0000, 0x0000, 0x0000, 0x0000, 0x0000, 0x0000, 0x0000, 0x0000, 0x0000, 0x0000, 0x0000, 0x0000, 0x0000, 0x0000,
    0x0000, 0x0000, 0x0000, 0x0000, 0x0000, 0x0000, 0x0000, 0x0000, 0x0000, 0x0000, 0x0000, 0x0000, 0x0000, 0x0000, 0x3159, 0x0000,
    0x0000, 0x0000, 0x0000, 0x0000, 0x0000, 0x0000, 0x0000, 0x0000, 0x0000, 0x0000, 0x0000, 0x0000, 0x0000, 0x0000, 0x0000, 0x0000,
    0x0000, 0x0000, 0x0000, 0x0000, 0x0000, 0x0000, 0x0000, 0x0000, 0x0000, 0x0000, 0x0000, 0x0000, 0x0000, 0x0000, 0x0000, 0x0000,
    0x0000, 0x0000, 0x0000, 0x0000, 0x0000, 0x0000, 0x0000, 0x0000, 0x0000, 0x0000, 0x0000, 0x0000, 0x315a, 0x0000, 0x0000, 0x0000,
    0x0000, 0x0000, 0x0000, 0x0000, 0x0000, 0x0000, 0x0000, 0x0000, 0x0000, 0x0000, 0x0000, 0x0000, 0x0000, 0x0000, 0x0000, 0x0000,
    0x0000, 0x0000, 0x0000, 0x0000, 0x0000, 0x0000, 0x0000, 0x0000, 0x0000, 0x0000, 0x0000, 0x0000, 0x315b, 0x0000, 0x0000, 0x0000,
    0x0000, 0x0000, 0x0000, 0x0000, 0x0000, 0x0000, 0x0000, 0x0000, 0x0000, 0x0000, 0x0000, 0x0000, 0x0000, 0x0000, 0x0000, 0x0000,
    0x0000, 0x0000, 0x0000, 0x0000, 0x0000, 0x0000, 0x0000, 0x0000, 0x0000, 0x0000, 0x0000, 0x0000, 0x315c, 0x0000, 0x0000, 0x0000,
    0x0000, 0x0000, 0x0000, 0x0000, 0x0000, 0x0000, 0x0000, 0x0000, 0x0000, 0x0000, 0x0000, 0x0000, 0x0000, 0x0000, 0x0000, 0x0000,
    0x0000, 0x0000, 0x0000, 0x0000, 0x0000, 0x0000, 0x0000, 0x0000, 0x0000, 0x0000, 0x0000, 0x0000, 0x315d, 0x0000, 0x0000, 0x0000,
    0x0000, 0x0000, 0x0000, 0x0000, 0x0000, 0x0000, 0x0000, 0x0000, 0x0000, 0x0000, 0x0000, 0x0000, 0x0000, 0x0000, 0x0000, 0x0000,
    0x0000, 0x0000, 0x0000, 0x0000, 0x0000, 0x0000, 0x0000, 0x0000, 0x0000, 0x0000, 0x0000, 0x0000, 0x315e, 0x0000, 0x0000, 0x0000,
    0x0000, 0x0000, 0x0000, 0x0000, 0x0000, 0x0000, 0x0000, 0x0000, 0x0000, 0x0000, 0x0000, 0x0000, 0x0000, 0x0000, 0x0000, 0x0000,
    0x0000, 0x0000, 0x0000, 0x0000, 0x0000, 0x0000, 0x0000, 0x0000, 0x0000, 0x0000, 0x0000, 0x0000, 0x315f, 0x0000, 0x0000, 0x0000,
    0x0000, 0x0000, 0x0000, 0x0000, 0x0000, 0x0000, 0x0000, 0x0000, 0x0000, 0x0000, 0x0000, 0x0000, 0x0000, 0x0000, 0x0000, 0x0000,
    0x0000, 0x0000, 0x0000, 0x0000, 0x0000, 0x0000, 0x0000, 0x0000, 0x0000, 0x0000, 0x0000, 0x0000, 0x0000, 0x0000, 0x0000, 0x0000,
    0x0000, 0x0000, 0x0000, 0x0000, 0x0000, 0x0000, 0x0000, 0x0000, 0x0000, 0x0000, 0x3160, 0x0000, 0x0000, 0x0000, 0x0000, 0x0000,
    0x0000, 0x0000, 0x0000, 0x0000, 0x0000, 0x0000, 0x0000, 0x0000, 0x0000, 0x0000, 0x0000, 0x0000, 0x0000, 0x0000, 0x0000, 0x0000,
    0x0000, 0x0000, 0x0000, 0x0000, 0x0000, 0x0000, 0x0000, 0x0000, 0x0000, 0x0000, 0x3161, 0x0000, 0x0000, 0x0000, 0x0000, 0x0000,
    0x0000, 0x0000, 0x0000, 0x0000, 0x0000, 0x0000, 0x0000, 0x0000, 0x0000, 0x0000, 0x0000, 0x0000, 0x0000, 0x0000, 0x0000, 0x0000,
    0x0000, 0x0000, 0x0000, 0x0000, 0x0000, 0x0000, 0x0000, 0x0000, 0x0000, 0x0000, 0x3162, 0x0000, 0x0000, 0x0000, 0x0000, 0x0000,
    0x0000, 0x0000, 0x0000, 0x0000, 0x0000, 0x0000, 0x0000, 0x0000, 0x0000, 0x0000, 0x0000, 0x0000, 0x0000, 0x0000, 0x0000, 0x0000,
    0x0000, 0x0000, 0x0000, 0x0000, 0x0000, 0x0000, 0x0000, 0x0000, 0x0000, 0x0000, 0x3163, 0x0000, 0x0000, 0x0000, 0x0000, 0x0000,
    0x0000, 0x0000, 0x0000, 0x0000, 0x0000, 0x0000, 0x0000, 0x0000, 0x0000, 0x0000, 0x0000, 0x0000, 0x0000, 0x0000, 0x0000, 0x0000,
    0x0000, 0x0000, 0x0000, 0x0000, 0x0000, 0x0000, 0x0000, 0x0000, 0x0000, 0x0000, 0x0000, 0x0000, 0x0000, 0x0000, 0x0000, 0x0000,
    0x0000, 0x0000, 0x0000, 0x0000, 0x0000, 0x0000, 0x0000, 0x0000, 0x0000, 0x0000, 0x0000, 0x0000, 0x0000, 0x0000, 0x0000, 0x0000,
    0x0000, 0x0000, 0x0000, 0x0000, 0x0000, 0x0000, 0x0000, 0x0000, 0x0000, 0x0000, 0x0000, 0x0000, 0x0000, 0x0000, 0x0000, 0x0000,
    0x0000, 0x0000, 0x0000, 0x0000, 0x0000, 0x0000, 0x0000, 0x0000, 0x0000, 0x0000, 0x0000, 0x0000, 0x0000, 0x0000, 0x0000, 0x0000,
    0x0000, 0x0000, 0x0000, 0x0000, 0x0000, 0x0000, 0x0000, 0x0000, 0x0000, 0x0000, 0x0000, 0x0000, 0x0000, 0x0000, 0x0000, 0x0000,
    0x0000, 0x0000, 0x0000, 0x0000, 0x0000, 0x0000, 0x0000, 0x0000, 0x3131, 0x0000, 0x0000, 0x0000, 0x0000, 0x0000, 0x0000, 0x0000,
    0x0000, 0x0000, 0x0000, 0x0000, 0x0000, 0x0000, 0x0000, 0x0000, 0x0000, 0x0000, 0x0000, 0x0000, 0x0000, 0x0000, 0x0000, 0x0000,
    0x0000, 0x0000, 0x0000, 0x0000, 0x0000, 0x0000, 0x0000, 0x0000, 0xac00, 0xac01, 0xac02, 0xac03, 0xac04, 0xac05, 0xac06, 0xac07,
    0xac08, 0xac09, 0xac0a, 0xac0b, 0xac0c, 0xac0d, 0xac0e, 0xac0f, 0xac10, 0x0000, 0xac11, 0xac12, 0xac13, 0xac14, 0xac15, 0xac16,
    0xac17, 0xac18, 0xac19, 0xac1a, 0xac1b, 0x0000, 0x0000, 0x0000, 0xac1c, 0xac1d, 0xac1e, 0xac1f, 0xac20, 0xac21, 0xac22, 0xac23,
    0xac24, 0xac25, 0xac26, 0xac27, 0xac28, 0xac29, 0xac2a, 0xac2b, 0xac2c, 0x0000, 0xac2d, 0xac2e, 0xac2f, 0xac30, 0xac31, 0xac32,
    0xac33, 0xac34, 0xac35, 0xac36, 0xac37, 0x0000, 0x0000, 0x0000, 0xac38, 0xac39, 0xac3a, 0xac3b, 0xac3c, 0xac3d, 0xac3e, 0xac3f,
    0xac40, 0xac41, 0xac42, 0xac43, 0xac44, 0xac45, 0xac46, 0xac47, 0xac48, 0x0000, 0xac49, 0xac4a, 0xac4b, 0xac4c, 0xac4d, 0xac4e,
    0xac4f, 0xac50, 0xac51, 0xac52, 0xac53, 0x0000, 0x0000, 0x0000, 0xac54, 0xac55, 0xac56, 0xac57, 0xac58, 0xac59, 0xac5a, 0xac5b,
    0xac5c, 0xac5d, 0xac5e, 0xac5f, 0xac60, 0xac61, 0xac62, 0xac63, 0xac64, 0x0000, 0xac65, 0xac66, 0xac67, 0xac68, 0xac69, 0xac6a,
    0xac6b, 0xac6c, 0xac6d, 0xac6e, 0xac6f, 0x0000, 0x0000, 0x0000, 0xac70, 0xac71, 0xac72, 0xac73, 0xac74, 0xac75, 0xac76, 0xac77,
    0xac78, 0xac79, 0xac7a, 0xac7b, 0xac7c, 0xac7d, 0xac7e, 0xac7f, 0xac80, 0x0000, 0xac81, 0xac82, 0xac83, 0xac84, 0xac85, 0xac86,
    0xac87, 0xac88, 0xac89, 0xac8a, 0xac8b, 0x0000, 0x0000, 0x0000, 0x0000, 0x0000, 0x0000, 0x0000, 0x0000, 0x0000, 0x0000, 0x0000,
    0x0000, 0x0000, 0x0000, 0x0000, 0x0000, 0x0000, 0xac8c, 0xac8d, 0xac8e, 0xac8f, 0xac90, 0xac91, 0xac92, 0xac93, 0xac94, 0xac95,
    0xac96, 0xac97, 0xac98, 0xac99, 0xac9a, 0xac9b, 0xac9c, 0x0000, 0xac9d, 0xac9e, 0xac9f, 0xaca0, 0xaca1, 0xaca2, 0xaca3, 0xaca4,
    0xaca5, 0xaca6, 0xaca7, 0x0000, 0x0000, 0x0000, 0xaca8, 0xaca9, 0xacaa, 0xacab, 0xacac, 0xacad, 0xacae, 0xacaf, 0xacb0, 0xacb1,
    0xacb2, 0xacb3, 0xacb4, 0xacb5, 0xacb6, 0xacb7, 0xacb8, 0x0000, 0xacb9, 0xacba, 0xacbb, 0xacbc, 0xacbd, 0xacbe, 0xacbf, 0xacc0,
    0xacc1, 0xacc2, 0xacc3, 0x0000, 0x0000, 0x0000, 0xacc4, 0xacc5, 0xacc6, 0xacc7, 0xacc8, 0xacc9, 0xacca, 0xaccb, 0xaccc, 0xaccd,
    0xacce, 0xaccf, 0xacd0, 0xacd1, 0xacd2, 0xacd3, 0xacd4, 0x0000, 0xacd5, 0xacd6, 0xacd7, 0xacd8, 0xacd9, 0xacda, 0xacdb, 0xacdc,
    0xacdd, 0xacde, 0xacdf, 0x0000, 0x0000, 0x0000, 0xace0, 0xace1, 0xace2, 0xace3, 0xace4, 0xace5, 0xace6, 0xace7, 0xace8, 0xace9,
    0xacea, 0xaceb, 0xacec, 0xaced, 0xacee, 0xacef, 0xacf0, 0x0000, 0xacf1, 0xacf2, 0xacf3, 0xacf4, 0xacf5, 0xacf6, 0xacf7, 0xacf8,
    0xacf9, 0xacfa, 0xacfb, 0x0000, 0x0000, 0x0000, 0xacfc, 0xacfd, 0xacfe, 0xacff, 0xad00, 0xad01, 0xad02, 0xad03, 0xad04, 0xad05,
    0xad06, 0xad07, 0xad08, 0xad09, 0xad0a, 0xad0b, 0xad0c, 0x0000, 0xad0d, 0xad0e, 0xad0f, 0xad10, 0xad11, 0xad12, 0xad13, 0xad14,
    0xad15, 0xad16, 0xad17, 0x0000, 0x0000, 0x0000, 0xad18, 0xad19, 0xad1a, 0xad1b, 0xad1c, 0xad1d, 0xad1e, 0xad1f, 0xad20, 0xad21,
    0xad22, 0xad23, 0xad24, 0xad25, 0xad26, 0xad27, 0xad28, 0x0000, 0xad29, 0xad2a, 0xad2b, 0xad2c, 0xad2d, 0xad2e, 0xad2f, 0xad30,
    0xad31, 0xad32, 0xad33, 0x0000, 0x0000, 0x0000, 0x0000, 0x0000, 0x0000, 0x0000, 0x0000, 0x0000, 0x0000, 0x0000, 0x0000, 0x0000,
    0x0000, 0x0000, 0x0000, 0x0000, 0xad34, 0xad35, 0xad36, 0xad37, 0xad38, 0xad39, 0xad3a, 0xad3b, 0xad3c, 0xad3d, 0xad3e, 0xad3f,
    0xad40, 0xad41, 0xad42, 0xad43, 0xad44, 0x0000, 0xad45, 0xad46, 0xad47, 0xad48, 0xad49, 0xad4a, 0xad4b, 0xad4c, 0xad4d, 0xad4e,
    0xad4f, 0x0000, 0x0000, 0x0000, 0xad50, 0xad51, 0xad52, 0xad53, 0xad54, 0xad55, 0xad56, 0xad57, 0xad58, 0xad59, 0xad5a, 0xad5b,
    0xad5c, 0xad5d, 0xad5e, 0xad5f, 0xad60, 0x0000, 0xad61, 0xad62, 0xad63, 0xad64, 0xad65, 0xad66, 0xad67, 0xad68, 0xad69, 0xad6a,
    0xad6b, 0x0000, 0x0000, 0x0000, 0xad6c, 0xad6d, 0xad6e, 0xad6f, 0xad70, 0xad71, 0xad72, 0xad73, 0xad74, 0xad75, 0xad76, 0xad77,
    0xad78, 0xad79, 0xad7a, 0xad7b, 0xad7c, 0x0000, 0xad7d, 0xad7e, 0xad7f, 0xad80, 0xad81, 0xad82, 0xad83, 0xad84, 0xad85, 0xad86,
    0xad87, 0x0000, 0x0000, 0x0000, 0xad88, 0xad89, 0xad8a, 0xad8b, 0xad8c, 0xad8d, 0xad8e, 0xad8f, 0xad90, 0xad91, 0xad92, 0xad93,
    0xad94, 0xad95, 0xad96, 0xad97, 0xad98, 0x0000, 0xad99, 0xad9a, 0xad9b, 0xad9c, 0xad9d, 0xad9e, 0xad9f, 0xada0, 0xada1, 0xada2,
    0xada3, 0x0000, 0x0000, 0x0000, 0xada4, 0xada5, 0xada6, 0xada7, 0xada8, 0xada9, 0xadaa, 0xadab, 0xadac, 0xadad, 0xadae, 0xadaf,
    0xadb0, 0xadb1, 0xadb2, 0xadb3, 0xadb4, 0x0000, 0xadb5, 0xadb6, 0xadb7, 0xadb8, 0xadb9, 0xadba, 0xadbb, 0xadbc, 0xadbd, 0xadbe,
    0xadbf, 0x0000, 0x0000, 0x0000, 0xadc0, 0xadc1, 0xadc2, 0xadc3, 0xadc4, 0xadc5, 0xadc6, 0xadc7, 0xadc8, 0xadc9, 0xadca, 0xadcb,
    0xadcc, 0xadcd, 0xadce, 0xadcf, 0xadd0, 0x0000, 0xadd1, 0xadd2, 0xadd3, 0xadd4, 0xadd5, 0xadd6, 0xadd7, 0xadd8, 0xadd9, 0xadda,
    0xaddb, 0x0000, 0x0000, 0x0000, 0x0000, 0x0000, 0x0000, 0x0000, 0x0000, 0x0000, 0x0000, 0x0000, 0x0000, 0x0000, 0x0000, 0x0000,
    0x0000, 0x0000, 0xaddc, 0xaddd, 0xadde, 0xaddf, 0xade0, 0xade1, 0xade2, 0xade3, 0xade4, 0xade5, 0xade6, 0xade7, 0xade8, 0xade9,
    0xadea, 0xadeb, 0xadec, 0x0000, 0xaded, 0xadee, 0xadef, 0xadf0, 0xadf1, 0xadf2, 0xadf3, 0xadf4, 0xadf5, 0xadf6, 0xadf7, 0x0000,
    0x0000, 0x0000, 0xadf8, 0xadf9, 0xadfa, 0xadfb, 0xadfc, 0xadfd, 0xadfe, 0xadff, 0xae00, 0xae01, 0xae02, 0xae03, 0xae04, 0xae05,
    0xae06, 0xae07, 0xae08, 0x0000, 0xae09, 0xae0a, 0xae0b, 0xae0c, 0xae0d, 0xae0e, 0xae0f, 0xae10, 0xae11, 0xae12, 0xae13, 0x0000,
    0x0000, 0x0000, 0xae14, 0xae15, 0xae16, 0xae17, 0xae18, 0xae19, 0xae1a, 0xae1b, 0xae1c, 0xae1d, 0xae1e, 0xae1f, 0xae20, 0xae21,
    0xae22, 0xae23, 0xae24, 0x0000, 0xae25, 0xae26, 0xae27, 0xae28, 0xae29, 0xae2a, 0xae2b, 0xae2c, 0xae2d, 0xae2e, 0xae2f, 0x0000,
    0x0000, 0x0000, 0xae30, 0xae31, 0xae32, 0xae33, 0xae34, 0xae35, 0xae36, 0xae37, 0xae38, 0xae39, 0xae3a, 0xae3b, 0xae3c, 0xae3d,
    0xae3e, 0xae3f, 0xae40, 0x0000, 0xae41, 0xae42, 0xae43, 0xae44, 0xae45, 0xae46, 0xae47, 0xae48, 0xae49, 0xae4a, 0xae4b, 0x0000,
    0x0000, 0x0000, 0x0000, 0x0000, 0x0000, 0x0000, 0x0000, 0x0000, 0x0000, 0x0000, 0x0000, 0x0000, 0x0000, 0x0000, 0x0000, 0x0000,
    0x0000, 0x0000, 0x0000, 0x0000, 0x0000, 0x0000, 0x0000, 0x0000, 0x0000, 0x0000, 0x0000, 0x0000, 0x0000, 0x0000, 0x0000, 0x0000,
    0x0000, 0x0000, 0x0000, 0x0000, 0x0000, 0x0000, 0x0000, 0x0000, 0x0000, 0x0000, 0x0000, 0x0000, 0x0000, 0x0000, 0x0000, 0x0000,
    0x0000, 0x0000, 0x0000, 0x0000, 0x0000, 0x0000, 0x0000, 0x0000, 0x0000, 0x0000, 0x0000, 0x0000, 0x0000, 0x0000, 0x0000, 0x0000,
    0x0000, 0x0000, 0x0000, 0x0000, 0x0000, 0x0000, 0x0000, 0x0000, 0x0000, 0x0000, 0x0000, 0x0000, 0x0000, 0x0000, 0x0000, 0x0000,
    0x3132, 0x0000, 0x0000, 0x0000, 0x0000, 0x0000, 0x0000, 0x0000, 0x0000, 0x0000, 0x0000, 0x0000, 0x0000, 0x0000, 0x0000, 0x0000,
    0x0000, 0x0000, 0x0000, 0x0000, 0x0000, 0x0000, 0x0000, 0x0000, 0x0000, 0x0000, 0x0000, 0x0000, 0x0000, 0x0000, 0x0000, 0x0000,
    0xae4c, 0xae4d, 0xae4e, 0xae4f, 0xae50, 0xae51, 0xae52, 0xae53, 0xae54, 0xae55, 0xae56, 0xae57, 0xae58, 0xae59, 0xae5a, 0xae5b,
    0xae5c, 0x0000, 0xae5d, 0xae5e, 0xae5f, 0xae60, 0xae61, 0xae62, 0xae63, 0xae64, 0xae65, 0xae66, 0xae67, 0x0000, 0x0000, 0x0000,
    0xae68, 0xae69, 0xae6a, 0xae6b, 0xae6c, 0xae6d, 0xae6e, 0xae6f, 0xae70, 0xae71, 0xae72, 0xae73, 0xae74, 0xae75, 0xae76, 0xae77,
    0xae78, 0x0000, 0xae79, 0xae7a, 0xae7b, 0xae7c, 0xae7d, 0xae7e, 0xae7f, 0xae80, 0xae81, 0xae82, 0xae83, 0x0000, 0x0000, 0x0000,
    0xae84, 0xae85, 0xae86, 0xae87, 0xae88, 0xae89, 0xae8a, 0xae8b, 0xae8c, 0xae8d, 0xae8e, 0xae8f, 0xae90, 0xae91, 0xae92, 0xae93,
    0xae94, 0x0000, 0xae95, 0xae96, 0xae97, 0xae98, 0xae99, 0xae9a, 0xae9b, 0xae9c, 0xae9d, 0xae9e, 0xae9f, 0x0000, 0x0000, 0x0000,
    0xaea0, 0xaea1, 0xaea2, 0xaea3, 0xaea4, 0xaea5, 0xaea6, 0xaea7, 0xaea8, 0xaea9, 0xaeaa, 0xaeab, 0xaeac, 0xaead, 0xaeae, 0xaeaf,
    0xaeb0, 0x0000, 0xaeb1, 0xaeb2, 0xaeb3, 0xaeb4, 0xaeb5, 0xaeb6, 0xaeb7, 0xaeb8, 0xaeb9, 0xaeba, 0xaebb, 0x0000, 0x0000, 0x0000,
    0xaebc, 0xaebd, 0xaebe, 0xaebf, 0xaec0, 0xaec1, 0xaec2, 0xaec3, 0xaec4, 0xaec5, 0xaec6, 0xaec7, 0xaec8, 0xaec9, 0xaeca, 0xaecb,
    0xaecc, 0x0000, 0xaecd, 0xaece, 0xaecf, 0xaed0, 0xaed1, 0xaed2, 0xaed3, 0xaed4, 0xaed5, 0xaed6, 0xaed7, 0x0000, 0x0000, 0x0000,
    0x0000, 0x0000, 0x0000, 0x0000, 0x0000, 0x0000, 0x0000, 0x0000, 0x0000, 0x0000, 0x0000, 0x0000, 0x0000, 0x0000, 0xaed8, 0xaed9,
    0xaeda, 0xaedb, 0xaedc, 0xaedd, 0xaede, 0xaedf, 0xaee0, 0xaee1, 0xaee2, 0xaee3, 0xaee4, 0xaee5, 0xaee6, 0xaee7, 0xaee8, 0x0000,
    0xaee9, 0xaeea, 0xaeeb, 0xaeec, 0xaeed, 0xaeee, 0xaeef, 0xaef0, 0xaef1, 0xaef2, 0xaef3, 0x0000, 0x0000, 0x0000, 0xaef4, 0xaef5,
    0xaef6, 0xaef7, 0xaef8, 0xaef9, 0xaefa, 0xaefb, 0xaefc, 0xaefd, 0xaefe, 0xaeff, 0xaf00, 0xaf01, 0xaf02, 0xaf03, 0xaf04, 0x0000,
    0xaf05, 0xaf06, 0xaf07, 0xaf08, 0xaf09, 0xaf0a, 0xaf0b, 0xaf0c, 0xaf0d, 0xaf0e, 0xaf0f, 0x0000, 0x0000, 0x0000, 0xaf10, 0xaf11,
    0xaf12, 0xaf13, 0xaf14, 0xaf15, 0xaf16, 0xaf17, 0xaf18, 0xaf19, 0xaf1a, 0xaf1b, 0xaf1c, 0xaf1d, 0xaf1e, 0xaf1f, 0xaf20, 0x0000,
    0xaf21, 0xaf22, 0xaf23, 0xaf24, 0xaf25, 0xaf26, 0xaf27, 0xaf28, 0xaf29, 0xaf2a, 0xaf2b, 0x0000, 0x0000, 0x0000, 0xaf2c, 0xaf2d,
    0xaf2e, 0xaf2f, 0xaf30, 0xaf31, 0xaf32, 0xaf33, 0xaf34, 0xaf35, 0xaf36, 0xaf37, 0xaf38, 0xaf39, 0xaf3a, 0xaf3b, 0xaf3c, 0x0000,
    0xaf3d, 0xaf3e, 0xaf3f, 0xaf40, 0xaf41, 0xaf42, 0xaf43, 0xaf44, 0xaf45, 0xaf46, 0xaf47, 0x0000, 0x0000, 0x0000, 0xaf48, 0xaf49,
    0xaf4a, 0xaf4b, 0xaf4c, 0xaf4d, 0xaf4e, 0xaf4f, 0xaf50, 0xaf51, 0xaf52, 0xaf53, 0xaf54, 0xaf55, 0xaf56, 0xaf57, 0xaf58, 0x0000,
    0xaf59, 0xaf5a, 0xaf5b, 0xaf5c, 0xaf5d, 0xaf5e, 0xaf5f, 0xaf60, 0xaf61, 0xaf62, 0xaf63, 0x0000, 0x0000, 0x0000, 0xaf64, 0xaf65,
    0xaf66, 0xaf67, 0xaf68, 0xaf69, 0xaf6a, 0xaf6b, 0xaf6c, 0xaf6d, 0xaf6e, 0xaf6f, 0xaf70, 0xaf71, 0xaf72, 0xaf73, 0xaf74, 0x0000,
    0xaf75, 0xaf76, 0xaf77, 0xaf78, 0xaf79, 0xaf7a, 0xaf7b, 0xaf7c, 0xaf7d, 0xaf7e, 0xaf7f, 0x0000, 0x0000, 0x0000, 0x0000, 0x0000,
    0x0000, 0x0000, 0x0000, 0x0000, 0x0000, 0x0000, 0x0000, 0x0000, 0x0000, 0x0000, 0x0000, 0x0000, 0xaf80, 0xaf81, 0xaf82, 0xaf83,
    0xaf84, 0xaf85, 0xaf86, 0xaf87, 0xaf88, 0xaf89, 0xaf8a, 0xaf8b, 0xaf8c, 0xaf8d, 0xaf8e, 0xaf8f, 0xaf90, 0x0000, 0xaf91, 0xaf92,
    0xaf93, 0xaf94, 0xaf95, 0xaf96, 0xaf97, 0xaf98, 0xaf99, 0xaf9a, 0xaf9b, 0x0000, 0x0000, 0x0000, 0xaf9c, 0xaf9d, 0xaf9e, 0xaf9f,
    0xafa0, 0xafa1, 0xafa2, 0xafa3, 0xafa4, 0xafa5, 0xafa6, 0xafa7, 0xafa8, 0xafa9, 0xafaa, 0xafab, 0xafac, 0x0000, 0xafad, 0xafae,
    0xafaf, 0xafb0, 0xafb1, 0xafb2, 0xafb3, 0xafb4, 0xafb5, 0xafb6, 0xafb7, 0x0000, 0x0000, 0x0000, 0xafb8, 0xafb9, 0xafba, 0xafbb,
    0xafbc, 0xafbd, 0xafbe, 0xafbf, 0xafc0, 0xafc1, 0xafc2, 0xafc3, 0xafc4, 0xafc5, 0xafc6, 0xafc7, 0xafc8, 0x0000, 0xafc9, 0xafca,
    0xafcb, 0xafcc, 0xafcd, 0xafce, 0xafcf, 0xafd0, 0xafd1, 0xafd2, 0xafd3, 0x0000, 0x0000, 0x0000, 0xafd4, 0xafd5, 0xafd6, 0xafd7,
    0xafd8, 0xafd9, 0xafda, 0xafdb, 0xafdc, 0xafdd, 0xafde, 0xafdf, 0xafe0, 0xafe1, 0xafe2, 0xafe3, 0xafe4, 0x0000, 0xafe5, 0xafe6,
    0xafe7, 0xafe8, 0xafe9, 0xafea, 0xafeb, 0xafec, 0xafed, 0xafee, 0xafef, 0x0000, 0x0000, 0x0000, 0xaff0, 0xaff1, 0xaff2, 0xaff3,
    0xaff4, 0xaff5, 0xaff6, 0xaff7, 0xaff8, 0xaff9, 0xaffa, 0xaffb, 0xaffc, 0xaffd, 0xaffe, 0xafff, 0xb000, 0x0000, 0xb001, 0xb002,
    0xb003, 0xb004, 0xb005, 0xb006, 0xb007, 0xb008, 0xb009, 0xb00a, 0xb00b, 0x0000, 0x0000, 0x0000, 0xb00c, 0xb00d, 0xb00e, 0xb00f,
    0xb010, 0xb011, 0xb012, 0xb013, 0xb014, 0xb015, 0xb016, 0xb017, 0xb018, 0xb019, 0xb01a, 0xb01b, 0xb01c, 0x0000, 0xb01d, 0xb01e,
    0xb01f, 0xb020, 0xb021, 0xb022, 0xb023, 0xb024, 0xb025, 0xb026, 0xb027, 0x0000, 0x0000, 0x0000, 0x0000, 0x0000, 0x0000, 0x0000,
    0x0000, 0x0000, 0x0000, 0x0000, 0x0000, 0x0000, 0x0000, 0x0000, 0x0000, 0x0000, 0xb028, 0xb029, 0xb02a, 0xb02b, 0xb02c, 0xb02d,
    0xb02e, 0xb02f, 0xb030, 0xb031, 0xb032, 0xb033, 0xb034, 0xb035, 0xb036, 0xb037, 0xb038, 0x0000, 0xb039, 0xb03a, 0xb03b, 0xb03c,
    0xb03d, 0xb03e, 0xb03f, 0xb040, 0xb041, 0xb042, 0xb043, 0x0000, 0x0000, 0x0000, 0xb044, 0xb045, 0xb046, 0xb047, 0xb048, 0xb049,
    0xb04a, 0xb04b, 0xb04c, 0xb04d, 0xb04e, 0xb04f, 0xb050, 0xb051, 0xb052, 0xb053, 0xb054, 0x0000, 0xb055, 0xb056, 0xb057, 0xb058,
    0xb059, 0xb05a, 0xb05b, 0xb05c, 0xb05d, 0xb05e, 0xb05f, 0x0000, 0x0000, 0x0000, 0xb060, 0xb061, 0xb062, 0xb063, 0xb064, 0xb065,
    0xb066, 0xb067, 0xb068, 0xb069, 0xb06a, 0xb06b, 0xb06c, 0xb06d, 0xb06e, 0xb06f, 0xb070, 0x0000, 0xb071, 0xb072, 0xb073, 0xb074,
    0xb075, 0xb076, 0xb077, 0xb078, 0xb079, 0xb07a, 0xb07b, 0x0000, 0x0000, 0x0000, 0xb07c, 0xb07d, 0xb07e, 0xb07f, 0xb080, 0xb081,
    0xb082, 0xb083, 0xb084, 0xb085, 0xb086, 0xb087, 0xb088, 0xb089, 0xb08a, 0xb08b, 0xb08c, 0x0000, 0xb08d, 0xb08e, 0xb08f, 0xb090,
    0xb091, 0xb092, 0xb093, 0xb094, 0xb095, 0xb096, 0xb097, 0x0000, 0x0000, 0x0000, 0x0000, 0x0000, 0x0000, 0x0000, 0x0000, 0x0000,
    0x0000, 0x0000, 0x0000, 0x0000, 0x0000, 0x0000, 0x0000, 0x0000, 0x0000, 0x0000, 0x0000, 0x0000, 0x0000, 0x0000, 0x0000, 0x0000,
    0x0000, 0x0000, 0x0000, 0x0000, 0x0000, 0x0000, 0x0000, 0x0000, 0x0000, 0x0000, 0x0000, 0x0000, 0x0000, 0x0000, 0x0000, 0x0000,
    0x0000, 0x0000, 0x0000, 0x0000, 0x0000, 0x0000, 0x0000, 0x0000, 0x0000, 0x0000, 0x0000, 0x0000, 0x0000, 0x0000, 0x0000, 0x0000,
    0x0000, 0x0000, 0x0000, 0x0000, 0x0000, 0x0000, 0x0000, 0x0000, 0x0000, 0x0000, 0x0000, 0x0000, 0x0000, 0x0000, 0x0000, 0x0000,
    0x0000, 0x0000, 0x0000, 0x0000, 0x0000, 0x0000, 0x0000, 0x0000, 0x3134, 0x0000, 0x0000, 0x0000, 0x0000, 0x0000, 0x0000, 0x0000,
    0x0000, 0x0000, 0x0000, 0x0000, 0x0000, 0x0000, 0x0000, 0x0000, 0x0000, 0x0000, 0x0000, 0x0000, 0x0000, 0x0000, 0x0000, 0x0000,
    0x0000, 0x0000, 0x0000, 0x0000, 0x0000, 0x0000, 0x0000, 0x0000, 0xb098, 0xb099, 0xb09a, 0xb09b, 0xb09c, 0xb09d, 0xb09e, 0xb09f,
    0xb0a0, 0xb0a1, 0xb0a2, 0xb0a3, 0xb0a4, 0xb0a5, 0xb0a6, 0xb0a7, 0xb0a8, 0x0000, 0xb0a9, 0xb0aa, 0xb0ab, 0xb0ac, 0xb0ad, 0xb0ae,
    0xb0af, 0xb0b0, 0xb0b1, 0xb0b2, 0xb0b3, 0x0000, 0x0000, 0x0000, 0xb0b4, 0xb0b5, 0xb0b6, 0xb0b7, 0xb0b8, 0xb0b9, 0xb0ba, 0xb0bb,
    0xb0bc, 0xb0bd, 0xb0be, 0xb0bf, 0xb0c0, 0xb0c1, 0xb0c2, 0xb0c3, 0xb0c4, 0x0000, 0xb0c5, 0xb0c6, 0xb0c7, 0xb0c8, 0xb0c9, 0xb0ca,
    0xb0cb, 0xb0cc, 0xb0cd, 0xb0ce, 0xb0cf, 0x0000, 0x0000, 0x0000, 0xb0d0, 0xb0d1, 0xb0d2, 0xb0d3, 0xb0d4, 0xb0d5, 0xb0d6, 0xb0d7,
    0xb0d8, 0xb0d9, 0xb0da, 0xb0db, 0xb0dc, 0xb0dd, 0xb0de, 0xb0df, 0xb0e0, 0x0000, 0xb0e1, 0xb0e2, 0xb0e3, 0xb0e4, 0xb0e5, 0xb0e6,
    0xb0e7, 0xb0e8, 0xb0e9, 0xb0ea, 0xb0eb, 0x0000, 0x0000, 0x0000, 0xb0ec, 0xb0ed, 0xb0ee, 0xb0ef, 0xb0f0, 0xb0f1, 0xb0f2, 0xb0f3,
    0xb0f4, 0xb0f5, 0xb0f6, 0xb0f7, 0xb0f8, 0xb0f9, 0xb0fa, 0xb0fb, 0xb0fc, 0x0000, 0xb0fd, 0xb0fe, 0xb0ff, 0xb100, 0xb101, 0xb102,
    0xb103, 0xb104, 0xb105, 0xb106, 0xb107, 0x0000, 0x0000, 0x0000, 0xb108, 0xb109, 0xb10a, 0xb10b, 0xb10c, 0xb10d, 0xb10e, 0xb10f,
    0xb110, 0xb111, 0xb112, 0xb113, 0xb114, 0xb115, 0xb116, 0xb117, 0xb118, 0x0000, 0xb119, 0xb11a, 0xb11b, 0xb11c, 0xb11d, 0xb11e,
    0xb11f, 0xb120, 0xb121, 0xb122, 0xb123, 0x0000, 0x0000, 0x0000, 0x0000, 0x0000, 0x0000, 0x0000, 0x0000, 0x0000, 0x0000, 0x0000,
    0x0000, 0x0000, 0x0000, 0x0000, 0x0000, 0x0000, 0xb124, 0xb125, 0xb126, 0xb127, 0xb128, 0xb129, 0xb12a, 0xb12b, 0xb12c, 0xb12d,
    0xb12e, 0xb12f, 0xb130, 0xb131, 0xb132, 0xb133, 0xb134, 0x0000, 0xb135, 0xb136, 0xb137, 0xb138, 0xb139, 0xb13a, 0xb13b, 0xb13c,
    0xb13d, 0xb13e, 0xb13f, 0x0000, 0x0000, 0x0000, 0xb140, 0xb141, 0xb142, 0xb143, 0xb144, 0xb145, 0xb146, 0xb147, 0xb148, 0xb149,
    0xb14a, 0xb14b, 0xb14c, 0xb14d, 0xb14e, 0xb14f, 0xb150, 0x0000, 0xb151, 0xb152, 0xb153, 0xb154, 0xb155, 0xb156, 0xb157, 0xb158,
    0xb159, 0xb15a, 0xb15b, 0x0000, 0x0000, 0x0000, 0xb15c, 0xb15d, 0xb15e, 0xb15f, 0xb160, 0xb161, 0xb162, 0xb163, 0xb164, 0xb165,
    0xb166, 0xb167, 0xb168, 0xb169, 0xb16a, 0xb16b, 0xb16c, 0x0000, 0xb16d, 0xb16e, 0xb16f, 0xb170, 0xb171, 0xb172, 0xb173, 0xb174,
    0xb175, 0xb176, 0xb177, 0x0000, 0x0000, 0x0000, 0xb178, 0xb179, 0xb17a, 0xb17b, 0xb17c, 0xb17d, 0xb17e, 0xb17f, 0xb180, 0xb181,
    0xb182, 0xb183, 0xb184, 0xb185, 0xb186, 0xb187, 0xb188, 0x0000, 0xb189, 0xb18a, 0xb18b, 0xb18c, 0xb18d, 0xb18e, 0xb18f, 0xb190,
    0xb191, 0xb192, 0xb193, 0x0000, 0x0000, 0x0000, 0xb194, 0xb195, 0xb196, 0xb197, 0xb198, 0xb199, 0xb19a, 0xb19b, 0xb19c, 0xb19d,
    0xb19e, 0xb19f, 0xb1a0, 0xb1a1, 0xb1a2, 0xb1a3, 0xb1a4, 0x0000, 0xb1a5, 0xb1a6, 0xb1a7, 0xb1a8, 0xb1a9, 0xb1aa, 0xb1ab, 0xb1ac,
    0xb1ad, 0xb1ae, 0xb1af, 0x0000, 0x0000, 0x0000, 0xb1b0, 0xb1b1, 0xb1b2, 0xb1b3, 0xb1b4, 0xb1b5, 0xb1b6, 0xb1b7, 0xb1b8, 0xb1b9,
    0xb1ba, 0xb1bb, 0xb1bc, 0xb1bd, 0xb1be, 0xb1bf, 0xb1c0, 0x0000, 0xb1c1, 0xb1c2, 0xb1c3, 0xb1c4, 0xb1c5, 0xb1c6, 0xb1c7, 0xb1c8,
    0xb1c9, 0xb1ca, 0xb1cb, 0x0000, 0x0000, 0x0000, 0x0000, 0x0000, 0x0000, 0x0000, 0x0000, 0x0000, 0x0000, 0x0000, 0x0000, 0x0000,
    0x0000, 0x0000, 0x0000, 0x0000, 0xb1cc, 0xb1cd, 0xb1ce, 0xb1cf, 0xb1d0, 0xb1d1, 0xb1d2, 0xb1d3, 0xb1d4, 0xb1d5, 0xb1d6, 0xb1d7,
    0xb1d8, 0xb1d9, 0xb1da, 0xb1db, 0xb1dc, 0x0000, 0xb1dd, 0xb1de, 0xb1df, 0xb1e0, 0xb1e1, 0xb1e2, 0xb1e3, 0xb1e4, 0xb1e5, 0xb1e6,
    0xb1e7, 0x0000, 0x0000, 0x0000, 0xb1e8, 0xb1e9, 0xb1ea, 0xb1eb, 0xb1ec, 0xb1ed, 0xb1ee, 0xb1ef, 0xb1f0, 0xb1f1, 0xb1f2, 0xb1f3,
    0xb1f4, 0xb1f5, 0xb1f6, 0xb1f7, 0xb1f8, 0x0000, 0xb1f9, 0xb1fa, 0xb1fb, 0xb1fc, 0xb1fd, 0xb1fe, 0xb1ff, 0xb200, 0xb201, 0xb202,
    0xb203, 0x0000, 0x0000, 0x0000, 0xb204, 0xb205, 0xb206, 0xb207, 0xb208, 0xb209, 0xb20a, 0xb20b, 0xb20c, 0xb20d, 0xb20e, 0xb20f,
    0xb210, 0xb211, 0xb212, 0xb213, 0xb214, 0x0000, 0xb215, 0xb216, 0xb217, 0xb218, 0xb219, 0xb21a, 0xb21b, 0xb21c, 0xb21d, 0xb21e,
    0xb21f, 0x0000, 0x0000, 0x0000, 0xb220, 0xb221, 0xb222, 0xb223, 0xb224, 0xb225, 0xb226, 0xb227, 0xb228, 0xb229, 0xb22a, 0xb22b,
    0xb22c, 0xb22d, 0xb22e, 0xb22f, 0xb230, 0x0000, 0xb231, 0xb232, 0xb233, 0xb234, 0xb235, 0xb236, 0xb237, 0xb238, 0xb239, 0xb23a,
    0xb23b, 0x0000, 0x0000, 0x0000, 0xb23c, 0xb23d, 0xb23e, 0xb23f, 0xb240, 0xb241, 0xb242, 0xb243, 0xb244, 0xb245, 0xb246, 0xb247,
    0xb248, 0xb249, 0xb24a, 0xb24b, 0xb24c, 0x0000, 0xb24d, 0xb24e, 0xb24f, 0xb250, 0xb251, 0xb252, 0xb253, 0xb254, 0xb255, 0xb256,
    0xb257, 0x0000, 0x0000, 0x0000, 0xb258, 0xb259, 0xb25a, 0xb25b, 0xb25c, 0xb25d, 0xb25e, 0xb25f, 0xb260, 0xb261, 0xb262, 0xb263,
    0xb264, 0xb265, 0xb266, 0xb267, 0xb268, 0x0000, 0xb269, 0xb26a, 0xb26b, 0xb26c, 0xb26d, 0xb26e, 0xb26f, 0xb270, 0xb271, 0xb272,
    0xb273, 0x0000, 0x0000, 0x0000, 0x0000, 0x0000, 0x0000, 0x0000, 0x0000, 0x0000, 0x0000, 0x0000, 0x0000, 0x0000, 0x0000, 0x0000,
    0x0000, 0x0000, 0xb274, 0xb275, 0xb276, 0xb277, 0xb278, 0xb279, 0xb27a, 0xb27b, 0xb27c, 0xb27d, 0xb27e, 0xb27f, 0xb280, 0xb281,
    0xb282, 0xb283, 0xb284, 0x0000, 0xb285, 0xb286, 0xb287, 0xb288, 0xb289, 0xb28a, 0xb28b, 0xb28c, 0xb28d, 0xb28e, 0xb28f, 0x0000,
    0x0000, 0x0000, 0xb290, 0xb291, 0xb292, 0xb293, 0xb294, 0xb295, 0xb296, 0xb297, 0xb298, 0xb299, 0xb29a, 0xb29b, 0xb29c, 0xb29d,
    0xb29e, 0xb29f, 0xb2a0, 0x0000, 0xb2a1, 0xb2a2, 0xb2a3, 0xb2a4, 0xb2a5, 0xb2a6, 0xb2a7, 0xb2a8, 0xb2a9, 0xb2aa, 0xb2ab, 0x0000,
    0x0000, 0x0000, 0xb2ac, 0xb2ad, 0xb2ae, 0xb2af, 0xb2b0, 0xb2b1, 0xb2b2, 0xb2b3, 0xb2b4, 0xb2b5, 0xb2b6, 0xb2b7, 0xb2b8, 0xb2b9,
    0xb2ba, 0xb2bb, 0xb2bc, 0x0000, 0xb2bd, 0xb2be, 0xb2bf, 0xb2c0, 0xb2c1, 0xb2c2, 0xb2c3, 0xb2c4, 0xb2c5, 0xb2c6, 0xb2c7, 0x0000,
    0x0000, 0x0000, 0xb2c8, 0xb2c9, 0xb2ca, 0xb2cb, 0xb2cc, 0xb2cd, 0xb2ce, 0xb2cf, 0xb2d0, 0xb2d1, 0xb2d2, 0xb2d3, 0xb2d4, 0xb2d5,
    0xb2d6, 0xb2d7, 0xb2d8, 0x0000, 0xb2d9, 0xb2da, 0xb2db, 0xb2dc, 0xb2dd, 0xb2de, 0xb2df, 0xb2e0, 0xb2e1, 0xb2e2, 0xb2e3, 0x0000,
    0x0000, 0x0000, 0x0000, 0x0000, 0x0000, 0x0000, 0x0000, 0x0000, 0x0000, 0x0000, 0x0000, 0x0000, 0x0000, 0x0000, 0x0000, 0x0000,
    0x0000, 0x0000, 0x0000, 0x0000, 0x0000, 0x0000, 0x0000, 0x0000, 0x0000, 0x0000, 0x0000, 0x0000, 0x0000, 0x0000, 0x0000, 0x0000,
    0x0000, 0x0000, 0x0000, 0x0000, 0x0000, 0x0000, 0x0000, 0x0000, 0x0000, 0x0000, 0x0000, 0x0000, 0x0000, 0x0000, 0x0000, 0x0000,
    0x0000, 0x0000, 0x0000, 0x0000, 0x0000, 0x0000, 0x0000, 0x0000, 0x0000, 0x0000, 0x0000, 0x0000, 0x0000, 0x0000, 0x0000, 0x0000,
    0x0000, 0x0000, 0x0000, 0x0000, 0x0000, 0x0000, 0x0000, 0x0000, 0x0000, 0x0000, 0x0000, 0x0000, 0x0000, 0x0000, 0x0000, 0x0000,
    0x3137, 0x0000, 0x0000, 0x0000, 0x0000, 0x0000, 0x0000, 0x0000, 0x0000, 0x0000, 0x0000, 0x0000, 0x0000, 0x0000, 0x0000, 0x0000,
    0x0000, 0x0000, 0x0000, 0x0000, 0x0000, 0x0000, 0x0000, 0x0000, 0x0000, 0x0000, 0x0000, 0x0000, 0x0000, 0x0000, 0x0000, 0x0000,
    0xb2e4, 0xb2e5, 0xb2e6, 0xb2e7, 0xb2e8, 0xb2e9, 0xb2ea, 0xb2eb, 0xb2ec, 0xb2ed, 0xb2ee, 0xb2ef, 0xb2f0, 0xb2f1, 0xb2f2, 0xb2f3,
    0xb2f4, 0x0000, 0xb2f5, 0xb2f6, 0xb2f7, 0xb2f8, 0xb2f9, 0xb2fa, 0xb2fb, 0xb2fc, 0xb2fd, 0xb2fe, 0xb2ff, 0x0000, 0x0000, 0x0000,
    0xb300, 0xb301, 0xb302, 0xb303, 0xb304, 0xb305, 0xb306, 0xb307, 0xb308, 0xb309, 0xb30a, 0xb30b, 0xb30c, 0xb30d, 0xb30e, 0xb30f,
    0xb310, 0x0000, 0xb311, 0xb312, 0xb313, 0xb314, 0xb315, 0xb316, 0xb317, 0xb318, 0xb319, 0xb31a, 0xb31b, 0x0000, 0x0000, 0x0000,
    0xb31c, 0xb31d, 0xb31e, 0xb31f, 0xb320, 0xb321, 0xb322, 0xb323, 0xb324, 0xb325, 0xb326, 0xb327, 0xb328, 0xb329, 0xb32a, 0xb32b,
    0xb32c, 0x0000, 0xb32d, 0xb32e, 0xb32f, 0xb330, 0xb331, 0xb332, 0xb333, 0xb334, 0xb335, 0xb336, 0xb337, 0x0000, 0x0000, 0x0000,
    0xb338, 0xb339, 0xb33a, 0xb33b, 0xb33c, 0xb33d, 0xb33e, 0xb33f, 0xb340, 0xb341, 0xb342, 0xb343, 0xb344, 0xb345, 0xb346, 0xb347,
    0xb348, 0x0000, 0xb349, 0xb34a, 0xb34b, 0xb34c, 0xb34d, 0xb34e, 0xb34f, 0xb350, 0xb351, 0xb352, 0xb353, 0x0000, 0x0000, 0x0000,
    0xb354, 0xb355, 0xb356, 0xb357, 0xb358, 0xb359, 0xb35a, 0xb35b, 0xb35c, 0xb35d, 0xb35e, 0xb35f, 0xb360, 0xb361, 0xb362, 0xb363,
    0xb364, 0x0000, 0xb365, 0xb366, 0xb367, 0xb368, 0xb369, 0xb36a, 0xb36b, 0xb36c, 0xb36d, 0xb36e, 0xb36f, 0x0000, 0x0000, 0x0000,
    0x0000, 0x0000, 0x0000, 0x0000, 0x0000, 0x0000, 0x0000, 0x0000, 0x0000, 0x0000, 0x0000, 0x0000, 0x0000, 0x0000, 0xb370, 0xb371,
    0xb372, 0xb373, 0xb374, 0xb375, 0xb376, 0xb377, 0xb378, 0xb379, 0xb37a, 0xb37b, 0xb37c, 0xb37d, 0xb37e, 0xb37f, 0xb380, 0x0000,
    0xb381, 0xb382, 0xb383, 0xb384, 0xb385, 0xb386, 0xb387, 0xb388, 0xb389, 0xb38a, 0xb38b, 0x0000, 0x0000, 0x0000, 0xb38c, 0xb38d,
    0xb38e, 0xb38f, 0xb390, 0xb391, 0xb392, 0xb393, 0xb394, 0xb395, 0xb396, 0xb397, 0xb398, 0xb399, 0xb39a, 0xb39b, 0xb39c, 0x0000,
    0xb39d, 0xb39e, 0xb39f, 0xb3a0, 0xb3a1, 0xb3a2, 0xb3a3, 0xb3a4, 0xb3a5, 0xb3a6, 0xb3a7, 0x0000, 0x0000, 0x0000, 0xb3a8, 0xb3a9,
    0xb3aa, 0xb3ab, 0xb3ac, 0xb3ad, 0xb3ae, 0xb3af, 0xb3b0, 0xb3b1, 0xb3b2, 0xb3b3, 0xb3b4, 0xb3b5, 0xb3b6, 0xb3b7, 0xb3b8, 0x0000,
    0xb3b9, 0xb3ba, 0xb3bb, 0xb3bc, 0xb3bd, 0xb3be, 0xb3bf, 0xb3c0, 0xb3c1, 0xb3c2, 0xb3c3, 0x0000, 0x0000, 0x0000, 0xb3c4, 0xb3c5,
    0xb3c6, 0xb3c7, 0xb3c8, 0xb3c9, 0xb3ca, 0xb3cb, 0xb3cc, 0xb3cd, 0xb3ce, 0xb3cf, 0xb3d0, 0xb3d1, 0xb3d2, 0xb3d3, 0xb3d4, 0x0000,
    0xb3d5, 0xb3d6, 0xb3d7, 0xb3d8, 0xb3d9, 0xb3da, 0xb3db, 0xb3dc, 0xb3dd, 0xb3de, 0xb3df, 0x0000, 0x0000, 0x0000, 0xb3e0, 0xb3e1,
    0xb3e2, 0xb3e3, 0xb3e4, 0xb3e5, 0xb3e6, 0xb3e7, 0xb3e8, 0xb3e9, 0xb3ea, 0xb3eb, 0xb3ec, 0xb3ed, 0xb3ee, 0xb3ef, 0xb3f0, 0x0000,
    0xb3f1, 0xb3f2, 0xb3f3, 0xb3f4, 0xb3f5, 0xb3f6, 0xb3f7, 0xb3f8, 0xb3f9, 0xb3fa, 0xb3fb, 0x0000, 0x0000, 0x0000, 0xb3fc, 0xb3fd,
    0xb3fe, 0xb3ff, 0xb400, 0xb401, 0xb402, 0xb403, 0xb404, 0xb405, 0xb406, 0xb407, 0xb408, 0xb409, 0xb40a, 0xb40b, 0xb40c, 0x0000,
    0xb40d, 0xb40e, 0xb40f, 0xb410, 0xb411, 0xb412, 0xb413, 0xb414, 0xb415, 0xb416, 0xb417, 0x0000, 0x0000, 0x0000, 0x0000, 0x0000,
    0x0000, 0x0000, 0x0000, 0x0000, 0x0000, 0x0000, 0x0000, 0x0000, 0x0000, 0x0000, 0x0000, 0x0000, 0xb418, 0xb419, 0xb41a, 0xb41b,
    0xb41c, 0xb41d, 0xb41e, 0xb41f, 0xb420, 0xb421, 0xb422, 0xb423, 0xb424, 0xb425, 0xb426, 0xb427, 0xb428, 0x0000, 0xb429, 0xb42a,
    0xb42b, 0xb42c, 0xb42d, 0xb42e, 0xb42f, 0xb430, 0xb431, 0xb432, 0xb433, 0x0000, 0x0000, 0x0000, 0xb434, 0xb435, 0xb436, 0xb437,
    0xb438, 0xb439, 0xb43a, 0xb43b, 0xb43c, 0xb43d, 0xb43e, 0xb43f, 0xb440, 0xb441, 0xb442, 0xb443, 0xb444, 0x0000, 0xb445, 0xb446,
    0xb447, 0xb448, 0xb449, 0xb44a, 0xb44b, 0xb44c, 0xb44d, 0xb44e, 0xb44f, 0x0000, 0x0000, 0x0000, 0xb450, 0xb451, 0xb452, 0xb453,
    0xb454, 0xb455, 0xb456, 0xb457, 0xb458, 0xb459, 0xb45a, 0xb45b, 0xb45c, 0xb45d, 0xb45e, 0xb45f, 0xb460, 0x0000, 0xb461, 0xb462,
    0xb463, 0xb464, 0xb465, 0xb466, 0xb467, 0xb468, 0xb469, 0xb46a, 0xb46b, 0x0000, 0x0000, 0x0000, 0xb46c, 0xb46d, 0xb46e, 0xb46f,
    0xb470, 0xb471, 0xb472, 0xb473, 0xb474, 0xb475, 0xb476, 0xb477, 0xb478, 0xb479, 0xb47a, 0xb47b, 0xb47c, 0x0000, 0xb47d, 0xb47e,
    0xb47f, 0xb480, 0xb481, 0xb482, 0xb483, 0xb484, 0xb485, 0xb486, 0xb487, 0x0000, 0x0000, 0x0000, 0xb488, 0xb489, 0xb48a, 0xb48b,
    0xb48c, 0xb48d, 0xb48e, 0xb48f, 0xb490, 0xb491, 0xb492, 0xb493, 0xb494, 0xb495, 0xb496, 0xb497, 0xb498, 0x0000, 0xb499, 0xb49a,
    0xb49b, 0xb49c, 0xb49d, 0xb49e, 0xb49f, 0xb4a0, 0xb4a1, 0xb4a2, 0xb4a3, 0x0000, 0x0000, 0x0000, 0xb4a4, 0xb4a5, 0xb4a6, 0xb4a7,
    0xb4a8, 0xb4a9, 0xb4aa, 0xb4ab, 0xb4ac, 0xb4ad, 0xb4ae, 0xb4af, 0xb4b0, 0xb4b1, 0xb4b2, 0xb4b3, 0xb4b4, 0x0000, 0xb4b5, 0xb4b6,
    0xb4b7, 0xb4b8, 0xb4b9, 0xb4ba, 0xb4bb, 0xb4bc, 0xb4bd, 0xb4be, 0xb4bf, 0x0000, 0x0000, 0x0000, 0x0000, 0x0000, 0x0000, 0x0000,
    0x0000, 0x0000, 0x0000, 0x0000, 0x0000, 0x0000, 0x0000, 0x0000, 0x0000, 0x0000, 0xb4c0, 0xb4c1, 0xb4c2, 0xb4c3, 0xb4c4, 0xb4c5,
    0xb4c6, 0xb4c7, 0xb4c8, 0xb4c9, 0xb4ca, 0xb4cb, 0xb4cc, 0xb4cd, 0xb4ce, 0xb4cf, 0xb4d0, 0x0000, 0xb4d1, 0xb4d2, 0xb4d3, 0xb4d4,
    0xb4d5, 0xb4d6, 0xb4d7, 0xb4d8, 0xb4d9, 0xb4da, 0xb4db, 0x0000, 0x0000, 0x0000, 0xb4dc, 0xb4dd, 0xb4de, 0xb4df, 0xb4e0, 0xb4e1,
    0xb4e2, 0xb4e3, 0xb4e4, 0xb4e5, 0xb4e6, 0xb4e7, 0xb4e8, 0xb4e9, 0xb4ea, 0xb4eb, 0xb4ec, 0x0000, 0xb4ed, 0xb4ee, 0xb4ef, 0xb4f0,
    0xb4f1, 0xb4f2, 0xb4f3, 0xb4f4, 0xb4f5, 0xb4f6, 0xb4f7, 0x0000, 0x0000, 0x0000, 0xb4f8, 0xb4f9, 0xb4fa, 0xb4fb, 0xb4fc, 0xb4fd,
    0xb4fe, 0xb4ff, 0xb500, 0xb501, 0xb502, 0xb503, 0xb504, 0xb505, 0xb506, 0xb507, 0xb508, 0x0000, 0xb509, 0xb50a, 0xb50b, 0xb50c,
    0xb50d, 0xb50e, 0xb50f, 0xb510, 0xb511, 0xb512, 0xb513, 0x0000, 0x0000, 0x0000, 0xb514, 0xb515, 0xb516, 0xb517, 0xb518, 0xb519,
    0xb51a, 0xb51b, 0xb51c, 0xb51d, 0xb51e, 0xb51f, 0xb520, 0xb521, 0xb522, 0xb523, 0xb524, 0x0000, 0xb525, 0xb526, 0xb527, 0xb528,
    0xb529, 0xb52a, 0xb52b, 0xb52c, 0xb52d, 0xb52e, 0xb52f, 0x0000, 0x0000, 0x0000, 0x0000, 0x0000, 0x0000, 0x0000, 0x0000, 0x0000,
    0x0000, 0x0000, 0x0000, 0x0000, 0x0000, 0x0000, 0x0000, 0x0000, 0x0000, 0x0000, 0x0000, 0x0000, 0x0000, 0x0000, 0x0000, 0x0000,
    0x0000, 0x0000, 0x0000, 0x0000, 0x0000, 0x0000, 0x0000, 0x0000, 0x0000, 0x0000, 0x0000, 0x0000, 0x0000, 0x0000, 0x0000, 0x0000,
    0x0000, 0x0000, 0x0000, 0x0000, 0x0000, 0x0000, 0x0000, 0x0000, 0x0000, 0x0000, 0x0000, 0x0000, 0x0000, 0x0000, 0x0000, 0x0000,
    0x0000, 0x0000, 0x0000, 0x0000, 0x0000, 0x0000, 0x0000, 0x0000, 0x0000, 0x0000, 0x0000, 0x0000, 0x0000, 0x0000, 0x0000, 0x0000,
    0x0000, 0x0000, 0x0000, 0x0000, 0x0000, 0x0000, 0x0000, 0x0000, 0x3138, 0x0000, 0x0000, 0x0000, 0x0000, 0x0000, 0x0000, 0x0000,
    0x0000, 0x0000, 0x0000, 0x0000, 0x0000, 0x0000, 0x0000, 0x0000, 0x0000, 0x0000, 0x0000, 0x0000, 0x0000, 0x0000, 0x0000, 0x0000,
    0x0000, 0x0000, 0x0000, 0x0000, 0x0000, 0x0000, 0x0000, 0x0000, 0xb530, 0xb531, 0xb532, 0xb533, 0xb534, 0xb535, 0xb536, 0xb537,
    0xb538, 0xb539, 0xb53a, 0xb53b, 0xb53c, 0xb53d, 0xb53e, 0xb53f, 0xb540, 0x0000, 0xb541, 0xb542, 0xb543, 0xb544, 0xb545, 0xb546,
    0xb547, 0xb548, 0xb549, 0xb54a, 0xb54b, 0x0000, 0x0000, 0x0000, 0xb54c, 0xb54d, 0xb54e, 0xb54f, 0xb550, 0xb551, 0xb552, 0xb553,
    0xb554, 0xb555, 0xb556, 0xb557, 0xb558, 0xb559, 0xb55a, 0xb55b, 0xb55c, 0x0000, 0xb55d, 0xb55e, 0xb55f, 0xb560, 0xb561, 0xb562,
    0xb563, 0xb564, 0xb565, 0xb566, 0xb567, 0x0000, 0x0000, 0x0000, 0xb568, 0xb569, 0xb56a, 0xb56b, 0xb56c, 0xb56d, 0xb56e, 0xb56f,
    0xb570, 0xb571, 0xb572, 0xb573, 0xb574, 0xb575, 0xb576, 0xb577, 0xb578, 0x0000, 0xb579, 0xb57a, 0xb57b, 0xb57c, 0xb57d, 0xb57e,
    0xb57f, 0xb580, 0xb581, 0xb582, 0xb583, 0x0000, 0x0000, 0x0000, 0xb584, 0xb585, 0xb586, 0xb587, 0xb588, 0xb589, 0xb58a, 0xb58b,
    0xb58c, 0xb58d, 0xb58e, 0xb58f, 0xb590, 0xb591, 0xb592, 0xb593, 0xb594, 0x0000, 0xb595, 0xb596, 0xb597, 0xb598, 0xb599, 0xb59a,
    0xb59b, 0xb59c, 0xb59d, 0xb59e, 0xb59f, 0x0000, 0x0000, 0x0000, 0xb5a0, 0xb5a1, 0xb5a2, 0xb5a3, 0xb5a4, 0xb5a5, 0xb5a6, 0xb5a7,
    0xb5a8, 0xb5a9, 0xb5aa, 0xb5ab, 0xb5ac, 0xb5ad, 0xb5ae, 0xb5af, 0xb5b0, 0x0000, 0xb5b1, 0xb5b2, 0xb5b3, 0xb5b4, 0xb5b5, 0xb5b6,
    0xb5b7, 0xb5b8, 0xb5b9, 0xb5ba, 0xb5bb, 0x0000, 0x0000, 0x0000, 0x0000, 0x0000, 0x0000, 0x0000, 0x0000, 0x0000, 0x0000, 0x0000,
    0x0000, 0x0000, 0x0000, 0x0000, 0x0000, 0x0000, 0xb5bc, 0xb5bd, 0xb5be, 0xb5bf, 0xb5c0, 0xb5c1, 0xb5c2, 0xb5c3, 0xb5c4, 0xb5c5,
    0xb5c6, 0xb5c7, 0xb5c8, 0xb5c9, 0xb5ca, 0xb5cb, 0xb5cc, 0x0000, 0xb5cd, 0xb5ce, 0xb5cf, 0xb5d0, 0xb5d1, 0xb5d2, 0xb5d3, 0xb5d4,
    0xb5d5, 0xb5d6, 0xb5d7, 0x0000, 0x0000, 0x0000, 0xb5d8, 0xb5d9, 0xb5da, 0xb5db, 0xb5dc, 0xb5dd, 0xb5de, 0xb5df, 0xb5e0, 0xb5e1,
    0xb5e2, 0xb5e3, 0xb5e4, 0xb5e5, 0xb5e6, 0xb5e7, 0xb5e8, 0x0000, 0xb5e9, 0xb5ea, 0xb5eb, 0xb5ec, 0xb5ed, 0xb5ee, 0xb5ef, 0xb5f0,
    0xb5f1, 0xb5f2, 0xb5f3, 0x0000, 0x0000, 0x0000, 0xb5f4, 0xb5f5, 0xb5f6, 0xb5f7, 0xb5f8, 0xb5f9, 0xb5fa, 0xb5fb, 0xb5fc, 0xb5fd,
    0xb5fe, 0xb5ff, 0xb600, 0xb601, 0xb602, 0xb603, 0xb604, 0x0000, 0xb605, 0xb606, 0xb607, 0xb608, 0xb609, 0xb60a, 0xb60b, 0xb60c,
    0xb60d, 0xb60e, 0xb60f, 0x0000, 0x0000, 0x0000, 0xb610, 0xb611, 0xb612, 0xb613, 0xb614, 0xb615, 0xb616, 0xb617, 0xb618, 0xb619,
    0xb61a, 0xb61b, 0xb61c, 0xb61d, 0xb61e, 0xb61f, 0xb620, 0x0000, 0xb621, 0xb622, 0xb623, 0xb624, 0xb625, 0xb626, 0xb627, 0xb628,
    0xb629, 0xb62a, 0xb62b, 0x0000, 0x0000, 0x0000, 0xb62c, 0xb62d, 0xb62e, 0xb62f, 0xb630, 0xb631, 0xb632, 0xb633, 0xb634, 0xb635,
    0xb636, 0xb637, 0xb638, 0xb639, 0xb63a, 0xb63b, 0xb63c, 0x0000, 0xb63d, 0xb63e, 0xb63f, 0xb640, 0xb641, 0xb642, 0xb643, 0xb644,
    0xb645, 0xb646, 0xb647, 0x0000, 0x0000, 0x0000, 0xb648, 0xb649, 0xb64a, 0xb64b, 0xb64c, 0xb64d, 0xb64e, 0xb64f, 0xb650, 0xb651,
    0xb652, 0xb653, 0xb654, 0xb655, 0xb656, 0xb657, 0xb658, 0x0000, 0xb659, 0xb65a, 0xb65b, 0xb65c, 0xb65d, 0xb65e, 0xb65f, 0xb660,
    0xb661, 0xb662, 0xb663, 0x0000, 0x0000, 0x0000, 0x0000, 0x0000, 0x0000, 0x0000, 0x0000, 0x0000, 0x0000, 0x0000, 0x0000, 0x0000,
    0x0000, 0x0000, 0x0000, 0x0000, 0xb664, 0xb665, 0xb666, 0xb667, 0xb668, 0xb669, 0xb66a, 0xb66b, 0xb66c, 0xb66d, 0xb66e, 0xb66f,
    0xb670, 0xb671, 0xb672, 0xb673, 0xb674, 0x0000, 0xb675, 0xb676, 0xb677, 0xb678, 0xb679, 0xb67a, 0xb67b, 0xb67c, 0xb67d, 0xb67e,
    0xb67f, 0x0000, 0x0000, 0x0000, 0xb680, 0xb681, 0xb682, 0xb683, 0xb684, 0xb685, 0xb686, 0xb687, 0xb688, 0xb689, 0xb68a, 0xb68b,
    0xb68c, 0xb68d, 0xb68e, 0xb68f, 0xb690, 0x0000, 0xb691, 0xb692, 0xb693, 0xb694, 0xb695, 0xb696, 0xb697, 0xb698, 0xb699, 0xb69a,
    0xb69b, 0x0000, 0x0000, 0x0000, 0xb69c, 0xb69d, 0xb69e, 0xb69f, 0xb6a0, 0xb6a1, 0xb6a2, 0xb6a3, 0xb6a4, 0xb6a5, 0xb6a6, 0xb6a7,
    0xb6a8, 0xb6a9, 0xb6aa, 0xb6ab, 0xb6ac, 0x0000, 0xb6ad, 0xb6ae, 0xb6af, 0xb6b0, 0xb6b1, 0xb6b2, 0xb6b3, 0xb6b4, 0xb6b5, 0xb6b6,
    0xb6b7, 0x0000, 0x0000, 0x0000, 0xb6b8, 0xb6b9, 0xb6ba, 0xb6bb, 0xb6bc, 0xb6bd, 0xb6be, 0xb6bf, 0xb6c0, 0xb6c1, 0xb6c2, 0xb6c3,
    0xb6c4, 0xb6c5, 0xb6c6, 0xb6c7, 0xb6c8, 0x0000, 0xb6c9, 0xb6ca, 0xb6cb, 0xb6cc, 0xb6cd, 0xb6ce, 0xb6cf, 0xb6d0, 0xb6d1, 0xb6d2,
    0xb6d3, 0x0000, 0x0000, 0x0000, 0xb6d4, 0xb6d5, 0xb6d6, 0xb6d7, 0xb6d8, 0xb6d9, 0xb6da, 0xb6db, 0xb6dc, 0xb6dd, 0xb6de, 0xb6df,
    0xb6e0, 0xb6e1, 0xb6e2, 0xb6e3, 0xb6e4, 0x0000, 0xb6e5, 0xb6e6, 0xb6e7, 0xb6e8, 0xb6e9, 0xb6ea, 0xb6eb, 0xb6ec, 0xb6ed, 0xb6ee,
    0xb6ef, 0x0000, 0x0000, 0x0000, 0xb6f0, 0xb6f1, 0xb6f2, 0xb6f3, 0xb6f4, 0xb6f5, 0xb6f6, 0xb6f7, 0xb6f8, 0xb6f9, 0xb6fa, 0xb6fb,
    0xb6fc, 0xb6fd, 0xb6fe, 0xb6ff, 0xb700, 0x0000, 0xb701, 0xb702, 0xb703, 0xb704, 0xb705, 0xb706, 0xb707, 0xb708, 0xb709, 0xb70a,
    0xb70b, 0x0000, 0x0000, 0x0000, 0x0000, 0x0000, 0x0000, 0x0000, 0x0000, 0x0000, 0x0000, 0x0000, 0x0000, 0x0000, 0x0000, 0x0000,
    0x0000, 0x0000, 0xb70c, 0xb70d, 0xb70e, 0xb70f, 0xb710, 0xb711, 0xb712, 0xb713, 0xb714, 0xb715, 0xb716, 0xb717, 0xb718, 0xb719,
    0xb71a, 0xb71b, 0xb71c, 0x0000, 0xb71d, 0xb71e, 0xb71f, 0xb720, 0xb721, 0xb722, 0xb723, 0xb724, 0xb725, 0xb726, 0xb727, 0x0000,
    0x0000, 0x0000, 0xb728, 0xb729, 0xb72a, 0xb72b, 0xb72c, 0xb72d, 0xb72e, 0xb72f, 0xb730, 0xb731, 0xb732, 0xb733, 0xb734, 0xb735,
    0xb736, 0xb737, 0xb738, 0x0000, 0xb739, 0xb73a, 0xb73b, 0xb73c, 0xb73d, 0xb73e, 0xb73f, 0xb740, 0xb741, 0xb742, 0xb743, 0x0000,
    0x0000, 0x0000, 0xb744, 0xb745, 0xb746, 0xb747, 0xb748, 0xb749, 0xb74a, 0xb74b, 0xb74c, 0xb74d, 0xb74e, 0xb74f, 0xb750, 0xb751,
    0xb752, 0xb753, 0xb754, 0x0000, 0xb755, 0xb756, 0xb757, 0xb758, 0xb759, 0xb75a, 0xb75b, 0xb75c, 0xb75d, 0xb75e, 0xb75f, 0x0000,
    0x0000, 0x0000, 0xb760, 0xb761, 0xb762, 0xb763, 0xb764, 0xb765, 0xb766, 0xb767, 0xb768, 0xb769, 0xb76a, 0xb76b, 0xb76c, 0xb76d,
    0xb76e, 0xb76f, 0xb770, 0x0000, 0xb771, 0xb772, 0xb773, 0xb774, 0xb775, 0xb776, 0xb777, 0xb778, 0xb779, 0xb77a, 0xb77b, 0x0000,
    0x0000, 0x0000, 0x0000, 0x0000, 0x0000, 0x0000, 0x0000, 0x0000, 0x0000, 0x0000, 0x0000, 0x0000, 0x0000, 0x0000, 0x0000, 0x0000,
    0x0000, 0x0000, 0x0000, 0x0000, 0x0000, 0x0000, 0x0000, 0x0000, 0x0000, 0x0000, 0x0000, 0x0000, 0x0000, 0x0000, 0x0000, 0x0000,
    0x0000, 0x0000, 0x0000, 0x0000, 0x0000, 0x0000, 0x0000, 0x0000, 0x0000, 0x0000, 0x0000, 0x0000, 0x0000, 0x0000, 0x0000, 0x0000,
    0x0000, 0x0000, 0x0000, 0x0000, 0x0000, 0x0000, 0x0000, 0x0000, 0x0000, 0x0000, 0x0000, 0x0000, 0x0000, 0x0000, 0x0000, 0x0000,
    0x0000, 0x0000, 0x0000, 0x0000, 0x0000, 0x0000, 0x0000, 0x0000, 0x0000, 0x0000, 0x0000, 0x0000, 0x0000, 0x0000, 0x0000, 0x0000,
    0x3139, 0x0000, 0x0000, 0x0000, 0x0000, 0x0000, 0x0000, 0x0000, 0x0000, 0x0000, 0x0000, 0x0000, 0x0000, 0x0000, 0x0000, 0x0000,
    0x0000, 0x0000, 0x0000, 0x0000, 0x0000, 0x0000, 0x0000, 0x0000, 0x0000, 0x0000, 0x0000, 0x0000, 0x0000, 0x0000, 0x0000, 0x0000,
    0xb77c, 0xb77d, 0xb77e, 0xb77f, 0xb780, 0xb781, 0xb782, 0xb783, 0xb784, 0xb785, 0xb786, 0xb787, 0xb788, 0xb789, 0xb78a, 0xb78b,
    0xb78c, 0x0000, 0xb78d, 0xb78e, 0xb78f, 0xb790, 0xb791, 0xb792, 0xb793, 0xb794, 0xb795, 0xb796, 0xb797, 0x0000, 0x0000, 0x0000,
    0xb798, 0xb799, 0xb79a, 0xb79b, 0xb79c, 0xb79d, 0xb79e, 0xb79f, 0xb7a0, 0xb7a1, 0xb7a2, 0xb7a3, 0xb7a4, 0xb7a5, 0xb7a6, 0xb7a7,
    0xb7a8, 0x0000, 0xb7a9, 0xb7aa, 0xb7ab, 0xb7ac, 0xb7ad, 0xb7ae, 0xb7af, 0xb7b0, 0xb7b1, 0xb7b2, 0xb7b3, 0x0000, 0x0000, 0x0000,
    0xb7b4, 0xb7b5, 0xb7b6, 0xb7b7, 0xb7b8, 0xb7b9, 0xb7ba, 0xb7bb, 0xb7bc, 0xb7bd, 0xb7be, 0xb7bf, 0xb7c0, 0xb7c1, 0xb7c2, 0xb7c3,
    0xb7c4, 0x0000, 0xb7c5, 0xb7c6, 0xb7c7, 0xb7c8, 0xb7c9, 0xb7ca, 0xb7cb, 0xb7cc, 0xb7cd, 0xb7ce, 0xb7cf, 0x0000, 0x0000, 0x0000,
    0xb7d0, 0xb7d1, 0xb7d2, 0xb7d3, 0xb7d4, 0xb7d5, 0xb7d6, 0xb7d7, 0xb7d8, 0xb7d9, 0xb7da, 0xb7db, 0xb7dc, 0xb7dd, 0xb7de, 0xb7df,
    0xb7e0, 0x0000, 0xb7e1, 0xb7e2, 0xb7e3, 0xb7e4, 0xb7e5, 0xb7e6, 0xb7e7, 0xb7e8, 0xb7e9, 0xb7ea, 0xb7eb, 0x0000, 0x0000, 0x0000,
    0xb7ec, 0xb7ed, 0xb7ee, 0xb7ef, 0xb7f0, 0xb7f1, 0xb7f2, 0xb7f3, 0xb7f4, 0xb7f5, 0xb7f6, 0xb7f7, 0xb7f8, 0xb7f9, 0xb7fa, 0xb7fb,
    0xb7fc, 0x0000, 0xb7fd, 0xb7fe, 0xb7ff, 0xb800, 0xb801, 0xb802, 0xb803, 0xb804, 0xb805, 0xb806, 0xb807, 0x0000, 0x0000, 0x0000,
    0x0000, 0x0000, 0x0000, 0x0000, 0x0000, 0x0000, 0x0000, 0x0000, 0x0000, 0x0000, 0x0000, 0x0000, 0x0000, 0x0000, 0xb808, 0xb809,
    0xb80a, 0xb80b, 0xb80c, 0xb80d, 0xb80e, 0xb80f, 0xb810, 0xb811, 0xb812, 0xb813, 0xb814, 0xb815, 0xb816, 0xb817, 0xb818, 0x0000,
    0xb819, 0xb81a, 0xb81b, 0xb81c, 0xb81d, 0xb81e, 0xb81f, 0xb820, 0xb821, 0xb822, 0xb823, 0x0000, 0x0000, 0x0000, 0xb824, 0xb825,
    0xb826, 0xb827, 0xb828, 0xb829, 0xb82a, 0xb82b, 0xb82c, 0xb82d, 0xb82e, 0xb82f, 0xb830, 0xb831, 0xb832, 0xb833, 0xb834, 0x0000,
    0xb835, 0xb836, 0xb837, 0xb838, 0xb839, 0xb83a, 0xb83b, 0xb83c, 0xb83d, 0xb83e, 0xb83f, 0x0000, 0x0000, 0x0000, 0xb840, 0xb841,
    0xb842, 0xb843, 0xb844, 0xb845, 0xb846, 0xb847, 0xb848, 0xb849, 0xb84a, 0xb84b, 0xb84c, 0xb84d, 0xb84e, 0xb84f, 0xb850, 0x0000,
    0xb851, 0xb852, 0xb853, 0xb854, 0xb855, 0xb856, 0xb857, 0xb858, 0xb859, 0xb85a, 0xb85b, 0x0000, 0x0000, 0x0000, 0xb85c, 0xb85d,
    0xb85e, 0xb85f, 0xb860, 0xb861, 0xb862, 0xb863, 0xb864, 0xb865, 0xb866, 0xb867, 0xb868, 0xb869, 0xb86a, 0xb86b, 0xb86c, 0x0000,
    0xb86d, 0xb86e, 0xb86f, 0xb870, 0xb871, 0xb872, 0xb873, 0xb874, 0xb875, 0xb876, 0xb877, 0x0000, 0x0000, 0x0000, 0xb878, 0xb879,
    0xb87a, 0xb87b, 0xb87c, 0xb87d, 0xb87e, 0xb87f, 0xb880, 0xb881, 0xb882, 0xb883, 0xb884, 0xb885, 0xb886, 0xb887, 0xb888, 0x0000,
    0xb889, 0xb88a, 0xb88b, 0xb88c, 0xb88d, 0xb88e, 0xb88f, 0xb890, 0xb891, 0xb892, 0xb893, 0x0000, 0x0000, 0x0000, 0xb894, 0xb895,
    0xb896, 0xb897, 0xb898, 0xb899, 0xb89a, 0xb89b, 0xb89c, 0xb89d, 0xb89e, 0xb89f, 0xb8a0, 0xb8a1, 0xb8a2, 0xb8a3, 0xb8a4, 0x0000,
    0xb8a5, 0xb8a6, 0xb8a7, 0xb8a8, 0xb8a9, 0xb8aa, 0xb8ab, 0xb8ac, 0xb8ad, 0xb8ae, 0xb8af, 0x0000, 0x0000, 0x0000, 0x0000, 0x0000,
    0x0000, 0x0000, 0x0000, 0x0000, 0x0000, 0x0000, 0x0000, 0x0000, 0x0000, 0x0000, 0x0000, 0x0000, 0xb8b0, 0xb8b1, 0xb8b2, 0xb8b3,
    0xb8b4, 0xb8b5, 0xb8b6, 0xb8b7, 0xb8b8, 0xb8b9, 0xb8ba, 0xb8bb, 0xb8bc, 0xb8bd, 0xb8be, 0xb8bf, 0xb8c0, 0x0000, 0xb8c1, 0xb8c2,
    0xb8c3, 0xb8c4, 0xb8c5, 0xb8c6, 0xb8c7, 0xb8c8, 0xb8c9, 0xb8ca, 0xb8cb, 0x0000, 0x0000, 0x0000, 0xb8cc, 0xb8cd, 0xb8ce, 0xb8cf,
    0xb8d0, 0xb8d1, 0xb8d2, 0xb8d3, 0xb8d4, 0xb8d5, 0xb8d6, 0xb8d7, 0xb8d8, 0xb8d9, 0xb8da, 0xb8db, 0xb8dc, 0x0000, 0xb8dd, 0xb8de,
    0xb8df, 0xb8e0, 0xb8e1, 0xb8e2, 0xb8e3, 0xb8e4, 0xb8e5, 0xb8e6, 0xb8e7, 0x0000, 0x0000, 0x0000, 0xb8e8, 0xb8e9, 0xb8ea, 0xb8eb,
    0xb8ec, 0xb8ed, 0xb8ee, 0xb8ef, 0xb8f0, 0xb8f1, 0xb8f2, 0xb8f3, 0xb8f4, 0xb8f5, 0xb8f6, 0xb8f7, 0xb8f8, 0x0000, 0xb8f9, 0xb8fa,
    0xb8fb, 0xb8fc, 0xb8fd, 0xb8fe, 0xb8ff, 0xb900, 0xb901, 0xb902, 0xb903, 0x0000, 0x0000, 0x0000, 0xb904, 0xb905, 0xb906, 0xb907,
    0xb908, 0xb909, 0xb90a, 0xb90b, 0xb90c, 0xb90d, 0xb90e, 0xb90f, 0xb910, 0xb911, 0xb912, 0xb913, 0xb914, 0x0000, 0xb915, 0xb916,
    0xb917, 0xb918, 0xb919, 0xb91a, 0xb91b, 0xb91c, 0xb91d, 0xb91e, 0xb91f, 0x0000, 0x0000, 0x0000, 0xb920, 0xb921, 0xb922, 0xb923,
    0xb924, 0xb925, 0xb926, 0xb927, 0xb928, 0xb929, 0xb92a, 0xb92b, 0xb92c, 0xb92d, 0xb92e, 0xb92f, 0xb930, 0x0000, 0xb931, 0xb932,
    0xb933, 0xb934, 0xb935, 0xb936, 0xb937, 0xb938, 0xb939, 0xb93a, 0xb93b, 0x0000, 0x0000, 0x0000, 0xb93c, 0xb93d, 0xb93e, 0xb93f,
    0xb940, 0xb941, 0xb942, 0xb943, 0xb944, 0xb945, 0xb946, 0xb947, 0xb948, 0xb949, 0xb94a, 0xb94b, 0xb94c, 0x0000, 0xb94d, 0xb94e,
    0xb94f, 0xb950, 0xb951, 0xb952, 0xb953, 0xb954, 0xb955, 0xb956, 0xb957, 0x0000, 0x0000, 0x0000, 0x0000, 0x0000, 0x0000, 0x0000,
    0x0000, 0x0000, 0x0000, 0x0000, 0x0000, 0x0000, 0x0000, 0x0000, 0x0000, 0x0000, 0xb958, 0xb959, 0xb95a, 0xb95b, 0xb95c, 0xb95d,
    0xb95e, 0xb95f, 0xb960, 0xb961, 0xb962, 0xb963, 0xb964, 0xb965, 0xb966, 0xb967, 0xb968, 0x0000, 0xb969, 0xb96a, 0xb96b, 0xb96c,
    0xb96d, 0xb96e, 0xb96f, 0xb970, 0xb971, 0xb972, 0xb973, 0x0000, 0x0000, 0x0000, 0xb974, 0xb975, 0xb976, 0xb977, 0xb978, 0xb979,
    0xb97a, 0xb97b, 0xb97c, 0xb97d, 0xb97e, 0xb97f, 0xb980, 0xb981, 0xb982, 0xb983, 0xb984, 0x0000, 0xb985, 0xb986, 0xb987, 0xb988,
    0xb989, 0xb98a, 0xb98b, 0xb98c, 0xb98d, 0xb98e, 0xb98f, 0x0000, 0x0000, 0x0000, 0xb990, 0xb991, 0xb992, 0xb993, 0xb994, 0xb995,
    0xb996, 0xb997, 0xb998, 0xb999, 0xb99a, 0xb99b, 0xb99c, 0xb99d, 0xb99e, 0xb99f, 0xb9a0, 0x0000, 0xb9a1, 0xb9a2, 0xb9a3, 0xb9a4,
    0xb9a5, 0xb9a6, 0xb9a7, 0xb9a8, 0xb9a9, 0xb9aa, 0xb9ab, 0x0000, 0x0000, 0x0000, 0xb9ac, 0xb9ad, 0xb9ae, 0xb9af, 0xb9b0, 0xb9b1,
    0xb9b2, 0xb9b3, 0xb9b4, 0xb9b5, 0xb9b6, 0xb9b7, 0xb9b8, 0xb9b9, 0xb9ba, 0xb9bb, 0xb9bc, 0x0000, 0xb9bd, 0xb9be, 0xb9bf, 0xb9c0,
    0xb9c1, 0xb9c2, 0xb9c3, 0xb9c4, 0xb9c5, 0xb9c6, 0xb9c7, 0x0000, 0x0000, 0x0000, 0x0000, 0x0000, 0x0000, 0x0000, 0x0000, 0x0000,
    0x0000, 0x0000, 0x0000, 0x0000, 0x0000, 0x0000, 0x0000, 0x0000, 0x0000, 0x0000, 0x0000, 0x0000, 0x0000, 0x0000, 0x0000, 0x0000,
    0x0000, 0x0000, 0x0000, 0x0000, 0x0000, 0x0000, 0x0000, 0x0000, 0x0000, 0x0000, 0x0000, 0x0000, 0x0000, 0x0000, 0x0000, 0x0000,
    0x0000, 0x0000, 0x0000, 0x0000, 0x0000, 0x0000, 0x0000, 0x0000, 0x0000, 0x0000, 0x0000, 0x0000, 0x0000, 0x0000, 0x0000, 0x0000,
    0x0000, 0x0000, 0x0000, 0x0000, 0x0000, 0x0000, 0x0000, 0x0000, 0x0000, 0x0000, 0x0000, 0x0000, 0x0000, 0x0000, 0x0000, 0x0000,
    0x0000, 0x0000, 0x0000, 0x0000, 0x0000, 0x0000, 0x0000, 0x0000, 0x3141, 0x0000, 0x0000, 0x0000, 0x0000, 0x0000, 0x0000, 0x0000,
    0x0000, 0x0000, 0x0000, 0x0000, 0x0000, 0x0000, 0x0000, 0x0000, 0x0000, 0x0000, 0x0000, 0x0000, 0x0000, 0x0000, 0x0000, 0x0000,
    0x0000, 0x0000, 0x0000, 0x0000, 0x0000, 0x0000, 0x0000, 0x0000, 0xb9c8, 0xb9c9, 0xb9ca, 0xb9cb, 0xb9cc, 0xb9cd, 0xb9ce, 0xb9cf,
    0xb9d0, 0xb9d1, 0xb9d2, 0xb9d3, 0xb9d4, 0xb9d5, 0xb9d6, 0xb9d7, 0xb9d8, 0x0000, 0xb9d9, 0xb9da, 0xb9db, 0xb9dc, 0xb9dd, 0xb9de,
    0xb9df, 0xb9e0, 0xb9e1, 0xb9e2, 0xb9e3, 0x0000, 0x0000, 0x0000, 0xb9e4, 0xb9e5, 0xb9e6, 0xb9e7, 0xb9e8, 0xb9e9, 0xb9ea, 0xb9eb,
    0xb9ec, 0xb9ed, 0xb9ee, 0xb9ef, 0xb9f0, 0xb9f1, 0xb9f2, 0xb9f3, 0xb9f4, 0x0000, 0xb9f5, 0xb9f6, 0xb9f7, 0xb9f8, 0xb9f9, 0xb9fa,
    0xb9fb, 0xb9fc, 0xb9fd, 0xb9fe, 0xb9ff, 0x0000, 0x0000, 0x0000, 0xba00, 0xba01, 0xba02, 0xba03, 0xba04, 0xba05, 0xba06, 0xba07,
    0xba08, 0xba09, 0xba0a, 0xba0b, 0xba0c, 0xba0d, 0xba0e, 0xba0f, 0xba10, 0x0000, 0xba11, 0xba12, 0xba13, 0xba14, 0xba15, 0xba16,
    0xba17, 0xba18, 0xba19, 0xba1a, 0xba1b, 0x0000, 0x0000, 0x0000, 0xba1c, 0xba1d, 0xba1e, 0xba1f, 0xba20, 0xba21, 0xba22, 0xba23,
    0xba24, 0xba25, 0xba26, 0xba27, 0xba28, 0xba29, 0xba2a, 0xba2b, 0xba2c, 0x0000, 0xba2d, 0xba2e, 0xba2f, 0xba30, 0xba31, 0xba32,
    0xba33, 0xba34, 0xba35, 0xba36, 0xba37, 0x0000, 0x0000, 0x0000, 0xba38, 0xba39, 0xba3a, 0xba3b, 0xba3c, 0xba3d, 0xba3e, 0xba3f,
    0xba40, 0xba41, 0xba42, 0xba43, 0xba44, 0xba45, 0xba46, 0xba47, 0xba48, 0x0000, 0xba49, 0xba4a, 0xba4b, 0xba4c, 0xba4d, 0xba4e,
    0xba4f, 0xba50, 0xba51, 0xba52, 0xba53, 0x0000, 0x0000, 0x0000, 0x0000, 0x0000, 0x0000, 0x0000, 0x0000, 0x0000, 0x0000, 0x0000,
    0x0000, 0x0000, 0x0000, 0x0000, 0x0000, 0x0000, 0xba54, 0xba55, 0xba56, 0xba57, 0xba58, 0xba59, 0xba5a, 0xba5b, 0xba5c, 0xba5d,
    0xba5e, 0xba5f, 0xba60, 0xba61, 0xba62, 0xba63, 0xba64, 0x0000, 0xba65, 0xba66, 0xba67, 0xba68, 0xba69, 0xba6a, 0xba6b, 0xba6c,
    0xba6d, 0xba6e, 0xba6f, 0x0000, 0x0000, 0x0000, 0xba70, 0xba71, 0xba72, 0xba73, 0xba74, 0xba75, 0xba76, 0xba77, 0xba78, 0xba79,
    0xba7a, 0xba7b, 0xba7c, 0xba7d, 0xba7e, 0xba7f, 0xba80, 0x0000, 0xba81, 0xba82, 0xba83, 0xba84, 0xba85, 0xba86, 0xba87, 0xba88,
    0xba89, 0xba8a, 0xba8b, 0x0000, 0x0000, 0x0000, 0xba8c, 0xba8d, 0xba8e, 0xba8f, 0xba90, 0xba91, 0xba92, 0xba93, 0xba94, 0xba95,
    0xba96, 0xba97, 0xba98, 0xba99, 0xba9a, 0xba9b, 0xba9c, 0x0000, 0xba9d, 0xba9e, 0xba9f, 0xbaa0, 0xbaa1, 0xbaa2, 0xbaa3, 0xbaa4,
    0xbaa5, 0xbaa6, 0xbaa7, 0x0000, 0x0000, 0x0000, 0xbaa8, 0xbaa9, 0xbaaa, 0xbaab, 0xbaac, 0xbaad, 0xbaae, 0xbaaf, 0xbab0, 0xbab1,
    0xbab2, 0xbab3, 0xbab4, 0xbab5, 0xbab6, 0xbab7, 0xbab8, 0x0000, 0xbab9, 0xbaba, 0xbabb, 0xbabc, 0xbabd, 0xbabe, 0xbabf, 0xbac0,
    0xbac1, 0xbac2, 0xbac3, 0x0000, 0x0000, 0x0000, 0xbac4, 0xbac5, 0xbac6, 0xbac7, 0xbac8, 0xbac9, 0xbaca, 0xbacb, 0xbacc, 0xbacd,
    0xbace, 0xbacf, 0xbad0, 0xbad1, 0xbad2, 0xbad3, 0xbad4, 0x0000, 0xbad5, 0xbad6, 0xbad7, 0xbad8, 0xbad9, 0xbada, 0xbadb, 0xbadc,
    0xbadd, 0xbade, 0xbadf, 0x0000, 0x0000, 0x0000, 0xbae0, 0xbae1, 0xbae2, 0xbae3, 0xbae4, 0xbae5, 0xbae6, 0xbae7, 0xbae8, 0xbae9,
    0xbaea, 0xbaeb, 0xbaec, 0xbaed, 0xbaee, 0xbaef, 0xbaf0, 0x0000, 0xbaf1, 0xbaf2, 0xbaf3, 0xbaf4, 0xbaf5, 0xbaf6, 0xbaf7, 0xbaf8,
    0xbaf9, 0xbafa, 0xbafb, 0x0000, 0x0000, 0x0000, 0x0000, 0x0000, 0x0000, 0x0000, 0x0000, 0x0000, 0x0000, 0x0000, 0x0000, 0x0000,
    0x0000, 0x0000, 0x0000, 0x0000, 0xbafc, 0xbafd, 0xbafe, 0xbaff, 0xbb00, 0xbb01, 0xbb02, 0xbb03, 0xbb04, 0xbb05, 0xbb06, 0xbb07,
    0xbb08, 0xbb09, 0xbb0a, 0xbb0b, 0xbb0c, 0x0000, 0xbb0d, 0xbb0e, 0xbb0f, 0xbb10, 0xbb11, 0xbb12, 0xbb13, 0xbb14, 0xbb15, 0xbb16,
    0xbb17, 0x0000, 0x0000, 0x0000, 0xbb18, 0xbb19, 0xbb1a, 0xbb1b, 0xbb1c, 0xbb1d, 0xbb1e, 0xbb1f, 0xbb20, 0xbb21, 0xbb22, 0xbb23,
    0xbb24, 0xbb25, 0xbb26, 0xbb27, 0xbb28, 0x0000, 0xbb29, 0xbb2a, 0xbb2b, 0xbb2c, 0xbb2d, 0xbb2e, 0xbb2f, 0xbb30, 0xbb31, 0xbb32,
    0xbb33, 0x0000, 0x0000, 0x0000, 0xbb34, 0xbb35, 0xbb36, 0xbb37, 0xbb38, 0xbb39, 0xbb3a, 0xbb3b, 0xbb3c, 0xbb3d, 0xbb3e, 0xbb3f,
    0xbb40, 0xbb41, 0xbb42, 0xbb43, 0xbb44, 0x0000, 0xbb45, 0xbb46, 0xbb47, 0xbb48, 0xbb49, 0xbb4a, 0xbb4b, 0xbb4c, 0xbb4d, 0xbb4e,
    0xbb4f, 0x0000, 0x0000, 0x0000, 0xbb50, 0xbb51, 0xbb52, 0xbb53, 0xbb54, 0xbb55, 0xbb56, 0xbb57, 0xbb58, 0xbb59, 0xbb5a, 0xbb5b,
    0xbb5c, 0xbb5d, 0xbb5e, 0xbb5f, 0xbb60, 0x0000, 0xbb61, 0xbb62, 0xbb63, 0xbb64, 0xbb65, 0xbb66, 0xbb67, 0xbb68, 0xbb69, 0xbb6a,
    0xbb6b, 0x0000, 0x0000, 0x0000, 0xbb6c, 0xbb6d, 0xbb6e, 0xbb6f, 0xbb70, 0xbb71, 0xbb72, 0xbb73, 0xbb74, 0xbb75, 0xbb76, 0xbb77,
    0xbb78, 0xbb79, 0xbb7a, 0xbb7b, 0xbb7c, 0x0000, 0xbb7d, 0xbb7e, 0xbb7f, 0xbb80, 0xbb81, 0xbb82, 0xbb83, 0xbb84, 0xbb85, 0xbb86,
    0xbb87, 0x0000, 0x0000, 0x0000, 0xbb88, 0xbb89, 0xbb8a, 0xbb8b, 0xbb8c, 0xbb8d, 0xbb8e, 0xbb8f, 0xbb90, 0xbb91, 0xbb92, 0xbb93,
    0xbb94, 0xbb95, 0xbb96, 0xbb97, 0xbb98, 0x0000, 0xbb99, 0xbb9a, 0xbb9b, 0xbb9c, 0xbb9d, 0xbb9e, 0xbb9f, 0xbba0, 0xbba1, 0xbba2,
    0xbba3, 0x0000, 0x0000, 0x0000, 0x0000, 0x0000, 0x0000, 0x0000, 0x0000, 0x0000, 0x0000, 0x0000, 0x0000, 0x0000, 0x0000, 0x0000,
    0x0000, 0x0000, 0xbba4, 0xbba5, 0xbba6, 0xbba7, 0xbba8, 0xbba9, 0xbbaa, 0xbbab, 0xbbac, 0xbbad, 0xbbae, 0xbbaf, 0xbbb0, 0xbbb1,
    0xbbb2, 0xbbb3, 0xbbb4, 0x0000, 0xbbb5, 0xbbb6, 0xbbb7, 0xbbb8, 0xbbb9, 0xbbba, 0xbbbb, 0xbbbc, 0xbbbd, 0xbbbe, 0xbbbf, 0x0000,
    0x0000, 0x0000, 0xbbc0, 0xbbc1, 0xbbc2, 0xbbc3, 0xbbc4, 0xbbc5, 0xbbc6, 0xbbc7, 0xbbc8, 0xbbc9, 0xbbca, 0xbbcb, 0xbbcc, 0xbbcd,
    0xbbce, 0xbbcf, 0xbbd0, 0x0000, 0xbbd1, 0xbbd2, 0xbbd3, 0xbbd4, 0xbbd5, 0xbbd6, 0xbbd7, 0xbbd8, 0xbbd9, 0xbbda, 0xbbdb, 0x0000,
    0x0000, 0x0000, 0xbbdc, 0xbbdd, 0xbbde, 0xbbdf, 0xbbe0, 0xbbe1, 0xbbe2, 0xbbe3, 0xbbe4, 0xbbe5, 0xbbe6, 0xbbe7, 0xbbe8, 0xbbe9,
    0xbbea, 0xbbeb, 0xbbec, 0x0000, 0xbbed, 0xbbee, 0xbbef, 0xbbf0, 0xbbf1, 0xbbf2, 0xbbf3, 0xbbf4, 0xbbf5, 0xbbf6, 0xbbf7, 0x0000,
    0x0000, 0x0000, 0xbbf8, 0xbbf9, 0xbbfa, 0xbbfb, 0xbbfc, 0xbbfd, 0xbbfe, 0xbbff, 0xbc00, 0xbc01, 0xbc02, 0xbc03, 0xbc04, 0xbc05,
    0xbc06, 0xbc07, 0xbc08, 0x0000, 0xbc09, 0xbc0a, 0xbc0b, 0xbc0c, 0xbc0d, 0xbc0e, 0xbc0f, 0xbc10, 0xbc11, 0xbc12, 0xbc13, 0x0000,
    0x0000, 0x0000, 0x0000, 0x0000, 0x0000, 0x0000, 0x0000, 0x0000, 0x0000, 0x0000, 0x0000, 0x0000, 0x0000, 0x0000, 0x0000, 0x0000,
    0x0000, 0x0000, 0x0000, 0x0000, 0x0000, 0x0000, 0x0000, 0x0000, 0x0000, 0x0000, 0x0000, 0x0000, 0x0000, 0x0000, 0x0000, 0x0000,
    0x0000, 0x0000, 0x0000, 0x0000, 0x0000, 0x0000, 0x0000, 0x0000, 0x0000, 0x0000, 0x0000, 0x0000, 0x0000, 0x0000, 0x0000, 0x0000,
    0x0000, 0x0000, 0x0000, 0x0000, 0x0000, 0x0000, 0x0000, 0x0000, 0x0000, 0x0000, 0x0000, 0x0000, 0x0000, 0x0000, 0x0000, 0x0000,
    0x0000, 0x0000, 0x0000, 0x0000, 0x0000, 0x0000, 0x0000, 0x0000, 0x0000, 0x0000, 0x0000, 0x0000, 0x0000, 0x0000, 0x0000, 0x0000,
    0x3142, 0x0000, 0x0000, 0x0000, 0x0000, 0x0000, 0x0000, 0x0000, 0x0000, 0x0000, 0x0000, 0x0000, 0x0000, 0x0000, 0x0000, 0x0000,
    0x0000, 0x0000, 0x0000, 0x0000, 0x0000, 0x0000, 0x0000, 0x0000, 0x0000, 0x0000, 0x0000, 0x0000, 0x0000, 0x0000, 0x0000, 0x0000,
    0xbc14, 0xbc15, 0xbc16, 0xbc17, 0xbc18, 0xbc19, 0xbc1a, 0xbc1b, 0xbc1c, 0xbc1d, 0xbc1e, 0xbc1f, 0xbc20, 0xbc21, 0xbc22, 0xbc23,
    0xbc24, 0x0000, 0xbc25, 0xbc26, 0xbc27, 0xbc28, 0xbc29, 0xbc2a, 0xbc2b, 0xbc2c, 0xbc2d, 0xbc2e, 0xbc2f, 0x0000, 0x0000, 0x0000,
    0xbc30, 0xbc31, 0xbc32, 0xbc33, 0xbc34, 0xbc35, 0xbc36, 0xbc37, 0xbc38, 0xbc39, 0xbc3a, 0xbc3b, 0xbc3c, 0xbc3d, 0xbc3e, 0xbc3f,
    0xbc40, 0x0000, 0xbc41, 0xbc42, 0xbc43, 0xbc44, 0xbc45, 0xbc46, 0xbc47, 0xbc48, 0xbc49, 0xbc4a, 0xbc4b, 0x0000, 0x0000, 0x0000,
    0xbc4c, 0xbc4d, 0xbc4e, 0xbc4f, 0xbc50, 0xbc51, 0xbc52, 0xbc53, 0xbc54, 0xbc55, 0xbc56, 0xbc57, 0xbc58, 0xbc59, 0xbc5a, 0xbc5b,
    0xbc5c, 0x0000, 0xbc5d, 0xbc5e, 0xbc5f, 0xbc60, 0xbc61, 0xbc62, 0xbc63, 0xbc64, 0xbc65, 0xbc66, 0xbc67, 0x0000, 0x0000, 0x0000,
    0xbc68, 0xbc69, 0xbc6a, 0xbc6b, 0xbc6c, 0xbc6d, 0xbc6e, 0xbc6f, 0xbc70, 0xbc71, 0xbc72, 0xbc73, 0xbc74, 0xbc75, 0xbc76, 0xbc77,
    0xbc78, 0x0000, 0xbc79, 0xbc7a, 0xbc7b, 0xbc7c, 0xbc7d, 0xbc7e, 0xbc7f, 0xbc80, 0xbc81, 0xbc82, 0xbc83, 0x0000, 0x0000, 0x0000,
    0xbc84, 0xbc85, 0xbc86, 0xbc87, 0xbc88, 0xbc89, 0xbc8a, 0xbc8b, 0xbc8c, 0xbc8d, 0xbc8e, 0xbc8f, 0xbc90, 0xbc91, 0xbc92, 0xbc93,
    0xbc94, 0x0000, 0xbc95, 0xbc96, 0xbc97, 0xbc98, 0xbc99, 0xbc9a, 0xbc9b, 0xbc9c, 0xbc9d, 0xbc9e, 0xbc9f, 0x0000, 0x0000, 0x0000,
    0x0000, 0x0000, 0x0000, 0x0000, 0x0000, 0x0000, 0x0000, 0x0000, 0x0000, 0x0000, 0x0000, 0x0000, 0x0000, 0x0000, 0xbca0, 0xbca1,
    0xbca2, 0xbca3, 0xbca4, 0xbca5, 0xbca6, 0xbca7, 0xbca8, 0xbca9, 0xbcaa, 0xbcab, 0xbcac, 0xbcad, 0xbcae, 0xbcaf, 0xbcb0, 0x0000,
    0xbcb1, 0xbcb2, 0xbcb3, 0xbcb4, 0xbcb5, 0xbcb6, 0xbcb7, 0xbcb8, 0xbcb9, 0xbcba, 0xbcbb, 0x0000, 0x0000, 0x0000, 0xbcbc, 0xbcbd,
    0xbcbe, 0xbcbf, 0xbcc0, 0xbcc1, 0xbcc2, 0xbcc3, 0xbcc4, 0xbcc5, 0xbcc6, 0xbcc7, 0xbcc8, 0xbcc9, 0xbcca, 0xbccb, 0xbccc, 0x0000,
    0xbccd, 0xbcce, 0xbccf, 0xbcd0, 0xbcd1, 0xbcd2, 0xbcd3, 0xbcd4, 0xbcd5, 0xbcd6, 0xbcd7, 0x0000, 0x0000, 0x0000, 0xbcd8, 0xbcd9,
    0xbcda, 0xbcdb, 0xbcdc, 0xbcdd, 0xbcde, 0xbcdf, 0xbce0, 0xbce1, 0xbce2, 0xbce3, 0xbce4, 0xbce5, 0xbce6, 0xbce7, 0xbce8, 0x0000,
    0xbce9, 0xbcea, 0xbceb, 0xbcec, 0xbced, 0xbcee, 0xbcef, 0xbcf0, 0xbcf1, 0xbcf2, 0xbcf3, 0x0000, 0x0000, 0x0000, 0xbcf4, 0xbcf5,
    0xbcf6, 0xbcf7, 0xbcf8, 0xbcf9, 0xbcfa, 0xbcfb, 0xbcfc, 0xbcfd, 0xbcfe, 0xbcff, 0xbd00, 0xbd01, 0xbd02, 0xbd03, 0xbd04, 0x0000,
    0xbd05, 0xbd06, 0xbd07, 0xbd08, 0xbd09, 0xbd0a, 0xbd0b, 0xbd0c, 0xbd0d, 0xbd0e, 0xbd0f, 0x0000, 0x0000, 0x0000, 0xbd10, 0xbd11,
    0xbd12, 0xbd13, 0xbd14, 0xbd15, 0xbd16, 0xbd17, 0xbd18, 0xbd19, 0xbd1a, 0xbd1b, 0xbd1c, 0xbd1d, 0xbd1e, 0xbd1f, 0xbd20, 0x0000,
    0xbd21, 0xbd22, 0xbd23, 0xbd24, 0xbd25, 0xbd26, 0xbd27, 0xbd28, 0xbd29, 0xbd2a, 0xbd2b, 0x0000, 0x0000, 0x0000, 0xbd2c, 0xbd2d,
    0xbd2e, 0xbd2f, 0xbd30, 0xbd31, 0xbd32, 0xbd33, 0xbd34, 0xbd35, 0xbd36, 0xbd37, 0xbd38, 0xbd39, 0xbd3a, 0xbd3b, 0xbd3c, 0x0000,
    0xbd3d, 0xbd3e, 0xbd3f, 0xbd40, 0xbd41, 0xbd42, 0xbd43, 0xbd44, 0xbd45, 0xbd46, 0xbd47, 0x0000, 0x0000, 0x0000, 0x0000, 0x0000,
    0x0000, 0x0000, 0x0000, 0x0000, 0x0000, 0x0000, 0x0000, 0x0000, 0x0000, 0x0000, 0x0000, 0x0000, 0xbd48, 0xbd49, 0xbd4a, 0xbd4b,
    0xbd4c, 0xbd4d, 0xbd4e, 0xbd4f, 0xbd50, 0xbd51, 0xbd52, 0xbd53, 0xbd54, 0xbd55, 0xbd56, 0xbd57, 0xbd58, 0x0000, 0xbd59, 0xbd5a,
    0xbd5b, 0xbd5c, 0xbd5d, 0xbd5e, 0xbd5f, 0xbd60, 0xbd61, 0xbd62, 0xbd63, 0x0000, 0x0000, 0x0000, 0xbd64, 0xbd65, 0xbd66, 0xbd67,
    0xbd68, 0xbd69, 0xbd6a, 0xbd6b, 0xbd6c, 0xbd6d, 0xbd6e, 0xbd6f, 0xbd70, 0xbd71, 0xbd72, 0xbd73, 0xbd74, 0x0000, 0xbd75, 0xbd76,
    0xbd77, 0xbd78, 0xbd79, 0xbd7a, 0xbd7b, 0xbd7c, 0xbd7d, 0xbd7e, 0xbd7f, 0x0000, 0x0000, 0x0000, 0xbd80, 0xbd81, 0xbd82, 0xbd83,
    0xbd84, 0xbd85, 0xbd86, 0xbd87, 0xbd88, 0xbd89, 0xbd8a, 0xbd8b, 0xbd8c, 0xbd8d, 0xbd8e, 0xbd8f, 0xbd90, 0x0000, 0xbd91, 0xbd92,
    0xbd93, 0xbd94, 0xbd95, 0xbd96, 0xbd97, 0xbd98, 0xbd99, 0xbd9a, 0xbd9b, 0x0000, 0x0000, 0x0000, 0xbd9c, 0xbd9d, 0xbd9e, 0xbd9f,
    0xbda0, 0xbda1, 0xbda2, 0xbda3, 0xbda4, 0xbda5, 0xbda6, 0xbda7, 0xbda8, 0xbda9, 0xbdaa, 0xbdab, 0xbdac, 0x0000, 0xbdad, 0xbdae,
    0xbdaf, 0xbdb0, 0xbdb1, 0xbdb2, 0xbdb3, 0xbdb4, 0xbdb5, 0xbdb6, 0xbdb7, 0x0000, 0x0000, 0x0000, 0xbdb8, 0xbdb9, 0xbdba, 0xbdbb,
    0xbdbc, 0xbdbd, 0xbdbe, 0xbdbf, 0xbdc0, 0xbdc1, 0xbdc2, 0xbdc3, 0xbdc4, 0xbdc5, 0xbdc6, 0xbdc7, 0xbdc8, 0x0000, 0xbdc9, 0xbdca,
    0xbdcb, 0xbdcc, 0xbdcd, 0xbdce, 0xbdcf, 0xbdd0, 0xbdd1, 0xbdd2, 0xbdd3, 0x0000, 0x0000, 0x0000, 0xbdd4, 0xbdd5, 0xbdd6, 0xbdd7,
    0xbdd8, 0xbdd9, 0xbdda, 0xbddb, 0xbddc, 0xbddd, 0xbdde, 0xbddf, 0xbde0, 0xbde1, 0xbde2, 0xbde3, 0xbde4, 0x0000, 0xbde5, 0xbde6,
    0xbde7, 0xbde8, 0xbde9, 0xbdea, 0xbdeb, 0xbdec, 0xbded, 0xbdee, 0xbdef, 0x0000, 0x0000, 0x0000, 0x0000, 0x0000, 0x0000, 0x0000,
    0x0000, 0x0000, 0x0000, 0x0000, 0x0000, 0x0000, 0x0000, 0x0000, 0x0000, 0x0000, 0xbdf0, 0xbdf1, 0xbdf2, 0xbdf3, 0xbdf4, 0xbdf5,
    0xbdf6, 0xbdf7, 0xbdf8, 0xbdf9, 0xbdfa, 0xbdfb, 0xbdfc, 0xbdfd, 0xbdfe, 0xbdff, 0xbe00, 0x0000, 0xbe01, 0xbe02, 0xbe03, 0xbe04,
    0xbe05, 0xbe06, 0xbe07, 0xbe08, 0xbe09, 0xbe0a, 0xbe0b, 0x0000, 0x0000, 0x0000, 0xbe0c, 0xbe0d, 0xbe0e, 0xbe0f, 0xbe10, 0xbe11,
    0xbe12, 0xbe13, 0xbe14, 0xbe15, 0xbe16, 0xbe17, 0xbe18, 0xbe19, 0xbe1a, 0xbe1b, 0xbe1c, 0x0000, 0xbe1d, 0xbe1e, 0xbe1f, 0xbe20,
    0xbe21, 0xbe22, 0xbe23, 0xbe24, 0xbe25, 0xbe26, 0xbe27, 0x0000, 0x0000, 0x0000, 0xbe28, 0xbe29, 0xbe2a, 0xbe2b, 0xbe2c, 0xbe2d,
    0xbe2e, 0xbe2f, 0xbe30, 0xbe31, 0xbe32, 0xbe33, 0xbe34, 0xbe35, 0xbe36, 0xbe37, 0xbe38, 0x0000, 0xbe39, 0xbe3a, 0xbe3b, 0xbe3c,
    0xbe3d, 0xbe3e, 0xbe3f, 0xbe40, 0xbe41, 0xbe42, 0xbe43, 0x0000, 0x0000, 0x0000, 0xbe44, 0xbe45, 0xbe46, 0xbe47, 0xbe48, 0xbe49,
    0xbe4a, 0xbe4b, 0xbe4c, 0xbe4d, 0xbe4e, 0xbe4f, 0xbe50, 0xbe51, 0xbe52, 0xbe53, 0xbe54, 0x0000, 0xbe55, 0xbe56, 0xbe57, 0xbe58,
    0xbe59, 0xbe5a, 0xbe5b, 0xbe5c, 0xbe5d, 0xbe5e, 0xbe5f, 0x0000, 0x0000, 0x0000, 0x0000, 0x0000, 0x0000, 0x0000, 0x0000, 0x0000,
    0x0000, 0x0000, 0x0000, 0x0000, 0x0000, 0x0000, 0x0000, 0x0000, 0x0000, 0x0000, 0x0000, 0x0000, 0x0000, 0x0000, 0x0000, 0x0000,
    0x0000, 0x0000, 0x0000, 0x0000, 0x0000, 0x0000, 0x0000, 0x0000, 0x0000, 0x0000, 0x0000, 0x0000, 0x0000, 0x0000, 0x0000, 0x0000,
    0x0000, 0x0000, 0x0000, 0x0000, 0x0000, 0x0000, 0x0000, 0x0000, 0x0000, 0x0000, 0x0000, 0x0000, 0x0000, 0x0000, 0x0000, 0x0000,
    0x0000, 0x0000, 0x0000, 0x0000, 0x0000, 0x0000, 0x0000, 0x0000, 0x0000, 0x0000, 0x0000, 0x0000, 0x0000, 0x0000, 0x0000, 0x0000,
    0x0000, 0x0000, 0x0000, 0x0000, 0x0000, 0x0000, 0x0000, 0x0000, 0x3143, 0x0000, 0x0000, 0x0000, 0x0000, 0x0000, 0x0000, 0x0000,
    0x0000, 0x0000, 0x0000, 0x0000, 0x0000, 0x0000, 0x0000, 0x0000, 0x0000, 0x0000, 0x0000, 0x0000, 0x0000, 0x0000, 0x0000, 0x0000,
    0x0000, 0x0000, 0x0000, 0x0000, 0x0000, 0x0000, 0x0000, 0x0000, 0xbe60, 0xbe61, 0xbe62, 0xbe63, 0xbe64, 0xbe65, 0xbe66, 0xbe67,
    0xbe68, 0xbe69, 0xbe6a, 0xbe6b, 0xbe6c, 0xbe6d, 0xbe6e, 0xbe6f, 0xbe70, 0x0000, 0xbe71, 0xbe72, 0xbe73, 0xbe74, 0xbe75, 0xbe76,
    0xbe77, 0xbe78, 0xbe79, 0xbe7a, 0xbe7b, 0x0000, 0x0000, 0x0000, 0xbe7c, 0xbe7d, 0xbe7e, 0xbe7f, 0xbe80, 0xbe81, 0xbe82, 0xbe83,
    0xbe84, 0xbe85, 0xbe86, 0xbe87, 0xbe88, 0xbe89, 0xbe8a, 0xbe8b, 0xbe8c, 0x0000, 0xbe8d, 0xbe8e, 0xbe8f, 0xbe90, 0xbe91, 0xbe92,
    0xbe93, 0xbe94, 0xbe95, 0xbe96, 0xbe97, 0x0000, 0x0000, 0x0000, 0xbe98, 0xbe99, 0xbe9a, 0xbe9b, 0xbe9c, 0xbe9d, 0xbe9e, 0xbe9f,
    0xbea0, 0xbea1, 0xbea2, 0xbea3, 0xbea4, 0xbea5, 0xbea6, 0xbea7, 0xbea8, 0x0000, 0xbea9, 0xbeaa, 0xbeab, 0xbeac, 0xbead, 0xbeae,
    0xbeaf, 0xbeb0, 0xbeb1, 0xbeb2, 0xbeb3, 0x0000, 0x0000, 0x0000, 0xbeb4, 0xbeb5, 0xbeb6, 0xbeb7, 0xbeb8, 0xbeb9, 0xbeba, 0xbebb,
    0xbebc, 0xbebd, 0xbebe, 0xbebf, 0xbec0, 0xbec1, 0xbec2, 0xbec3, 0xbec4, 0x0000, 0xbec5, 0xbec6, 0xbec7, 0xbec8, 0xbec9, 0xbeca,
    0xbecb, 0xbecc, 0xbecd, 0xbece, 0xbecf, 0x0000, 0x0000, 0x0000, 0xbed0, 0xbed1, 0xbed2, 0xbed3, 0xbed4, 0xbed5, 0xbed6, 0xbed7,
    0xbed8, 0xbed9, 0xbeda, 0xbedb, 0xbedc, 0xbedd, 0xbede, 0xbedf, 0xbee0, 0x0000, 0xbee1, 0xbee2, 0xbee3, 0xbee4, 0xbee5, 0xbee6,
    0xbee7, 0xbee8, 0xbee9, 0xbeea, 0xbeeb, 0x0000, 0x0000, 0x0000, 0x0000, 0x0000, 0x0000, 0x0000, 0x0000, 0x0000, 0x0000, 0x0000,
    0x0000, 0x0000, 0x0000, 0x0000, 0x0000, 0x0000, 0xbeec, 0xbeed, 0xbeee, 0xbeef, 0xbef0, 0xbef1, 0xbef2, 0xbef3, 0xbef4, 0xbef5,
    0xbef6, 0xbef7, 0xbef8, 0xbef9, 0xbefa, 0xbefb, 0xbefc, 0x0000, 0xbefd, 0xbefe, 0xbeff, 0xbf00, 0xbf01, 0xbf02, 0xbf03, 0xbf04,
    0xbf05, 0xbf06, 0xbf07, 0x0000, 0x0000, 0x0000, 0xbf08, 0xbf09, 0xbf0a, 0xbf0b, 0xbf0c, 0xbf0d, 0xbf0e, 0xbf0f, 0xbf10, 0xbf11,
    0xbf12, 0xbf13, 0xbf14, 0xbf15, 0xbf16, 0xbf17, 0xbf18, 0x0000, 0xbf19, 0xbf1a, 0xbf1b, 0xbf1c, 0xbf1d, 0xbf1e, 0xbf1f, 0xbf20,
    0xbf21, 0xbf22, 0xbf23, 0x0000, 0x0000, 0x0000, 0xbf24, 0xbf25, 0xbf26, 0xbf27, 0xbf28, 0xbf29, 0xbf2a, 0xbf2b, 0xbf2c, 0xbf2d,
    0xbf2e, 0xbf2f, 0xbf30, 0xbf31, 0xbf32, 0xbf33, 0xbf34, 0x0000, 0xbf35, 0xbf36, 0xbf37, 0xbf38, 0xbf39, 0xbf3a, 0xbf3b, 0xbf3c,
    0xbf3d, 0xbf3e, 0xbf3f, 0x0000, 0x0000, 0x0000, 0xbf40, 0xbf41, 0xbf42, 0xbf43, 0xbf44, 0xbf45, 0xbf46, 0xbf47, 0xbf48, 0xbf49,
    0xbf4a, 0xbf4b, 0xbf4c, 0xbf4d, 0xbf4e, 0xbf4f, 0xbf50, 0x0000, 0xbf51, 0xbf52, 0xbf53, 0xbf54, 0xbf55, 0xbf56, 0xbf57, 0xbf58,
    0xbf59, 0xbf5a, 0xbf5b, 0x0000, 0x0000, 0x0000, 0xbf5c, 0xbf5d, 0xbf5e, 0xbf5f, 0xbf60, 0xbf61, 0xbf62, 0xbf63, 0xbf64, 0xbf65,
    0xbf66, 0xbf67, 0xbf68, 0xbf69, 0xbf6a, 0xbf6b, 0xbf6c, 0x0000, 0xbf6d, 0xbf6e, 0xbf6f, 0xbf70, 0xbf71, 0xbf72, 0xbf73, 0xbf74,
    0xbf75, 0xbf76, 0xbf77, 0x0000, 0x0000, 0x0000, 0xbf78, 0xbf79, 0xbf7a, 0xbf7b, 0xbf7c, 0xbf7d, 0xbf7e, 0xbf7f, 0xbf80, 0xbf81,
    0xbf82, 0xbf83, 0xbf84, 0xbf85, 0xbf86, 0xbf87, 0xbf88, 0x0000, 0xbf89, 0xbf8a, 0xbf8b, 0xbf8c, 0xbf8d, 0xbf8e, 0xbf8f, 0xbf90,
    0xbf91, 0xbf92, 0xbf93, 0x0000, 0x0000, 0x0000, 0x0000, 0x0000, 0x0000, 0x0000, 0x0000, 0x0000, 0x0000, 0x0000, 0x0000, 0x0000,
    0x0000, 0x0000, 0x0000, 0x0000, 0xbf94, 0xbf95, 0xbf96, 0xbf97, 0xbf98, 0xbf99, 0xbf9a, 0xbf9b, 0xbf9c, 0xbf9d, 0xbf9e, 0xbf9f,
    0xbfa0, 0xbfa1, 0xbfa2, 0xbfa3, 0xbfa4, 0x0000, 0xbfa5, 0xbfa6, 0xbfa7, 0xbfa8, 0xbfa9, 0xbfaa, 0xbfab, 0xbfac, 0xbfad, 0xbfae,
    0xbfaf, 0x0000, 0x0000, 0x0000, 0xbfb0, 0xbfb1, 0xbfb2, 0xbfb3, 0xbfb4, 0xbfb5, 0xbfb6, 0xbfb7, 0xbfb8, 0xbfb9, 0xbfba, 0xbfbb,
    0xbfbc, 0xbfbd, 0xbfbe, 0xbfbf, 0xbfc0, 0x0000, 0xbfc1, 0xbfc2, 0xbfc3, 0xbfc4, 0xbfc5, 0xbfc6, 0xbfc7, 0xbfc8, 0xbfc9, 0xbfca,
    0xbfcb, 0x0000, 0x0000, 0x0000, 0xbfcc, 0xbfcd, 0xbfce, 0xbfcf, 0xbfd0, 0xbfd1, 0xbfd2, 0xbfd3, 0xbfd4, 0xbfd5, 0xbfd6, 0xbfd7,
    0xbfd8, 0xbfd9, 0xbfda, 0xbfdb, 0xbfdc, 0x0000, 0xbfdd, 0xbfde, 0xbfdf, 0xbfe0, 0xbfe1, 0xbfe2, 0xbfe3, 0xbfe4, 0xbfe5, 0xbfe6,
    0xbfe7, 0x0000, 0x0000, 0x0000, 0xbfe8, 0xbfe9, 0xbfea, 0xbfeb, 0xbfec, 0xbfed, 0xbfee, 0xbfef, 0xbff0, 0xbff1, 0xbff2, 0xbff3,
    0xbff4, 0xbff5, 0xbff6, 0xbff7, 0xbff8, 0x0000, 0xbff9, 0xbffa, 0xbffb, 0xbffc, 0xbffd, 0xbffe, 0xbfff, 0xc000, 0xc001, 0xc002,
    0xc003, 0x0000, 0x0000, 0x0000, 0xc004, 0xc005, 0xc006, 0xc007, 0xc008, 0xc009, 0xc00a, 0xc00b, 0xc00c, 0xc00d, 0xc00e, 0xc00f,
    0xc010, 0xc011, 0xc012, 0xc013, 0xc014, 0x0000, 0xc015, 0xc016, 0xc017, 0xc018, 0xc019, 0xc01a, 0xc01b, 0xc01c, 0xc01d, 0xc01e,
    0xc01f, 0x0000, 0x0000, 0x0000, 0xc020, 0xc021, 0xc022, 0xc023, 0xc024, 0xc025, 0xc026, 0xc027, 0xc028, 0xc029, 0xc02a, 0xc02b,
    0xc02c, 0xc02d, 0xc02e, 0xc02f, 0xc030, 0x0000, 0xc031, 0xc032, 0xc033, 0xc034, 0xc035, 0xc036, 0xc037, 0xc038, 0xc039, 0xc03a,
    0xc03b, 0x0000, 0x0000, 0x0000, 0x0000, 0x0000, 0x0000, 0x0000, 0x0000, 0x0000, 0x0000, 0x0000, 0x0000, 0x0000, 0x0000, 0x0000,
    0x0000, 0x0000, 0xc03c, 0xc03d, 0xc03e, 0xc03f, 0xc040, 0xc041, 0xc042, 0xc043, 0xc044, 0xc045, 0xc046, 0xc047, 0xc048, 0xc049,
    0xc04a, 0xc04b, 0xc04c, 0x0000, 0xc04d, 0xc04e, 0xc04f, 0xc050, 0xc051, 0xc052, 0xc053, 0xc054, 0xc055, 0xc056, 0xc057, 0x0000,
    0x0000, 0x0000, 0xc058, 0xc059, 0xc05a, 0xc05b, 0xc05c, 0xc05d, 0xc05e, 0xc05f, 0xc060, 0xc061, 0xc062, 0xc063, 0xc064, 0xc065,
    0xc066, 0xc067, 0xc068, 0x0000, 0xc069, 0xc06a, 0xc06b, 0xc06c, 0xc06d, 0xc06e, 0xc06f, 0xc070, 0xc071, 0xc072, 0xc073, 0x0000,
    0x0000, 0x0000, 0xc074, 0xc075, 0xc076, 0xc077, 0xc078, 0xc079, 0xc07a, 0xc07b, 0xc07c, 0xc07d, 0xc07e, 0xc07f, 0xc080, 0xc081,
    0xc082, 0xc083, 0xc084, 0x0000, 0xc085, 0xc086, 0xc087, 0xc088, 0xc089, 0xc08a, 0xc08b, 0xc08c, 0xc08d, 0xc08e, 0xc08f, 0x0000,
    0x0000, 0x0000, 0xc090, 0xc091, 0xc092, 0xc093, 0xc094, 0xc095, 0xc096, 0xc097, 0xc098, 0xc099, 0xc09a, 0xc09b, 0xc09c, 0xc09d,
    0xc09e, 0xc09f, 0xc0a0, 0x0000, 0xc0a1, 0xc0a2, 0xc0a3, 0xc0a4, 0xc0a5, 0xc0a6, 0xc0a7, 0xc0a8, 0xc0a9, 0xc0aa, 0xc0ab, 0x0000,
    0x0000, 0x0000, 0x0000, 0x0000, 0x0000, 0x0000, 0x0000, 0x0000, 0x0000, 0x0000, 0x0000, 0x0000, 0x0000, 0x0000, 0x0000, 0x0000,
    0x0000, 0x0000, 0x0000, 0x0000, 0x0000, 0x0000, 0x0000, 0x0000, 0x0000, 0x0000, 0x0000, 0x0000, 0x0000, 0x0000, 0x0000, 0x0000,
    0x0000, 0x0000, 0x0000, 0x0000, 0x0000, 0x0000, 0x0000, 0x0000, 0x0000, 0x0000, 0x0000, 0x0000, 0x0000, 0x0000, 0x0000, 0x0000,
    0x0000, 0x0000, 0x0000, 0x0000, 0x0000, 0x0000, 0x0000, 0x0000, 0x0000, 0x0000, 0x0000, 0x0000, 0x0000, 0x0000, 0x0000, 0x0000,
    0x0000, 0x0000, 0x0000, 0x0000, 0x0000, 0x0000, 0x0000, 0x0000, 0x0000, 0x0000, 0x0000, 0x0000, 0x0000, 0x0000, 0x0000, 0x0000,
    0x3145, 0x0000, 0x0000, 0x0000, 0x0000, 0x0000, 0x0000, 0x0000, 0x0000, 0x0000, 0x0000, 0x0000, 0x0000, 0x0000, 0x0000, 0x0000,
    0x0000, 0x0000, 0x0000, 0x0000, 0x0000, 0x0000, 0x0000, 0x0000, 0x0000, 0x0000, 0x0000, 0x0000, 0x0000, 0x0000, 0x0000, 0x0000,
    0xc0ac, 0xc0ad, 0xc0ae, 0xc0af, 0xc0b0, 0xc0b1, 0xc0b2, 0xc0b3, 0xc0b4, 0xc0b5, 0xc0b6, 0xc0b7, 0xc0b8, 0xc0b9, 0xc0ba, 0xc0bb,
    0xc0bc, 0x0000, 0xc0bd, 0xc0be, 0xc0bf, 0xc0c0, 0xc0c1, 0xc0c2, 0xc0c3, 0xc0c4, 0xc0c5, 0xc0c6, 0xc0c7, 0x0000, 0x0000, 0x0000,
    0xc0c8, 0xc0c9, 0xc0ca, 0xc0cb, 0xc0cc, 0xc0cd, 0xc0ce, 0xc0cf, 0xc0d0, 0xc0d1, 0xc0d2, 0xc0d3, 0xc0d4, 0xc0d5, 0xc0d6, 0xc0d7,
    0xc0d8, 0x0000, 0xc0d9, 0xc0da, 0xc0db, 0xc0dc, 0xc0dd, 0xc0de, 0xc0df, 0xc0e0, 0xc0e1, 0xc0e2, 0xc0e3, 0x0000, 0x0000, 0x0000,
    0xc0e4, 0xc0e5, 0xc0e6, 0xc0e7, 0xc0e8, 0xc0e9, 0xc0ea, 0xc0eb, 0xc0ec, 0xc0ed, 0xc0ee, 0xc0ef, 0xc0f0, 0xc0f1, 0xc0f2, 0xc0f3,
    0xc0f4, 0x0000, 0xc0f5, 0xc0f6, 0xc0f7, 0xc0f8, 0xc0f9, 0xc0fa, 0xc0fb, 0xc0fc, 0xc0fd, 0xc0fe, 0xc0ff, 0x0000, 0x0000, 0x0000,
    0xc100, 0xc101, 0xc102, 0xc103, 0xc104, 0xc105, 0xc106, 0xc107, 0xc108, 0xc109, 0xc10a, 0xc10b, 0xc10c, 0xc10d, 0xc10e, 0xc10f,
    0xc110, 0x0000, 0xc111, 0xc112, 0xc113, 0xc114, 0xc115, 0xc116, 0xc117, 0xc118, 0xc119, 0xc11a, 0xc11b, 0x0000, 0x0000, 0x0000,
    0xc11c, 0xc11d, 0xc11e, 0xc11f, 0xc120, 0xc121, 0xc122, 0xc123, 0xc124, 0xc125, 0xc126, 0xc127, 0xc128, 0xc129, 0xc12a, 0xc12b,
    0xc12c, 0x0000, 0xc12d, 0xc12e, 0xc12f, 0xc130, 0xc131, 0xc132, 0xc133, 0xc134, 0xc135, 0xc136, 0xc137, 0x0000, 0x0000, 0x0000,
    0x0000, 0x0000, 0x0000, 0x0000, 0x0000, 0x0000, 0x0000, 0x0000, 0x0000, 0x0000, 0x0000, 0x0000, 0x0000, 0x0000, 0xc138, 0xc139,
    0xc13a, 0xc13b, 0xc13c, 0xc13d, 0xc13e, 0xc13f, 0xc140, 0xc141, 0xc142, 0xc143, 0xc144, 0xc145, 0xc146, 0xc147, 0xc148, 0x0000,
    0xc149, 0xc14a, 0xc14b, 0xc14c, 0xc14d, 0xc14e, 0xc14f, 0xc150, 0xc151, 0xc152, 0xc153, 0x0000, 0x0000, 0x0000, 0xc154, 0xc155,
    0xc156, 0xc157, 0xc158, 0xc159, 0xc15a, 0xc15b, 0xc15c, 0xc15d, 0xc15e, 0xc15f, 0xc160, 0xc161, 0xc162, 0xc163, 0xc164, 0x0000,
    0xc165, 0xc166, 0xc167, 0xc168, 0xc169, 0xc16a, 0xc16b, 0xc16c, 0xc16d, 0xc16e, 0xc16f, 0x0000, 0x0000, 0x0000, 0xc170, 0xc171,
    0xc172, 0xc173, 0xc174, 0xc175, 0xc176, 0xc177, 0xc178, 0xc179, 0xc17a, 0xc17b, 0xc17c, 0xc17d, 0xc17e, 0xc17f, 0xc180, 0x0000,
    0xc181, 0xc182, 0xc183, 0xc184, 0xc185, 0xc186, 0xc187, 0xc188, 0xc189, 0xc18a, 0xc18b, 0x0000, 0x0000, 0x0000, 0xc18c, 0xc18d,
    0xc18e, 0xc18f, 0xc190, 0xc191, 0xc192, 0xc193, 0xc194, 0xc195, 0xc196, 0xc197, 0xc198, 0xc199, 0xc19a, 0xc19b, 0xc19c, 0x0000,
    0xc19d, 0xc19e, 0xc19f, 0xc1a0, 0xc1a1, 0xc1a2, 0xc1a3, 0xc1a4, 0xc1a5, 0xc1a6, 0xc1a7, 0x0000, 0x0000, 0x0000, 0xc1a8, 0xc1a9,
    0xc1aa, 0xc1ab, 0xc1ac, 0xc1ad, 0xc1ae, 0xc1af, 0xc1b0, 0xc1b1, 0xc1b2, 0xc1b3, 0xc1b4, 0xc1b5, 0xc1b6, 0xc1b7, 0xc1b8, 0x0000,
    0xc1b9, 0xc1ba, 0xc1bb, 0xc1bc, 0xc1bd, 0xc1be, 0xc1bf, 0xc1c0, 0xc1c1, 0xc1c2, 0xc1c3, 0x0000, 0x0000, 0x0000, 0xc1c4, 0xc1c5,
    0xc1c6, 0xc1c7, 0xc1c8, 0xc1c9, 0xc1ca, 0xc1cb, 0xc1cc, 0xc1cd, 0xc1ce, 0xc1cf, 0xc1d0, 0xc1d1, 0xc1d2, 0xc1d3, 0xc1d4, 0x0000,
    0xc1d5, 0xc1d6, 0xc1d7, 0xc1d8, 0xc1d9, 0xc1da, 0xc1db, 0xc1dc, 0xc1dd, 0xc1de, 0xc1df, 0x0000, 0x0000, 0x0000, 0x0000, 0x0000,
    0x0000, 0x0000, 0x0000, 0x0000, 0x0000, 0x0000, 0x0000, 0x0000, 0x0000, 0x0000, 0x0000, 0x0000, 0xc1e0, 0xc1e1, 0xc1e2, 0xc1e3,
    0xc1e4, 0xc1e5, 0xc1e6, 0xc1e7, 0xc1e8, 0xc1e9, 0xc1ea, 0xc1eb, 0xc1ec, 0xc1ed, 0xc1ee, 0xc1ef, 0xc1f0, 0x0000, 0xc1f1, 0xc1f2,
    0xc1f3, 0xc1f4, 0xc1f5, 0xc1f6, 0xc1f7, 0xc1f8, 0xc1f9, 0xc1fa, 0xc1fb, 0x0000, 0x0000, 0x0000, 0xc1fc, 0xc1fd, 0xc1fe, 0xc1ff,
    0xc200, 0xc201, 0xc202, 0xc203, 0xc204, 0xc205, 0xc206, 0xc207, 0xc208, 0xc209, 0xc20a, 0xc20b, 0xc20c, 0x0000, 0xc20d, 0xc20e,
    0xc20f, 0xc210, 0xc211, 0xc212, 0xc213, 0xc214, 0xc215, 0xc216, 0xc217, 0x0000, 0x0000, 0x0000, 0xc218, 0xc219, 0xc21a, 0xc21b,
    0xc21c, 0xc21d, 0xc21e, 0xc21f, 0xc220, 0xc221, 0xc222, 0xc223, 0xc224, 0xc225, 0xc226, 0xc227, 0xc228, 0x0000, 0xc229, 0xc22a,
    0xc22b, 0xc22c, 0xc22d, 0xc22e, 0xc22f, 0xc230, 0xc231, 0xc232, 0xc233, 0x0000, 0x0000, 0x0000, 0xc234, 0xc235, 0xc236, 0xc237,
    0xc238, 0xc239, 0xc23a, 0xc23b, 0xc23c, 0xc23d, 0xc23e, 0xc23f, 0xc240, 0xc241, 0xc242, 0xc243, 0xc244, 0x0000, 0xc245, 0xc246,
    0xc247, 0xc248, 0xc249, 0xc24a, 0xc24b, 0xc24c, 0xc24d, 0xc24e, 0xc24f, 0x0000, 0x0000, 0x0000, 0xc250, 0xc251, 0xc252, 0xc253,
    0xc254, 0xc255, 0xc256, 0xc257, 0xc258, 0xc259, 0xc25a, 0xc25b, 0xc25c, 0xc25d, 0xc25e, 0xc25f, 0xc260, 0x0000, 0xc261, 0xc262,
    0xc263, 0xc264, 0xc265, 0xc266, 0xc267, 0xc268, 0xc269, 0xc26a, 0xc26b, 0x0000, 0x0000, 0x0000, 0xc26c, 0xc26d, 0xc26e, 0xc26f,
    0xc270, 0xc271, 0xc272, 0xc273, 0xc274, 0xc275, 0xc276, 0xc277, 0xc278, 0xc279, 0xc27a, 0xc27b, 0xc27c, 0x0000, 0xc27d, 0xc27e,
    0xc27f, 0xc280, 0xc281, 0xc282, 0xc283, 0xc284, 0xc285, 0xc286, 0xc287, 0x0000, 0x0000, 0x0000, 0x0000, 0x0000, 0x0000, 0x0000,
    0x0000, 0x0000, 0x0000, 0x0000, 0x0000, 0x0000, 0x0000, 0x0000, 0x0000, 0x0000, 0xc288, 0xc289, 0xc28a, 0xc28b, 0xc28c, 0xc28d,
    0xc28e, 0xc28f, 0xc290, 0xc291, 0xc292, 0xc293, 0xc294, 0xc295, 0xc296, 0xc297, 0xc298, 0x0000, 0xc299, 0xc29a, 0xc29b, 0xc29c,
    0xc29d, 0xc29e, 0xc29f, 0xc2a0, 0xc2a1, 0xc2a2, 0xc2a3, 0x0000, 0x0000, 0x0000, 0xc2a4, 0xc2a5, 0xc2a6, 0xc2a7, 0xc2a8, 0xc2a9,
    0xc2aa, 0xc2ab, 0xc2ac, 0xc2ad, 0xc2ae, 0xc2af, 0xc2b0, 0xc2b1, 0xc2b2, 0xc2b3, 0xc2b4, 0x0000, 0xc2b5, 0xc2b6, 0xc2b7, 0xc2b8,
    0xc2b9, 0xc2ba, 0xc2bb, 0xc2bc, 0xc2bd, 0xc2be, 0xc2bf, 0x0000, 0x0000, 0x0000, 0xc2c0, 0xc2c1, 0xc2c2, 0xc2c3, 0xc2c4, 0xc2c5,
    0xc2c6, 0xc2c7, 0xc2c8, 0xc2c9, 0xc2ca, 0xc2cb, 0xc2cc, 0xc2cd, 0xc2ce, 0xc2cf, 0xc2d0, 0x0000, 0xc2d1, 0xc2d2, 0xc2d3, 0xc2d4,
    0xc2d5, 0xc2d6, 0xc2d7, 0xc2d8, 0xc2d9, 0xc2da, 0xc2db, 0x0000, 0x0000, 0x0000, 0xc2dc, 0xc2dd, 0xc2de, 0xc2df, 0xc2e0, 0xc2e1,
    0xc2e2, 0xc2e3, 0xc2e4, 0xc2e5, 0xc2e6, 0xc2e7, 0xc2e8, 0xc2e9, 0xc2ea, 0xc2eb, 0xc2ec, 0x0000, 0xc2ed, 0xc2ee, 0xc2ef, 0xc2f0,
    0xc2f1, 0xc2f2, 0xc2f3, 0xc2f4, 0xc2f5, 0xc2f6, 0xc2f7, 0x0000, 0x0000, 0x0000, 0x0000, 0x0000, 0x0000, 0x0000, 0x0000, 0x0000,
    0x0000, 0x0000, 0x0000, 0x0000, 0x0000, 0x0000, 0x0000, 0x0000, 0x0000, 0x0000, 0x0000, 0x0000, 0x0000, 0x0000, 0x0000, 0x0000,
    0x0000, 0x0000, 0x0000, 0x0000, 0x0000, 0x0000, 0x0000, 0x0000, 0x0000, 0x0000, 0x0000, 0x0000, 0x0000, 0x0000, 0x0000, 0x0000,
    0x0000, 0x0000, 0x0000, 0x0000, 0x0000, 0x0000, 0x0000, 0x0000, 0x0000, 0x0000, 0x0000, 0x0000, 0x0000, 0x0000, 0x0000, 0x0000,
    0x0000, 0x0000, 0x0000, 0x0000, 0x0000, 0x0000, 0x0000, 0x0000, 0x0000, 0x0000, 0x0000, 0x0000, 0x0000, 0x0000, 0x0000, 0x0000,
    0x0000, 0x0000, 0x0000, 0x0000, 0x0000, 0x0000, 0x0000, 0x0000, 0x3146, 0x0000, 0x0000, 0x0000, 0x0000, 0x0000, 0x0000, 0x0000,
    0x0000, 0x0000, 0x0000, 0x0000, 0x0000, 0x0000, 0x0000, 0x0000, 0x0000, 0x0000, 0x0000, 0x0000, 0x0000, 0x0000, 0x0000, 0x0000,
    0x0000, 0x0000, 0x0000, 0x0000, 0x0000, 0x0000, 0x0000, 0x0000, 0xc2f8, 0xc2f9, 0xc2fa, 0xc2fb, 0xc2fc, 0xc2fd, 0xc2fe, 0xc2ff,
    0xc300, 0xc301, 0xc302, 0xc303, 0xc304, 0xc305, 0xc306, 0xc307, 0xc308, 0x0000, 0xc309, 0xc30a, 0xc30b, 0xc30c, 0xc30d, 0xc30e,
    0xc30f, 0xc310, 0xc311, 0xc312, 0xc313, 0x0000, 0x0000, 0x0000, 0xc314, 0xc315, 0xc316, 0xc317, 0xc318, 0xc319, 0xc31a, 0xc31b,
    0xc31c, 0xc31d, 0xc31e, 0xc31f, 0xc320, 0xc321, 0xc322, 0xc323, 0xc324, 0x0000, 0xc325, 0xc326, 0xc327, 0xc328, 0xc329, 0xc32a,
    0xc32b, 0xc32c, 0xc32d, 0xc32e, 0xc32f, 0x0000, 0x0000, 0x0000, 0xc330, 0xc331, 0xc332, 0xc333, 0xc334, 0xc335, 0xc336, 0xc337,
    0xc338, 0xc339, 0xc33a, 0xc33b, 0xc33c, 0xc33d, 0xc33e, 0xc33f, 0xc340, 0x0000, 0xc341, 0xc342, 0xc343, 0xc344, 0xc345, 0xc346,
    0xc347, 0xc348, 0xc349, 0xc34a, 0xc34b, 0x0000, 0x0000, 0x0000, 0xc34c, 0xc34d, 0xc34e, 0xc34f, 0xc350, 0xc351, 0xc352, 0xc353,
    0xc354, 0xc355, 0xc356, 0xc357, 0xc358, 0xc359, 0xc35a, 0xc35b, 0xc35c, 0x0000, 0xc35d, 0xc35e, 0xc35f, 0xc360, 0xc361, 0xc362,
    0xc363, 0xc364, 0xc365, 0xc366, 0xc367, 0x0000, 0x0000, 0x0000, 0xc368, 0xc369, 0xc36a, 0xc36b, 0xc36c, 0xc36d, 0xc36e, 0xc36f,
    0xc370, 0xc371, 0xc372, 0xc373, 0xc374, 0xc375, 0xc376, 0xc377, 0xc378, 0x0000, 0xc379, 0xc37a, 0xc37b, 0xc37c, 0xc37d, 0xc37e,
    0xc37f, 0xc380, 0xc381, 0xc382, 0xc383, 0x0000, 0x0000, 0x0000, 0x0000, 0x0000, 0x0000, 0x0000, 0x0000, 0x0000, 0x0000, 0x0000,
    0x0000, 0x0000, 0x0000, 0x0000, 0x0000, 0x0000, 0xc384, 0xc385, 0xc386, 0xc387, 0xc388, 0xc389, 0xc38a, 0xc38b, 0xc38c, 0xc38d,
    0xc38e, 0xc38f, 0xc390, 0xc391, 0xc392, 0xc393, 0xc394, 0x0000, 0xc395, 0xc396, 0xc397, 0xc398, 0xc399, 0xc39a, 0xc39b, 0xc39c,
    0xc39d, 0xc39e, 0xc39f, 0x0000, 0x0000, 0x0000, 0xc3a0, 0xc3a1, 0xc3a2, 0xc3a3, 0xc3a4, 0xc3a5, 0xc3a6, 0xc3a7, 0xc3a8, 0xc3a9,
    0xc3aa, 0xc3ab, 0xc3ac, 0xc3ad, 0xc3ae, 0xc3af, 0xc3b0, 0x0000, 0xc3b1, 0xc3b2, 0xc3b3, 0xc3b4, 0xc3b5, 0xc3b6, 0xc3b7, 0xc3b8,
    0xc3b9, 0xc3ba, 0xc3bb, 0x0000, 0x0000, 0x0000, 0xc3bc, 0xc3bd, 0xc3be, 0xc3bf, 0xc3c0, 0xc3c1, 0xc3c2, 0xc3c3, 0xc3c4, 0xc3c5,
    0xc3c6, 0xc3c7, 0xc3c8, 0xc3c9, 0xc3ca, 0xc3cb, 0xc3cc, 0x0000, 0xc3cd, 0xc3ce, 0xc3cf, 0xc3d0, 0xc3d1, 0xc3d2, 0xc3d3, 0xc3d4,
    0xc3d5, 0xc3d6, 0xc3d7, 0x0000, 0x0000, 0x0000, 0xc3d8, 0xc3d9, 0xc3da, 0xc3db, 0xc3dc, 0xc3dd, 0xc3de, 0xc3df, 0xc3e0, 0xc3e1,
    0xc3e2, 0xc3e3, 0xc3e4, 0xc3e5, 0xc3e6, 0xc3e7, 0xc3e8, 0x0000, 0xc3e9, 0xc3ea, 0xc3eb, 0xc3ec, 0xc3ed, 0xc3ee, 0xc3ef, 0xc3f0,
    0xc3f1, 0xc3f2, 0xc3f3, 0x0000, 0x0000, 0x0000, 0xc3f4, 0xc3f5, 0xc3f6, 0xc3f7, 0xc3f8, 0xc3f9, 0xc3fa, 0xc3fb, 0xc3fc, 0xc3fd,
    0xc3fe, 0xc3ff, 0xc400, 0xc401, 0xc402, 0xc403, 0xc404, 0x0000, 0xc405, 0xc406, 0xc407, 0xc408, 0xc409, 0xc40a, 0xc40b, 0xc40c,
    0xc40d, 0xc40e, 0xc40f, 0x0000, 0x0000, 0x0000, 0xc410, 0xc411, 0xc412, 0xc413, 0xc414, 0xc415, 0xc416, 0xc417, 0xc418, 0xc419,
    0xc41a, 0xc41b, 0xc41c, 0xc41d, 0xc41e, 0xc41f, 0xc420, 0x0000, 0xc421, 0xc422, 0xc423, 0xc424, 0xc425, 0xc426, 0xc427, 0xc428,
    0xc429, 0xc42a, 0xc42b, 0x0000, 0x0000, 0x0000, 0x0000, 0x0000, 0x0000, 0x0000, 0x0000, 0x0000, 0x0000, 0x0000, 0x0000, 0x0000,
    0x0000, 0x0000, 0x0000, 0x0000, 0xc42c, 0xc42d, 0xc42e, 0xc42f, 0xc430, 0xc431, 0xc432, 0xc433, 0xc434, 0xc435, 0xc436, 0xc437,
    0xc438, 0xc439, 0xc43a, 0xc43b, 0xc43c, 0x0000, 0xc43d, 0xc43e, 0xc43f, 0xc440, 0xc441, 0xc442, 0xc443, 0xc444, 0xc445, 0xc446,
    0xc447, 0x0000, 0x0000, 0x0000, 0xc448, 0xc449, 0xc44a, 0xc44b, 0xc44c, 0xc44d, 0xc44e, 0xc44f, 0xc450, 0xc451, 0xc452, 0xc453,
    0xc454, 0xc455, 0xc456, 0xc457, 0xc458, 0x0000, 0xc459, 0xc45a, 0xc45b, 0xc45c, 0xc45d, 0xc45e, 0xc45f, 0xc460, 0xc461, 0xc462,
    0xc463, 0x0000, 0x0000, 0x0000, 0xc464, 0xc465, 0xc466, 0xc467, 0xc468, 0xc469, 0xc46a, 0xc46b, 0xc46c, 0xc46d, 0xc46e, 0xc46f,
    0xc470, 0xc471, 0xc472, 0xc473, 0xc474, 0x0000, 0xc475, 0xc476, 0xc477, 0xc478, 0xc479, 0xc47a, 0xc47b, 0xc47c, 0xc47d, 0xc47e,
    0xc47f, 0x0000, 0x0000, 0x0000, 0xc480, 0xc481, 0xc482, 0xc483, 0xc484, 0xc485, 0xc486, 0xc487, 0xc488, 0xc489, 0xc48a, 0xc48b,
    0xc48c, 0xc48d, 0xc48e, 0xc48f, 0xc490, 0x0000, 0xc491, 0xc492, 0xc493, 0xc494, 0xc495, 0xc496, 0xc497, 0xc498, 0xc499, 0xc49a,
    0xc49b, 0x0000, 0x0000, 0x0000, 0xc49c, 0xc49d, 0xc49e, 0xc49f, 0xc4a0, 0xc4a1, 0xc4a2, 0xc4a3, 0xc4a4, 0xc4a5, 0xc4a6, 0xc4a7,
    0xc4a8, 0xc4a9, 0xc4aa, 0xc4ab, 0xc4ac, 0x0000, 0xc4ad, 0xc4ae, 0xc4af, 0xc4b0, 0xc4b1, 0xc4b2, 0xc4b3, 0xc4b4, 0xc4b5, 0xc4b6,
    0xc4b7, 0x0000, 0x0000, 0x0000, 0xc4b8, 0xc4b9, 0xc4ba, 0xc4bb, 0xc4bc, 0xc4bd, 0xc4be, 0xc4bf, 0xc4c0, 0xc4c1, 0xc4c2, 0xc4c3,
    0xc4c4, 0xc4c5, 0xc4c6, 0xc4c7, 0xc4c8, 0x0000, 0xc4c9, 0xc4ca, 0xc4cb, 0xc4cc, 0xc4cd, 0xc4ce, 0xc4cf, 0xc4d0, 0xc4d1, 0xc4d2,
    0xc4d3, 0x0000, 0x0000, 0x0000, 0x0000, 0x0000, 0x0000, 0x0000, 0x0000, 0x0000, 0x0000, 0x0000, 0x0000, 0x0000, 0x0000, 0x0000,
    0x0000, 0x0000, 0xc4d4, 0xc4d5, 0xc4d6, 0xc4d7, 0xc4d8, 0xc4d9, 0xc4da, 0xc4db, 0xc4dc, 0xc4dd, 0xc4de, 0xc4df, 0xc4e0, 0xc4e1,
    0xc4e2, 0xc4e3, 0xc4e4, 0x0000, 0xc4e5, 0xc4e6, 0xc4e7, 0xc4e8, 0xc4e9, 0xc4ea, 0xc4eb, 0xc4ec, 0xc4ed, 0xc4ee, 0xc4ef, 0x0000,
    0x0000, 0x0000, 0xc4f0, 0xc4f1, 0xc4f2, 0xc4f3, 0xc4f4, 0xc4f5, 0xc4f6, 0xc4f7, 0xc4f8, 0xc4f9, 0xc4fa, 0xc4fb, 0xc4fc, 0xc4fd,
    0xc4fe, 0xc4ff, 0xc500, 0x0000, 0xc501, 0xc502, 0xc503, 0xc504, 0xc505, 0xc506, 0xc507, 0xc508, 0xc509, 0xc50a, 0xc50b, 0x0000,
    0x0000, 0x0000, 0xc50c, 0xc50d, 0xc50e, 0xc50f, 0xc510, 0xc511, 0xc512, 0xc513, 0xc514, 0xc515, 0xc516, 0xc517, 0xc518, 0xc519,
    0xc51a, 0xc51b, 0xc51c, 0x0000, 0xc51d, 0xc51e, 0xc51f, 0xc520, 0xc521, 0xc522, 0xc523, 0xc524, 0xc525, 0xc526, 0xc527, 0x0000,
    0x0000, 0x0000, 0xc528, 0xc529, 0xc52a, 0xc52b, 0xc52c, 0xc52d, 0xc52e, 0xc52f, 0xc530, 0xc531, 0xc532, 0xc533, 0xc534, 0xc535,
    0xc536, 0xc537, 0xc538, 0x0000, 0xc539, 0xc53a, 0xc53b, 0xc53c, 0xc53d, 0xc53e, 0xc53f, 0xc540, 0xc541, 0xc542, 0xc543, 0x0000,
    0x0000, 0x0000, 0x0000, 0x0000, 0x0000, 0x0000, 0x0000, 0x0000, 0x0000, 0x0000, 0x0000, 0x0000, 0x0000, 0x0000, 0x0000, 0x0000,
    0x0000, 0x0000, 0x0000, 0x0000, 0x0000, 0x0000, 0x0000, 0x0000, 0x0000, 0x0000, 0x0000, 0x0000, 0x0000, 0x0000, 0x0000, 0x0000,
    0x0000, 0x0000, 0x0000, 0x0000, 0x0000, 0x0000, 0x0000, 0x0000, 0x0000, 0x0000, 0x0000, 0x0000, 0x0000, 0x0000, 0x0000, 0x0000,
    0x0000, 0x0000, 0x0000, 0x0000, 0x0000, 0x0000, 0x0000, 0x0000, 0x0000, 0x0000, 0x0000, 0x0000, 0x0000, 0x0000, 0x0000, 0x0000,
    0x0000, 0x0000, 0x0000, 0x0000, 0x0000, 0x0000, 0x0000, 0x0000, 0x0000, 0x0000, 0x0000, 0x0000, 0x0000, 0x0000, 0x0000, 0x0000,
    0x3147, 0x0000, 0x0000, 0x0000, 0x0000, 0x0000, 0x0000, 0x0000, 0x0000, 0x0000, 0x0000, 0x0000, 0x0000, 0x0000, 0x0000, 0x0000,
    0x0000, 0x0000, 0x0000, 0x0000, 0x0000, 0x0000, 0x0000, 0x0000, 0x0000, 0x0000, 0x0000, 0x0000, 0x0000, 0x0000, 0x0000, 0x0000,
    0xc544, 0xc545, 0xc546, 0xc547, 0xc548, 0xc549, 0xc54a, 0xc54b, 0xc54c, 0xc54d, 0xc54e, 0xc54f, 0xc550, 0xc551, 0xc552, 0xc553,
    0xc554, 0x0000, 0xc555, 0xc556, 0xc557, 0xc558, 0xc559, 0xc55a, 0xc55b, 0xc55c, 0xc55d, 0xc55e, 0xc55f, 0x0000, 0x0000, 0x0000,
    0xc560, 0xc561, 0xc562, 0xc563, 0xc564, 0xc565, 0xc566, 0xc567, 0xc568, 0xc569, 0xc56a, 0xc56b, 0xc56c, 0xc56d, 0xc56e, 0xc56f,
    0xc570, 0x0000, 0xc571, 0xc572, 0xc573, 0xc574, 0xc575, 0xc576, 0xc577, 0xc578, 0xc579, 0xc57a, 0xc57b, 0x0000, 0x0000, 0x0000,
    0xc57c, 0xc57d, 0xc57e, 0xc57f, 0xc580, 0xc581, 0xc582, 0xc583, 0xc584, 0xc585, 0xc586, 0xc587, 0xc588, 0xc589, 0xc58a, 0xc58b,
    0xc58c, 0x0000, 0xc58d, 0xc58e, 0xc58f, 0xc590, 0xc591, 0xc592, 0xc593, 0xc594, 0xc595, 0xc596, 0xc597, 0x0000, 0x0000, 0x0000,
    0xc598, 0xc599, 0xc59a, 0xc59b, 0xc59c, 0xc59d, 0xc59e, 0xc59f, 0xc5a0, 0xc5a1, 0xc5a2, 0xc5a3, 0xc5a4, 0xc5a5, 0xc5a6, 0xc5a7,
    0xc5a8, 0x0000, 0xc5a9, 0xc5aa, 0xc5ab, 0xc5ac, 0xc5ad, 0xc5ae, 0xc5af, 0xc5b0, 0xc5b1, 0xc5b2, 0xc5b3, 0x0000, 0x0000, 0x0000,
    0xc5b4, 0xc5b5, 0xc5b6, 0xc5b7, 0xc5b8, 0xc5b9, 0xc5ba, 0xc5bb, 0xc5bc, 0xc5bd, 0xc5be, 0xc5bf, 0xc5c0, 0xc5c1, 0xc5c2, 0xc5c3,
    0xc5c4, 0x0000, 0xc5c5, 0xc5c6, 0xc5c7, 0xc5c8, 0xc5c9, 0xc5ca, 0xc5cb, 0xc5cc, 0xc5cd, 0xc5ce, 0xc5cf, 0x0000, 0x0000, 0x0000,
    0x0000, 0x0000, 0x0000, 0x0000, 0x0000, 0x0000, 0x0000, 0x0000, 0x0000, 0x0000, 0x0000, 0x0000, 0x0000, 0x0000, 0xc5d0, 0xc5d1,
    0xc5d2, 0xc5d3, 0xc5d4, 0xc5d5, 0xc5d6, 0xc5d7, 0xc5d8, 0xc5d9, 0xc5da, 0xc5db, 0xc5dc, 0xc5dd, 0xc5de, 0xc5df, 0xc5e0, 0x0000,
    0xc5e1, 0xc5e2, 0xc5e3, 0xc5e4, 0xc5e5, 0xc5e6, 0xc5e7, 0xc5e8, 0xc5e9, 0xc5ea, 0xc5eb, 0x0000, 0x0000, 0x0000, 0xc5ec, 0xc5ed,
    0xc5ee, 0xc5ef, 0xc5f0, 0xc5f1, 0xc5f2, 0xc5f3, 0xc5f4, 0xc5f5, 0xc5f6, 0xc5f7, 0xc5f8, 0xc5f9, 0xc5fa, 0xc5fb, 0xc5fc, 0x0000,
    0xc5fd, 0xc5fe, 0xc5ff, 0xc600, 0xc601, 0xc602, 0xc603, 0xc604, 0xc605, 0xc606, 0xc607, 0x0000, 0x0000, 0x0000, 0xc608, 0xc609,
    0xc60a, 0xc60b, 0xc60c, 0xc60d, 0xc60e, 0xc60f, 0xc610, 0xc611, 0xc612, 0xc613, 0xc614, 0xc615, 0xc616, 0xc617, 0xc618, 0x0000,
    0xc619, 0xc61a, 0xc61b, 0xc61c, 0xc61d, 0xc61e, 0xc61f, 0xc620, 0xc621, 0xc622, 0xc623, 0x0000, 0x0000, 0x0000, 0xc624, 0xc625,
    0xc626, 0xc627, 0xc628, 0xc629, 0xc62a, 0xc62b, 0xc62c, 0xc62d, 0xc62e, 0xc62f, 0xc630, 0xc631, 0xc632, 0xc633, 0xc634, 0x0000,
    0xc635, 0xc636, 0xc637, 0xc638, 0xc639, 0xc63a, 0xc63b, 0xc63c, 0xc63d, 0xc63e, 0xc63f, 0x0000, 0x0000, 0x0000, 0xc640, 0xc641,
    0xc642, 0xc643, 0xc644, 0xc645, 0xc646, 0xc647, 0xc648, 0xc649, 0xc64a, 0xc64b, 0xc64c, 0xc64d, 0xc64e, 0xc64f, 0xc650, 0x0000,
    0xc651, 0xc652, 0xc653, 0xc654, 0xc655, 0xc656, 0xc657, 0xc658, 0xc659, 0xc65a, 0xc65b, 0x0000, 0x0000, 0x0000, 0xc65c, 0xc65d,
    0xc65e, 0xc65f, 0xc660, 0xc661, 0xc662, 0xc663, 0xc664, 0xc665, 0xc666, 0xc667, 0xc668, 0xc669, 0xc66a, 0xc66b, 0xc66c, 0x0000,
    0xc66d, 0xc66e, 0xc66f, 0xc670, 0xc671, 0xc672, 0xc673, 0xc674, 0xc675, 0xc676, 0xc677, 0x0000, 0x0000, 0x0000, 0x0000, 0x0000,
    0x0000, 0x0000, 0x0000, 0x0000, 0x0000, 0x0000, 0x0000, 0x0000, 0x0000, 0x0000, 0x0000, 0x0000, 0xc678, 0xc679, 0xc67a, 0xc67b,
    0xc67c, 0xc67d, 0xc67e, 0xc67f, 0xc680, 0xc681, 0xc682, 0xc683, 0xc684, 0xc685, 0xc686, 0xc687, 0xc688, 0x0000, 0xc689, 0xc68a,
    0xc68b, 0xc68c, 0xc68d, 0xc68e, 0xc68f, 0xc690, 0xc691, 0xc692, 0xc693, 0x0000, 0x0000, 0x0000, 0xc694, 0xc695, 0xc696, 0xc697,
    0xc698, 0xc699, 0xc69a, 0xc69b, 0xc69c, 0xc69d, 0xc69e, 0xc69f, 0xc6a0, 0xc6a1, 0xc6a2, 0xc6a3, 0xc6a4, 0x0000, 0xc6a5, 0xc6a6,
    0xc6a7, 0xc6a8, 0xc6a9, 0xc6aa, 0xc6ab, 0xc6ac, 0xc6ad, 0xc6ae, 0xc6af, 0x0000, 0x0000, 0x0000, 0xc6b0, 0xc6b1, 0xc6b2, 0xc6b3,
    0xc6b4, 0xc6b5, 0xc6b6, 0xc6b7, 0xc6b8, 0xc6b9, 0xc6ba, 0xc6bb, 0xc6bc, 0xc6bd, 0xc6be, 0xc6bf, 0xc6c0, 0x0000, 0xc6c1, 0xc6c2,
    0xc6c3, 0xc6c4, 0xc6c5, 0xc6c6, 0xc6c7, 0xc6c8, 0xc6c9, 0xc6ca, 0xc6cb, 0x0000, 0x0000, 0x0000, 0xc6cc, 0xc6cd, 0xc6ce, 0xc6cf,
    0xc6d0, 0xc6d1, 0xc6d2, 0xc6d3, 0xc6d4, 0xc6d5, 0xc6d6, 0xc6d7, 0xc6d8, 0xc6d9, 0xc6da, 0xc6db, 0xc6dc, 0x0000, 0xc6dd, 0xc6de,
    0xc6df, 0xc6e0, 0xc6e1, 0xc6e2, 0xc6e3, 0xc6e4, 0xc6e5, 0xc6e6, 0xc6e7, 0x0000, 0x0000, 0x0000, 0xc6e8, 0xc6e9, 0xc6ea, 0xc6eb,
    0xc6ec, 0xc6ed, 0xc6ee, 0xc6ef, 0xc6f0, 0xc6f1, 0xc6f2, 0xc6f3, 0xc6f4, 0xc6f5, 0xc6f6, 0xc6f7, 0xc6f8, 0x0000, 0xc6f9, 0xc6fa,
    0xc6fb, 0xc6fc, 0xc6fd, 0xc6fe, 0xc6ff, 0xc700, 0xc701, 0xc702, 0xc703, 0x0000, 0x0000, 0x0000, 0xc704, 0xc705, 0xc706, 0xc707,
    0xc708, 0xc709, 0xc70a, 0xc70b, 0xc70c, 0xc70d, 0xc70e, 0xc70f, 0xc710, 0xc711, 0xc712, 0xc713, 0xc714, 0x0000, 0xc715, 0xc716,
    0xc717, 0xc718, 0xc719, 0xc71a, 0xc71b, 0xc71c, 0xc71d, 0xc71e, 0xc71f, 0x0000, 0x0000, 0x0000, 0x0000, 0x0000, 0x0000, 0x0000,
    0x0000, 0x0000, 0x0000, 0x0000, 0x0000, 0x0000, 0x0000, 0x0000, 0x0000, 0x0000, 0xc720, 0xc721, 0xc722, 0xc723, 0xc724, 0xc725,
    0xc726, 0xc727, 0xc728, 0xc729, 0xc72a, 0xc72b, 0xc72c, 0xc72d, 0xc72e, 0xc72f, 0xc730, 0x0000, 0xc731, 0xc732, 0xc733, 0xc734,
    0xc735, 0xc736, 0xc737, 0xc738, 0xc739, 0xc73a, 0xc73b, 0x0000, 0x0000, 0x0000, 0xc73c, 0xc73d, 0xc73e, 0xc73f, 0xc740, 0xc741,
    0xc742, 0xc743, 0xc744, 0xc745, 0xc746, 0xc747, 0xc748, 0xc749, 0xc74a, 0xc74b, 0xc74c, 0x0000, 0xc74d, 0xc74e, 0xc74f, 0xc750,
    0xc751, 0xc752, 0xc753, 0xc754, 0xc755, 0xc756, 0xc757, 0x0000, 0x0000, 0x0000, 0xc758, 0xc759, 0xc75a, 0xc75b, 0xc75c, 0xc75d,
    0xc75e, 0xc75f, 0xc760, 0xc761, 0xc762, 0xc763, 0xc764, 0xc765, 0xc766, 0xc767, 0xc768, 0x0000, 0xc769, 0xc76a, 0xc76b, 0xc76c,
    0xc76d, 0xc76e, 0xc76f, 0xc770, 0xc771, 0xc772, 0xc773, 0x0000, 0x0000, 0x0000, 0xc774, 0xc775, 0xc776, 0xc777, 0xc778, 0xc779,
    0xc77a, 0xc77b, 0xc77c, 0xc77d, 0xc77e, 0xc77f, 0xc780, 0xc781, 0xc782, 0xc783, 0xc784, 0x0000, 0xc785, 0xc786, 0xc787, 0xc788,
    0xc789, 0xc78a, 0xc78b, 0xc78c, 0xc78d, 0xc78e, 0xc78f, 0x0000, 0x0000, 0x0000, 0x0000, 0x0000, 0x0000, 0x0000, 0x0000, 0x0000,
    0x0000, 0x0000, 0x0000, 0x0000, 0x0000, 0x0000, 0x0000, 0x0000, 0x0000, 0x0000, 0x0000, 0x0000, 0x0000, 0x0000, 0x0000, 0x0000,
    0x0000, 0x0000, 0x0000, 0x0000, 0x0000, 0x0000, 0x0000, 0x0000, 0x0000, 0x0000, 0x0000, 0x0000, 0x0000, 0x0000, 0x0000, 0x0000,
    0x0000, 0x0000, 0x0000, 0x0000, 0x0000, 0x0000, 0x0000, 0x0000, 0x0000, 0x0000, 0x0000, 0x0000, 0x0000, 0x0000, 0x0000, 0x0000,
    0x0000, 0x0000, 0x0000, 0x0000, 0x0000, 0x0000, 0x0000, 0x0000, 0x0000, 0x0000, 0x0000, 0x0000, 0x0000, 0x0000, 0x0000, 0x0000,
    0x0000, 0x0000, 0x0000, 0x0000, 0x0000, 0x0000, 0x0000, 0x0000, 0x3148, 0x0000, 0x0000, 0x0000, 0x0000, 0x0000, 0x0000, 0x0000,
    0x0000, 0x0000, 0x0000, 0x0000, 0x0000, 0x0000, 0x0000, 0x0000, 0x0000, 0x0000, 0x0000, 0x0000, 0x0000, 0x0000, 0x0000, 0x0000,
    0x0000, 0x0000, 0x0000, 0x0000, 0x0000, 0x0000, 0x0000, 0x0000, 0xc790, 0xc791, 0xc792, 0xc793, 0xc794, 0xc795, 0xc796, 0xc797,
    0xc798, 0xc799, 0xc79a, 0xc79b, 0xc79c, 0xc79d, 0xc79e, 0xc79f, 0xc7a0, 0x0000, 0xc7a1, 0xc7a2, 0xc7a3, 0xc7a4, 0xc7a5, 0xc7a6,
    0xc7a7, 0xc7a8, 0xc7a9, 0xc7aa, 0xc7ab, 0x0000, 0x0000, 0x0000, 0xc7ac, 0xc7ad, 0xc7ae, 0xc7af, 0xc7b0, 0xc7b1, 0xc7b2, 0xc7b3,
    0xc7b4, 0xc7b5, 0xc7b6, 0xc7b7, 0xc7b8, 0xc7b9, 0xc7ba, 0xc7bb, 0xc7bc, 0x0000, 0xc7bd, 0xc7be, 0xc7bf, 0xc7c0, 0xc7c1, 0xc7c2,
    0xc7c3, 0xc7c4, 0xc7c5, 0xc7c6, 0xc7c7, 0x0000, 0x0000, 0x0000, 0xc7c8, 0xc7c9, 0xc7ca, 0xc7cb, 0xc7cc, 0xc7cd, 0xc7ce, 0xc7cf,
    0xc7d0, 0xc7d1, 0xc7d2, 0xc7d3, 0xc7d4, 0xc7d5, 0xc7d6, 0xc7d7, 0xc7d8, 0x0000, 0xc7d9, 0xc7da, 0xc7db, 0xc7dc, 0xc7dd, 0xc7de,
    0xc7df, 0xc7e0, 0xc7e1, 0xc7e2, 0xc7e3, 0x0000, 0x0000, 0x0000, 0xc7e4, 0xc7e5, 0xc7e6, 0xc7e7, 0xc7e8, 0xc7e9, 0xc7ea, 0xc7eb,
    0xc7ec, 0xc7ed, 0xc7ee, 0xc7ef, 0xc7f0, 0xc7f1, 0xc7f2, 0xc7f3, 0xc7f4, 0x0000, 0xc7f5, 0xc7f6, 0xc7f7, 0xc7f8, 0xc7f9, 0xc7fa,
    0xc7fb, 0xc7fc, 0xc7fd, 0xc7fe, 0xc7ff, 0x0000, 0x0000, 0x0000, 0xc800, 0xc801, 0xc802, 0xc803, 0xc804, 0xc805, 0xc806, 0xc807,
    0xc808, 0xc809, 0xc80a, 0xc80b, 0xc80c, 0xc80d, 0xc80e, 0xc80f, 0xc810, 0x0000, 0xc811, 0xc812, 0xc813, 0xc814, 0xc815, 0xc816,
    0xc817, 0xc818, 0xc819, 0xc81a, 0xc81b, 0x0000, 0x0000, 0x0000, 0x0000, 0x0000, 0x0000, 0x0000, 0x0000, 0x0000, 0x0000, 0x0000,
    0x0000, 0x0000, 0x0000, 0x0000, 0x0000, 0x0000, 0xc81c, 0xc81d, 0xc81e, 0xc81f, 0xc820, 0xc821, 0xc822, 0xc823, 0xc824, 0xc825,
    0xc826, 0xc827, 0xc828, 0xc829, 0xc82a, 0xc82b, 0xc82c, 0x0000, 0xc82d, 0xc82e, 0xc82f, 0xc830, 0xc831, 0xc832, 0xc833, 0xc834,
    0xc835, 0xc836, 0xc837, 0x0000, 0x0000, 0x0000, 0xc838, 0xc839, 0xc83a, 0xc83b, 0xc83c, 0xc83d, 0xc83e, 0xc83f, 0xc840, 0xc841,
    0xc842, 0xc843, 0xc844, 0xc845, 0xc846, 0xc847, 0xc848, 0x0000, 0xc849, 0xc84a, 0xc84b, 0xc84c, 0xc84d, 0xc84e, 0xc84f, 0xc850,
    0xc851, 0xc852, 0xc853, 0x0000, 0x0000, 0x0000, 0xc854, 0xc855, 0xc856, 0xc857, 0xc858, 0xc859, 0xc85a, 0xc85b, 0xc85c, 0xc85d,
    0xc85e, 0xc85f, 0xc860, 0xc861, 0xc862, 0xc863, 0xc864, 0x0000, 0xc865, 0xc866, 0xc867, 0xc868, 0xc869, 0xc86a, 0xc86b, 0xc86c,
    0xc86d, 0xc86e, 0xc86f, 0x0000, 0x0000, 0x0000, 0xc870, 0xc871, 0xc872, 0xc873, 0xc874, 0xc875, 0xc876, 0xc877, 0xc878, 0xc879,
    0xc87a, 0xc87b, 0xc87c, 0xc87d, 0xc87e, 0xc87f, 0xc880, 0x0000, 0xc881, 0xc882, 0xc883, 0xc884, 0xc885, 0xc886, 0xc887, 0xc888,
    0xc889, 0xc88a, 0xc88b, 0x0000, 0x0000, 0x0000, 0xc88c, 0xc88d, 0xc88e, 0xc88f, 0xc890, 0xc891, 0xc892, 0xc893, 0xc894, 0xc895,
    0xc896, 0xc897, 0xc898, 0xc899, 0xc89a, 0xc89b, 0xc89c, 0x0000, 0xc89d, 0xc89e, 0xc89f, 0xc8a0, 0xc8a1, 0xc8a2, 0xc8a3, 0xc8a4,
    0xc8a5, 0xc8a6, 0xc8a7, 0x0000, 0x0000, 0x0000, 0xc8a8, 0xc8a9, 0xc8aa, 0xc8ab, 0xc8ac, 0xc8ad, 0xc8ae, 0xc8af, 0xc8b0, 0xc8b1,
    0xc8b2, 0xc8b3, 0xc8b4, 0xc8b5, 0xc8b6, 0xc8b7, 0xc8b8, 0x0000, 0xc8b9, 0xc8ba, 0xc8bb, 0xc8bc, 0xc8bd, 0xc8be, 0xc8bf, 0xc8c0,
    0xc8c1, 0xc8c2, 0xc8c3, 0x0000, 0x0000, 0x0000, 0x0000, 0x0000, 0x0000, 0x0000, 0x0000, 0x0000, 0x0000, 0x0000, 0x0000, 0x0000,
    0x0000, 0x0000, 0x0000, 0x0000, 0xc8c4, 0xc8c5, 0xc8c6, 0xc8c7, 0xc8c8, 0xc8c9, 0xc8ca, 0xc8cb, 0xc8cc, 0xc8cd, 0xc8ce, 0xc8cf,
    0xc8d0, 0xc8d1, 0xc8d2, 0xc8d3, 0xc8d4, 0x0000, 0xc8d5, 0xc8d6, 0xc8d7, 0xc8d8, 0xc8d9, 0xc8da, 0xc8db, 0xc8dc, 0xc8dd, 0xc8de,
    0xc8df, 0x0000, 0x0000, 0x0000, 0xc8e0, 0xc8e1, 0xc8e2, 0xc8e3, 0xc8e4, 0xc8e5, 0xc8e6, 0xc8e7, 0xc8e8, 0xc8e9, 0xc8ea, 0xc8eb,
    0xc8ec, 0xc8ed, 0xc8ee, 0xc8ef, 0xc8f0, 0x0000, 0xc8f1, 0xc8f2, 0xc8f3, 0xc8f4, 0xc8f5, 0xc8f6, 0xc8f7, 0xc8f8, 0xc8f9, 0xc8fa,
    0xc8fb, 0x0000, 0x0000, 0x0000, 0xc8fc, 0xc8fd, 0xc8fe, 0xc8ff, 0xc900, 0xc901, 0xc902, 0xc903, 0xc904, 0xc905, 0xc906, 0xc907,
    0xc908, 0xc909, 0xc90a, 0xc90b, 0xc90c, 0x0000, 0xc90d, 0xc90e, 0xc90f, 0xc910, 0xc911, 0xc912, 0xc913, 0xc914, 0xc915, 0xc916,
    0xc917, 0x0000, 0x0000, 0x0000, 0xc918, 0xc919, 0xc91a, 0xc91b, 0xc91c, 0xc91d, 0xc91e, 0xc91f, 0xc920, 0xc921, 0xc922, 0xc923,
    0xc924, 0xc925, 0xc926, 0xc927, 0xc928, 0x0000, 0xc929, 0xc92a, 0xc92b, 0xc92c, 0xc92d, 0xc92e, 0xc92f, 0xc930, 0xc931, 0xc932,
    0xc933, 0x0000, 0x0000, 0x0000, 0xc934, 0xc935, 0xc936, 0xc937, 0xc938, 0xc939, 0xc93a, 0xc93b, 0xc93c, 0xc93d, 0xc93e, 0xc93f,
    0xc940, 0xc941, 0xc942, 0xc943, 0xc944, 0x0000, 0xc945, 0xc946, 0xc947, 0xc948, 0xc949, 0xc94a, 0xc94b, 0xc94c, 0xc94d, 0xc94e,
    0xc94f, 0x0000, 0x0000, 0x0000, 0xc950, 0xc951, 0xc952, 0xc953, 0xc954, 0xc955, 0xc956, 0xc957, 0xc958, 0xc959, 0xc95a, 0xc95b,
    0xc95c, 0xc95d, 0xc95e, 0xc95f, 0xc960, 0x0000, 0xc961, 0xc962, 0xc963, 0xc964, 0xc965, 0xc966, 0xc967, 0xc968, 0xc969, 0xc96a,
    0xc96b, 0x0000, 0x0000, 0x0000, 0x0000, 0x0000, 0x0000, 0x0000, 0x0000, 0x0000, 0x0000, 0x0000, 0x0000, 0x0000, 0x0000, 0x0000,
    0x0000, 0x0000, 0xc96c, 0xc96d, 0xc96e, 0xc96f, 0xc970, 0xc971, 0xc972, 0xc973, 0xc974, 0xc975, 0xc976, 0xc977, 0xc978, 0xc979,
    0xc97a, 0xc97b, 0xc97c, 0x0000, 0xc97d, 0xc97e, 0xc97f, 0xc980, 0xc981, 0xc982, 0xc983, 0xc984, 0xc985, 0xc986, 0xc987, 0x0000,
    0x0000, 0x0000, 0xc988, 0xc989, 0xc98a, 0xc98b, 0xc98c, 0xc98d, 0xc98e, 0xc98f, 0xc990, 0xc991, 0xc992, 0xc993, 0xc994, 0xc995,
    0xc996, 0xc997, 0xc998, 0x0000, 0xc999, 0xc99a, 0xc99b, 0xc99c, 0xc99d, 0xc99e, 0xc99f, 0xc9a0, 0xc9a1, 0xc9a2, 0xc9a3, 0x0000,
    0x0000, 0x0000, 0xc9a4, 0xc9a5, 0xc9a6, 0xc9a7, 0xc9a8, 0xc9a9, 0xc9aa, 0xc9ab, 0xc9ac, 0xc9ad, 0xc9ae, 0xc9af, 0xc9b0, 0xc9b1,
    0xc9b2, 0xc9b3, 0xc9b4, 0x0000, 0xc9b5, 0xc9b6, 0xc9b7, 0xc9b8, 0xc9b9, 0xc9ba, 0xc9bb, 0xc9bc, 0xc9bd, 0xc9be, 0xc9bf, 0x0000,
    0x0000, 0x0000, 0xc9c0, 0xc9c1, 0xc9c2, 0xc9c3, 0xc9c4, 0xc9c5, 0xc9c6, 0xc9c7, 0xc9c8, 0xc9c9, 0xc9ca, 0xc9cb, 0xc9cc, 0xc9cd,
    0xc9ce, 0xc9cf, 0xc9d0, 0x0000, 0xc9d1, 0xc9d2, 0xc9d3, 0xc9d4, 0xc9d5, 0xc9d6, 0xc9d7, 0xc9d8, 0xc9d9, 0xc9da, 0xc9db, 0x0000,
    0x0000, 0x0000, 0x0000, 0x0000, 0x0000, 0x0000, 0x0000, 0x0000, 0x0000, 0x0000, 0x0000, 0x0000, 0x0000, 0x0000, 0x0000, 0x0000,
    0x0000, 0x0000, 0x0000, 0x0000, 0x0000, 0x0000, 0x0000, 0x0000, 0x0000, 0x0000, 0x0000, 0x0000, 0x0000, 0x0000, 0x0000, 0x0000,
    0x0000, 0x0000, 0x0000, 0x0000, 0x0000, 0x0000, 0x0000, 0x0000, 0x0000, 0x0000, 0x0000, 0x0000, 0x0000, 0x0000, 0x0000, 0x0000,
    0x0000, 0x0000, 0x0000, 0x0000, 0x0000, 0x0000, 0x0000, 0x0000, 0x0000, 0x0000, 0x0000, 0x0000, 0x0000, 0x0000, 0x0000, 0x0000,
    0x0000, 0x0000, 0x0000, 0x0000, 0x0000, 0x0000, 0x0000, 0x0000, 0x0000, 0x0000, 0x0000, 0x0000, 0x0000, 0x0000, 0x0000, 0x0000,
    0x3149, 0x0000, 0x0000, 0x0000, 0x0000, 0x0000, 0x0000, 0x0000, 0x0000, 0x0000, 0x0000, 0x0000, 0x0000, 0x0000, 0x0000, 0x0000,
    0x0000, 0x0000, 0x0000, 0x0000, 0x0000, 0x0000, 0x0000, 0x0000, 0x0000, 0x0000, 0x0000, 0x0000, 0x0000, 0x0000, 0x0000, 0x0000,
    0xc9dc, 0xc9dd, 0xc9de, 0xc9df, 0xc9e0, 0xc9e1, 0xc9e2, 0xc9e3, 0xc9e4, 0xc9e5, 0xc9e6, 0xc9e7, 0xc9e8, 0xc9e9, 0xc9ea, 0xc9eb,
    0xc9ec, 0x0000, 0xc9ed, 0xc9ee, 0xc9ef, 0xc9f0, 0xc9f1, 0xc9f2, 0xc9f3, 0xc9f4, 0xc9f5, 0xc9f6, 0xc9f7, 0x0000, 0x0000, 0x0000,
    0xc9f8, 0xc9f9, 0xc9fa, 0xc9fb, 0xc9fc, 0xc9fd, 0xc9fe, 0xc9ff, 0xca00, 0xca01, 0xca02, 0xca03, 0xca04, 0xca05, 0xca06, 0xca07,
    0xca08, 0x0000, 0xca09, 0xca0a, 0xca0b, 0xca0c, 0xca0d, 0xca0e, 0xca0f, 0xca10, 0xca11, 0xca12, 0xca13, 0x0000, 0x0000, 0x0000,
    0xca14, 0xca15, 0xca16, 0xca17, 0xca18, 0xca19, 0xca1a, 0xca1b, 0xca1c, 0xca1d, 0xca1e, 0xca1f, 0xca20, 0xca21, 0xca22, 0xca23,
    0xca24, 0x0000, 0xca25, 0xca26, 0xca27, 0xca28, 0xca29, 0xca2a, 0xca2b, 0xca2c, 0xca2d, 0xca2e, 0xca2f, 0x0000, 0x0000, 0x0000,
    0xca30, 0xca31, 0xca32, 0xca33, 0xca34, 0xca35, 0xca36, 0xca37, 0xca38, 0xca39, 0xca3a, 0xca3b, 0xca3c, 0xca3d, 0xca3e, 0xca3f,
    0xca40, 0x0000, 0xca41, 0xca42, 0xca43, 0xca44, 0xca45, 0xca46, 0xca47, 0xca48, 0xca49, 0xca4a, 0xca4b, 0x0000, 0x0000, 0x0000,
    0xca4c, 0xca4d, 0xca4e, 0xca4f, 0xca50, 0xca51, 0xca52, 0xca53, 0xca54, 0xca55, 0xca56, 0xca57, 0xca58, 0xca59, 0xca5a, 0xca5b,
    0xca5c, 0x0000, 0xca5d, 0xca5e, 0xca5f, 0xca60, 0xca61, 0xca62, 0xca63, 0xca64, 0xca65, 0xca66, 0xca67, 0x0000, 0x0000, 0x0000,
    0x0000, 0x0000, 0x0000, 0x0000, 0x0000, 0x0000, 0x0000, 0x0000, 0x0000, 0x0000, 0x0000, 0x0000, 0x0000, 0x0000, 0xca68, 0xca69,
    0xca6a, 0xca6b, 0xca6c, 0xca6d, 0xca6e, 0xca6f, 0xca70, 0xca71, 0xca72, 0xca73, 0xca74, 0xca75, 0xca76, 0xca77, 0xca78, 0x0000,
    0xca79, 0xca7a, 0xca7b, 0xca7c, 0xca7d, 0xca7e, 0xca7f, 0xca80, 0xca81, 0xca82, 0xca83, 0x0000, 0x0000, 0x0000, 0xca84, 0xca85,
    0xca86, 0xca87, 0xca88, 0xca89, 0xca8a, 0xca8b, 0xca8c, 0xca8d, 0xca8e, 0xca8f, 0xca90, 0xca91, 0xca92, 0xca93, 0xca94, 0x0000,
    0xca95, 0xca96, 0xca97, 0xca98, 0xca99, 0xca9a, 0xca9b, 0xca9c, 0xca9d, 0xca9e, 0xca9f, 0x0000, 0x0000, 0x0000, 0xcaa0, 0xcaa1,
    0xcaa2, 0xcaa3, 0xcaa4, 0xcaa5, 0xcaa6, 0xcaa7, 0xcaa8, 0xcaa9, 0xcaaa, 0xcaab, 0xcaac, 0xcaad, 0xcaae, 0xcaaf, 0xcab0, 0x0000,
    0xcab1, 0xcab2, 0xcab3, 0xcab4, 0xcab5, 0xcab6, 0xcab7, 0xcab8, 0xcab9, 0xcaba, 0xcabb, 0x0000, 0x0000, 0x0000, 0xcabc, 0xcabd,
    0xcabe, 0xcabf, 0xcac0, 0xcac1, 0xcac2, 0xcac3, 0xcac4, 0xcac5, 0xcac6, 0xcac7, 0xcac8, 0xcac9, 0xcaca, 0xcacb, 0xcacc, 0x0000,
    0xcacd, 0xcace, 0xcacf, 0xcad0, 0xcad1, 0xcad2, 0xcad3, 0xcad4, 0xcad5, 0xcad6, 0xcad7, 0x0000, 0x0000, 0x0000, 0xcad8, 0xcad9,
    0xcada, 0xcadb, 0xcadc, 0xcadd, 0xcade, 0xcadf, 0xcae0, 0xcae1, 0xcae2, 0xcae3, 0xcae4, 0xcae5, 0xcae6, 0xcae7, 0xcae8, 0x0000,
    0xcae9, 0xcaea, 0xcaeb, 0xcaec, 0xcaed, 0xcaee, 0xcaef, 0xcaf0, 0xcaf1, 0xcaf2, 0xcaf3, 0x0000, 0x0000, 0x0000, 0xcaf4, 0xcaf5,
    0xcaf6, 0xcaf7, 0xcaf8, 0xcaf9, 0xcafa, 0xcafb, 0xcafc, 0xcafd, 0xcafe, 0xcaff, 0xcb00, 0xcb01, 0xcb02, 0xcb03, 0xcb04, 0x0000,
    0xcb05, 0xcb06, 0xcb07, 0xcb08, 0xcb09, 0xcb0a, 0xcb0b, 0xcb0c, 0xcb0d, 0xcb0e, 0xcb0f, 0x0000, 0x0000, 0x0000, 0x0000, 0x0000,
    0x0000, 0x0000, 0x0000, 0x0000, 0x0000, 0x0000, 0x0000, 0x0000, 0x0000, 0x0000, 0x0000, 0x0000, 0xcb10, 0xcb11, 0xcb12, 0xcb13,
    0xcb14, 0xcb15, 0xcb16, 0xcb17, 0xcb18, 0xcb19, 0xcb1a, 0xcb1b, 0xcb1c, 0xcb1d, 0xcb1e, 0xcb1f, 0xcb20, 0x0000, 0xcb21, 0xcb22,
    0xcb23, 0xcb24, 0xcb25, 0xcb26, 0xcb27, 0xcb28, 0xcb29, 0xcb2a, 0xcb2b, 0x0000, 0x0000, 0x0000, 0xcb2c, 0xcb2d, 0xcb2e, 0xcb2f,
    0xcb30, 0xcb31, 0xcb32, 0xcb33, 0xcb34, 0xcb35, 0xcb36, 0xcb37, 0xcb38, 0xcb39, 0xcb3a, 0xcb3b, 0xcb3c, 0x0000, 0xcb3d, 0xcb3e,
    0xcb3f, 0xcb40, 0xcb41, 0xcb42, 0xcb43, 0xcb44, 0xcb45, 0xcb46, 0xcb47, 0x0000, 0x0000, 0x0000, 0xcb48, 0xcb49, 0xcb4a, 0xcb4b,
    0xcb4c, 0xcb4d, 0xcb4e, 0xcb4f, 0xcb50, 0xcb51, 0xcb52, 0xcb53, 0xcb54, 0xcb55, 0xcb56, 0xcb57, 0xcb58, 0x0000, 0xcb59, 0xcb5a,
    0xcb5b, 0xcb5c, 0xcb5d, 0xcb5e, 0xcb5f, 0xcb60, 0xcb61, 0xcb62, 0xcb63, 0x0000, 0x0000, 0x0000, 0xcb64, 0xcb65, 0xcb66, 0xcb67,
    0xcb68, 0xcb69, 0xcb6a, 0xcb6b, 0xcb6c, 0xcb6d, 0xcb6e, 0xcb6f, 0xcb70, 0xcb71, 0xcb72, 0xcb73, 0xcb74, 0x0000, 0xcb75, 0xcb76,
    0xcb77, 0xcb78, 0xcb79, 0xcb7a, 0xcb7b, 0xcb7c, 0xcb7d, 0xcb7e, 0xcb7f, 0x0000, 0x0000, 0x0000, 0xcb80, 0xcb81, 0xcb82, 0xcb83,
    0xcb84, 0xcb85, 0xcb86, 0xcb87, 0xcb88, 0xcb89, 0xcb8a, 0xcb8b, 0xcb8c, 0xcb8d, 0xcb8e, 0xcb8f, 0xcb90, 0x0000, 0xcb91, 0xcb92,
    0xcb93, 0xcb94, 0xcb95, 0xcb96, 0xcb97, 0xcb98, 0xcb99, 0xcb9a, 0xcb9b, 0x0000, 0x0000, 0x0000, 0xcb9c, 0xcb9d, 0xcb9e, 0xcb9f,
    0xcba0, 0xcba1, 0xcba2, 0xcba3, 0xcba4, 0xcba5, 0xcba6, 0xcba7, 0xcba8, 0xcba9, 0xcbaa, 0xcbab, 0xcbac, 0x0000, 0xcbad, 0xcbae,
    0xcbaf, 0xcbb0, 0xcbb1, 0xcbb2, 0xcbb3, 0xcbb4, 0xcbb5, 0xcbb6, 0xcbb7, 0x0000, 0x0000, 0x0000, 0x0000, 0x0000, 0x0000, 0x0000,
    0x0000, 0x0000, 0x0000, 0x0000, 0x0000, 0x0000, 0x0000, 0x0000, 0x0000, 0x0000, 0xcbb8, 0xcbb9, 0xcbba, 0xcbbb, 0xcbbc, 0xcbbd,
    0xcbbe, 0xcbbf, 0xcbc0, 0xcbc1, 0xcbc2, 0xcbc3, 0xcbc4, 0xcbc5, 0xcbc6, 0xcbc7, 0xcbc8, 0x0000, 0xcbc9, 0xcbca, 0xcbcb, 0xcbcc,
    0xcbcd, 0xcbce, 0xcbcf, 0xcbd0, 0xcbd1, 0xcbd2, 0xcbd3, 0x0000, 0x0000, 0x0000, 0xcbd4, 0xcbd5, 0xcbd6, 0xcbd7, 0xcbd8, 0xcbd9,
    0xcbda, 0xcbdb, 0xcbdc, 0xcbdd, 0xcbde, 0xcbdf, 0xcbe0, 0xcbe1, 0xcbe2, 0xcbe3, 0xcbe4, 0x0000, 0xcbe5, 0xcbe6, 0xcbe7, 0xcbe8,
    0xcbe9, 0xcbea, 0xcbeb, 0xcbec, 0xcbed, 0xcbee, 0xcbef, 0x0000, 0x0000, 0x0000, 0xcbf0, 0xcbf1, 0xcbf2, 0xcbf3, 0xcbf4, 0xcbf5,
    0xcbf6, 0xcbf7, 0xcbf8, 0xcbf9, 0xcbfa, 0xcbfb, 0xcbfc, 0xcbfd, 0xcbfe, 0xcbff, 0xcc00, 0x0000, 0xcc01, 0xcc02, 0xcc03, 0xcc04,
    0xcc05, 0xcc06, 0xcc07, 0xcc08, 0xcc09, 0xcc0a, 0xcc0b, 0x0000, 0x0000, 0x0000, 0xcc0c, 0xcc0d, 0xcc0e, 0xcc0f, 0xcc10, 0xcc11,
    0xcc12, 0xcc13, 0xcc14, 0xcc15, 0xcc16, 0xcc17, 0xcc18, 0xcc19, 0xcc1a, 0xcc1b, 0xcc1c, 0x0000, 0xcc1d, 0xcc1e, 0xcc1f, 0xcc20,
    0xcc21, 0xcc22, 0xcc23, 0xcc24, 0xcc25, 0xcc26, 0xcc27, 0x0000, 0x0000, 0x0000, 0x0000, 0x0000, 0x0000, 0x0000, 0x0000, 0x0000,
    0x0000, 0x0000, 0x0000, 0x0000, 0x0000, 0x0000, 0x0000, 0x0000, 0x0000, 0x0000, 0x0000, 0x0000, 0x0000, 0x0000, 0x0000, 0x0000,
    0x0000, 0x0000, 0x0000, 0x0000, 0x0000, 0x0000, 0x0000, 0x0000, 0x0000, 0x0000, 0x0000, 0x0000, 0x0000, 0x0000, 0x0000, 0x0000,
    0x0000, 0x0000, 0x0000, 0x0000, 0x0000, 0x0000, 0x0000, 0x0000, 0x0000, 0x0000, 0x0000, 0x0000, 0x0000, 0x0000, 0x0000, 0x0000,
    0x0000, 0x0000, 0x0000, 0x0000, 0x0000, 0x0000, 0x0000, 0x0000, 0x0000, 0x0000, 0x0000, 0x0000, 0x0000, 0x0000, 0x0000, 0x0000,
    0x0000, 0x0000, 0x0000, 0x0000, 0x0000, 0x0000, 0x0000, 0x0000, 0x314a, 0x0000, 0x0000, 0x0000, 0x0000, 0x0000, 0x0000, 0x0000,
    0x0000, 0x0000, 0x0000, 0x0000, 0x0000, 0x0000, 0x0000, 0x0000, 0x0000, 0x0000, 0x0000, 0x0000, 0x0000, 0x0000, 0x0000, 0x0000,
    0x0000, 0x0000, 0x0000, 0x0000, 0x0000, 0x0000, 0x0000, 0x0000, 0xcc28, 0xcc29, 0xcc2a, 0xcc2b, 0xcc2c, 0xcc2d, 0xcc2e, 0xcc2f,
    0xcc30, 0xcc31, 0xcc32, 0xcc33, 0xcc34, 0xcc35, 0xcc36, 0xcc37, 0xcc38, 0x0000, 0xcc39, 0xcc3a, 0xcc3b, 0xcc3c, 0xcc3d, 0xcc3e,
    0xcc3f, 0xcc40, 0xcc41, 0xcc42, 0xcc43, 0x0000, 0x0000, 0x0000, 0xcc44, 0xcc45, 0xcc46, 0xcc47, 0xcc48, 0xcc49, 0xcc4a, 0xcc4b,
    0xcc4c, 0xcc4d, 0xcc4e, 0xcc4f, 0xcc50, 0xcc51, 0xcc52, 0xcc53, 0xcc54, 0x0000, 0xcc55, 0xcc56, 0xcc57, 0xcc58, 0xcc59, 0xcc5a,
    0xcc5b, 0xcc5c, 0xcc5d, 0xcc5e, 0xcc5f, 0x0000, 0x0000, 0x0000, 0xcc60, 0xcc61, 0xcc62, 0xcc63, 0xcc64, 0xcc65, 0xcc66, 0xcc67,
    0xcc68, 0xcc69, 0xcc6a, 0xcc6b, 0xcc6c, 0xcc6d, 0xcc6e, 0xcc6f, 0xcc70, 0x0000, 0xcc71, 0xcc72, 0xcc73, 0xcc74, 0xcc75, 0xcc76,
    0xcc77, 0xcc78, 0xcc79, 0xcc7a, 0xcc7b, 0x0000, 0x0000, 0x0000, 0xcc7c, 0xcc7d, 0xcc7e, 0xcc7f, 0xcc80, 0xcc81, 0xcc82, 0xcc83,
    0xcc84, 0xcc85, 0xcc86, 0xcc87, 0xcc88, 0xcc89, 0xcc8a, 0xcc8b, 0xcc8c, 0x0000, 0xcc8d, 0xcc8e, 0xcc8f, 0xcc90, 0xcc91, 0xcc92,
    0xcc93, 0xcc94, 0xcc95, 0xcc96, 0xcc97, 0x0000, 0x0000, 0x0000, 0xcc98, 0xcc99, 0xcc9a, 0xcc9b, 0xcc9c, 0xcc9d, 0xcc9e, 0xcc9f,
    0xcca0, 0xcca1, 0xcca2, 0xcca3, 0xcca4, 0xcca5, 0xcca6, 0xcca7, 0xcca8, 0x0000, 0xcca9, 0xccaa, 0xccab, 0xccac, 0xccad, 0xccae,
    0xccaf, 0xccb0, 0xccb1, 0xccb2, 0xccb3, 0x0000, 0x0000, 0x0000, 0x0000, 0x0000, 0x0000, 0x0000, 0x0000, 0x0000, 0x0000, 0x0000,
    0x0000, 0x0000, 0x0000, 0x0000, 0x0000, 0x0000, 0xccb4, 0xccb5, 0xccb6, 0xccb7, 0xccb8, 0xccb9, 0xccba, 0xccbb, 0xccbc, 0xccbd,
    0xccbe, 0xccbf, 0xccc0, 0xccc1, 0xccc2, 0xccc3, 0xccc4, 0x0000, 0xccc5, 0xccc6, 0xccc7, 0xccc8, 0xccc9, 0xccca, 0xcccb, 0xcccc,
    0xcccd, 0xccce, 0xcccf, 0x0000, 0x0000, 0x0000, 0xccd0, 0xccd1, 0xccd2, 0xccd3, 0xccd4, 0xccd5, 0xccd6, 0xccd7, 0xccd8, 0xccd9,
    0xccda, 0xccdb, 0xccdc, 0xccdd, 0xccde, 0xccdf, 0xcce0, 0x0000, 0xcce1, 0xcce2, 0xcce3, 0xcce4, 0xcce5, 0xcce6, 0xcce7, 0xcce8,
    0xcce9, 0xccea, 0xcceb, 0x0000, 0x0000, 0x0000, 0xccec, 0xcced, 0xccee, 0xccef, 0xccf0, 0xccf1, 0xccf2, 0xccf3, 0xccf4, 0xccf5,
    0xccf6, 0xccf7, 0xccf8, 0xccf9, 0xccfa, 0xccfb, 0xccfc, 0x0000, 0xccfd, 0xccfe, 0xccff, 0xcd00, 0xcd01, 0xcd02, 0xcd03, 0xcd04,
    0xcd05, 0xcd06, 0xcd07, 0x0000, 0x0000, 0x0000, 0xcd08, 0xcd09, 0xcd0a, 0xcd0b, 0xcd0c, 0xcd0d, 0xcd0e, 0xcd0f, 0xcd10, 0xcd11,
    0xcd12, 0xcd13, 0xcd14, 0xcd15, 0xcd16, 0xcd17, 0xcd18, 0x0000, 0xcd19, 0xcd1a, 0xcd1b, 0xcd1c, 0xcd1d, 0xcd1e, 0xcd1f, 0xcd20,
    0xcd21, 0xcd22, 0xcd23, 0x0000, 0x0000, 0x0000, 0xcd24, 0xcd25, 0xcd26, 0xcd27, 0xcd28, 0xcd29, 0xcd2a, 0xcd2b, 0xcd2c, 0xcd2d,
    0xcd2e, 0xcd2f, 0xcd30, 0xcd31, 0xcd32, 0xcd33, 0xcd34, 0x0000, 0xcd35, 0xcd36, 0xcd37, 0xcd38, 0xcd39, 0xcd3a, 0xcd3b, 0xcd3c,
    0xcd3d, 0xcd3e, 0xcd3f, 0x0000, 0x0000, 0x0000, 0xcd40, 0xcd41, 0xcd42, 0xcd43, 0xcd44, 0xcd45, 0xcd46, 0xcd47, 0xcd48, 0xcd49,
    0xcd4a, 0xcd4b, 0xcd4c, 0xcd4d, 0xcd4e, 0xcd4f, 0xcd50, 0x0000, 0xcd51, 0xcd52, 0xcd53, 0xcd54, 0xcd55, 0xcd56, 0xcd57, 0xcd58,
    0xcd59, 0xcd5a, 0xcd5b, 0x0000, 0x0000, 0x0000, 0x0000, 0x0000, 0x0000, 0x0000, 0x0000, 0x0000, 0x0000, 0x0000, 0x0000, 0x0000,
    0x0000, 0x0000, 0x0000, 0x0000, 0xcd5c, 0xcd5d, 0xcd5e, 0xcd5f, 0xcd60, 0xcd61, 0xcd62, 0xcd63, 0xcd64, 0xcd65, 0xcd66, 0xcd67,
    0xcd68, 0xcd69, 0xcd6a, 0xcd6b, 0xcd6c, 0x0000, 0xcd6d, 0xcd6e, 0xcd6f, 0xcd70, 0xcd71, 0xcd72, 0xcd73, 0xcd74, 0xcd75, 0xcd76,
    0xcd77, 0x0000, 0x0000, 0x0000, 0xcd78, 0xcd79, 0xcd7a, 0xcd7b, 0xcd7c, 0xcd7d, 0xcd7e, 0xcd7f, 0xcd80, 0xcd81, 0xcd82, 0xcd83,
    0xcd84, 0xcd85, 0xcd86, 0xcd87, 0xcd88, 0x0000, 0xcd89, 0xcd8a, 0xcd8b, 0xcd8c, 0xcd8d, 0xcd8e, 0xcd8f, 0xcd90, 0xcd91, 0xcd92,
    0xcd93, 0x0000, 0x0000, 0x0000, 0xcd94, 0xcd95, 0xcd96, 0xcd97, 0xcd98, 0xcd99, 0xcd9a, 0xcd9b, 0xcd9c, 0xcd9d, 0xcd9e, 0xcd9f,
    0xcda0, 0xcda1, 0xcda2, 0xcda3, 0xcda4, 0x0000, 0xcda5, 0xcda6, 0xcda7, 0xcda8, 0xcda9, 0xcdaa, 0xcdab, 0xcdac, 0xcdad, 0xcdae,
    0xcdaf, 0x0000, 0x0000, 0x0000, 0xcdb0, 0xcdb1, 0xcdb2, 0xcdb3, 0xcdb4, 0xcdb5, 0xcdb6, 0xcdb7, 0xcdb8, 0xcdb9, 0xcdba, 0xcdbb,
    0xcdbc, 0xcdbd, 0xcdbe, 0xcdbf, 0xcdc0, 0x0000, 0xcdc1, 0xcdc2, 0xcdc3, 0xcdc4, 0xcdc5, 0xcdc6, 0xcdc7, 0xcdc8, 0xcdc9, 0xcdca,
    0xcdcb, 0x0000, 0x0000, 0x0000, 0xcdcc, 0xcdcd, 0xcdce, 0xcdcf, 0xcdd0, 0xcdd1, 0xcdd2, 0xcdd3, 0xcdd4, 0xcdd5, 0xcdd6, 0xcdd7,
    0xcdd8, 0xcdd9, 0xcdda, 0xcddb, 0xcddc, 0x0000, 0xcddd, 0xcdde, 0xcddf, 0xcde0, 0xcde1, 0xcde2, 0xcde3, 0xcde4, 0xcde5, 0xcde6,
    0xcde7, 0x0000, 0x0000, 0x0000, 0xcde8, 0xcde9, 0xcdea, 0xcdeb, 0xcdec, 0xcded, 0xcdee, 0xcdef, 0xcdf0, 0xcdf1, 0xcdf2, 0xcdf3,
    0xcdf4, 0xcdf5, 0xcdf6, 0xcdf7, 0xcdf8, 0x0000, 0xcdf9, 0xcdfa, 0xcdfb, 0xcdfc, 0xcdfd, 0xcdfe, 0xcdff, 0xce00, 0xce01, 0xce02,
    0xce03, 0x0000, 0x0000, 0x0000, 0x0000, 0x0000, 0x0000, 0x0000, 0x0000, 0x0000, 0x0000, 0x0000, 0x0000, 0x0000, 0x0000, 0x0000,
    0x0000, 0x0000, 0xce04, 0xce05, 0xce06, 0xce07, 0xce08, 0xce09, 0xce0a, 0xce0b, 0xce0c, 0xce0d, 0xce0e, 0xce0f, 0xce10, 0xce11,
    0xce12, 0xce13, 0xce14, 0x0000, 0xce15, 0xce16, 0xce17, 0xce18, 0xce19, 0xce1a, 0xce1b, 0xce1c, 0xce1d, 0xce1e, 0xce1f, 0x0000,
    0x0000, 0x0000, 0xce20, 0xce21, 0xce22, 0xce23, 0xce24, 0xce25, 0xce26, 0xce27, 0xce28, 0xce29, 0xce2a, 0xce2b, 0xce2c, 0xce2d,
    0xce2e, 0xce2f, 0xce30, 0x0000, 0xce31, 0xce32, 0xce33, 0xce34, 0xce35, 0xce36, 0xce37, 0xce38, 0xce39, 0xce3a, 0xce3b, 0x0000,
    0x0000, 0x0000, 0xce3c, 0xce3d, 0xce3e, 0xce3f, 0xce40, 0xce41, 0xce42, 0xce43, 0xce44, 0xce45, 0xce46, 0xce47, 0xce48, 0xce49,
    0xce4a, 0xce4b, 0xce4c, 0x0000, 0xce4d, 0xce4e, 0xce4f, 0xce50, 0xce51, 0xce52, 0xce53, 0xce54, 0xce55, 0xce56, 0xce57, 0x0000,
    0x0000, 0x0000, 0xce58, 0xce59, 0xce5a, 0xce5b, 0xce5c, 0xce5d, 0xce5e, 0xce5f, 0xce60, 0xce61, 0xce62, 0xce63, 0xce64, 0xce65,
    0xce66, 0xce67, 0xce68, 0x0000, 0xce69, 0xce6a, 0xce6b, 0xce6c, 0xce6d, 0xce6e, 0xce6f, 0xce70, 0xce71, 0xce72, 0xce73, 0x0000,
    0x0000, 0x0000, 0x0000, 0x0000, 0x0000, 0x0000, 0x0000, 0x0000, 0x0000, 0x0000, 0x0000, 0x0000, 0x0000, 0x0000, 0x0000, 0x0000,
    0x0000, 0x0000, 0x0000, 0x0000, 0x0000, 0x0000, 0x0000, 0x0000, 0x0000, 0x0000, 0x0000, 0x0000, 0x0000, 0x0000, 0x0000, 0x0000,
    0x0000, 0x0000, 0x0000, 0x0000, 0x0000, 0x0000, 0x0000, 0x0000, 0x0000, 0x0000, 0x0000, 0x0000, 0x0000, 0x0000, 0x0000, 0x0000,
    0x0000, 0x0000, 0x0000, 0x0000, 0x0000, 0x0000, 0x0000, 0x0000, 0x0000, 0x0000, 0x0000, 0x0000, 0x0000, 0x0000, 0x0000, 0x0000,
    0x0000, 0x0000, 0x0000, 0x0000, 0x0000, 0x0000, 0x0000, 0x0000, 0x0000, 0x0000, 0x0000, 0x0000, 0x0000, 0x0000, 0x0000, 0x0000,
    0x314b, 0x0000, 0x0000, 0x0000, 0x0000, 0x0000, 0x0000, 0x0000, 0x0000, 0x0000, 0x0000, 0x0000, 0x0000, 0x0000, 0x0000, 0x0000,
    0x0000, 0x0000, 0x0000, 0x0000, 0x0000, 0x0000, 0x0000, 0x0000, 0x0000, 0x0000, 0x0000, 0x0000, 0x0000, 0x0000, 0x0000, 0x0000,
    0xce74, 0xce75, 0xce76, 0xce77, 0xce78, 0xce79, 0xce7a, 0xce7b, 0xce7c, 0xce7d, 0xce7e, 0xce7f, 0xce80, 0xce81, 0xce82, 0xce83,
    0xce84, 0x0000, 0xce85, 0xce86, 0xce87, 0xce88, 0xce89, 0xce8a, 0xce8b, 0xce8c, 0xce8d, 0xce8e, 0xce8f, 0x0000, 0x0000, 0x0000,
    0xce90, 0xce91, 0xce92, 0xce93, 0xce94, 0xce95, 0xce96, 0xce97, 0xce98, 0xce99, 0xce9a, 0xce9b, 0xce9c, 0xce9d, 0xce9e, 0xce9f,
    0xcea0, 0x0000, 0xcea1, 0xcea2, 0xcea3, 0xcea4, 0xcea5, 0xcea6, 0xcea7, 0xcea8, 0xcea9, 0xceaa, 0xceab, 0x0000, 0x0000, 0x0000,
    0xceac, 0xcead, 0xceae, 0xceaf, 0xceb0, 0xceb1, 0xceb2, 0xceb3, 0xceb4, 0xceb5, 0xceb6, 0xceb7, 0xceb8, 0xceb9, 0xceba, 0xcebb,
    0xcebc, 0x0000, 0xcebd, 0xcebe, 0xcebf, 0xcec0, 0xcec1, 0xcec2, 0xcec3, 0xcec4, 0xcec5, 0xcec6, 0xcec7, 0x0000, 0x0000, 0x0000,
    0xcec8, 0xcec9, 0xceca, 0xcecb, 0xcecc, 0xcecd, 0xcece, 0xcecf, 0xced0, 0xced1, 0xced2, 0xced3, 0xced4, 0xced5, 0xced6, 0xced7,
    0xced8, 0x0000, 0xced9, 0xceda, 0xcedb, 0xcedc, 0xcedd, 0xcede, 0xcedf, 0xcee0, 0xcee1, 0xcee2, 0xcee3, 0x0000, 0x0000, 0x0000,
    0xcee4, 0xcee5, 0xcee6, 0xcee7, 0xcee8, 0xcee9, 0xceea, 0xceeb, 0xceec, 0xceed, 0xceee, 0xceef, 0xcef0, 0xcef1, 0xcef2, 0xcef3,
    0xcef4, 0x0000, 0xcef5, 0xcef6, 0xcef7, 0xcef8, 0xcef9, 0xcefa, 0xcefb, 0xcefc, 0xcefd, 0xcefe, 0xceff, 0x0000, 0x0000, 0x0000,
    0x0000, 0x0000, 0x0000, 0x0000, 0x0000, 0x0000, 0x0000, 0x0000, 0x0000, 0x0000, 0x0000, 0x0000, 0x0000, 0x0000, 0xcf00, 0xcf01,
    0xcf02, 0xcf03, 0xcf04, 0xcf05, 0xcf06, 0xcf07, 0xcf08, 0xcf09, 0xcf0a, 0xcf0b, 0xcf0c, 0xcf0d, 0xcf0e, 0xcf0f, 0xcf10, 0x0000,
    0xcf11, 0xcf12, 0xcf13, 0xcf14, 0xcf15, 0xcf16, 0xcf17, 0xcf18, 0xcf19, 0xcf1a, 0xcf1b, 0x0000, 0x0000, 0x0000, 0xcf1c, 0xcf1d,
    0xcf1e, 0xcf1f, 0xcf20, 0xcf21, 0xcf22, 0xcf23, 0xcf24, 0xcf25, 0xcf26, 0xcf27, 0xcf28, 0xcf29, 0xcf2a, 0xcf2b, 0xcf2c, 0x0000,
    0xcf2d, 0xcf2e, 0xcf2f, 0xcf30, 0xcf31, 0xcf32, 0xcf33, 0xcf34, 0xcf35, 0xcf36, 0xcf37, 0x0000, 0x0000, 0x0000, 0xcf38, 0xcf39,
    0xcf3a, 0xcf3b, 0xcf3c, 0xcf3d, 0xcf3e, 0xcf3f, 0xcf40, 0xcf41, 0xcf42, 0xcf43, 0xcf44, 0xcf45, 0xcf46, 0xcf47, 0xcf48, 0x0000,
    0xcf49, 0xcf4a, 0xcf4b, 0xcf4c, 0xcf4d, 0xcf4e, 0xcf4f, 0xcf50, 0xcf51, 0xcf52, 0xcf53, 0x0000, 0x0000, 0x0000, 0xcf54, 0xcf55,
    0xcf56, 0xcf57, 0xcf58, 0xcf59, 0xcf5a, 0xcf5b, 0xcf5c, 0xcf5d, 0xcf5e, 0xcf5f, 0xcf60, 0xcf61, 0xcf62, 0xcf63, 0xcf64, 0x0000,
    0xcf65, 0xcf66, 0xcf67, 0xcf68, 0xcf69, 0xcf6a, 0xcf6b, 0xcf6c, 0xcf6d, 0xcf6e, 0xcf6f, 0x0000, 0x0000, 0x0000, 0xcf70, 0xcf71,
    0xcf72, 0xcf73, 0xcf74, 0xcf75, 0xcf76, 0xcf77, 0xcf78, 0xcf79, 0xcf7a, 0xcf7b, 0xcf7c, 0xcf7d, 0xcf7e, 0xcf7f, 0xcf80, 0x0000,
    0xcf81, 0xcf82, 0xcf83, 0xcf84, 0xcf85, 0xcf86, 0xcf87, 0xcf88, 0xcf89, 0xcf8a, 0xcf8b, 0x0000, 0x0000, 0x0000, 0xcf8c, 0xcf8d,
    0xcf8e, 0xcf8f, 0xcf90, 0xcf91, 0xcf92, 0xcf93, 0xcf94, 0xcf95, 0xcf96, 0xcf97, 0xcf98, 0xcf99, 0xcf9a, 0xcf9b, 0xcf9c, 0x0000,
    0xcf9d, 0xcf9e, 0xcf9f, 0xcfa0, 0xcfa1, 0xcfa2, 0xcfa3, 0xcfa4, 0xcfa5, 0xcfa6, 0xcfa7, 0x0000, 0x0000, 0x0000, 0x0000, 0x0000,
    0x0000, 0x0000, 0x0000, 0x0000, 0x0000, 0x0000, 0x0000, 0x0000, 0x0000, 0x0000, 0x0000, 0x0000, 0xcfa8, 0xcfa9, 0xcfaa, 0xcfab,
    0xcfac, 0xcfad, 0xcfae, 0xcfaf, 0xcfb0, 0xcfb1, 0xcfb2, 0xcfb3, 0xcfb4, 0xcfb5, 0xcfb6, 0xcfb7, 0xcfb8, 0x0000, 0xcfb9, 0xcfba,
    0xcfbb, 0xcfbc, 0xcfbd, 0xcfbe, 0xcfbf, 0xcfc0, 0xcfc1, 0xcfc2, 0xcfc3, 0x0000, 0x0000, 0x0000, 0xcfc4, 0xcfc5, 0xcfc6, 0xcfc7,
    0xcfc8, 0xcfc9, 0xcfca, 0xcfcb, 0xcfcc, 0xcfcd, 0xcfce, 0xcfcf, 0xcfd0, 0xcfd1, 0xcfd2, 0xcfd3, 0xcfd4, 0x0000, 0xcfd5, 0xcfd6,
    0xcfd7, 0xcfd8, 0xcfd9, 0xcfda, 0xcfdb, 0xcfdc, 0xcfdd, 0xcfde, 0xcfdf, 0x0000, 0x0000, 0x0000, 0xcfe0, 0xcfe1, 0xcfe2, 0xcfe3,
    0xcfe4, 0xcfe5, 0xcfe6, 0xcfe7, 0xcfe8, 0xcfe9, 0xcfea, 0xcfeb, 0xcfec, 0xcfed, 0xcfee, 0xcfef, 0xcff0, 0x0000, 0xcff1, 0xcff2,
    0xcff3, 0xcff4, 0xcff5, 0xcff6, 0xcff7, 0xcff8, 0xcff9, 0xcffa, 0xcffb, 0x0000, 0x0000, 0x0000, 0xcffc, 0xcffd, 0xcffe, 0xcfff,
    0xd000, 0xd001, 0xd002, 0xd003, 0xd004, 0xd005, 0xd006, 0xd007, 0xd008, 0xd009, 0xd00a, 0xd00b, 0xd00c, 0x0000, 0xd00d, 0xd00e,
    0xd00f, 0xd010, 0xd011, 0xd012, 0xd013, 0xd014, 0xd015, 0xd016, 0xd017, 0x0000, 0x0000, 0x0000, 0xd018, 0xd019, 0xd01a, 0xd01b,
    0xd01c, 0xd01d, 0xd01e, 0xd01f, 0xd020, 0xd021, 0xd022, 0xd023, 0xd024, 0xd025, 0xd026, 0xd027, 0xd028, 0x0000, 0xd029, 0xd02a,
    0xd02b, 0xd02c, 0xd02d, 0xd02e, 0xd02f, 0xd030, 0xd031, 0xd032, 0xd033, 0x0000, 0x0000, 0x0000, 0xd034, 0xd035, 0xd036, 0xd037,
    0xd038, 0xd039, 0xd03a, 0xd03b, 0xd03c, 0xd03d, 0xd03e, 0xd03f, 0xd040, 0xd041, 0xd042, 0xd043, 0xd044, 0x0000, 0xd045, 0xd046,
    0xd047, 0xd048, 0xd049, 0xd04a, 0xd04b, 0xd04c, 0xd04d, 0xd04e, 0xd04f, 0x0000, 0x0000, 0x0000, 0x0000, 0x0000, 0x0000, 0x0000,
    0x0000, 0x0000, 0x0000, 0x0000, 0x0000, 0x0000, 0x0000, 0x0000, 0x0000, 0x0000, 0xd050, 0xd051, 0xd052, 0xd053, 0xd054, 0xd055,
    0xd056, 0xd057, 0xd058, 0xd059, 0xd05a, 0xd05b, 0xd05c, 0xd05d, 0xd05e, 0xd05f, 0xd060, 0x0000, 0xd061, 0xd062, 0xd063, 0xd064,
    0xd065, 0xd066, 0xd067, 0xd068, 0xd069, 0xd06a, 0xd06b, 0x0000, 0x0000, 0x0000, 0xd06c, 0xd06d, 0xd06e, 0xd06f, 0xd070, 0xd071,
    0xd072, 0xd073, 0xd074, 0xd075, 0xd076, 0xd077, 0xd078, 0xd079, 0xd07a, 0xd07b, 0xd07c, 0x0000, 0xd07d, 0xd07e, 0xd07f, 0xd080,
    0xd081, 0xd082, 0xd083, 0xd084, 0xd085, 0xd086, 0xd087, 0x0000, 0x0000, 0x0000, 0xd088, 0xd089, 0xd08a, 0xd08b, 0xd08c, 0xd08d,
    0xd08e, 0xd08f, 0xd090, 0xd091, 0xd092, 0xd093, 0xd094, 0xd095, 0xd096, 0xd097, 0xd098, 0x0000, 0xd099, 0xd09a, 0xd09b, 0xd09c,
    0xd09d, 0xd09e, 0xd09f, 0xd0a0, 0xd0a1, 0xd0a2, 0xd0a3, 0x0000, 0x0000, 0x0000, 0xd0a4, 0xd0a5, 0xd0a6, 0xd0a7, 0xd0a8, 0xd0a9,
    0xd0aa, 0xd0ab, 0xd0ac, 0xd0ad, 0xd0ae, 0xd0af, 0xd0b0, 0xd0b1, 0xd0b2, 0xd0b3, 0xd0b4, 0x0000, 0xd0b5, 0xd0b6, 0xd0b7, 0xd0b8,
    0xd0b9, 0xd0ba, 0xd0bb, 0xd0bc, 0xd0bd, 0xd0be, 0xd0bf, 0x0000, 0x0000, 0x0000, 0x0000, 0x0000, 0x0000, 0x0000, 0x0000, 0x0000,
    0x0000, 0x0000, 0x0000, 0x0000, 0x0000, 0x0000, 0x0000, 0x0000, 0x0000, 0x0000, 0x0000, 0x0000, 0x0000, 0x0000, 0x0000, 0x0000,
    0x0000, 0x0000, 0x0000, 0x0000, 0x0000, 0x0000, 0x0000, 0x0000, 0x0000, 0x0000, 0x0000, 0x0000, 0x0000, 0x0000, 0x0000, 0x0000,
    0x0000, 0x0000, 0x0000, 0x0000, 0x0000, 0x0000, 0x0000, 0x0000, 0x0000, 0x0000, 0x0000, 0x0000, 0x0000, 0x0000, 0x0000, 0x0000,
    0x0000, 0x0000, 0x0000, 0x0000, 0x0000, 0x0000, 0x0000, 0x0000, 0x0000, 0x0000, 0x0000, 0x0000, 0x0000, 0x0000, 0x0000, 0x0000,
    0x0000, 0x0000, 0x0000, 0x0000, 0x0000, 0x0000, 0x0000, 0x0000, 0x314c, 0x0000, 0x0000, 0x0000, 0x0000, 0x0000, 0x0000, 0x0000,
    0x0000, 0x0000, 0x0000, 0x0000, 0x0000, 0x0000, 0x0000, 0x0000, 0x0000, 0x0000, 0x0000, 0x0000, 0x0000, 0x0000, 0x0000, 0x0000,
    0x0000, 0x0000, 0x0000, 0x0000, 0x0000, 0x0000, 0x0000, 0x0000, 0xd0c0, 0xd0c1, 0xd0c2, 0xd0c3, 0xd0c4, 0xd0c5, 0xd0c6, 0xd0c7,
    0xd0c8, 0xd0c9, 0xd0ca, 0xd0cb, 0xd0cc, 0xd0cd, 0xd0ce, 0xd0cf, 0xd0d0, 0x0000, 0xd0d1, 0xd0d2, 0xd0d3, 0xd0d4, 0xd0d5, 0xd0d6,
    0xd0d7, 0xd0d8, 0xd0d9, 0xd0da, 0xd0db, 0x0000, 0x0000, 0x0000, 0xd0dc, 0xd0dd, 0xd0de, 0xd0df, 0xd0e0, 0xd0e1, 0xd0e2, 0xd0e3,
    0xd0e4, 0xd0e5, 0xd0e6, 0xd0e7, 0xd0e8, 0xd0e9, 0xd0ea, 0xd0eb, 0xd0ec, 0x0000, 0xd0ed, 0xd0ee, 0xd0ef, 0xd0f0, 0xd0f1, 0xd0f2,
    0xd0f3, 0xd0f4, 0xd0f5, 0xd0f6, 0xd0f7, 0x0000, 0x0000, 0x0000, 0xd0f8, 0xd0f9, 0xd0fa, 0xd0fb, 0xd0fc, 0xd0fd, 0xd0fe, 0xd0ff,
    0xd100, 0xd101, 0xd102, 0xd103, 0xd104, 0xd105, 0xd106, 0xd107, 0xd108, 0x0000, 0xd109, 0xd10a, 0xd10b, 0xd10c, 0xd10d, 0xd10e,
    0xd10f, 0xd110, 0xd111, 0xd112, 0xd113, 0x0000, 0x0000, 0x0000, 0xd114, 0xd115, 0xd116, 0xd117, 0xd118, 0xd119, 0xd11a, 0xd11b,
    0xd11c, 0xd11d, 0xd11e, 0xd11f, 0xd120, 0xd121, 0xd122, 0xd123, 0xd124, 0x0000, 0xd125, 0xd126, 0xd127, 0xd128, 0xd129, 0xd12a,
    0xd12b, 0xd12c, 0xd12d, 0xd12e, 0xd12f, 0x0000, 0x0000, 0x0000, 0xd130, 0xd131, 0xd132, 0xd133, 0xd134, 0xd135, 0xd136, 0xd137,
    0xd138, 0xd139, 0xd13a, 0xd13b, 0xd13c, 0xd13d, 0xd13e, 0xd13f, 0xd140, 0x0000, 0xd141, 0xd142, 0xd143, 0xd144, 0xd145, 0xd146,
    0xd147, 0xd148, 0xd149, 0xd14a, 0xd14b, 0x0000, 0x0000, 0x0000, 0x0000, 0x0000, 0x0000, 0x0000, 0x0000, 0x0000, 0x0000, 0x0000,
    0x0000, 0x0000, 0x0000, 0x0000, 0x0000, 0x0000, 0xd14c, 0xd14d, 0xd14e, 0xd14f, 0xd150, 0xd151, 0xd152, 0xd153, 0xd154, 0xd155,
    0xd156, 0xd157, 0xd158, 0xd159, 0xd15a, 0xd15b, 0xd15c, 0x0000, 0xd15d, 0xd15e, 0xd15f, 0xd160, 0xd161, 0xd162, 0xd163, 0xd164,
    0xd165, 0xd166, 0xd167, 0x0000, 0x0000, 0x0000, 0xd168, 0xd169, 0xd16a, 0xd16b, 0xd16c, 0xd16d, 0xd16e, 0xd16f, 0xd170, 0xd171,
    0xd172, 0xd173, 0xd174, 0xd175, 0xd176, 0xd177, 0xd178, 0x0000, 0xd179, 0xd17a, 0xd17b, 0xd17c, 0xd17d, 0xd17e, 0xd17f, 0xd180,
    0xd181, 0xd182, 0xd183, 0x0000, 0x0000, 0x0000, 0xd184, 0xd185, 0xd186, 0xd187, 0xd188, 0xd189, 0xd18a, 0xd18b, 0xd18c, 0xd18d,
    0xd18e, 0xd18f, 0xd190, 0xd191, 0xd192, 0xd193, 0xd194, 0x0000, 0xd195, 0xd196, 0xd197, 0xd198, 0xd199, 0xd19a, 0xd19b, 0xd19c,
    0xd19d, 0xd19e, 0xd19f, 0x0000, 0x0000, 0x0000, 0xd1a0, 0xd1a1, 0xd1a2, 0xd1a3, 0xd1a4, 0xd1a5, 0xd1a6, 0xd1a7, 0xd1a8, 0xd1a9,
    0xd1aa, 0xd1ab, 0xd1ac, 0xd1ad, 0xd1ae, 0xd1af, 0xd1b0, 0x0000, 0xd1b1, 0xd1b2, 0xd1b3, 0xd1b4, 0xd1b5, 0xd1b6, 0xd1b7, 0xd1b8,
    0xd1b9, 0xd1ba, 0xd1bb, 0x0000, 0x0000, 0x0000, 0xd1bc, 0xd1bd, 0xd1be, 0xd1bf, 0xd1c0, 0xd1c1, 0xd1c2, 0xd1c3, 0xd1c4, 0xd1c5,
    0xd1c6, 0xd1c7, 0xd1c8, 0xd1c9, 0xd1ca, 0xd1cb, 0xd1cc, 0x0000, 0xd1cd, 0xd1ce, 0xd1cf, 0xd1d0, 0xd1d1, 0xd1d2, 0xd1d3, 0xd1d4,
    0xd1d5, 0xd1d6, 0xd1d7, 0x0000, 0x0000, 0x0000, 0xd1d8, 0xd1d9, 0xd1da, 0xd1db, 0xd1dc, 0xd1dd, 0xd1de, 0xd1df, 0xd1e0, 0xd1e1,
    0xd1e2, 0xd1e3, 0xd1e4, 0xd1e5, 0xd1e6, 0xd1e7, 0xd1e8, 0x0000, 0xd1e9, 0xd1ea, 0xd1eb, 0xd1ec, 0xd1ed, 0xd1ee, 0xd1ef, 0xd1f0,
    0xd1f1, 0xd1f2, 0xd1f3, 0x0000, 0x0000, 0x0000, 0x0000, 0x0000, 0x0000, 0x0000, 0x0000, 0x0000, 0x0000, 0x0000, 0x0000, 0x0000,
    0x0000, 0x0000, 0x0000, 0x0000, 0xd1f4, 0xd1f5, 0xd1f6, 0xd1f7, 0xd1f8, 0xd1f9, 0xd1fa, 0xd1fb, 0xd1fc, 0xd1fd, 0xd1fe, 0xd1ff,
    0xd200, 0xd201, 0xd202, 0xd203, 0xd204, 0x0000, 0xd205, 0xd206, 0xd207, 0xd208, 0xd209, 0xd20a, 0xd20b, 0xd20c, 0xd20d, 0xd20e,
    0xd20f, 0x0000, 0x0000, 0x0000, 0xd210, 0xd211, 0xd212, 0xd213, 0xd214, 0xd215, 0xd216, 0xd217, 0xd218, 0xd219, 0xd21a, 0xd21b,
    0xd21c, 0xd21d, 0xd21e, 0xd21f, 0xd220, 0x0000, 0xd221, 0xd222, 0xd223, 0xd224, 0xd225, 0xd226, 0xd227, 0xd228, 0xd229, 0xd22a,
    0xd22b, 0x0000, 0x0000, 0x0000, 0xd22c, 0xd22d, 0xd22e, 0xd22f, 0xd230, 0xd231, 0xd232, 0xd233, 0xd234, 0xd235, 0xd236, 0xd237,
    0xd238, 0xd239, 0xd23a, 0xd23b, 0xd23c, 0x0000, 0xd23d, 0xd23e, 0xd23f, 0xd240, 0xd241, 0xd242, 0xd243, 0xd244, 0xd245, 0xd246,
    0xd247, 0x0000, 0x0000, 0x0000, 0xd248, 0xd249, 0xd24a, 0xd24b, 0xd24c, 0xd24d, 0xd24e, 0xd24f, 0xd250, 0xd251, 0xd252, 0xd253,
    0xd254, 0xd255, 0xd256, 0xd257, 0xd258, 0x0000, 0xd259, 0xd25a, 0xd25b, 0xd25c, 0xd25d, 0xd25e, 0xd25f, 0xd260, 0xd261, 0xd262,
    0xd263, 0x0000, 0x0000, 0x0000, 0xd264, 0xd265, 0xd266, 0xd267, 0xd268, 0xd269, 0xd26a, 0xd26b, 0xd26c, 0xd26d, 0xd26e, 0xd26f,
    0xd270, 0xd271, 0xd272, 0xd273, 0xd274, 0x0000, 0xd275, 0xd276, 0xd277, 0xd278, 0xd279, 0xd27a, 0xd27b, 0xd27c, 0xd27d, 0xd27e,
    0xd27f, 0x0000, 0x0000, 0x0000, 0xd280, 0xd281, 0xd282, 0xd283, 0xd284, 0xd285, 0xd286, 0xd287, 0xd288, 0xd289, 0xd28a, 0xd28b,
    0xd28c, 0xd28d, 0xd28e, 0xd28f, 0xd290, 0x0000, 0xd291, 0xd292, 0xd293, 0xd294, 0xd295, 0xd296, 0xd297, 0xd298, 0xd299, 0xd29a,
    0xd29b, 0x0000, 0x0000, 0x0000, 0x0000, 0x0000, 0x0000, 0x0000, 0x0000, 0x0000, 0x0000, 0x0000, 0x0000, 0x0000, 0x0000, 0x0000,
    0x0000, 0x0000, 0xd29c, 0xd29d, 0xd29e, 0xd29f, 0xd2a0, 0xd2a1, 0xd2a2, 0xd2a3, 0xd2a4, 0xd2a5, 0xd2a6, 0xd2a7, 0xd2a8, 0xd2a9,
    0xd2aa, 0xd2ab, 0xd2ac, 0x0000, 0xd2ad, 0xd2ae, 0xd2af, 0xd2b0, 0xd2b1, 0xd2b2, 0xd2b3, 0xd2b4, 0xd2b5, 0xd2b6, 0xd2b7, 0x0000,
    0x0000, 0x0000, 0xd2b8, 0xd2b9, 0xd2ba, 0xd2bb, 0xd2bc, 0xd2bd, 0xd2be, 0xd2bf, 0xd2c0, 0xd2c1, 0xd2c2, 0xd2c3, 0xd2c4, 0xd2c5,
    0xd2c6, 0xd2c7, 0xd2c8, 0x0000, 0xd2c9, 0xd2ca, 0xd2cb, 0xd2cc, 0xd2cd, 0xd2ce, 0xd2cf, 0xd2d0, 0xd2d1, 0xd2d2, 0xd2d3, 0x0000,
    0x0000, 0x0000, 0xd2d4, 0xd2d5, 0xd2d6, 0xd2d7, 0xd2d8, 0xd2d9, 0xd2da, 0xd2db, 0xd2dc, 0xd2dd, 0xd2de, 0xd2df, 0xd2e0, 0xd2e1,
    0xd2e2, 0xd2e3, 0xd2e4, 0x0000, 0xd2e5, 0xd2e6, 0xd2e7, 0xd2e8, 0xd2e9, 0xd2ea, 0xd2eb, 0xd2ec, 0xd2ed, 0xd2ee, 0xd2ef, 0x0000,
    0x0000, 0x0000, 0xd2f0, 0xd2f1, 0xd2f2, 0xd2f3, 0xd2f4, 0xd2f5, 0xd2f6, 0xd2f7, 0xd2f8, 0xd2f9, 0xd2fa, 0xd2fb, 0xd2fc, 0xd2fd,
    0xd2fe, 0xd2ff, 0xd300, 0x0000, 0xd301, 0xd302, 0xd303, 0xd304, 0xd305, 0xd306, 0xd307, 0xd308, 0xd309, 0xd30a, 0xd30b, 0x0000,
    0x0000, 0x0000, 0x0000, 0x0000, 0x0000, 0x0000, 0x0000, 0x0000, 0x0000, 0x0000, 0x0000, 0x0000, 0x0000, 0x0000, 0x0000, 0x0000,
    0x0000, 0x0000, 0x0000, 0x0000, 0x0000, 0x0000, 0x0000, 0x0000, 0x0000, 0x0000, 0x0000, 0x0000, 0x0000, 0x0000, 0x0000, 0x0000,
    0x0000, 0x0000, 0x0000, 0x0000, 0x0000, 0x0000, 0x0000, 0x0000, 0x0000, 0x0000, 0x0000, 0x0000, 0x0000, 0x0000, 0x0000, 0x0000,
    0x0000, 0x0000, 0x0000, 0x0000, 0x0000, 0x0000, 0x0000, 0x0000, 0x0000, 0x0000, 0x0000, 0x0000, 0x0000, 0x0000, 0x0000, 0x0000,
    0x0000, 0x0000, 0x0000, 0x0000, 0x0000, 0x0000, 0x0000, 0x0000, 0x0000, 0x0000, 0x0000, 0x0000, 0x0000, 0x0000, 0x0000, 0x0000,
    0x314d, 0x0000, 0x0000, 0x0000, 0x0000, 0x0000, 0x0000, 0x0000, 0x0000, 0x0000, 0x0000, 0x0000, 0x0000, 0x0000, 0x0000, 0x0000,
    0x0000, 0x0000, 0x0000, 0x0000, 0x0000, 0x0000, 0x0000, 0x0000, 0x0000, 0x0000, 0x0000, 0x0000, 0x0000, 0x0000, 0x0000, 0x0000,
    0xd30c, 0xd30d, 0xd30e, 0xd30f, 0xd310, 0xd311, 0xd312, 0xd313, 0xd314, 0xd315, 0xd316, 0xd317, 0xd318, 0xd319, 0xd31a, 0xd31b,
    0xd31c, 0x0000, 0xd31d, 0xd31e, 0xd31f, 0xd320, 0xd321, 0xd322, 0xd323, 0xd324, 0xd325, 0xd326, 0xd327, 0x0000, 0x0000, 0x0000,
    0xd328, 0xd329, 0xd32a, 0xd32b, 0xd32c, 0xd32d, 0xd32e, 0xd32f, 0xd330, 0xd331, 0xd332, 0xd333, 0xd334, 0xd335, 0xd336, 0xd337,
    0xd338, 0x0000, 0xd339, 0xd33a, 0xd33b, 0xd33c, 0xd33d, 0xd33e, 0xd33f, 0xd340, 0xd341, 0xd342, 0xd343, 0x0000, 0x0000, 0x0000,
    0xd344, 0xd345, 0xd346, 0xd347, 0xd348, 0xd349, 0xd34a, 0xd34b, 0xd34c, 0xd34d, 0xd34e, 0xd34f, 0xd350, 0xd351, 0xd352, 0xd353,
    0xd354, 0x0000, 0xd355, 0xd356, 0xd357, 0xd358, 0xd359, 0xd35a, 0xd35b, 0xd35c, 0xd35d, 0xd35e, 0xd35f, 0x0000, 0x0000, 0x0000,
    0xd360, 0xd361, 0xd362, 0xd363, 0xd364, 0xd365, 0xd366, 0xd367, 0xd368, 0xd369, 0xd36a, 0xd36b, 0xd36c, 0xd36d, 0xd36e, 0xd36f,
    0xd370, 0x0000, 0xd371, 0xd372, 0xd373, 0xd374, 0xd375, 0xd376, 0xd377, 0xd378, 0xd379, 0xd37a, 0xd37b, 0x0000, 0x0000, 0x0000,
    0xd37c, 0xd37d, 0xd37e, 0xd37f, 0xd380, 0xd381, 0xd382, 0xd383, 0xd384, 0xd385, 0xd386, 0xd387, 0xd388, 0xd389, 0xd38a, 0xd38b,
    0xd38c, 0x0000, 0xd38d, 0xd38e, 0xd38f, 0xd390, 0xd391, 0xd392, 0xd393, 0xd394, 0xd395, 0xd396, 0xd397, 0x0000, 0x0000, 0x0000,
    0x0000, 0x0000, 0x0000, 0x0000, 0x0000, 0x0000, 0x0000, 0x0000, 0x0000, 0x0000, 0x0000, 0x0000, 0x0000, 0x0000, 0xd398, 0xd399,
    0xd39a, 0xd39b, 0xd39c, 0xd39d, 0xd39e, 0xd39f, 0xd3a0, 0xd3a1, 0xd3a2, 0xd3a3, 0xd3a4, 0xd3a5, 0xd3a6, 0xd3a7, 0xd3a8, 0x0000,
    0xd3a9, 0xd3aa, 0xd3ab, 0xd3ac, 0xd3ad, 0xd3ae, 0xd3af, 0xd3b0, 0xd3b1, 0xd3b2, 0xd3b3, 0x0000, 0x0000, 0x0000, 0xd3b4, 0xd3b5,
    0xd3b6, 0xd3b7, 0xd3b8, 0xd3b9, 0xd3ba, 0xd3bb, 0xd3bc, 0xd3bd, 0xd3be, 0xd3bf, 0xd3c0, 0xd3c1, 0xd3c2, 0xd3c3, 0xd3c4, 0x0000,
    0xd3c5, 0xd3c6, 0xd3c7, 0xd3c8, 0xd3c9, 0xd3ca, 0xd3cb, 0xd3cc, 0xd3cd, 0xd3ce, 0xd3cf, 0x0000, 0x0000, 0x0000, 0xd3d0, 0xd3d1,
    0xd3d2, 0xd3d3, 0xd3d4, 0xd3d5, 0xd3d6, 0xd3d7, 0xd3d8, 0xd3d9, 0xd3da, 0xd3db, 0xd3dc, 0xd3dd, 0xd3de, 0xd3df, 0xd3e0, 0x0000,
    0xd3e1, 0xd3e2, 0xd3e3, 0xd3e4, 0xd3e5, 0xd3e6, 0xd3e7, 0xd3e8, 0xd3e9, 0xd3ea, 0xd3eb, 0x0000, 0x0000, 0x0000, 0xd3ec, 0xd3ed,
    0xd3ee, 0xd3ef, 0xd3f0, 0xd3f1, 0xd3f2, 0xd3f3, 0xd3f4, 0xd3f5, 0xd3f6, 0xd3f7, 0xd3f8, 0xd3f9, 0xd3fa, 0xd3fb, 0xd3fc, 0x0000,
    0xd3fd, 0xd3fe, 0xd3ff, 0xd400, 0xd401, 0xd402, 0xd403, 0xd404, 0xd405, 0xd406, 0xd407, 0x0000, 0x0000, 0x0000, 0xd408, 0xd409,
    0xd40a, 0xd40b, 0xd40c, 0xd40d, 0xd40e, 0xd40f, 0xd410, 0xd411, 0xd412, 0xd413, 0xd414, 0xd415, 0xd416, 0xd417, 0xd418, 0x0000,
    0xd419, 0xd41a, 0xd41b, 0xd41c, 0xd41d, 0xd41e, 0xd41f, 0xd420, 0xd421, 0xd422, 0xd423, 0x0000, 0x0000, 0x0000, 0xd424, 0xd425,
    0xd426, 0xd427, 0xd428, 0xd429, 0xd42a, 0xd42b, 0xd42c, 0xd42d, 0xd42e, 0xd42f, 0xd430, 0xd431, 0xd432, 0xd433, 0xd434, 0x0000,
    0xd435, 0xd436, 0xd437, 0xd438, 0xd439, 0xd43a, 0xd43b, 0xd43c, 0xd43d, 0xd43e, 0xd43f, 0x0000, 0x0000, 0x0000, 0x0000, 0x0000,
    0x0000, 0x0000, 0x0000, 0x0000, 0x0000, 0x0000, 0x0000, 0x0000, 0x0000, 0x0000, 0x0000, 0x0000, 0xd440, 0xd441, 0xd442, 0xd443,
    0xd444, 0xd445, 0xd446, 0xd447, 0xd448, 0xd449, 0xd44a, 0xd44b, 0xd44c, 0xd44d, 0xd44e, 0xd44f, 0xd450, 0x0000, 0xd451, 0xd452,
    0xd453, 0xd454, 0xd455, 0xd456, 0xd457, 0xd458, 0xd459, 0xd45a, 0xd45b, 0x0000, 0x0000, 0x0000, 0xd45c, 0xd45d, 0xd45e, 0xd45f,
    0xd460, 0xd461, 0xd462, 0xd463, 0xd464, 0xd465, 0xd466, 0xd467, 0xd468, 0xd469, 0xd46a, 0xd46b, 0xd46c, 0x0000, 0xd46d, 0xd46e,
    0xd46f, 0xd470, 0xd471, 0xd472, 0xd473, 0xd474, 0xd475, 0xd476, 0xd477, 0x0000, 0x0000, 0x0000, 0xd478, 0xd479, 0xd47a, 0xd47b,
    0xd47c, 0xd47d, 0xd47e, 0xd47f, 0xd480, 0xd481, 0xd482, 0xd483, 0xd484, 0xd485, 0xd486, 0xd487, 0xd488, 0x0000, 0xd489, 0xd48a,
    0xd48b, 0xd48c, 0xd48d, 0xd48e, 0xd48f, 0xd490, 0xd491, 0xd492, 0xd493, 0x0000, 0x0000, 0x0000, 0xd494, 0xd495, 0xd496, 0xd497,
    0xd498, 0xd499, 0xd49a, 0xd49b, 0xd49c, 0xd49d, 0xd49e, 0xd49f, 0xd4a0, 0xd4a1, 0xd4a2, 0xd4a3, 0xd4a4, 0x0000, 0xd4a5, 0xd4a6,
    0xd4a7, 0xd4a8, 0xd4a9, 0xd4aa, 0xd4ab, 0xd4ac, 0xd4ad, 0xd4ae, 0xd4af, 0x0000, 0x0000, 0x0000, 0xd4b0, 0xd4b1, 0xd4b2, 0xd4b3,
    0xd4b4, 0xd4b5, 0xd4b6, 0xd4b7, 0xd4b8, 0xd4b9, 0xd4ba, 0xd4bb, 0xd4bc, 0xd4bd, 0xd4be, 0xd4bf, 0xd4c0, 0x0000, 0xd4c1, 0xd4c2,
    0xd4c3, 0xd4c4, 0xd4c5, 0xd4c6, 0xd4c7, 0xd4c8, 0xd4c9, 0xd4ca, 0xd4cb, 0x0000, 0x0000, 0x0000, 0xd4cc, 0xd4cd, 0xd4ce, 0xd4cf,
    0xd4d0, 0xd4d1, 0xd4d2, 0xd4d3, 0xd4d4, 0xd4d5, 0xd4d6, 0xd4d7, 0xd4d8, 0xd4d9, 0xd4da, 0xd4db, 0xd4dc, 0x0000, 0xd4dd, 0xd4de,
    0xd4df, 0xd4e0, 0xd4e1, 0xd4e2, 0xd4e3, 0xd4e4, 0xd4e5, 0xd4e6, 0xd4e7, 0x0000, 0x0000, 0x0000, 0x0000, 0x0000, 0x0000, 0x0000,
    0x0000, 0x0000, 0x0000, 0x0000, 0x0000, 0x0000, 0x0000, 0x0000, 0x0000, 0x0000, 0xd4e8, 0xd4e9, 0xd4ea, 0xd4eb, 0xd4ec, 0xd4ed,
    0xd4ee, 0xd4ef, 0xd4f0, 0xd4f1, 0xd4f2, 0xd4f3, 0xd4f4, 0xd4f5, 0xd4f6, 0xd4f7, 0xd4f8, 0x0000, 0xd4f9, 0xd4fa, 0xd4fb, 0xd4fc,
    0xd4fd, 0xd4fe, 0xd4ff, 0xd500, 0xd501, 0xd502, 0xd503, 0x0000, 0x0000, 0x0000, 0xd504, 0xd505, 0xd506, 0xd507, 0xd508, 0xd509,
    0xd50a, 0xd50b, 0xd50c, 0xd50d, 0xd50e, 0xd50f, 0xd510, 0xd511, 0xd512, 0xd513, 0xd514, 0x0000, 0xd515, 0xd516, 0xd517, 0xd518,
    0xd519, 0xd51a, 0xd51b, 0xd51c, 0xd51d, 0xd51e, 0xd51f, 0x0000, 0x0000, 0x0000, 0xd520, 0xd521, 0xd522, 0xd523, 0xd524, 0xd525,
    0xd526, 0xd527, 0xd528, 0xd529, 0xd52a, 0xd52b, 0xd52c, 0xd52d, 0xd52e, 0xd52f, 0xd530, 0x0000, 0xd531, 0xd532, 0xd533, 0xd534,
    0xd535, 0xd536, 0xd537, 0xd538, 0xd539, 0xd53a, 0xd53b, 0x0000, 0x0000, 0x0000, 0xd53c, 0xd53d, 0xd53e, 0xd53f, 0xd540, 0xd541,
    0xd542, 0xd543, 0xd544, 0xd545, 0xd546, 0xd547, 0xd548, 0xd549, 0xd54a, 0xd54b, 0xd54c, 0x0000, 0xd54d, 0xd54e, 0xd54f, 0xd550,
    0xd551, 0xd552, 0xd553, 0xd554, 0xd555, 0xd556, 0xd557, 0x0000, 0x0000, 0x0000, 0x0000, 0x0000, 0x0000, 0x0000, 0x0000, 0x0000,
    0x0000, 0x0000, 0x0000, 0x0000, 0x0000, 0x0000, 0x0000, 0x0000, 0x0000, 0x0000, 0x0000, 0x0000, 0x0000, 0x0000, 0x0000, 0x0000,
    0x0000, 0x0000, 0x0000, 0x0000, 0x0000, 0x0000, 0x0000, 0x0000, 0x0000, 0x0000, 0x0000, 0x0000, 0x0000, 0x0000, 0x0000, 0x0000,
    0x0000, 0x0000, 0x0000, 0x0000, 0x0000, 0x0000, 0x0000, 0x0000, 0x0000, 0x0000, 0x0000, 0x0000, 0x0000, 0x0000, 0x0000, 0x0000,
    0x0000, 0x0000, 0x0000, 0x0000, 0x0000, 0x0000, 0x0000, 0x0000, 0x0000, 0x0000, 0x0000, 0x0000, 0x0000, 0x0000, 0x0000, 0x0000,
    0x0000, 0x0000, 0x0000, 0x0000, 0x0000, 0x0000, 0x0000, 0x0000, 0x314e, 0x0000, 0x0000, 0x0000, 0x0000, 0x0000, 0x0000, 0x0000,
    0x0000, 0x0000, 0x0000, 0x0000, 0x0000, 0x0000, 0x0000, 0x0000, 0x0000, 0x0000, 0x0000, 0x0000, 0x0000, 0x0000, 0x0000, 0x0000,
    0x0000, 0x0000, 0x0000, 0x0000, 0x0000, 0x0000, 0x0000, 0x0000, 0xd558, 0xd559, 0xd55a, 0xd55b, 0xd55c, 0xd55d, 0xd55e, 0xd55f,
    0xd560, 0xd561, 0xd562, 0xd563, 0xd564, 0xd565, 0xd566, 0xd567, 0xd568, 0x0000, 0xd569, 0xd56a, 0xd56b, 0xd56c, 0xd56d, 0xd56e,
    0xd56f, 0xd570, 0xd571, 0xd572, 0xd573, 0x0000, 0x0000, 0x0000, 0xd574, 0xd575, 0xd576, 0xd577, 0xd578, 0xd579, 0xd57a, 0xd57b,
    0xd57c, 0xd57d, 0xd57e, 0xd57f, 0xd580, 0xd581, 0xd582, 0xd583, 0xd584, 0x0000, 0xd585, 0xd586, 0xd587, 0xd588, 0xd589, 0xd58a,
    0xd58b, 0xd58c, 0xd58d, 0xd58e, 0xd58f, 0x0000, 0x0000, 0x0000, 0xd590, 0xd591, 0xd592, 0xd593, 0xd594, 0xd595, 0xd596, 0xd597,
    0xd598, 0xd599, 0xd59a, 0xd59b, 0xd59c, 0xd59d, 0xd59e, 0xd59f, 0xd5a0, 0x0000, 0xd5a1, 0xd5a2, 0xd5a3, 0xd5a4, 0xd5a5, 0xd5a6,
    0xd5a7, 0xd5a8, 0xd5a9, 0xd5aa, 0xd5ab, 0x0000, 0x0000, 0x0000, 0xd5ac, 0xd5ad, 0xd5ae, 0xd5af, 0xd5b0, 0xd5b1, 0xd5b2, 0xd5b3,
    0xd5b4, 0xd5b5, 0xd5b6, 0xd5b7, 0xd5b8, 0xd5b9, 0xd5ba, 0xd5bb, 0xd5bc, 0x0000, 0xd5bd, 0xd5be, 0xd5bf, 0xd5c0, 0xd5c1, 0xd5c2,
    0xd5c3, 0xd5c4, 0xd5c5, 0xd5c6, 0xd5c7, 0x0000, 0x0000, 0x0000, 0xd5c8, 0xd5c9, 0xd5ca, 0xd5cb, 0xd5cc, 0xd5cd, 0xd5ce, 0xd5cf,
    0xd5d0, 0xd5d1, 0xd5d2, 0xd5d3, 0xd5d4, 0xd5d5, 0xd5d6, 0xd5d7, 0xd5d8, 0x0000, 0xd5d9, 0xd5da, 0xd5db, 0xd5dc, 0xd5dd, 0xd5de,
    0xd5df, 0xd5e0, 0xd5e1, 0xd5e2, 0xd5e3, 0x0000, 0x0000, 0x0000, 0x0000, 0x0000, 0x0000, 0x0000, 0x0000, 0x0000, 0x0000, 0x0000,
    0x0000, 0x0000, 0x0000, 0x0000, 0x0000, 0x0000, 0xd5e4, 0xd5e5, 0xd5e6, 0xd5e7, 0xd5e8, 0xd5e9, 0xd5ea, 0xd5eb, 0xd5ec, 0xd5ed,
    0xd5ee, 0xd5ef, 0xd5f0, 0xd5f1, 0xd5f2, 0xd5f3, 0xd5f4, 0x0000, 0xd5f5, 0xd5f6, 0xd5f7, 0xd5f8, 0xd5f9, 0xd5fa, 0xd5fb, 0xd5fc,
    0xd5fd, 0xd5fe, 0xd5ff, 0x0000, 0x0000, 0x0000, 0xd600, 0xd601, 0xd602, 0xd603, 0xd604, 0xd605, 0xd606, 0xd607, 0xd608, 0xd609,
    0xd60a, 0xd60b, 0xd60c, 0xd60d, 0xd60e, 0xd60f, 0xd610, 0x0000, 0xd611, 0xd612, 0xd613, 0xd614, 0xd615, 0xd616, 0xd617, 0xd618,
    0xd619, 0xd61a, 0xd61b, 0x0000, 0x0000, 0x0000, 0xd61c, 0xd61d, 0xd61e, 0xd61f, 0xd620, 0xd621, 0xd622, 0xd623, 0xd624, 0xd625,
    0xd626, 0xd627, 0xd628, 0xd629, 0xd62a, 0xd62b, 0xd62c, 0x0000, 0xd62d, 0xd62e, 0xd62f, 0xd630, 0xd631, 0xd632, 0xd633, 0xd634,
    0xd635, 0xd636, 0xd637, 0x0000, 0x0000, 0x0000, 0xd638, 0xd639, 0xd63a, 0xd63b, 0xd63c, 0xd63d, 0xd63e, 0xd63f, 0xd640, 0xd641,
    0xd642, 0xd643, 0xd644, 0xd645, 0xd646, 0xd647, 0xd648, 0x0000, 0xd649, 0xd64a, 0xd64b, 0xd64c, 0xd64d, 0xd64e, 0xd64f, 0xd650,
    0xd651, 0xd652, 0xd653, 0x0000, 0x0000, 0x0000, 0xd654, 0xd655, 0xd656, 0xd657, 0xd658, 0xd659, 0xd65a, 0xd65b, 0xd65c, 0xd65d,
    0xd65e, 0xd65f, 0xd660, 0xd661, 0xd662, 0xd663, 0xd664, 0x0000, 0xd665, 0xd666, 0xd667, 0xd668, 0xd669, 0xd66a, 0xd66b, 0xd66c,
    0xd66d, 0xd66e, 0xd66f, 0x0000, 0x0000, 0x0000, 0xd670, 0xd671, 0xd672, 0xd673, 0xd674, 0xd675, 0xd676, 0xd677, 0xd678, 0xd679,
    0xd67a, 0xd67b, 0xd67c, 0xd67d, 0xd67e, 0xd67f, 0xd680, 0x0000, 0xd681, 0xd682, 0xd683, 0xd684, 0xd685, 0xd686, 0xd687, 0xd688,
    0xd689, 0xd68a, 0xd68b, 0x0000, 0x0000, 0x0000, 0x0000, 0x0000, 0x0000, 0x0000, 0x0000, 0x0000, 0x0000, 0x0000, 0x0000, 0x0000,
    0x0000, 0x0000, 0x0000, 0x0000, 0xd68c, 0xd68d, 0xd68e, 0xd68f, 0xd690, 0xd691, 0xd692, 0xd693, 0xd694, 0xd695, 0xd696, 0xd697,
    0xd698, 0xd699, 0xd69a, 0xd69b, 0xd69c, 0x0000, 0xd69d, 0xd69e, 0xd69f, 0xd6a0, 0xd6a1, 0xd6a2, 0xd6a3, 0xd6a4, 0xd6a5, 0xd6a6,
    0xd6a7, 0x0000, 0x0000, 0x0000, 0xd6a8, 0xd6a9, 0xd6aa, 0xd6ab, 0xd6ac, 0xd6ad, 0xd6ae, 0xd6af, 0xd6b0, 0xd6b1, 0xd6b2, 0xd6b3,
    0xd6b4, 0xd6b5, 0xd6b6, 0xd6b7, 0xd6b8, 0x0000, 0xd6b9, 0xd6ba, 0xd6bb, 0xd6bc, 0xd6bd, 0xd6be, 0xd6bf, 0xd6c0, 0xd6c1, 0xd6c2,
    0xd6c3, 0x0000, 0x0000, 0x0000, 0xd6c4, 0xd6c5, 0xd6c6, 0xd6c7, 0xd6c8, 0xd6c9, 0xd6ca, 0xd6cb, 0xd6cc, 0xd6cd, 0xd6ce, 0xd6cf,
    0xd6d0, 0xd6d1, 0xd6d2, 0xd6d3, 0xd6d4, 0x0000, 0xd6d5, 0xd6d6, 0xd6d7, 0xd6d8, 0xd6d9, 0xd6da, 0xd6db, 0xd6dc, 0xd6dd, 0xd6de,
    0xd6df, 0x0000, 0x0000, 0x0000, 0xd6e0, 0xd6e1, 0xd6e2, 0xd6e3, 0xd6e4, 0xd6e5, 0xd6e6, 0xd6e7, 0xd6e8, 0xd6e9, 0xd6ea, 0xd6eb,
    0xd6ec, 0xd6ed, 0xd6ee, 0xd6ef, 0xd6f0, 0x0000, 0xd6f1, 0xd6f2, 0xd6f3, 0xd6f4, 0xd6f5, 0xd6f6, 0xd6f7, 0xd6f8, 0xd6f9, 0xd6fa,
    0xd6fb, 0x0000, 0x0000, 0x0000, 0xd6fc, 0xd6fd, 0xd6fe, 0xd6ff, 0xd700, 0xd701, 0xd702, 0xd703, 0xd704, 0xd705, 0xd706, 0xd707,
    0xd708, 0xd709, 0xd70a, 0xd70b, 0xd70c, 0x0000, 0xd70d, 0xd70e, 0xd70f, 0xd710, 0xd711, 0xd712, 0xd713, 0xd714, 0xd715, 0xd716,
    0xd717, 0x0000, 0x0000, 0x0000, 0xd718, 0xd719, 0xd71a, 0xd71b, 0xd71c, 0xd71d, 0xd71e, 0xd71f, 0xd720, 0xd721, 0xd722, 0xd723,
    0xd724, 0xd725, 0xd726, 0xd727, 0xd728, 0x0000, 0xd729, 0xd72a, 0xd72b, 0xd72c, 0xd72d, 0xd72e, 0xd72f, 0xd730, 0xd731, 0xd732,
    0xd733, 0x0000, 0x0000, 0x0000, 0x0000, 0x0000, 0x0000, 0x0000, 0x0000, 0x0000, 0x0000, 0x0000, 0x0000, 0x0000, 0x0000, 0x0000,
    0x0000, 0x0000, 0xd734, 0xd735, 0xd736, 0xd737, 0xd738, 0xd739, 0xd73a, 0xd73b, 0xd73c, 0xd73d, 0xd73e, 0xd73f, 0xd740, 0xd741,
    0xd742, 0xd743, 0xd744, 0x0000, 0xd745, 0xd746, 0xd747, 0xd748, 0xd749, 0xd74a, 0xd74b, 0xd74c, 0xd74d, 0xd74e, 0xd74f, 0x0000,
    0x0000, 0x0000, 0xd750, 0xd751, 0xd752, 0xd753, 0xd754, 0xd755, 0xd756, 0xd757, 0xd758, 0xd759, 0xd75a, 0xd75b, 0xd75c, 0xd75d,
    0xd75e, 0xd75f, 0xd760, 0x0000, 0xd761, 0xd762, 0xd763, 0xd764, 0xd765, 0xd766, 0xd767, 0xd768, 0xd769, 0xd76a, 0xd76b, 0x0000,
    0x0000, 0x0000, 0xd76c, 0xd76d, 0xd76e, 0xd76f, 0xd770, 0xd771, 0xd772, 0xd773, 0xd774, 0xd775, 0xd776, 0xd777, 0xd778, 0xd779,
    0xd77a, 0xd77b, 0xd77c, 0x0000, 0xd77d, 0xd77e, 0xd77f, 0xd780, 0xd781, 0xd782, 0xd783, 0xd784, 0xd785, 0xd786, 0xd787, 0x0000,
    0x0000, 0x0000, 0xd788, 0xd789, 0xd78a, 0xd78b, 0xd78c, 0xd78d, 0xd78e, 0xd78f, 0xd790, 0xd791, 0xd792, 0xd793, 0xd794, 0xd795,
    0xd796, 0xd797, 0xd798, 0x0000, 0xd799, 0xd79a, 0xd79b, 0xd79c, 0xd79d, 0xd79e, 0xd79f, 0xd7a0, 0xd7a1, 0xd7a2, 0xd7a3, 0x0000,
    0x0000, 0x0000, 0x0000, 0x0000, 0x0000, 0x0000, 0x0000, 0x0000, 0x0000, 0x0000, 0x0000, 0x0000, 0x0000, 0x0000, 0x0000, 0x0000,
    0x0000, 0x0000, 0x0000, 0x0000, 0x0000, 0x0000, 0x0000, 0x0000, 0x0000, 0x0000, 0x0000, 0x0000, 0x0000, 0x0000, 0x0000, 0x0000,
    0x0000, 0x0000, 0x0000, 0x0000, 0x0000, 0x0000, 0x0000, 0x0000, 0x0000, 0x0000, 0x0000, 0x0000, 0x0000, 0x0000, 0x0000, 0x0000,
    0x0000, 0x0000, 0x0000, 0x0000, 0x0000, 0x0000, 0x0000, 0x0000, 0x0000, 0x0000, 0x0000, 0x0000, 0x0000, 0x0000, 0x0000, 0x0000,
    0x0000, 0x0000, 0x0000, 0x0000, 0x0000, 0x0000, 0x0000, 0x0000, 0x0000, 0x0000, 0x0000, 0x0000, 0x0000, 0x0000, 0x0000, 0x0000,
    0x0000, 0x0000, 0x0000, 0x0000, 0x0000, 0x0000, 0x0000, 0x0000, 0x0000, 0x0000, 0x0000, 0x0000, 0x0000, 0x0000, 0x0000, 0x0000,
    0x0000, 0x0000, 0x0000, 0x0000, 0x0000, 0x0000, 0x0000, 0x0000, 0x0000, 0x0000, 0x0000, 0x0000, 0x0000, 0x0000, 0x0000, 0x0000,
    0x0000, 0x0000, 0x0000, 0x0000, 0x0000, 0x0000, 0x0000, 0x0000, 0x0000, 0x0000, 0x0000, 0x0000, 0x0000, 0x0000, 0x0000, 0x0000,
    0x0000, 0x0000, 0x0000, 0x0000, 0x0000, 0x0000, 0x0000, 0x0000, 0x0000, 0x0000, 0x0000, 0x0000, 0x0000, 0x0000, 0x0000, 0x0000,
    0x0000, 0x0000, 0x0000, 0x0000, 0x0000, 0x0000, 0x0000, 0x0000, 0x0000, 0x0000, 0x0000, 0x0000, 0x0000, 0x0000, 0x0000, 0x0000,
    0x0000, 0x0000, 0x0000, 0x0000, 0x0000, 0x0000, 0x0000, 0x0000, 0x0000, 0x0000, 0x0000, 0x0000, 0x0000, 0x0000, 0x0000, 0x0000,
    0x0000, 0x0000, 0x0000, 0x0000, 0x0000, 0x0000, 0x0000, 0x0000, 0x0000, 0x0000, 0x0000, 0x0000, 0x0000, 0x0000, 0x0000, 0x0000,
    0x0000, 0x0000, 0x0000, 0x0000, 0x0000, 0x0000, 0x0000, 0x0000, 0x0000, 0x0000, 0x0000, 0x0000, 0x0000, 0x0000, 0x0000, 0x0000,
    0x0000, 0x0000, 0x0000, 0x0000, 0x0000, 0x0000, 0x0000, 0x0000, 0x0000, 0x0000, 0x0000, 0x0000, 0x0000, 0x0000, 0x0000, 0x0000,
    0x0000, 0x0000, 0x0000, 0x0000, 0x0000, 0x0000, 0x0000, 0x0000, 0x0000, 0x0000, 0x0000, 0x0000, 0x0000, 0x0000, 0x0000, 0x0000,
    0x0000, 0x0000, 0x0000, 0x0000, 0x0000, 0x0000, 0x0000, 0x0000, 0x0000, 0x0000, 0x0000, 0x0000, 0x0000, 0x0000, 0x0000, 0x0000,
    0x0000, 0x0000, 0x0000, 0x0000, 0x0000, 0x0000, 0x0000, 0x0000, 0x0000, 0x0000, 0x0000, 0x0000, 0x0000, 0x0000, 0x0000, 0x0000,
    0x0000, 0x0000, 0x0000, 0x0000, 0x0000, 0x0000, 0x0000, 0x0000, 0x0000, 0x0000, 0x0000, 0x0000, 0x0000, 0x0000, 0x0000, 0x0000,
    0x0000, 0x0000, 0x0000, 0x0000, 0x0000, 0x0000, 0x0000, 0x0000, 0x0000, 0x0000, 0x0000, 0x0000, 0x0000, 0x0000, 0x0000, 0x0000,
    0x0000, 0x0000, 0x0000, 0x0000, 0x0000, 0x0000, 0x0000, 0x0000, 0x0000, 0x0000, 0x0000, 0x0000, 0x0000, 0x0000, 0x0000, 0x0000,
    0x0000, 0x0000, 0x0000, 0x0000, 0x0000, 0x0000, 0x0000, 0x0000, 0x0000, 0x0000, 0x0000, 0x0000, 0x0000, 0x0000, 0x0000, 0x0000,
    0x0000, 0x0000, 0x0000, 0x0000, 0x0000, 0x0000, 0x0000, 0x0000, 0x0000, 0x0000, 0x0000, 0x0000, 0x0000, 0x0000, 0x0000, 0x0000,
    0x0000, 0x0000, 0x0000, 0x0000, 0x0000, 0x0000, 0x0000, 0x0000, 0x0000, 0x0000, 0x0000, 0x0000, 0x0000, 0x0000, 0x0000, 0x0000,
    0x0000, 0x0000, 0x0000, 0x0000, 0x0000, 0x0000, 0x0000, 0x0000, 0x0000, 0x0000, 0x0000, 0x0000, 0x0000, 0x0000, 0x0000, 0x0000,
    0x0000, 0x0000, 0x0000, 0x0000, 0x0000, 0x0000, 0x0000, 0x0000, 0x0000, 0x0000, 0x0000, 0x0000, 0x0000, 0x0000, 0x0000, 0x0000,
    0x0000, 0x0000, 0x0000, 0x0000, 0x0000, 0x0000, 0x0000, 0x0000, 0x0000, 0x0000, 0x0000, 0x0000, 0x0000, 0x0000, 0x0000, 0x0000,
    0x0000, 0x0000, 0x0000, 0x0000, 0x0000, 0x0000, 0x0000, 0x0000, 0x0000, 0x0000, 0x0000, 0x0000, 0x0000, 0x0000, 0x0000, 0x0000,
    0x0000, 0x0000, 0x0000, 0x0000, 0x0000, 0x0000, 0x0000, 0x0000, 0x0000, 0x0000, 0x0000, 0x0000, 0x0000, 0x0000, 0x0000, 0x0000,
    0x0000, 0x0000, 0x0000, 0x0000, 0x0000, 0x0000, 0x0000, 0x0000, 0x0000, 0x0000, 0x0000, 0x0000, 0x0000, 0x0000, 0x0000, 0x0000,
    0x0000, 0x0000, 0x0000, 0x0000, 0x0000, 0x0000, 0x0000, 0x0000, 0x0000, 0x0000, 0x0000, 0x0000, 0x0000, 0x0000, 0x0000, 0x0000,
    0x0000, 0x0000, 0x0000, 0x0000, 0x0000, 0x0000, 0x0000, 0x0000, 0x0000, 0x0000, 0x0000, 0x0000, 0x0000, 0x0000, 0x0000, 0x0000,
    0x0000, 0x0000, 0x0000, 0x0000, 0x0000, 0x0000, 0x0000, 0x0000, 0x0000, 0x0000, 0x0000, 0x0000, 0x0000, 0x0000, 0x0000, 0x0000,
    0x0000, 0x0000, 0x0000, 0x0000, 0x0000, 0x0000, 0x0000, 0x0000, 0x0000, 0x0000, 0x0000, 0x0000, 0x0000, 0x0000, 0x0000, 0x0000,
    0x0000, 0x0000, 0x0000, 0x0000, 0x0000, 0x0000, 0x0000, 0x0000, 0x0000, 0x0000, 0x0000, 0x0000, 0x0000, 0x0000, 0x0000, 0x0000,
    0x0000, 0x0000, 0x0000, 0x0000, 0x0000, 0x0000, 0x0000, 0x0000, 0x0000, 0x0000, 0x0000, 0x0000, 0x0000, 0x0000, 0x0000, 0x0000,
    0x0000, 0x0000, 0x0000, 0x0000, 0x0000, 0x0000, 0x0000, 0x0000, 0x0000, 0x0000, 0x0000, 0x0000, 0x0000, 0x0000, 0x0000, 0x0000,
    0x0000, 0x0000, 0x0000, 0x0000, 0x0000, 0x0000, 0x0000, 0x0000, 0x0000, 0x0000, 0x0000, 0x0000, 0x0000, 0x0000, 0x0000, 0x0000,
    0x0000, 0x0000, 0x0000, 0x0000, 0x0000, 0x0000, 0x0000, 0x0000, 0x0000, 0x0000, 0x0000, 0x0000, 0x0000, 0x0000, 0x0000, 0x0000,
    0x0000, 0x0000, 0x0000, 0x0000, 0x0000, 0x0000, 0x0000, 0x0000, 0x0000, 0x0000, 0x0000, 0x0000, 0x0000, 0x0000, 0x0000, 0x0000,
    0x0000, 0x0000, 0x0000, 0x0000, 0x0000, 0x0000, 0x0000, 0x0000, 0x0000, 0x0000, 0x0000, 0x0000, 0x0000, 0x0000, 0x0000, 0x0000,
    0x0000, 0x0000, 0x0000, 0x0000, 0x0000, 0x0000, 0x0000, 0x0000, 0x0000, 0x0000, 0x0000, 0x0000, 0x0000, 0x0000, 0x0000, 0x0000,
    0x0000, 0x0000, 0x0000, 0x0000, 0x0000, 0x0000, 0x0000, 0x0000, 0x0000, 0x0000, 0x0000, 0x0000, 0x0000, 0x0000, 0x0000, 0x0000,
    0x0000, 0x0000, 0x0000, 0x0000, 0x0000, 0x0000, 0x0000, 0x0000, 0x0000, 0x0000, 0x0000, 0x0000, 0x0000, 0x0000, 0x0000, 0x0000,
    0x0000, 0x0000, 0x0000, 0x0000, 0x0000, 0x0000, 0x0000, 0x0000, 0x0000, 0x0000, 0x0000, 0x0000, 0x0000, 0x0000, 0x0000, 0x0000,
    0x0000, 0x0000, 0x0000, 0x0000, 0x0000, 0x0000, 0x0000, 0x0000, 0x0000, 0x0000, 0x0000, 0x0000, 0x0000, 0x0000, 0x0000, 0x0000,
    0x0000, 0x0000, 0x0000, 0x0000, 0x0000, 0x0000, 0x0000, 0x0000, 0x0000, 0x0000, 0x0000, 0x0000, 0x0000, 0x0000, 0x0000, 0x0000,
    0x0000, 0x0000, 0x0000, 0x0000, 0x0000, 0x0000, 0x0000, 0x0000, 0x0000, 0x0000, 0x0000, 0x0000, 0x0000, 0x0000, 0x0000, 0x0000,
    0x0000, 0x0000, 0x0000, 0x0000, 0x0000, 0x0000, 0x0000, 0x0000, 0x0000, 0x0000, 0x0000, 0x0000, 0x0000, 0x0000, 0x0000, 0x0000,
    0x0000, 0x0000, 0x0000, 0x0000, 0x0000, 0x0000, 0x0000, 0x0000, 0x0000, 0x0000, 0x0000, 0x0000, 0x0000, 0x0000, 0x0000, 0x0000,
    0x0000, 0x0000, 0x0000, 0x0000, 0x0000, 0x0000, 0x0000, 0x0000, 0x0000, 0x0000, 0x0000, 0x0000, 0x0000, 0x0000, 0x0000, 0x0000,
    0x0000, 0x0000, 0x0000, 0x0000, 0x0000, 0x0000, 0x0000, 0x0000, 0x0000, 0x0000, 0x0000, 0x0000, 0x0000, 0x0000, 0x0000, 0x0000,
    0x0000, 0x0000, 0x0000, 0x0000, 0x0000, 0x0000, 0x0000, 0x0000, 0x0000, 0x0000, 0x0000, 0x0000, 0x0000, 0x0000, 0x0000, 0x0000,
    0x0000, 0x0000, 0x0000, 0x0000, 0x0000, 0x0000, 0x0000, 0x0000, 0x0000, 0x0000, 0x0000, 0x0000, 0x0000, 0x0000, 0x0000, 0x0000,
    0x0000, 0x0000, 0x0000, 0x0000, 0x0000, 0x0000, 0x0000, 0x0000, 0x0000, 0x0000, 0x0000, 0x0000, 0x0000, 0x0000, 0x0000, 0x0000,
    0x0000, 0x0000, 0x0000, 0x0000, 0x0000, 0x0000, 0x0000, 0x0000, 0x0000, 0x0000, 0x0000, 0x0000, 0x0000, 0x0000, 0x0000, 0x0000,
    0x0000, 0x0000, 0x0000, 0x0000, 0x0000, 0x0000, 0x0000, 0x0000, 0x0000, 0x0000, 0x0000, 0x0000, 0x0000, 0x0000, 0x0000, 0x0000,
    0x0000, 0x0000, 0x0000, 0x0000, 0x0000, 0x0000, 0x0000, 0x0000, 0x0000, 0x0000, 0x0000, 0x0000, 0x0000, 0x0000, 0x0000, 0x0000,
    0x0000, 0x0000, 0x0000, 0x0000, 0x0000, 0x0000, 0x0000, 0x0000, 0x0000, 0x0000, 0x0000, 0x0000, 0x0000, 0x0000, 0x0000, 0x0000,
    0x0000, 0x0000, 0x0000, 0x0000, 0x0000, 0x0000, 0x0000, 0x0000, 0x0000, 0x0000, 0x0000, 0x0000, 0x0000, 0x0000, 0x0000, 0x0000,
    0x0000, 0x0000, 0x0000, 0x0000, 0x0000, 0x0000, 0x0000, 0x0000, 0x0000, 0x0000, 0x0000, 0x0000, 0x0000, 0x0000, 0x0000, 0x0000,
    0x0000, 0x0000, 0x0000, 0x0000, 0x0000, 0x0000, 0x0000, 0x0000, 0x0000, 0x0000, 0x0000, 0x0000, 0x0000, 0x0000, 0x0000, 0x0000,
    0x0000, 0x0000, 0x0000, 0x0000, 0x0000, 0x0000, 0x0000, 0x0000, 0x0000, 0x0000, 0x0000, 0x0000, 0x0000, 0x0000, 0x0000, 0x0000,
    0x0000, 0x0000, 0x0000, 0x0000, 0x0000, 0x0000, 0x0000, 0x0000, 0x0000, 0x0000, 0x0000, 0x0000, 0x0000, 0x0000, 0x0000, 0x0000,
    0x0000, 0x0000, 0x0000, 0x0000, 0x0000, 0x0000, 0x0000, 0x0000, 0x0000, 0x0000, 0x0000, 0x0000, 0x0000, 0x0000, 0x0000, 0x0000,
    0x0000, 0x0000, 0x0000, 0x0000, 0x0000, 0x0000, 0x0000, 0x0000, 0x0000, 0x0000, 0x0000, 0x0000, 0x0000, 0x0000, 0x0000, 0x0000,
    0x0000, 0x0000, 0x0000, 0x0000, 0x0000, 0x0000, 0x0000, 0x0000, 0x0000, 0x0000, 0x0000, 0x0000, 0x0000, 0x0000, 0x0000, 0x0000,
    0x0000, 0x0000, 0x0000, 0x0000, 0x0000, 0x0000, 0x0000, 0x0000, 0x0000, 0x0000, 0x0000, 0x0000, 0x0000, 0x0000, 0x0000, 0x0000,
    0x0000, 0x0000, 0x0000, 0x0000, 0x0000, 0x0000, 0x0000, 0x0000, 0x0000, 0x0000, 0x0000, 0x0000, 0x0000, 0x0000, 0x0000, 0x0000,
    0x0000, 0x0000, 0x0000, 0x0000, 0x0000, 0x0000, 0x3000, 0x3001, 0x3002, 0x00b7, 0x2025, 0x2026, 0x00a8, 0x3003, 0x00ad, 0x2015,
    0x2225, 0xff3c, 0x223c, 0x2018, 0x2019, 0x201c, 0x201d, 0x3014, 0x3015, 0x3008, 0x3009, 0x300a, 0x300b, 0x300c, 0x300d, 0x300e,
    0x300f, 0x3010, 0x3011, 0x00b1, 0x00d7, 0x00f7, 0x2260, 0x2264, 0x2265, 0x221e, 0x2234, 0x00b0, 0x2032, 0x2033, 0x2103, 0x212b,
    0xffe0, 0xffe1, 0xffe5, 0x2642, 0x2640, 0x2220, 0x22a5, 0x2312, 0x2202, 0x2207, 0x2261, 0x2252, 0x00a7, 0x203b, 0x2606, 0x2605,
    0x25cb, 0x25cf, 0x25ce, 0x25c7, 0x25c6, 0x25a1, 0x25a0, 0x25b3, 0x25b2, 0x25bd, 0x25bc, 0x2192, 0x2190, 0x2191, 0x2193, 0x2194,
    0x3013, 0x226a, 0x226b, 0x221a, 0x0000, 0x0000, 0x0000, 0x0000, 0x0000, 0x0000, 0x0000, 0x0000, 0x0000, 0x0000, 0x0000, 0x0000,
    0x0000, 0x0000, 0x0000, 0x0000, 0x0000, 0x0000, 0x223d, 0x221d, 0x2235, 0x222b, 0x222c, 0x2208, 0x220b, 0x2286, 0x2287, 0x2282,
    0x2283, 0x222a, 0x2229, 0x2227, 0x2228, 0xffe2, 0x21d2, 0x21d4, 0x2200, 0x2203, 0x00b4, 0xff5e, 0x02c7, 0x02d8, 0x02dd, 0x02da,
    0x02d9, 0x00b8, 0x02db, 0x00a1, 0x00bf, 0x02d0, 0x222e, 0x2211, 0x220f, 0x00a4, 0x2109, 0x2030, 0x25c1, 0x25c0, 0x25b7, 0x25b6,
    0x2664, 0x2660, 0x2661, 0x2665, 0x2667, 0x2663, 0x2299, 0x25c8, 0x25a3, 0x25d0, 0x25d1, 0x2592, 0x25a4, 0x25a5, 0x25a8, 0x25a7,
    0x25a6, 0x25a9, 0x2668, 0x260f, 0x260e, 0x261c, 0x261e, 0x00b6, 0x2020, 0x2021, 0x2195, 0x2197, 0x2199, 0x2196, 0x2198, 0x266d,
    0x2669, 0x266a, 0x266c, 0x327f, 0x321c, 0x2116, 0x33c7, 0x2122, 0x33c2, 0x33d8, 0x2121, 0x20ac, 0x00ae, 0x327e, 0x0000, 0x0000,
    0x0000, 0x0000, 0x0000, 0x0000, 0x0000, 0x0000, 0x0000, 0x0000, 0x0000, 0x0000, 0x0000, 0x0000, 0x0000, 0x0000, 0x0000, 0x0000,
    0x0000, 0x0000, 0x0000, 0x0000, 0xff01, 0xff02, 0xff03, 0xff04, 0xff05, 0xff06, 0xff07, 0xff08, 0xff09, 0xff0a, 0xff0b, 0xff0c,
    0xff0d, 0xff0e, 0xff0f, 0xff10, 0xff11, 0xff12, 0xff13, 0xff14, 0xff15, 0xff16, 0xff17, 0xff18, 0xff19, 0xff1a, 0xff1b, 0xff1c,
    0xff1d, 0xff1e, 0xff1f, 0xff20, 0xff21, 0xff22, 0xff23, 0xff24, 0xff25, 0xff26, 0xff27, 0xff28, 0xff29, 0xff2a, 0xff2b, 0xff2c,
    0xff2d, 0xff2e, 0xff2f, 0xff30, 0xff31, 0xff32, 0xff33, 0xff34, 0xff35, 0xff36, 0xff37, 0xff38, 0xff39, 0xff3a, 0xff3b, 0xffe6,
    0xff3d, 0xff3e, 0xff3f, 0xff40, 0xff41, 0xff42, 0xff43, 0xff44, 0xff45, 0xff46, 0xff47, 0xff48, 0xff49, 0xff4a, 0xff4b, 0xff4c,
    0xff4d, 0xff4e, 0x0000, 0x0000, 0x0000, 0x0000, 0x0000, 0x0000, 0x0000, 0x0000, 0x0000, 0x0000, 0x0000, 0x0000, 0x0000, 0x0000,
    0x0000, 0x0000, 0x0000, 0x0000, 0xff4f, 0xff50, 0xff51, 0xff52, 0xff53, 0xff54, 0xff55, 0xff56, 0xff57, 0xff58, 0xff59, 0xff5a,
    0xff5b, 0xff5c, 0xff5d, 0xffe3, 0x0000, 0x0000, 0x0000, 0x0000, 0x0000, 0x0000, 0x0000, 0x0000, 0x0000, 0x0000, 0x0000, 0x0000,
    0x0000, 0x0000, 0x0000, 0x0000, 0x0000, 0x0000, 0x0000, 0x0000, 0x0000, 0x0000, 0x0000, 0x0000, 0x0000, 0x0000, 0x0000, 0x0000,
    0x0000, 0x0000, 0x0000, 0x0000, 0x0000, 0x0000, 0x0000, 0x0000, 0x0000, 0x0000, 0x0000, 0x0000, 0x0000, 0x0000, 0x0000, 0x0000,
    0x0000, 0x0000, 0x0000, 0x0000, 0x0000, 0x0000, 0x0000, 0x3164, 0x3165, 0x3166, 0x3167, 0x3168, 0x3169, 0x316a, 0x316b, 0x316c,
    0x316d, 0x316e, 0x316f, 0x3170, 0x3171, 0x3172, 0x3173, 0x3174, 0x3175, 0x3176, 0x3177, 0x3178, 0x3179, 0x317a, 0x317b, 0x317c,
    0x317d, 0x317e, 0x317f, 0x3180, 0x3181, 0x3182, 0x3183, 0x3184, 0x3185, 0x3186, 0x3187, 0x3188, 0x3189, 0x318a, 0x318b, 0x318c,
    0x318d, 0x318e, 0x2170, 0x2171, 0x2172, 0x2173, 0x2174, 0x2175, 0x2176, 0x2177, 0x2178, 0x2179, 0x0000, 0x0000, 0x0000, 0x0000,
    0x0000, 0x2160, 0x2161, 0x2162, 0x2163, 0x2164, 0x2165, 0x2166, 0x2167, 0x2168, 0x2169, 0x0000, 0x0000, 0x0000, 0x0000, 0x0000,
    0x0000, 0x0000, 0x0391, 0x0392, 0x0393, 0x0394, 0x0395, 0x0396, 0x0397, 0x0398, 0x0399, 0x039a, 0x039b, 0x039c, 0x039d, 0x039e,
    0x039f, 0x03a0, 0x03a1, 0x03a3, 0x03a4, 0x03a5, 0x03a6, 0x03a7, 0x03a8, 0x03a9, 0x0000, 0x0000, 0x0000, 0x0000, 0x0000, 0x0000,
    0x0000, 0x0000, 0x03b1, 0x03b2, 0x03b3, 0x03b4, 0x03b5, 0x03b6, 0x03b7, 0x03b8, 0x03b9, 0x03ba, 0x03bb, 0x03bc, 0x03bd, 0x03be,
    0x0000, 0x0000, 0x0000, 0x0000, 0x0000, 0x0000, 0x0000, 0x0000, 0x0000, 0x0000, 0x0000, 0x0000, 0x0000, 0x0000, 0x0000, 0x0000,
    0x0000, 0x0000, 0x03bf, 0x03c0, 0x03c1, 0x03c3, 0x03c4, 0x03c5, 0x03c6, 0x03c7, 0x03c8, 0x03c9, 0x0000, 0x0000, 0x0000, 0x0000,
    0x0000, 0x0000, 0x2500, 0x2502, 0x250c, 0x2510, 0x2518, 0x2514, 0x251c, 0x252c, 0x2524, 0x2534, 0x253c, 0x2501, 0x2503, 0x250f,
    0x2513, 0x251b, 0x2517, 0x2523, 0x2533, 0x252b, 0x253b, 0x254b, 0x2520, 0x252f, 0x2528, 0x2537, 0x253f, 0x251d, 0x2530, 0x2525,
    0x2538, 0x2542, 0x2512, 0x2511, 0x251a, 0x2519, 0x2516, 0x2515, 0x250e, 0x250d, 0x251e, 0x251f, 0x2521, 0x2522, 0x2526, 0x2527,
    0x2529, 0x252a, 0x252d, 0x252e, 0x2531, 0x2532, 0x2535, 0x2536, 0x2539, 0x253a, 0x253d, 0x253e, 0x2540, 0x2541, 0x2543, 0x2544,
    0x2545, 0x2546, 0x2547, 0x2548, 0x2549, 0x254a, 0x0000, 0x0000, 0x0000, 0x0000, 0x0000, 0x0000, 0x0000, 0x0000, 0x0000, 0x0000,
    0x0000, 0x0000, 0x0000, 0x0000, 0x0000, 0x0000, 0x0000, 0x0000, 0x0000, 0x0000, 0x0000, 0x0000, 0x0000, 0x0000, 0x0000, 0x0000,
    0x3395, 0x3396, 0x3397, 0x2113, 0x3398, 0x33c4, 0x33a3, 0x33a4, 0x33a5, 0x33a6, 0x3399, 0x339a, 0x339b, 0x339c, 0x339d, 0x339e,
    0x339f, 0x33a0, 0x33a1, 0x33a2, 0x33ca, 0x338d, 0x338e, 0x338f, 0x33cf, 0x3388, 0x3389, 0x33c8, 0x33a7, 0x33a8, 0x33b0, 0x33b1,
    0x33b2, 0x33b3, 0x33b4, 0x33b5, 0x33b6, 0x33b7, 0x33b8, 0x33b9, 0x3380, 0x3381, 0x3382, 0x3383, 0x3384, 0x33ba, 0x33bb, 0x33bc,
    0x33bd, 0x33be, 0x33bf, 0x3390, 0x3391, 0x3392, 0x3393, 0x3394, 0x2126, 0x33c0, 0x33c1, 0x338a, 0x338b, 0x338c, 0x33d6, 0x33c5,
    0x33ad, 0x33ae, 0x33af, 0x33db, 0x33a9, 0x33aa, 0x33ab, 0x33ac, 0x33dd, 0x33d0, 0x33d3, 0x33c3, 0x33c9, 0x33dc, 0x0000, 0x0000,
    0x0000, 0x0000, 0x0000, 0x0000, 0x0000, 0x0000, 0x0000, 0x0000, 0x0000, 0x0000, 0x0000, 0x0000, 0x0000, 0x0000, 0x0000, 0x0000,
    0x33c6, 0x0000, 0x0000, 0x0000, 0x0000, 0x0000, 0x0000, 0x0000, 0x0000, 0x0000, 0x0000, 0x0000, 0x0000, 0x0000, 0x0000, 0x0000,
    0x00c6, 0x00d0, 0x00aa, 0x0126, 0x0000, 0x0132, 0x0000, 0x013f, 0x0141, 0x00d8, 0x0152, 0x00ba, 0x00de, 0x0166, 0x014a, 0x0000,
    0x3260, 0x3261, 0x3262, 0x3263, 0x3264, 0x3265, 0x3266, 0x3267, 0x3268, 0x3269, 0x326a, 0x326b, 0x326c, 0x326d, 0x326e, 0x326f,
    0x3270, 0x3271, 0x3272, 0x3273, 0x3274, 0x3275, 0x3276, 0x3277, 0x3278, 0x3279, 0x327a, 0x327b, 0x24d0, 0x24d1, 0x24d2, 0x24d3,
    0x24d4, 0x24d5, 0x24d6, 0x24d7, 0x24d8, 0x24d9, 0x24da, 0x24db, 0x24dc, 0x24dd, 0x24de, 0x24df, 0x24e0, 0x24e1, 0x24e2, 0x24e3,
    0x24e4, 0x24e5, 0x24e6, 0x24e7, 0x24e8, 0x24e9, 0x2460, 0x2461, 0x2462, 0x2463, 0x2464, 0x2465, 0x2466, 0x2467, 0x2468, 0x2469,
    0x246a, 0x246b, 0x246c, 0x246d, 0x246e, 0x00bd, 0x2153, 0x2154, 0x00bc, 0x00be, 0x215b, 0x215c, 0x215d, 0x215e, 0x00e6, 0x0111,
    0x00f0, 0x0127, 0x0131, 0x0133, 0x0138, 0x0140, 0x0142, 0x00f8, 0x0153, 0x00df, 0x00fe, 0x0167, 0x014b, 0x0149, 0x3200, 0x3201,
    0x3202, 0x3203, 0x3204, 0x3205, 0x3206, 0x3207, 0x3208, 0x3209, 0x320a, 0x320b, 0x320c, 0x320d, 0x320e, 0x320f, 0x3210, 0x3211,
    0x3212, 0x3213, 0x3214, 0x3215, 0x3216, 0x3217, 0x3218, 0x3219, 0x321a, 0x321b, 0x249c, 0x249d, 0x249e, 0x249f, 0x24a0, 0x24a1,
    0x24a2, 0x24a3, 0x24a4, 0x24a5, 0x24a6, 0x24a7, 0x24a8, 0x24a9, 0x24aa, 0x24ab, 0x24ac, 0x24ad, 0x24ae, 0x24af, 0x24b0, 0x24b1,
    0x24b2, 0x24b3, 0x24b4, 0x24b5, 0x2474, 0x2475, 0x2476, 0x2477, 0x2478, 0x2479, 0x247a, 0x247b, 0x0000, 0x0000, 0x0000, 0x0000,
    0x0000, 0x0000, 0x0000, 0x0000, 0x0000, 0x0000, 0x0000, 0x0000, 0x0000, 0x0000, 0x0000, 0x0000, 0x0000, 0x0000, 0x247c, 0x247d,
    0x247e, 0x247f, 0x2480, 0x2481, 0x2482, 0x00b9, 0x00b2, 0x00b3, 0x2074, 0x207f, 0x2081, 0x2082, 0x2083, 0x2084, 0x3041, 0x3042,
    0x3043, 0x3044, 0x3045, 0x3046, 0x3047, 0x3048, 0x3049, 0x304a, 0x304b, 0x304c, 0x304d, 0x304e, 0x304f, 0x3050, 0x3051, 0x3052,
    0x3053, 0x3054, 0x3055, 0x3056, 0x3057, 0x3058, 0x3059, 0x305a, 0x305b, 0x305c, 0x305d, 0x305e, 0x305f, 0x3060, 0x3061, 0x3062,
    0x3063, 0x3064, 0x3065, 0x3066, 0x3067, 0x3068, 0x3069, 0x306a, 0x306b, 0x306c, 0x306d, 0x306e, 0x306f, 0x3070, 0x3071, 0x3072,
    0x3073, 0x3074, 0x3075, 0x3076, 0x3077, 0x3078, 0x3079, 0x307a, 0x307b, 0x307c, 0x307d, 0x307e, 0x307f, 0x3080, 0x3081, 0x3082,
    0x3083, 0x3084, 0x3085, 0x3086, 0x3087, 0x3088, 0x3089, 0x308a, 0x308b, 0x308c, 0x308d, 0x308e, 0x308f, 0x3090, 0x3091, 0x3092,
    0x3093, 0x0000, 0x0000, 0x0000, 0x0000, 0x0000, 0x0000, 0x0000, 0x0000, 0x0000, 0x0000, 0x0000, 0x30a1, 0x30a2, 0x30a3, 0x30a4,
    0x30a5, 0x30a6, 0x30a7, 0x30a8, 0x30a9, 0x30aa, 0x30ab, 0x30ac, 0x30ad, 0x30ae, 0x30af, 0x30b0, 0x30b1, 0x30b2, 0x30b3, 0x30b4,
    0x30b5, 0x30b6, 0x30b7, 0x30b8, 0x30b9, 0x30ba, 0x30bb, 0x30bc, 0x30bd, 0x30be, 0x30bf, 0x30c0, 0x30c1, 0x30c2, 0x30c3, 0x30c4,
    0x30c5, 0x30c6, 0x30c7, 0x30c8, 0x30c9, 0x30ca, 0x30cb, 0x30cc, 0x30cd, 0x30ce, 0x30cf, 0x30d0, 0x30d1, 0x30d2, 0x30d3, 0x30d4,
    0x30d5, 0x30d6, 0x30d7, 0x30d8, 0x30d9, 0x30da, 0x30db, 0x30dc, 0x30dd, 0x30de, 0x30df, 0x30e0, 0x30e1, 0x30e2, 0x30e3, 0x30e4,
    0x30e5, 0x30e6, 0x30e7, 0x30e8, 0x30e9, 0x30ea, 0x30eb, 0x30ec, 0x30ed, 0x30ee, 0x0000, 0x0000, 0x0000, 0x0000, 0x0000, 0x0000,
    0x0000, 0x0000, 0x0000, 0x0000, 0x0000, 0x0000, 0x0000, 0x0000, 0x0000, 0x0000, 0x0000, 0x0000, 0x30ef, 0x30f0, 0x30f1, 0x30f2,
    0x30f3, 0x30f4, 0x30f5, 0x30f6, 0x0000, 0x0000, 0x0000, 0x0000, 0x0000, 0x0000, 0x0000, 0x0000, 0x0410, 0x0411, 0x0412, 0x0413,
    0x0414, 0x0415, 0x0401, 0x0416, 0x0417, 0x0418, 0x0419, 0x041a, 0x041b, 0x041c, 0x041d, 0x041e, 0x041f, 0x0420, 0x0421, 0x0422,
    0x0423, 0x0424, 0x0425, 0x0426, 0x0427, 0x0428, 0x0429, 0x042a, 0x042b, 0x042c, 0x042d, 0x042e, 0x042f, 0x0000, 0x0000, 0x0000,
    0x0000, 0x0000, 0x0000, 0x0000, 0x0000, 0x0000, 0x0000, 0x0000, 0x0000, 0x0000, 0x0000, 0x0000, 0x0430, 0x0431, 0x0432, 0x0433,
    0x0434, 0x0435, 0x0451, 0x0436, 0x0437, 0x0438, 0x0439, 0x043a, 0x043b, 0x043c, 0x043d, 0x043e, 0x043f, 0x0440, 0x0441, 0x0442,
    0x0443, 0x0444, 0x0445, 0x0446, 0x0447, 0x0448, 0x0449, 0x044a, 0x044b, 0x044c, 0x044d, 0x044e, 0x044f, 0x0000, 0x0000, 0x0000,
    0x0000, 0x0000, 0x0000, 0x0000, 0x0000, 0x0000, 0x0000, 0x0000, 0x0000, 0x0000, 0x0000, 0x0000, 0x0000, 0x0000, 0x0000, 0x0000,
    0x0000, 0x0000, 0x0000, 0x0000, 0x0000, 0x0000, 0x0000, 0x0000, 0x0000, 0x0000, 0x0000, 0x0000, 0x0000, 0x0000, 0x0000, 0x0000,
    0x0000, 0x0000, 0x0000, 0x0000, 0x0000, 0x0000, 0x0000, 0x0000, 0x0000, 0x0000, 0x0000, 0x0000, 0x0000, 0x0000, 0x0000, 0x0000,
    0x0000, 0x0000, 0x0000, 0x0000, 0x0000, 0x0000, 0x0000, 0x0000, 0x0000, 0x0000, 0x0000, 0x0000, 0x0000, 0x0000, 0x0000, 0x0000,
    0x0000, 0x0000, 0x0000, 0x0000, 0x0000, 0x0000, 0x0000, 0x0000, 0x0000, 0x0000, 0x0000, 0x0000, 0x0000, 0x0000, 0x0000, 0x0000,
    0x0000, 0x0000, 0x0000, 0x0000, 0x0000, 0x0000, 0x0000, 0x0000, 0x0000, 0x0000, 0x0000, 0x0000, 0x0000, 0x0000, 0x0000, 0x0000,
    0x0000, 0x0000, 0x0000, 0x0000, 0x0000, 0x0000, 0x0000, 0x0000, 0x0000, 0x0000, 0x0000, 0x0000, 0x0000, 0x0000, 0x0000, 0x0000,
    0x0000, 0x0000, 0x0000, 0x0000, 0x0000, 0x0000, 0x0000, 0x0000, 0x0000, 0x0000, 0x0000, 0x0000, 0x0000, 0x0000, 0x0000, 0x0000,
    0x0000, 0x0000, 0x0000, 0x0000, 0x0000, 0x0000, 0x0000, 0x0000, 0x0000, 0x0000, 0x0000, 0x0000, 0x0000, 0x0000, 0x0000, 0x0000,
    0x0000, 0x0000, 0x0000, 0x0000, 0x0000, 0x0000, 0x0000, 0x0000, 0x0000, 0x0000, 0x0000, 0x0000, 0x0000, 0x0000, 0x0000, 0x0000,
    0x0000, 0x0000, 0x0000, 0x0000, 0x0000, 0x0000, 0x0000, 0x0000, 0x0000, 0x0000, 0x0000, 0x0000, 0x0000, 0x0000, 0x0000, 0x0000,
    0x0000, 0x0000, 0x0000, 0x0000, 0x0000, 0x0000, 0x0000, 0x0000, 0x0000, 0x0000, 0x0000, 0x0000, 0x0000, 0x0000, 0x0000, 0x0000,
    0x0000, 0x0000, 0x0000, 0x0000, 0x0000, 0x0000, 0x0000, 0x0000, 0x0000, 0x0000, 0x0000, 0x0000, 0x0000, 0x0000, 0x0000, 0x0000,
    0x0000, 0x0000, 0x0000, 0x0000, 0x0000, 0x0000, 0x0000, 0x0000, 0x4f3d, 0x4f73, 0x5047, 0x50f9, 0x52a0, 0x53ef, 0x5475, 0x54e5,
    0x5609, 0x5ac1, 0x5bb6, 0x6687, 0x67b6, 0x67b7, 0x67ef, 0x6b4c, 0x73c2, 0x75c2, 0x7a3c, 0x82db, 0x8304, 0x8857, 0x8888, 0x8a36,
    0x8cc8, 0x8dcf, 0x8efb, 0x8fe6, 0x99d5, 0x523b, 0x5374, 0x5404, 0x606a, 0x6164, 0x6bbc, 0x73cf, 0x811a, 0x89ba, 0x89d2, 0x95a3,
    0x4f83, 0x520a, 0x58be, 0x5978, 0x59e6, 0x5e72, 0x5e79, 0x61c7, 0x63c0, 0x6746, 0x67ec, 0x687f, 0x6f97, 0x764e, 0x770b, 0x78f5,
    0x7a08, 0x7aff, 0x7c21, 0x809d, 0x826e, 0x8271, 0x8aeb, 0x9593, 0x4e6b, 0x559d, 0x66f7, 0x6e34, 0x78a3, 0x7aed, 0x845b, 0x8910,
    0x874e, 0x97a8, 0x52d8, 0x574e, 0x582a, 0x5d4c, 0x0000, 0x0000, 0x0000, 0x0000, 0x0000, 0x0000, 0x0000, 0x0000, 0x0000, 0x0000,
    0x0000, 0x0000, 0x0000, 0x0000, 0x0000, 0x0000, 0x0000, 0x0000, 0x611f, 0x61be, 0x6221, 0x6562, 0x67d1, 0x6a44, 0x6e1b, 0x7518,
    0x75b3, 0x76e3, 0x77b0, 0x7d3a, 0x90af, 0x9451, 0x9452, 0x9f95, 0x5323, 0x5cac, 0x7532, 0x80db, 0x9240, 0x9598, 0x525b, 0x5808,
    0x59dc, 0x5ca1, 0x5d17, 0x5eb7, 0x5f3a, 0x5f4a, 0x6177, 0x6c5f, 0x757a, 0x7586, 0x7ce0, 0x7d73, 0x7db1, 0x7f8c, 0x8154, 0x8221,
    0x8591, 0x8941, 0x8b1b, 0x92fc, 0x964d, 0x9c47, 0x4ecb, 0x4ef7, 0x500b, 0x51f1, 0x584f, 0x6137, 0x613e, 0x6168, 0x6539, 0x69ea,
    0x6f11, 0x75a5, 0x7686, 0x76d6, 0x7b87, 0x82a5, 0x84cb, 0xf900, 0x93a7, 0x958b, 0x5580, 0x5ba2, 0x5751, 0xf901, 0x7cb3, 0x7fb9,
    0x91b5, 0x5028, 0x53bb, 0x5c45, 0x5de8, 0x62d2, 0x636e, 0x64da, 0x64e7, 0x6e20, 0x70ac, 0x795b, 0x8ddd, 0x8e1e, 0xf902, 0x907d,
    0x9245, 0x92f8, 0x4e7e, 0x4ef6, 0x5065, 0x5dfe, 0x5efa, 0x6106, 0x6957, 0x8171, 0x8654, 0x8e47, 0x9375, 0x9a2b, 0x4e5e, 0x5091,
    0x6770, 0x6840, 0x5109, 0x528d, 0x5292, 0x6aa2, 0x77bc, 0x9210, 0x9ed4, 0x52ab, 0x602f, 0x8ff2, 0x5048, 0x61a9, 0x63ed, 0x64ca,
    0x683c, 0x6a84, 0x6fc0, 0x8188, 0x89a1, 0x9694, 0x5805, 0x727d, 0x72ac, 0x7504, 0x7d79, 0x7e6d, 0x80a9, 0x898b, 0x8b74, 0x9063,
    0x9d51, 0x6289, 0x6c7a, 0x6f54, 0x7d50, 0x7f3a, 0x8a23, 0x517c, 0x614a, 0x7b9d, 0x8b19, 0x9257, 0x938c, 0x4eac, 0x4fd3, 0x501e,
    0x50be, 0x5106, 0x52c1, 0x52cd, 0x537f, 0x5770, 0x5883, 0x5e9a, 0x5f91, 0x6176, 0x61ac, 0x64ce, 0x656c, 0x666f, 0x66bb, 0x66f4,
    0x6897, 0x6d87, 0x7085, 0x70f1, 0x749f, 0x74a5, 0x74ca, 0x75d9, 0x786c, 0x78ec, 0x7adf, 0x7af6, 0x7d45, 0x7d93, 0x8015, 0x803f,
    0x811b, 0x8396, 0x8b66, 0x8f15, 0x0000, 0x0000, 0x0000, 0x0000, 0x0000, 0x0000, 0x0000, 0x0000, 0x0000, 0x0000, 0x0000, 0x0000,
    0x0000, 0x0000, 0x0000, 0x0000, 0x0000, 0x0000, 0x9015, 0x93e1, 0x9803, 0x9838, 0x9a5a, 0x9be8, 0x4fc2, 0x5553, 0x583a, 0x5951,
    0x5b63, 0x5c46, 0x60b8, 0x6212, 0x6842, 0x68b0, 0x68e8, 0x6eaa, 0x754c, 0x7678, 0x78ce, 0x7a3d, 0x7cfb, 0x7e6b, 0x7e7c, 0x8a08,
    0x8aa1, 0x8c3f, 0x968e, 0x9dc4, 0x53e4, 0x53e9, 0x544a, 0x5471, 0x56fa, 0x59d1, 0x5b64, 0x5c3b, 0x5eab, 0x62f7, 0x6537, 0x6545,
    0x6572, 0x66a0, 0x67af, 0x69c1, 0x6cbd, 0x75fc, 0x7690, 0x777e, 0x7a3f, 0x7f94, 0x8003, 0x80a1, 0x818f, 0x82e6, 0x82fd, 0x83f0,
    0x85c1, 0x8831, 0x88b4, 0x8aa5, 0xf903, 0x8f9c, 0x932e, 0x96c7, 0x9867, 0x9ad8, 0x9f13, 0x54ed, 0x659b, 0x66f2, 0x688f, 0x7a40,
    0x8c37, 0x9d60, 0x56f0, 0x5764, 0x5d11, 0x6606, 0x68b1, 0x68cd, 0x6efe, 0x7428, 0x889e, 0x9be4, 0x6c68, 0xf904, 0x9aa8, 0x4f9b,
    0x516c, 0x5171, 0x529f, 0x5b54, 0x5de5, 0x6050, 0x606d, 0x62f1, 0x63a7, 0x653b, 0x73d9, 0x7a7a, 0x86a3, 0x8ca2, 0x978f, 0x4e32,
    0x5be1, 0x6208, 0x679c, 0x74dc, 0x79d1, 0x83d3, 0x8a87, 0x8ab2, 0x8de8, 0x904e, 0x934b, 0x9846, 0x5ed3, 0x69e8, 0x85ff, 0x90ed,
    0xf905, 0x51a0, 0x5b98, 0x5bec, 0x6163, 0x68fa, 0x6b3e, 0x704c, 0x742f, 0x74d8, 0x7ba1, 0x7f50, 0x83c5, 0x89c0, 0x8cab, 0x95dc,
    0x9928, 0x522e, 0x605d, 0x62ec, 0x9002, 0x4f8a, 0x5149, 0x5321, 0x58d9, 0x5ee3, 0x66e0, 0x6d38, 0x709a, 0x72c2, 0x73d6, 0x7b50,
    0x80f1, 0x945b, 0x5366, 0x639b, 0x7f6b, 0x4e56, 0x5080, 0x584a, 0x58de, 0x602a, 0x6127, 0x62d0, 0x69d0, 0x9b41, 0x5b8f, 0x7d18,
    0x80b1, 0x8f5f, 0x4ea4, 0x50d1, 0x54ac, 0x55ac, 0x5b0c, 0x5da0, 0x5de7, 0x652a, 0x654e, 0x6821, 0x6a4b, 0x72e1, 0x768e, 0x77ef,
    0x7d5e, 0x7ff9, 0x0000, 0x0000, 0x0000, 0x0000, 0x0000, 0x0000, 0x0000, 0x0000, 0x0000, 0x0000, 0x0000, 0x0000, 0x0000, 0x0000,
    0x0000, 0x0000, 0x0000, 0x0000, 0x81a0, 0x854e, 0x86df, 0x8f03, 0x8f4e, 0x90ca, 0x9903, 0x9a55, 0x9bab, 0x4e18, 0x4e45, 0x4e5d,
    0x4ec7, 0x4ff1, 0x5177, 0x52fe, 0x5340, 0x53e3, 0x53e5, 0x548e, 0x5614, 0x5775, 0x57a2, 0x5bc7, 0x5d87, 0x5ed0, 0x61fc, 0x62d8,
    0x6551, 0x67b8, 0x67e9, 0x69cb, 0x6b50, 0x6bc6, 0x6bec, 0x6c42, 0x6e9d, 0x7078, 0x72d7, 0x7396, 0x7403, 0x77bf, 0x77e9, 0x7a76,
    0x7d7f, 0x8009, 0x81fc, 0x8205, 0x820a, 0x82df, 0x8862, 0x8b33, 0x8cfc, 0x8ec0, 0x9011, 0x90b1, 0x9264, 0x92b6, 0x99d2, 0x9a45,
    0x9ce9, 0x9dd7, 0x9f9c, 0x570b, 0x5c40, 0x83ca, 0x97a0, 0x97ab, 0x9eb4, 0x541b, 0x7a98, 0x7fa4, 0x88d9, 0x8ecd, 0x90e1, 0x5800,
    0x5c48, 0x6398, 0x7a9f, 0x5bae, 0x5f13, 0x7a79, 0x7aae, 0x828e, 0x8eac, 0x5026, 0x5238, 0x52f8, 0x5377, 0x5708, 0x62f3, 0x6372,
    0x6b0a, 0x6dc3, 0x7737, 0x53a5, 0x7357, 0x8568, 0x8e76, 0x95d5, 0x673a, 0x6ac3, 0x6f70, 0x8a6d, 0x8ecc, 0x994b, 0xf906, 0x6677,
    0x6b78, 0x8cb4, 0x9b3c, 0xf907, 0x53eb, 0x572d, 0x594e, 0x63c6, 0x69fb, 0x73ea, 0x7845, 0x7aba, 0x7ac5, 0x7cfe, 0x8475, 0x898f,
    0x8d73, 0x9035, 0x95a8, 0x52fb, 0x5747, 0x7547, 0x7b60, 0x83cc, 0x921e, 0xf908, 0x6a58, 0x514b, 0x524b, 0x5287, 0x621f, 0x68d8,
    0x6975, 0x9699, 0x50c5, 0x52a4, 0x52e4, 0x61c3, 0x65a4, 0x6839, 0x69ff, 0x747e, 0x7b4b, 0x82b9, 0x83eb, 0x89b2, 0x8b39, 0x8fd1,
    0x9949, 0xf909, 0x4eca, 0x5997, 0x64d2, 0x6611, 0x6a8e, 0x7434, 0x7981, 0x79bd, 0x82a9, 0x887e, 0x887f, 0x895f, 0xf90a, 0x9326,
    0x4f0b, 0x53ca, 0x6025, 0x6271, 0x6c72, 0x7d1a, 0x7d66, 0x4e98, 0x5162, 0x77dc, 0x80af, 0x4f01, 0x4f0e, 0x5176, 0x5180, 0x55dc,
    0x0000, 0x0000, 0x0000, 0x0000, 0x0000, 0x0000, 0x0000, 0x0000, 0x0000, 0x0000, 0x0000, 0x0000, 0x0000, 0x0000, 0x0000, 0x0000,
    0x0000, 0x0000, 0x5668, 0x573b, 0x57fa, 0x57fc, 0x5914, 0x5947, 0x5993, 0x5bc4, 0x5c90, 0x5d0e, 0x5df1, 0x5e7e, 0x5fcc, 0x6280,
    0x65d7, 0x65e3, 0x671e, 0x671f, 0x675e, 0x68cb, 0x68c4, 0x6a5f, 0x6b3a, 0x6c23, 0x6c7d, 0x6c82, 0x6dc7, 0x7398, 0x7426, 0x742a,
    0x7482, 0x74a3, 0x7578, 0x757f, 0x7881, 0x78ef, 0x7941, 0x7947, 0x7948, 0x797a, 0x7b95, 0x7d00, 0x7dba, 0x7f88, 0x8006, 0x802d,
    0x808c, 0x8a18, 0x8b4f, 0x8c48, 0x8d77, 0x9321, 0x9324, 0x98e2, 0x9951, 0x9a0e, 0x9a0f, 0x9a65, 0x9e92, 0x7dca, 0x4f76, 0x5409,
    0x62ee, 0x6854, 0x91d1, 0x55ab, 0x513a, 0xf90b, 0xf90c, 0x5a1c, 0x61e6, 0xf90d, 0x62cf, 0x62ff, 0xf90e, 0xf90f, 0xf910, 0xf911,
    0xf912, 0xf913, 0x90a3, 0xf914, 0xf915, 0xf916, 0xf917, 0xf918, 0x8afe, 0xf919, 0xf91a, 0xf91b, 0xf91c, 0x6696, 0xf91d, 0x7156,
    0xf91e, 0xf91f, 0x96e3, 0xf920, 0x634f, 0x637a, 0x5357, 0xf921, 0x678f, 0x6960, 0x6e73, 0xf922, 0x7537, 0xf923, 0xf924, 0xf925,
    0x7d0d, 0xf926, 0xf927, 0x8872, 0x56ca, 0x5a18, 0xf928, 0xf929, 0xf92a, 0xf92b, 0xf92c, 0x4e43, 0xf92d, 0x5167, 0x5948, 0x67f0,
    0x8010, 0xf92e, 0x5973, 0x5e74, 0x649a, 0x79ca, 0x5ff5, 0x606c, 0x62c8, 0x637b, 0x5be7, 0x5bd7, 0x52aa, 0xf92f, 0x5974, 0x5f29,
    0x6012, 0xf930, 0xf931, 0xf932, 0x7459, 0xf933, 0xf934, 0xf935, 0xf936, 0xf937, 0xf938, 0x99d1, 0xf939, 0xf93a, 0xf93b, 0xf93c,
    0xf93d, 0xf93e, 0xf93f, 0xf940, 0xf941, 0xf942, 0xf943, 0x6fc3, 0xf944, 0xf945, 0x81bf, 0x8fb2, 0x60f1, 0xf946, 0xf947, 0x8166,
    0xf948, 0xf949, 0x5c3f, 0xf94a, 0xf94b, 0xf94c, 0xf94d, 0xf94e, 0xf94f, 0xf950, 0xf951, 0x5ae9, 0x8a25, 0x677b, 0x0000, 0x0000,
    0x0000, 0x0000, 0x0000, 0x0000, 0x0000, 0x0000, 0x0000, 0x0000, 0x0000, 0x0000, 0x0000, 0x0000, 0x0000, 0x0000, 0x0000, 0x0000,
    0x7d10, 0xf952, 0xf953, 0xf954, 0xf955, 0xf956, 0xf957, 0x80fd, 0xf958, 0xf959, 0x5c3c, 0x6ce5, 0x533f, 0x6eba, 0x591a, 0x8336,
    0x4e39, 0x4eb6, 0x4f46, 0x55ae, 0x5718, 0x58c7, 0x5f56, 0x65b7, 0x65e6, 0x6a80, 0x6bb5, 0x6e4d, 0x77ed, 0x7aef, 0x7c1e, 0x7dde,
    0x86cb, 0x8892, 0x9132, 0x935b, 0x64bb, 0x6fbe, 0x737a, 0x75b8, 0x9054, 0x5556, 0x574d, 0x61ba, 0x64d4, 0x66c7, 0x6de1, 0x6e5b,
    0x6f6d, 0x6fb9, 0x75f0, 0x8043, 0x81bd, 0x8541, 0x8983, 0x8ac7, 0x8b5a, 0x931f, 0x6c93, 0x7553, 0x7b54, 0x8e0f, 0x905d, 0x5510,
    0x5802, 0x5858, 0x5e62, 0x6207, 0x649e, 0x68e0, 0x7576, 0x7cd6, 0x87b3, 0x9ee8, 0x4ee3, 0x5788, 0x576e, 0x5927, 0x5c0d, 0x5cb1,
    0x5e36, 0x5f85, 0x6234, 0x64e1, 0x73b3, 0x81fa, 0x888b, 0x8cb8, 0x968a, 0x9edb, 0x5b85, 0x5fb7, 0x60b3, 0x5012, 0x5200, 0x5230,
    0x5716, 0x5835, 0x5857, 0x5c0e, 0x5c60, 0x5cf6, 0x5d8b, 0x5ea6, 0x5f92, 0x60bc, 0x6311, 0x6389, 0x6417, 0x6843, 0x68f9, 0x6ac2,
    0x6dd8, 0x6e21, 0x6ed4, 0x6fe4, 0x71fe, 0x76dc, 0x7779, 0x79b1, 0x7a3b, 0x8404, 0x89a9, 0x8ced, 0x8df3, 0x8e48, 0x9003, 0x9014,
    0x9053, 0x90fd, 0x934d, 0x9676, 0x97dc, 0x6bd2, 0x7006, 0x7258, 0x72a2, 0x7368, 0x7763, 0x79bf, 0x7be4, 0x7e9b, 0x8b80, 0x58a9,
    0x60c7, 0x6566, 0x65fd, 0x66be, 0x6c8c, 0x711e, 0x71c9, 0x8c5a, 0x9813, 0x4e6d, 0x7a81, 0x4edd, 0x51ac, 0x51cd, 0x52d5, 0x540c,
    0x61a7, 0x6771, 0x6850, 0x68df, 0x6d1e, 0x6f7c, 0x75bc, 0x77b3, 0x7ae5, 0x80f4, 0x8463, 0x9285, 0x515c, 0x6597, 0x675c, 0x6793,
    0x75d8, 0x7ac7, 0x8373, 0xf95a, 0x8c46, 0x9017, 0x982d, 0x5c6f, 0x81c0, 0x829a, 0x9041, 0x906f, 0x0000, 0x0000, 0x0000, 0x0000,
    0x0000, 0x0000, 0x0000, 0x0000, 0x0000, 0x0000, 0x0000, 0x0000, 0x0000, 0x0000, 0x0000, 0x0000, 0x0000, 0x0000, 0x920d, 0x5f97,
    0x5d9d, 0x6a59, 0x71c8, 0x767b, 0x7b49, 0x85e4, 0x8b04, 0x9127, 0x9a30, 0x5587, 0x61f6, 0xf95b, 0x7669, 0x7f85, 0x863f, 0x87ba,
    0x88f8, 0x908f, 0xf95c, 0x6d1b, 0x70d9, 0x73de, 0x7d61, 0x843d, 0xf95d, 0x916a, 0x99f1, 0xf95e, 0x4e82, 0x5375, 0x6b04, 0x6b12,
    0x703e, 0x721b, 0x862d, 0x9e1e, 0x524c, 0x8fa3, 0x5d50, 0x64e5, 0x652c, 0x6b16, 0x6feb, 0x7c43, 0x7e9c, 0x85cd, 0x8964, 0x89bd,
    0x62c9, 0x81d8, 0x881f, 0x5eca, 0x6717, 0x6d6a, 0x72fc, 0x7405, 0x746f, 0x8782, 0x90de, 0x4f86, 0x5d0d, 0x5fa0, 0x840a, 0x51b7,
    0x63a0, 0x7565, 0x4eae, 0x5006, 0x5169, 0x51c9, 0x6881, 0x6a11, 0x7cae, 0x7cb1, 0x7ce7, 0x826f, 0x8ad2, 0x8f1b, 0x91cf, 0x4fb6,
    0x5137, 0x52f5, 0x5442, 0x5eec, 0x616e, 0x623e, 0x65c5, 0x6ada, 0x6ffe, 0x792a, 0x85dc, 0x8823, 0x95ad, 0x9a62, 0x9a6a, 0x9e97,
    0x9ece, 0x529b, 0x66c6, 0x6b77, 0x701d, 0x792b, 0x8f62, 0x9742, 0x6190, 0x6200, 0x6523, 0x6f23, 0x7149, 0x7489, 0x7df4, 0x806f,
    0x84ee, 0x8f26, 0x9023, 0x934a, 0x51bd, 0x5217, 0x52a3, 0x6d0c, 0x70c8, 0x88c2, 0x5ec9, 0x6582, 0x6bae, 0x6fc2, 0x7c3e, 0x7375,
    0x4ee4, 0x4f36, 0x56f9, 0xf95f, 0x5cba, 0x5dba, 0x601c, 0x73b2, 0x7b2d, 0x7f9a, 0x7fce, 0x8046, 0x901e, 0x9234, 0x96f6, 0x9748,
    0x9818, 0x9f61, 0x4f8b, 0x6fa7, 0x79ae, 0x91b4, 0x96b7, 0x52de, 0xf960, 0x6488, 0x64c4, 0x6ad3, 0x6f5e, 0x7018, 0x7210, 0x76e7,
    0x8001, 0x8606, 0x865c, 0x8def, 0x8f05, 0x9732, 0x9b6f, 0x9dfa, 0x9e75, 0x788c, 0x797f, 0x7da0, 0x83c9, 0x9304, 0x9e7f, 0x9e93,
    0x8ad6, 0x58df, 0x5f04, 0x6727, 0x7027, 0x74cf, 0x7c60, 0x807e, 0x5121, 0x7028, 0x0000, 0x0000, 0x0000, 0x0000, 0x0000, 0x0000,
    0x0000, 0x0000, 0x0000, 0x0000, 0x0000, 0x0000, 0x0000, 0x0000, 0x0000, 0x0000, 0x0000, 0x0000, 0x7262, 0x78ca, 0x8cc2, 0x8cda,
    0x8cf4, 0x96f7, 0x4e86, 0x50da, 0x5bee, 0x5ed6, 0x6599, 0x71ce, 0x7642, 0x77ad, 0x804a, 0x84fc, 0x907c, 0x9b27, 0x9f8d, 0x58d8,
    0x5a41, 0x5c62, 0x6a13, 0x6dda, 0x6f0f, 0x763b, 0x7d2f, 0x7e37, 0x851e, 0x8938, 0x93e4, 0x964b, 0x5289, 0x65d2, 0x67f3, 0x69b4,
    0x6d41, 0x6e9c, 0x700f, 0x7409, 0x7460, 0x7559, 0x7624, 0x786b, 0x8b2c, 0x985e, 0x516d, 0x622e, 0x9678, 0x4f96, 0x502b, 0x5d19,
    0x6dea, 0x7db8, 0x8f2a, 0x5f8b, 0x6144, 0x6817, 0xf961, 0x9686, 0x52d2, 0x808b, 0x51dc, 0x51cc, 0x695e, 0x7a1c, 0x7dbe, 0x83f1,
    0x9675, 0x4fda, 0x5229, 0x5398, 0x540f, 0x550e, 0x5c65, 0x60a7, 0x674e, 0x68a8, 0x6d6c, 0x7281, 0x72f8, 0x7406, 0x7483, 0xf962,
    0x75e2, 0x7c6c, 0x7f79, 0x7fb8, 0x8389, 0x88cf, 0x88e1, 0x91cc, 0x91d0, 0x96e2, 0x9bc9, 0x541d, 0x6f7e, 0x71d0, 0x7498, 0x85fa,
    0x8eaa, 0x96a3, 0x9c57, 0x9e9f, 0x6797, 0x6dcb, 0x7433, 0x81e8, 0x9716, 0x782c, 0x7acb, 0x7b20, 0x7c92, 0x6469, 0x746a, 0x75f2,
    0x78bc, 0x78e8, 0x99ac, 0x9b54, 0x9ebb, 0x5bde, 0x5e55, 0x6f20, 0x819c, 0x83ab, 0x9088, 0x4e07, 0x534d, 0x5a29, 0x5dd2, 0x5f4e,
    0x6162, 0x633d, 0x6669, 0x66fc, 0x6eff, 0x6f2b, 0x7063, 0x779e, 0x842c, 0x8513, 0x883b, 0x8f13, 0x9945, 0x9c3b, 0x551c, 0x62b9,
    0x672b, 0x6cab, 0x8309, 0x896a, 0x977a, 0x4ea1, 0x5984, 0x5fd8, 0x5fd9, 0x671b, 0x7db2, 0x7f54, 0x8292, 0x832b, 0x83bd, 0x8f1e,
    0x9099, 0x57cb, 0x59b9, 0x5a92, 0x5bd0, 0x6627, 0x679a, 0x6885, 0x6bcf, 0x7164, 0x7f75, 0x8cb7, 0x8ce3, 0x9081, 0x9b45, 0x8108,
    0x8c8a, 0x964c, 0x9a40, 0x9ea5, 0x5b5f, 0x6c13, 0x731b, 0x76f2, 0x0000, 0x0000, 0x0000, 0x0000, 0x0000, 0x0000, 0x0000, 0x0000,
    0x0000, 0x0000, 0x0000, 0x0000, 0x0000, 0x0000, 0x0000, 0x0000, 0x0000, 0x0000, 0x76df, 0x840c, 0x51aa, 0x8993, 0x514d, 0x5195,
    0x52c9, 0x68c9, 0x6c94, 0x7704, 0x7720, 0x7dbf, 0x7dec, 0x9762, 0x9eb5, 0x6ec5, 0x8511, 0x51a5, 0x540d, 0x547d, 0x660e, 0x669d,
    0x6927, 0x6e9f, 0x76bf, 0x7791, 0x8317, 0x84c2, 0x879f, 0x9169, 0x9298, 0x9cf4, 0x8882, 0x4fae, 0x5192, 0x52df, 0x59c6, 0x5e3d,
    0x6155, 0x6478, 0x6479, 0x66ae, 0x67d0, 0x6a21, 0x6bcd, 0x6bdb, 0x725f, 0x7261, 0x7441, 0x7738, 0x77db, 0x8017, 0x82bc, 0x8305,
    0x8b00, 0x8b28, 0x8c8c, 0x6728, 0x6c90, 0x7267, 0x76ee, 0x7766, 0x7a46, 0x9da9, 0x6b7f, 0x6c92, 0x5922, 0x6726, 0x8499, 0x536f,
    0x5893, 0x5999, 0x5edf, 0x63cf, 0x6634, 0x6773, 0x6e3a, 0x732b, 0x7ad7, 0x82d7, 0x9328, 0x52d9, 0x5deb, 0x61ae, 0x61cb, 0x620a,
    0x62c7, 0x64ab, 0x65e0, 0x6959, 0x6b66, 0x6bcb, 0x7121, 0x73f7, 0x755d, 0x7e46, 0x821e, 0x8302, 0x856a, 0x8aa3, 0x8cbf, 0x9727,
    0x9d61, 0x58a8, 0x9ed8, 0x5011, 0x520e, 0x543b, 0x554f, 0x6587, 0x6c76, 0x7d0a, 0x7d0b, 0x805e, 0x868a, 0x9580, 0x96ef, 0x52ff,
    0x6c95, 0x7269, 0x5473, 0x5a9a, 0x5c3e, 0x5d4b, 0x5f4c, 0x5fae, 0x672a, 0x68b6, 0x6963, 0x6e3c, 0x6e44, 0x7709, 0x7c73, 0x7f8e,
    0x8587, 0x8b0e, 0x8ff7, 0x9761, 0x9ef4, 0x5cb7, 0x60b6, 0x610d, 0x61ab, 0x654f, 0x65fb, 0x65fc, 0x6c11, 0x6cef, 0x739f, 0x73c9,
    0x7de1, 0x9594, 0x5bc6, 0x871c, 0x8b10, 0x525d, 0x535a, 0x62cd, 0x640f, 0x64b2, 0x6734, 0x6a38, 0x6cca, 0x73c0, 0x749e, 0x7b94,
    0x7c95, 0x7e1b, 0x818a, 0x8236, 0x8584, 0x8feb, 0x96f9, 0x99c1, 0x4f34, 0x534a, 0x53cd, 0x53db, 0x62cc, 0x642c, 0x6500, 0x6591,
    0x69c3, 0x6cee, 0x6f58, 0x73ed, 0x7554, 0x7622, 0x0000, 0x0000, 0x0000, 0x0000, 0x0000, 0x0000, 0x0000, 0x0000, 0x0000, 0x0000,
    0x0000, 0x0000, 0x0000, 0x0000, 0x0000, 0x0000, 0x0000, 0x0000, 0x76e4, 0x76fc, 0x78d0, 0x78fb, 0x792c, 0x7d46, 0x822c, 0x87e0,
    0x8fd4, 0x9812, 0x98ef, 0x52c3, 0x62d4, 0x64a5, 0x6e24, 0x6f51, 0x767c, 0x8dcb, 0x91b1, 0x9262, 0x9aee, 0x9b43, 0x5023, 0x508d,
    0x574a, 0x59a8, 0x5c28, 0x5e47, 0x5f77, 0x623f, 0x653e, 0x65b9, 0x65c1, 0x6609, 0x678b, 0x699c, 0x6ec2, 0x78c5, 0x7d21, 0x80aa,
    0x8180, 0x822b, 0x82b3, 0x84a1, 0x868c, 0x8a2a, 0x8b17, 0x90a6, 0x9632, 0x9f90, 0x500d, 0x4ff3, 0xf963, 0x57f9, 0x5f98, 0x62dc,
    0x6392, 0x676f, 0x6e43, 0x7119, 0x76c3, 0x80cc, 0x80da, 0x88f4, 0x88f5, 0x8919, 0x8ce0, 0x8f29, 0x914d, 0x966a, 0x4f2f, 0x4f70,
    0x5e1b, 0x67cf, 0x6822, 0x767d, 0x767e, 0x9b44, 0x5e61, 0x6a0a, 0x7169, 0x71d4, 0x756a, 0xf964, 0x7e41, 0x8543, 0x85e9, 0x98dc,
    0x4f10, 0x7b4f, 0x7f70, 0x95a5, 0x51e1, 0x5e06, 0x68b5, 0x6c3e, 0x6c4e, 0x6cdb, 0x72af, 0x7bc4, 0x8303, 0x6cd5, 0x743a, 0x50fb,
    0x5288, 0x58c1, 0x64d8, 0x6a97, 0x74a7, 0x7656, 0x78a7, 0x8617, 0x95e2, 0x9739, 0xf965, 0x535e, 0x5f01, 0x8b8a, 0x8fa8, 0x8faf,
    0x908a, 0x5225, 0x77a5, 0x9c49, 0x9f08, 0x4e19, 0x5002, 0x5175, 0x5c5b, 0x5e77, 0x661e, 0x663a, 0x67c4, 0x68c5, 0x70b3, 0x7501,
    0x75c5, 0x79c9, 0x7add, 0x8f27, 0x9920, 0x9a08, 0x4fdd, 0x5821, 0x5831, 0x5bf6, 0x666e, 0x6b65, 0x6d11, 0x6e7a, 0x6f7d, 0x73e4,
    0x752b, 0x83e9, 0x88dc, 0x8913, 0x8b5c, 0x8f14, 0x4f0f, 0x50d5, 0x5310, 0x535c, 0x5b93, 0x5fa9, 0x670d, 0x798f, 0x8179, 0x832f,
    0x8514, 0x8907, 0x8986, 0x8f39, 0x8f3b, 0x99a5, 0x9c12, 0x672c, 0x4e76, 0x4ff8, 0x5949, 0x5c01, 0x5cef, 0x5cf0, 0x6367, 0x68d2,
    0x70fd, 0x71a2, 0x742b, 0x7e2b, 0x0000, 0x0000, 0x0000, 0x0000, 0x0000, 0x0000, 0x0000, 0x0000, 0x0000, 0x0000, 0x0000, 0x0000,
    0x0000, 0x0000, 0x0000, 0x0000, 0x0000, 0x0000, 0x84ec, 0x8702, 0x9022, 0x92d2, 0x9cf3, 0x4e0d, 0x4ed8, 0x4fef, 0x5085, 0x5256,
    0x526f, 0x5426, 0x5490, 0x57e0, 0x592b, 0x5a66, 0x5b5a, 0x5b75, 0x5bcc, 0x5e9c, 0xf966, 0x6276, 0x6577, 0x65a7, 0x6d6e, 0x6ea5,
    0x7236, 0x7b26, 0x7c3f, 0x7f36, 0x8150, 0x8151, 0x819a, 0x8240, 0x8299, 0x83a9, 0x8a03, 0x8ca0, 0x8ce6, 0x8cfb, 0x8d74, 0x8dba,
    0x90e8, 0x91dc, 0x961c, 0x9644, 0x99d9, 0x9ce7, 0x5317, 0x5206, 0x5429, 0x5674, 0x58b3, 0x5954, 0x596e, 0x5fff, 0x61a4, 0x626e,
    0x6610, 0x6c7e, 0x711a, 0x76c6, 0x7c89, 0x7cde, 0x7d1b, 0x82ac, 0x8cc1, 0x96f0, 0xf967, 0x4f5b, 0x5f17, 0x5f7f, 0x62c2, 0x5d29,
    0x670b, 0x68da, 0x787c, 0x7e43, 0x9d6c, 0x4e15, 0x5099, 0x5315, 0x532a, 0x5351, 0x5983, 0x5a62, 0x5e87, 0x60b2, 0x618a, 0x6249,
    0x6279, 0x6590, 0x6787, 0x69a7, 0x6bd4, 0x6bd6, 0x6bd7, 0x6bd8, 0x6cb8, 0xf968, 0x7435, 0x75fa, 0x7812, 0x7891, 0x79d5, 0x79d8,
    0x7c83, 0x7dcb, 0x7fe1, 0x80a5, 0x813e, 0x81c2, 0x83f2, 0x871a, 0x88e8, 0x8ab9, 0x8b6c, 0x8cbb, 0x9119, 0x975e, 0x98db, 0x9f3b,
    0x56ac, 0x5b2a, 0x5f6c, 0x658c, 0x6ab3, 0x6baf, 0x6d5c, 0x6ff1, 0x7015, 0x725d, 0x73ad, 0x8ca7, 0x8cd3, 0x983b, 0x6191, 0x6c37,
    0x8058, 0x9a01, 0x4e4d, 0x4e8b, 0x4e9b, 0x4ed5, 0x4f3a, 0x4f3c, 0x4f7f, 0x4fdf, 0x50ff, 0x53f2, 0x53f8, 0x5506, 0x55e3, 0x56db,
    0x58eb, 0x5962, 0x5a11, 0x5beb, 0x5bfa, 0x5c04, 0x5df3, 0x5e2b, 0x5f99, 0x601d, 0x6368, 0x659c, 0x65af, 0x67f6, 0x67fb, 0x68ad,
    0x6b7b, 0x6c99, 0x6cd7, 0x6e23, 0x7009, 0x7345, 0x7802, 0x793e, 0x7940, 0x7960, 0x79c1, 0x7be9, 0x7d17, 0x7d72, 0x8086, 0x820d,
    0x838e, 0x84d1, 0x0000, 0x0000, 0x0000, 0x0000, 0x0000, 0x0000, 0x0000, 0x0000, 0x0000, 0x0000, 0x0000, 0x0000, 0x0000, 0x0000,
    0x0000, 0x0000, 0x0000, 0x0000, 0x86c7, 0x88df, 0x8a50, 0x8a5e, 0x8b1d, 0x8cdc, 0x8d66, 0x8fad, 0x90aa, 0x98fc, 0x99df, 0x9e9d,
    0x524a, 0xf969, 0x6714, 0xf96a, 0x5098, 0x522a, 0x5c71, 0x6563, 0x6c55, 0x73ca, 0x7523, 0x759d, 0x7b97, 0x849c, 0x9178, 0x9730,
    0x4e77, 0x6492, 0x6bba, 0x715e, 0x85a9, 0x4e09, 0xf96b, 0x6749, 0x68ee, 0x6e17, 0x829f, 0x8518, 0x886b, 0x63f7, 0x6f81, 0x9212,
    0x98af, 0x4e0a, 0x50b7, 0x50cf, 0x511f, 0x5546, 0x55aa, 0x5617, 0x5b40, 0x5c19, 0x5ce0, 0x5e38, 0x5e8a, 0x5ea0, 0x5ec2, 0x60f3,
    0x6851, 0x6a61, 0x6e58, 0x723d, 0x7240, 0x72c0, 0x76f8, 0x7965, 0x7bb1, 0x7fd4, 0x88f3, 0x89f4, 0x8a73, 0x8c61, 0x8cde, 0x971c,
    0x585e, 0x74bd, 0x8cfd, 0x55c7, 0xf96c, 0x7a61, 0x7d22, 0x8272, 0x7272, 0x751f, 0x7525, 0xf96d, 0x7b19, 0x5885, 0x58fb, 0x5dbc,
    0x5e8f, 0x5eb6, 0x5f90, 0x6055, 0x6292, 0x637f, 0x654d, 0x6691, 0x66d9, 0x66f8, 0x6816, 0x68f2, 0x7280, 0x745e, 0x7b6e, 0x7d6e,
    0x7dd6, 0x7f72, 0x80e5, 0x8212, 0x85af, 0x897f, 0x8a93, 0x901d, 0x92e4, 0x9ecd, 0x9f20, 0x5915, 0x596d, 0x5e2d, 0x60dc, 0x6614,
    0x6673, 0x6790, 0x6c50, 0x6dc5, 0x6f5f, 0x77f3, 0x78a9, 0x84c6, 0x91cb, 0x932b, 0x4ed9, 0x50ca, 0x5148, 0x5584, 0x5b0b, 0x5ba3,
    0x6247, 0x657e, 0x65cb, 0x6e32, 0x717d, 0x7401, 0x7444, 0x7487, 0x74bf, 0x766c, 0x79aa, 0x7dda, 0x7e55, 0x7fa8, 0x817a, 0x81b3,
    0x8239, 0x861a, 0x87ec, 0x8a75, 0x8de3, 0x9078, 0x9291, 0x9425, 0x994d, 0x9bae, 0x5368, 0x5c51, 0x6954, 0x6cc4, 0x6d29, 0x6e2b,
    0x820c, 0x859b, 0x893b, 0x8a2d, 0x8aaa, 0x96ea, 0x9f67, 0x5261, 0x66b9, 0x6bb2, 0x7e96, 0x87fe, 0x8d0d, 0x9583, 0x965d, 0x651d,
    0x0000, 0x0000, 0x0000, 0x0000, 0x0000, 0x0000, 0x0000, 0x0000, 0x0000, 0x0000, 0x0000, 0x0000, 0x0000, 0x0000, 0x0000, 0x0000,
    0x0000, 0x0000, 0x6d89, 0x71ee, 0xf96e, 0x57ce, 0x59d3, 0x5bac, 0x6027, 0x60fa, 0x6210, 0x661f, 0x665f, 0x7329, 0x73f9, 0x76db,
    0x7701, 0x7b6c, 0x8056, 0x8072, 0x8165, 0x8aa0, 0x9192, 0x4e16, 0x52e2, 0x6b72, 0x6d17, 0x7a05, 0x7b39, 0x7d30, 0xf96f, 0x8cb0,
    0x53ec, 0x562f, 0x5851, 0x5bb5, 0x5c0f, 0x5c11, 0x5de2, 0x6240, 0x6383, 0x6414, 0x662d, 0x68b3, 0x6cbc, 0x6d88, 0x6eaf, 0x701f,
    0x70a4, 0x71d2, 0x7526, 0x758f, 0x758e, 0x7619, 0x7b11, 0x7be0, 0x7c2b, 0x7d20, 0x7d39, 0x852c, 0x856d, 0x8607, 0x8a34, 0x900d,
    0x9061, 0x90b5, 0x92b7, 0x97f6, 0x9a37, 0x4fd7, 0x5c6c, 0x675f, 0x6d91, 0x7c9f, 0x7e8c, 0x8b16, 0x8d16, 0x901f, 0x5b6b, 0x5dfd,
    0x640d, 0x84c0, 0x905c, 0x98e1, 0x7387, 0x5b8b, 0x609a, 0x677e, 0x6dde, 0x8a1f, 0x8aa6, 0x9001, 0x980c, 0x5237, 0xf970, 0x7051,
    0x788e, 0x9396, 0x8870, 0x91d7, 0x4fee, 0x53d7, 0x55fd, 0x56da, 0x5782, 0x58fd, 0x5ac2, 0x5b88, 0x5cab, 0x5cc0, 0x5e25, 0x6101,
    0x620d, 0x624b, 0x6388, 0x641c, 0x6536, 0x6578, 0x6a39, 0x6b8a, 0x6c34, 0x6d19, 0x6f31, 0x71e7, 0x72e9, 0x7378, 0x7407, 0x74b2,
    0x7626, 0x7761, 0x79c0, 0x7a57, 0x7aea, 0x7cb9, 0x7d8f, 0x7dac, 0x7e61, 0x7f9e, 0x8129, 0x8331, 0x8490, 0x84da, 0x85ea, 0x8896,
    0x8ab0, 0x8b90, 0x8f38, 0x9042, 0x9083, 0x916c, 0x9296, 0x92b9, 0x968b, 0x96a7, 0x96a8, 0x96d6, 0x9700, 0x9808, 0x9996, 0x9ad3,
    0x9b1a, 0x53d4, 0x587e, 0x5919, 0x5b70, 0x5bbf, 0x6dd1, 0x6f5a, 0x719f, 0x7421, 0x74b9, 0x8085, 0x83fd, 0x5de1, 0x5f87, 0x5faa,
    0x6042, 0x65ec, 0x6812, 0x696f, 0x6a53, 0x6b89, 0x6d35, 0x6df3, 0x73e3, 0x76fe, 0x77ac, 0x7b4d, 0x7d14, 0x8123, 0x0000, 0x0000,
    0x0000, 0x0000, 0x0000, 0x0000, 0x0000, 0x0000, 0x0000, 0x0000, 0x0000, 0x0000, 0x0000, 0x0000, 0x0000, 0x0000, 0x0000, 0x0000,
    0x821c, 0x8340, 0x84f4, 0x8563, 0x8a62, 0x8ac4, 0x9187, 0x931e, 0x9806, 0x99b4, 0x620c, 0x8853, 0x8ff0, 0x9265, 0x5d07, 0x5d27,
    0x5d69, 0x745f, 0x819d, 0x8768, 0x6fd5, 0x62fe, 0x7fd2, 0x8936, 0x8972, 0x4e1e, 0x4e58, 0x50e7, 0x52dd, 0x5347, 0x627f, 0x6607,
    0x7e69, 0x8805, 0x965e, 0x4f8d, 0x5319, 0x5636, 0x59cb, 0x5aa4, 0x5c38, 0x5c4e, 0x5c4d, 0x5e02, 0x5f11, 0x6043, 0x65bd, 0x662f,
    0x6642, 0x67be, 0x67f4, 0x731c, 0x77e2, 0x793a, 0x7fc5, 0x8494, 0x84cd, 0x8996, 0x8a66, 0x8a69, 0x8ae1, 0x8c55, 0x8c7a, 0x57f4,
    0x5bd4, 0x5f0f, 0x606f, 0x62ed, 0x690d, 0x6b96, 0x6e5c, 0x7184, 0x7bd2, 0x8755, 0x8b58, 0x8efe, 0x98df, 0x98fe, 0x4f38, 0x4f81,
    0x4fe1, 0x547b, 0x5a20, 0x5bb8, 0x613c, 0x65b0, 0x6668, 0x71fc, 0x7533, 0x795e, 0x7d33, 0x814e, 0x81e3, 0x8398, 0x85aa, 0x85ce,
    0x8703, 0x8a0a, 0x8eab, 0x8f9b, 0xf971, 0x8fc5, 0x5931, 0x5ba4, 0x5be6, 0x6089, 0x5be9, 0x5c0b, 0x5fc3, 0x6c81, 0xf972, 0x6df1,
    0x700b, 0x751a, 0x82af, 0x8af6, 0x4ec0, 0x5341, 0xf973, 0x96d9, 0x6c0f, 0x4e9e, 0x4fc4, 0x5152, 0x555e, 0x5a25, 0x5ce8, 0x6211,
    0x7259, 0x82bd, 0x83aa, 0x86fe, 0x8859, 0x8a1d, 0x963f, 0x96c5, 0x9913, 0x9d09, 0x9d5d, 0x580a, 0x5cb3, 0x5dbd, 0x5e44, 0x60e1,
    0x6115, 0x63e1, 0x6a02, 0x6e25, 0x9102, 0x9354, 0x984e, 0x9c10, 0x9f77, 0x5b89, 0x5cb8, 0x6309, 0x664f, 0x6848, 0x773c, 0x96c1,
    0x978d, 0x9854, 0x9b9f, 0x65a1, 0x8b01, 0x8ecb, 0x95bc, 0x5535, 0x5ca9, 0x5dd6, 0x5eb5, 0x6697, 0x764c, 0x83f4, 0x95c7, 0x58d3,
    0x62bc, 0x72ce, 0x9d28, 0x4ef0, 0x592e, 0x600f, 0x663b, 0x6b83, 0x79e7, 0x9d26, 0x5393, 0x54c0, 0x0000, 0x0000, 0x0000, 0x0000,
    0x0000, 0x0000, 0x0000, 0x0000, 0x0000, 0x0000, 0x0000, 0x0000, 0x0000, 0x0000, 0x0000, 0x0000, 0x0000, 0x0000, 0x57c3, 0x5d16,
    0x611b, 0x66d6, 0x6daf, 0x788d, 0x827e, 0x9698, 0x9744, 0x5384, 0x627c, 0x6396, 0x6db2, 0x7e0a, 0x814b, 0x984d, 0x6afb, 0x7f4c,
    0x9daf, 0x9e1a, 0x4e5f, 0x503b, 0x51b6, 0x591c, 0x60f9, 0x63f6, 0x6930, 0x723a, 0x8036, 0xf974, 0x91ce, 0x5f31, 0xf975, 0xf976,
    0x7d04, 0x82e5, 0x846f, 0x84bb, 0x85e5, 0x8e8d, 0xf977, 0x4f6f, 0xf978, 0xf979, 0x58e4, 0x5b43, 0x6059, 0x63da, 0x6518, 0x656d,
    0x6698, 0xf97a, 0x694a, 0x6a23, 0x6d0b, 0x7001, 0x716c, 0x75d2, 0x760d, 0x79b3, 0x7a70, 0xf97b, 0x7f8a, 0xf97c, 0x8944, 0xf97d,
    0x8b93, 0x91c0, 0x967d, 0xf97e, 0x990a, 0x5704, 0x5fa1, 0x65bc, 0x6f01, 0x7600, 0x79a6, 0x8a9e, 0x99ad, 0x9b5a, 0x9f6c, 0x5104,
    0x61b6, 0x6291, 0x6a8d, 0x81c6, 0x5043, 0x5830, 0x5f66, 0x7109, 0x8a00, 0x8afa, 0x5b7c, 0x8616, 0x4ffa, 0x513c, 0x56b4, 0x5944,
    0x63a9, 0x6df9, 0x5daa, 0x696d, 0x5186, 0x4e88, 0x4f59, 0xf97f, 0xf980, 0xf981, 0x5982, 0xf982, 0xf983, 0x6b5f, 0x6c5d, 0xf984,
    0x74b5, 0x7916, 0xf985, 0x8207, 0x8245, 0x8339, 0x8f3f, 0x8f5d, 0xf986, 0x9918, 0xf987, 0xf988, 0xf989, 0x4ea6, 0xf98a, 0x57df,
    0x5f79, 0x6613, 0xf98b, 0xf98c, 0x75ab, 0x7e79, 0x8b6f, 0xf98d, 0x9006, 0x9a5b, 0x56a5, 0x5827, 0x59f8, 0x5a1f, 0x5bb4, 0xf98e,
    0x5ef6, 0xf98f, 0xf990, 0x6350, 0x633b, 0xf991, 0x693d, 0x6c87, 0x6cbf, 0x6d8e, 0x6d93, 0x6df5, 0x6f14, 0xf992, 0x70df, 0x7136,
    0x7159, 0xf993, 0x71c3, 0x71d5, 0xf994, 0x784f, 0x786f, 0xf995, 0x7b75, 0x7de3, 0xf996, 0x7e2f, 0xf997, 0x884d, 0x8edf, 0xf998,
    0xf999, 0xf99a, 0x925b, 0xf99b, 0x9cf6, 0xf99c, 0xf99d, 0xf99e, 0x6085, 0x6d85, 0x0000, 0x0000, 0x0000, 0x0000, 0x0000, 0x0000,
    0x0000, 0x0000, 0x0000, 0x0000, 0x0000, 0x0000, 0x0000, 0x0000, 0x0000, 0x0000, 0x0000, 0x0000, 0xf99f, 0x71b1, 0xf9a0, 0xf9a1,
    0x95b1, 0x53ad, 0xf9a2, 0xf9a3, 0xf9a4, 0x67d3, 0xf9a5, 0x708e, 0x7130, 0x7430, 0x8276, 0x82d2, 0xf9a6, 0x95bb, 0x9ae5, 0x9e7d,
    0x66c4, 0xf9a7, 0x71c1, 0x8449, 0xf9a8, 0xf9a9, 0x584b, 0xf9aa, 0xf9ab, 0x5db8, 0x5f71, 0xf9ac, 0x6620, 0x668e, 0x6979, 0x69ae,
    0x6c38, 0x6cf3, 0x6e36, 0x6f41, 0x6fda, 0x701b, 0x702f, 0x7150, 0x71df, 0x7370, 0xf9ad, 0x745b, 0xf9ae, 0x74d4, 0x76c8, 0x7a4e,
    0x7e93, 0xf9af, 0xf9b0, 0x82f1, 0x8a60, 0x8fce, 0xf9b1, 0x9348, 0xf9b2, 0x9719, 0xf9b3, 0xf9b4, 0x4e42, 0x502a, 0xf9b5, 0x5208,
    0x53e1, 0x66f3, 0x6c6d, 0x6fca, 0x730a, 0x777f, 0x7a62, 0x82ae, 0x85dd, 0x8602, 0xf9b6, 0x88d4, 0x8a63, 0x8b7d, 0x8c6b, 0xf9b7,
    0x92b3, 0xf9b8, 0x9713, 0x9810, 0x4e94, 0x4f0d, 0x4fc9, 0x50b2, 0x5348, 0x543e, 0x5433, 0x55da, 0x5862, 0x58ba, 0x5967, 0x5a1b,
    0x5be4, 0x609f, 0xf9b9, 0x61ca, 0x6556, 0x65ff, 0x6664, 0x68a7, 0x6c5a, 0x6fb3, 0x70cf, 0x71ac, 0x7352, 0x7b7d, 0x8708, 0x8aa4,
    0x9c32, 0x9f07, 0x5c4b, 0x6c83, 0x7344, 0x7389, 0x923a, 0x6eab, 0x7465, 0x761f, 0x7a69, 0x7e15, 0x860a, 0x5140, 0x58c5, 0x64c1,
    0x74ee, 0x7515, 0x7670, 0x7fc1, 0x9095, 0x96cd, 0x9954, 0x6e26, 0x74e6, 0x7aa9, 0x7aaa, 0x81e5, 0x86d9, 0x8778, 0x8a1b, 0x5a49,
    0x5b8c, 0x5b9b, 0x68a1, 0x6900, 0x6d63, 0x73a9, 0x7413, 0x742c, 0x7897, 0x7de9, 0x7feb, 0x8118, 0x8155, 0x839e, 0x8c4c, 0x962e,
    0x9811, 0x66f0, 0x5f80, 0x65fa, 0x6789, 0x6c6a, 0x738b, 0x502d, 0x5a03, 0x6b6a, 0x77ee, 0x5916, 0x5d6c, 0x5dcd, 0x7325, 0x754f,
    0xf9ba, 0xf9bb, 0x50e5, 0x51f9, 0x582f, 0x592d, 0x5996, 0x59da, 0x0000, 0x0000, 0x0000, 0x0000, 0x0000, 0x0000, 0x0000, 0x0000,
    0x0000, 0x0000, 0x0000, 0x0000, 0x0000, 0x0000, 0x0000, 0x0000, 0x0000, 0x0000, 0x5be5, 0xf9bc, 0xf9bd, 0x5da2, 0x62d7, 0x6416,
    0x6493, 0x64fe, 0xf9be, 0x66dc, 0xf9bf, 0x6a48, 0xf9c0, 0x71ff, 0x7464, 0xf9c1, 0x7a88, 0x7aaf, 0x7e47, 0x7e5e, 0x8000, 0x8170,
    0xf9c2, 0x87ef, 0x8981, 0x8b20, 0x9059, 0xf9c3, 0x9080, 0x9952, 0x617e, 0x6b32, 0x6d74, 0x7e1f, 0x8925, 0x8fb1, 0x4fd1, 0x50ad,
    0x5197, 0x52c7, 0x57c7, 0x5889, 0x5bb9, 0x5eb8, 0x6142, 0x6995, 0x6d8c, 0x6e67, 0x6eb6, 0x7194, 0x7462, 0x7528, 0x752c, 0x8073,
    0x8338, 0x84c9, 0x8e0a, 0x9394, 0x93de, 0xf9c4, 0x4e8e, 0x4f51, 0x5076, 0x512a, 0x53c8, 0x53cb, 0x53f3, 0x5b87, 0x5bd3, 0x5c24,
    0x611a, 0x6182, 0x65f4, 0x725b, 0x7397, 0x7440, 0x76c2, 0x7950, 0x7991, 0x79b9, 0x7d06, 0x7fbd, 0x828b, 0x85d5, 0x865e, 0x8fc2,
    0x9047, 0x90f5, 0x91ea, 0x9685, 0x96e8, 0x96e9, 0x52d6, 0x5f67, 0x65ed, 0x6631, 0x682f, 0x715c, 0x7a36, 0x90c1, 0x980a, 0x4e91,
    0xf9c5, 0x6a52, 0x6b9e, 0x6f90, 0x7189, 0x8018, 0x82b8, 0x8553, 0x904b, 0x9695, 0x96f2, 0x97fb, 0x851a, 0x9b31, 0x4e90, 0x718a,
    0x96c4, 0x5143, 0x539f, 0x54e1, 0x5713, 0x5712, 0x57a3, 0x5a9b, 0x5ac4, 0x5bc3, 0x6028, 0x613f, 0x63f4, 0x6c85, 0x6d39, 0x6e72,
    0x6e90, 0x7230, 0x733f, 0x7457, 0x82d1, 0x8881, 0x8f45, 0x9060, 0xf9c6, 0x9662, 0x9858, 0x9d1b, 0x6708, 0x8d8a, 0x925e, 0x4f4d,
    0x5049, 0x50de, 0x5371, 0x570d, 0x59d4, 0x5a01, 0x5c09, 0x6170, 0x6690, 0x6e2d, 0x7232, 0x744b, 0x7def, 0x80c3, 0x840e, 0x8466,
    0x853f, 0x875f, 0x885b, 0x8918, 0x8b02, 0x9055, 0x97cb, 0x9b4f, 0x4e73, 0x4f91, 0x5112, 0x516a, 0xf9c7, 0x552f, 0x55a9, 0x5b7a,
    0x5ba5, 0x5e7c, 0x5e7d, 0x5ebe, 0x60a0, 0x60df, 0x0000, 0x0000, 0x0000, 0x0000, 0x0000, 0x0000, 0x0000, 0x0000, 0x0000, 0x0000,
    0x0000, 0x0000, 0x0000, 0x0000, 0x0000, 0x0000, 0x0000, 0x0000, 0x6108, 0x6109, 0x63c4, 0x6538, 0x6709, 0xf9c8, 0x67d4, 0x67da,
    0xf9c9, 0x6961, 0x6962, 0x6cb9, 0x6d27, 0xf9ca, 0x6e38, 0xf9cb, 0x6fe1, 0x7336, 0x7337, 0xf9cc, 0x745c, 0x7531, 0xf9cd, 0x7652,
    0xf9ce, 0xf9cf, 0x7dad, 0x81fe, 0x8438, 0x88d5, 0x8a98, 0x8adb, 0x8aed, 0x8e30, 0x8e42, 0x904a, 0x903e, 0x907a, 0x9149, 0x91c9,
    0x936e, 0xf9d0, 0xf9d1, 0x5809, 0xf9d2, 0x6bd3, 0x8089, 0x80b2, 0xf9d3, 0xf9d4, 0x5141, 0x596b, 0x5c39, 0xf9d5, 0xf9d6, 0x6f64,
    0x73a7, 0x80e4, 0x8d07, 0xf9d7, 0x9217, 0x958f, 0xf9d8, 0xf9d9, 0xf9da, 0xf9db, 0x807f, 0x620e, 0x701c, 0x7d68, 0x878d, 0xf9dc,
    0x57a0, 0x6069, 0x6147, 0x6bb7, 0x8abe, 0x9280, 0x96b1, 0x4e59, 0x541f, 0x6deb, 0x852d, 0x9670, 0x97f3, 0x98ee, 0x63d6, 0x6ce3,
    0x9091, 0x51dd, 0x61c9, 0x81ba, 0x9df9, 0x4f9d, 0x501a, 0x5100, 0x5b9c, 0x610f, 0x61ff, 0x64ec, 0x6905, 0x6bc5, 0x7591, 0x77e3,
    0x7fa9, 0x8264, 0x858f, 0x87fb, 0x8863, 0x8abc, 0x8b70, 0x91ab, 0x4e8c, 0x4ee5, 0x4f0a, 0xf9dd, 0xf9de, 0x5937, 0x59e8, 0xf9df,
    0x5df2, 0x5f1b, 0x5f5b, 0x6021, 0xf9e0, 0xf9e1, 0xf9e2, 0xf9e3, 0x723e, 0x73e5, 0xf9e4, 0x7570, 0x75cd, 0xf9e5, 0x79fb, 0xf9e6,
    0x800c, 0x8033, 0x8084, 0x82e1, 0x8351, 0xf9e7, 0xf9e8, 0x8cbd, 0x8cb3, 0x9087, 0xf9e9, 0xf9ea, 0x98f4, 0x990c, 0xf9eb, 0xf9ec,
    0x7037, 0x76ca, 0x7fca, 0x7fcc, 0x7ffc, 0x8b1a, 0x4eba, 0x4ec1, 0x5203, 0x5370, 0xf9ed, 0x54bd, 0x56e0, 0x59fb, 0x5bc5, 0x5f15,
    0x5fcd, 0x6e6e, 0xf9ee, 0xf9ef, 0x7d6a, 0x8335, 0xf9f0, 0x8693, 0x8a8d, 0xf9f1, 0x976d, 0x9777, 0xf9f2, 0xf9f3, 0x4e00, 0x4f5a,
    0x4f7e, 0x58f9, 0x65e5, 0x6ea2, 0x0000, 0x0000, 0x0000, 0x0000, 0x0000, 0x0000, 0x0000, 0x0000, 0x0000, 0x0000, 0x0000, 0x0000,
    0x0000, 0x0000, 0x0000, 0x0000, 0x0000, 0x0000, 0x9038, 0x93b0, 0x99b9, 0x4efb, 0x58ec, 0x598a, 0x59d9, 0x6041, 0xf9f4, 0xf9f5,
    0x7a14, 0xf9f6, 0x834f, 0x8cc3, 0x5165, 0x5344, 0xf9f7, 0xf9f8, 0xf9f9, 0x4ecd, 0x5269, 0x5b55, 0x82bf, 0x4ed4, 0x523a, 0x54a8,
    0x59c9, 0x59ff, 0x5b50, 0x5b57, 0x5b5c, 0x6063, 0x6148, 0x6ecb, 0x7099, 0x716e, 0x7386, 0x74f7, 0x75b5, 0x78c1, 0x7d2b, 0x8005,
    0x81ea, 0x8328, 0x8517, 0x85c9, 0x8aee, 0x8cc7, 0x96cc, 0x4f5c, 0x52fa, 0x56bc, 0x65ab, 0x6628, 0x707c, 0x70b8, 0x7235, 0x7dbd,
    0x828d, 0x914c, 0x96c0, 0x9d72, 0x5b71, 0x68e7, 0x6b98, 0x6f7a, 0x76de, 0x5c91, 0x66ab, 0x6f5b, 0x7bb4, 0x7c2a, 0x8836, 0x96dc,
    0x4e08, 0x4ed7, 0x5320, 0x5834, 0x58bb, 0x58ef, 0x596c, 0x5c07, 0x5e33, 0x5e84, 0x5f35, 0x638c, 0x66b2, 0x6756, 0x6a1f, 0x6aa3,
    0x6b0c, 0x6f3f, 0x7246, 0xf9fa, 0x7350, 0x748b, 0x7ae0, 0x7ca7, 0x8178, 0x81df, 0x81e7, 0x838a, 0x846c, 0x8523, 0x8594, 0x85cf,
    0x88dd, 0x8d13, 0x91ac, 0x9577, 0x969c, 0x518d, 0x54c9, 0x5728, 0x5bb0, 0x624d, 0x6750, 0x683d, 0x6893, 0x6e3d, 0x6ed3, 0x707d,
    0x7e21, 0x88c1, 0x8ca1, 0x8f09, 0x9f4b, 0x9f4e, 0x722d, 0x7b8f, 0x8acd, 0x931a, 0x4f47, 0x4f4e, 0x5132, 0x5480, 0x59d0, 0x5e95,
    0x62b5, 0x6775, 0x696e, 0x6a17, 0x6cae, 0x6e1a, 0x72d9, 0x732a, 0x75bd, 0x7bb8, 0x7d35, 0x82e7, 0x83f9, 0x8457, 0x85f7, 0x8a5b,
    0x8caf, 0x8e87, 0x9019, 0x90b8, 0x96ce, 0x9f5f, 0x52e3, 0x540a, 0x5ae1, 0x5bc2, 0x6458, 0x6575, 0x6ef4, 0x72c4, 0xf9fb, 0x7684,
    0x7a4d, 0x7b1b, 0x7c4d, 0x7e3e, 0x7fdf, 0x837b, 0x8b2b, 0x8cca, 0x8d64, 0x8de1, 0x8e5f, 0x8fea, 0x8ff9, 0x9069, 0x93d1, 0x4f43,
    0x4f7a, 0x50b3, 0x0000, 0x0000, 0x0000, 0x0000, 0x0000, 0x0000, 0x0000, 0x0000, 0x0000, 0x0000, 0x0000, 0x0000, 0x0000, 0x0000,
    0x0000, 0x0000, 0x0000, 0x0000, 0x5168, 0x5178, 0x524d, 0x526a, 0x5861, 0x587c, 0x5960, 0x5c08, 0x5c55, 0x5edb, 0x609b, 0x6230,
    0x6813, 0x6bbf, 0x6c08, 0x6fb1, 0x714e, 0x7420, 0x7530, 0x7538, 0x7551, 0x7672, 0x7b4c, 0x7b8b, 0x7bad, 0x7bc6, 0x7e8f, 0x8a6e,
    0x8f3e, 0x8f49, 0x923f, 0x9293, 0x9322, 0x942b, 0x96fb, 0x985a, 0x986b, 0x991e, 0x5207, 0x622a, 0x6298, 0x6d59, 0x7664, 0x7aca,
    0x7bc0, 0x7d76, 0x5360, 0x5cbe, 0x5e97, 0x6f38, 0x70b9, 0x7c98, 0x9711, 0x9b8e, 0x9ede, 0x63a5, 0x647a, 0x8776, 0x4e01, 0x4e95,
    0x4ead, 0x505c, 0x5075, 0x5448, 0x59c3, 0x5b9a, 0x5e40, 0x5ead, 0x5ef7, 0x5f81, 0x60c5, 0x633a, 0x653f, 0x6574, 0x65cc, 0x6676,
    0x6678, 0x67fe, 0x6968, 0x6a89, 0x6b63, 0x6c40, 0x6dc0, 0x6de8, 0x6e1f, 0x6e5e, 0x701e, 0x70a1, 0x738e, 0x73fd, 0x753a, 0x775b,
    0x7887, 0x798e, 0x7a0b, 0x7a7d, 0x7cbe, 0x7d8e, 0x8247, 0x8a02, 0x8aea, 0x8c9e, 0x912d, 0x914a, 0x91d8, 0x9266, 0x92cc, 0x9320,
    0x9706, 0x9756, 0x975c, 0x9802, 0x9f0e, 0x5236, 0x5291, 0x557c, 0x5824, 0x5e1d, 0x5f1f, 0x608c, 0x63d0, 0x68af, 0x6fdf, 0x796d,
    0x7b2c, 0x81cd, 0x85ba, 0x88fd, 0x8af8, 0x8e44, 0x918d, 0x9664, 0x969b, 0x973d, 0x984c, 0x9f4a, 0x4fce, 0x5146, 0x51cb, 0x52a9,
    0x5632, 0x5f14, 0x5f6b, 0x63aa, 0x64cd, 0x65e9, 0x6641, 0x66fa, 0x66f9, 0x671d, 0x689d, 0x68d7, 0x69fd, 0x6f15, 0x6f6e, 0x7167,
    0x71e5, 0x722a, 0x74aa, 0x773a, 0x7956, 0x795a, 0x79df, 0x7a20, 0x7a95, 0x7c97, 0x7cdf, 0x7d44, 0x7e70, 0x8087, 0x85fb, 0x86a4,
    0x8a54, 0x8abf, 0x8d99, 0x8e81, 0x9020, 0x906d, 0x91e3, 0x963b, 0x96d5, 0x9ce5, 0x65cf, 0x7c07, 0x8db3, 0x93c3, 0x5b58, 0x5c0a,
    0x0000, 0x0000, 0x0000, 0x0000, 0x0000, 0x0000, 0x0000, 0x0000, 0x0000, 0x0000, 0x0000, 0x0000, 0x0000, 0x0000, 0x0000, 0x0000,
    0x0000, 0x0000, 0x5352, 0x62d9, 0x731d, 0x5027, 0x5b97, 0x5f9e, 0x60b0, 0x616b, 0x68d5, 0x6dd9, 0x742e, 0x7a2e, 0x7d42, 0x7d9c,
    0x7e31, 0x816b, 0x8e2a, 0x8e35, 0x937e, 0x9418, 0x4f50, 0x5750, 0x5de6, 0x5ea7, 0x632b, 0x7f6a, 0x4e3b, 0x4f4f, 0x4f8f, 0x505a,
    0x59dd, 0x80c4, 0x546a, 0x5468, 0x55fe, 0x594f, 0x5b99, 0x5dde, 0x5eda, 0x665d, 0x6731, 0x67f1, 0x682a, 0x6ce8, 0x6d32, 0x6e4a,
    0x6f8d, 0x70b7, 0x73e0, 0x7587, 0x7c4c, 0x7d02, 0x7d2c, 0x7da2, 0x821f, 0x86db, 0x8a3b, 0x8a85, 0x8d70, 0x8e8a, 0x8f33, 0x9031,
    0x914e, 0x9152, 0x9444, 0x99d0, 0x7af9, 0x7ca5, 0x4fca, 0x5101, 0x51c6, 0x57c8, 0x5bef, 0x5cfb, 0x6659, 0x6a3d, 0x6d5a, 0x6e96,
    0x6fec, 0x710c, 0x756f, 0x7ae3, 0x8822, 0x9021, 0x9075, 0x96cb, 0x99ff, 0x8301, 0x4e2d, 0x4ef2, 0x8846, 0x91cd, 0x537d, 0x6adb,
    0x696b, 0x6c41, 0x847a, 0x589e, 0x618e, 0x66fe, 0x62ef, 0x70dd, 0x7511, 0x75c7, 0x7e52, 0x84b8, 0x8b49, 0x8d08, 0x4e4b, 0x53ea,
    0x54ab, 0x5730, 0x5740, 0x5fd7, 0x6301, 0x6307, 0x646f, 0x652f, 0x65e8, 0x667a, 0x679d, 0x67b3, 0x6b62, 0x6c60, 0x6c9a, 0x6f2c,
    0x77e5, 0x7825, 0x7949, 0x7957, 0x7d19, 0x80a2, 0x8102, 0x81f3, 0x829d, 0x82b7, 0x8718, 0x8a8c, 0xf9fc, 0x8d04, 0x8dbe, 0x9072,
    0x76f4, 0x7a19, 0x7a37, 0x7e54, 0x8077, 0x5507, 0x55d4, 0x5875, 0x632f, 0x6422, 0x6649, 0x664b, 0x686d, 0x699b, 0x6b84, 0x6d25,
    0x6eb1, 0x73cd, 0x7468, 0x74a1, 0x755b, 0x75b9, 0x76e1, 0x771e, 0x778b, 0x79e6, 0x7e09, 0x7e1d, 0x81fb, 0x852f, 0x8897, 0x8a3a,
    0x8cd1, 0x8eeb, 0x8fb0, 0x9032, 0x93ad, 0x9663, 0x9673, 0x9707, 0x4f84, 0x53f1, 0x59ea, 0x5ac9, 0x5e19, 0x684e, 0x0000, 0x0000,
    0x0000, 0x0000, 0x0000, 0x0000, 0x0000, 0x0000, 0x0000, 0x0000, 0x0000, 0x0000, 0x0000, 0x0000, 0x0000, 0x0000, 0x0000, 0x0000,
    0x74c6, 0x75be, 0x79e9, 0x7a92, 0x81a3, 0x86ed, 0x8cea, 0x8dcc, 0x8fed, 0x659f, 0x6715, 0xf9fd, 0x57f7, 0x6f57, 0x7ddd, 0x8f2f,
    0x93f6, 0x96c6, 0x5fb5, 0x61f2, 0x6f84, 0x4e14, 0x4f98, 0x501f, 0x53c9, 0x55df, 0x5d6f, 0x5dee, 0x6b21, 0x6b64, 0x78cb, 0x7b9a,
    0xf9fe, 0x8e49, 0x8eca, 0x906e, 0x6349, 0x643e, 0x7740, 0x7a84, 0x932f, 0x947f, 0x9f6a, 0x64b0, 0x6faf, 0x71e6, 0x74a8, 0x74da,
    0x7ac4, 0x7c12, 0x7e82, 0x7cb2, 0x7e98, 0x8b9a, 0x8d0a, 0x947d, 0x9910, 0x994c, 0x5239, 0x5bdf, 0x64e6, 0x672d, 0x7d2e, 0x50ed,
    0x53c3, 0x5879, 0x6158, 0x6159, 0x61fa, 0x65ac, 0x7ad9, 0x8b92, 0x8b96, 0x5009, 0x5021, 0x5275, 0x5531, 0x5a3c, 0x5ee0, 0x5f70,
    0x6134, 0x655e, 0x660c, 0x6636, 0x66a2, 0x69cd, 0x6ec4, 0x6f32, 0x7316, 0x7621, 0x7a93, 0x8139, 0x8259, 0x83d6, 0x84bc, 0x50b5,
    0x57f0, 0x5bc0, 0x5be8, 0x5f69, 0x63a1, 0x7826, 0x7db5, 0x83dc, 0x8521, 0x91c7, 0x91f5, 0x518a, 0x67f5, 0x7b56, 0x8cac, 0x51c4,
    0x59bb, 0x60bd, 0x8655, 0x501c, 0xf9ff, 0x5254, 0x5c3a, 0x617d, 0x621a, 0x62d3, 0x64f2, 0x65a5, 0x6ecc, 0x7620, 0x810a, 0x8e60,
    0x965f, 0x96bb, 0x4edf, 0x5343, 0x5598, 0x5929, 0x5ddd, 0x64c5, 0x6cc9, 0x6dfa, 0x7394, 0x7a7f, 0x821b, 0x85a6, 0x8ce4, 0x8e10,
    0x9077, 0x91e7, 0x95e1, 0x9621, 0x97c6, 0x51f8, 0x54f2, 0x5586, 0x5fb9, 0x64a4, 0x6f88, 0x7db4, 0x8f1f, 0x8f4d, 0x9435, 0x50c9,
    0x5c16, 0x6cbe, 0x6dfb, 0x751b, 0x77bb, 0x7c3d, 0x7c64, 0x8a79, 0x8ac2, 0x581e, 0x59be, 0x5e16, 0x6377, 0x7252, 0x758a, 0x776b,
    0x8adc, 0x8cbc, 0x8f12, 0x5ef3, 0x6674, 0x6df8, 0x807d, 0x83c1, 0x8acb, 0x9751, 0x9bd6, 0xfa00, 0x0000, 0x0000, 0x0000, 0x0000,
    0x0000, 0x0000, 0x0000, 0x0000, 0x0000, 0x0000, 0x0000, 0x0000, 0x0000, 0x0000, 0x0000, 0x0000, 0x0000, 0x0000, 0x5243, 0x66ff,
    0x6d95, 0x6eef, 0x7de0, 0x8ae6, 0x902e, 0x905e, 0x9ad4, 0x521d, 0x527f, 0x54e8, 0x6194, 0x6284, 0x62db, 0x68a2, 0x6912, 0x695a,
    0x6a35, 0x7092, 0x7126, 0x785d, 0x7901, 0x790e, 0x79d2, 0x7a0d, 0x8096, 0x8278, 0x82d5, 0x8349, 0x8549, 0x8c82, 0x8d85, 0x9162,
    0x918b, 0x91ae, 0x4fc3, 0x56d1, 0x71ed, 0x77d7, 0x8700, 0x89f8, 0x5bf8, 0x5fd6, 0x6751, 0x90a8, 0x53e2, 0x585a, 0x5bf5, 0x60a4,
    0x6181, 0x6460, 0x7e3d, 0x8070, 0x8525, 0x9283, 0x64ae, 0x50ac, 0x5d14, 0x6700, 0x589c, 0x62bd, 0x63a8, 0x690e, 0x6978, 0x6a1e,
    0x6e6b, 0x76ba, 0x79cb, 0x82bb, 0x8429, 0x8acf, 0x8da8, 0x8ffd, 0x9112, 0x914b, 0x919c, 0x9310, 0x9318, 0x939a, 0x96db, 0x9a36,
    0x9c0d, 0x4e11, 0x755c, 0x795d, 0x7afa, 0x7b51, 0x7bc9, 0x7e2e, 0x84c4, 0x8e59, 0x8e74, 0x8ef8, 0x9010, 0x6625, 0x693f, 0x7443,
    0x51fa, 0x672e, 0x9edc, 0x5145, 0x5fe0, 0x6c96, 0x87f2, 0x885d, 0x8877, 0x60b4, 0x81b5, 0x8403, 0x8d05, 0x53d6, 0x5439, 0x5634,
    0x5a36, 0x5c31, 0x708a, 0x7fe0, 0x805a, 0x8106, 0x81ed, 0x8da3, 0x9189, 0x9a5f, 0x9df2, 0x5074, 0x4ec4, 0x53a0, 0x60fb, 0x6e2c,
    0x5c64, 0x4f88, 0x5024, 0x55e4, 0x5cd9, 0x5e5f, 0x6065, 0x6894, 0x6cbb, 0x6dc4, 0x71be, 0x75d4, 0x75f4, 0x7661, 0x7a1a, 0x7a49,
    0x7dc7, 0x7dfb, 0x7f6e, 0x81f4, 0x86a9, 0x8f1c, 0x96c9, 0x99b3, 0x9f52, 0x5247, 0x52c5, 0x98ed, 0x89aa, 0x4e03, 0x67d2, 0x6f06,
    0x4fb5, 0x5be2, 0x6795, 0x6c88, 0x6d78, 0x741b, 0x7827, 0x91dd, 0x937c, 0x87c4, 0x79e4, 0x7a31, 0x5feb, 0x4ed6, 0x54a4, 0x553e,
    0x58ae, 0x59a5, 0x60f0, 0x6253, 0x62d6, 0x6736, 0x6955, 0x8235, 0x9640, 0x99b1, 0x0000, 0x0000, 0x0000, 0x0000, 0x0000, 0x0000,
    0x0000, 0x0000, 0x0000, 0x0000, 0x0000, 0x0000, 0x0000, 0x0000, 0x0000, 0x0000, 0x0000, 0x0000, 0x99dd, 0x502c, 0x5353, 0x5544,
    0x577c, 0xfa01, 0x6258, 0xfa02, 0x64e2, 0x666b, 0x67dd, 0x6fc1, 0x6fef, 0x7422, 0x7438, 0x8a17, 0x9438, 0x5451, 0x5606, 0x5766,
    0x5f48, 0x619a, 0x6b4e, 0x7058, 0x70ad, 0x7dbb, 0x8a95, 0x596a, 0x812b, 0x63a2, 0x7708, 0x803d, 0x8caa, 0x5854, 0x642d, 0x69bb,
    0x5b95, 0x5e11, 0x6e6f, 0xfa03, 0x8569, 0x514c, 0x53f0, 0x592a, 0x6020, 0x614b, 0x6b86, 0x6c70, 0x6cf0, 0x7b1e, 0x80ce, 0x82d4,
    0x8dc6, 0x90b0, 0x98b1, 0xfa04, 0x64c7, 0x6fa4, 0x6491, 0x6504, 0x514e, 0x5410, 0x571f, 0x8a0e, 0x615f, 0x6876, 0xfa05, 0x75db,
    0x7b52, 0x7d71, 0x901a, 0x5806, 0x69cc, 0x817f, 0x892a, 0x9000, 0x9839, 0x5078, 0x5957, 0x59ac, 0x6295, 0x900f, 0x9b2a, 0x615d,
    0x7279, 0x95d6, 0x5761, 0x5a46, 0x5df4, 0x628a, 0x64ad, 0x64fa, 0x6777, 0x6ce2, 0x6d3e, 0x722c, 0x7436, 0x7834, 0x7f77, 0x82ad,
    0x8ddb, 0x9817, 0x5224, 0x5742, 0x677f, 0x7248, 0x74e3, 0x8ca9, 0x8fa6, 0x9211, 0x962a, 0x516b, 0x53ed, 0x634c, 0x4f69, 0x5504,
    0x6096, 0x6557, 0x6c9b, 0x6d7f, 0x724c, 0x72fd, 0x7a17, 0x8987, 0x8c9d, 0x5f6d, 0x6f8e, 0x70f9, 0x81a8, 0x610e, 0x4fbf, 0x504f,
    0x6241, 0x7247, 0x7bc7, 0x7de8, 0x7fe9, 0x904d, 0x97ad, 0x9a19, 0x8cb6, 0x576a, 0x5e73, 0x67b0, 0x840d, 0x8a55, 0x5420, 0x5b16,
    0x5e63, 0x5ee2, 0x5f0a, 0x6583, 0x80ba, 0x853d, 0x9589, 0x965b, 0x4f48, 0x5305, 0x530d, 0x530f, 0x5486, 0x54fa, 0x5703, 0x5e03,
    0x6016, 0x629b, 0x62b1, 0x6355, 0xfa06, 0x6ce1, 0x6d66, 0x75b1, 0x7832, 0x80de, 0x812f, 0x82de, 0x8461, 0x84b2, 0x888d, 0x8912,
    0x900b, 0x92ea, 0x98fd, 0x9b91, 0x5e45, 0x66b4, 0x66dd, 0x7011, 0x0000, 0x0000, 0x0000, 0x0000, 0x0000, 0x0000, 0x0000, 0x0000,
    0x0000, 0x0000, 0x0000, 0x0000, 0x0000, 0x0000, 0x0000, 0x0000, 0x0000, 0x0000, 0x7206, 0xfa07, 0x4ff5, 0x527d, 0x5f6a, 0x6153,
    0x6753, 0x6a19, 0x6f02, 0x74e2, 0x7968, 0x8868, 0x8c79, 0x98c7, 0x98c4, 0x9a43, 0x54c1, 0x7a1f, 0x6953, 0x8af7, 0x8c4a, 0x98a8,
    0x99ae, 0x5f7c, 0x62ab, 0x75b2, 0x76ae, 0x88ab, 0x907f, 0x9642, 0x5339, 0x5f3c, 0x5fc5, 0x6ccc, 0x73cc, 0x7562, 0x758b, 0x7b46,
    0x82fe, 0x999d, 0x4e4f, 0x903c, 0x4e0b, 0x4f55, 0x53a6, 0x590f, 0x5ec8, 0x6630, 0x6cb3, 0x7455, 0x8377, 0x8766, 0x8cc0, 0x9050,
    0x971e, 0x9c15, 0x58d1, 0x5b78, 0x8650, 0x8b14, 0x9db4, 0x5bd2, 0x6068, 0x608d, 0x65f1, 0x6c57, 0x6f22, 0x6fa3, 0x701a, 0x7f55,
    0x7ff0, 0x9591, 0x9592, 0x9650, 0x97d3, 0x5272, 0x8f44, 0x51fd, 0x542b, 0x54b8, 0x5563, 0x558a, 0x6abb, 0x6db5, 0x7dd8, 0x8266,
    0x929c, 0x9677, 0x9e79, 0x5408, 0x54c8, 0x76d2, 0x86e4, 0x95a4, 0x95d4, 0x965c, 0x4ea2, 0x4f09, 0x59ee, 0x5ae6, 0x5df7, 0x6052,
    0x6297, 0x676d, 0x6841, 0x6c86, 0x6e2f, 0x7f38, 0x809b, 0x822a, 0xfa08, 0xfa09, 0x9805, 0x4ea5, 0x5055, 0x54b3, 0x5793, 0x595a,
    0x5b69, 0x5bb3, 0x61c8, 0x6977, 0x6d77, 0x7023, 0x87f9, 0x89e3, 0x8a72, 0x8ae7, 0x9082, 0x99ed, 0x9ab8, 0x52be, 0x6838, 0x5016,
    0x5e78, 0x674f, 0x8347, 0x884c, 0x4eab, 0x5411, 0x56ae, 0x73e6, 0x9115, 0x97ff, 0x9909, 0x9957, 0x9999, 0x5653, 0x589f, 0x865b,
    0x8a31, 0x61b2, 0x6af6, 0x737b, 0x8ed2, 0x6b47, 0x96aa, 0x9a57, 0x5955, 0x7200, 0x8d6b, 0x9769, 0x4fd4, 0x5cf4, 0x5f26, 0x61f8,
    0x665b, 0x6ceb, 0x70ab, 0x7384, 0x73b9, 0x73fe, 0x7729, 0x774d, 0x7d43, 0x7d62, 0x7e23, 0x8237, 0x8852, 0xfa0a, 0x8ce2, 0x9249,
    0x986f, 0x5b51, 0x7a74, 0x8840, 0x9801, 0x5acc, 0x0000, 0x0000, 0x0000, 0x0000, 0x0000, 0x0000, 0x0000, 0x0000, 0x0000, 0x0000,
    0x0000, 0x0000, 0x0000, 0x0000, 0x0000, 0x0000, 0x0000, 0x0000, 0x4fe0, 0x5354, 0x593e, 0x5cfd, 0x633e, 0x6d79, 0x72f9, 0x8105,
    0x8107, 0x83a2, 0x92cf, 0x9830, 0x4ea8, 0x5144, 0x5211, 0x578b, 0x5f62, 0x6cc2, 0x6ece, 0x7005, 0x7050, 0x70af, 0x7192, 0x73e9,
    0x7469, 0x834a, 0x87a2, 0x8861, 0x9008, 0x90a2, 0x93a3, 0x99a8, 0x516e, 0x5f57, 0x60e0, 0x6167, 0x66b3, 0x8559, 0x8e4a, 0x91af,
    0x978b, 0x4e4e, 0x4e92, 0x547c, 0x58d5, 0x58fa, 0x597d, 0x5cb5, 0x5f27, 0x6236, 0x6248, 0x660a, 0x6667, 0x6beb, 0x6d69, 0x6dcf,
    0x6e56, 0x6ef8, 0x6f94, 0x6fe0, 0x6fe9, 0x705d, 0x72d0, 0x7425, 0x745a, 0x74e0, 0x7693, 0x795c, 0x7cca, 0x7e1e, 0x80e1, 0x82a6,
    0x846b, 0x84bf, 0x864e, 0x865f, 0x8774, 0x8b77, 0x8c6a, 0x93ac, 0x9800, 0x9865, 0x60d1, 0x6216, 0x9177, 0x5a5a, 0x660f, 0x6df7,
    0x6e3e, 0x743f, 0x9b42, 0x5ffd, 0x60da, 0x7b0f, 0x54c4, 0x5f18, 0x6c5e, 0x6cd3, 0x6d2a, 0x70d8, 0x7d05, 0x8679, 0x8a0c, 0x9d3b,
    0x5316, 0x548c, 0x5b05, 0x6a3a, 0x706b, 0x7575, 0x798d, 0x79be, 0x82b1, 0x83ef, 0x8a71, 0x8b41, 0x8ca8, 0x9774, 0xfa0b, 0x64f4,
    0x652b, 0x78ba, 0x78bb, 0x7a6b, 0x4e38, 0x559a, 0x5950, 0x5ba6, 0x5e7b, 0x60a3, 0x63db, 0x6b61, 0x6665, 0x6853, 0x6e19, 0x7165,
    0x74b0, 0x7d08, 0x9084, 0x9a69, 0x9c25, 0x6d3b, 0x6ed1, 0x733e, 0x8c41, 0x95ca, 0x51f0, 0x5e4c, 0x5fa8, 0x604d, 0x60f6, 0x6130,
    0x614c, 0x6643, 0x6644, 0x69a5, 0x6cc1, 0x6e5f, 0x6ec9, 0x6f62, 0x714c, 0x749c, 0x7687, 0x7bc1, 0x7c27, 0x8352, 0x8757, 0x9051,
    0x968d, 0x9ec3, 0x532f, 0x56de, 0x5efb, 0x5f8a, 0x6062, 0x6094, 0x61f7, 0x6666, 0x6703, 0x6a9c, 0x6dee, 0x6fae, 0x7070, 0x736a,
    0x7e6a, 0x81be, 0x8334, 0x86d4, 0x0000, 0x0000, 0x0000, 0x0000, 0x0000, 0x0000, 0x0000, 0x0000, 0x0000, 0x0000, 0x0000, 0x0000,
    0x0000, 0x0000, 0x0000, 0x0000, 0x0000, 0x0000, 0x8aa8, 0x8cc4, 0x5283, 0x7372, 0x5b96, 0x6a6b, 0x9404, 0x54ee, 0x5686, 0x5b5d,
    0x6548, 0x6585, 0x66c9, 0x689f, 0x6d8d, 0x6dc6, 0x723b, 0x80b4, 0x9175, 0x9a4d, 0x4faf, 0x5019, 0x539a, 0x540e, 0x543c, 0x5589,
    0x55c5, 0x5e3f, 0x5f8c, 0x673d, 0x7166, 0x73dd, 0x9005, 0x52db, 0x52f3, 0x5864, 0x58ce, 0x7104, 0x718f, 0x71fb, 0x85b0, 0x8a13,
    0x6688, 0x85a8, 0x55a7, 0x6684, 0x714a, 0x8431, 0x5349, 0x5599, 0x6bc1, 0x5f59, 0x5fbd, 0x63ee, 0x6689, 0x7147, 0x8af1, 0x8f1d,
    0x9ebe, 0x4f11, 0x643a, 0x70cb, 0x7566, 0x8667, 0x6064, 0x8b4e, 0x9df8, 0x5147, 0x51f6, 0x5308, 0x6d36, 0x80f8, 0x9ed1, 0x6615,
    0x6b23, 0x7098, 0x75d5, 0x5403, 0x5c79, 0x7d07, 0x8a16, 0x6b20, 0x6b3d, 0x6b46, 0x5438, 0x6070, 0x6d3d, 0x7fd5, 0x8208, 0x50d6,
    0x51de, 0x559c, 0x566b, 0x56cd, 0x59ec, 0x5b09, 0x5e0c, 0x6199, 0x6198, 0x6231, 0x665e, 0x66e6, 0x7199, 0x71b9, 0x71ba, 0x72a7,
    0x79a7, 0x7a00, 0x7fb2, 0x8a70,
];
pub static WIDE: [(u32, u32); 0] = [
];
pub static ENC_CP: [u16; 17177] = [
    0x0000, 0x0001, 0x0002, 0x0003, 0x0004, 0x0005, 0x0006, 0x0007, 0x0008, 0x0009, 0x000a, 0x000b, 0x000c, 0x000d, 0x000e, 0x000f,
    0x0010, 0x0011, 0x0012, 0x0013, 0x0014, 0x0015, 0x0016, 0x0017, 0x0018, 0x0019, 0x001a, 0x001b, 0x001c, 0x001d, 0x001e, 0x001f,
    0x0020, 0x0021, 0x0022, 0x0023, 0x0024, 0x0025, 0x0026, 0x0027, 0x0028, 0x0029, 0x002a, 0x002b, 0x002c, 0x002d, 0x002e, 0x002f,
    0x0030, 0x0031, 0x0032, 0x0033, 0x0034, 0x0035, 0x0036, 0x0037, 0x0038, 0x0039, 0x003a, 0x003b, 0x003c, 0x003d, 0x003e, 0x003f,
    0x0040, 0x0041, 0x0042, 0x0043, 0x0044, 0x0045, 0x0046, 0x0047, 0x0048, 0x0049, 0x004a, 0x004b, 0x004c, 0x004d, 0x004e, 0x004f,
    0x0050, 0x0051, 0x0052, 0x0053, 0x0054, 0x0055, 0x0056, 0x0057, 0x0058, 0x0059, 0x005a, 0x005b, 0x005d, 0x005e, 0x005f, 0x0060,
    0x0061, 0x0062, 0x0063, 0x0064, 0x0065, 0x0066, 0x0067, 0x0068, 0x0069, 0x006a, 0x006b, 0x006c, 0x006d, 0x006e, 0x006f, 0x0070,
    0x0071, 0x0072, 0x0073, 0x0074, 0x0075, 0x0076, 0x0077, 0x0078, 0x0079, 0x007a, 0x007b, 0x007c, 0x007d, 0x007e, 0x007f, 0x00a1,
    0x00a4, 0x00a7, 0x00a8, 0x00aa, 0x00ad, 0x00ae, 0x00b0, 0x00b1, 0x00b2, 0x00b3, 0x00b4, 0x00b6, 0x00b7, 0x00b8, 0x00b9, 0x00ba,
    0x00bc, 0x00bd, 0x00be, 0x00bf, 0x00c6, 0x00d0, 0x00d7, 0x00d8, 0x00de, 0x00df, 0x00e6, 0x00f0, 0x00f7, 0x00f8, 0x00fe, 0x0111,
    0x0126, 0x0127, 0x0131, 0x0132, 0x0133, 0x0138, 0x013f, 0x0140, 0x0141, 0x0142, 0x0149, 0x014a, 0x014b, 0x0152, 0x0153, 0x0166,
    0x0167, 0x02c7, 0x02d0, 0x02d8, 0x02d9, 0x02da, 0x02db, 0x02dd, 0x0391, 0x0392, 0x0393, 0x0394, 0x0395, 0x0396, 0x0397, 0x0398,
    0x0399, 0x039a, 0x039b, 0x039c, 0x039d, 0x039e, 0x039f, 0x03a0, 0x03a1, 0x03a3, 0x03a4, 0x03a5, 0x03a6, 0x03a7, 0x03a8, 0x03a9,
    0x03b1, 0x03b2, 0x03b3, 0x03b4, 0x03b5, 0x03b6, 0x03b7, 0x03b8, 0x03b9, 0x03ba, 0x03bb, 0x03bc, 0x03bd, 0x03be, 0x03bf, 0x03c0,
    0x03c1, 0x03c3, 0x03c4, 0x03c5, 0x03c6, 0x03c7, 0x03c8, 0x03c9, 0x0401, 0x0410, 0x0411, 0x0412, 0x0413, 0x0414, 0x0415, 0x0416,
    0x0417, 0x0418, 0x0419, 0x041a, 0x041b, 0x041c, 0x041d, 0x041e, 0x041f, 0x0420, 0x0421, 0x0422, 0x0423, 0x0424, 0x0425, 0x0426,
    0x0427, 0x0428, 0x0429, 0x042a, 0x042b, 0x042c, 0x042d, 0x042e, 0x042f, 0x0430, 0x0431, 0x0432, 0x0433, 0x0434, 0x0435, 0x0436,
    0x0437, 0x0438, 0x0439, 0x043a, 0x043b, 0x043c, 0x043d, 0x043e, 0x043f, 0x0440, 0x0441, 0x0442, 0x0443, 0x0444, 0x0445, 0x0446,
    0x0447, 0x0448, 0x0449, 0x044a, 0x044b, 0x044c, 0x044d, 0x044e, 0x044f, 0x0451, 0x2015, 0x2018, 0x2019, 0x201c, 0x201d, 0x2020,
    0x2021, 0x2025, 0x2026, 0x2030, 0x2032, 0x2033, 0x203b, 0x2074, 0x207f, 0x2081, 0x2082, 0x2083, 0x2084, 0x20a9, 0x20ac, 0x2103,
    0x2109, 0x2113, 0x2116, 0x2121, 0x2122, 0x2126, 0x212b, 0x2153, 0x2154, 0x215b, 0x215c, 0x215d, 0x215e, 0x2160, 0x2161, 0x2162,
    0x2163, 0x2164, 0x2165, 0x2166, 0x2167, 0x2168, 0x2169, 0x2170, 0x2171, 0x2172, 0x2173, 0x2174, 0x2175, 0x2176, 0x2177, 0x2178,
    0x2179, 0x2190, 0x2191, 0x2192, 0x2193, 0x2194, 0x2195, 0x2196, 0x2197, 0x2198, 0x2199, 0x21d2, 0x21d4, 0x2200, 0x2202, 0x2203,
    0x2207, 0x2208, 0x220b, 0x220f, 0x2211, 0x221a, 0x221d, 0x221e, 0x2220, 0x2225, 0x2227, 0x2228, 0x2229, 0x222a, 0x222b, 0x222c,
    0x222e, 0x2234, 0x2235, 0x223c, 0x223d, 0x2252, 0x2260, 0x2261, 0x2264, 0x2265, 0x226a, 0x226b, 0x2282, 0x2283, 0x2286, 0x2287,
    0x2299, 0x22a5, 0x2312, 0x2460, 0x2461, 0x2462, 0x2463, 0x2464, 0x2465, 0x2466, 0x2467, 0x2468, 0x2469, 0x246a, 0x246b, 0x246c,
    0x246d, 0x246e, 0x2474, 0x2475, 0x2476, 0x2477, 0x2478, 0x2479, 0x247a, 0x247b, 0x247c, 0x247d, 0x247e, 0x247f, 0x2480, 0x2481,
    0x2482, 0x249c, 0x249d, 0x249e, 0x249f, 0x24a0, 0x24a1, 0x24a2, 0x24a3, 0x24a4, 0x24a5, 0x24a6, 0x24a7, 0x24a8, 0x24a9, 0x24aa,
    0x24ab, 0x24ac, 0x24ad, 0x24ae, 0x24af, 0x24b0, 0x24b1, 0x24b2, 0x24b3, 0x24b4, 0x24b5, 0x24d0, 0x24d1, 0x24d2, 0x24d3, 0x24d4,
    0x24d5, 0x24d6, 0x24d7, 0x24d8, 0x24d9, 0x24da, 0x24db, 0x24dc, 0x24dd, 0x24de, 0x24df, 0x24e0, 0x24e1, 0x24e2, 0x24e3, 0x24e4,
    0x24e5, 0x24e6, 0x24e7, 0x24e8, 0x24e9, 0x2500, 0x2501, 0x2502, 0x2503, 0x250c, 0x250d, 0x250e, 0x250f, 0x2510, 0x2511, 0x2512,
    0x2513, 0x2514, 0x2515, 0x2516, 0x2517, 0x2518, 0x2519, 0x251a, 0x251b, 0x251c, 0x251d, 0x251e, 0x251f, 0x2520, 0x2521, 0x2522,
    0x2523, 0x2524, 0x2525, 0x2526, 0x2527, 0x2528, 0x2529, 0x252a, 0x252b, 0x252c, 0x252d, 0x252e, 0x252f, 0x2530, 0x2531, 0x2532,
    0x2533, 0x2534, 0x2535, 0x2536, 0x2537, 0x2538, 0x2539, 0x253a, 0x253b, 0x253c, 0x253d, 0x253e, 0x253f, 0x2540, 0x2541, 0x2542,
    0x2543, 0x2544, 0x2545, 0x2546, 0x2547, 0x2548, 0x2549, 0x254a, 0x254b, 0x2592, 0x25a0, 0x25a1, 0x25a3, 0x25a4, 0x25a5, 0x25a6,
    0x25a7, 0x25a8, 0x25a9, 0x25b2, 0x25b3, 0x25b6, 0x25b7, 0x25bc, 0x25bd, 0x25c0, 0x25c1, 0x25c6, 0x25c7, 0x25c8, 0x25cb, 0x25ce,
    0x25cf, 0x25d0, 0x25d1, 0x2605, 0x2606, 0x260e, 0x260f, 0x261c, 0x261e, 0x2640, 0x2642, 0x2660, 0x2661, 0x2663, 0x2664, 0x2665,
    0x2667, 0x2668, 0x2669, 0x266a, 0x266c, 0x266d, 0x3000, 0x3001, 0x3002, 0x3003, 0x3008, 0x3009, 0x300a, 0x300b, 0x300c, 0x300d,
    0x300e, 0x300f, 0x3010, 0x3011, 0x3013, 0x3014, 0x3015, 0x3041, 0x3042, 0x3043, 0x3044, 0x3045, 0x3046, 0x3047, 0x3048, 0x3049,
    0x304a, 0x304b, 0x304c, 0x304d, 0x304e, 0x304f, 0x3050, 0x3051, 0x3052, 0x3053, 0x3054, 0x3055, 0x3056, 0x3057, 0x3058, 0x3059,
    0x305a, 0x305b, 0x305c, 0x305d, 0x305e, 0x305f, 0x3060, 0x3061, 0x3062, 0x3063, 0x3064, 0x3065, 0x3066, 0x3067, 0x3068, 0x3069,
    0x306a, 0x306b, 0x306c, 0x306d, 0x306e, 0x306f, 0x3070, 0x3071, 0x3072, 0x3073, 0x3074, 0x3075, 0x3076, 0x3077, 0x3078, 0x3079,
    0x307a, 0x307b, 0x307c, 0x307d, 0x307e, 0x307f, 0x3080, 0x3081, 0x3082, 0x3083, 0x3084, 0x3085, 0x3086, 0x3087, 0x3088, 0x3089,
    0x308a, 0x308b, 0x308c, 0x308d, 0x308e, 0x308f, 0x3090, 0x3091, 0x3092, 0x3093, 0x30a1, 0x30a2, 0x30a3, 0x30a4, 0x30a5, 0x30a6,
    0x30a7, 0x30a8, 0x30a9, 0x30aa, 0x30ab, 0x30ac, 0x30ad, 0x30ae, 0x30af, 0x30b0, 0x30b1, 0x30b2, 0x30b3, 0x30b4, 0x30b5, 0x30b6,
    0x30b7, 0x30b8, 0x30b9, 0x30ba, 0x30bb, 0x30bc, 0x30bd, 0x30be, 0x30bf, 0x30c0, 0x30c1, 0x30c2, 0x30c3, 0x30c4, 0x30c5, 0x30c6,
    0x30c7, 0x30c8, 0x30c9, 0x30ca, 0x30cb, 0x30cc, 0x30cd, 0x30ce, 0x30cf, 0x30d0, 0x30d1, 0x30d2, 0x30d3, 0x30d4, 0x30d5, 0x30d6,
    0x30d7, 0x30d8, 0x30d9, 0x30da, 0x30db, 0x30dc, 0x30dd, 0x30de, 0x30df, 0x30e0, 0x30e1, 0x30e2, 0x30e3, 0x30e4, 0x30e5, 0x30e6,
    0x30e7, 0x30e8, 0x30e9, 0x30ea, 0x30eb, 0x30ec, 0x30ed, 0x30ee, 0x30ef, 0x30f0, 0x30f1, 0x30f2, 0x30f3, 0x30f4, 0x30f5, 0x30f6,
    0x3131, 0x3132, 0x3133, 0x3134, 0x3135, 0x3136, 0x3137, 0x3138, 0x3139, 0x313a, 0x313b, 0x313c, 0x313d, 0x313e, 0x313f, 0x3140,
    0x3141, 0x3142, 0x3143, 0x3144, 0x3145, 0x3146, 0x3147, 0x3148, 0x3149, 0x314a, 0x314b, 0x314c, 0x314d, 0x314e, 0x314f, 0x3150,
    0x3151, 0x3152, 0x3153, 0x3154, 0x3155, 0x3156, 0x3157, 0x3158, 0x3159, 0x315a, 0x315b, 0x315c, 0x315d, 0x315e, 0x315f, 0x3160,
    0x3161, 0x3162, 0x3163, 0x3164, 0x3165, 0x3166, 0x3167, 0x3168, 0x3169, 0x316a, 0x316b, 0x316c, 0x316d, 0x316e, 0x316f, 0x3170,
    0x3171, 0x3172, 0x3173, 0x3174, 0x3175, 0x3176, 0x3177, 0x3178, 0x3179, 0x317a, 0x317b, 0x317c, 0x317d, 0x317e, 0x317f, 0x3180,
    0x3181, 0x3182, 0x3183, 0x3184, 0x3185, 0x3186, 0x3187, 0x3188, 0x3189, 0x318a, 0x318b, 0x318c, 0x318d, 0x318e, 0x3200, 0x3201,
    0x3202, 0x3203, 0x3204, 0x3205, 0x3206, 0x3207, 0x3208, 0x3209, 0x320a, 0x320b, 0x320c, 0x320d, 0x320e, 0x320f, 0x3210, 0x3211,
    0x3212, 0x3213, 0x3214, 0x3215, 0x3216, 0x3217, 0x3218, 0x3219, 0x321a, 0x321b, 0x321c, 0x3260, 0x3261, 0x3262, 0x3263, 0x3264,
    0x3265, 0x3266, 0x3267, 0x3268, 0x3269, 0x326a, 0x326b, 0x326c, 0x326d, 0x326e, 0x326f, 0x3270, 0x3271, 0x3272, 0x3273, 0x3274,
    0x3275, 0x3276, 0x3277, 0x3278, 0x3279, 0x327a, 0x327b, 0x327e, 0x327f, 0x3380, 0x3381, 0x3382, 0x3383, 0x3384, 0x3388, 0x3389,
    0x338a, 0x338b, 0x338c, 0x338d, 0x338e, 0x338f, 0x3390, 0x3391, 0x3392, 0x3393, 0x3394, 0x3395, 0x3396, 0x3397, 0x3398, 0x3399,
    0x339a, 0x339b, 0x339c, 0x339d, 0x339e, 0x339f, 0x33a0, 0x33a1, 0x33a2, 0x33a3, 0x33a4, 0x33a5, 0x33a6, 0x33a7, 0x33a8, 0x33a9,
    0x33aa, 0x33ab, 0x33ac, 0x33ad, 0x33ae, 0x33af, 0x33b0, 0x33b1, 0x33b2, 0x33b3, 0x33b4, 0x33b5, 0x33b6, 0x33b7, 0x33b8, 0x33b9,
    0x33ba, 0x33bb, 0x33bc, 0x33bd, 0x33be, 0x33bf, 0x33c0, 0x33c1, 0x33c2, 0x33c3, 0x33c4, 0x33c5, 0x33c6, 0x33c7, 0x33c8, 0x33c9,
    0x33ca, 0x33cf, 0x33d0, 0x33d3, 0x33d6, 0x33d8, 0x33db, 0x33dc, 0x33dd, 0x4e00, 0x4e01, 0x4e03, 0x4e07, 0x4e08, 0x4e09, 0x4e0a,
    0x4e0b, 0x4e0d, 0x4e11, 0x4e14, 0x4e15, 0x4e16, 0x4e18, 0x4e19, 0x4e1e, 0x4e2d, 0x4e32, 0x4e38, 0x4e39, 0x4e3b, 0x4e42, 0x4e43,
    0x4e45, 0x4e4b, 0x4e4d, 0x4e4e, 0x4e4f, 0x4e56, 0x4e58, 0x4e59, 0x4e5d, 0x4e5e, 0x4e5f, 0x4e6b, 0x4e6d, 0x4e73, 0x4e76, 0x4e77,
    0x4e7e, 0x4e82, 0x4e86, 0x4e88, 0x4e8b, 0x4e8c, 0x4e8e, 0x4e90, 0x4e91, 0x4e92, 0x4e94, 0x4e95, 0x4e98, 0x4e9b, 0x4e9e, 0x4ea1,
    0x4ea2, 0x4ea4, 0x4ea5, 0x4ea6, 0x4ea8, 0x4eab, 0x4eac, 0x4ead, 0x4eae, 0x4eb6, 0x4eba, 0x4ec0, 0x4ec1, 0x4ec4, 0x4ec7, 0x4eca,
    0x4ecb, 0x4ecd, 0x4ed4, 0x4ed5, 0x4ed6, 0x4ed7, 0x4ed8, 0x4ed9, 0x4edd, 0x4edf, 0x4ee3, 0x4ee4, 0x4ee5, 0x4ef0, 0x4ef2, 0x4ef6,
    0x4ef7, 0x4efb, 0x4f01, 0x4f09, 0x4f0a, 0x4f0b, 0x4f0d, 0x4f0e, 0x4f0f, 0x4f10, 0x4f11, 0x4f2f, 0x4f34, 0x4f36, 0x4f38, 0x4f3a,
    0x4f3c, 0x4f3d, 0x4f43, 0x4f46, 0x4f47, 0x4f48, 0x4f4d, 0x4f4e, 0x4f4f, 0x4f50, 0x4f51, 0x4f55, 0x4f59, 0x4f5a, 0x4f5b, 0x4f5c,
    0x4f69, 0x4f6f, 0x4f70, 0x4f73, 0x4f76, 0x4f7a, 0x4f7e, 0x4f7f, 0x4f81, 0x4f83, 0x4f84, 0x4f86, 0x4f88, 0x4f8a, 0x4f8b, 0x4f8d,
    0x4f8f, 0x4f91, 0x4f96, 0x4f98, 0x4f9b, 0x4f9d, 0x4fae, 0x4faf, 0x4fb5, 0x4fb6, 0x4fbf, 0x4fc2, 0x4fc3, 0x4fc4, 0x4fc9, 0x4fca,
    0x4fce, 0x4fd1, 0x4fd3, 0x4fd4, 0x4fd7, 0x4fda, 0x4fdd, 0x4fdf, 0x4fe0, 0x4fe1, 0x4fee, 0x4fef, 0x4ff1, 0x4ff3, 0x4ff5, 0x4ff8,
    0x4ffa, 0x5002, 0x5006, 0x5009, 0x500b, 0x500d, 0x5011, 0x5012, 0x5016, 0x5019, 0x501a, 0x501c, 0x501e, 0x501f, 0x5021, 0x5023,
    0x5024, 0x5026, 0x5027, 0x5028, 0x502a, 0x502b, 0x502c, 0x502d, 0x503b, 0x5043, 0x5047, 0x5048, 0x5049, 0x504f, 0x5055, 0x505a,
    0x505c, 0x5065, 0x5074, 0x5075, 0x5076, 0x5078, 0x5080, 0x5085, 0x508d, 0x5091, 0x5098, 0x5099, 0x50ac, 0x50ad, 0x50b2, 0x50b3,
    0x50b5, 0x50b7, 0x50be, 0x50c5, 0x50c9, 0x50ca, 0x50cf, 0x50d1, 0x50d5, 0x50d6, 0x50da, 0x50de, 0x50e5, 0x50e7, 0x50ed, 0x50f9,
    0x50fb, 0x50ff, 0x5100, 0x5101, 0x5104, 0x5106, 0x5109, 0x5112, 0x511f, 0x5121, 0x512a, 0x5132, 0x5137, 0x513a, 0x513c, 0x5140,
    0x5141, 0x5143, 0x5144, 0x5145, 0x5146, 0x5147, 0x5148, 0x5149, 0x514b, 0x514c, 0x514d, 0x514e, 0x5152, 0x515c, 0x5162, 0x5165,
    0x5167, 0x5168, 0x5169, 0x516a, 0x516b, 0x516c, 0x516d, 0x516e, 0x5171, 0x5175, 0x5176, 0x5177, 0x5178, 0x517c, 0x5180, 0x5186,
    0x518a, 0x518d, 0x5192, 0x5195, 0x5197, 0x51a0, 0x51a5, 0x51aa, 0x51ac, 0x51b6, 0x51b7, 0x51bd, 0x51c4, 0x51c6, 0x51c9, 0x51cb,
    0x51cc, 0x51cd, 0x51dc, 0x51dd, 0x51de, 0x51e1, 0x51f0, 0x51f1, 0x51f6, 0x51f8, 0x51f9, 0x51fa, 0x51fd, 0x5200, 0x5203, 0x5206,
    0x5207, 0x5208, 0x520a, 0x520e, 0x5211, 0x5217, 0x521d, 0x5224, 0x5225, 0x5229, 0x522a, 0x522e, 0x5230, 0x5236, 0x5237, 0x5238,
    0x5239, 0x523a, 0x523b, 0x5243, 0x5247, 0x524a, 0x524b, 0x524c, 0x524d, 0x5254, 0x5256, 0x525b, 0x525d, 0x5261, 0x5269, 0x526a,
    0x526f, 0x5272, 0x5275, 0x527d, 0x527f, 0x5283, 0x5287, 0x5288, 0x5289, 0x528d, 0x5291, 0x5292, 0x529b, 0x529f, 0x52a0, 0x52a3,
    0x52a4, 0x52a9, 0x52aa, 0x52ab, 0x52be, 0x52c1, 0x52c3, 0x52c5, 0x52c7, 0x52c9, 0x52cd, 0x52d2, 0x52d5, 0x52d6, 0x52d8, 0x52d9,
    0x52db, 0x52dd, 0x52de, 0x52df, 0x52e2, 0x52e3, 0x52e4, 0x52f3, 0x52f5, 0x52f8, 0x52fa, 0x52fb, 0x52fe, 0x52ff, 0x5305, 0x5308,
    0x530d, 0x530f, 0x5310, 0x5315, 0x5316, 0x5317, 0x5319, 0x5320, 0x5321, 0x5323, 0x532a, 0x532f, 0x5339, 0x533f, 0x5340, 0x5341,
    0x5343, 0x5344, 0x5347, 0x5348, 0x5349, 0x534a, 0x534d, 0x5351, 0x5352, 0x5353, 0x5354, 0x5357, 0x535a, 0x535c, 0x535e, 0x5360,
    0x5366, 0x5368, 0x536f, 0x5370, 0x5371, 0x5374, 0x5375, 0x5377, 0x537d, 0x537f, 0x5384, 0x5393, 0x5398, 0x539a, 0x539f, 0x53a0,
    0x53a5, 0x53a6, 0x53ad, 0x53bb, 0x53c3, 0x53c8, 0x53c9, 0x53ca, 0x53cb, 0x53cd, 0x53d4, 0x53d6, 0x53d7, 0x53db, 0x53e1, 0x53e2,
    0x53e3, 0x53e4, 0x53e5, 0x53e9, 0x53ea, 0x53eb, 0x53ec, 0x53ed, 0x53ef, 0x53f0, 0x53f1, 0x53f2, 0x53f3, 0x53f8, 0x5403, 0x5404,
    0x5408, 0x5409, 0x540a, 0x540c, 0x540d, 0x540e, 0x540f, 0x5410, 0x5411, 0x541b, 0x541d, 0x541f, 0x5420, 0x5426, 0x5429, 0x542b,
    0x5433, 0x5438, 0x5439, 0x543b, 0x543c, 0x543e, 0x5442, 0x5448, 0x544a, 0x5451, 0x5468, 0x546a, 0x5471, 0x5473, 0x5475, 0x547b,
    0x547c, 0x547d, 0x5480, 0x5486, 0x548c, 0x548e, 0x5490, 0x54a4, 0x54a8, 0x54ab, 0x54ac, 0x54b3, 0x54b8, 0x54bd, 0x54c0, 0x54c1,
    0x54c4, 0x54c8, 0x54c9, 0x54e1, 0x54e5, 0x54e8, 0x54ed, 0x54ee, 0x54f2, 0x54fa, 0x5504, 0x5506, 0x5507, 0x550e, 0x5510, 0x551c,
    0x552f, 0x5531, 0x5535, 0x553e, 0x5544, 0x5546, 0x554f, 0x5553, 0x5556, 0x555e, 0x5563, 0x557c, 0x5580, 0x5584, 0x5586, 0x5587,
    0x5589, 0x558a, 0x5598, 0x5599, 0x559a, 0x559c, 0x559d, 0x55a7, 0x55a9, 0x55aa, 0x55ab, 0x55ac, 0x55ae, 0x55c5, 0x55c7, 0x55d4,
    0x55da, 0x55dc, 0x55df, 0x55e3, 0x55e4, 0x55fd, 0x55fe, 0x5606, 0x5609, 0x5614, 0x5617, 0x562f, 0x5632, 0x5634, 0x5636, 0x5653,
    0x5668, 0x566b, 0x5674, 0x5686, 0x56a5, 0x56ac, 0x56ae, 0x56b4, 0x56bc, 0x56ca, 0x56cd, 0x56d1, 0x56da, 0x56db, 0x56de, 0x56e0,
    0x56f0, 0x56f9, 0x56fa, 0x5703, 0x5704, 0x5708, 0x570b, 0x570d, 0x5712, 0x5713, 0x5716, 0x5718, 0x571f, 0x5728, 0x572d, 0x5730,
    0x573b, 0x5740, 0x5742, 0x5747, 0x574a, 0x574d, 0x574e, 0x5750, 0x5751, 0x5761, 0x5764, 0x5766, 0x576a, 0x576e, 0x5770, 0x5775,
    0x577c, 0x5782, 0x5788, 0x578b, 0x5793, 0x57a0, 0x57a2, 0x57a3, 0x57c3, 0x57c7, 0x57c8, 0x57cb, 0x57ce, 0x57df, 0x57e0, 0x57f0,
    0x57f4, 0x57f7, 0x57f9, 0x57fa, 0x57fc, 0x5800, 0x5802, 0x5805, 0x5806, 0x5808, 0x5809, 0x580a, 0x581e, 0x5821, 0x5824, 0x5827,
    0x582a, 0x582f, 0x5830, 0x5831, 0x5834, 0x5835, 0x583a, 0x584a, 0x584b, 0x584f, 0x5851, 0x5854, 0x5857, 0x5858, 0x585a, 0x585e,
    0x5861, 0x5862, 0x5864, 0x5875, 0x5879, 0x587c, 0x587e, 0x5883, 0x5885, 0x5889, 0x5893, 0x589c, 0x589e, 0x589f, 0x58a8, 0x58a9,
    0x58ae, 0x58b3, 0x58ba, 0x58bb, 0x58be, 0x58c1, 0x58c5, 0x58c7, 0x58ce, 0x58d1, 0x58d3, 0x58d5, 0x58d8, 0x58d9, 0x58de, 0x58df,
    0x58e4, 0x58eb, 0x58ec, 0x58ef, 0x58f9, 0x58fa, 0x58fb, 0x58fd, 0x590f, 0x5914, 0x5915, 0x5916, 0x5919, 0x591a, 0x591c, 0x5922,
    0x5927, 0x5929, 0x592a, 0x592b, 0x592d, 0x592e, 0x5931, 0x5937, 0x593e, 0x5944, 0x5947, 0x5948, 0x5949, 0x594e, 0x594f, 0x5950,
    0x5951, 0x5954, 0x5955, 0x5957, 0x595a, 0x5960, 0x5962, 0x5967, 0x596a, 0x596b, 0x596c, 0x596d, 0x596e, 0x5973, 0x5974, 0x5978,
    0x597d, 0x5982, 0x5983, 0x5984, 0x598a, 0x5993, 0x5996, 0x5997, 0x5999, 0x59a5, 0x59a8, 0x59ac, 0x59b9, 0x59bb, 0x59be, 0x59c3,
    0x59c6, 0x59c9, 0x59cb, 0x59d0, 0x59d1, 0x59d3, 0x59d4, 0x59d9, 0x59da, 0x59dc, 0x59dd, 0x59e6, 0x59e8, 0x59ea, 0x59ec, 0x59ee,
    0x59f8, 0x59fb, 0x59ff, 0x5a01, 0x5a03, 0x5a11, 0x5a18, 0x5a1b, 0x5a1c, 0x5a1f, 0x5a20, 0x5a25, 0x5a29, 0x5a36, 0x5a3c, 0x5a41,
    0x5a46, 0x5a49, 0x5a5a, 0x5a62, 0x5a66, 0x5a92, 0x5a9a, 0x5a9b, 0x5aa4, 0x5ac1, 0x5ac2, 0x5ac4, 0x5ac9, 0x5acc, 0x5ae1, 0x5ae6,
    0x5ae9, 0x5b05, 0x5b09, 0x5b0b, 0x5b0c, 0x5b16, 0x5b2a, 0x5b40, 0x5b43, 0x5b50, 0x5b51, 0x5b54, 0x5b55, 0x5b57, 0x5b58, 0x5b5a,
    0x5b5c, 0x5b5d, 0x5b5f, 0x5b63, 0x5b64, 0x5b69, 0x5b6b, 0x5b70, 0x5b71, 0x5b75, 0x5b78, 0x5b7a, 0x5b7c, 0x5b85, 0x5b87, 0x5b88,
    0x5b89, 0x5b8b, 0x5b8c, 0x5b8f, 0x5b93, 0x5b95, 0x5b96, 0x5b97, 0x5b98, 0x5b99, 0x5b9a, 0x5b9b, 0x5b9c, 0x5ba2, 0x5ba3, 0x5ba4,
    0x5ba5, 0x5ba6, 0x5bac, 0x5bae, 0x5bb0, 0x5bb3, 0x5bb4, 0x5bb5, 0x5bb6, 0x5bb8, 0x5bb9, 0x5bbf, 0x5bc0, 0x5bc2, 0x5bc3, 0x5bc4,
    0x5bc5, 0x5bc6, 0x5bc7, 0x5bcc, 0x5bd0, 0x5bd2, 0x5bd3, 0x5bd4, 0x5bd7, 0x5bde, 0x5bdf, 0x5be1, 0x5be2, 0x5be4, 0x5be5, 0x5be6,
    0x5be7, 0x5be8, 0x5be9, 0x5beb, 0x5bec, 0x5bee, 0x5bef, 0x5bf5, 0x5bf6, 0x5bf8, 0x5bfa, 0x5c01, 0x5c04, 0x5c07, 0x5c08, 0x5c09,
    0x5c0a, 0x5c0b, 0x5c0d, 0x5c0e, 0x5c0f, 0x5c11, 0x5c16, 0x5c19, 0x5c24, 0x5c28, 0x5c31, 0x5c38, 0x5c39, 0x5c3a, 0x5c3b, 0x5c3c,
    0x5c3e, 0x5c3f, 0x5c40, 0x5c45, 0x5c46, 0x5c48, 0x5c4b, 0x5c4d, 0x5c4e, 0x5c51, 0x5c55, 0x5c5b, 0x5c60, 0x5c62, 0x5c64, 0x5c65,
    0x5c6c, 0x5c6f, 0x5c71, 0x5c79, 0x5c90, 0x5c91, 0x5ca1, 0x5ca9, 0x5cab, 0x5cac, 0x5cb1, 0x5cb3, 0x5cb5, 0x5cb7, 0x5cb8, 0x5cba,
    0x5cbe, 0x5cc0, 0x5cd9, 0x5ce0, 0x5ce8, 0x5cef, 0x5cf0, 0x5cf4, 0x5cf6, 0x5cfb, 0x5cfd, 0x5d07, 0x5d0d, 0x5d0e, 0x5d11, 0x5d14,
    0x5d16, 0x5d17, 0x5d19, 0x5d27, 0x5d29, 0x5d4b, 0x5d4c, 0x5d50, 0x5d69, 0x5d6c, 0x5d6f, 0x5d87, 0x5d8b, 0x5d9d, 0x5da0, 0x5da2,
    0x5daa, 0x5db8, 0x5dba, 0x5dbc, 0x5dbd, 0x5dcd, 0x5dd2, 0x5dd6, 0x5ddd, 0x5dde, 0x5de1, 0x5de2, 0x5de5, 0x5de6, 0x5de7, 0x5de8,
    0x5deb, 0x5dee, 0x5df1, 0x5df2, 0x5df3, 0x5df4, 0x5df7, 0x5dfd, 0x5dfe, 0x5e02, 0x5e03, 0x5e06, 0x5e0c, 0x5e11, 0x5e16, 0x5e19,
    0x5e1b, 0x5e1d, 0x5e25, 0x5e2b, 0x5e2d, 0x5e33, 0x5e36, 0x5e38, 0x5e3d, 0x5e3f, 0x5e40, 0x5e44, 0x5e45, 0x5e47, 0x5e4c, 0x5e55,
    0x5e5f, 0x5e61, 0x5e62, 0x5e63, 0x5e72, 0x5e73, 0x5e74, 0x5e77, 0x5e78, 0x5e79, 0x5e7b, 0x5e7c, 0x5e7d, 0x5e7e, 0x5e84, 0x5e87,
    0x5e8a, 0x5e8f, 0x5e95, 0x5e97, 0x5e9a, 0x5e9c, 0x5ea0, 0x5ea6, 0x5ea7, 0x5eab, 0x5ead, 0x5eb5, 0x5eb6, 0x5eb7, 0x5eb8, 0x5ebe,
    0x5ec2, 0x5ec8, 0x5ec9, 0x5eca, 0x5ed0, 0x5ed3, 0x5ed6, 0x5eda, 0x5edb, 0x5edf, 0x5ee0, 0x5ee2, 0x5ee3, 0x5eec, 0x5ef3, 0x5ef6,
    0x5ef7, 0x5efa, 0x5efb, 0x5f01, 0x5f04, 0x5f0a, 0x5f0f, 0x5f11, 0x5f13, 0x5f14, 0x5f15, 0x5f17, 0x5f18, 0x5f1b, 0x5f1f, 0x5f26,
    0x5f27, 0x5f29, 0x5f31, 0x5f35, 0x5f3a, 0x5f3c, 0x5f48, 0x5f4a, 0x5f4c, 0x5f4e, 0x5f56, 0x5f57, 0x5f59, 0x5f5b, 0x5f62, 0x5f66,
    0x5f67, 0x5f69, 0x5f6a, 0x5f6b, 0x5f6c, 0x5f6d, 0x5f70, 0x5f71, 0x5f77, 0x5f79, 0x5f7c, 0x5f7f, 0x5f80, 0x5f81, 0x5f85, 0x5f87,
    0x5f8a, 0x5f8b, 0x5f8c, 0x5f90, 0x5f91, 0x5f92, 0x5f97, 0x5f98, 0x5f99, 0x5f9e, 0x5fa0, 0x5fa1, 0x5fa8, 0x5fa9, 0x5faa, 0x5fae,
    0x5fb5, 0x5fb7, 0x5fb9, 0x5fbd, 0x5fc3, 0x5fc5, 0x5fcc, 0x5fcd, 0x5fd6, 0x5fd7, 0x5fd8, 0x5fd9, 0x5fe0, 0x5feb, 0x5ff5, 0x5ffd,
    0x5fff, 0x600f, 0x6012, 0x6016, 0x601c, 0x601d, 0x6020, 0x6021, 0x6025, 0x6027, 0x6028, 0x602a, 0x602f, 0x6041, 0x6042, 0x6043,
    0x604d, 0x6050, 0x6052, 0x6055, 0x6059, 0x605d, 0x6062, 0x6063, 0x6064, 0x6065, 0x6068, 0x6069, 0x606a, 0x606c, 0x606d, 0x606f,
    0x6070, 0x6085, 0x6089, 0x608c, 0x608d, 0x6094, 0x6096, 0x609a, 0x609b, 0x609f, 0x60a0, 0x60a3, 0x60a4, 0x60a7, 0x60b0, 0x60b2,
    0x60b3, 0x60b4, 0x60b6, 0x60b8, 0x60bc, 0x60bd, 0x60c5, 0x60c7, 0x60d1, 0x60da, 0x60dc, 0x60df, 0x60e0, 0x60e1, 0x60f0, 0x60f1,
    0x60f3, 0x60f6, 0x60f9, 0x60fa, 0x60fb, 0x6101, 0x6106, 0x6108, 0x6109, 0x610d, 0x610e, 0x610f, 0x6115, 0x611a, 0x611b, 0x611f,
    0x6127, 0x6130, 0x6134, 0x6137, 0x613c, 0x613e, 0x613f, 0x6142, 0x6144, 0x6147, 0x6148, 0x614a, 0x614b, 0x614c, 0x6153, 0x6155,
    0x6158, 0x6159, 0x615d, 0x615f, 0x6162, 0x6163, 0x6164, 0x6167, 0x6168, 0x616b, 0x616e, 0x6170, 0x6176, 0x6177, 0x617d, 0x617e,
    0x6181, 0x6182, 0x618a, 0x618e, 0x6190, 0x6191, 0x6194, 0x6198, 0x6199, 0x619a, 0x61a4, 0x61a7, 0x61a9, 0x61ab, 0x61ac, 0x61ae,
    0x61b2, 0x61b6, 0x61ba, 0x61be, 0x61c3, 0x61c7, 0x61c8, 0x61c9, 0x61ca, 0x61cb, 0x61e6, 0x61f2, 0x61f6, 0x61f7, 0x61f8, 0x61fa,
    0x61fc, 0x61ff, 0x6200, 0x6207, 0x6208, 0x620a, 0x620c, 0x620d, 0x620e, 0x6210, 0x6211, 0x6212, 0x6216, 0x621a, 0x621f, 0x6221,
    0x622a, 0x622e, 0x6230, 0x6231, 0x6234, 0x6236, 0x623e, 0x623f, 0x6240, 0x6241, 0x6247, 0x6248, 0x6249, 0x624b, 0x624d, 0x6253,
    0x6258, 0x626e, 0x6271, 0x6276, 0x6279, 0x627c, 0x627f, 0x6280, 0x6284, 0x6289, 0x628a, 0x6291, 0x6292, 0x6295, 0x6297, 0x6298,
    0x629b, 0x62ab, 0x62b1, 0x62b5, 0x62b9, 0x62bc, 0x62bd, 0x62c2, 0x62c7, 0x62c8, 0x62c9, 0x62cc, 0x62cd, 0x62cf, 0x62d0, 0x62d2,
    0x62d3, 0x62d4, 0x62d6, 0x62d7, 0x62d8, 0x62d9, 0x62db, 0x62dc, 0x62ec, 0x62ed, 0x62ee, 0x62ef, 0x62f1, 0x62f3, 0x62f7, 0x62fe,
    0x62ff, 0x6301, 0x6307, 0x6309, 0x6311, 0x632b, 0x632f, 0x633a, 0x633b, 0x633d, 0x633e, 0x6349, 0x634c, 0x634f, 0x6350, 0x6355,
    0x6367, 0x6368, 0x636e, 0x6372, 0x6377, 0x637a, 0x637b, 0x637f, 0x6383, 0x6388, 0x6389, 0x638c, 0x6392, 0x6396, 0x6398, 0x639b,
    0x63a0, 0x63a1, 0x63a2, 0x63a5, 0x63a7, 0x63a8, 0x63a9, 0x63aa, 0x63c0, 0x63c4, 0x63c6, 0x63cf, 0x63d0, 0x63d6, 0x63da, 0x63db,
    0x63e1, 0x63ed, 0x63ee, 0x63f4, 0x63f6, 0x63f7, 0x640d, 0x640f, 0x6414, 0x6416, 0x6417, 0x641c, 0x6422, 0x642c, 0x642d, 0x643a,
    0x643e, 0x6458, 0x6460, 0x6469, 0x646f, 0x6478, 0x6479, 0x647a, 0x6488, 0x6491, 0x6492, 0x6493, 0x649a, 0x649e, 0x64a4, 0x64a5,
    0x64ab, 0x64ad, 0x64ae, 0x64b0, 0x64b2, 0x64bb, 0x64c1, 0x64c4, 0x64c5, 0x64c7, 0x64ca, 0x64cd, 0x64ce, 0x64d2, 0x64d4, 0x64d8,
    0x64da, 0x64e1, 0x64e2, 0x64e5, 0x64e6, 0x64e7, 0x64ec, 0x64f2, 0x64f4, 0x64fa, 0x64fe, 0x6500, 0x6504, 0x6518, 0x651d, 0x6523,
    0x652a, 0x652b, 0x652c, 0x652f, 0x6536, 0x6537, 0x6538, 0x6539, 0x653b, 0x653e, 0x653f, 0x6545, 0x6548, 0x654d, 0x654e, 0x654f,
    0x6551, 0x6556, 0x6557, 0x655e, 0x6562, 0x6563, 0x6566, 0x656c, 0x656d, 0x6572, 0x6574, 0x6575, 0x6577, 0x6578, 0x657e, 0x6582,
    0x6583, 0x6585, 0x6587, 0x658c, 0x6590, 0x6591, 0x6597, 0x6599, 0x659b, 0x659c, 0x659f, 0x65a1, 0x65a4, 0x65a5, 0x65a7, 0x65ab,
    0x65ac, 0x65af, 0x65b0, 0x65b7, 0x65b9, 0x65bc, 0x65bd, 0x65c1, 0x65c5, 0x65cb, 0x65cc, 0x65cf, 0x65d2, 0x65d7, 0x65e0, 0x65e3,
    0x65e5, 0x65e6, 0x65e8, 0x65e9, 0x65ec, 0x65ed, 0x65f1, 0x65f4, 0x65fa, 0x65fb, 0x65fc, 0x65fd, 0x65ff, 0x6606, 0x6607, 0x6609,
    0x660a, 0x660c, 0x660e, 0x660f, 0x6610, 0x6611, 0x6613, 0x6614, 0x6615, 0x661e, 0x661f, 0x6620, 0x6625, 0x6627, 0x6628, 0x662d,
    0x662f, 0x6630, 0x6631, 0x6634, 0x6636, 0x663a, 0x663b, 0x6641, 0x6642, 0x6643, 0x6644, 0x6649, 0x664b, 0x664f, 0x6659, 0x665b,
    0x665d, 0x665e, 0x665f, 0x6664, 0x6665, 0x6666, 0x6667, 0x6668, 0x6669, 0x666b, 0x666e, 0x666f, 0x6673, 0x6674, 0x6676, 0x6677,
    0x6678, 0x667a, 0x6684, 0x6687, 0x6688, 0x6689, 0x668e, 0x6690, 0x6691, 0x6696, 0x6697, 0x6698, 0x669d, 0x66a0, 0x66a2, 0x66ab,
    0x66ae, 0x66b2, 0x66b3, 0x66b4, 0x66b9, 0x66bb, 0x66be, 0x66c4, 0x66c6, 0x66c7, 0x66c9, 0x66d6, 0x66d9, 0x66dc, 0x66dd, 0x66e0,
    0x66e6, 0x66f0, 0x66f2, 0x66f3, 0x66f4, 0x66f7, 0x66f8, 0x66f9, 0x66fa, 0x66fc, 0x66fe, 0x66ff, 0x6700, 0x6703, 0x6708, 0x6709,
    0x670b, 0x670d, 0x6714, 0x6715, 0x6717, 0x671b, 0x671d, 0x671e, 0x671f, 0x6726, 0x6727, 0x6728, 0x672a, 0x672b, 0x672c, 0x672d,
    0x672e, 0x6731, 0x6734, 0x6736, 0x673a, 0x673d, 0x6746, 0x6749, 0x674e, 0x674f, 0x6750, 0x6751, 0x6753, 0x6756, 0x675c, 0x675e,
    0x675f, 0x676d, 0x676f, 0x6770, 0x6771, 0x6773, 0x6775, 0x6777, 0x677b, 0x677e, 0x677f, 0x6787, 0x6789, 0x678b, 0x678f, 0x6790,
    0x6793, 0x6795, 0x6797, 0x679a, 0x679c, 0x679d, 0x67af, 0x67b0, 0x67b3, 0x67b6, 0x67b7, 0x67b8, 0x67be, 0x67c4, 0x67cf, 0x67d0,
    0x67d1, 0x67d2, 0x67d3, 0x67d4, 0x67da, 0x67dd, 0x67e9, 0x67ec, 0x67ef, 0x67f0, 0x67f1, 0x67f3, 0x67f4, 0x67f5, 0x67f6, 0x67fb,
    0x67fe, 0x6812, 0x6813, 0x6816, 0x6817, 0x6821, 0x6822, 0x682a, 0x682f, 0x6838, 0x6839, 0x683c, 0x683d, 0x6840, 0x6841, 0x6842,
    0x6843, 0x6848, 0x684e, 0x6850, 0x6851, 0x6853, 0x6854, 0x686d, 0x6876, 0x687f, 0x6881, 0x6885, 0x688f, 0x6893, 0x6894, 0x6897,
    0x689d, 0x689f, 0x68a1, 0x68a2, 0x68a7, 0x68a8, 0x68ad, 0x68af, 0x68b0, 0x68b1, 0x68b3, 0x68b5, 0x68b6, 0x68c4, 0x68c5, 0x68c9,
    0x68cb, 0x68cd, 0x68d2, 0x68d5, 0x68d7, 0x68d8, 0x68da, 0x68df, 0x68e0, 0x68e7, 0x68e8, 0x68ee, 0x68f2, 0x68f9, 0x68fa, 0x6900,
    0x6905, 0x690d, 0x690e, 0x6912, 0x6927, 0x6930, 0x693d, 0x693f, 0x694a, 0x6953, 0x6954, 0x6955, 0x6957, 0x6959, 0x695a, 0x695e,
    0x6960, 0x6961, 0x6962, 0x6963, 0x6968, 0x696b, 0x696d, 0x696e, 0x696f, 0x6975, 0x6977, 0x6978, 0x6979, 0x6995, 0x699b, 0x699c,
    0x69a5, 0x69a7, 0x69ae, 0x69b4, 0x69bb, 0x69c1, 0x69c3, 0x69cb, 0x69cc, 0x69cd, 0x69d0, 0x69e8, 0x69ea, 0x69fb, 0x69fd, 0x69ff,
    0x6a02, 0x6a0a, 0x6a11, 0x6a13, 0x6a17, 0x6a19, 0x6a1e, 0x6a1f, 0x6a21, 0x6a23, 0x6a35, 0x6a38, 0x6a39, 0x6a3a, 0x6a3d, 0x6a44,
    0x6a48, 0x6a4b, 0x6a52, 0x6a53, 0x6a58, 0x6a59, 0x6a5f, 0x6a61, 0x6a6b, 0x6a80, 0x6a84, 0x6a89, 0x6a8d, 0x6a8e, 0x6a97, 0x6a9c,
    0x6aa2, 0x6aa3, 0x6ab3, 0x6abb, 0x6ac2, 0x6ac3, 0x6ad3, 0x6ada, 0x6adb, 0x6af6, 0x6afb, 0x6b04, 0x6b0a, 0x6b0c, 0x6b12, 0x6b16,
    0x6b20, 0x6b21, 0x6b23, 0x6b32, 0x6b3a, 0x6b3d, 0x6b3e, 0x6b46, 0x6b47, 0x6b4c, 0x6b4e, 0x6b50, 0x6b5f, 0x6b61, 0x6b62, 0x6b63,
    0x6b64, 0x6b65, 0x6b66, 0x6b6a, 0x6b72, 0x6b77, 0x6b78, 0x6b7b, 0x6b7f, 0x6b83, 0x6b84, 0x6b86, 0x6b89, 0x6b8a, 0x6b96, 0x6b98,
    0x6b9e, 0x6bae, 0x6baf, 0x6bb2, 0x6bb5, 0x6bb7, 0x6bba, 0x6bbc, 0x6bbf, 0x6bc1, 0x6bc5, 0x6bc6, 0x6bcb, 0x6bcd, 0x6bcf, 0x6bd2,
    0x6bd3, 0x6bd4, 0x6bd6, 0x6bd7, 0x6bd8, 0x6bdb, 0x6beb, 0x6bec, 0x6c08, 0x6c0f, 0x6c11, 0x6c13, 0x6c23, 0x6c34, 0x6c37, 0x6c38,
    0x6c3e, 0x6c40, 0x6c41, 0x6c42, 0x6c4e, 0x6c50, 0x6c55, 0x6c57, 0x6c5a, 0x6c5d, 0x6c5e, 0x6c5f, 0x6c60, 0x6c68, 0x6c6a, 0x6c6d,
    0x6c70, 0x6c72, 0x6c76, 0x6c7a, 0x6c7d, 0x6c7e, 0x6c81, 0x6c82, 0x6c83, 0x6c85, 0x6c86, 0x6c87, 0x6c88, 0x6c8c, 0x6c90, 0x6c92,
    0x6c93, 0x6c94, 0x6c95, 0x6c96, 0x6c99, 0x6c9a, 0x6c9b, 0x6cab, 0x6cae, 0x6cb3, 0x6cb8, 0x6cb9, 0x6cbb, 0x6cbc, 0x6cbd, 0x6cbe,
    0x6cbf, 0x6cc1, 0x6cc2, 0x6cc4, 0x6cc9, 0x6cca, 0x6ccc, 0x6cd3, 0x6cd5, 0x6cd7, 0x6cdb, 0x6ce1, 0x6ce2, 0x6ce3, 0x6ce5, 0x6ce8,
    0x6ceb, 0x6cee, 0x6cef, 0x6cf0, 0x6cf3, 0x6d0b, 0x6d0c, 0x6d11, 0x6d17, 0x6d19, 0x6d1b, 0x6d1e, 0x6d25, 0x6d27, 0x6d29, 0x6d2a,
    0x6d32, 0x6d35, 0x6d36, 0x6d38, 0x6d39, 0x6d3b, 0x6d3d, 0x6d3e, 0x6d41, 0x6d59, 0x6d5a, 0x6d5c, 0x6d63, 0x6d66, 0x6d69, 0x6d6a,
    0x6d6c, 0x6d6e, 0x6d74, 0x6d77, 0x6d78, 0x6d79, 0x6d7f, 0x6d85, 0x6d87, 0x6d88, 0x6d89, 0x6d8c, 0x6d8d, 0x6d8e, 0x6d91, 0x6d93,
    0x6d95, 0x6daf, 0x6db2, 0x6db5, 0x6dc0, 0x6dc3, 0x6dc4, 0x6dc5, 0x6dc6, 0x6dc7, 0x6dcb, 0x6dcf, 0x6dd1, 0x6dd8, 0x6dd9, 0x6dda,
    0x6dde, 0x6de1, 0x6de8, 0x6dea, 0x6deb, 0x6dee, 0x6df1, 0x6df3, 0x6df5, 0x6df7, 0x6df8, 0x6df9, 0x6dfa, 0x6dfb, 0x6e17, 0x6e19,
    0x6e1a, 0x6e1b, 0x6e1f, 0x6e20, 0x6e21, 0x6e23, 0x6e24, 0x6e25, 0x6e26, 0x6e2b, 0x6e2c, 0x6e2d, 0x6e2f, 0x6e32, 0x6e34, 0x6e36,
    0x6e38, 0x6e3a, 0x6e3c, 0x6e3d, 0x6e3e, 0x6e43, 0x6e44, 0x6e4a, 0x6e4d, 0x6e56, 0x6e58, 0x6e5b, 0x6e5c, 0x6e5e, 0x6e5f, 0x6e67,
    0x6e6b, 0x6e6e, 0x6e6f, 0x6e72, 0x6e73, 0x6e7a, 0x6e90, 0x6e96, 0x6e9c, 0x6e9d, 0x6e9f, 0x6ea2, 0x6ea5, 0x6eaa, 0x6eab, 0x6eaf,
    0x6eb1, 0x6eb6, 0x6eba, 0x6ec2, 0x6ec4, 0x6ec5, 0x6ec9, 0x6ecb, 0x6ecc, 0x6ece, 0x6ed1, 0x6ed3, 0x6ed4, 0x6eef, 0x6ef4, 0x6ef8,
    0x6efe, 0x6eff, 0x6f01, 0x6f02, 0x6f06, 0x6f0f, 0x6f11, 0x6f14, 0x6f15, 0x6f20, 0x6f22, 0x6f23, 0x6f2b, 0x6f2c, 0x6f31, 0x6f32,
    0x6f38, 0x6f3f, 0x6f41, 0x6f51, 0x6f54, 0x6f57, 0x6f58, 0x6f5a, 0x6f5b, 0x6f5e, 0x6f5f, 0x6f62, 0x6f64, 0x6f6d, 0x6f6e, 0x6f70,
    0x6f7a, 0x6f7c, 0x6f7d, 0x6f7e, 0x6f81, 0x6f84, 0x6f88, 0x6f8d, 0x6f8e, 0x6f90, 0x6f94, 0x6f97, 0x6fa3, 0x6fa4, 0x6fa7, 0x6fae,
    0x6faf, 0x6fb1, 0x6fb3, 0x6fb9, 0x6fbe, 0x6fc0, 0x6fc1, 0x6fc2, 0x6fc3, 0x6fca, 0x6fd5, 0x6fda, 0x6fdf, 0x6fe0, 0x6fe1, 0x6fe4,
    0x6fe9, 0x6feb, 0x6fec, 0x6fef, 0x6ff1, 0x6ffe, 0x7001, 0x7005, 0x7006, 0x7009, 0x700b, 0x700f, 0x7011, 0x7015, 0x7018, 0x701a,
    0x701b, 0x701c, 0x701d, 0x701e, 0x701f, 0x7023, 0x7027, 0x7028, 0x702f, 0x7037, 0x703e, 0x704c, 0x7050, 0x7051, 0x7058, 0x705d,
    0x7063, 0x706b, 0x7070, 0x7078, 0x707c, 0x707d, 0x7085, 0x708a, 0x708e, 0x7092, 0x7098, 0x7099, 0x709a, 0x70a1, 0x70a4, 0x70ab,
    0x70ac, 0x70ad, 0x70af, 0x70b3, 0x70b7, 0x70b8, 0x70b9, 0x70c8, 0x70cb, 0x70cf, 0x70d8, 0x70d9, 0x70dd, 0x70df, 0x70f1, 0x70f9,
    0x70fd, 0x7104, 0x7109, 0x710c, 0x7119, 0x711a, 0x711e, 0x7121, 0x7126, 0x7130, 0x7136, 0x7147, 0x7149, 0x714a, 0x714c, 0x714e,
    0x7150, 0x7156, 0x7159, 0x715c, 0x715e, 0x7164, 0x7165, 0x7166, 0x7167, 0x7169, 0x716c, 0x716e, 0x717d, 0x7184, 0x7189, 0x718a,
    0x718f, 0x7192, 0x7194, 0x7199, 0x719f, 0x71a2, 0x71ac, 0x71b1, 0x71b9, 0x71ba, 0x71be, 0x71c1, 0x71c3, 0x71c8, 0x71c9, 0x71ce,
    0x71d0, 0x71d2, 0x71d4, 0x71d5, 0x71df, 0x71e5, 0x71e6, 0x71e7, 0x71ed, 0x71ee, 0x71fb, 0x71fc, 0x71fe, 0x71ff, 0x7200, 0x7206,
    0x7210, 0x721b, 0x722a, 0x722c, 0x722d, 0x7230, 0x7232, 0x7235, 0x7236, 0x723a, 0x723b, 0x723d, 0x723e, 0x7240, 0x7246, 0x7247,
    0x7248, 0x724c, 0x7252, 0x7258, 0x7259, 0x725b, 0x725d, 0x725f, 0x7261, 0x7262, 0x7267, 0x7269, 0x7272, 0x7279, 0x727d, 0x7280,
    0x7281, 0x72a2, 0x72a7, 0x72ac, 0x72af, 0x72c0, 0x72c2, 0x72c4, 0x72ce, 0x72d0, 0x72d7, 0x72d9, 0x72e1, 0x72e9, 0x72f8, 0x72f9,
    0x72fc, 0x72fd, 0x730a, 0x7316, 0x731b, 0x731c, 0x731d, 0x7325, 0x7329, 0x732a, 0x732b, 0x7336, 0x7337, 0x733e, 0x733f, 0x7344,
    0x7345, 0x7350, 0x7352, 0x7357, 0x7368, 0x736a, 0x7370, 0x7372, 0x7375, 0x7378, 0x737a, 0x737b, 0x7384, 0x7386, 0x7387, 0x7389,
    0x738b, 0x738e, 0x7394, 0x7396, 0x7397, 0x7398, 0x739f, 0x73a7, 0x73a9, 0x73ad, 0x73b2, 0x73b3, 0x73b9, 0x73c0, 0x73c2, 0x73c9,
    0x73ca, 0x73cc, 0x73cd, 0x73cf, 0x73d6, 0x73d9, 0x73dd, 0x73de, 0x73e0, 0x73e3, 0x73e4, 0x73e5, 0x73e6, 0x73e9, 0x73ea, 0x73ed,
    0x73f7, 0x73f9, 0x73fd, 0x73fe, 0x7401, 0x7403, 0x7405, 0x7406, 0x7407, 0x7409, 0x7413, 0x741b, 0x7420, 0x7421, 0x7422, 0x7425,
    0x7426, 0x7428, 0x742a, 0x742b, 0x742c, 0x742e, 0x742f, 0x7430, 0x7433, 0x7434, 0x7435, 0x7436, 0x7438, 0x743a, 0x743f, 0x7440,
    0x7441, 0x7443, 0x7444, 0x744b, 0x7455, 0x7457, 0x7459, 0x745a, 0x745b, 0x745c, 0x745e, 0x745f, 0x7460, 0x7462, 0x7464, 0x7465,
    0x7468, 0x7469, 0x746a, 0x746f, 0x747e, 0x7482, 0x7483, 0x7487, 0x7489, 0x748b, 0x7498, 0x749c, 0x749e, 0x749f, 0x74a1, 0x74a3,
    0x74a5, 0x74a7, 0x74a8, 0x74aa, 0x74b0, 0x74b2, 0x74b5, 0x74b9, 0x74bd, 0x74bf, 0x74c6, 0x74ca, 0x74cf, 0x74d4, 0x74d8, 0x74da,
    0x74dc, 0x74e0, 0x74e2, 0x74e3, 0x74e6, 0x74ee, 0x74f7, 0x7501, 0x7504, 0x7511, 0x7515, 0x7518, 0x751a, 0x751b, 0x751f, 0x7523,
    0x7525, 0x7526, 0x7528, 0x752b, 0x752c, 0x7530, 0x7531, 0x7532, 0x7533, 0x7537, 0x7538, 0x753a, 0x7547, 0x754c, 0x754f, 0x7551,
    0x7553, 0x7554, 0x7559, 0x755b, 0x755c, 0x755d, 0x7562, 0x7565, 0x7566, 0x756a, 0x756f, 0x7570, 0x7575, 0x7576, 0x7578, 0x757a,
    0x757f, 0x7586, 0x7587, 0x758a, 0x758b, 0x758e, 0x758f, 0x7591, 0x759d, 0x75a5, 0x75ab, 0x75b1, 0x75b2, 0x75b3, 0x75b5, 0x75b8,
    0x75b9, 0x75bc, 0x75bd, 0x75be, 0x75c2, 0x75c5, 0x75c7, 0x75cd, 0x75d2, 0x75d4, 0x75d5, 0x75d8, 0x75d9, 0x75db, 0x75e2, 0x75f0,
    0x75f2, 0x75f4, 0x75fa, 0x75fc, 0x7600, 0x760d, 0x7619, 0x761f, 0x7620, 0x7621, 0x7622, 0x7624, 0x7626, 0x763b, 0x7642, 0x764c,
    0x764e, 0x7652, 0x7656, 0x7661, 0x7664, 0x7669, 0x766c, 0x7670, 0x7672, 0x7678, 0x767b, 0x767c, 0x767d, 0x767e, 0x7684, 0x7686,
    0x7687, 0x768e, 0x7690, 0x7693, 0x76ae, 0x76ba, 0x76bf, 0x76c2, 0x76c3, 0x76c6, 0x76c8, 0x76ca, 0x76d2, 0x76d6, 0x76db, 0x76dc,
    0x76de, 0x76df, 0x76e1, 0x76e3, 0x76e4, 0x76e7, 0x76ee, 0x76f2, 0x76f4, 0x76f8, 0x76fc, 0x76fe, 0x7701, 0x7704, 0x7708, 0x7709,
    0x770b, 0x771e, 0x7720, 0x7729, 0x7737, 0x7738, 0x773a, 0x773c, 0x7740, 0x774d, 0x775b, 0x7761, 0x7763, 0x7766, 0x776b, 0x7779,
    0x777e, 0x777f, 0x778b, 0x7791, 0x779e, 0x77a5, 0x77ac, 0x77ad, 0x77b0, 0x77b3, 0x77bb, 0x77bc, 0x77bf, 0x77d7, 0x77db, 0x77dc,
    0x77e2, 0x77e3, 0x77e5, 0x77e9, 0x77ed, 0x77ee, 0x77ef, 0x77f3, 0x7802, 0x7812, 0x7825, 0x7826, 0x7827, 0x782c, 0x7832, 0x7834,
    0x7845, 0x784f, 0x785d, 0x786b, 0x786c, 0x786f, 0x787c, 0x7881, 0x7887, 0x788c, 0x788d, 0x788e, 0x7891, 0x7897, 0x78a3, 0x78a7,
    0x78a9, 0x78ba, 0x78bb, 0x78bc, 0x78c1, 0x78c5, 0x78ca, 0x78cb, 0x78ce, 0x78d0, 0x78e8, 0x78ec, 0x78ef, 0x78f5, 0x78fb, 0x7901,
    0x790e, 0x7916, 0x792a, 0x792b, 0x792c, 0x793a, 0x793e, 0x7940, 0x7941, 0x7947, 0x7948, 0x7949, 0x7950, 0x7956, 0x7957, 0x795a,
    0x795b, 0x795c, 0x795d, 0x795e, 0x7960, 0x7965, 0x7968, 0x796d, 0x797a, 0x797f, 0x7981, 0x798d, 0x798e, 0x798f, 0x7991, 0x79a6,
    0x79a7, 0x79aa, 0x79ae, 0x79b1, 0x79b3, 0x79b9, 0x79bd, 0x79be, 0x79bf, 0x79c0, 0x79c1, 0x79c9, 0x79ca, 0x79cb, 0x79d1, 0x79d2,
    0x79d5, 0x79d8, 0x79df, 0x79e4, 0x79e6, 0x79e7, 0x79e9, 0x79fb, 0x7a00, 0x7a05, 0x7a08, 0x7a0b, 0x7a0d, 0x7a14, 0x7a17, 0x7a19,
    0x7a1a, 0x7a1c, 0x7a1f, 0x7a20, 0x7a2e, 0x7a31, 0x7a36, 0x7a37, 0x7a3b, 0x7a3c, 0x7a3d, 0x7a3f, 0x7a40, 0x7a46, 0x7a49, 0x7a4d,
    0x7a4e, 0x7a57, 0x7a61, 0x7a62, 0x7a69, 0x7a6b, 0x7a70, 0x7a74, 0x7a76, 0x7a79, 0x7a7a, 0x7a7d, 0x7a7f, 0x7a81, 0x7a84, 0x7a88,
    0x7a92, 0x7a93, 0x7a95, 0x7a98, 0x7a9f, 0x7aa9, 0x7aaa, 0x7aae, 0x7aaf, 0x7aba, 0x7ac4, 0x7ac5, 0x7ac7, 0x7aca, 0x7acb, 0x7ad7,
    0x7ad9, 0x7add, 0x7adf, 0x7ae0, 0x7ae3, 0x7ae5, 0x7aea, 0x7aed, 0x7aef, 0x7af6, 0x7af9, 0x7afa, 0x7aff, 0x7b0f, 0x7b11, 0x7b19,
    0x7b1b, 0x7b1e, 0x7b20, 0x7b26, 0x7b2c, 0x7b2d, 0x7b39, 0x7b46, 0x7b49, 0x7b4b, 0x7b4c, 0x7b4d, 0x7b4f, 0x7b50, 0x7b51, 0x7b52,
    0x7b54, 0x7b56, 0x7b60, 0x7b6c, 0x7b6e, 0x7b75, 0x7b7d, 0x7b87, 0x7b8b, 0x7b8f, 0x7b94, 0x7b95, 0x7b97, 0x7b9a, 0x7b9d, 0x7ba1,
    0x7bad, 0x7bb1, 0x7bb4, 0x7bb8, 0x7bc0, 0x7bc1, 0x7bc4, 0x7bc6, 0x7bc7, 0x7bc9, 0x7bd2, 0x7be0, 0x7be4, 0x7be9, 0x7c07, 0x7c12,
    0x7c1e, 0x7c21, 0x7c27, 0x7c2a, 0x7c2b, 0x7c3d, 0x7c3e, 0x7c3f, 0x7c43, 0x7c4c, 0x7c4d, 0x7c60, 0x7c64, 0x7c6c, 0x7c73, 0x7c83,
    0x7c89, 0x7c92, 0x7c95, 0x7c97, 0x7c98, 0x7c9f, 0x7ca5, 0x7ca7, 0x7cae, 0x7cb1, 0x7cb2, 0x7cb3, 0x7cb9, 0x7cbe, 0x7cca, 0x7cd6,
    0x7cde, 0x7cdf, 0x7ce0, 0x7ce7, 0x7cfb, 0x7cfe, 0x7d00, 0x7d02, 0x7d04, 0x7d05, 0x7d06, 0x7d07, 0x7d08, 0x7d0a, 0x7d0b, 0x7d0d,
    0x7d10, 0x7d14, 0x7d17, 0x7d18, 0x7d19, 0x7d1a, 0x7d1b, 0x7d20, 0x7d21, 0x7d22, 0x7d2b, 0x7d2c, 0x7d2e, 0x7d2f, 0x7d30, 0x7d33,
    0x7d35, 0x7d39, 0x7d3a, 0x7d42, 0x7d43, 0x7d44, 0x7d45, 0x7d46, 0x7d50, 0x7d5e, 0x7d61, 0x7d62, 0x7d66, 0x7d68, 0x7d6a, 0x7d6e,
    0x7d71, 0x7d72, 0x7d73, 0x7d76, 0x7d79, 0x7d7f, 0x7d8e, 0x7d8f, 0x7d93, 0x7d9c, 0x7da0, 0x7da2, 0x7dac, 0x7dad, 0x7db1, 0x7db2,
    0x7db4, 0x7db5, 0x7db8, 0x7dba, 0x7dbb, 0x7dbd, 0x7dbe, 0x7dbf, 0x7dc7, 0x7dca, 0x7dcb, 0x7dd6, 0x7dd8, 0x7dda, 0x7ddd, 0x7dde,
    0x7de0, 0x7de1, 0x7de3, 0x7de8, 0x7de9, 0x7dec, 0x7def, 0x7df4, 0x7dfb, 0x7e09, 0x7e0a, 0x7e15, 0x7e1b, 0x7e1d, 0x7e1e, 0x7e1f,
    0x7e21, 0x7e23, 0x7e2b, 0x7e2e, 0x7e2f, 0x7e31, 0x7e37, 0x7e3d, 0x7e3e, 0x7e41, 0x7e43, 0x7e46, 0x7e47, 0x7e52, 0x7e54, 0x7e55,
    0x7e5e, 0x7e61, 0x7e69, 0x7e6a, 0x7e6b, 0x7e6d, 0x7e70, 0x7e79, 0x7e7c, 0x7e82, 0x7e8c, 0x7e8f, 0x7e93, 0x7e96, 0x7e98, 0x7e9b,
    0x7e9c, 0x7f36, 0x7f38, 0x7f3a, 0x7f4c, 0x7f50, 0x7f54, 0x7f55, 0x7f6a, 0x7f6b, 0x7f6e, 0x7f70, 0x7f72, 0x7f75, 0x7f77, 0x7f79,
    0x7f85, 0x7f88, 0x7f8a, 0x7f8c, 0x7f8e, 0x7f94, 0x7f9a, 0x7f9e, 0x7fa4, 0x7fa8, 0x7fa9, 0x7fb2, 0x7fb8, 0x7fb9, 0x7fbd, 0x7fc1,
    0x7fc5, 0x7fca, 0x7fcc, 0x7fce, 0x7fd2, 0x7fd4, 0x7fd5, 0x7fdf, 0x7fe0, 0x7fe1, 0x7fe9, 0x7feb, 0x7ff0, 0x7ff9, 0x7ffc, 0x8000,
    0x8001, 0x8003, 0x8005, 0x8006, 0x8009, 0x800c, 0x8010, 0x8015, 0x8017, 0x8018, 0x802d, 0x8033, 0x8036, 0x803d, 0x803f, 0x8043,
    0x8046, 0x804a, 0x8056, 0x8058, 0x805a, 0x805e, 0x806f, 0x8070, 0x8072, 0x8073, 0x8077, 0x807d, 0x807e, 0x807f, 0x8084, 0x8085,
    0x8086, 0x8087, 0x8089, 0x808b, 0x808c, 0x8096, 0x809b, 0x809d, 0x80a1, 0x80a2, 0x80a5, 0x80a9, 0x80aa, 0x80af, 0x80b1, 0x80b2,
    0x80b4, 0x80ba, 0x80c3, 0x80c4, 0x80cc, 0x80ce, 0x80da, 0x80db, 0x80de, 0x80e1, 0x80e4, 0x80e5, 0x80f1, 0x80f4, 0x80f8, 0x80fd,
    0x8102, 0x8105, 0x8106, 0x8107, 0x8108, 0x810a, 0x8118, 0x811a, 0x811b, 0x8123, 0x8129, 0x812b, 0x812f, 0x8139, 0x813e, 0x814b,
    0x814e, 0x8150, 0x8151, 0x8154, 0x8155, 0x8165, 0x8166, 0x816b, 0x8170, 0x8171, 0x8178, 0x8179, 0x817a, 0x817f, 0x8180, 0x8188,
    0x818a, 0x818f, 0x819a, 0x819c, 0x819d, 0x81a0, 0x81a3, 0x81a8, 0x81b3, 0x81b5, 0x81ba, 0x81bd, 0x81be, 0x81bf, 0x81c0, 0x81c2,
    0x81c6, 0x81cd, 0x81d8, 0x81df, 0x81e3, 0x81e5, 0x81e7, 0x81e8, 0x81ea, 0x81ed, 0x81f3, 0x81f4, 0x81fa, 0x81fb, 0x81fc, 0x81fe,
    0x8205, 0x8207, 0x8208, 0x820a, 0x820c, 0x820d, 0x8212, 0x821b, 0x821c, 0x821e, 0x821f, 0x8221, 0x822a, 0x822b, 0x822c, 0x8235,
    0x8236, 0x8237, 0x8239, 0x8240, 0x8245, 0x8247, 0x8259, 0x8264, 0x8266, 0x826e, 0x826f, 0x8271, 0x8272, 0x8276, 0x8278, 0x827e,
    0x828b, 0x828d, 0x828e, 0x8292, 0x8299, 0x829a, 0x829d, 0x829f, 0x82a5, 0x82a6, 0x82a9, 0x82ac, 0x82ad, 0x82ae, 0x82af, 0x82b1,
    0x82b3, 0x82b7, 0x82b8, 0x82b9, 0x82bb, 0x82bc, 0x82bd, 0x82bf, 0x82d1, 0x82d2, 0x82d4, 0x82d5, 0x82d7, 0x82db, 0x82de, 0x82df,
    0x82e1, 0x82e5, 0x82e6, 0x82e7, 0x82f1, 0x82fd, 0x82fe, 0x8301, 0x8302, 0x8303, 0x8304, 0x8305, 0x8309, 0x8317, 0x8328, 0x832b,
    0x832f, 0x8331, 0x8334, 0x8335, 0x8336, 0x8338, 0x8339, 0x8340, 0x8347, 0x8349, 0x834a, 0x834f, 0x8351, 0x8352, 0x8373, 0x8377,
    0x837b, 0x8389, 0x838a, 0x838e, 0x8396, 0x8398, 0x839e, 0x83a2, 0x83a9, 0x83aa, 0x83ab, 0x83bd, 0x83c1, 0x83c5, 0x83c9, 0x83ca,
    0x83cc, 0x83d3, 0x83d6, 0x83dc, 0x83e9, 0x83eb, 0x83ef, 0x83f0, 0x83f1, 0x83f2, 0x83f4, 0x83f9, 0x83fd, 0x8403, 0x8404, 0x840a,
    0x840c, 0x840d, 0x840e, 0x8429, 0x842c, 0x8431, 0x8438, 0x843d, 0x8449, 0x8457, 0x845b, 0x8461, 0x8463, 0x8466, 0x846b, 0x846c,
    0x846f, 0x8475, 0x847a, 0x8490, 0x8494, 0x8499, 0x849c, 0x84a1, 0x84b2, 0x84b8, 0x84bb, 0x84bc, 0x84bf, 0x84c0, 0x84c2, 0x84c4,
    0x84c6, 0x84c9, 0x84cb, 0x84cd, 0x84d1, 0x84da, 0x84ec, 0x84ee, 0x84f4, 0x84fc, 0x8511, 0x8513, 0x8514, 0x8517, 0x8518, 0x851a,
    0x851e, 0x8521, 0x8523, 0x8525, 0x852c, 0x852d, 0x852f, 0x853d, 0x853f, 0x8541, 0x8543, 0x8549, 0x854e, 0x8553, 0x8559, 0x8563,
    0x8568, 0x8569, 0x856a, 0x856d, 0x8584, 0x8587, 0x858f, 0x8591, 0x8594, 0x859b, 0x85a6, 0x85a8, 0x85a9, 0x85aa, 0x85af, 0x85b0,
    0x85ba, 0x85c1, 0x85c9, 0x85cd, 0x85ce, 0x85cf, 0x85d5, 0x85dc, 0x85dd, 0x85e4, 0x85e5, 0x85e9, 0x85ea, 0x85f7, 0x85fa, 0x85fb,
    0x85ff, 0x8602, 0x8606, 0x8607, 0x860a, 0x8616, 0x8617, 0x861a, 0x862d, 0x863f, 0x864e, 0x8650, 0x8654, 0x8655, 0x865b, 0x865c,
    0x865e, 0x865f, 0x8667, 0x8679, 0x868a, 0x868c, 0x8693, 0x86a3, 0x86a4, 0x86a9, 0x86c7, 0x86cb, 0x86d4, 0x86d9, 0x86db, 0x86df,
    0x86e4, 0x86ed, 0x86fe, 0x8700, 0x8702, 0x8703, 0x8708, 0x8718, 0x871a, 0x871c, 0x874e, 0x8755, 0x8757, 0x875f, 0x8766, 0x8768,
    0x8774, 0x8776, 0x8778, 0x8782, 0x878d, 0x879f, 0x87a2, 0x87b3, 0x87ba, 0x87c4, 0x87e0, 0x87ec, 0x87ef, 0x87f2, 0x87f9, 0x87fb,
    0x87fe, 0x8805, 0x881f, 0x8822, 0x8823, 0x8831, 0x8836, 0x883b, 0x8840, 0x8846, 0x884c, 0x884d, 0x8852, 0x8853, 0x8857, 0x8859,
    0x885b, 0x885d, 0x8861, 0x8862, 0x8863, 0x8868, 0x886b, 0x8870, 0x8872, 0x8877, 0x887e, 0x887f, 0x8881, 0x8882, 0x8888, 0x888b,
    0x888d, 0x8892, 0x8896, 0x8897, 0x889e, 0x88ab, 0x88b4, 0x88c1, 0x88c2, 0x88cf, 0x88d4, 0x88d5, 0x88d9, 0x88dc, 0x88dd, 0x88df,
    0x88e1, 0x88e8, 0x88f3, 0x88f4, 0x88f5, 0x88f8, 0x88fd, 0x8907, 0x8910, 0x8912, 0x8913, 0x8918, 0x8919, 0x8925, 0x892a, 0x8936,
    0x8938, 0x893b, 0x8941, 0x8944, 0x895f, 0x8964, 0x896a, 0x8972, 0x897f, 0x8981, 0x8983, 0x8986, 0x8987, 0x898b, 0x898f, 0x8993,
    0x8996, 0x89a1, 0x89a9, 0x89aa, 0x89b2, 0x89ba, 0x89bd, 0x89c0, 0x89d2, 0x89e3, 0x89f4, 0x89f8, 0x8a00, 0x8a02, 0x8a03, 0x8a08,
    0x8a0a, 0x8a0c, 0x8a0e, 0x8a13, 0x8a16, 0x8a17, 0x8a18, 0x8a1b, 0x8a1d, 0x8a1f, 0x8a23, 0x8a25, 0x8a2a, 0x8a2d, 0x8a31, 0x8a34,
    0x8a36, 0x8a3a, 0x8a3b, 0x8a50, 0x8a54, 0x8a55, 0x8a5b, 0x8a5e, 0x8a60, 0x8a62, 0x8a63, 0x8a66, 0x8a69, 0x8a6d, 0x8a6e, 0x8a70,
    0x8a71, 0x8a72, 0x8a73, 0x8a75, 0x8a79, 0x8a85, 0x8a87, 0x8a8c, 0x8a8d, 0x8a93, 0x8a95, 0x8a98, 0x8a9e, 0x8aa0, 0x8aa1, 0x8aa3,
    0x8aa4, 0x8aa5, 0x8aa6, 0x8aa8, 0x8aaa, 0x8ab0, 0x8ab2, 0x8ab9, 0x8abc, 0x8abe, 0x8abf, 0x8ac2, 0x8ac4, 0x8ac7, 0x8acb, 0x8acd,
    0x8acf, 0x8ad2, 0x8ad6, 0x8adb, 0x8adc, 0x8ae1, 0x8ae6, 0x8ae7, 0x8aea, 0x8aeb, 0x8aed, 0x8aee, 0x8af1, 0x8af6, 0x8af7, 0x8af8,
    0x8afa, 0x8afe, 0x8b00, 0x8b01, 0x8b02, 0x8b04, 0x8b0e, 0x8b10, 0x8b14, 0x8b16, 0x8b17, 0x8b19, 0x8b1a, 0x8b1b, 0x8b1d, 0x8b20,
    0x8b28, 0x8b2b, 0x8b2c, 0x8b33, 0x8b39, 0x8b41, 0x8b49, 0x8b4e, 0x8b4f, 0x8b58, 0x8b5a, 0x8b5c, 0x8b66, 0x8b6c, 0x8b6f, 0x8b70,
    0x8b74, 0x8b77, 0x8b7d, 0x8b80, 0x8b8a, 0x8b90, 0x8b92, 0x8b93, 0x8b96, 0x8b9a, 0x8c37, 0x8c3f, 0x8c41, 0x8c46, 0x8c48, 0x8c4a,
    0x8c4c, 0x8c55, 0x8c5a, 0x8c61, 0x8c6a, 0x8c6b, 0x8c79, 0x8c7a, 0x8c82, 0x8c8a, 0x8c8c, 0x8c9d, 0x8c9e, 0x8ca0, 0x8ca1, 0x8ca2,
    0x8ca7, 0x8ca8, 0x8ca9, 0x8caa, 0x8cab, 0x8cac, 0x8caf, 0x8cb0, 0x8cb3, 0x8cb4, 0x8cb6, 0x8cb7, 0x8cb8, 0x8cbb, 0x8cbc, 0x8cbd,
    0x8cbf, 0x8cc0, 0x8cc1, 0x8cc2, 0x8cc3, 0x8cc4, 0x8cc7, 0x8cc8, 0x8cca, 0x8cd1, 0x8cd3, 0x8cda, 0x8cdc, 0x8cde, 0x8ce0, 0x8ce2,
    0x8ce3, 0x8ce4, 0x8ce6, 0x8cea, 0x8ced, 0x8cf4, 0x8cfb, 0x8cfc, 0x8cfd, 0x8d04, 0x8d05, 0x8d07, 0x8d08, 0x8d0a, 0x8d0d, 0x8d13,
    0x8d16, 0x8d64, 0x8d66, 0x8d6b, 0x8d70, 0x8d73, 0x8d74, 0x8d77, 0x8d85, 0x8d8a, 0x8d99, 0x8da3, 0x8da8, 0x8db3, 0x8dba, 0x8dbe,
    0x8dc6, 0x8dcb, 0x8dcc, 0x8dcf, 0x8ddb, 0x8ddd, 0x8de1, 0x8de3, 0x8de8, 0x8def, 0x8df3, 0x8e0a, 0x8e0f, 0x8e10, 0x8e1e, 0x8e2a,
    0x8e30, 0x8e35, 0x8e42, 0x8e44, 0x8e47, 0x8e48, 0x8e49, 0x8e4a, 0x8e59, 0x8e5f, 0x8e60, 0x8e74, 0x8e76, 0x8e81, 0x8e87, 0x8e8a,
    0x8e8d, 0x8eaa, 0x8eab, 0x8eac, 0x8ec0, 0x8eca, 0x8ecb, 0x8ecc, 0x8ecd, 0x8ed2, 0x8edf, 0x8eeb, 0x8ef8, 0x8efb, 0x8efe, 0x8f03,
    0x8f05, 0x8f09, 0x8f12, 0x8f13, 0x8f14, 0x8f15, 0x8f1b, 0x8f1c, 0x8f1d, 0x8f1e, 0x8f1f, 0x8f26, 0x8f27, 0x8f29, 0x8f2a, 0x8f2f,
    0x8f33, 0x8f38, 0x8f39, 0x8f3b, 0x8f3e, 0x8f3f, 0x8f44, 0x8f45, 0x8f49, 0x8f4d, 0x8f4e, 0x8f5d, 0x8f5f, 0x8f62, 0x8f9b, 0x8f9c,
    0x8fa3, 0x8fa6, 0x8fa8, 0x8fad, 0x8faf, 0x8fb0, 0x8fb1, 0x8fb2, 0x8fc2, 0x8fc5, 0x8fce, 0x8fd1, 0x8fd4, 0x8fe6, 0x8fea, 0x8feb,
    0x8fed, 0x8ff0, 0x8ff2, 0x8ff7, 0x8ff9, 0x8ffd, 0x9000, 0x9001, 0x9002, 0x9003, 0x9005, 0x9006, 0x9008, 0x900b, 0x900d, 0x900f,
    0x9010, 0x9011, 0x9014, 0x9015, 0x9017, 0x9019, 0x901a, 0x901d, 0x901e, 0x901f, 0x9020, 0x9021, 0x9022, 0x9023, 0x902e, 0x9031,
    0x9032, 0x9035, 0x9038, 0x903c, 0x903e, 0x9041, 0x9042, 0x9047, 0x904a, 0x904b, 0x904d, 0x904e, 0x9050, 0x9051, 0x9053, 0x9054,
    0x9055, 0x9059, 0x905c, 0x905d, 0x905e, 0x9060, 0x9061, 0x9063, 0x9069, 0x906d, 0x906e, 0x906f, 0x9072, 0x9075, 0x9077, 0x9078,
    0x907a, 0x907c, 0x907d, 0x907f, 0x9080, 0x9081, 0x9082, 0x9083, 0x9084, 0x9087, 0x9088, 0x908a, 0x908f, 0x9091, 0x9095, 0x9099,
    0x90a2, 0x90a3, 0x90a6, 0x90a8, 0x90aa, 0x90af, 0x90b0, 0x90b1, 0x90b5, 0x90b8, 0x90c1, 0x90ca, 0x90de, 0x90e1, 0x90e8, 0x90ed,
    0x90f5, 0x90fd, 0x9102, 0x9112, 0x9115, 0x9119, 0x9127, 0x912d, 0x9132, 0x9149, 0x914a, 0x914b, 0x914c, 0x914d, 0x914e, 0x9152,
    0x9162, 0x9169, 0x916a, 0x916c, 0x9175, 0x9177, 0x9178, 0x9187, 0x9189, 0x918b, 0x918d, 0x9192, 0x919c, 0x91ab, 0x91ac, 0x91ae,
    0x91af, 0x91b1, 0x91b4, 0x91b5, 0x91c0, 0x91c7, 0x91c9, 0x91cb, 0x91cc, 0x91cd, 0x91ce, 0x91cf, 0x91d0, 0x91d1, 0x91d7, 0x91d8,
    0x91dc, 0x91dd, 0x91e3, 0x91e7, 0x91ea, 0x91f5, 0x920d, 0x9210, 0x9211, 0x9212, 0x9217, 0x921e, 0x9234, 0x923a, 0x923f, 0x9240,
    0x9245, 0x9249, 0x9257, 0x925b, 0x925e, 0x9262, 0x9264, 0x9265, 0x9266, 0x9280, 0x9283, 0x9285, 0x9291, 0x9293, 0x9296, 0x9298,
    0x929c, 0x92b3, 0x92b6, 0x92b7, 0x92b9, 0x92cc, 0x92cf, 0x92d2, 0x92e4, 0x92ea, 0x92f8, 0x92fc, 0x9304, 0x9310, 0x9318, 0x931a,
    0x931e, 0x931f, 0x9320, 0x9321, 0x9322, 0x9324, 0x9326, 0x9328, 0x932b, 0x932e, 0x932f, 0x9348, 0x934a, 0x934b, 0x934d, 0x9354,
    0x935b, 0x936e, 0x9375, 0x937c, 0x937e, 0x938c, 0x9394, 0x9396, 0x939a, 0x93a3, 0x93a7, 0x93ac, 0x93ad, 0x93b0, 0x93c3, 0x93d1,
    0x93de, 0x93e1, 0x93e4, 0x93f6, 0x9404, 0x9418, 0x9425, 0x942b, 0x9435, 0x9438, 0x9444, 0x9451, 0x9452, 0x945b, 0x947d, 0x947f,
    0x9577, 0x9580, 0x9583, 0x9589, 0x958b, 0x958f, 0x9591, 0x9592, 0x9593, 0x9594, 0x9598, 0x95a3, 0x95a4, 0x95a5, 0x95a8, 0x95ad,
    0x95b1, 0x95bb, 0x95bc, 0x95c7, 0x95ca, 0x95d4, 0x95d5, 0x95d6, 0x95dc, 0x95e1, 0x95e2, 0x961c, 0x9621, 0x962a, 0x962e, 0x9632,
    0x963b, 0x963f, 0x9640, 0x9642, 0x9644, 0x964b, 0x964c, 0x964d, 0x9650, 0x965b, 0x965c, 0x965d, 0x965e, 0x965f, 0x9662, 0x9663,
    0x9664, 0x966a, 0x9670, 0x9673, 0x9675, 0x9676, 0x9677, 0x9678, 0x967d, 0x9685, 0x9686, 0x968a, 0x968b, 0x968d, 0x968e, 0x9694,
    0x9695, 0x9698, 0x9699, 0x969b, 0x969c, 0x96a3, 0x96a7, 0x96a8, 0x96aa, 0x96b1, 0x96b7, 0x96bb, 0x96c0, 0x96c1, 0x96c4, 0x96c5,
    0x96c6, 0x96c7, 0x96c9, 0x96cb, 0x96cc, 0x96cd, 0x96ce, 0x96d5, 0x96d6, 0x96d9, 0x96db, 0x96dc, 0x96e2, 0x96e3, 0x96e8, 0x96e9,
    0x96ea, 0x96ef, 0x96f0, 0x96f2, 0x96f6, 0x96f7, 0x96f9, 0x96fb, 0x9700, 0x9706, 0x9707, 0x9711, 0x9713, 0x9716, 0x9719, 0x971c,
    0x971e, 0x9727, 0x9730, 0x9732, 0x9739, 0x973d, 0x9742, 0x9744, 0x9748, 0x9751, 0x9756, 0x975c, 0x975e, 0x9761, 0x9762, 0x9769,
    0x976d, 0x9774, 0x9777, 0x977a, 0x978b, 0x978d, 0x978f, 0x97a0, 0x97a8, 0x97ab, 0x97ad, 0x97c6, 0x97cb, 0x97d3, 0x97dc, 0x97f3,
    0x97f6, 0x97fb, 0x97ff, 0x9800, 0x9801, 0x9802, 0x9803, 0x9805, 0x9806, 0x9808, 0x980a, 0x980c, 0x9810, 0x9811, 0x9812, 0x9813,
    0x9817, 0x9818, 0x982d, 0x9830, 0x9838, 0x9839, 0x983b, 0x9846, 0x984c, 0x984d, 0x984e, 0x9854, 0x9858, 0x985a, 0x985e, 0x9865,
    0x9867, 0x986b, 0x986f, 0x98a8, 0x98af, 0x98b1, 0x98c4, 0x98c7, 0x98db, 0x98dc, 0x98df, 0x98e1, 0x98e2, 0x98ed, 0x98ee, 0x98ef,
    0x98f4, 0x98fc, 0x98fd, 0x98fe, 0x9903, 0x9909, 0x990a, 0x990c, 0x9910, 0x9913, 0x9918, 0x991e, 0x9920, 0x9928, 0x9945, 0x9949,
    0x994b, 0x994c, 0x994d, 0x9951, 0x9952, 0x9954, 0x9957, 0x9996, 0x9999, 0x999d, 0x99a5, 0x99a8, 0x99ac, 0x99ad, 0x99ae, 0x99b1,
    0x99b3, 0x99b4, 0x99b9, 0x99c1, 0x99d0, 0x99d1, 0x99d2, 0x99d5, 0x99d9, 0x99dd, 0x99df, 0x99ed, 0x99f1, 0x99ff, 0x9a01, 0x9a08,
    0x9a0e, 0x9a0f, 0x9a19, 0x9a2b, 0x9a30, 0x9a36, 0x9a37, 0x9a40, 0x9a43, 0x9a45, 0x9a4d, 0x9a55, 0x9a57, 0x9a5a, 0x9a5b, 0x9a5f,
    0x9a62, 0x9a65, 0x9a69, 0x9a6a, 0x9aa8, 0x9ab8, 0x9ad3, 0x9ad4, 0x9ad8, 0x9ae5, 0x9aee, 0x9b1a, 0x9b27, 0x9b2a, 0x9b31, 0x9b3c,
    0x9b41, 0x9b42, 0x9b43, 0x9b44, 0x9b45, 0x9b4f, 0x9b54, 0x9b5a, 0x9b6f, 0x9b8e, 0x9b91, 0x9b9f, 0x9bab, 0x9bae, 0x9bc9, 0x9bd6,
    0x9be4, 0x9be8, 0x9c0d, 0x9c10, 0x9c12, 0x9c15, 0x9c25, 0x9c32, 0x9c3b, 0x9c47, 0x9c49, 0x9c57, 0x9ce5, 0x9ce7, 0x9ce9, 0x9cf3,
    0x9cf4, 0x9cf6, 0x9d09, 0x9d1b, 0x9d26, 0x9d28, 0x9d3b, 0x9d51, 0x9d5d, 0x9d60, 0x9d61, 0x9d6c, 0x9d72, 0x9da9, 0x9daf, 0x9db4,
    0x9dc4, 0x9dd7, 0x9df2, 0x9df8, 0x9df9, 0x9dfa, 0x9e1a, 0x9e1e, 0x9e75, 0x9e79, 0x9e7d, 0x9e7f, 0x9e92, 0x9e93, 0x9e97, 0x9e9d,
    0x9e9f, 0x9ea5, 0x9eb4, 0x9eb5, 0x9ebb, 0x9ebe, 0x9ec3, 0x9ecd, 0x9ece, 0x9ed1, 0x9ed4, 0x9ed8, 0x9edb, 0x9edc, 0x9ede, 0x9ee8,
    0x9ef4, 0x9f07, 0x9f08, 0x9f0e, 0x9f13, 0x9f20, 0x9f3b, 0x9f4a, 0x9f4b, 0x9f4e, 0x9f52, 0x9f5f, 0x9f61, 0x9f67, 0x9f6a, 0x9f6c,
    0x9f77, 0x9f8d, 0x9f90, 0x9f95, 0x9f9c, 0xac00, 0xac01, 0xac02, 0xac03, 0xac04, 0xac05, 0xac06, 0xac07, 0xac08, 0xac09, 0xac0a,
    0xac0b, 0xac0c, 0xac0d, 0xac0e, 0xac0f, 0xac10, 0xac11, 0xac12, 0xac13, 0xac14, 0xac15, 0xac16, 0xac17, 0xac18, 0xac19, 0xac1a,
    0xac1b, 0xac1c, 0xac1d, 0xac1e, 0xac1f, 0xac20, 0xac21, 0xac22, 0xac23, 0xac24, 0xac25, 0xac26, 0xac27, 0xac28, 0xac29, 0xac2a,
    0xac2b, 0xac2c, 0xac2d, 0xac2e, 0xac2f, 0xac30, 0xac31, 0xac32, 0xac33, 0xac34, 0xac35, 0xac36, 0xac37, 0xac38, 0xac39, 0xac3a,
    0xac3b, 0xac3c, 0xac3d, 0xac3e, 0xac3f, 0xac40, 0xac41, 0xac42, 0xac43, 0xac44, 0xac45, 0xac46, 0xac47, 0xac48, 0xac49, 0xac4a,
    0xac4b, 0xac4c, 0xac4d, 0xac4e, 0xac4f, 0xac50, 0xac51, 0xac52, 0xac53, 0xac54, 0xac55, 0xac56, 0xac57, 0xac58, 0xac59, 0xac5a,
    0xac5b, 0xac5c, 0xac5d, 0xac5e, 0xac5f, 0xac60, 0xac61, 0xac62, 0xac63, 0xac64, 0xac65, 0xac66, 0xac67, 0xac68, 0xac69, 0xac6a,
    0xac6b, 0xac6c, 0xac6d, 0xac6e, 0xac6f, 0xac70, 0xac71, 0xac72, 0xac73, 0xac74, 0xac75, 0xac76, 0xac77, 0xac78, 0xac79, 0xac7a,
    0xac7b, 0xac7c, 0xac7d, 0xac7e, 0xac7f, 0xac80, 0xac81, 0xac82, 0xac83, 0xac84, 0xac85, 0xac86, 0xac87, 0xac88, 0xac89, 0xac8a,
    0xac8b, 0xac8c, 0xac8d, 0xac8e, 0xac8f, 0xac90, 0xac91, 0xac92, 0xac93, 0xac94, 0xac95, 0xac96, 0xac97, 0xac98, 0xac99, 0xac9a,
    0xac9b, 0xac9c, 0xac9d, 0xac9e, 0xac9f, 0xaca0, 0xaca1, 0xaca2, 0xaca3, 0xaca4, 0xaca5, 0xaca6, 0xaca7, 0xaca8, 0xaca9, 0xacaa,
    0xacab, 0xacac, 0xacad, 0xacae, 0xacaf, 0xacb0, 0xacb1, 0xacb2, 0xacb3, 0xacb4, 0xacb5, 0xacb6, 0xacb7, 0xacb8, 0xacb9, 0xacba,
    0xacbb, 0xacbc, 0xacbd, 0xacbe, 0xacbf, 0xacc0, 0xacc1, 0xacc2, 0xacc3, 0xacc4, 0xacc5, 0xacc6, 0xacc7, 0xacc8, 0xacc9, 0xacca,
    0xaccb, 0xaccc, 0xaccd, 0xacce, 0xaccf, 0xacd0, 0xacd1, 0xacd2, 0xacd3, 0xacd4, 0xacd5, 0xacd6, 0xacd7, 0xacd8, 0xacd9, 0xacda,
    0xacdb, 0xacdc, 0xacdd, 0xacde, 0xacdf, 0xace0, 0xace1, 0xace2, 0xace3, 0xace4, 0xace5, 0xace6, 0xace7, 0xace8, 0xace9, 0xacea,
    0xaceb, 0xacec, 0xaced, 0xacee, 0xacef, 0xacf0, 0xacf1, 0xacf2, 0xacf3, 0xacf4, 0xacf5, 0xacf6, 0xacf7, 0xacf8, 0xacf9, 0xacfa,
    0xacfb, 0xacfc, 0xacfd, 0xacfe, 0xacff, 0xad00, 0xad01, 0xad02, 0xad03, 0xad04, 0xad05, 0xad06, 0xad07, 0xad08, 0xad09, 0xad0a,
    0xad0b, 0xad0c, 0xad0d, 0xad0e, 0xad0f, 0xad10, 0xad11, 0xad12, 0xad13, 0xad14, 0xad15, 0xad16, 0xad17, 0xad18, 0xad19, 0xad1a,
    0xad1b, 0xad1c, 0xad1d, 0xad1e, 0xad1f, 0xad20, 0xad21, 0xad22, 0xad23, 0xad24, 0xad25, 0xad26, 0xad27, 0xad28, 0xad29, 0xad2a,
    0xad2b, 0xad2c, 0xad2d, 0xad2e, 0xad2f, 0xad30, 0xad31, 0xad32, 0xad33, 0xad34, 0xad35, 0xad36, 0xad37, 0xad38, 0xad39, 0xad3a,
    0xad3b, 0xad3c, 0xad3d, 0xad3e, 0xad3f, 0xad40, 0xad41, 0xad42, 0xad43, 0xad44, 0xad45, 0xad46, 0xad47, 0xad48, 0xad49, 0xad4a,
    0xad4b, 0xad4c, 0xad4d, 0xad4e, 0xad4f, 0xad50, 0xad51, 0xad52, 0xad53, 0xad54, 0xad55, 0xad56, 0xad57, 0xad58, 0xad59, 0xad5a,
    0xad5b, 0xad5c, 0xad5d, 0xad5e, 0xad5f, 0xad60, 0xad61, 0xad62, 0xad63, 0xad64, 0xad65, 0xad66, 0xad67, 0xad68, 0xad69, 0xad6a,
    0xad6b, 0xad6c, 0xad6d, 0xad6e, 0xad6f, 0xad70, 0xad71, 0xad72, 0xad73, 0xad74, 0xad75, 0xad76, 0xad77, 0xad78, 0xad79, 0xad7a,
    0xad7b, 0xad7c, 0xad7d, 0xad7e, 0xad7f, 0xad80, 0xad81, 0xad82, 0xad83, 0xad84, 0xad85, 0xad86, 0xad87, 0xad88, 0xad89, 0xad8a,
    0xad8b, 0xad8c, 0xad8d, 0xad8e, 0xad8f, 0xad90, 0xad91, 0xad92, 0xad93, 0xad94, 0xad95, 0xad96, 0xad97, 0xad98, 0xad99, 0xad9a,
    0xad9b, 0xad9c, 0xad9d, 0xad9e, 0xad9f, 0xada0, 0xada1, 0xada2, 0xada3, 0xada4, 0xada5, 0xada6, 0xada7, 0xada8, 0xada9, 0xadaa,
    0xadab, 0xadac, 0xadad, 0xadae, 0xadaf, 0xadb0, 0xadb1, 0xadb2, 0xadb3, 0xadb4, 0xadb5, 0xadb6, 0xadb7, 0xadb8, 0xadb9, 0xadba,
    0xadbb, 0xadbc, 0xadbd, 0xadbe, 0xadbf, 0xadc0, 0xadc1, 0xadc2, 0xadc3, 0xadc4, 0xadc5, 0xadc6, 0xadc7, 0xadc8, 0xadc9, 0xadca,
    0xadcb, 0xadcc, 0xadcd, 0xadce, 0xadcf, 0xadd0, 0xadd1, 0xadd2, 0xadd3, 0xadd4, 0xadd5, 0xadd6, 0xadd7, 0xadd8, 0xadd9, 0xadda,
    0xaddb, 0xaddc, 0xaddd, 0xadde, 0xaddf, 0xade0, 0xade1, 0xade2, 0xade3, 0xade4, 0xade5, 0xade6, 0xade7, 0xade8, 0xade9, 0xadea,
    0xadeb, 0xadec, 0xaded, 0xadee, 0xadef, 0xadf0, 0xadf1, 0xadf2, 0xadf3, 0xadf4, 0xadf5, 0xadf6, 0xadf7, 0xadf8, 0xadf9, 0xadfa,
    0xadfb, 0xadfc, 0xadfd, 0xadfe, 0xadff, 0xae00, 0xae01, 0xae02, 0xae03, 0xae04, 0xae05, 0xae06, 0xae07, 0xae08, 0xae09, 0xae0a,
    0xae0b, 0xae0c, 0xae0d, 0xae0e, 0xae0f, 0xae10, 0xae11, 0xae12, 0xae13, 0xae14, 0xae15, 0xae16, 0xae17, 0xae18, 0xae19, 0xae1a,
    0xae1b, 0xae1c, 0xae1d, 0xae1e, 0xae1f, 0xae20, 0xae21, 0xae22, 0xae23, 0xae24, 0xae25, 0xae26, 0xae27, 0xae28, 0xae29, 0xae2a,
    0xae2b, 0xae2c, 0xae2d, 0xae2e, 0xae2f, 0xae30, 0xae31, 0xae32, 0xae33, 0xae34, 0xae35, 0xae36, 0xae37, 0xae38, 0xae39, 0xae3a,
    0xae3b, 0xae3c, 0xae3d, 0xae3e, 0xae3f, 0xae40, 0xae41, 0xae42, 0xae43, 0xae44, 0xae45, 0xae46, 0xae47, 0xae48, 0xae49, 0xae4a,
    0xae4b, 0xae4c, 0xae4d, 0xae4e, 0xae4f, 0xae50, 0xae51, 0xae52, 0xae53, 0xae54, 0xae55, 0xae56, 0xae57, 0xae58, 0xae59, 0xae5a,
    0xae5b, 0xae5c, 0xae5d, 0xae5e, 0xae5f, 0xae60, 0xae61, 0xae62, 0xae63, 0xae64, 0xae65, 0xae66, 0xae67, 0xae68, 0xae69, 0xae6a,
    0xae6b, 0xae6c, 0xae6d, 0xae6e, 0xae6f, 0xae70, 0xae71, 0xae72, 0xae73, 0xae74, 0xae75, 0xae76, 0xae77, 0xae78, 0xae79, 0xae7a,
    0xae7b, 0xae7c, 0xae7d, 0xae7e, 0xae7f, 0xae80, 0xae81, 0xae82, 0xae83, 0xae84, 0xae85, 0xae86, 0xae87, 0xae88, 0xae89, 0xae8a,
    0xae8b, 0xae8c, 0xae8d, 0xae8e, 0xae8f, 0xae90, 0xae91, 0xae92, 0xae93, 0xae94, 0xae95, 0xae96, 0xae97, 0xae98, 0xae99, 0xae9a,
    0xae9b, 0xae9c, 0xae9d, 0xae9e, 0xae9f, 0xaea0, 0xaea1, 0xaea2, 0xaea3, 0xaea4, 0xaea5, 0xaea6, 0xaea7, 0xaea8, 0xaea9, 0xaeaa,
    0xaeab, 0xaeac, 0xaead, 0xaeae, 0xaeaf, 0xaeb0, 0xaeb1, 0xaeb2, 0xaeb3, 0xaeb4, 0xaeb5, 0xaeb6, 0xaeb7, 0xaeb8, 0xaeb9, 0xaeba,
    0xaebb, 0xaebc, 0xaebd, 0xaebe, 0xaebf, 0xaec0, 0xaec1, 0xaec2, 0xaec3, 0xaec4, 0xaec5, 0xaec6, 0xaec7, 0xaec8, 0xaec9, 0xaeca,
    0xaecb, 0xaecc, 0xaecd, 0xaece, 0xaecf, 0xaed0, 0xaed1, 0xaed2, 0xaed3, 0xaed4, 0xaed5, 0xaed6, 0xaed7, 0xaed8, 0xaed9, 0xaeda,
    0xaedb, 0xaedc, 0xaedd, 0xaede, 0xaedf, 0xaee0, 0xaee1, 0xaee2, 0xaee3, 0xaee4, 0xaee5, 0xaee6, 0xaee7, 0xaee8, 0xaee9, 0xaeea,
    0xaeeb, 0xaeec, 0xaeed, 0xaeee, 0xaeef, 0xaef0, 0xaef1, 0xaef2, 0xaef3, 0xaef4, 0xaef5, 0xaef6, 0xaef7, 0xaef8, 0xaef9, 0xaefa,
    0xaefb, 0xaefc, 0xaefd, 0xaefe, 0xaeff, 0xaf00, 0xaf01, 0xaf02, 0xaf03, 0xaf04, 0xaf05, 0xaf06, 0xaf07, 0xaf08, 0xaf09, 0xaf0a,
    0xaf0b, 0xaf0c, 0xaf0d, 0xaf0e, 0xaf0f, 0xaf10, 0xaf11, 0xaf12, 0xaf13, 0xaf14, 0xaf15, 0xaf16, 0xaf17, 0xaf18, 0xaf19, 0xaf1a,
    0xaf1b, 0xaf1c, 0xaf1d, 0xaf1e, 0xaf1f, 0xaf20, 0xaf21, 0xaf22, 0xaf23, 0xaf24, 0xaf25, 0xaf26, 0xaf27, 0xaf28, 0xaf29, 0xaf2a,
    0xaf2b, 0xaf2c, 0xaf2d, 0xaf2e, 0xaf2f, 0xaf30, 0xaf31, 0xaf32, 0xaf33, 0xaf34, 0xaf35, 0xaf36, 0xaf37, 0xaf38, 0xaf39, 0xaf3a,
    0xaf3b, 0xaf3c, 0xaf3d, 0xaf3e, 0xaf3f, 0xaf40, 0xaf41, 0xaf42, 0xaf43, 0xaf44, 0xaf45, 0xaf46, 0xaf47, 0xaf48, 0xaf49, 0xaf4a,
    0xaf4b, 0xaf4c, 0xaf4d, 0xaf4e, 0xaf4f, 0xaf50, 0xaf51, 0xaf52, 0xaf53, 0xaf54, 0xaf55, 0xaf56, 0xaf57, 0xaf58, 0xaf59, 0xaf5a,
    0xaf5b, 0xaf5c, 0xaf5d, 0xaf5e, 0xaf5f, 0xaf60, 0xaf61, 0xaf62, 0xaf63, 0xaf64, 0xaf65, 0xaf66, 0xaf67, 0xaf68, 0xaf69, 0xaf6a,
    0xaf6b, 0xaf6c, 0xaf6d, 0xaf6e, 0xaf6f, 0xaf70, 0xaf71, 0xaf72, 0xaf73, 0xaf74, 0xaf75, 0xaf76, 0xaf77, 0xaf78, 0xaf79, 0xaf7a,
    0xaf7b, 0xaf7c, 0xaf7d, 0xaf7e, 0xaf7f, 0xaf80, 0xaf81, 0xaf82, 0xaf83, 0xaf84, 0xaf85, 0xaf86, 0xaf87, 0xaf88, 0xaf89, 0xaf8a,
    0xaf8b, 0xaf8c, 0xaf8d, 0xaf8e, 0xaf8f, 0xaf90, 0xaf91, 0xaf92, 0xaf93, 0xaf94, 0xaf95, 0xaf96, 0xaf97, 0xaf98, 0xaf99, 0xaf9a,
    0xaf9b, 0xaf9c, 0xaf9d, 0xaf9e, 0xaf9f, 0xafa0, 0xafa1, 0xafa2, 0xafa3, 0xafa4, 0xafa5, 0xafa6, 0xafa7, 0xafa8, 0xafa9, 0xafaa,
    0xafab, 0xafac, 0xafad, 0xafae, 0xafaf, 0xafb0, 0xafb1, 0xafb2, 0xafb3, 0xafb4, 0xafb5, 0xafb6, 0xafb7, 0xafb8, 0xafb9, 0xafba,
    0xafbb, 0xafbc, 0xafbd, 0xafbe, 0xafbf, 0xafc0, 0xafc1, 0xafc2, 0xafc3, 0xafc4, 0xafc5, 0xafc6, 0xafc7, 0xafc8, 0xafc9, 0xafca,
    0xafcb, 0xafcc, 0xafcd, 0xafce, 0xafcf, 0xafd0, 0xafd1, 0xafd2, 0xafd3, 0xafd4, 0xafd5, 0xafd6, 0xafd7, 0xafd8, 0xafd9, 0xafda,
    0xafdb, 0xafdc, 0xafdd, 0xafde, 0xafdf, 0xafe0, 0xafe1, 0xafe2, 0xafe3, 0xafe4, 0xafe5, 0xafe6, 0xafe7, 0xafe8, 0xafe9, 0xafea,
    0xafeb, 0xafec, 0xafed, 0xafee, 0xafef, 0xaff0, 0xaff1, 0xaff2, 0xaff3, 0xaff4, 0xaff5, 0xaff6, 0xaff7, 0xaff8, 0xaff9, 0xaffa,
    0xaffb, 0xaffc, 0xaffd, 0xaffe, 0xafff, 0xb000, 0xb001, 0xb002, 0xb003, 0xb004, 0xb005, 0xb006, 0xb007, 0xb008, 0xb009, 0xb00a,
    0xb00b, 0xb00c, 0xb00d, 0xb00e, 0xb00f, 0xb010, 0xb011, 0xb012, 0xb013, 0xb014, 0xb015, 0xb016, 0xb017, 0xb018, 0xb019, 0xb01a,
    0xb01b, 0xb01c, 0xb01d, 0xb01e, 0xb01f, 0xb020, 0xb021, 0xb022, 0xb023, 0xb024, 0xb025, 0xb026, 0xb027, 0xb028, 0xb029, 0xb02a,
    0xb02b, 0xb02c, 0xb02d, 0xb02e, 0xb02f, 0xb030, 0xb031, 0xb032, 0xb033, 0xb034, 0xb035, 0xb036, 0xb037, 0xb038, 0xb039, 0xb03a,
    0xb03b, 0xb03c, 0xb03d, 0xb03e, 0xb03f, 0xb040, 0xb041, 0xb042, 0xb043, 0xb044, 0xb045, 0xb046, 0xb047, 0xb048, 0xb049, 0xb04a,
    0xb04b, 0xb04c, 0xb04d, 0xb04e, 0xb04f, 0xb050, 0xb051, 0xb052, 0xb053, 0xb054, 0xb055, 0xb056, 0xb057, 0xb058, 0xb059, 0xb05a,
    0xb05b, 0xb05c, 0xb05d, 0xb05e, 0xb05f, 0xb060, 0xb061, 0xb062, 0xb063, 0xb064, 0xb065, 0xb066, 0xb067, 0xb068, 0xb069, 0xb06a,
    0xb06b, 0xb06c, 0xb06d, 0xb06e, 0xb06f, 0xb070, 0xb071, 0xb072, 0xb073, 0xb074, 0xb075, 0xb076, 0xb077, 0xb078, 0xb079, 0xb07a,
    0xb07b, 0xb07c, 0xb07d, 0xb07e, 0xb07f, 0xb080, 0xb081, 0xb082, 0xb083, 0xb084, 0xb085, 0xb086, 0xb087, 0xb088, 0xb089, 0xb08a,
    0xb08b, 0xb08c, 0xb08d, 0xb08e, 0xb08f, 0xb090, 0xb091, 0xb092, 0xb093, 0xb094, 0xb095, 0xb096, 0xb097, 0xb098, 0xb099, 0xb09a,
    0xb09b, 0xb09c, 0xb09d, 0xb09e, 0xb09f, 0xb0a0, 0xb0a1, 0xb0a2, 0xb0a3, 0xb0a4, 0xb0a5, 0xb0a6, 0xb0a7, 0xb0a8, 0xb0a9, 0xb0aa,
    0xb0ab, 0xb0ac, 0xb0ad, 0xb0ae, 0xb0af, 0xb0b0, 0xb0b1, 0xb0b2, 0xb0b3, 0xb0b4, 0xb0b5, 0xb0b6, 0xb0b7, 0xb0b8, 0xb0b9, 0xb0ba,
    0xb0bb, 0xb0bc, 0xb0bd, 0xb0be, 0xb0bf, 0xb0c0, 0xb0c1, 0xb0c2, 0xb0c3, 0xb0c4, 0xb0c5, 0xb0c6, 0xb0c7, 0xb0c8, 0xb0c9, 0xb0ca,
    0xb0cb, 0xb0cc, 0xb0cd, 0xb0ce, 0xb0cf, 0xb0d0, 0xb0d1, 0xb0d2, 0xb0d3, 0xb0d4, 0xb0d5, 0xb0d6, 0xb0d7, 0xb0d8, 0xb0d9, 0xb0da,
    0xb0db, 0xb0dc, 0xb0dd, 0xb0de, 0xb0df, 0xb0e0, 0xb0e1, 0xb0e2, 0xb0e3, 0xb0e4, 0xb0e5, 0xb0e6, 0xb0e7, 0xb0e8, 0xb0e9, 0xb0ea,
    0xb0eb, 0xb0ec, 0xb0ed, 0xb0ee, 0xb0ef, 0xb0f0, 0xb0f1, 0xb0f2, 0xb0f3, 0xb0f4, 0xb0f5, 0xb0f6, 0xb0f7, 0xb0f8, 0xb0f9, 0xb0fa,
    0xb0fb, 0xb0fc, 0xb0fd, 0xb0fe, 0xb0ff, 0xb100, 0xb101, 0xb102, 0xb103, 0xb104, 0xb105, 0xb106, 0xb107, 0xb108, 0xb109, 0xb10a,
    0xb10b, 0xb10c, 0xb10d, 0xb10e, 0xb10f, 0xb110, 0xb111, 0xb112, 0xb113, 0xb114, 0xb115, 0xb116, 0xb117, 0xb118, 0xb119, 0xb11a,
    0xb11b, 0xb11c, 0xb11d, 0xb11e, 0xb11f, 0xb120, 0xb121, 0xb122, 0xb123, 0xb124, 0xb125, 0xb126, 0xb127, 0xb128, 0xb129, 0xb12a,
    0xb12b, 0xb12c, 0xb12d, 0xb12e, 0xb12f, 0xb130, 0xb131, 0xb132, 0xb133, 0xb134, 0xb135, 0xb136, 0xb137, 0xb138, 0xb139, 0xb13a,
    0xb13b, 0xb13c, 0xb13d, 0xb13e, 0xb13f, 0xb140, 0xb141, 0xb142, 0xb143, 0xb144, 0xb145, 0xb146, 0xb147, 0xb148, 0xb149, 0xb14a,
    0xb14b, 0xb14c, 0xb14d, 0xb14e, 0xb14f, 0xb150, 0xb151, 0xb152, 0xb153, 0xb154, 0xb155, 0xb156, 0xb157, 0xb158, 0xb159, 0xb15a,
    0xb15b, 0xb15c, 0xb15d, 0xb15e, 0xb15f, 0xb160, 0xb161, 0xb162, 0xb163, 0xb164, 0xb165, 0xb166, 0xb167, 0xb168, 0xb169, 0xb16a,
    0xb16b, 0xb16c, 0xb16d, 0xb16e, 0xb16f, 0xb170, 0xb171, 0xb172, 0xb173, 0xb174, 0xb175, 0xb176, 0xb177, 0xb178, 0xb179, 0xb17a,
    0xb17b, 0xb17c, 0xb17d, 0xb17e, 0xb17f, 0xb180, 0xb181, 0xb182, 0xb183, 0xb184, 0xb185, 0xb186, 0xb187, 0xb188, 0xb189, 0xb18a,
    0xb18b, 0xb18c, 0xb18d, 0xb18e, 0xb18f, 0xb190, 0xb191, 0xb192, 0xb193, 0xb194, 0xb195, 0xb196, 0xb197, 0xb198, 0xb199, 0xb19a,
    0xb19b, 0xb19c, 0xb19d, 0xb19e, 0xb19f, 0xb1a0, 0xb1a1, 0xb1a2, 0xb1a3, 0xb1a4, 0xb1a5, 0xb1a6, 0xb1a7, 0xb1a8, 0xb1a9, 0xb1aa,
    0xb1ab, 0xb1ac, 0xb1ad, 0xb1ae, 0xb1af, 0xb1b0, 0xb1b1, 0xb1b2, 0xb1b3, 0xb1b4, 0xb1b5, 0xb1b6, 0xb1b7, 0xb1b8, 0xb1b9, 0xb1ba,
    0xb1bb, 0xb1bc, 0xb1bd, 0xb1be, 0xb1bf, 0xb1c0, 0xb1c1, 0xb1c2, 0xb1c3, 0xb1c4, 0xb1c5, 0xb1c6, 0xb1c7, 0xb1c8, 0xb1c9, 0xb1ca,
    0xb1cb, 0xb1cc, 0xb1cd, 0xb1ce, 0xb1cf, 0xb1d0, 0xb1d1, 0xb1d2, 0xb1d3, 0xb1d4, 0xb1d5, 0xb1d6, 0xb1d7, 0xb1d8, 0xb1d9, 0xb1da,
    0xb1db, 0xb1dc, 0xb1dd, 0xb1de, 0xb1df, 0xb1e0, 0xb1e1, 0xb1e2, 0xb1e3, 0xb1e4, 0xb1e5, 0xb1e6, 0xb1e7, 0xb1e8, 0xb1e9, 0xb1ea,
    0xb1eb, 0xb1ec, 0xb1ed, 0xb1ee, 0xb1ef, 0xb1f0, 0xb1f1, 0xb1f2, 0xb1f3, 0xb1f4, 0xb1f5, 0xb1f6, 0xb1f7, 0xb1f8, 0xb1f9, 0xb1fa,
    0xb1fb, 0xb1fc, 0xb1fd, 0xb1fe, 0xb1ff, 0xb200, 0xb201, 0xb202, 0xb203, 0xb204, 0xb205, 0xb206, 0xb207, 0xb208, 0xb209, 0xb20a,
    0xb20b, 0xb20c, 0xb20d, 0xb20e, 0xb20f, 0xb210, 0xb211, 0xb212, 0xb213, 0xb214, 0xb215, 0xb216, 0xb217, 0xb218, 0xb219, 0xb21a,
    0xb21b, 0xb21c, 0xb21d, 0xb21e, 0xb21f, 0xb220, 0xb221, 0xb222, 0xb223, 0xb224, 0xb225, 0xb226, 0xb227, 0xb228, 0xb229, 0xb22a,
    0xb22b, 0xb22c, 0xb22d, 0xb22e, 0xb22f, 0xb230, 0xb231, 0xb232, 0xb233, 0xb234, 0xb235, 0xb236, 0xb237, 0xb238, 0xb239, 0xb23a,
    0xb23b, 0xb23c, 0xb23d, 0xb23e, 0xb23f, 0xb240, 0xb241, 0xb242, 0xb243, 0xb244, 0xb245, 0xb246, 0xb247, 0xb248, 0xb249, 0xb24a,
    0xb24b, 0xb24c, 0xb24d, 0xb24e, 0xb24f, 0xb250, 0xb251, 0xb252, 0xb253, 0xb254, 0xb255, 0xb256, 0xb257, 0xb258, 0xb259, 0xb25a,
    0xb25b, 0xb25c, 0xb25d, 0xb25e, 0xb25f, 0xb260, 0xb261, 0xb262, 0xb263, 0xb264, 0xb265, 0xb266, 0xb267, 0xb268, 0xb269, 0xb26a,
    0xb26b, 0xb26c, 0xb26d, 0xb26e, 0xb26f, 0xb270, 0xb271, 0xb272, 0xb273, 0xb274, 0xb275, 0xb276, 0xb277, 0xb278, 0xb279, 0xb27a,
    0xb27b, 0xb27c, 0xb27d, 0xb27e, 0xb27f, 0xb280, 0xb281, 0xb282, 0xb283, 0xb284, 0xb285, 0xb286, 0xb287, 0xb288, 0xb289, 0xb28a,
    0xb28b, 0xb28c, 0xb28d, 0xb28e, 0xb28f, 0xb290, 0xb291, 0xb292, 0xb293, 0xb294, 0xb295, 0xb296, 0xb297, 0xb298, 0xb299, 0xb29a,
    0xb29b, 0xb29c, 0xb29d, 0xb29e, 0xb29f, 0xb2a0, 0xb2a1, 0xb2a2, 0xb2a3, 0xb2a4, 0xb2a5, 0xb2a6, 0xb2a7, 0xb2a8, 0xb2a9, 0xb2aa,
    0xb2ab, 0xb2ac, 0xb2ad, 0xb2ae, 0xb2af, 0xb2b0, 0xb2b1, 0xb2b2, 0xb2b3, 0xb2b4, 0xb2b5, 0xb2b6, 0xb2b7, 0xb2b8, 0xb2b9, 0xb2ba,
    0xb2bb, 0xb2bc, 0xb2bd, 0xb2be, 0xb2bf, 0xb2c0, 0xb2c1, 0xb2c2, 0xb2c3, 0xb2c4, 0xb2c5, 0xb2c6, 0xb2c7, 0xb2c8, 0xb2c9, 0xb2ca,
    0xb2cb, 0xb2cc, 0xb2cd, 0xb2ce, 0xb2cf, 0xb2d0, 0xb2d1, 0xb2d2, 0xb2d3, 0xb2d4, 0xb2d5, 0xb2d6, 0xb2d7, 0xb2d8, 0xb2d9, 0xb2da,
    0xb2db, 0xb2dc, 0xb2dd, 0xb2de, 0xb2df, 0xb2e0, 0xb2e1, 0xb2e2, 0xb2e3, 0xb2e4, 0xb2e5, 0xb2e6, 0xb2e7, 0xb2e8, 0xb2e9, 0xb2ea,
    0xb2eb, 0xb2ec, 0xb2ed, 0xb2ee, 0xb2ef, 0xb2f0, 0xb2f1, 0xb2f2, 0xb2f3, 0xb2f4, 0xb2f5, 0xb2f6, 0xb2f7, 0xb2f8, 0xb2f9, 0xb2fa,
    0xb2fb, 0xb2fc, 0xb2fd, 0xb2fe, 0xb2ff, 0xb300, 0xb301, 0xb302, 0xb303, 0xb304, 0xb305, 0xb306, 0xb307, 0xb308, 0xb309, 0xb30a,
    0xb30b, 0xb30c, 0xb30d, 0xb30e, 0xb30f, 0xb310, 0xb311, 0xb312, 0xb313, 0xb314, 0xb315, 0xb316, 0xb317, 0xb318, 0xb319, 0xb31a,
    0xb31b, 0xb31c, 0xb31d, 0xb31e, 0xb31f, 0xb320, 0xb321, 0xb322, 0xb323, 0xb324, 0xb325, 0xb326, 0xb327, 0xb328, 0xb329, 0xb32a,
    0xb32b, 0xb32c, 0xb32d, 0xb32e, 0xb32f, 0xb330, 0xb331, 0xb332, 0xb333, 0xb334, 0xb335, 0xb336, 0xb337, 0xb338, 0xb339, 0xb33a,
    0xb33b, 0xb33c, 0xb33d, 0xb33e, 0xb33f, 0xb340, 0xb341, 0xb342, 0xb343, 0xb344, 0xb345, 0xb346, 0xb347, 0xb348, 0xb349, 0xb34a,
    0xb34b, 0xb34c, 0xb34d, 0xb34e, 0xb34f, 0xb350, 0xb351, 0xb352, 0xb353, 0xb354, 0xb355, 0xb356, 0xb357, 0xb358, 0xb359, 0xb35a,
    0xb35b, 0xb35c, 0xb35d, 0xb35e, 0xb35f, 0xb360, 0xb361, 0xb362, 0xb363, 0xb364, 0xb365, 0xb366, 0xb367, 0xb368, 0xb369, 0xb36a,
    0xb36b, 0xb36c, 0xb36d, 0xb36e, 0xb36f, 0xb370, 0xb371, 0xb372, 0xb373, 0xb374, 0xb375, 0xb376, 0xb377, 0xb378, 0xb379, 0xb37a,
    0xb37b, 0xb37c, 0xb37d, 0xb37e, 0xb37f, 0xb380, 0xb381, 0xb382, 0xb383, 0xb384, 0xb385, 0xb386, 0xb387, 0xb388, 0xb389, 0xb38a,
    0xb38b, 0xb38c, 0xb38d, 0xb38e, 0xb38f, 0xb390, 0xb391, 0xb392, 0xb393, 0xb394, 0xb395, 0xb396, 0xb397, 0xb398, 0xb399, 0xb39a,
    0xb39b, 0xb39c, 0xb39d, 0xb39e, 0xb39f, 0xb3a0, 0xb3a1, 0xb3a2, 0xb3a3, 0xb3a4, 0xb3a5, 0xb3a6, 0xb3a7, 0xb3a8, 0xb3a9, 0xb3aa,
    0xb3ab, 0xb3ac, 0xb3ad, 0xb3ae, 0xb3af, 0xb3b0, 0xb3b1, 0xb3b2, 0xb3b3, 0xb3b4, 0xb3b5, 0xb3b6, 0xb3b7, 0xb3b8, 0xb3b9, 0xb3ba,
    0xb3bb, 0xb3bc, 0xb3bd, 0xb3be, 0xb3bf, 0xb3c0, 0xb3c1, 0xb3c2, 0xb3c3, 0xb3c4, 0xb3c5, 0xb3c6, 0xb3c7, 0xb3c8, 0xb3c9, 0xb3ca,
    0xb3cb, 0xb3cc, 0xb3cd, 0xb3ce, 0xb3cf, 0xb3d0, 0xb3d1, 0xb3d2, 0xb3d3, 0xb3d4, 0xb3d5, 0xb3d6, 0xb3d7, 0xb3d8, 0xb3d9, 0xb3da,
    0xb3db, 0xb3dc, 0xb3dd, 0xb3de, 0xb3df, 0xb3e0, 0xb3e1, 0xb3e2, 0xb3e3, 0xb3e4, 0xb3e5, 0xb3e6, 0xb3e7, 0xb3e8, 0xb3e9, 0xb3ea,
    0xb3eb, 0xb3ec, 0xb3ed, 0xb3ee, 0xb3ef, 0xb3f0, 0xb3f1, 0xb3f2, 0xb3f3, 0xb3f4, 0xb3f5, 0xb3f6, 0xb3f7, 0xb3f8, 0xb3f9, 0xb3fa,
    0xb3fb, 0xb3fc, 0xb3fd, 0xb3fe, 0xb3ff, 0xb400, 0xb401, 0xb402, 0xb403, 0xb404, 0xb405, 0xb406, 0xb407, 0xb408, 0xb409, 0xb40a,
    0xb40b, 0xb40c, 0xb40d, 0xb40e, 0xb40f, 0xb410, 0xb411, 0xb412, 0xb413, 0xb414, 0xb415, 0xb416, 0xb417, 0xb418, 0xb419, 0xb41a,
    0xb41b, 0xb41c, 0xb41d, 0xb41e, 0xb41f, 0xb420, 0xb421, 0xb422, 0xb423, 0xb424, 0xb425, 0xb426, 0xb427, 0xb428, 0xb429, 0xb42a,
    0xb42b, 0xb42c, 0xb42d, 0xb42e, 0xb42f, 0xb430, 0xb431, 0xb432, 0xb433, 0xb434, 0xb435, 0xb436, 0xb437, 0xb438, 0xb439, 0xb43a,
    0xb43b, 0xb43c, 0xb43d, 0xb43e, 0xb43f, 0xb440, 0xb441, 0xb442, 0xb443, 0xb444, 0xb445, 0xb446, 0xb447, 0xb448, 0xb449, 0xb44a,
    0xb44b, 0xb44c, 0xb44d, 0xb44e, 0xb44f, 0xb450, 0xb451, 0xb452, 0xb453, 0xb454, 0xb455, 0xb456, 0xb457, 0xb458, 0xb459, 0xb45a,
    0xb45b, 0xb45c, 0xb45d, 0xb45e, 0xb45f, 0xb460, 0xb461, 0xb462, 0xb463, 0xb464, 0xb465, 0xb466, 0xb467, 0xb468, 0xb469, 0xb46a,
    0xb46b, 0xb46c, 0xb46d, 0xb46e, 0xb46f, 0xb470, 0xb471, 0xb472, 0xb473, 0xb474, 0xb475, 0xb476, 0xb477, 0xb478, 0xb479, 0xb47a,
    0xb47b, 0xb47c, 0xb47d, 0xb47e, 0xb47f, 0xb480, 0xb481, 0xb482, 0xb483, 0xb484, 0xb485, 0xb486, 0xb487, 0xb488, 0xb489, 0xb48a,
    0xb48b, 0xb48c, 0xb48d, 0xb48e, 0xb48f, 0xb490, 0xb491, 0xb492, 0xb493, 0xb494, 0xb495, 0xb496, 0xb497, 0xb498, 0xb499, 0xb49a,
    0xb49b, 0xb49c, 0xb49d, 0xb49e, 0xb49f, 0xb4a0, 0xb4a1, 0xb4a2, 0xb4a3, 0xb4a4, 0xb4a5, 0xb4a6, 0xb4a7, 0xb4a8, 0xb4a9, 0xb4aa,
    0xb4ab, 0xb4ac, 0xb4ad, 0xb4ae, 0xb4af, 0xb4b0, 0xb4b1, 0xb4b2, 0xb4b3, 0xb4b4, 0xb4b5, 0xb4b6, 0xb4b7, 0xb4b8, 0xb4b9, 0xb4ba,
    0xb4bb, 0xb4bc, 0xb4bd, 0xb4be, 0xb4bf, 0xb4c0, 0xb4c1, 0xb4c2, 0xb4c3, 0xb4c4, 0xb4c5, 0xb4c6, 0xb4c7, 0xb4c8, 0xb4c9, 0xb4ca,
    0xb4cb, 0xb4cc, 0xb4cd, 0xb4ce, 0xb4cf, 0xb4d0, 0xb4d1, 0xb4d2, 0xb4d3, 0xb4d4, 0xb4d5, 0xb4d6, 0xb4d7, 0xb4d8, 0xb4d9, 0xb4da,
    0xb4db, 0xb4dc, 0xb4dd, 0xb4de, 0xb4df, 0xb4e0, 0xb4e1, 0xb4e2, 0xb4e3, 0xb4e4, 0xb4e5, 0xb4e6, 0xb4e7, 0xb4e8, 0xb4e9, 0xb4ea,
    0xb4eb, 0xb4ec, 0xb4ed, 0xb4ee, 0xb4ef, 0xb4f0, 0xb4f1, 0xb4f2, 0xb4f3, 0xb4f4, 0xb4f5, 0xb4f6, 0xb4f7, 0xb4f8, 0xb4f9, 0xb4fa,
    0xb4fb, 0xb4fc, 0xb4fd, 0xb4fe, 0xb4ff, 0xb500, 0xb501, 0xb502, 0xb503, 0xb504, 0xb505, 0xb506, 0xb507, 0xb508, 0xb509, 0xb50a,
    0xb50b, 0xb50c, 0xb50d, 0xb50e, 0xb50f, 0xb510, 0xb511, 0xb512, 0xb513, 0xb514, 0xb515, 0xb516, 0xb517, 0xb518, 0xb519, 0xb51a,
    0xb51b, 0xb51c, 0xb51d, 0xb51e, 0xb51f, 0xb520, 0xb521, 0xb522, 0xb523, 0xb524, 0xb525, 0xb526, 0xb527, 0xb528, 0xb529, 0xb52a,
    0xb52b, 0xb52c, 0xb52d, 0xb52e, 0xb52f, 0xb530, 0xb531, 0xb532, 0xb533, 0xb534, 0xb535, 0xb536, 0xb537, 0xb538, 0xb539, 0xb53a,
    0xb53b, 0xb53c, 0xb53d, 0xb53e, 0xb53f, 0xb540, 0xb541, 0xb542, 0xb543, 0xb544, 0xb545, 0xb546, 0xb547, 0xb548, 0xb549, 0xb54a,
    0xb54b, 0xb54c, 0xb54d, 0xb54e, 0xb54f, 0xb550, 0xb551, 0xb552, 0xb553, 0xb554, 0xb555, 0xb556, 0xb557, 0xb558, 0xb559, 0xb55a,
    0xb55b, 0xb55c, 0xb55d, 0xb55e, 0xb55f, 0xb560, 0xb561, 0xb562, 0xb563, 0xb564, 0xb565, 0xb566, 0xb567, 0xb568, 0xb569, 0xb56a,
    0xb56b, 0xb56c, 0xb56d, 0xb56e, 0xb56f, 0xb570, 0xb571, 0xb572, 0xb573, 0xb574, 0xb575, 0xb576, 0xb577, 0xb578, 0xb579, 0xb57a,
    0xb57b, 0xb57c, 0xb57d, 0xb57e, 0xb57f, 0xb580, 0xb581, 0xb582, 0xb583, 0xb584, 0xb585, 0xb586, 0xb587, 0xb588, 0xb589, 0xb58a,
    0xb58b, 0xb58c, 0xb58d, 0xb58e, 0xb58f, 0xb590, 0xb591, 0xb592, 0xb593, 0xb594, 0xb595, 0xb596, 0xb597, 0xb598, 0xb599, 0xb59a,
    0xb59b, 0xb59c, 0xb59d, 0xb59e, 0xb59f, 0xb5a0, 0xb5a1, 0xb5a2, 0xb5a3, 0xb5a4, 0xb5a5, 0xb5a6, 0xb5a7, 0xb5a8, 0xb5a9, 0xb5aa,
    0xb5ab, 0xb5ac, 0xb5ad, 0xb5ae, 0xb5af, 0xb5b0, 0xb5b1, 0xb5b2, 0xb5b3, 0xb5b4, 0xb5b5, 0xb5b6, 0xb5b7, 0xb5b8, 0xb5b9, 0xb5ba,
    0xb5bb, 0xb5bc, 0xb5bd, 0xb5be, 0xb5bf, 0xb5c0, 0xb5c1, 0xb5c2, 0xb5c3, 0xb5c4, 0xb5c5, 0xb5c6, 0xb5c7, 0xb5c8, 0xb5c9, 0xb5ca,
    0xb5cb, 0xb5cc, 0xb5cd, 0xb5ce, 0xb5cf, 0xb5d0, 0xb5d1, 0xb5d2, 0xb5d3, 0xb5d4, 0xb5d5, 0xb5d6, 0xb5d7, 0xb5d8, 0xb5d9, 0xb5da,
    0xb5db, 0xb5dc, 0xb5dd, 0xb5de, 0xb5df, 0xb5e0, 0xb5e1, 0xb5e2, 0xb5e3, 0xb5e4, 0xb5e5, 0xb5e6, 0xb5e7, 0xb5e8, 0xb5e9, 0xb5ea,
    0xb5eb, 0xb5ec, 0xb5ed, 0xb5ee, 0xb5ef, 0xb5f0, 0xb5f1, 0xb5f2, 0xb5f3, 0xb5f4, 0xb5f5, 0xb5f6, 0xb5f7, 0xb5f8, 0xb5f9, 0xb5fa,
    0xb5fb, 0xb5fc, 0xb5fd, 0xb5fe, 0xb5ff, 0xb600, 0xb601, 0xb602, 0xb603, 0xb604, 0xb605, 0xb606, 0xb607, 0xb608, 0xb609, 0xb60a,
    0xb60b, 0xb60c, 0xb60d, 0xb60e, 0xb60f, 0xb610, 0xb611, 0xb612, 0xb613, 0xb614, 0xb615, 0xb616, 0xb617, 0xb618, 0xb619, 0xb61a,
    0xb61b, 0xb61c, 0xb61d, 0xb61e, 0xb61f, 0xb620, 0xb621, 0xb622, 0xb623, 0xb624, 0xb625, 0xb626, 0xb627, 0xb628, 0xb629, 0xb62a,
    0xb62b, 0xb62c, 0xb62d, 0xb62e, 0xb62f, 0xb630, 0xb631, 0xb632, 0xb633, 0xb634, 0xb635, 0xb636, 0xb637, 0xb638, 0xb639, 0xb63a,
    0xb63b, 0xb63c, 0xb63d, 0xb63e, 0xb63f, 0xb640, 0xb641, 0xb642, 0xb643, 0xb644, 0xb645, 0xb646, 0xb647, 0xb648, 0xb649, 0xb64a,
    0xb64b, 0xb64c, 0xb64d, 0xb64e, 0xb64f, 0xb650, 0xb651, 0xb652, 0xb653, 0xb654, 0xb655, 0xb656, 0xb657, 0xb658, 0xb659, 0xb65a,
    0xb65b, 0xb65c, 0xb65d, 0xb65e, 0xb65f, 0xb660, 0xb661, 0xb662, 0xb663, 0xb664, 0xb665, 0xb666, 0xb667, 0xb668, 0xb669, 0xb66a,
    0xb66b, 0xb66c, 0xb66d, 0xb66e, 0xb66f, 0xb670, 0xb671, 0xb672, 0xb673, 0xb674, 0xb675, 0xb676, 0xb677, 0xb678, 0xb679, 0xb67a,
    0xb67b, 0xb67c, 0xb67d, 0xb67e, 0xb67f, 0xb680, 0xb681, 0xb682, 0xb683, 0xb684, 0xb685, 0xb686, 0xb687, 0xb688, 0xb689, 0xb68a,
    0xb68b, 0xb68c, 0xb68d, 0xb68e, 0xb68f, 0xb690, 0xb691, 0xb692, 0xb693, 0xb694, 0xb695, 0xb696, 0xb697, 0xb698, 0xb699, 0xb69a,
    0xb69b, 0xb69c, 0xb69d, 0xb69e, 0xb69f, 0xb6a0, 0xb6a1, 0xb6a2, 0xb6a3, 0xb6a4, 0xb6a5, 0xb6a6, 0xb6a7, 0xb6a8, 0xb6a9, 0xb6aa,
    0xb6ab, 0xb6ac, 0xb6ad, 0xb6ae, 0xb6af, 0xb6b0, 0xb6b1, 0xb6b2, 0xb6b3, 0xb6b4, 0xb6b5, 0xb6b6, 0xb6b7, 0xb6b8, 0xb6b9, 0xb6ba,
    0xb6bb, 0xb6bc, 0xb6bd, 0xb6be, 0xb6bf, 0xb6c0, 0xb6c1, 0xb6c2, 0xb6c3, 0xb6c4, 0xb6c5, 0xb6c6, 0xb6c7, 0xb6c8, 0xb6c9, 0xb6ca,
    0xb6cb, 0xb6cc, 0xb6cd, 0xb6ce, 0xb6cf, 0xb6d0, 0xb6d1, 0xb6d2, 0xb6d3, 0xb6d4, 0xb6d5, 0xb6d6, 0xb6d7, 0xb6d8, 0xb6d9, 0xb6da,
    0xb6db, 0xb6dc, 0xb6dd, 0xb6de, 0xb6df, 0xb6e0, 0xb6e1, 0xb6e2, 0xb6e3, 0xb6e4, 0xb6e5, 0xb6e6, 0xb6e7, 0xb6e8, 0xb6e9, 0xb6ea,
    0xb6eb, 0xb6ec, 0xb6ed, 0xb6ee, 0xb6ef, 0xb6f0, 0xb6f1, 0xb6f2, 0xb6f3, 0xb6f4, 0xb6f5, 0xb6f6, 0xb6f7, 0xb6f8, 0xb6f9, 0xb6fa,
    0xb6fb, 0xb6fc, 0xb6fd, 0xb6fe, 0xb6ff, 0xb700, 0xb701, 0xb702, 0xb703, 0xb704, 0xb705, 0xb706, 0xb707, 0xb708, 0xb709, 0xb70a,
    0xb70b, 0xb70c, 0xb70d, 0xb70e, 0xb70f, 0xb710, 0xb711, 0xb712, 0xb713, 0xb714, 0xb715, 0xb716, 0xb717, 0xb718, 0xb719, 0xb71a,
    0xb71b, 0xb71c, 0xb71d, 0xb71e, 0xb71f, 0xb720, 0xb721, 0xb722, 0xb723, 0xb724, 0xb725, 0xb726, 0xb727, 0xb728, 0xb729, 0xb72a,
    0xb72b, 0xb72c, 0xb72d, 0xb72e, 0xb72f, 0xb730, 0xb731, 0xb732, 0xb733, 0xb734, 0xb735, 0xb736, 0xb737, 0xb738, 0xb739, 0xb73a,
    0xb73b, 0xb73c, 0xb73d, 0xb73e, 0xb73f, 0xb740, 0xb741, 0xb742, 0xb743, 0xb744, 0xb745, 0xb746, 0xb747, 0xb748, 0xb749, 0xb74a,
    0xb74b, 0xb74c, 0xb74d, 0xb74e, 0xb74f, 0xb750, 0xb751, 0xb752, 0xb753, 0xb754, 0xb755, 0xb756, 0xb757, 0xb758, 0xb759, 0xb75a,
    0xb75b, 0xb75c, 0xb75d, 0xb75e, 0xb75f, 0xb760, 0xb761, 0xb762, 0xb763, 0xb764, 0xb765, 0xb766, 0xb767, 0xb768, 0xb769, 0xb76a,
    0xb76b, 0xb76c, 0xb76d, 0xb76e, 0xb76f, 0xb770, 0xb771, 0xb772, 0xb773, 0xb774, 0xb775, 0xb776, 0xb777, 0xb778, 0xb779, 0xb77a,
    0xb77b, 0xb77c, 0xb77d, 0xb77e, 0xb77f, 0xb780, 0xb781, 0xb782, 0xb783, 0xb784, 0xb785, 0xb786, 0xb787, 0xb788, 0xb789, 0xb78a,
    0xb78b, 0xb78c, 0xb78d, 0xb78e, 0xb78f, 0xb790, 0xb791, 0xb792, 0xb793, 0xb794, 0xb795, 0xb796, 0xb797, 0xb798, 0xb799, 0xb79a,
    0xb79b, 0xb79c, 0xb79d, 0xb79e, 0xb79f, 0xb7a0, 0xb7a1, 0xb7a2, 0xb7a3, 0xb7a4, 0xb7a5, 0xb7a6, 0xb7a7, 0xb7a8, 0xb7a9, 0xb7aa,
    0xb7ab, 0xb7ac, 0xb7ad, 0xb7ae, 0xb7af, 0xb7b0, 0xb7b1, 0xb7b2, 0xb7b3, 0xb7b4, 0xb7b5, 0xb7b6, 0xb7b7, 0xb7b8, 0xb7b9, 0xb7ba,
    0xb7bb, 0xb7bc, 0xb7bd, 0xb7be, 0xb7bf, 0xb7c0, 0xb7c1, 0xb7c2, 0xb7c3, 0xb7c4, 0xb7c5, 0xb7c6, 0xb7c7, 0xb7c8, 0xb7c9, 0xb7ca,
    0xb7cb, 0xb7cc, 0xb7cd, 0xb7ce, 0xb7cf, 0xb7d0, 0xb7d1, 0xb7d2, 0xb7d3, 0xb7d4, 0xb7d5, 0xb7d6, 0xb7d7, 0xb7d8, 0xb7d9, 0xb7da,
    0xb7db, 0xb7dc, 0xb7dd, 0xb7de, 0xb7df, 0xb7e0, 0xb7e1, 0xb7e2, 0xb7e3, 0xb7e4, 0xb7e5, 0xb7e6, 0xb7e7, 0xb7e8, 0xb7e9, 0xb7ea,
    0xb7eb, 0xb7ec, 0xb7ed, 0xb7ee, 0xb7ef, 0xb7f0, 0xb7f1, 0xb7f2, 0xb7f3, 0xb7f4, 0xb7f5, 0xb7f6, 0xb7f7, 0xb7f8, 0xb7f9, 0xb7fa,
    0xb7fb, 0xb7fc, 0xb7fd, 0xb7fe, 0xb7ff, 0xb800, 0xb801, 0xb802, 0xb803, 0xb804, 0xb805, 0xb806, 0xb807, 0xb808, 0xb809, 0xb80a,
    0xb80b, 0xb80c, 0xb80d, 0xb80e, 0xb80f, 0xb810, 0xb811, 0xb812, 0xb813, 0xb814, 0xb815, 0xb816, 0xb817, 0xb818, 0xb819, 0xb81a,
    0xb81b, 0xb81c, 0xb81d, 0xb81e, 0xb81f, 0xb820, 0xb821, 0xb822, 0xb823, 0xb824, 0xb825, 0xb826, 0xb827, 0xb828, 0xb829, 0xb82a,
    0xb82b, 0xb82c, 0xb82d, 0xb82e, 0xb82f, 0xb830, 0xb831, 0xb832, 0xb833, 0xb834, 0xb835, 0xb836, 0xb837, 0xb838, 0xb839, 0xb83a,
    0xb83b, 0xb83c, 0xb83d, 0xb83e, 0xb83f, 0xb840, 0xb841, 0xb842, 0xb843, 0xb844, 0xb845, 0xb846, 0xb847, 0xb848, 0xb849, 0xb84a,
    0xb84b, 0xb84c, 0xb84d, 0xb84e, 0xb84f, 0xb850, 0xb851, 0xb852, 0xb853, 0xb854, 0xb855, 0xb856, 0xb857, 0xb858, 0xb859, 0xb85a,
    0xb85b, 0xb85c, 0xb85d, 0xb85e, 0xb85f, 0xb860, 0xb861, 0xb862, 0xb863, 0xb864, 0xb865, 0xb866, 0xb867, 0xb868, 0xb869, 0xb86a,
    0xb86b, 0xb86c, 0xb86d, 0xb86e, 0xb86f, 0xb870, 0xb871, 0xb872, 0xb873, 0xb874, 0xb875, 0xb876, 0xb877, 0xb878, 0xb879, 0xb87a,
    0xb87b, 0xb87c, 0xb87d, 0xb87e, 0xb87f, 0xb880, 0xb881, 0xb882, 0xb883, 0xb884, 0xb885, 0xb886, 0xb887, 0xb888, 0xb889, 0xb88a,
    0xb88b, 0xb88c, 0xb88d, 0xb88e, 0xb88f, 0xb890, 0xb891, 0xb892, 0xb893, 0xb894, 0xb895, 0xb896, 0xb897, 0xb898, 0xb899, 0xb89a,
    0xb89b, 0xb89c, 0xb89d, 0xb89e, 0xb89f, 0xb8a0, 0xb8a1, 0xb8a2, 0xb8a3, 0xb8a4, 0xb8a5, 0xb8a6, 0xb8a7, 0xb8a8, 0xb8a9, 0xb8aa,
    0xb8ab, 0xb8ac, 0xb8ad, 0xb8ae, 0xb8af, 0xb8b0, 0xb8b1, 0xb8b2, 0xb8b3, 0xb8b4, 0xb8b5, 0xb8b6, 0xb8b7, 0xb8b8, 0xb8b9, 0xb8ba,
    0xb8bb, 0xb8bc, 0xb8bd, 0xb8be, 0xb8bf, 0xb8c0, 0xb8c1, 0xb8c2, 0xb8c3, 0xb8c4, 0xb8c5, 0xb8c6, 0xb8c7, 0xb8c8, 0xb8c9, 0xb8ca,
    0xb8cb, 0xb8cc, 0xb8cd, 0xb8ce, 0xb8cf, 0xb8d0, 0xb8d1, 0xb8d2, 0xb8d3, 0xb8d4, 0xb8d5, 0xb8d6, 0xb8d7, 0xb8d8, 0xb8d9, 0xb8da,
    0xb8db, 0xb8dc, 0xb8dd, 0xb8de, 0xb8df, 0xb8e0, 0xb8e1, 0xb8e2, 0xb8e3, 0xb8e4, 0xb8e5, 0xb8e6, 0xb8e7, 0xb8e8, 0xb8e9, 0xb8ea,
    0xb8eb, 0xb8ec, 0xb8ed, 0xb8ee, 0xb8ef, 0xb8f0, 0xb8f1, 0xb8f2, 0xb8f3, 0xb8f4, 0xb8f5, 0xb8f6, 0xb8f7, 0xb8f8, 0xb8f9, 0xb8fa,
    0xb8fb, 0xb8fc, 0xb8fd, 0xb8fe, 0xb8ff, 0xb900, 0xb901, 0xb902, 0xb903, 0xb904, 0xb905, 0xb906, 0xb907, 0xb908, 0xb909, 0xb90a,
    0xb90b, 0xb90c, 0xb90d, 0xb90e, 0xb90f, 0xb910, 0xb911, 0xb912, 0xb913, 0xb914, 0xb915, 0xb916, 0xb917, 0xb918, 0xb919, 0xb91a,
    0xb91b, 0xb91c, 0xb91d, 0xb91e, 0xb91f, 0xb920, 0xb921, 0xb922, 0xb923, 0xb924, 0xb925, 0xb926, 0xb927, 0xb928, 0xb929, 0xb92a,
    0xb92b, 0xb92c, 0xb92d, 0xb92e, 0xb92f, 0xb930, 0xb931, 0xb932, 0xb933, 0xb934, 0xb935, 0xb936, 0xb937, 0xb938, 0xb939, 0xb93a,
    0xb93b, 0xb93c, 0xb93d, 0xb93e, 0xb93f, 0xb940, 0xb941, 0xb942, 0xb943, 0xb944, 0xb945, 0xb946, 0xb947, 0xb948, 0xb949, 0xb94a,
    0xb94b, 0xb94c, 0xb94d, 0xb94e, 0xb94f, 0xb950, 0xb951, 0xb952, 0xb953, 0xb954, 0xb955, 0xb956, 0xb957, 0xb958, 0xb959, 0xb95a,
    0xb95b, 0xb95c, 0xb95d, 0xb95e, 0xb95f, 0xb960, 0xb961, 0xb962, 0xb963, 0xb964, 0xb965, 0xb966, 0xb967, 0xb968, 0xb969, 0xb96a,
    0xb96b, 0xb96c, 0xb96d, 0xb96e, 0xb96f, 0xb970, 0xb971, 0xb972, 0xb973, 0xb974, 0xb975, 0xb976, 0xb977, 0xb978, 0xb979, 0xb97a,
    0xb97b, 0xb97c, 0xb97d, 0xb97e, 0xb97f, 0xb980, 0xb981, 0xb982, 0xb983, 0xb984, 0xb985, 0xb986, 0xb987, 0xb988, 0xb989, 0xb98a,
    0xb98b, 0xb98c, 0xb98d, 0xb98e, 0xb98f, 0xb990, 0xb991, 0xb992, 0xb993, 0xb994, 0xb995, 0xb996, 0xb997, 0xb998, 0xb999, 0xb99a,
    0xb99b, 0xb99c, 0xb99d, 0xb99e, 0xb99f, 0xb9a0, 0xb9a1, 0xb9a2, 0xb9a3, 0xb9a4, 0xb9a5, 0xb9a6, 0xb9a7, 0xb9a8, 0xb9a9, 0xb9aa,
    0xb9ab, 0xb9ac, 0xb9ad, 0xb9ae, 0xb9af, 0xb9b0, 0xb9b1, 0xb9b2, 0xb9b3, 0xb9b4, 0xb9b5, 0xb9b6, 0xb9b7, 0xb9b8, 0xb9b9, 0xb9ba,
    0xb9bb, 0xb9bc, 0xb9bd, 0xb9be, 0xb9bf, 0xb9c0, 0xb9c1, 0xb9c2, 0xb9c3, 0xb9c4, 0xb9c5, 0xb9c6, 0xb9c7, 0xb9c8, 0xb9c9, 0xb9ca,
    0xb9cb, 0xb9cc, 0xb9cd, 0xb9ce, 0xb9cf, 0xb9d0, 0xb9d1, 0xb9d2, 0xb9d3, 0xb9d4, 0xb9d5, 0xb9d6, 0xb9d7, 0xb9d8, 0xb9d9, 0xb9da,
    0xb9db, 0xb9dc, 0xb9dd, 0xb9de, 0xb9df, 0xb9e0, 0xb9e1, 0xb9e2, 0xb9e3, 0xb9e4, 0xb9e5, 0xb9e6, 0xb9e7, 0xb9e8, 0xb9e9, 0xb9ea,
    0xb9eb, 0xb9ec, 0xb9ed, 0xb9ee, 0xb9ef, 0xb9f0, 0xb9f1, 0xb9f2, 0xb9f3, 0xb9f4, 0xb9f5, 0xb9f6, 0xb9f7, 0xb9f8, 0xb9f9, 0xb9fa,
    0xb9fb, 0xb9fc, 0xb9fd, 0xb9fe, 0xb9ff, 0xba00, 0xba01, 0xba02, 0xba03, 0xba04, 0xba05, 0xba06, 0xba07, 0xba08, 0xba09, 0xba0a,
    0xba0b, 0xba0c, 0xba0d, 0xba0e, 0xba0f, 0xba10, 0xba11, 0xba12, 0xba13, 0xba14, 0xba15, 0xba16, 0xba17, 0xba18, 0xba19, 0xba1a,
    0xba1b, 0xba1c, 0xba1d, 0xba1e, 0xba1f, 0xba20, 0xba21, 0xba22, 0xba23, 0xba24, 0xba25, 0xba26, 0xba27, 0xba28, 0xba29, 0xba2a,
    0xba2b, 0xba2c, 0xba2d, 0xba2e, 0xba2f, 0xba30, 0xba31, 0xba32, 0xba33, 0xba34, 0xba35, 0xba36, 0xba37, 0xba38, 0xba39, 0xba3a,
    0xba3b, 0xba3c, 0xba3d, 0xba3e, 0xba3f, 0xba40, 0xba41, 0xba42, 0xba43, 0xba44, 0xba45, 0xba46, 0xba47, 0xba48, 0xba49, 0xba4a,
    0xba4b, 0xba4c, 0xba4d, 0xba4e, 0xba4f, 0xba50, 0xba51, 0xba52, 0xba53, 0xba54, 0xba55, 0xba56, 0xba57, 0xba58, 0xba59, 0xba5a,
    0xba5b, 0xba5c, 0xba5d, 0xba5e, 0xba5f, 0xba60, 0xba61, 0xba62, 0xba63, 0xba64, 0xba65, 0xba66, 0xba67, 0xba68, 0xba69, 0xba6a,
    0xba6b, 0xba6c, 0xba6d, 0xba6e, 0xba6f, 0xba70, 0xba71, 0xba72, 0xba73, 0xba74, 0xba75, 0xba76, 0xba77, 0xba78, 0xba79, 0xba7a,
    0xba7b, 0xba7c, 0xba7d, 0xba7e, 0xba7f, 0xba80, 0xba81, 0xba82, 0xba83, 0xba84, 0xba85, 0xba86, 0xba87, 0xba88, 0xba89, 0xba8a,
    0xba8b, 0xba8c, 0xba8d, 0xba8e, 0xba8f, 0xba90, 0xba91, 0xba92, 0xba93, 0xba94, 0xba95, 0xba96, 0xba97, 0xba98, 0xba99, 0xba9a,
    0xba9b, 0xba9c, 0xba9d, 0xba9e, 0xba9f, 0xbaa0, 0xbaa1, 0xbaa2, 0xbaa3, 0xbaa4, 0xbaa5, 0xbaa6, 0xbaa7, 0xbaa8, 0xbaa9, 0xbaaa,
    0xbaab, 0xbaac, 0xbaad, 0xbaae, 0xbaaf, 0xbab0, 0xbab1, 0xbab2, 0xbab3, 0xbab4, 0xbab5, 0xbab6, 0xbab7, 0xbab8, 0xbab9, 0xbaba,
    0xbabb, 0xbabc, 0xbabd, 0xbabe, 0xbabf, 0xbac0, 0xbac1, 0xbac2, 0xbac3, 0xbac4, 0xbac5, 0xbac6, 0xbac7, 0xbac8, 0xbac9, 0xbaca,
    0xbacb, 0xbacc, 0xbacd, 0xbace, 0xbacf, 0xbad0, 0xbad1, 0xbad2, 0xbad3, 0xbad4, 0xbad5, 0xbad6, 0xbad7, 0xbad8, 0xbad9, 0xbada,
    0xbadb, 0xbadc, 0xbadd, 0xbade, 0xbadf, 0xbae0, 0xbae1, 0xbae2, 0xbae3, 0xbae4, 0xbae5, 0xbae6, 0xbae7, 0xbae8, 0xbae9, 0xbaea,
    0xbaeb, 0xbaec, 0xbaed, 0xbaee, 0xbaef, 0xbaf0, 0xbaf1, 0xbaf2, 0xbaf3, 0xbaf4, 0xbaf5, 0xbaf6, 0xbaf7, 0xbaf8, 0xbaf9, 0xbafa,
    0xbafb, 0xbafc, 0xbafd, 0xbafe, 0xbaff, 0xbb00, 0xbb01, 0xbb02, 0xbb03, 0xbb04, 0xbb05, 0xbb06, 0xbb07, 0xbb08, 0xbb09, 0xbb0a,
    0xbb0b, 0xbb0c, 0xbb0d, 0xbb0e, 0xbb0f, 0xbb10, 0xbb11, 0xbb12, 0xbb13, 0xbb14, 0xbb15, 0xbb16, 0xbb17, 0xbb18, 0xbb19, 0xbb1a,
    0xbb1b, 0xbb1c, 0xbb1d, 0xbb1e, 0xbb1f, 0xbb20, 0xbb21, 0xbb22, 0xbb23, 0xbb24, 0xbb25, 0xbb26, 0xbb27, 0xbb28, 0xbb29, 0xbb2a,
    0xbb2b, 0xbb2c, 0xbb2d, 0xbb2e, 0xbb2f, 0xbb30, 0xbb31, 0xbb32, 0xbb33, 0xbb34, 0xbb35, 0xbb36, 0xbb37, 0xbb38, 0xbb39, 0xbb3a,
    0xbb3b, 0xbb3c, 0xbb3d, 0xbb3e, 0xbb3f, 0xbb40, 0xbb41, 0xbb42, 0xbb43, 0xbb44, 0xbb45, 0xbb46, 0xbb47, 0xbb48, 0xbb49, 0xbb4a,
    0xbb4b, 0xbb4c, 0xbb4d, 0xbb4e, 0xbb4f, 0xbb50, 0xbb51, 0xbb52, 0xbb53, 0xbb54, 0xbb55, 0xbb56, 0xbb57, 0xbb58, 0xbb59, 0xbb5a,
    0xbb5b, 0xbb5c, 0xbb5d, 0xbb5e, 0xbb5f, 0xbb60, 0xbb61, 0xbb62, 0xbb63, 0xbb64, 0xbb65, 0xbb66, 0xbb67, 0xbb68, 0xbb69, 0xbb6a,
    0xbb6b, 0xbb6c, 0xbb6d, 0xbb6e, 0xbb6f, 0xbb70, 0xbb71, 0xbb72, 0xbb73, 0xbb74, 0xbb75, 0xbb76, 0xbb77, 0xbb78, 0xbb79, 0xbb7a,
    0xbb7b, 0xbb7c, 0xbb7d, 0xbb7e, 0xbb7f, 0xbb80, 0xbb81, 0xbb82, 0xbb83, 0xbb84, 0xbb85, 0xbb86, 0xbb87, 0xbb88, 0xbb89, 0xbb8a,
    0xbb8b, 0xbb8c, 0xbb8d, 0xbb8e, 0xbb8f, 0xbb90, 0xbb91, 0xbb92, 0xbb93, 0xbb94, 0xbb95, 0xbb96, 0xbb97, 0xbb98, 0xbb99, 0xbb9a,
    0xbb9b, 0xbb9c, 0xbb9d, 0xbb9e, 0xbb9f, 0xbba0, 0xbba1, 0xbba2, 0xbba3, 0xbba4, 0xbba5, 0xbba6, 0xbba7, 0xbba8, 0xbba9, 0xbbaa,
    0xbbab, 0xbbac, 0xbbad, 0xbbae, 0xbbaf, 0xbbb0, 0xbbb1, 0xbbb2, 0xbbb3, 0xbbb4, 0xbbb5, 0xbbb6, 0xbbb7, 0xbbb8, 0xbbb9, 0xbbba,
    0xbbbb, 0xbbbc, 0xbbbd, 0xbbbe, 0xbbbf, 0xbbc0, 0xbbc1, 0xbbc2, 0xbbc3, 0xbbc4, 0xbbc5, 0xbbc6, 0xbbc7, 0xbbc8, 0xbbc9, 0xbbca,
    0xbbcb, 0xbbcc, 0xbbcd, 0xbbce, 0xbbcf, 0xbbd0, 0xbbd1, 0xbbd2, 0xbbd3, 0xbbd4, 0xbbd5, 0xbbd6, 0xbbd7, 0xbbd8, 0xbbd9, 0xbbda,
    0xbbdb, 0xbbdc, 0xbbdd, 0xbbde, 0xbbdf, 0xbbe0, 0xbbe1, 0xbbe2, 0xbbe3, 0xbbe4, 0xbbe5, 0xbbe6, 0xbbe7, 0xbbe8, 0xbbe9, 0xbbea,
    0xbbeb, 0xbbec, 0xbbed, 0xbbee, 0xbbef, 0xbbf0, 0xbbf1, 0xbbf2, 0xbbf3, 0xbbf4, 0xbbf5, 0xbbf6, 0xbbf7, 0xbbf8, 0xbbf9, 0xbbfa,
    0xbbfb, 0xbbfc, 0xbbfd, 0xbbfe, 0xbbff, 0xbc00, 0xbc01, 0xbc02, 0xbc03, 0xbc04, 0xbc05, 0xbc06, 0xbc07, 0xbc08, 0xbc09, 0xbc0a,
    0xbc0b, 0xbc0c, 0xbc0d, 0xbc0e, 0xbc0f, 0xbc10, 0xbc11, 0xbc12, 0xbc13, 0xbc14, 0xbc15, 0xbc16, 0xbc17, 0xbc18, 0xbc19, 0xbc1a,
    0xbc1b, 0xbc1c, 0xbc1d, 0xbc1e, 0xbc1f, 0xbc20, 0xbc21, 0xbc22, 0xbc23, 0xbc24, 0xbc25, 0xbc26, 0xbc27, 0xbc28, 0xbc29, 0xbc2a,
    0xbc2b, 0xbc2c, 0xbc2d, 0xbc2e, 0xbc2f, 0xbc30, 0xbc31, 0xbc32, 0xbc33, 0xbc34, 0xbc35, 0xbc36, 0xbc37, 0xbc38, 0xbc39, 0xbc3a,
    0xbc3b, 0xbc3c, 0xbc3d, 0xbc3e, 0xbc3f, 0xbc40, 0xbc41, 0xbc42, 0xbc43, 0xbc44, 0xbc45, 0xbc46, 0xbc47, 0xbc48, 0xbc49, 0xbc4a,
    0xbc4b, 0xbc4c, 0xbc4d, 0xbc4e, 0xbc4f, 0xbc50, 0xbc51, 0xbc52, 0xbc53, 0xbc54, 0xbc55, 0xbc56, 0xbc57, 0xbc58, 0xbc59, 0xbc5a,
    0xbc5b, 0xbc5c, 0xbc5d, 0xbc5e, 0xbc5f, 0xbc60, 0xbc61, 0xbc62, 0xbc63, 0xbc64, 0xbc65, 0xbc66, 0xbc67, 0xbc68, 0xbc69, 0xbc6a,
    0xbc6b, 0xbc6c, 0xbc6d, 0xbc6e, 0xbc6f, 0xbc70, 0xbc71, 0xbc72, 0xbc73, 0xbc74, 0xbc75, 0xbc76, 0xbc77, 0xbc78, 0xbc79, 0xbc7a,
    0xbc7b, 0xbc7c, 0xbc7d, 0xbc7e, 0xbc7f, 0xbc80, 0xbc81, 0xbc82, 0xbc83, 0xbc84, 0xbc85, 0xbc86, 0xbc87, 0xbc88, 0xbc89, 0xbc8a,
    0xbc8b, 0xbc8c, 0xbc8d, 0xbc8e, 0xbc8f, 0xbc90, 0xbc91, 0xbc92, 0xbc93, 0xbc94, 0xbc95, 0xbc96, 0xbc97, 0xbc98, 0xbc99, 0xbc9a,
    0xbc9b, 0xbc9c, 0xbc9d, 0xbc9e, 0xbc9f, 0xbca0, 0xbca1, 0xbca2, 0xbca3, 0xbca4, 0xbca5, 0xbca6, 0xbca7, 0xbca8, 0xbca9, 0xbcaa,
    0xbcab, 0xbcac, 0xbcad, 0xbcae, 0xbcaf, 0xbcb0, 0xbcb1, 0xbcb2, 0xbcb3, 0xbcb4, 0xbcb5, 0xbcb6, 0xbcb7, 0xbcb8, 0xbcb9, 0xbcba,
    0xbcbb, 0xbcbc, 0xbcbd, 0xbcbe, 0xbcbf, 0xbcc0, 0xbcc1, 0xbcc2, 0xbcc3, 0xbcc4, 0xbcc5, 0xbcc6, 0xbcc7, 0xbcc8, 0xbcc9, 0xbcca,
    0xbccb, 0xbccc, 0xbccd, 0xbcce, 0xbccf, 0xbcd0, 0xbcd1, 0xbcd2, 0xbcd3, 0xbcd4, 0xbcd5, 0xbcd6, 0xbcd7, 0xbcd8, 0xbcd9, 0xbcda,
    0xbcdb, 0xbcdc, 0xbcdd, 0xbcde, 0xbcdf, 0xbce0, 0xbce1, 0xbce2, 0xbce3, 0xbce4, 0xbce5, 0xbce6, 0xbce7, 0xbce8, 0xbce9, 0xbcea,
    0xbceb, 0xbcec, 0xbced, 0xbcee, 0xbcef, 0xbcf0, 0xbcf1, 0xbcf2, 0xbcf3, 0xbcf4, 0xbcf5, 0xbcf6, 0xbcf7, 0xbcf8, 0xbcf9, 0xbcfa,
    0xbcfb, 0xbcfc, 0xbcfd, 0xbcfe, 0xbcff, 0xbd00, 0xbd01, 0xbd02, 0xbd03, 0xbd04, 0xbd05, 0xbd06, 0xbd07, 0xbd08, 0xbd09, 0xbd0a,
    0xbd0b, 0xbd0c, 0xbd0d, 0xbd0e, 0xbd0f, 0xbd10, 0xbd11, 0xbd12, 0xbd13, 0xbd14, 0xbd15, 0xbd16, 0xbd17, 0xbd18, 0xbd19, 0xbd1a,
    0xbd1b, 0xbd1c, 0xbd1d, 0xbd1e, 0xbd1f, 0xbd20, 0xbd21, 0xbd22, 0xbd23, 0xbd24, 0xbd25, 0xbd26, 0xbd27, 0xbd28, 0xbd29, 0xbd2a,
    0xbd2b, 0xbd2c, 0xbd2d, 0xbd2e, 0xbd2f, 0xbd30, 0xbd31, 0xbd32, 0xbd33, 0xbd34, 0xbd35, 0xbd36, 0xbd37, 0xbd38, 0xbd39, 0xbd3a,
    0xbd3b, 0xbd3c, 0xbd3d, 0xbd3e, 0xbd3f, 0xbd40, 0xbd41, 0xbd42, 0xbd43, 0xbd44, 0xbd45, 0xbd46, 0xbd47, 0xbd48, 0xbd49, 0xbd4a,
    0xbd4b, 0xbd4c, 0xbd4d, 0xbd4e, 0xbd4f, 0xbd50, 0xbd51, 0xbd52, 0xbd53, 0xbd54, 0xbd55, 0xbd56, 0xbd57, 0xbd58, 0xbd59, 0xbd5a,
    0xbd5b, 0xbd5c, 0xbd5d, 0xbd5e, 0xbd5f, 0xbd60, 0xbd61, 0xbd62, 0xbd63, 0xbd64, 0xbd65, 0xbd66, 0xbd67, 0xbd68, 0xbd69, 0xbd6a,
    0xbd6b, 0xbd6c, 0xbd6d, 0xbd6e, 0xbd6f, 0xbd70, 0xbd71, 0xbd72, 0xbd73, 0xbd74, 0xbd75, 0xbd76, 0xbd77, 0xbd78, 0xbd79, 0xbd7a,
    0xbd7b, 0xbd7c, 0xbd7d, 0xbd7e, 0xbd7f, 0xbd80, 0xbd81, 0xbd82, 0xbd83, 0xbd84, 0xbd85, 0xbd86, 0xbd87, 0xbd88, 0xbd89, 0xbd8a,
    0xbd8b, 0xbd8c, 0xbd8d, 0xbd8e, 0xbd8f, 0xbd90, 0xbd91, 0xbd92, 0xbd93, 0xbd94, 0xbd95, 0xbd96, 0xbd97, 0xbd98, 0xbd99, 0xbd9a,
    0xbd9b, 0xbd9c, 0xbd9d, 0xbd9e, 0xbd9f, 0xbda0, 0xbda1, 0xbda2, 0xbda3, 0xbda4, 0xbda5, 0xbda6, 0xbda7, 0xbda8, 0xbda9, 0xbdaa,
    0xbdab, 0xbdac, 0xbdad, 0xbdae, 0xbdaf, 0xbdb0, 0xbdb1, 0xbdb2, 0xbdb3, 0xbdb4, 0xbdb5, 0xbdb6, 0xbdb7, 0xbdb8, 0xbdb9, 0xbdba,
    0xbdbb, 0xbdbc, 0xbdbd, 0xbdbe, 0xbdbf, 0xbdc0, 0xbdc1, 0xbdc2, 0xbdc3, 0xbdc4, 0xbdc5, 0xbdc6, 0xbdc7, 0xbdc8, 0xbdc9, 0xbdca,
    0xbdcb, 0xbdcc, 0xbdcd, 0xbdce, 0xbdcf, 0xbdd0, 0xbdd1, 0xbdd2, 0xbdd3, 0xbdd4, 0xbdd5, 0xbdd6, 0xbdd7, 0xbdd8, 0xbdd9, 0xbdda,
    0xbddb, 0xbddc, 0xbddd, 0xbdde, 0xbddf, 0xbde0, 0xbde1, 0xbde2, 0xbde3, 0xbde4, 0xbde5, 0xbde6, 0xbde7, 0xbde8, 0xbde9, 0xbdea,
    0xbdeb, 0xbdec, 0xbded, 0xbdee, 0xbdef, 0xbdf0, 0xbdf1, 0xbdf2, 0xbdf3, 0xbdf4, 0xbdf5, 0xbdf6, 0xbdf7, 0xbdf8, 0xbdf9, 0xbdfa,
    0xbdfb, 0xbdfc, 0xbdfd, 0xbdfe, 0xbdff, 0xbe00, 0xbe01, 0xbe02, 0xbe03, 0xbe04, 0xbe05, 0xbe06, 0xbe07, 0xbe08, 0xbe09, 0xbe0a,
    0xbe0b, 0xbe0c, 0xbe0d, 0xbe0e, 0xbe0f, 0xbe10, 0xbe11, 0xbe12, 0xbe13, 0xbe14, 0xbe15, 0xbe16, 0xbe17, 0xbe18, 0xbe19, 0xbe1a,
    0xbe1b, 0xbe1c, 0xbe1d, 0xbe1e, 0xbe1f, 0xbe20, 0xbe21, 0xbe22, 0xbe23, 0xbe24, 0xbe25, 0xbe26, 0xbe27, 0xbe28, 0xbe29, 0xbe2a,
    0xbe2b, 0xbe2c, 0xbe2d, 0xbe2e, 0xbe2f, 0xbe30, 0xbe31, 0xbe32, 0xbe33, 0xbe34, 0xbe35, 0xbe36, 0xbe37, 0xbe38, 0xbe39, 0xbe3a,
    0xbe3b, 0xbe3c, 0xbe3d, 0xbe3e, 0xbe3f, 0xbe40, 0xbe41, 0xbe42, 0xbe43, 0xbe44, 0xbe45, 0xbe46, 0xbe47, 0xbe48, 0xbe49, 0xbe4a,
    0xbe4b, 0xbe4c, 0xbe4d, 0xbe4e, 0xbe4f, 0xbe50, 0xbe51, 0xbe52, 0xbe53, 0xbe54, 0xbe55, 0xbe56, 0xbe57, 0xbe58, 0xbe59, 0xbe5a,
    0xbe5b, 0xbe5c, 0xbe5d, 0xbe5e, 0xbe5f, 0xbe60, 0xbe61, 0xbe62, 0xbe63, 0xbe64, 0xbe65, 0xbe66, 0xbe67, 0xbe68, 0xbe69, 0xbe6a,
    0xbe6b, 0xbe6c, 0xbe6d, 0xbe6e, 0xbe6f, 0xbe70, 0xbe71, 0xbe72, 0xbe73, 0xbe74, 0xbe75, 0xbe76, 0xbe77, 0xbe78, 0xbe79, 0xbe7a,
    0xbe7b, 0xbe7c, 0xbe7d, 0xbe7e, 0xbe7f, 0xbe80, 0xbe81, 0xbe82, 0xbe83, 0xbe84, 0xbe85, 0xbe86, 0xbe87, 0xbe88, 0xbe89, 0xbe8a,
    0xbe8b, 0xbe8c, 0xbe8d, 0xbe8e, 0xbe8f, 0xbe90, 0xbe91, 0xbe92, 0xbe93, 0xbe94, 0xbe95, 0xbe96, 0xbe97, 0xbe98, 0xbe99, 0xbe9a,
    0xbe9b, 0xbe9c, 0xbe9d, 0xbe9e, 0xbe9f, 0xbea0, 0xbea1, 0xbea2, 0xbea3, 0xbea4, 0xbea5, 0xbea6, 0xbea7, 0xbea8, 0xbea9, 0xbeaa,
    0xbeab, 0xbeac, 0xbead, 0xbeae, 0xbeaf, 0xbeb0, 0xbeb1, 0xbeb2, 0xbeb3, 0xbeb4, 0xbeb5, 0xbeb6, 0xbeb7, 0xbeb8, 0xbeb9, 0xbeba,
    0xbebb, 0xbebc, 0xbebd, 0xbebe, 0xbebf, 0xbec0, 0xbec1, 0xbec2, 0xbec3, 0xbec4, 0xbec5, 0xbec6, 0xbec7, 0xbec8, 0xbec9, 0xbeca,
    0xbecb, 0xbecc, 0xbecd, 0xbece, 0xbecf, 0xbed0, 0xbed1, 0xbed2, 0xbed3, 0xbed4, 0xbed5, 0xbed6, 0xbed7, 0xbed8, 0xbed9, 0xbeda,
    0xbedb, 0xbedc, 0xbedd, 0xbede, 0xbedf, 0xbee0, 0xbee1, 0xbee2, 0xbee3, 0xbee4, 0xbee5, 0xbee6, 0xbee7, 0xbee8, 0xbee9, 0xbeea,
    0xbeeb, 0xbeec, 0xbeed, 0xbeee, 0xbeef, 0xbef0, 0xbef1, 0xbef2, 0xbef3, 0xbef4, 0xbef5, 0xbef6, 0xbef7, 0xbef8, 0xbef9, 0xbefa,
    0xbefb, 0xbefc, 0xbefd, 0xbefe, 0xbeff, 0xbf00, 0xbf01, 0xbf02, 0xbf03, 0xbf04, 0xbf05, 0xbf06, 0xbf07, 0xbf08, 0xbf09, 0xbf0a,
    0xbf0b, 0xbf0c, 0xbf0d, 0xbf0e, 0xbf0f, 0xbf10, 0xbf11, 0xbf12, 0xbf13, 0xbf14, 0xbf15, 0xbf16, 0xbf17, 0xbf18, 0xbf19, 0xbf1a,
    0xbf1b, 0xbf1c, 0xbf1d, 0xbf1e, 0xbf1f, 0xbf20, 0xbf21, 0xbf22, 0xbf23, 0xbf24, 0xbf25, 0xbf26, 0xbf27, 0xbf28, 0xbf29, 0xbf2a,
    0xbf2b, 0xbf2c, 0xbf2d, 0xbf2e, 0xbf2f, 0xbf30, 0xbf31, 0xbf32, 0xbf33, 0xbf34, 0xbf35, 0xbf36, 0xbf37, 0xbf38, 0xbf39, 0xbf3a,
    0xbf3b, 0xbf3c, 0xbf3d, 0xbf3e, 0xbf3f, 0xbf40, 0xbf41, 0xbf42, 0xbf43, 0xbf44, 0xbf45, 0xbf46, 0xbf47, 0xbf48, 0xbf49, 0xbf4a,
    0xbf4b, 0xbf4c, 0xbf4d, 0xbf4e, 0xbf4f, 0xbf50, 0xbf51, 0xbf52, 0xbf53, 0xbf54, 0xbf55, 0xbf56, 0xbf57, 0xbf58, 0xbf59, 0xbf5a,
    0xbf5b, 0xbf5c, 0xbf5d, 0xbf5e, 0xbf5f, 0xbf60, 0xbf61, 0xbf62, 0xbf63, 0xbf64, 0xbf65, 0xbf66, 0xbf67, 0xbf68, 0xbf69, 0xbf6a,
    0xbf6b, 0xbf6c, 0xbf6d, 0xbf6e, 0xbf6f, 0xbf70, 0xbf71, 0xbf72, 0xbf73, 0xbf74, 0xbf75, 0xbf76, 0xbf77, 0xbf78, 0xbf79, 0xbf7a,
    0xbf7b, 0xbf7c, 0xbf7d, 0xbf7e, 0xbf7f, 0xbf80, 0xbf81, 0xbf82, 0xbf83, 0xbf84, 0xbf85, 0xbf86, 0xbf87, 0xbf88, 0xbf89, 0xbf8a,
    0xbf8b, 0xbf8c, 0xbf8d, 0xbf8e, 0xbf8f, 0xbf90, 0xbf91, 0xbf92, 0xbf93, 0xbf94, 0xbf95, 0xbf96, 0xbf97, 0xbf98, 0xbf99, 0xbf9a,
    0xbf9b, 0xbf9c, 0xbf9d, 0xbf9e, 0xbf9f, 0xbfa0, 0xbfa1, 0xbfa2, 0xbfa3, 0xbfa4, 0xbfa5, 0xbfa6, 0xbfa7, 0xbfa8, 0xbfa9, 0xbfaa,
    0xbfab, 0xbfac, 0xbfad, 0xbfae, 0xbfaf, 0xbfb0, 0xbfb1, 0xbfb2, 0xbfb3, 0xbfb4, 0xbfb5, 0xbfb6, 0xbfb7, 0xbfb8, 0xbfb9, 0xbfba,
    0xbfbb, 0xbfbc, 0xbfbd, 0xbfbe, 0xbfbf, 0xbfc0, 0xbfc1, 0xbfc2, 0xbfc3, 0xbfc4, 0xbfc5, 0xbfc6, 0xbfc7, 0xbfc8, 0xbfc9, 0xbfca,
    0xbfcb, 0xbfcc, 0xbfcd, 0xbfce, 0xbfcf, 0xbfd0, 0xbfd1, 0xbfd2, 0xbfd3, 0xbfd4, 0xbfd5, 0xbfd6, 0xbfd7, 0xbfd8, 0xbfd9, 0xbfda,
    0xbfdb, 0xbfdc, 0xbfdd, 0xbfde, 0xbfdf, 0xbfe0, 0xbfe1, 0xbfe2, 0xbfe3, 0xbfe4, 0xbfe5, 0xbfe6, 0xbfe7, 0xbfe8, 0xbfe9, 0xbfea,
    0xbfeb, 0xbfec, 0xbfed, 0xbfee, 0xbfef, 0xbff0, 0xbff1, 0xbff2, 0xbff3, 0xbff4, 0xbff5, 0xbff6, 0xbff7, 0xbff8, 0xbff9, 0xbffa,
    0xbffb, 0xbffc, 0xbffd, 0xbffe, 0xbfff, 0xc000, 0xc001, 0xc002, 0xc003, 0xc004, 0xc005, 0xc006, 0xc007, 0xc008, 0xc009, 0xc00a,
    0xc00b, 0xc00c, 0xc00d, 0xc00e, 0xc00f, 0xc010, 0xc011, 0xc012, 0xc013, 0xc014, 0xc015, 0xc016, 0xc017, 0xc018, 0xc019, 0xc01a,
    0xc01b, 0xc01c, 0xc01d, 0xc01e, 0xc01f, 0xc020, 0xc021, 0xc022, 0xc023, 0xc024, 0xc025, 0xc026, 0xc027, 0xc028, 0xc029, 0xc02a,
    0xc02b, 0xc02c, 0xc02d, 0xc02e, 0xc02f, 0xc030, 0xc031, 0xc032, 0xc033, 0xc034, 0xc035, 0xc036, 0xc037, 0xc038, 0xc039, 0xc03a,
    0xc03b, 0xc03c, 0xc03d, 0xc03e, 0xc03f, 0xc040, 0xc041, 0xc042, 0xc043, 0xc044, 0xc045, 0xc046, 0xc047, 0xc048, 0xc049, 0xc04a,
    0xc04b, 0xc04c, 0xc04d, 0xc04e, 0xc04f, 0xc050, 0xc051, 0xc052, 0xc053, 0xc054, 0xc055, 0xc056, 0xc057, 0xc058, 0xc059, 0xc05a,
    0xc05b, 0xc05c, 0xc05d, 0xc05e, 0xc05f, 0xc060, 0xc061, 0xc062, 0xc063, 0xc064, 0xc065, 0xc066, 0xc067, 0xc068, 0xc069, 0xc06a,
    0xc06b, 0xc06c, 0xc06d, 0xc06e, 0xc06f, 0xc070, 0xc071, 0xc072, 0xc073, 0xc074, 0xc075, 0xc076, 0xc077, 0xc078, 0xc079, 0xc07a,
    0xc07b, 0xc07c, 0xc07d, 0xc07e, 0xc07f, 0xc080, 0xc081, 0xc082, 0xc083, 0xc084, 0xc085, 0xc086, 0xc087, 0xc088, 0xc089, 0xc08a,
    0xc08b, 0xc08c, 0xc08d, 0xc08e, 0xc08f, 0xc090, 0xc091, 0xc092, 0xc093, 0xc094, 0xc095, 0xc096, 0xc097, 0xc098, 0xc099, 0xc09a,
    0xc09b, 0xc09c, 0xc09d, 0xc09e, 0xc09f, 0xc0a0, 0xc0a1, 0xc0a2, 0xc0a3, 0xc0a4, 0xc0a5, 0xc0a6, 0xc0a7, 0xc0a8, 0xc0a9, 0xc0aa,
    0xc0ab, 0xc0ac, 0xc0ad, 0xc0ae, 0xc0af, 0xc0b0, 0xc0b1, 0xc0b2, 0xc0b3, 0xc0b4, 0xc0b5, 0xc0b6, 0xc0b7, 0xc0b8, 0xc0b9, 0xc0ba,
    0xc0bb, 0xc0bc, 0xc0bd, 0xc0be, 0xc0bf, 0xc0c0, 0xc0c1, 0xc0c2, 0xc0c3, 0xc0c4, 0xc0c5, 0xc0c6, 0xc0c7, 0xc0c8, 0xc0c9, 0xc0ca,
    0xc0cb, 0xc0cc, 0xc0cd, 0xc0ce, 0xc0cf, 0xc0d0, 0xc0d1, 0xc0d2, 0xc0d3, 0xc0d4, 0xc0d5, 0xc0d6, 0xc0d7, 0xc0d8, 0xc0d9, 0xc0da,
    0xc0db, 0xc0dc, 0xc0dd, 0xc0de, 0xc0df, 0xc0e0, 0xc0e1, 0xc0e2, 0xc0e3, 0xc0e4, 0xc0e5, 0xc0e6, 0xc0e7, 0xc0e8, 0xc0e9, 0xc0ea,
    0xc0eb, 0xc0ec, 0xc0ed, 0xc0ee, 0xc0ef, 0xc0f0, 0xc0f1, 0xc0f2, 0xc0f3, 0xc0f4, 0xc0f5, 0xc0f6, 0xc0f7, 0xc0f8, 0xc0f9, 0xc0fa,
    0xc0fb, 0xc0fc, 0xc0fd, 0xc0fe, 0xc0ff, 0xc100, 0xc101, 0xc102, 0xc103, 0xc104, 0xc105, 0xc106, 0xc107, 0xc108, 0xc109, 0xc10a,
    0xc10b, 0xc10c, 0xc10d, 0xc10e, 0xc10f, 0xc110, 0xc111, 0xc112, 0xc113, 0xc114, 0xc115, 0xc116, 0xc117, 0xc118, 0xc119, 0xc11a,
    0xc11b, 0xc11c, 0xc11d, 0xc11e, 0xc11f, 0xc120, 0xc121, 0xc122, 0xc123, 0xc124, 0xc125, 0xc126, 0xc127, 0xc128, 0xc129, 0xc12a,
    0xc12b, 0xc12c, 0xc12d, 0xc12e, 0xc12f, 0xc130, 0xc131, 0xc132, 0xc133, 0xc134, 0xc135, 0xc136, 0xc137, 0xc138, 0xc139, 0xc13a,
    0xc13b, 0xc13c, 0xc13d, 0xc13e, 0xc13f, 0xc140, 0xc141, 0xc142, 0xc143, 0xc144, 0xc145, 0xc146, 0xc147, 0xc148, 0xc149, 0xc14a,
    0xc14b, 0xc14c, 0xc14d, 0xc14e, 0xc14f, 0xc150, 0xc151, 0xc152, 0xc153, 0xc154, 0xc155, 0xc156, 0xc157, 0xc158, 0xc159, 0xc15a,
    0xc15b, 0xc15c, 0xc15d, 0xc15e, 0xc15f, 0xc160, 0xc161, 0xc162, 0xc163, 0xc164, 0xc165, 0xc166, 0xc167, 0xc168, 0xc169, 0xc16a,
    0xc16b, 0xc16c, 0xc16d, 0xc16e, 0xc16f, 0xc170, 0xc171, 0xc172, 0xc173, 0xc174, 0xc175, 0xc176, 0xc177, 0xc178, 0xc179, 0xc17a,
    0xc17b, 0xc17c, 0xc17d, 0xc17e, 0xc17f, 0xc180, 0xc181, 0xc182, 0xc183, 0xc184, 0xc185, 0xc186, 0xc187, 0xc188, 0xc189, 0xc18a,
    0xc18b, 0xc18c, 0xc18d, 0xc18e, 0xc18f, 0xc190, 0xc191, 0xc192, 0xc193, 0xc194, 0xc195, 0xc196, 0xc197, 0xc198, 0xc199, 0xc19a,
    0xc19b, 0xc19c, 0xc19d, 0xc19e, 0xc19f, 0xc1a0, 0xc1a1, 0xc1a2, 0xc1a3, 0xc1a4, 0xc1a5, 0xc1a6, 0xc1a7, 0xc1a8, 0xc1a9, 0xc1aa,
    0xc1ab, 0xc1ac, 0xc1ad, 0xc1ae, 0xc1af, 0xc1b0, 0xc1b1, 0xc1b2, 0xc1b3, 0xc1b4, 0xc1b5, 0xc1b6, 0xc1b7, 0xc1b8, 0xc1b9, 0xc1ba,
    0xc1bb, 0xc1bc, 0xc1bd, 0xc1be, 0xc1bf, 0xc1c0, 0xc1c1, 0xc1c2, 0xc1c3, 0xc1c4, 0xc1c5, 0xc1c6, 0xc1c7, 0xc1c8, 0xc1c9, 0xc1ca,
    0xc1cb, 0xc1cc, 0xc1cd, 0xc1ce, 0xc1cf, 0xc1d0, 0xc1d1, 0xc1d2, 0xc1d3, 0xc1d4, 0xc1d5, 0xc1d6, 0xc1d7, 0xc1d8, 0xc1d9, 0xc1da,
    0xc1db, 0xc1dc, 0xc1dd, 0xc1de, 0xc1df, 0xc1e0, 0xc1e1, 0xc1e2, 0xc1e3, 0xc1e4, 0xc1e5, 0xc1e6, 0xc1e7, 0xc1e8, 0xc1e9, 0xc1ea,
    0xc1eb, 0xc1ec, 0xc1ed, 0xc1ee, 0xc1ef, 0xc1f0, 0xc1f1, 0xc1f2, 0xc1f3, 0xc1f4, 0xc1f5, 0xc1f6, 0xc1f7, 0xc1f8, 0xc1f9, 0xc1fa,
    0xc1fb, 0xc1fc, 0xc1fd, 0xc1fe, 0xc1ff, 0xc200, 0xc201, 0xc202, 0xc203, 0xc204, 0xc205, 0xc206, 0xc207, 0xc208, 0xc209, 0xc20a,
    0xc20b, 0xc20c, 0xc20d, 0xc20e, 0xc20f, 0xc210, 0xc211, 0xc212, 0xc213, 0xc214, 0xc215, 0xc216, 0xc217, 0xc218, 0xc219, 0xc21a,
    0xc21b, 0xc21c, 0xc21d, 0xc21e, 0xc21f, 0xc220, 0xc221, 0xc222, 0xc223, 0xc224, 0xc225, 0xc226, 0xc227, 0xc228, 0xc229, 0xc22a,
    0xc22b, 0xc22c, 0xc22d, 0xc22e, 0xc22f, 0xc230, 0xc231, 0xc232, 0xc233, 0xc234, 0xc235, 0xc236, 0xc237, 0xc238, 0xc239, 0xc23a,
    0xc23b, 0xc23c, 0xc23d, 0xc23e, 0xc23f, 0xc240, 0xc241, 0xc242, 0xc243, 0xc244, 0xc245, 0xc246, 0xc247, 0xc248, 0xc249, 0xc24a,
    0xc24b, 0xc24c, 0xc24d, 0xc24e, 0xc24f, 0xc250, 0xc251, 0xc252, 0xc253, 0xc254, 0xc255, 0xc256, 0xc257, 0xc258, 0xc259, 0xc25a,
    0xc25b, 0xc25c, 0xc25d, 0xc25e, 0xc25f, 0xc260, 0xc261, 0xc262, 0xc263, 0xc264, 0xc265, 0xc266, 0xc267, 0xc268, 0xc269, 0xc26a,
    0xc26b, 0xc26c, 0xc26d, 0xc26e, 0xc26f, 0xc270, 0xc271, 0xc272, 0xc273, 0xc274, 0xc275, 0xc276, 0xc277, 0xc278, 0xc279, 0xc27a,
    0xc27b, 0xc27c, 0xc27d, 0xc27e, 0xc27f, 0xc280, 0xc281, 0xc282, 0xc283, 0xc284, 0xc285, 0xc286, 0xc287, 0xc288, 0xc289, 0xc28a,
    0xc28b, 0xc28c, 0xc28d, 0xc28e, 0xc28f, 0xc290, 0xc291, 0xc292, 0xc293, 0xc294, 0xc295, 0xc296, 0xc297, 0xc298, 0xc299, 0xc29a,
    0xc29b, 0xc29c, 0xc29d, 0xc29e, 0xc29f, 0xc2a0, 0xc2a1, 0xc2a2, 0xc2a3, 0xc2a4, 0xc2a5, 0xc2a6, 0xc2a7, 0xc2a8, 0xc2a9, 0xc2aa,
    0xc2ab, 0xc2ac, 0xc2ad, 0xc2ae, 0xc2af, 0xc2b0, 0xc2b1, 0xc2b2, 0xc2b3, 0xc2b4, 0xc2b5, 0xc2b6, 0xc2b7, 0xc2b8, 0xc2b9, 0xc2ba,
    0xc2bb, 0xc2bc, 0xc2bd, 0xc2be, 0xc2bf, 0xc2c0, 0xc2c1, 0xc2c2, 0xc2c3, 0xc2c4, 0xc2c5, 0xc2c6, 0xc2c7, 0xc2c8, 0xc2c9, 0xc2ca,
    0xc2cb, 0xc2cc, 0xc2cd, 0xc2ce, 0xc2cf, 0xc2d0, 0xc2d1, 0xc2d2, 0xc2d3, 0xc2d4, 0xc2d5, 0xc2d6, 0xc2d7, 0xc2d8, 0xc2d9, 0xc2da,
    0xc2db, 0xc2dc, 0xc2dd, 0xc2de, 0xc2df, 0xc2e0, 0xc2e1, 0xc2e2, 0xc2e3, 0xc2e4, 0xc2e5, 0xc2e6, 0xc2e7, 0xc2e8, 0xc2e9, 0xc2ea,
    0xc2eb, 0xc2ec, 0xc2ed, 0xc2ee, 0xc2ef, 0xc2f0, 0xc2f1, 0xc2f2, 0xc2f3, 0xc2f4, 0xc2f5, 0xc2f6, 0xc2f7, 0xc2f8, 0xc2f9, 0xc2fa,
    0xc2fb, 0xc2fc, 0xc2fd, 0xc2fe, 0xc2ff, 0xc300, 0xc301, 0xc302, 0xc303, 0xc304, 0xc305, 0xc306, 0xc307, 0xc308, 0xc309, 0xc30a,
    0xc30b, 0xc30c, 0xc30d, 0xc30e, 0xc30f, 0xc310, 0xc311, 0xc312, 0xc313, 0xc314, 0xc315, 0xc316, 0xc317, 0xc318, 0xc319, 0xc31a,
    0xc31b, 0xc31c, 0xc31d, 0xc31e, 0xc31f, 0xc320, 0xc321, 0xc322, 0xc323, 0xc324, 0xc325, 0xc326, 0xc327, 0xc328, 0xc329, 0xc32a,
    0xc32b, 0xc32c, 0xc32d, 0xc32e, 0xc32f, 0xc330, 0xc331, 0xc332, 0xc333, 0xc334, 0xc335, 0xc336, 0xc337, 0xc338, 0xc339, 0xc33a,
    0xc33b, 0xc33c, 0xc33d, 0xc33e, 0xc33f, 0xc340, 0xc341, 0xc342, 0xc343, 0xc344, 0xc345, 0xc346, 0xc347, 0xc348, 0xc349, 0xc34a,
    0xc34b, 0xc34c, 0xc34d, 0xc34e, 0xc34f, 0xc350, 0xc351, 0xc352, 0xc353, 0xc354, 0xc355, 0xc356, 0xc357, 0xc358, 0xc359, 0xc35a,
    0xc35b, 0xc35c, 0xc35d, 0xc35e, 0xc35f, 0xc360, 0xc361, 0xc362, 0xc363, 0xc364, 0xc365, 0xc366, 0xc367, 0xc368, 0xc369, 0xc36a,
    0xc36b, 0xc36c, 0xc36d, 0xc36e, 0xc36f, 0xc370, 0xc371, 0xc372, 0xc373, 0xc374, 0xc375, 0xc376, 0xc377, 0xc378, 0xc379, 0xc37a,
    0xc37b, 0xc37c, 0xc37d, 0xc37e, 0xc37f, 0xc380, 0xc381, 0xc382, 0xc383, 0xc384, 0xc385, 0xc386, 0xc387, 0xc388, 0xc389, 0xc38a,
    0xc38b, 0xc38c, 0xc38d, 0xc38e, 0xc38f, 0xc390, 0xc391, 0xc392, 0xc393, 0xc394, 0xc395, 0xc396, 0xc397, 0xc398, 0xc399, 0xc39a,
    0xc39b, 0xc39c, 0xc39d, 0xc39e, 0xc39f, 0xc3a0, 0xc3a1, 0xc3a2, 0xc3a3, 0xc3a4, 0xc3a5, 0xc3a6, 0xc3a7, 0xc3a8, 0xc3a9, 0xc3aa,
    0xc3ab, 0xc3ac, 0xc3ad, 0xc3ae, 0xc3af, 0xc3b0, 0xc3b1, 0xc3b2, 0xc3b3, 0xc3b4, 0xc3b5, 0xc3b6, 0xc3b7, 0xc3b8, 0xc3b9, 0xc3ba,
    0xc3bb, 0xc3bc, 0xc3bd, 0xc3be, 0xc3bf, 0xc3c0, 0xc3c1, 0xc3c2, 0xc3c3, 0xc3c4, 0xc3c5, 0xc3c6, 0xc3c7, 0xc3c8, 0xc3c9, 0xc3ca,
    0xc3cb, 0xc3cc, 0xc3cd, 0xc3ce, 0xc3cf, 0xc3d0, 0xc3d1, 0xc3d2, 0xc3d3, 0xc3d4, 0xc3d5, 0xc3d6, 0xc3d7, 0xc3d8, 0xc3d9, 0xc3da,
    0xc3db, 0xc3dc, 0xc3dd, 0xc3de, 0xc3df, 0xc3e0, 0xc3e1, 0xc3e2, 0xc3e3, 0xc3e4, 0xc3e5, 0xc3e6, 0xc3e7, 0xc3e8, 0xc3e9, 0xc3ea,
    0xc3eb, 0xc3ec, 0xc3ed, 0xc3ee, 0xc3ef, 0xc3f0, 0xc3f1, 0xc3f2, 0xc3f3, 0xc3f4, 0xc3f5, 0xc3f6, 0xc3f7, 0xc3f8, 0xc3f9, 0xc3fa,
    0xc3fb, 0xc3fc, 0xc3fd, 0xc3fe, 0xc3ff, 0xc400, 0xc401, 0xc402, 0xc403, 0xc404, 0xc405, 0xc406, 0xc407, 0xc408, 0xc409, 0xc40a,
    0xc40b, 0xc40c, 0xc40d, 0xc40e, 0xc40f, 0xc410, 0xc411, 0xc412, 0xc413, 0xc414, 0xc415, 0xc416, 0xc417, 0xc418, 0xc419, 0xc41a,
    0xc41b, 0xc41c, 0xc41d, 0xc41e, 0xc41f, 0xc420, 0xc421, 0xc422, 0xc423, 0xc424, 0xc425, 0xc426, 0xc427, 0xc428, 0xc429, 0xc42a,
    0xc42b, 0xc42c, 0xc42d, 0xc42e, 0xc42f, 0xc430, 0xc431, 0xc432, 0xc433, 0xc434, 0xc435, 0xc436, 0xc437, 0xc438, 0xc439, 0xc43a,
    0xc43b, 0xc43c, 0xc43d, 0xc43e, 0xc43f, 0xc440, 0xc441, 0xc442, 0xc443, 0xc444, 0xc445, 0xc446, 0xc447, 0xc448, 0xc449, 0xc44a,
    0xc44b, 0xc44c, 0xc44d, 0xc44e, 0xc44f, 0xc450, 0xc451, 0xc452, 0xc453, 0xc454, 0xc455, 0xc456, 0xc457, 0xc458, 0xc459, 0xc45a,
    0xc45b, 0xc45c, 0xc45d, 0xc45e, 0xc45f, 0xc460, 0xc461, 0xc462, 0xc463, 0xc464, 0xc465, 0xc466, 0xc467, 0xc468, 0xc469, 0xc46a,
    0xc46b, 0xc46c, 0xc46d, 0xc46e, 0xc46f, 0xc470, 0xc471, 0xc472, 0xc473, 0xc474, 0xc475, 0xc476, 0xc477, 0xc478, 0xc479, 0xc47a,
    0xc47b, 0xc47c, 0xc47d, 0xc47e, 0xc47f, 0xc480, 0xc481, 0xc482, 0xc483, 0xc484, 0xc485, 0xc486, 0xc487, 0xc488, 0xc489, 0xc48a,
    0xc48b, 0xc48c, 0xc48d, 0xc48e, 0xc48f, 0xc490, 0xc491, 0xc492, 0xc493, 0xc494, 0xc495, 0xc496, 0xc497, 0xc498, 0xc499, 0xc49a,
    0xc49b, 0xc49c, 0xc49d, 0xc49e, 0xc49f, 0xc4a0, 0xc4a1, 0xc4a2, 0xc4a3, 0xc4a4, 0xc4a5, 0xc4a6, 0xc4a7, 0xc4a8, 0xc4a9, 0xc4aa,
    0xc4ab, 0xc4ac, 0xc4ad, 0xc4ae, 0xc4af, 0xc4b0, 0xc4b1, 0xc4b2, 0xc4b3, 0xc4b4, 0xc4b5, 0xc4b6, 0xc4b7, 0xc4b8, 0xc4b9, 0xc4ba,
    0xc4bb, 0xc4bc, 0xc4bd, 0xc4be, 0xc4bf, 0xc4c0, 0xc4c1, 0xc4c2, 0xc4c3, 0xc4c4, 0xc4c5, 0xc4c6, 0xc4c7, 0xc4c8, 0xc4c9, 0xc4ca,
    0xc4cb, 0xc4cc, 0xc4cd, 0xc4ce, 0xc4cf, 0xc4d0, 0xc4d1, 0xc4d2, 0xc4d3, 0xc4d4, 0xc4d5, 0xc4d6, 0xc4d7, 0xc4d8, 0xc4d9, 0xc4da,
    0xc4db, 0xc4dc, 0xc4dd, 0xc4de, 0xc4df, 0xc4e0, 0xc4e1, 0xc4e2, 0xc4e3, 0xc4e4, 0xc4e5, 0xc4e6, 0xc4e7, 0xc4e8, 0xc4e9, 0xc4ea,
    0xc4eb, 0xc4ec, 0xc4ed, 0xc4ee, 0xc4ef, 0xc4f0, 0xc4f1, 0xc4f2, 0xc4f3, 0xc4f4, 0xc4f5, 0xc4f6, 0xc4f7, 0xc4f8, 0xc4f9, 0xc4fa,
    0xc4fb, 0xc4fc, 0xc4fd, 0xc4fe, 0xc4ff, 0xc500, 0xc501, 0xc502, 0xc503, 0xc504, 0xc505, 0xc506, 0xc507, 0xc508, 0xc509, 0xc50a,
    0xc50b, 0xc50c, 0xc50d, 0xc50e, 0xc50f, 0xc510, 0xc511, 0xc512, 0xc513, 0xc514, 0xc515, 0xc516, 0xc517, 0xc518, 0xc519, 0xc51a,
    0xc51b, 0xc51c, 0xc51d, 0xc51e, 0xc51f, 0xc520, 0xc521, 0xc522, 0xc523, 0xc524, 0xc525, 0xc526, 0xc527, 0xc528, 0xc529, 0xc52a,
    0xc52b, 0xc52c, 0xc52d, 0xc52e, 0xc52f, 0xc530, 0xc531, 0xc532, 0xc533, 0xc534, 0xc535, 0xc536, 0xc537, 0xc538, 0xc539, 0xc53a,
    0xc53b, 0xc53c, 0xc53d, 0xc53e, 0xc53f, 0xc540, 0xc541, 0xc542, 0xc543, 0xc544, 0xc545, 0xc546, 0xc547, 0xc548, 0xc549, 0xc54a,
    0xc54b, 0xc54c, 0xc54d, 0xc54e, 0xc54f, 0xc550, 0xc551, 0xc552, 0xc553, 0xc554, 0xc555, 0xc556, 0xc557, 0xc558, 0xc559, 0xc55a,
    0xc55b, 0xc55c, 0xc55d, 0xc55e, 0xc55f, 0xc560, 0xc561, 0xc562, 0xc563, 0xc564, 0xc565, 0xc566, 0xc567, 0xc568, 0xc569, 0xc56a,
    0xc56b, 0xc56c, 0xc56d, 0xc56e, 0xc56f, 0xc570, 0xc571, 0xc572, 0xc573, 0xc574, 0xc575, 0xc576, 0xc577, 0xc578, 0xc579, 0xc57a,
    0xc57b, 0xc57c, 0xc57d, 0xc57e, 0xc57f, 0xc580, 0xc581, 0xc582, 0xc583, 0xc584, 0xc585, 0xc586, 0xc587, 0xc588, 0xc589, 0xc58a,
    0xc58b, 0xc58c, 0xc58d, 0xc58e, 0xc58f, 0xc590, 0xc591, 0xc592, 0xc593, 0xc594, 0xc595, 0xc596, 0xc597, 0xc598, 0xc599, 0xc59a,
    0xc59b, 0xc59c, 0xc59d, 0xc59e, 0xc59f, 0xc5a0, 0xc5a1, 0xc5a2, 0xc5a3, 0xc5a4, 0xc5a5, 0xc5a6, 0xc5a7, 0xc5a8, 0xc5a9, 0xc5aa,
    0xc5ab, 0xc5ac, 0xc5ad, 0xc5ae, 0xc5af, 0xc5b0, 0xc5b1, 0xc5b2, 0xc5b3, 0xc5b4, 0xc5b5, 0xc5b6, 0xc5b7, 0xc5b8, 0xc5b9, 0xc5ba,
    0xc5bb, 0xc5bc, 0xc5bd, 0xc5be, 0xc5bf, 0xc5c0, 0xc5c1, 0xc5c2, 0xc5c3, 0xc5c4, 0xc5c5, 0xc5c6, 0xc5c7, 0xc5c8, 0xc5c9, 0xc5ca,
    0xc5cb, 0xc5cc, 0xc5cd, 0xc5ce, 0xc5cf, 0xc5d0, 0xc5d1, 0xc5d2, 0xc5d3, 0xc5d4, 0xc5d5, 0xc5d6, 0xc5d7, 0xc5d8, 0xc5d9, 0xc5da,
    0xc5db, 0xc5dc, 0xc5dd, 0xc5de, 0xc5df, 0xc5e0, 0xc5e1, 0xc5e2, 0xc5e3, 0xc5e4, 0xc5e5, 0xc5e6, 0xc5e7, 0xc5e8, 0xc5e9, 0xc5ea,
    0xc5eb, 0xc5ec, 0xc5ed, 0xc5ee, 0xc5ef, 0xc5f0, 0xc5f1, 0xc5f2, 0xc5f3, 0xc5f4, 0xc5f5, 0xc5f6, 0xc5f7, 0xc5f8, 0xc5f9, 0xc5fa,
    0xc5fb, 0xc5fc, 0xc5fd, 0xc5fe, 0xc5ff, 0xc600, 0xc601, 0xc602, 0xc603, 0xc604, 0xc605, 0xc606, 0xc607, 0xc608, 0xc609, 0xc60a,
    0xc60b, 0xc60c, 0xc60d, 0xc60e, 0xc60f, 0xc610, 0xc611, 0xc612, 0xc613, 0xc614, 0xc615, 0xc616, 0xc617, 0xc618, 0xc619, 0xc61a,
    0xc61b, 0xc61c, 0xc61d, 0xc61e, 0xc61f, 0xc620, 0xc621, 0xc622, 0xc623, 0xc624, 0xc625, 0xc626, 0xc627, 0xc628, 0xc629, 0xc62a,
    0xc62b, 0xc62c, 0xc62d, 0xc62e, 0xc62f, 0xc630, 0xc631, 0xc632, 0xc633, 0xc634, 0xc635, 0xc636, 0xc637, 0xc638, 0xc639, 0xc63a,
    0xc63b, 0xc63c, 0xc63d, 0xc63e, 0xc63f, 0xc640, 0xc641, 0xc642, 0xc643, 0xc644, 0xc645, 0xc646, 0xc647, 0xc648, 0xc649, 0xc64a,
    0xc64b, 0xc64c, 0xc64d, 0xc64e, 0xc64f, 0xc650, 0xc651, 0xc652, 0xc653, 0xc654, 0xc655, 0xc656, 0xc657, 0xc658, 0xc659, 0xc65a,
    0xc65b, 0xc65c, 0xc65d, 0xc65e, 0xc65f, 0xc660, 0xc661, 0xc662, 0xc663, 0xc664, 0xc665, 0xc666, 0xc667, 0xc668, 0xc669, 0xc66a,
    0xc66b, 0xc66c, 0xc66d, 0xc66e, 0xc66f, 0xc670, 0xc671, 0xc672, 0xc673, 0xc674, 0xc675, 0xc676, 0xc677, 0xc678, 0xc679, 0xc67a,
    0xc67b, 0xc67c, 0xc67d, 0xc67e, 0xc67f, 0xc680, 0xc681, 0xc682, 0xc683, 0xc684, 0xc685, 0xc686, 0xc687, 0xc688, 0xc689, 0xc68a,
    0xc68b, 0xc68c, 0xc68d, 0xc68e, 0xc68f, 0xc690, 0xc691, 0xc692, 0xc693, 0xc694, 0xc695, 0xc696, 0xc697, 0xc698, 0xc699, 0xc69a,
    0xc69b, 0xc69c, 0xc69d, 0xc69e, 0xc69f, 0xc6a0, 0xc6a1, 0xc6a2, 0xc6a3, 0xc6a4, 0xc6a5, 0xc6a6, 0xc6a7, 0xc6a8, 0xc6a9, 0xc6aa,
    0xc6ab, 0xc6ac, 0xc6ad, 0xc6ae, 0xc6af, 0xc6b0, 0xc6b1, 0xc6b2, 0xc6b3, 0xc6b4, 0xc6b5, 0xc6b6, 0xc6b7, 0xc6b8, 0xc6b9, 0xc6ba,
    0xc6bb, 0xc6bc, 0xc6bd, 0xc6be, 0xc6bf, 0xc6c0, 0xc6c1, 0xc6c2, 0xc6c3, 0xc6c4, 0xc6c5, 0xc6c6, 0xc6c7, 0xc6c8, 0xc6c9, 0xc6ca,
    0xc6cb, 0xc6cc, 0xc6cd, 0xc6ce, 0xc6cf, 0xc6d0, 0xc6d1, 0xc6d2, 0xc6d3, 0xc6d4, 0xc6d5, 0xc6d6, 0xc6d7, 0xc6d8, 0xc6d9, 0xc6da,
    0xc6db, 0xc6dc, 0xc6dd, 0xc6de, 0xc6df, 0xc6e0, 0xc6e1, 0xc6e2, 0xc6e3, 0xc6e4, 0xc6e5, 0xc6e6, 0xc6e7, 0xc6e8, 0xc6e9, 0xc6ea,
    0xc6eb, 0xc6ec, 0xc6ed, 0xc6ee, 0xc6ef, 0xc6f0, 0xc6f1, 0xc6f2, 0xc6f3, 0xc6f4, 0xc6f5, 0xc6f6, 0xc6f7, 0xc6f8, 0xc6f9, 0xc6fa,
    0xc6fb, 0xc6fc, 0xc6fd, 0xc6fe, 0xc6ff, 0xc700, 0xc701, 0xc702, 0xc703, 0xc704, 0xc705, 0xc706, 0xc707, 0xc708, 0xc709, 0xc70a,
    0xc70b, 0xc70c, 0xc70d, 0xc70e, 0xc70f, 0xc710, 0xc711, 0xc712, 0xc713, 0xc714, 0xc715, 0xc716, 0xc717, 0xc718, 0xc719, 0xc71a,
    0xc71b, 0xc71c, 0xc71d, 0xc71e, 0xc71f, 0xc720, 0xc721, 0xc722, 0xc723, 0xc724, 0xc725, 0xc726, 0xc727, 0xc728, 0xc729, 0xc72a,
    0xc72b, 0xc72c, 0xc72d, 0xc72e, 0xc72f, 0xc730, 0xc731, 0xc732, 0xc733, 0xc734, 0xc735, 0xc736, 0xc737, 0xc738, 0xc739, 0xc73a,
    0xc73b, 0xc73c, 0xc73d, 0xc73e, 0xc73f, 0xc740, 0xc741, 0xc742, 0xc743, 0xc744, 0xc745, 0xc746, 0xc747, 0xc748, 0xc749, 0xc74a,
    0xc74b, 0xc74c, 0xc74d, 0xc74e, 0xc74f, 0xc750, 0xc751, 0xc752, 0xc753, 0xc754, 0xc755, 0xc756, 0xc757, 0xc758, 0xc759, 0xc75a,
    0xc75b, 0xc75c, 0xc75d, 0xc75e, 0xc75f, 0xc760, 0xc761, 0xc762, 0xc763, 0xc764, 0xc765, 0xc766, 0xc767, 0xc768, 0xc769, 0xc76a,
    0xc76b, 0xc76c, 0xc76d, 0xc76e, 0xc76f, 0xc770, 0xc771, 0xc772, 0xc773, 0xc774, 0xc775, 0xc776, 0xc777, 0xc778, 0xc779, 0xc77a,
    0xc77b, 0xc77c, 0xc77d, 0xc77e, 0xc77f, 0xc780, 0xc781, 0xc782, 0xc783, 0xc784, 0xc785, 0xc786, 0xc787, 0xc788, 0xc789, 0xc78a,
    0xc78b, 0xc78c, 0xc78d, 0xc78e, 0xc78f, 0xc790, 0xc791, 0xc792, 0xc793, 0xc794, 0xc795, 0xc796, 0xc797, 0xc798, 0xc799, 0xc79a,
    0xc79b, 0xc79c, 0xc79d, 0xc79e, 0xc79f, 0xc7a0, 0xc7a1, 0xc7a2, 0xc7a3, 0xc7a4, 0xc7a5, 0xc7a6, 0xc7a7, 0xc7a8, 0xc7a9, 0xc7aa,
    0xc7ab, 0xc7ac, 0xc7ad, 0xc7ae, 0xc7af, 0xc7b0, 0xc7b1, 0xc7b2, 0xc7b3, 0xc7b4, 0xc7b5, 0xc7b6, 0xc7b7, 0xc7b8, 0xc7b9, 0xc7ba,
    0xc7bb, 0xc7bc, 0xc7bd, 0xc7be, 0xc7bf, 0xc7c0, 0xc7c1, 0xc7c2, 0xc7c3, 0xc7c4, 0xc7c5, 0xc7c6, 0xc7c7, 0xc7c8, 0xc7c9, 0xc7ca,
    0xc7cb, 0xc7cc, 0xc7cd, 0xc7ce, 0xc7cf, 0xc7d0, 0xc7d1, 0xc7d2, 0xc7d3, 0xc7d4, 0xc7d5, 0xc7d6, 0xc7d7, 0xc7d8, 0xc7d9, 0xc7da,
    0xc7db, 0xc7dc, 0xc7dd, 0xc7de, 0xc7df, 0xc7e0, 0xc7e1, 0xc7e2, 0xc7e3, 0xc7e4, 0xc7e5, 0xc7e6, 0xc7e7, 0xc7e8, 0xc7e9, 0xc7ea,
    0xc7eb, 0xc7ec, 0xc7ed, 0xc7ee, 0xc7ef, 0xc7f0, 0xc7f1, 0xc7f2, 0xc7f3, 0xc7f4, 0xc7f5, 0xc7f6, 0xc7f7, 0xc7f8, 0xc7f9, 0xc7fa,
    0xc7fb, 0xc7fc, 0xc7fd, 0xc7fe, 0xc7ff, 0xc800, 0xc801, 0xc802, 0xc803, 0xc804, 0xc805, 0xc806, 0xc807, 0xc808, 0xc809, 0xc80a,
    0xc80b, 0xc80c, 0xc80d, 0xc80e, 0xc80f, 0xc810, 0xc811, 0xc812, 0xc813, 0xc814, 0xc815, 0xc816, 0xc817, 0xc818, 0xc819, 0xc81a,
    0xc81b, 0xc81c, 0xc81d, 0xc81e, 0xc81f, 0xc820, 0xc821, 0xc822, 0xc823, 0xc824, 0xc825, 0xc826, 0xc827, 0xc828, 0xc829, 0xc82a,
    0xc82b, 0xc82c, 0xc82d, 0xc82e, 0xc82f, 0xc830, 0xc831, 0xc832, 0xc833, 0xc834, 0xc835, 0xc836, 0xc837, 0xc838, 0xc839, 0xc83a,
    0xc83b, 0xc83c, 0xc83d, 0xc83e, 0xc83f, 0xc840, 0xc841, 0xc842, 0xc843, 0xc844, 0xc845, 0xc846, 0xc847, 0xc848, 0xc849, 0xc84a,
    0xc84b, 0xc84c, 0xc84d, 0xc84e, 0xc84f, 0xc850, 0xc851, 0xc852, 0xc853, 0xc854, 0xc855, 0xc856, 0xc857, 0xc858, 0xc859, 0xc85a,
    0xc85b, 0xc85c, 0xc85d, 0xc85e, 0xc85f, 0xc860, 0xc861, 0xc862, 0xc863, 0xc864, 0xc865, 0xc866, 0xc867, 0xc868, 0xc869, 0xc86a,
    0xc86b, 0xc86c, 0xc86d, 0xc86e, 0xc86f, 0xc870, 0xc871, 0xc872, 0xc873, 0xc874, 0xc875, 0xc876, 0xc877, 0xc878, 0xc879, 0xc87a,
    0xc87b, 0xc87c, 0xc87d, 0xc87e, 0xc87f, 0xc880, 0xc881, 0xc882, 0xc883, 0xc884, 0xc885, 0xc886, 0xc887, 0xc888, 0xc889, 0xc88a,
    0xc88b, 0xc88c, 0xc88d, 0xc88e, 0xc88f, 0xc890, 0xc891, 0xc892, 0xc893, 0xc894, 0xc895, 0xc896, 0xc897, 0xc898, 0xc899, 0xc89a,
    0xc89b, 0xc89c, 0xc89d, 0xc89e, 0xc89f, 0xc8a0, 0xc8a1, 0xc8a2, 0xc8a3, 0xc8a4, 0xc8a5, 0xc8a6, 0xc8a7, 0xc8a8, 0xc8a9, 0xc8aa,
    0xc8ab, 0xc8ac, 0xc8ad, 0xc8ae, 0xc8af, 0xc8b0, 0xc8b1, 0xc8b2, 0xc8b3, 0xc8b4, 0xc8b5, 0xc8b6, 0xc8b7, 0xc8b8, 0xc8b9, 0xc8ba,
    0xc8bb, 0xc8bc, 0xc8bd, 0xc8be, 0xc8bf, 0xc8c0, 0xc8c1, 0xc8c2, 0xc8c3, 0xc8c4, 0xc8c5, 0xc8c6, 0xc8c7, 0xc8c8, 0xc8c9, 0xc8ca,
    0xc8cb, 0xc8cc, 0xc8cd, 0xc8ce, 0xc8cf, 0xc8d0, 0xc8d1, 0xc8d2, 0xc8d3, 0xc8d4, 0xc8d5, 0xc8d6, 0xc8d7, 0xc8d8, 0xc8d9, 0xc8da,
    0xc8db, 0xc8dc, 0xc8dd, 0xc8de, 0xc8df, 0xc8e0, 0xc8e1, 0xc8e2, 0xc8e3, 0xc8e4, 0xc8e5, 0xc8e6, 0xc8e7, 0xc8e8, 0xc8e9, 0xc8ea,
    0xc8eb, 0xc8ec, 0xc8ed, 0xc8ee, 0xc8ef, 0xc8f0, 0xc8f1, 0xc8f2, 0xc8f3, 0xc8f4, 0xc8f5, 0xc8f6, 0xc8f7, 0xc8f8, 0xc8f9, 0xc8fa,
    0xc8fb, 0xc8fc, 0xc8fd, 0xc8fe, 0xc8ff, 0xc900, 0xc901, 0xc902, 0xc903, 0xc904, 0xc905, 0xc906, 0xc907, 0xc908, 0xc909, 0xc90a,
    0xc90b, 0xc90c, 0xc90d, 0xc90e, 0xc90f, 0xc910, 0xc911, 0xc912, 0xc913, 0xc914, 0xc915, 0xc916, 0xc917, 0xc918, 0xc919, 0xc91a,
    0xc91b, 0xc91c, 0xc91d, 0xc91e, 0xc91f, 0xc920, 0xc921, 0xc922, 0xc923, 0xc924, 0xc925, 0xc926, 0xc927, 0xc928, 0xc929, 0xc92a,
    0xc92b, 0xc92c, 0xc92d, 0xc92e, 0xc92f, 0xc930, 0xc931, 0xc932, 0xc933, 0xc934, 0xc935, 0xc936, 0xc937, 0xc938, 0xc939, 0xc93a,
    0xc93b, 0xc93c, 0xc93d, 0xc93e, 0xc93f, 0xc940, 0xc941, 0xc942, 0xc943, 0xc944, 0xc945, 0xc946, 0xc947, 0xc948, 0xc949, 0xc94a,
    0xc94b, 0xc94c, 0xc94d, 0xc94e, 0xc94f, 0xc950, 0xc951, 0xc952, 0xc953, 0xc954, 0xc955, 0xc956, 0xc957, 0xc958, 0xc959, 0xc95a,
    0xc95b, 0xc95c, 0xc95d, 0xc95e, 0xc95f, 0xc960, 0xc961, 0xc962, 0xc963, 0xc964, 0xc965, 0xc966, 0xc967, 0xc968, 0xc969, 0xc96a,
    0xc96b, 0xc96c, 0xc96d, 0xc96e, 0xc96f, 0xc970, 0xc971, 0xc972, 0xc973, 0xc974, 0xc975, 0xc976, 0xc977, 0xc978, 0xc979, 0xc97a,
    0xc97b, 0xc97c, 0xc97d, 0xc97e, 0xc97f, 0xc980, 0xc981, 0xc982, 0xc983, 0xc984, 0xc985, 0xc986, 0xc987, 0xc988, 0xc989, 0xc98a,
    0xc98b, 0xc98c, 0xc98d, 0xc98e, 0xc98f, 0xc990, 0xc991, 0xc992, 0xc993, 0xc994, 0xc995, 0xc996, 0xc997, 0xc998, 0xc999, 0xc99a,
    0xc99b, 0xc99c, 0xc99d, 0xc99e, 0xc99f, 0xc9a0, 0xc9a1, 0xc9a2, 0xc9a3, 0xc9a4, 0xc9a5, 0xc9a6, 0xc9a7, 0xc9a8, 0xc9a9, 0xc9aa,
    0xc9ab, 0xc9ac, 0xc9ad, 0xc9ae, 0xc9af, 0xc9b0, 0xc9b1, 0xc9b2, 0xc9b3, 0xc9b4, 0xc9b5, 0xc9b6, 0xc9b7, 0xc9b8, 0xc9b9, 0xc9ba,
    0xc9bb, 0xc9bc, 0xc9bd, 0xc9be, 0xc9bf, 0xc9c0, 0xc9c1, 0xc9c2, 0xc9c3, 0xc9c4, 0xc9c5, 0xc9c6, 0xc9c7, 0xc9c8, 0xc9c9, 0xc9ca,
    0xc9cb, 0xc9cc, 0xc9cd, 0xc9ce, 0xc9cf, 0xc9d0, 0xc9d1, 0xc9d2, 0xc9d3, 0xc9d4, 0xc9d5, 0xc9d6, 0xc9d7, 0xc9d8, 0xc9d9, 0xc9da,
    0xc9db, 0xc9dc, 0xc9dd, 0xc9de, 0xc9df, 0xc9e0, 0xc9e1, 0xc9e2, 0xc9e3, 0xc9e4, 0xc9e5, 0xc9e6, 0xc9e7, 0xc9e8, 0xc9e9, 0xc9ea,
    0xc9eb, 0xc9ec, 0xc9ed, 0xc9ee, 0xc9ef, 0xc9f0, 0xc9f1, 0xc9f2, 0xc9f3, 0xc9f4, 0xc9f5, 0xc9f6, 0xc9f7, 0xc9f8, 0xc9f9, 0xc9fa,
    0xc9fb, 0xc9fc, 0xc9fd, 0xc9fe, 0xc9ff, 0xca00, 0xca01, 0xca02, 0xca03, 0xca04, 0xca05, 0xca06, 0xca07, 0xca08, 0xca09, 0xca0a,
    0xca0b, 0xca0c, 0xca0d, 0xca0e, 0xca0f, 0xca10, 0xca11, 0xca12, 0xca13, 0xca14, 0xca15, 0xca16, 0xca17, 0xca18, 0xca19, 0xca1a,
    0xca1b, 0xca1c, 0xca1d, 0xca1e, 0xca1f, 0xca20, 0xca21, 0xca22, 0xca23, 0xca24, 0xca25, 0xca26, 0xca27, 0xca28, 0xca29, 0xca2a,
    0xca2b, 0xca2c, 0xca2d, 0xca2e, 0xca2f, 0xca30, 0xca31, 0xca32, 0xca33, 0xca34, 0xca35, 0xca36, 0xca37, 0xca38, 0xca39, 0xca3a,
    0xca3b, 0xca3c, 0xca3d, 0xca3e, 0xca3f, 0xca40, 0xca41, 0xca42, 0xca43, 0xca44, 0xca45, 0xca46, 0xca47, 0xca48, 0xca49, 0xca4a,
    0xca4b, 0xca4c, 0xca4d, 0xca4e, 0xca4f, 0xca50, 0xca51, 0xca52, 0xca53, 0xca54, 0xca55, 0xca56, 0xca57, 0xca58, 0xca59, 0xca5a,
    0xca5b, 0xca5c, 0xca5d, 0xca5e, 0xca5f, 0xca60, 0xca61, 0xca62, 0xca63, 0xca64, 0xca65, 0xca66, 0xca67, 0xca68, 0xca69, 0xca6a,
    0xca6b, 0xca6c, 0xca6d, 0xca6e, 0xca6f, 0xca70, 0xca71, 0xca72, 0xca73, 0xca74, 0xca75, 0xca76, 0xca77, 0xca78, 0xca79, 0xca7a,
    0xca7b, 0xca7c, 0xca7d, 0xca7e, 0xca7f, 0xca80, 0xca81, 0xca82, 0xca83, 0xca84, 0xca85, 0xca86, 0xca87, 0xca88, 0xca89, 0xca8a,
    0xca8b, 0xca8c, 0xca8d, 0xca8e, 0xca8f, 0xca90, 0xca91, 0xca92, 0xca93, 0xca94, 0xca95, 0xca96, 0xca97, 0xca98, 0xca99, 0xca9a,
    0xca9b, 0xca9c, 0xca9d, 0xca9e, 0xca9f, 0xcaa0, 0xcaa1, 0xcaa2, 0xcaa3, 0xcaa4, 0xcaa5, 0xcaa6, 0xcaa7, 0xcaa8, 0xcaa9, 0xcaaa,
    0xcaab, 0xcaac, 0xcaad, 0xcaae, 0xcaaf, 0xcab0, 0xcab1, 0xcab2, 0xcab3, 0xcab4, 0xcab5, 0xcab6, 0xcab7, 0xcab8, 0xcab9, 0xcaba,
    0xcabb, 0xcabc, 0xcabd, 0xcabe, 0xcabf, 0xcac0, 0xcac1, 0xcac2, 0xcac3, 0xcac4, 0xcac5, 0xcac6, 0xcac7, 0xcac8, 0xcac9, 0xcaca,
    0xcacb, 0xcacc, 0xcacd, 0xcace, 0xcacf, 0xcad0, 0xcad1, 0xcad2, 0xcad3, 0xcad4, 0xcad5, 0xcad6, 0xcad7, 0xcad8, 0xcad9, 0xcada,
    0xcadb, 0xcadc, 0xcadd, 0xcade, 0xcadf, 0xcae0, 0xcae1, 0xcae2, 0xcae3, 0xcae4, 0xcae5, 0xcae6, 0xcae7, 0xcae8, 0xcae9, 0xcaea,
    0xcaeb, 0xcaec, 0xcaed, 0xcaee, 0xcaef, 0xcaf0, 0xcaf1, 0xcaf2, 0xcaf3, 0xcaf4, 0xcaf5, 0xcaf6, 0xcaf7, 0xcaf8, 0xcaf9, 0xcafa,
    0xcafb, 0xcafc, 0xcafd, 0xcafe, 0xcaff, 0xcb00, 0xcb01, 0xcb02, 0xcb03, 0xcb04, 0xcb05, 0xcb06, 0xcb07, 0xcb08, 0xcb09, 0xcb0a,
    0xcb0b, 0xcb0c, 0xcb0d, 0xcb0e, 0xcb0f, 0xcb10, 0xcb11, 0xcb12, 0xcb13, 0xcb14, 0xcb15, 0xcb16, 0xcb17, 0xcb18, 0xcb19, 0xcb1a,
    0xcb1b, 0xcb1c, 0xcb1d, 0xcb1e, 0xcb1f, 0xcb20, 0xcb21, 0xcb22, 0xcb23, 0xcb24, 0xcb25, 0xcb26, 0xcb27, 0xcb28, 0xcb29, 0xcb2a,
    0xcb2b, 0xcb2c, 0xcb2d, 0xcb2e, 0xcb2f, 0xcb30, 0xcb31, 0xcb32, 0xcb33, 0xcb34, 0xcb35, 0xcb36, 0xcb37, 0xcb38, 0xcb39, 0xcb3a,
    0xcb3b, 0xcb3c, 0xcb3d, 0xcb3e, 0xcb3f, 0xcb40, 0xcb41, 0xcb42, 0xcb43, 0xcb44, 0xcb45, 0xcb46, 0xcb47, 0xcb48, 0xcb49, 0xcb4a,
    0xcb4b, 0xcb4c, 0xcb4d, 0xcb4e, 0xcb4f, 0xcb50, 0xcb51, 0xcb52, 0xcb53, 0xcb54, 0xcb55, 0xcb56, 0xcb57, 0xcb58, 0xcb59, 0xcb5a,
    0xcb5b, 0xcb5c, 0xcb5d, 0xcb5e, 0xcb5f, 0xcb60, 0xcb61, 0xcb62, 0xcb63, 0xcb64, 0xcb65, 0xcb66, 0xcb67, 0xcb68, 0xcb69, 0xcb6a,
    0xcb6b, 0xcb6c, 0xcb6d, 0xcb6e, 0xcb6f, 0xcb70, 0xcb71, 0xcb72, 0xcb73, 0xcb74, 0xcb75, 0xcb76, 0xcb77, 0xcb78, 0xcb79, 0xcb7a,
    0xcb7b, 0xcb7c, 0xcb7d, 0xcb7e, 0xcb7f, 0xcb80, 0xcb81, 0xcb82, 0xcb83, 0xcb84, 0xcb85, 0xcb86, 0xcb87, 0xcb88, 0xcb89, 0xcb8a,
    0xcb8b, 0xcb8c, 0xcb8d, 0xcb8e, 0xcb8f, 0xcb90, 0xcb91, 0xcb92, 0xcb93, 0xcb94, 0xcb95, 0xcb96, 0xcb97, 0xcb98, 0xcb99, 0xcb9a,
    0xcb9b, 0xcb9c, 0xcb9d, 0xcb9e, 0xcb9f, 0xcba0, 0xcba1, 0xcba2, 0xcba3, 0xcba4, 0xcba5, 0xcba6, 0xcba7, 0xcba8, 0xcba9, 0xcbaa,
    0xcbab, 0xcbac, 0xcbad, 0xcbae, 0xcbaf, 0xcbb0, 0xcbb1, 0xcbb2, 0xcbb3, 0xcbb4, 0xcbb5, 0xcbb6, 0xcbb7, 0xcbb8, 0xcbb9, 0xcbba,
    0xcbbb, 0xcbbc, 0xcbbd, 0xcbbe, 0xcbbf, 0xcbc0, 0xcbc1, 0xcbc2, 0xcbc3, 0xcbc4, 0xcbc5, 0xcbc6, 0xcbc7, 0xcbc8, 0xcbc9, 0xcbca,
    0xcbcb, 0xcbcc, 0xcbcd, 0xcbce, 0xcbcf, 0xcbd0, 0xcbd1, 0xcbd2, 0xcbd3, 0xcbd4, 0xcbd5, 0xcbd6, 0xcbd7, 0xcbd8, 0xcbd9, 0xcbda,
    0xcbdb, 0xcbdc, 0xcbdd, 0xcbde, 0xcbdf, 0xcbe0, 0xcbe1, 0xcbe2, 0xcbe3, 0xcbe4, 0xcbe5, 0xcbe6, 0xcbe7, 0xcbe8, 0xcbe9, 0xcbea,
    0xcbeb, 0xcbec, 0xcbed, 0xcbee, 0xcbef, 0xcbf0, 0xcbf1, 0xcbf2, 0xcbf3, 0xcbf4, 0xcbf5, 0xcbf6, 0xcbf7, 0xcbf8, 0xcbf9, 0xcbfa,
    0xcbfb, 0xcbfc, 0xcbfd, 0xcbfe, 0xcbff, 0xcc00, 0xcc01, 0xcc02, 0xcc03, 0xcc04, 0xcc05, 0xcc06, 0xcc07, 0xcc08, 0xcc09, 0xcc0a,
    0xcc0b, 0xcc0c, 0xcc0d, 0xcc0e, 0xcc0f, 0xcc10, 0xcc11, 0xcc12, 0xcc13, 0xcc14, 0xcc15, 0xcc16, 0xcc17, 0xcc18, 0xcc19, 0xcc1a,
    0xcc1b, 0xcc1c, 0xcc1d, 0xcc1e, 0xcc1f, 0xcc20, 0xcc21, 0xcc22, 0xcc23, 0xcc24, 0xcc25, 0xcc26, 0xcc27, 0xcc28, 0xcc29, 0xcc2a,
    0xcc2b, 0xcc2c, 0xcc2d, 0xcc2e, 0xcc2f, 0xcc30, 0xcc31, 0xcc32, 0xcc33, 0xcc34, 0xcc35, 0xcc36, 0xcc37, 0xcc38, 0xcc39, 0xcc3a,
    0xcc3b, 0xcc3c, 0xcc3d, 0xcc3e, 0xcc3f, 0xcc40, 0xcc41, 0xcc42, 0xcc43, 0xcc44, 0xcc45, 0xcc46, 0xcc47, 0xcc48, 0xcc49, 0xcc4a,
    0xcc4b, 0xcc4c, 0xcc4d, 0xcc4e, 0xcc4f, 0xcc50, 0xcc51, 0xcc52, 0xcc53, 0xcc54, 0xcc55, 0xcc56, 0xcc57, 0xcc58, 0xcc59, 0xcc5a,
    0xcc5b, 0xcc5c, 0xcc5d, 0xcc5e, 0xcc5f, 0xcc60, 0xcc61, 0xcc62, 0xcc63, 0xcc64, 0xcc65, 0xcc66, 0xcc67, 0xcc68, 0xcc69, 0xcc6a,
    0xcc6b, 0xcc6c, 0xcc6d, 0xcc6e, 0xcc6f, 0xcc70, 0xcc71, 0xcc72, 0xcc73, 0xcc74, 0xcc75, 0xcc76, 0xcc77, 0xcc78, 0xcc79, 0xcc7a,
    0xcc7b, 0xcc7c, 0xcc7d, 0xcc7e, 0xcc7f, 0xcc80, 0xcc81, 0xcc82, 0xcc83, 0xcc84, 0xcc85, 0xcc86, 0xcc87, 0xcc88, 0xcc89, 0xcc8a,
    0xcc8b, 0xcc8c, 0xcc8d, 0xcc8e, 0xcc8f, 0xcc90, 0xcc91, 0xcc92, 0xcc93, 0xcc94, 0xcc95, 0xcc96, 0xcc97, 0xcc98, 0xcc99, 0xcc9a,
    0xcc9b, 0xcc9c, 0xcc9d, 0xcc9e, 0xcc9f, 0xcca0, 0xcca1, 0xcca2, 0xcca3, 0xcca4, 0xcca5, 0xcca6, 0xcca7, 0xcca8, 0xcca9, 0xccaa,
    0xccab, 0xccac, 0xccad, 0xccae, 0xccaf, 0xccb0, 0xccb1, 0xccb2, 0xccb3, 0xccb4, 0xccb5, 0xccb6, 0xccb7, 0xccb8, 0xccb9, 0xccba,
    0xccbb, 0xccbc, 0xccbd, 0xccbe, 0xccbf, 0xccc0, 0xccc1, 0xccc2, 0xccc3, 0xccc4, 0xccc5, 0xccc6, 0xccc7, 0xccc8, 0xccc9, 0xccca,
    0xcccb, 0xcccc, 0xcccd, 0xccce, 0xcccf, 0xccd0, 0xccd1, 0xccd2, 0xccd3, 0xccd4, 0xccd5, 0xccd6, 0xccd7, 0xccd8, 0xccd9, 0xccda,
    0xccdb, 0xccdc, 0xccdd, 0xccde, 0xccdf, 0xcce0, 0xcce1, 0xcce2, 0xcce3, 0xcce4, 0xcce5, 0xcce6, 0xcce7, 0xcce8, 0xcce9, 0xccea,
    0xcceb, 0xccec, 0xcced, 0xccee, 0xccef, 0xccf0, 0xccf1, 0xccf2, 0xccf3, 0xccf4, 0xccf5, 0xccf6, 0xccf7, 0xccf8, 0xccf9, 0xccfa,
    0xccfb, 0xccfc, 0xccfd, 0xccfe, 0xccff, 0xcd00, 0xcd01, 0xcd02, 0xcd03, 0xcd04, 0xcd05, 0xcd06, 0xcd07, 0xcd08, 0xcd09, 0xcd0a,
    0xcd0b, 0xcd0c, 0xcd0d, 0xcd0e, 0xcd0f, 0xcd10, 0xcd11, 0xcd12, 0xcd13, 0xcd14, 0xcd15, 0xcd16, 0xcd17, 0xcd18, 0xcd19, 0xcd1a,
    0xcd1b, 0xcd1c, 0xcd1d, 0xcd1e, 0xcd1f, 0xcd20, 0xcd21, 0xcd22, 0xcd23, 0xcd24, 0xcd25, 0xcd26, 0xcd27, 0xcd28, 0xcd29, 0xcd2a,
    0xcd2b, 0xcd2c, 0xcd2d, 0xcd2e, 0xcd2f, 0xcd30, 0xcd31, 0xcd32, 0xcd33, 0xcd34, 0xcd35, 0xcd36, 0xcd37, 0xcd38, 0xcd39, 0xcd3a,
    0xcd3b, 0xcd3c, 0xcd3d, 0xcd3e, 0xcd3f, 0xcd40, 0xcd41, 0xcd42, 0xcd43, 0xcd44, 0xcd45, 0xcd46, 0xcd47, 0xcd48, 0xcd49, 0xcd4a,
    0xcd4b, 0xcd4c, 0xcd4d, 0xcd4e, 0xcd4f, 0xcd50, 0xcd51, 0xcd52, 0xcd53, 0xcd54, 0xcd55, 0xcd56, 0xcd57, 0xcd58, 0xcd59, 0xcd5a,
    0xcd5b, 0xcd5c, 0xcd5d, 0xcd5e, 0xcd5f, 0xcd60, 0xcd61, 0xcd62, 0xcd63, 0xcd64, 0xcd65, 0xcd66, 0xcd67, 0xcd68, 0xcd69, 0xcd6a,
    0xcd6b, 0xcd6c, 0xcd6d, 0xcd6e, 0xcd6f, 0xcd70, 0xcd71, 0xcd72, 0xcd73, 0xcd74, 0xcd75, 0xcd76, 0xcd77, 0xcd78, 0xcd79, 0xcd7a,
    0xcd7b, 0xcd7c, 0xcd7d, 0xcd7e, 0xcd7f, 0xcd80, 0xcd81, 0xcd82, 0xcd83, 0xcd84, 0xcd85, 0xcd86, 0xcd87, 0xcd88, 0xcd89, 0xcd8a,
    0xcd8b, 0xcd8c, 0xcd8d, 0xcd8e, 0xcd8f, 0xcd90, 0xcd91, 0xcd92, 0xcd93, 0xcd94, 0xcd95, 0xcd96, 0xcd97, 0xcd98, 0xcd99, 0xcd9a,
    0xcd9b, 0xcd9c, 0xcd9d, 0xcd9e, 0xcd9f, 0xcda0, 0xcda1, 0xcda2, 0xcda3, 0xcda4, 0xcda5, 0xcda6, 0xcda7, 0xcda8, 0xcda9, 0xcdaa,
    0xcdab, 0xcdac, 0xcdad, 0xcdae, 0xcdaf, 0xcdb0, 0xcdb1, 0xcdb2, 0xcdb3, 0xcdb4, 0xcdb5, 0xcdb6, 0xcdb7, 0xcdb8, 0xcdb9, 0xcdba,
    0xcdbb, 0xcdbc, 0xcdbd, 0xcdbe, 0xcdbf, 0xcdc0, 0xcdc1, 0xcdc2, 0xcdc3, 0xcdc4, 0xcdc5, 0xcdc6, 0xcdc7, 0xcdc8, 0xcdc9, 0xcdca,
    0xcdcb, 0xcdcc, 0xcdcd, 0xcdce, 0xcdcf, 0xcdd0, 0xcdd1, 0xcdd2, 0xcdd3, 0xcdd4, 0xcdd5, 0xcdd6, 0xcdd7, 0xcdd8, 0xcdd9, 0xcdda,
    0xcddb, 0xcddc, 0xcddd, 0xcdde, 0xcddf, 0xcde0, 0xcde1, 0xcde2, 0xcde3, 0xcde4, 0xcde5, 0xcde6, 0xcde7, 0xcde8, 0xcde9, 0xcdea,
    0xcdeb, 0xcdec, 0xcded, 0xcdee, 0xcdef, 0xcdf0, 0xcdf1, 0xcdf2, 0xcdf3, 0xcdf4, 0xcdf5, 0xcdf6, 0xcdf7, 0xcdf8, 0xcdf9, 0xcdfa,
    0xcdfb, 0xcdfc, 0xcdfd, 0xcdfe, 0xcdff, 0xce00, 0xce01, 0xce02, 0xce03, 0xce04, 0xce05, 0xce06, 0xce07, 0xce08, 0xce09, 0xce0a,
    0xce0b, 0xce0c, 0xce0d, 0xce0e, 0xce0f, 0xce10, 0xce11, 0xce12, 0xce13, 0xce14, 0xce15, 0xce16, 0xce17, 0xce18, 0xce19, 0xce1a,
    0xce1b, 0xce1c, 0xce1d, 0xce1e, 0xce1f, 0xce20, 0xce21, 0xce22, 0xce23, 0xce24, 0xce25, 0xce26, 0xce27, 0xce28, 0xce29, 0xce2a,
    0xce2b, 0xce2c, 0xce2d, 0xce2e, 0xce2f, 0xce30, 0xce31, 0xce32, 0xce33, 0xce34, 0xce35, 0xce36, 0xce37, 0xce38, 0xce39, 0xce3a,
    0xce3b, 0xce3c, 0xce3d, 0xce3e, 0xce3f, 0xce40, 0xce41, 0xce42, 0xce43, 0xce44, 0xce45, 0xce46, 0xce47, 0xce48, 0xce49, 0xce4a,
    0xce4b, 0xce4c, 0xce4d, 0xce4e, 0xce4f, 0xce50, 0xce51, 0xce52, 0xce53, 0xce54, 0xce55, 0xce56, 0xce57, 0xce58, 0xce59, 0xce5a,
    0xce5b, 0xce5c, 0xce5d, 0xce5e, 0xce5f, 0xce60, 0xce61, 0xce62, 0xce63, 0xce64, 0xce65, 0xce66, 0xce67, 0xce68, 0xce69, 0xce6a,
    0xce6b, 0xce6c, 0xce6d, 0xce6e, 0xce6f, 0xce70, 0xce71, 0xce72, 0xce73, 0xce74, 0xce75, 0xce76, 0xce77, 0xce78, 0xce79, 0xce7a,
    0xce7b, 0xce7c, 0xce7d, 0xce7e, 0xce7f, 0xce80, 0xce81, 0xce82, 0xce83, 0xce84, 0xce85, 0xce86, 0xce87, 0xce88, 0xce89, 0xce8a,
    0xce8b, 0xce8c, 0xce8d, 0xce8e, 0xce8f, 0xce90, 0xce91, 0xce92, 0xce93, 0xce94, 0xce95, 0xce96, 0xce97, 0xce98, 0xce99, 0xce9a,
    0xce9b, 0xce9c, 0xce9d, 0xce9e, 0xce9f, 0xcea0, 0xcea1, 0xcea2, 0xcea3, 0xcea4, 0xcea5, 0xcea6, 0xcea7, 0xcea8, 0xcea9, 0xceaa,
    0xceab, 0xceac, 0xcead, 0xceae, 0xceaf, 0xceb0, 0xceb1, 0xceb2, 0xceb3, 0xceb4, 0xceb5, 0xceb6, 0xceb7, 0xceb8, 0xceb9, 0xceba,
    0xcebb, 0xcebc, 0xcebd, 0xcebe, 0xcebf, 0xcec0, 0xcec1, 0xcec2, 0xcec3, 0xcec4, 0xcec5, 0xcec6, 0xcec7, 0xcec8, 0xcec9, 0xceca,
    0xcecb, 0xcecc, 0xcecd, 0xcece, 0xcecf, 0xced0, 0xced1, 0xced2, 0xced3, 0xced4, 0xced5, 0xced6, 0xced7, 0xced8, 0xced9, 0xceda,
    0xcedb, 0xcedc, 0xcedd, 0xcede, 0xcedf, 0xcee0, 0xcee1, 0xcee2, 0xcee3, 0xcee4, 0xcee5, 0xcee6, 0xcee7, 0xcee8, 0xcee9, 0xceea,
    0xceeb, 0xceec, 0xceed, 0xceee, 0xceef, 0xcef0, 0xcef1, 0xcef2, 0xcef3, 0xcef4, 0xcef5, 0xcef6, 0xcef7, 0xcef8, 0xcef9, 0xcefa,
    0xcefb, 0xcefc, 0xcefd, 0xcefe, 0xceff, 0xcf00, 0xcf01, 0xcf02, 0xcf03, 0xcf04, 0xcf05, 0xcf06, 0xcf07, 0xcf08, 0xcf09, 0xcf0a,
    0xcf0b, 0xcf0c, 0xcf0d, 0xcf0e, 0xcf0f, 0xcf10, 0xcf11, 0xcf12, 0xcf13, 0xcf14, 0xcf15, 0xcf16, 0xcf17, 0xcf18, 0xcf19, 0xcf1a,
    0xcf1b, 0xcf1c, 0xcf1d, 0xcf1e, 0xcf1f, 0xcf20, 0xcf21, 0xcf22, 0xcf23, 0xcf24, 0xcf25, 0xcf26, 0xcf27, 0xcf28, 0xcf29, 0xcf2a,
    0xcf2b, 0xcf2c, 0xcf2d, 0xcf2e, 0xcf2f, 0xcf30, 0xcf31, 0xcf32, 0xcf33, 0xcf34, 0xcf35, 0xcf36, 0xcf37, 0xcf38, 0xcf39, 0xcf3a,
    0xcf3b, 0xcf3c, 0xcf3d, 0xcf3e, 0xcf3f, 0xcf40, 0xcf41, 0xcf42, 0xcf43, 0xcf44, 0xcf45, 0xcf46, 0xcf47, 0xcf48, 0xcf49, 0xcf4a,
    0xcf4b, 0xcf4c, 0xcf4d, 0xcf4e, 0xcf4f, 0xcf50, 0xcf51, 0xcf52, 0xcf53, 0xcf54, 0xcf55, 0xcf56, 0xcf57, 0xcf58, 0xcf59, 0xcf5a,
    0xcf5b, 0xcf5c, 0xcf5d, 0xcf5e, 0xcf5f, 0xcf60, 0xcf61, 0xcf62, 0xcf63, 0xcf64, 0xcf65, 0xcf66, 0xcf67, 0xcf68, 0xcf69, 0xcf6a,
    0xcf6b, 0xcf6c, 0xcf6d, 0xcf6e, 0xcf6f, 0xcf70, 0xcf71, 0xcf72, 0xcf73, 0xcf74, 0xcf75, 0xcf76, 0xcf77, 0xcf78, 0xcf79, 0xcf7a,
    0xcf7b, 0xcf7c, 0xcf7d, 0xcf7e, 0xcf7f, 0xcf80, 0xcf81, 0xcf82, 0xcf83, 0xcf84, 0xcf85, 0xcf86, 0xcf87, 0xcf88, 0xcf89, 0xcf8a,
    0xcf8b, 0xcf8c, 0xcf8d, 0xcf8e, 0xcf8f, 0xcf90, 0xcf91, 0xcf92, 0xcf93, 0xcf94, 0xcf95, 0xcf96, 0xcf97, 0xcf98, 0xcf99, 0xcf9a,
    0xcf9b, 0xcf9c, 0xcf9d, 0xcf9e, 0xcf9f, 0xcfa0, 0xcfa1, 0xcfa2, 0xcfa3, 0xcfa4, 0xcfa5, 0xcfa6, 0xcfa7, 0xcfa8, 0xcfa9, 0xcfaa,
    0xcfab, 0xcfac, 0xcfad, 0xcfae, 0xcfaf, 0xcfb0, 0xcfb1, 0xcfb2, 0xcfb3, 0xcfb4, 0xcfb5, 0xcfb6, 0xcfb7, 0xcfb8, 0xcfb9, 0xcfba,
    0xcfbb, 0xcfbc, 0xcfbd, 0xcfbe, 0xcfbf, 0xcfc0, 0xcfc1, 0xcfc2, 0xcfc3, 0xcfc4, 0xcfc5, 0xcfc6, 0xcfc7, 0xcfc8, 0xcfc9, 0xcfca,
    0xcfcb, 0xcfcc, 0xcfcd, 0xcfce, 0xcfcf, 0xcfd0, 0xcfd1, 0xcfd2, 0xcfd3, 0xcfd4, 0xcfd5, 0xcfd6, 0xcfd7, 0xcfd8, 0xcfd9, 0xcfda,
    0xcfdb, 0xcfdc, 0xcfdd, 0xcfde, 0xcfdf, 0xcfe0, 0xcfe1, 0xcfe2, 0xcfe3, 0xcfe4, 0xcfe5, 0xcfe6, 0xcfe7, 0xcfe8, 0xcfe9, 0xcfea,
    0xcfeb, 0xcfec, 0xcfed, 0xcfee, 0xcfef, 0xcff0, 0xcff1, 0xcff2, 0xcff3, 0xcff4, 0xcff5, 0xcff6, 0xcff7, 0xcff8, 0xcff9, 0xcffa,
    0xcffb, 0xcffc, 0xcffd, 0xcffe, 0xcfff, 0xd000, 0xd001, 0xd002, 0xd003, 0xd004, 0xd005, 0xd006, 0xd007, 0xd008, 0xd009, 0xd00a,
    0xd00b, 0xd00c, 0xd00d, 0xd00e, 0xd00f, 0xd010, 0xd011, 0xd012, 0xd013, 0xd014, 0xd015, 0xd016, 0xd017, 0xd018, 0xd019, 0xd01a,
    0xd01b, 0xd01c, 0xd01d, 0xd01e, 0xd01f, 0xd020, 0xd021, 0xd022, 0xd023, 0xd024, 0xd025, 0xd026, 0xd027, 0xd028, 0xd029, 0xd02a,
    0xd02b, 0xd02c, 0xd02d, 0xd02e, 0xd02f, 0xd030, 0xd031, 0xd032, 0xd033, 0xd034, 0xd035, 0xd036, 0xd037, 0xd038, 0xd039, 0xd03a,
    0xd03b, 0xd03c, 0xd03d, 0xd03e, 0xd03f, 0xd040, 0xd041, 0xd042, 0xd043, 0xd044, 0xd045, 0xd046, 0xd047, 0xd048, 0xd049, 0xd04a,
    0xd04b, 0xd04c, 0xd04d, 0xd04e, 0xd04f, 0xd050, 0xd051, 0xd052, 0xd053, 0xd054, 0xd055, 0xd056, 0xd057, 0xd058, 0xd059, 0xd05a,
    0xd05b, 0xd05c, 0xd05d, 0xd05e, 0xd05f, 0xd060, 0xd061, 0xd062, 0xd063, 0xd064, 0xd065, 0xd066, 0xd067, 0xd068, 0xd069, 0xd06a,
    0xd06b, 0xd06c, 0xd06d, 0xd06e, 0xd06f, 0xd070, 0xd071, 0xd072, 0xd073, 0xd074, 0xd075, 0xd076, 0xd077, 0xd078, 0xd079, 0xd07a,
    0xd07b, 0xd07c, 0xd07d, 0xd07e, 0xd07f, 0xd080, 0xd081, 0xd082, 0xd083, 0xd084, 0xd085, 0xd086, 0xd087, 0xd088, 0xd089, 0xd08a,
    0xd08b, 0xd08c, 0xd08d, 0xd08e, 0xd08f, 0xd090, 0xd091, 0xd092, 0xd093, 0xd094, 0xd095, 0xd096, 0xd097, 0xd098, 0xd099, 0xd09a,
    0xd09b, 0xd09c, 0xd09d, 0xd09e, 0xd09f, 0xd0a0, 0xd0a1, 0xd0a2, 0xd0a3, 0xd0a4, 0xd0a5, 0xd0a6, 0xd0a7, 0xd0a8, 0xd0a9, 0xd0aa,
    0xd0ab, 0xd0ac, 0xd0ad, 0xd0ae, 0xd0af, 0xd0b0, 0xd0b1, 0xd0b2, 0xd0b3, 0xd0b4, 0xd0b5, 0xd0b6, 0xd0b7, 0xd0b8, 0xd0b9, 0xd0ba,
    0xd0bb, 0xd0bc, 0xd0bd, 0xd0be, 0xd0bf, 0xd0c0, 0xd0c1, 0xd0c2, 0xd0c3, 0xd0c4, 0xd0c5, 0xd0c6, 0xd0c7, 0xd0c8, 0xd0c9, 0xd0ca,
    0xd0cb, 0xd0cc, 0xd0cd, 0xd0ce, 0xd0cf, 0xd0d0, 0xd0d1, 0xd0d2, 0xd0d3, 0xd0d4, 0xd0d5, 0xd0d6, 0xd0d7, 0xd0d8, 0xd0d9, 0xd0da,
    0xd0db, 0xd0dc, 0xd0dd, 0xd0de, 0xd0df, 0xd0e0, 0xd0e1, 0xd0e2, 0xd0e3, 0xd0e4, 0xd0e5, 0xd0e6, 0xd0e7, 0xd0e8, 0xd0e9, 0xd0ea,
    0xd0eb, 0xd0ec, 0xd0ed, 0xd0ee, 0xd0ef, 0xd0f0, 0xd0f1, 0xd0f2, 0xd0f3, 0xd0f4, 0xd0f5, 0xd0f6, 0xd0f7, 0xd0f8, 0xd0f9, 0xd0fa,
    0xd0fb, 0xd0fc, 0xd0fd, 0xd0fe, 0xd0ff, 0xd100, 0xd101, 0xd102, 0xd103, 0xd104, 0xd105, 0xd106, 0xd107, 0xd108, 0xd109, 0xd10a,
    0xd10b, 0xd10c, 0xd10d, 0xd10e, 0xd10f, 0xd110, 0xd111, 0xd112, 0xd113, 0xd114, 0xd115, 0xd116, 0xd117, 0xd118, 0xd119, 0xd11a,
    0xd11b, 0xd11c, 0xd11d, 0xd11e, 0xd11f, 0xd120, 0xd121, 0xd122, 0xd123, 0xd124, 0xd125, 0xd126, 0xd127, 0xd128, 0xd129, 0xd12a,
    0xd12b, 0xd12c, 0xd12d, 0xd12e, 0xd12f, 0xd130, 0xd131, 0xd132, 0xd133, 0xd134, 0xd135, 0xd136, 0xd137, 0xd138, 0xd139, 0xd13a,
    0xd13b, 0xd13c, 0xd13d, 0xd13e, 0xd13f, 0xd140, 0xd141, 0xd142, 0xd143, 0xd144, 0xd145, 0xd146, 0xd147, 0xd148, 0xd149, 0xd14a,
    0xd14b, 0xd14c, 0xd14d, 0xd14e, 0xd14f, 0xd150, 0xd151, 0xd152, 0xd153, 0xd154, 0xd155, 0xd156, 0xd157, 0xd158, 0xd159, 0xd15a,
    0xd15b, 0xd15c, 0xd15d, 0xd15e, 0xd15f, 0xd160, 0xd161, 0xd162, 0xd163, 0xd164, 0xd165, 0xd166, 0xd167, 0xd168, 0xd169, 0xd16a,
    0xd16b, 0xd16c, 0xd16d, 0xd16e, 0xd16f, 0xd170, 0xd171, 0xd172, 0xd173, 0xd174, 0xd175, 0xd176, 0xd177, 0xd178, 0xd179, 0xd17a,
    0xd17b, 0xd17c, 0xd17d, 0xd17e, 0xd17f, 0xd180, 0xd181, 0xd182, 0xd183, 0xd184, 0xd185, 0xd186, 0xd187, 0xd188, 0xd189, 0xd18a,
    0xd18b, 0xd18c, 0xd18d, 0xd18e, 0xd18f, 0xd190, 0xd191, 0xd192, 0xd193, 0xd194, 0xd195, 0xd196, 0xd197, 0xd198, 0xd199, 0xd19a,
    0xd19b, 0xd19c, 0xd19d, 0xd19e, 0xd19f, 0xd1a0, 0xd1a1, 0xd1a2, 0xd1a3, 0xd1a4, 0xd1a5, 0xd1a6, 0xd1a7, 0xd1a8, 0xd1a9, 0xd1aa,
    0xd1ab, 0xd1ac, 0xd1ad, 0xd1ae, 0xd1af, 0xd1b0, 0xd1b1, 0xd1b2, 0xd1b3, 0xd1b4, 0xd1b5, 0xd1b6, 0xd1b7, 0xd1b8, 0xd1b9, 0xd1ba,
    0xd1bb, 0xd1bc, 0xd1bd, 0xd1be, 0xd1bf, 0xd1c0, 0xd1c1, 0xd1c2, 0xd1c3, 0xd1c4, 0xd1c5, 0xd1c6, 0xd1c7, 0xd1c8, 0xd1c9, 0xd1ca,
    0xd1cb, 0xd1cc, 0xd1cd, 0xd1ce, 0xd1cf, 0xd1d0, 0xd1d1, 0xd1d2, 0xd1d3, 0xd1d4, 0xd1d5, 0xd1d6, 0xd1d7, 0xd1d8, 0xd1d9, 0xd1da,
    0xd1db, 0xd1dc, 0xd1dd, 0xd1de, 0xd1df, 0xd1e0, 0xd1e1, 0xd1e2, 0xd1e3, 0xd1e4, 0xd1e5, 0xd1e6, 0xd1e7, 0xd1e8, 0xd1e9, 0xd1ea,
    0xd1eb, 0xd1ec, 0xd1ed, 0xd1ee, 0xd1ef, 0xd1f0, 0xd1f1, 0xd1f2, 0xd1f3, 0xd1f4, 0xd1f5, 0xd1f6, 0xd1f7, 0xd1f8, 0xd1f9, 0xd1fa,
    0xd1fb, 0xd1fc, 0xd1fd, 0xd1fe, 0xd1ff, 0xd200, 0xd201, 0xd202, 0xd203, 0xd204, 0xd205, 0xd206, 0xd207, 0xd208, 0xd209, 0xd20a,
    0xd20b, 0xd20c, 0xd20d, 0xd20e, 0xd20f, 0xd210, 0xd211, 0xd212, 0xd213, 0xd214, 0xd215, 0xd216, 0xd217, 0xd218, 0xd219, 0xd21a,
    0xd21b, 0xd21c, 0xd21d, 0xd21e, 0xd21f, 0xd220, 0xd221, 0xd222, 0xd223, 0xd224, 0xd225, 0xd226, 0xd227, 0xd228, 0xd229, 0xd22a,
    0xd22b, 0xd22c, 0xd22d, 0xd22e, 0xd22f, 0xd230, 0xd231, 0xd232, 0xd233, 0xd234, 0xd235, 0xd236, 0xd237, 0xd238, 0xd239, 0xd23a,
    0xd23b, 0xd23c, 0xd23d, 0xd23e, 0xd23f, 0xd240, 0xd241, 0xd242, 0xd243, 0xd244, 0xd245, 0xd246, 0xd247, 0xd248, 0xd249, 0xd24a,
    0xd24b, 0xd24c, 0xd24d, 0xd24e, 0xd24f, 0xd250, 0xd251, 0xd252, 0xd253, 0xd254, 0xd255, 0xd256, 0xd257, 0xd258, 0xd259, 0xd25a,
    0xd25b, 0xd25c, 0xd25d, 0xd25e, 0xd25f, 0xd260, 0xd261, 0xd262, 0xd263, 0xd264, 0xd265, 0xd266, 0xd267, 0xd268, 0xd269, 0xd26a,
    0xd26b, 0xd26c, 0xd26d, 0xd26e, 0xd26f, 0xd270, 0xd271, 0xd272, 0xd273, 0xd274, 0xd275, 0xd276, 0xd277, 0xd278, 0xd279, 0xd27a,
    0xd27b, 0xd27c, 0xd27d, 0xd27e, 0xd27f, 0xd280, 0xd281, 0xd282, 0xd283, 0xd284, 0xd285, 0xd286, 0xd287, 0xd288, 0xd289, 0xd28a,
    0xd28b, 0xd28c, 0xd28d, 0xd28e, 0xd28f, 0xd290, 0xd291, 0xd292, 0xd293, 0xd294, 0xd295, 0xd296, 0xd297, 0xd298, 0xd299, 0xd29a,
    0xd29b, 0xd29c, 0xd29d, 0xd29e, 0xd29f, 0xd2a0, 0xd2a1, 0xd2a2, 0xd2a3, 0xd2a4, 0xd2a5, 0xd2a6, 0xd2a7, 0xd2a8, 0xd2a9, 0xd2aa,
    0xd2ab, 0xd2ac, 0xd2ad, 0xd2ae, 0xd2af, 0xd2b0, 0xd2b1, 0xd2b2, 0xd2b3, 0xd2b4, 0xd2b5, 0xd2b6, 0xd2b7, 0xd2b8, 0xd2b9, 0xd2ba,
    0xd2bb, 0xd2bc, 0xd2bd, 0xd2be, 0xd2bf, 0xd2c0, 0xd2c1, 0xd2c2, 0xd2c3, 0xd2c4, 0xd2c5, 0xd2c6, 0xd2c7, 0xd2c8, 0xd2c9, 0xd2ca,
    0xd2cb, 0xd2cc, 0xd2cd, 0xd2ce, 0xd2cf, 0xd2d0, 0xd2d1, 0xd2d2, 0xd2d3, 0xd2d4, 0xd2d5, 0xd2d6, 0xd2d7, 0xd2d8, 0xd2d9, 0xd2da,
    0xd2db, 0xd2dc, 0xd2dd, 0xd2de, 0xd2df, 0xd2e0, 0xd2e1, 0xd2e2, 0xd2e3, 0xd2e4, 0xd2e5, 0xd2e6, 0xd2e7, 0xd2e8, 0xd2e9, 0xd2ea,
    0xd2eb, 0xd2ec, 0xd2ed, 0xd2ee, 0xd2ef, 0xd2f0, 0xd2f1, 0xd2f2, 0xd2f3, 0xd2f4, 0xd2f5, 0xd2f6, 0xd2f7, 0xd2f8, 0xd2f9, 0xd2fa,
    0xd2fb, 0xd2fc, 0xd2fd, 0xd2fe, 0xd2ff, 0xd300, 0xd301, 0xd302, 0xd303, 0xd304, 0xd305, 0xd306, 0xd307, 0xd308, 0xd309, 0xd30a,
    0xd30b, 0xd30c, 0xd30d, 0xd30e, 0xd30f, 0xd310, 0xd311, 0xd312, 0xd313, 0xd314, 0xd315, 0xd316, 0xd317, 0xd318, 0xd319, 0xd31a,
    0xd31b, 0xd31c, 0xd31d, 0xd31e, 0xd31f, 0xd320, 0xd321, 0xd322, 0xd323, 0xd324, 0xd325, 0xd326, 0xd327, 0xd328, 0xd329, 0xd32a,
    0xd32b, 0xd32c, 0xd32d, 0xd32e, 0xd32f, 0xd330, 0xd331, 0xd332, 0xd333, 0xd334, 0xd335, 0xd336, 0xd337, 0xd338, 0xd339, 0xd33a,
    0xd33b, 0xd33c, 0xd33d, 0xd33e, 0xd33f, 0xd340, 0xd341, 0xd342, 0xd343, 0xd344, 0xd345, 0xd346, 0xd347, 0xd348, 0xd349, 0xd34a,
    0xd34b, 0xd34c, 0xd34d, 0xd34e, 0xd34f, 0xd350, 0xd351, 0xd352, 0xd353, 0xd354, 0xd355, 0xd356, 0xd357, 0xd358, 0xd359, 0xd35a,
    0xd35b, 0xd35c, 0xd35d, 0xd35e, 0xd35f, 0xd360, 0xd361, 0xd362, 0xd363, 0xd364, 0xd365, 0xd366, 0xd367, 0xd368, 0xd369, 0xd36a,
    0xd36b, 0xd36c, 0xd36d, 0xd36e, 0xd36f, 0xd370, 0xd371, 0xd372, 0xd373, 0xd374, 0xd375, 0xd376, 0xd377, 0xd378, 0xd379, 0xd37a,
    0xd37b, 0xd37c, 0xd37d, 0xd37e, 0xd37f, 0xd380, 0xd381, 0xd382, 0xd383, 0xd384, 0xd385, 0xd386, 0xd387, 0xd388, 0xd389, 0xd38a,
    0xd38b, 0xd38c, 0xd38d, 0xd38e, 0xd38f, 0xd390, 0xd391, 0xd392, 0xd393, 0xd394, 0xd395, 0xd396, 0xd397, 0xd398, 0xd399, 0xd39a,
    0xd39b, 0xd39c, 0xd39d, 0xd39e, 0xd39f, 0xd3a0, 0xd3a1, 0xd3a2, 0xd3a3, 0xd3a4, 0xd3a5, 0xd3a6, 0xd3a7, 0xd3a8, 0xd3a9, 0xd3aa,
    0xd3ab, 0xd3ac, 0xd3ad, 0xd3ae, 0xd3af, 0xd3b0, 0xd3b1, 0xd3b2, 0xd3b3, 0xd3b4, 0xd3b5, 0xd3b6, 0xd3b7, 0xd3b8, 0xd3b9, 0xd3ba,
    0xd3bb, 0xd3bc, 0xd3bd, 0xd3be, 0xd3bf, 0xd3c0, 0xd3c1, 0xd3c2, 0xd3c3, 0xd3c4, 0xd3c5, 0xd3c6, 0xd3c7, 0xd3c8, 0xd3c9, 0xd3ca,
    0xd3cb, 0xd3cc, 0xd3cd, 0xd3ce, 0xd3cf, 0xd3d0, 0xd3d1, 0xd3d2, 0xd3d3, 0xd3d4, 0xd3d5, 0xd3d6, 0xd3d7, 0xd3d8, 0xd3d9, 0xd3da,
    0xd3db, 0xd3dc, 0xd3dd, 0xd3de, 0xd3df, 0xd3e0, 0xd3e1, 0xd3e2, 0xd3e3, 0xd3e4, 0xd3e5, 0xd3e6, 0xd3e7, 0xd3e8, 0xd3e9, 0xd3ea,
    0xd3eb, 0xd3ec, 0xd3ed, 0xd3ee, 0xd3ef, 0xd3f0, 0xd3f1, 0xd3f2, 0xd3f3, 0xd3f4, 0xd3f5, 0xd3f6, 0xd3f7, 0xd3f8, 0xd3f9, 0xd3fa,
    0xd3fb, 0xd3fc, 0xd3fd, 0xd3fe, 0xd3ff, 0xd400, 0xd401, 0xd402, 0xd403, 0xd404, 0xd405, 0xd406, 0xd407, 0xd408, 0xd409, 0xd40a,
    0xd40b, 0xd40c, 0xd40d, 0xd40e, 0xd40f, 0xd410, 0xd411, 0xd412, 0xd413, 0xd414, 0xd415, 0xd416, 0xd417, 0xd418, 0xd419, 0xd41a,
    0xd41b, 0xd41c, 0xd41d, 0xd41e, 0xd41f, 0xd420, 0xd421, 0xd422, 0xd423, 0xd424, 0xd425, 0xd426, 0xd427, 0xd428, 0xd429, 0xd42a,
    0xd42b, 0xd42c, 0xd42d, 0xd42e, 0xd42f, 0xd430, 0xd431, 0xd432, 0xd433, 0xd434, 0xd435, 0xd436, 0xd437, 0xd438, 0xd439, 0xd43a,
    0xd43b, 0xd43c, 0xd43d, 0xd43e, 0xd43f, 0xd440, 0xd441, 0xd442, 0xd443, 0xd444, 0xd445, 0xd446, 0xd447, 0xd448, 0xd449, 0xd44a,
    0xd44b, 0xd44c, 0xd44d, 0xd44e, 0xd44f, 0xd450, 0xd451, 0xd452, 0xd453, 0xd454, 0xd455, 0xd456, 0xd457, 0xd458, 0xd459, 0xd45a,
    0xd45b, 0xd45c, 0xd45d, 0xd45e, 0xd45f, 0xd460, 0xd461, 0xd462, 0xd463, 0xd464, 0xd465, 0xd466, 0xd467, 0xd468, 0xd469, 0xd46a,
    0xd46b, 0xd46c, 0xd46d, 0xd46e, 0xd46f, 0xd470, 0xd471, 0xd472, 0xd473, 0xd474, 0xd475, 0xd476, 0xd477, 0xd478, 0xd479, 0xd47a,
    0xd47b, 0xd47c, 0xd47d, 0xd47e, 0xd47f, 0xd480, 0xd481, 0xd482, 0xd483, 0xd484, 0xd485, 0xd486, 0xd487, 0xd488, 0xd489, 0xd48a,
    0xd48b, 0xd48c, 0xd48d, 0xd48e, 0xd48f, 0xd490, 0xd491, 0xd492, 0xd493, 0xd494, 0xd495, 0xd496, 0xd497, 0xd498, 0xd499, 0xd49a,
    0xd49b, 0xd49c, 0xd49d, 0xd49e, 0xd49f, 0xd4a0, 0xd4a1, 0xd4a2, 0xd4a3, 0xd4a4, 0xd4a5, 0xd4a6, 0xd4a7, 0xd4a8, 0xd4a9, 0xd4aa,
    0xd4ab, 0xd4ac, 0xd4ad, 0xd4ae, 0xd4af, 0xd4b0, 0xd4b1, 0xd4b2, 0xd4b3, 0xd4b4, 0xd4b5, 0xd4b6, 0xd4b7, 0xd4b8, 0xd4b9, 0xd4ba,
    0xd4bb, 0xd4bc, 0xd4bd, 0xd4be, 0xd4bf, 0xd4c0, 0xd4c1, 0xd4c2, 0xd4c3, 0xd4c4, 0xd4c5, 0xd4c6, 0xd4c7, 0xd4c8, 0xd4c9, 0xd4ca,
    0xd4cb, 0xd4cc, 0xd4cd, 0xd4ce, 0xd4cf, 0xd4d0, 0xd4d1, 0xd4d2, 0xd4d3, 0xd4d4, 0xd4d5, 0xd4d6, 0xd4d7, 0xd4d8, 0xd4d9, 0xd4da,
    0xd4db, 0xd4dc, 0xd4dd, 0xd4de, 0xd4df, 0xd4e0, 0xd4e1, 0xd4e2, 0xd4e3, 0xd4e4, 0xd4e5, 0xd4e6, 0xd4e7, 0xd4e8, 0xd4e9, 0xd4ea,
    0xd4eb, 0xd4ec, 0xd4ed, 0xd4ee, 0xd4ef, 0xd4f0, 0xd4f1, 0xd4f2, 0xd4f3, 0xd4f4, 0xd4f5, 0xd4f6, 0xd4f7, 0xd4f8, 0xd4f9, 0xd4fa,
    0xd4fb, 0xd4fc, 0xd4fd, 0xd4fe, 0xd4ff, 0xd500, 0xd501, 0xd502, 0xd503, 0xd504, 0xd505, 0xd506, 0xd507, 0xd508, 0xd509, 0xd50a,
    0xd50b, 0xd50c, 0xd50d, 0xd50e, 0xd50f, 0xd510, 0xd511, 0xd512, 0xd513, 0xd514, 0xd515, 0xd516, 0xd517, 0xd518, 0xd519, 0xd51a,
    0xd51b, 0xd51c, 0xd51d, 0xd51e, 0xd51f, 0xd520, 0xd521, 0xd522, 0xd523, 0xd524, 0xd525, 0xd526, 0xd527, 0xd528, 0xd529, 0xd52a,
    0xd52b, 0xd52c, 0xd52d, 0xd52e, 0xd52f, 0xd530, 0xd531, 0xd532, 0xd533, 0xd534, 0xd535, 0xd536, 0xd537, 0xd538, 0xd539, 0xd53a,
    0xd53b, 0xd53c, 0xd53d, 0xd53e, 0xd53f, 0xd540, 0xd541, 0xd542, 0xd543, 0xd544, 0xd545, 0xd546, 0xd547, 0xd548, 0xd549, 0xd54a,
    0xd54b, 0xd54c, 0xd54d, 0xd54e, 0xd54f, 0xd550, 0xd551, 0xd552, 0xd553, 0xd554, 0xd555, 0xd556, 0xd557, 0xd558, 0xd559, 0xd55a,
    0xd55b, 0xd55c, 0xd55d, 0xd55e, 0xd55f, 0xd560, 0xd561, 0xd562, 0xd563, 0xd564, 0xd565, 0xd566, 0xd567, 0xd568, 0xd569, 0xd56a,
    0xd56b, 0xd56c, 0xd56d, 0xd56e, 0xd56f, 0xd570, 0xd571, 0xd572, 0xd573, 0xd574, 0xd575, 0xd576, 0xd577, 0xd578, 0xd579, 0xd57a,
    0xd57b, 0xd57c, 0xd57d, 0xd57e, 0xd57f, 0xd580, 0xd581, 0xd582, 0xd583, 0xd584, 0xd585, 0xd586, 0xd587, 0xd588, 0xd589, 0xd58a,
    0xd58b, 0xd58c, 0xd58d, 0xd58e, 0xd58f, 0xd590, 0xd591, 0xd592, 0xd593, 0xd594, 0xd595, 0xd596, 0xd597, 0xd598, 0xd599, 0xd59a,
    0xd59b, 0xd59c, 0xd59d, 0xd59e, 0xd59f, 0xd5a0, 0xd5a1, 0xd5a2, 0xd5a3, 0xd5a4, 0xd5a5, 0xd5a6, 0xd5a7, 0xd5a8, 0xd5a9, 0xd5aa,
    0xd5ab, 0xd5ac, 0xd5ad, 0xd5ae, 0xd5af, 0xd5b0, 0xd5b1, 0xd5b2, 0xd5b3, 0xd5b4, 0xd5b5, 0xd5b6, 0xd5b7, 0xd5b8, 0xd5b9, 0xd5ba,
    0xd5bb, 0xd5bc, 0xd5bd, 0xd5be, 0xd5bf, 0xd5c0, 0xd5c1, 0xd5c2, 0xd5c3, 0xd5c4, 0xd5c5, 0xd5c6, 0xd5c7, 0xd5c8, 0xd5c9, 0xd5ca,
    0xd5cb, 0xd5cc, 0xd5cd, 0xd5ce, 0xd5cf, 0xd5d0, 0xd5d1, 0xd5d2, 0xd5d3, 0xd5d4, 0xd5d5, 0xd5d6, 0xd5d7, 0xd5d8, 0xd5d9, 0xd5da,
    0xd5db, 0xd5dc, 0xd5dd, 0xd5de, 0xd5df, 0xd5e0, 0xd5e1, 0xd5e2, 0xd5e3, 0xd5e4, 0xd5e5, 0xd5e6, 0xd5e7, 0xd5e8, 0xd5e9, 0xd5ea,
    0xd5eb, 0xd5ec, 0xd5ed, 0xd5ee, 0xd5ef, 0xd5f0, 0xd5f1, 0xd5f2, 0xd5f3, 0xd5f4, 0xd5f5, 0xd5f6, 0xd5f7, 0xd5f8, 0xd5f9, 0xd5fa,
    0xd5fb, 0xd5fc, 0xd5fd, 0xd5fe, 0xd5ff, 0xd600, 0xd601, 0xd602, 0xd603, 0xd604, 0xd605, 0xd606, 0xd607, 0xd608, 0xd609, 0xd60a,
    0xd60b, 0xd60c, 0xd60d, 0xd60e, 0xd60f, 0xd610, 0xd611, 0xd612, 0xd613, 0xd614, 0xd615, 0xd616, 0xd617, 0xd618, 0xd619, 0xd61a,
    0xd61b, 0xd61c, 0xd61d, 0xd61e, 0xd61f, 0xd620, 0xd621, 0xd622, 0xd623, 0xd624, 0xd625, 0xd626, 0xd627, 0xd628, 0xd629, 0xd62a,
    0xd62b, 0xd62c, 0xd62d, 0xd62e, 0xd62f, 0xd630, 0xd631, 0xd632, 0xd633, 0xd634, 0xd635, 0xd636, 0xd637, 0xd638, 0xd639, 0xd63a,
    0xd63b, 0xd63c, 0xd63d, 0xd63e, 0xd63f, 0xd640, 0xd641, 0xd642, 0xd643, 0xd644, 0xd645, 0xd646, 0xd647, 0xd648, 0xd649, 0xd64a,
    0xd64b, 0xd64c, 0xd64d, 0xd64e, 0xd64f, 0xd650, 0xd651, 0xd652, 0xd653, 0xd654, 0xd655, 0xd656, 0xd657, 0xd658, 0xd659, 0xd65a,
    0xd65b, 0xd65c, 0xd65d, 0xd65e, 0xd65f, 0xd660, 0xd661, 0xd662, 0xd663, 0xd664, 0xd665, 0xd666, 0xd667, 0xd668, 0xd669, 0xd66a,
    0xd66b, 0xd66c, 0xd66d, 0xd66e, 0xd66f, 0xd670, 0xd671, 0xd672, 0xd673, 0xd674, 0xd675, 0xd676, 0xd677, 0xd678, 0xd679, 0xd67a,
    0xd67b, 0xd67c, 0xd67d, 0xd67e, 0xd67f, 0xd680, 0xd681, 0xd682, 0xd683, 0xd684, 0xd685, 0xd686, 0xd687, 0xd688, 0xd689, 0xd68a,
    0xd68b, 0xd68c, 0xd68d, 0xd68e, 0xd68f, 0xd690, 0xd691, 0xd692, 0xd693, 0xd694, 0xd695, 0xd696, 0xd697, 0xd698, 0xd699, 0xd69a,
    0xd69b, 0xd69c, 0xd69d, 0xd69e, 0xd69f, 0xd6a0, 0xd6a1, 0xd6a2, 0xd6a3, 0xd6a4, 0xd6a5, 0xd6a6, 0xd6a7, 0xd6a8, 0xd6a9, 0xd6aa,
    0xd6ab, 0xd6ac, 0xd6ad, 0xd6ae, 0xd6af, 0xd6b0, 0xd6b1, 0xd6b2, 0xd6b3, 0xd6b4, 0xd6b5, 0xd6b6, 0xd6b7, 0xd6b8, 0xd6b9, 0xd6ba,
    0xd6bb, 0xd6bc, 0xd6bd, 0xd6be, 0xd6bf, 0xd6c0, 0xd6c1, 0xd6c2, 0xd6c3, 0xd6c4, 0xd6c5, 0xd6c6, 0xd6c7, 0xd6c8, 0xd6c9, 0xd6ca,
    0xd6cb, 0xd6cc, 0xd6cd, 0xd6ce, 0xd6cf, 0xd6d0, 0xd6d1, 0xd6d2, 0xd6d3, 0xd6d4, 0xd6d5, 0xd6d6, 0xd6d7, 0xd6d8, 0xd6d9, 0xd6da,
    0xd6db, 0xd6dc, 0xd6dd, 0xd6de, 0xd6df, 0xd6e0, 0xd6e1, 0xd6e2, 0xd6e3, 0xd6e4, 0xd6e5, 0xd6e6, 0xd6e7, 0xd6e8, 0xd6e9, 0xd6ea,
    0xd6eb, 0xd6ec, 0xd6ed, 0xd6ee, 0xd6ef, 0xd6f0, 0xd6f1, 0xd6f2, 0xd6f3, 0xd6f4, 0xd6f5, 0xd6f6, 0xd6f7, 0xd6f8, 0xd6f9, 0xd6fa,
    0xd6fb, 0xd6fc, 0xd6fd, 0xd6fe, 0xd6ff, 0xd700, 0xd701, 0xd702, 0xd703, 0xd704, 0xd705, 0xd706, 0xd707, 0xd708, 0xd709, 0xd70a,
    0xd70b, 0xd70c, 0xd70d, 0xd70e, 0xd70f, 0xd710, 0xd711, 0xd712, 0xd713, 0xd714, 0xd715, 0xd716, 0xd717, 0xd718, 0xd719, 0xd71a,
    0xd71b, 0xd71c, 0xd71d, 0xd71e, 0xd71f, 0xd720, 0xd721, 0xd722, 0xd723, 0xd724, 0xd725, 0xd726, 0xd727, 0xd728, 0xd729, 0xd72a,
    0xd72b, 0xd72c, 0xd72d, 0xd72e, 0xd72f, 0xd730, 0xd731, 0xd732, 0xd733, 0xd734, 0xd735, 0xd736, 0xd737, 0xd738, 0xd739, 0xd73a,
    0xd73b, 0xd73c, 0xd73d, 0xd73e, 0xd73f, 0xd740, 0xd741, 0xd742, 0xd743, 0xd744, 0xd745, 0xd746, 0xd747, 0xd748, 0xd749, 0xd74a,
    0xd74b, 0xd74c, 0xd74d, 0xd74e, 0xd74f, 0xd750, 0xd751, 0xd752, 0xd753, 0xd754, 0xd755, 0xd756, 0xd757, 0xd758, 0xd759, 0xd75a,
    0xd75b, 0xd75c, 0xd75d, 0xd75e, 0xd75f, 0xd760, 0xd761, 0xd762, 0xd763, 0xd764, 0xd765, 0xd766, 0xd767, 0xd768, 0xd769, 0xd76a,
    0xd76b, 0xd76c, 0xd76d, 0xd76e, 0xd76f, 0xd770, 0xd771, 0xd772, 0xd773, 0xd774, 0xd775, 0xd776, 0xd777, 0xd778, 0xd779, 0xd77a,
    0xd77b, 0xd77c, 0xd77d, 0xd77e, 0xd77f, 0xd780, 0xd781, 0xd782, 0xd783, 0xd784, 0xd785, 0xd786, 0xd787, 0xd788, 0xd789, 0xd78a,
    0xd78b, 0xd78c, 0xd78d, 0xd78e, 0xd78f, 0xd790, 0xd791, 0xd792, 0xd793, 0xd794, 0xd795, 0xd796, 0xd797, 0xd798, 0xd799, 0xd79a,
    0xd79b, 0xd79c, 0xd79d, 0xd79e, 0xd79f, 0xd7a0, 0xd7a1, 0xd7a2, 0xd7a3, 0xf900, 0xf901, 0xf902, 0xf903, 0xf904, 0xf905, 0xf906,
    0xf907, 0xf908, 0xf909, 0xf90a, 0xf90b, 0xf90c, 0xf90d, 0xf90e, 0xf90f, 0xf910, 0xf911, 0xf912, 0xf913, 0xf914, 0xf915, 0xf916,
    0xf917, 0xf918, 0xf919, 0xf91a, 0xf91b, 0xf91c, 0xf91d, 0xf91e, 0xf91f, 0xf920, 0xf921, 0xf922, 0xf923, 0xf924, 0xf925, 0xf926,
    0xf927, 0xf928, 0xf929, 0xf92a, 0xf92b, 0xf92c, 0xf92d, 0xf92e, 0xf92f, 0xf930, 0xf931, 0xf932, 0xf933, 0xf934, 0xf935, 0xf936,
    0xf937, 0xf938, 0xf939, 0xf93a, 0xf93b, 0xf93c, 0xf93d, 0xf93e, 0xf93f, 0xf940, 0xf941, 0xf942, 0xf943, 0xf944, 0xf945, 0xf946,
    0xf947, 0xf948, 0xf949, 0xf94a, 0xf94b, 0xf94c, 0xf94d, 0xf94e, 0xf94f, 0xf950, 0xf951, 0xf952, 0xf953, 0xf954, 0xf955, 0xf956,
    0xf957, 0xf958, 0xf959, 0xf95a, 0xf95b, 0xf95c, 0xf95d, 0xf95e, 0xf95f, 0xf960, 0xf961, 0xf962, 0xf963, 0xf964, 0xf965, 0xf966,
    0xf967, 0xf968, 0xf969, 0xf96a, 0xf96b, 0xf96c, 0xf96d, 0xf96e, 0xf96f, 0xf970, 0xf971, 0xf972, 0xf973, 0xf974, 0xf975, 0xf976,
    0xf977, 0xf978, 0xf979, 0xf97a, 0xf97b, 0xf97c, 0xf97d, 0xf97e, 0xf97f, 0xf980, 0xf981, 0xf982, 0xf983, 0xf984, 0xf985, 0xf986,
    0xf987, 0xf988, 0xf989, 0xf98a, 0xf98b, 0xf98c, 0xf98d, 0xf98e, 0xf98f, 0xf990, 0xf991, 0xf992, 0xf993, 0xf994, 0xf995, 0xf996,
    0xf997, 0xf998, 0xf999, 0xf99a, 0xf99b, 0xf99c, 0xf99d, 0xf99e, 0xf99f, 0xf9a0, 0xf9a1, 0xf9a2, 0xf9a3, 0xf9a4, 0xf9a5, 0xf9a6,
    0xf9a7, 0xf9a8, 0xf9a9, 0xf9aa, 0xf9ab, 0xf9ac, 0xf9ad, 0xf9ae, 0xf9af, 0xf9b0, 0xf9b1, 0xf9b2, 0xf9b3, 0xf9b4, 0xf9b5, 0xf9b6,
    0xf9b7, 0xf9b8, 0xf9b9, 0xf9ba, 0xf9bb, 0xf9bc, 0xf9bd, 0xf9be, 0xf9bf, 0xf9c0, 0xf9c1, 0xf9c2, 0xf9c3, 0xf9c4, 0xf9c5, 0xf9c6,
    0xf9c7, 0xf9c8, 0xf9c9, 0xf9ca, 0xf9cb, 0xf9cc, 0xf9cd, 0xf9ce, 0xf9cf, 0xf9d0, 0xf9d1, 0xf9d2, 0xf9d3, 0xf9d4, 0xf9d5, 0xf9d6,
    0xf9d7, 0xf9d8, 0xf9d9, 0xf9da, 0xf9db, 0xf9dc, 0xf9dd, 0xf9de, 0xf9df, 0xf9e0, 0xf9e1, 0xf9e2, 0xf9e3, 0xf9e4, 0xf9e5, 0xf9e6,
    0xf9e7, 0xf9e8, 0xf9e9, 0xf9ea, 0xf9eb, 0xf9ec, 0xf9ed, 0xf9ee, 0xf9ef, 0xf9f0, 0xf9f1, 0xf9f2, 0xf9f3, 0xf9f4, 0xf9f5, 0xf9f6,
    0xf9f7, 0xf9f8, 0xf9f9, 0xf9fa, 0xf9fb, 0xf9fc, 0xf9fd, 0xf9fe, 0xf9ff, 0xfa00, 0xfa01, 0xfa02, 0xfa03, 0xfa04, 0xfa05, 0xfa06,
    0xfa07, 0xfa08, 0xfa09, 0xfa0a, 0xfa0b, 0xff01, 0xff02, 0xff03, 0xff04, 0xff05, 0xff06, 0xff07, 0xff08, 0xff09, 0xff0a, 0xff0b,
    0xff0c, 0xff0d, 0xff0e, 0xff0f, 0xff10, 0xff11, 0xff12, 0xff13, 0xff14, 0xff15, 0xff16, 0xff17, 0xff18, 0xff19, 0xff1a, 0xff1b,
    0xff1c, 0xff1d, 0xff1e, 0xff1f, 0xff20, 0xff21, 0xff22, 0xff23, 0xff24, 0xff25, 0xff26, 0xff27, 0xff28, 0xff29, 0xff2a, 0xff2b,
    0xff2c, 0xff2d, 0xff2e, 0xff2f, 0xff30, 0xff31, 0xff32, 0xff33, 0xff34, 0xff35, 0xff36, 0xff37, 0xff38, 0xff39, 0xff3a, 0xff3b,
    0xff3c, 0xff3d, 0xff3e, 0xff3f, 0xff40, 0xff41, 0xff42, 0xff43, 0xff44, 0xff45, 0xff46, 0xff47, 0xff48, 0xff49, 0xff4a, 0xff4b,
    0xff4c, 0xff4d, 0xff4e, 0xff4f, 0xff50, 0xff51, 0xff52, 0xff53, 0xff54, 0xff55, 0xff56, 0xff57, 0xff58, 0xff59, 0xff5a, 0xff5b,
    0xff5c, 0xff5d, 0xff5e, 0xffe0, 0xffe1, 0xffe2, 0xffe3, 0xffe5, 0xffe6,
];
pub static ENC_POS: [u16; 17177] = [
    0x0000, 0x0001, 0x0002, 0x0003, 0x0004, 0x0005, 0x0006, 0x0007, 0x0008, 0x0009, 0x000a, 0x000b, 0x000c, 0x000d, 0x000e, 0x000f,
    0x0010, 0x0011, 0x0012, 0x0013, 0x0014, 0x0015, 0x0016, 0x0017, 0x0018, 0x0019, 0x001a, 0x001b, 0x001c, 0x001d, 0x001e, 0x001f,
    0x0020, 0x0021, 0x0022, 0x0023, 0x0024, 0x0025, 0x0026, 0x0027, 0x0028, 0x0029, 0x002a, 0x002b, 0x002c, 0x002d, 0x002e, 0x002f,
    0x0030, 0x0031, 0x0032, 0x0033, 0x0034, 0x0035, 0x0036, 0x0037, 0x0038, 0x0039, 0x003a, 0x003b, 0x003c, 0x003d, 0x003e, 0x003f,
    0x0040, 0x0041, 0x0042, 0x0043, 0x0044, 0x0045, 0x0046, 0x0047, 0x0048, 0x0049, 0x004a, 0x004b, 0x004c, 0x004d, 0x004e, 0x004f,
    0x0050, 0x0051, 0x0052, 0x0053, 0x0054, 0x0055, 0x0056, 0x0057, 0x0058, 0x0059, 0x005a, 0x005b, 0x005d, 0x005e, 0x005f, 0x0060,
    0x0061, 0x0062, 0x0063, 0x0064, 0x0065, 0x0066, 0x0067, 0x0068, 0x0069, 0x006a, 0x006b, 0x006c, 0x006d, 0x006e, 0x006f, 0x0070,
    0x0071, 0x0072, 0x0073, 0x0074, 0x0075, 0x0076, 0x0077, 0x0078, 0x0079, 0x007a, 0x007b, 0x007c, 0x007d, 0x007e, 0x007f, 0x45e3,
    0x45e9, 0x459c, 0x456c, 0x4842, 0x456e, 0x461c, 0x458b, 0x4583, 0x4906, 0x4907, 0x45da, 0x4607, 0x4569, 0x45e1, 0x4905, 0x484b,
    0x4898, 0x4895, 0x4899, 0x45e4, 0x4840, 0x4841, 0x4584, 0x4849, 0x484c, 0x48a9, 0x489e, 0x48a0, 0x4585, 0x48a7, 0x48aa, 0x489f,
    0x4843, 0x48a1, 0x48a2, 0x4845, 0x48a3, 0x48a4, 0x4847, 0x48a5, 0x4848, 0x48a6, 0x48ad, 0x484e, 0x48ac, 0x484a, 0x48a8, 0x484d,
    0x48ab, 0x45dc, 0x45e5, 0x45dd, 0x45e0, 0x45df, 0x45e2, 0x45de, 0x4722, 0x4723, 0x4724, 0x4725, 0x4726, 0x4727, 0x4728, 0x4729,
    0x472a, 0x472b, 0x472c, 0x472d, 0x472e, 0x472f, 0x4730, 0x4731, 0x4732, 0x4733, 0x4734, 0x4735, 0x4736, 0x4737, 0x4738, 0x4739,
    0x4742, 0x4743, 0x4744, 0x4745, 0x4746, 0x4747, 0x4748, 0x4749, 0x474a, 0x474b, 0x474c, 0x474d, 0x474e, 0x474f, 0x4762, 0x4763,
    0x4764, 0x4765, 0x4766, 0x4767, 0x4768, 0x4769, 0x476a, 0x476b, 0x49e2, 0x49dc, 0x49dd, 0x49de, 0x49df, 0x49e0, 0x49e1, 0x49e3,
    0x49e4, 0x49e5, 0x49e6, 0x49e7, 0x49e8, 0x49e9, 0x49ea, 0x49eb, 0x49ec, 0x49ed, 0x49ee, 0x49ef, 0x49f0, 0x49f1, 0x49f2, 0x49f3,
    0x49f4, 0x49f5, 0x49f6, 0x49f7, 0x49f8, 0x49f9, 0x49fa, 0x49fb, 0x49fc, 0x4a0c, 0x4a0d, 0x4a0e, 0x4a0f, 0x4a10, 0x4a11, 0x4a13,
    0x4a14, 0x4a15, 0x4a16, 0x4a17, 0x4a18, 0x4a19, 0x4a1a, 0x4a1b, 0x4a1c, 0x4a1d, 0x4a1e, 0x4a1f, 0x4a20, 0x4a21, 0x4a22, 0x4a23,
    0x4a24, 0x4a25, 0x4a26, 0x4a27, 0x4a28, 0x4a29, 0x4a2a, 0x4a2b, 0x4a2c, 0x4a12, 0x456f, 0x4573, 0x4574, 0x4575, 0x4576, 0x4608,
    0x4609, 0x456a, 0x456b, 0x45eb, 0x458c, 0x458d, 0x459d, 0x4908, 0x4909, 0x490a, 0x490b, 0x490c, 0x490d, 0x005c, 0x461b, 0x458e,
    0x45ea, 0x47d3, 0x4615, 0x461a, 0x4617, 0x4808, 0x458f, 0x4896, 0x4897, 0x489a, 0x489b, 0x489c, 0x489d, 0x4711, 0x4712, 0x4713,
    0x4714, 0x4715, 0x4716, 0x4717, 0x4718, 0x4719, 0x471a, 0x4702, 0x4703, 0x4704, 0x4705, 0x4706, 0x4707, 0x4708, 0x4709, 0x470a,
    0x470b, 0x45ac, 0x45ad, 0x45ab, 0x45ae, 0x45af, 0x460a, 0x460d, 0x460b, 0x460e, 0x460c, 0x45d6, 0x45d7, 0x45d8, 0x4598, 0x45d9,
    0x4599, 0x45cb, 0x45cc, 0x45e8, 0x45e7, 0x45b3, 0x45c7, 0x4589, 0x4595, 0x4570, 0x45d3, 0x45d4, 0x45d2, 0x45d1, 0x45c9, 0x45ca,
    0x45e6, 0x458a, 0x45c8, 0x4572, 0x45c6, 0x459b, 0x4586, 0x459a, 0x4587, 0x4588, 0x45b1, 0x45b2, 0x45cf, 0x45d0, 0x45cd, 0x45ce,
    0x45f6, 0x4596, 0x4597, 0x4886, 0x4887, 0x4888, 0x4889, 0x488a, 0x488b, 0x488c, 0x488d, 0x488e, 0x488f, 0x4890, 0x4891, 0x4892,
    0x4893, 0x4894, 0x48e4, 0x48e5, 0x48e6, 0x48e7, 0x48e8, 0x48e9, 0x48ea, 0x48eb, 0x48fe, 0x48ff, 0x4900, 0x4901, 0x4902, 0x4903,
    0x4904, 0x48ca, 0x48cb, 0x48cc, 0x48cd, 0x48ce, 0x48cf, 0x48d0, 0x48d1, 0x48d2, 0x48d3, 0x48d4, 0x48d5, 0x48d6, 0x48d7, 0x48d8,
    0x48d9, 0x48da, 0x48db, 0x48dc, 0x48dd, 0x48de, 0x48df, 0x48e0, 0x48e1, 0x48e2, 0x48e3, 0x486c, 0x486d, 0x486e, 0x486f, 0x4870,
    0x4871, 0x4872, 0x4873, 0x4874, 0x4875, 0x4876, 0x4877, 0x4878, 0x4879, 0x487a, 0x487b, 0x487c, 0x487d, 0x487e, 0x487f, 0x4880,
    0x4881, 0x4882, 0x4883, 0x4884, 0x4885, 0x4772, 0x477d, 0x4773, 0x477e, 0x4774, 0x4799, 0x4798, 0x477f, 0x4775, 0x4793, 0x4792,
    0x4780, 0x4777, 0x4797, 0x4796, 0x4782, 0x4776, 0x4795, 0x4794, 0x4781, 0x4778, 0x478d, 0x479a, 0x479b, 0x4788, 0x479c, 0x479d,
    0x4783, 0x477a, 0x478f, 0x479e, 0x479f, 0x478a, 0x47a0, 0x47a1, 0x4785, 0x4779, 0x47a2, 0x47a3, 0x4789, 0x478e, 0x47a4, 0x47a5,
    0x4784, 0x477b, 0x47a6, 0x47a7, 0x478b, 0x4790, 0x47a8, 0x47a9, 0x4786, 0x477c, 0x47aa, 0x47ab, 0x478c, 0x47ac, 0x47ad, 0x4791,
    0x47ae, 0x47af, 0x47b0, 0x47b1, 0x47b2, 0x47b3, 0x47b4, 0x47b5, 0x4787, 0x45fb, 0x45a6, 0x45a5, 0x45f8, 0x45fc, 0x45fd, 0x4600,
    0x45ff, 0x45fe, 0x4601, 0x45a8, 0x45a7, 0x45ef, 0x45ee, 0x45aa, 0x45a9, 0x45ed, 0x45ec, 0x45a4, 0x45a3, 0x45f7, 0x45a0, 0x45a2,
    0x45a1, 0x45f9, 0x45fa, 0x459f, 0x459e, 0x4604, 0x4603, 0x4605, 0x4606, 0x4594, 0x4593, 0x45f1, 0x45f2, 0x45f5, 0x45f0, 0x45f3,
    0x45f4, 0x4602, 0x4610, 0x4611, 0x4612, 0x460f, 0x4566, 0x4567, 0x4568, 0x456d, 0x4579, 0x457a, 0x457b, 0x457c, 0x457d, 0x457e,
    0x457f, 0x4580, 0x4581, 0x4582, 0x45b0, 0x4577, 0x4578, 0x490e, 0x490f, 0x4910, 0x4911, 0x4912, 0x4913, 0x4914, 0x4915, 0x4916,
    0x4917, 0x4918, 0x4919, 0x491a, 0x491b, 0x491c, 0x491d, 0x491e, 0x491f, 0x4920, 0x4921, 0x4922, 0x4923, 0x4924, 0x4925, 0x4926,
    0x4927, 0x4928, 0x4929, 0x492a, 0x492b, 0x492c, 0x492d, 0x492e, 0x492f, 0x4930, 0x4931, 0x4932, 0x4933, 0x4934, 0x4935, 0x4936,
    0x4937, 0x4938, 0x4939, 0x493a, 0x493b, 0x493c, 0x493d, 0x493e, 0x493f, 0x4940, 0x4941, 0x4942, 0x4943, 0x4944, 0x4945, 0x4946,
    0x4947, 0x4948, 0x4949, 0x494a, 0x494b, 0x494c, 0x494d, 0x494e, 0x494f, 0x4950, 0x4951, 0x4952, 0x4953, 0x4954, 0x4955, 0x4956,
    0x4957, 0x4958, 0x4959, 0x495a, 0x495b, 0x495c, 0x495d, 0x495e, 0x495f, 0x4960, 0x496c, 0x496d, 0x496e, 0x496f, 0x4970, 0x4971,
    0x4972, 0x4973, 0x4974, 0x4975, 0x4976, 0x4977, 0x4978, 0x4979, 0x497a, 0x497b, 0x497c, 0x497d, 0x497e, 0x497f, 0x4980, 0x4981,
    0x4982, 0x4983, 0x4984, 0x4985, 0x4986, 0x4987, 0x4988, 0x4989, 0x498a, 0x498b, 0x498c, 0x498d, 0x498e, 0x498f, 0x4990, 0x4991,
    0x4992, 0x4993, 0x4994, 0x4995, 0x4996, 0x4997, 0x4998, 0x4999, 0x499a, 0x499b, 0x499c, 0x499d, 0x499e, 0x499f, 0x49a0, 0x49a1,
    0x49a2, 0x49a3, 0x49a4, 0x49a5, 0x49a6, 0x49a7, 0x49a8, 0x49a9, 0x49aa, 0x49ab, 0x49ac, 0x49ad, 0x49ae, 0x49af, 0x49b0, 0x49b1,
    0x49b2, 0x49b3, 0x49b4, 0x49b5, 0x49b6, 0x49b7, 0x49b8, 0x49b9, 0x49cc, 0x49cd, 0x49ce, 0x49cf, 0x49d0, 0x49d1, 0x49d2, 0x49d3,
    0x0448, 0x0780, 0x0113, 0x0ab8, 0x0115, 0x0116, 0x0df0, 0x1128, 0x1460, 0x0119, 0x011a, 0x011b, 0x011c, 0x011d, 0x011e, 0x011f,
    0x1798, 0x1ad0, 0x1e08, 0x0123, 0x2140, 0x2478, 0x27b0, 0x2ae8, 0x2e20, 0x3158, 0x3490, 0x37c8, 0x3b00, 0x3e38, 0x0130, 0x0150,
    0x0170, 0x0190, 0x01b0, 0x01de, 0x01fe, 0x021e, 0x023e, 0x025e, 0x027e, 0x02ac, 0x02cc, 0x02ec, 0x030c, 0x032c, 0x034c, 0x037a,
    0x039a, 0x03ba, 0x03da, 0x46d7, 0x46d8, 0x46d9, 0x46da, 0x46db, 0x46dc, 0x46dd, 0x46de, 0x46df, 0x46e0, 0x46e1, 0x46e2, 0x46e3,
    0x46e4, 0x46e5, 0x46e6, 0x46e7, 0x46e8, 0x46e9, 0x46ea, 0x46eb, 0x46ec, 0x46ed, 0x46ee, 0x46ef, 0x46f0, 0x46f1, 0x46f2, 0x46f3,
    0x46f4, 0x46f5, 0x46f6, 0x46f7, 0x46f8, 0x46f9, 0x46fa, 0x46fb, 0x46fc, 0x46fd, 0x46fe, 0x46ff, 0x4700, 0x4701, 0x48ae, 0x48af,
    0x48b0, 0x48b1, 0x48b2, 0x48b3, 0x48b4, 0x48b5, 0x48b6, 0x48b7, 0x48b8, 0x48b9, 0x48ba, 0x48bb, 0x48bc, 0x48bd, 0x48be, 0x48bf,
    0x48c0, 0x48c1, 0x48c2, 0x48c3, 0x48c4, 0x48c5, 0x48c6, 0x48c7, 0x48c8, 0x48c9, 0x4614, 0x4850, 0x4851, 0x4852, 0x4853, 0x4854,
    0x4855, 0x4856, 0x4857, 0x4858, 0x4859, 0x485a, 0x485b, 0x485c, 0x485d, 0x485e, 0x485f, 0x4860, 0x4861, 0x4862, 0x4863, 0x4864,
    0x4865, 0x4866, 0x4867, 0x4868, 0x4869, 0x486a, 0x486b, 0x461d, 0x4613, 0x47f8, 0x47f9, 0x47fa, 0x47fb, 0x47fc, 0x47e9, 0x47ea,
    0x480b, 0x480c, 0x480d, 0x47e5, 0x47e6, 0x47e7, 0x4803, 0x4804, 0x4805, 0x4806, 0x4807, 0x47d0, 0x47d1, 0x47d2, 0x47d4, 0x47da,
    0x47db, 0x47dc, 0x47dd, 0x47de, 0x47df, 0x47e0, 0x47e1, 0x47e2, 0x47e3, 0x47d6, 0x47d7, 0x47d8, 0x47d9, 0x47ec, 0x47ed, 0x4814,
    0x4815, 0x4816, 0x4817, 0x4810, 0x4811, 0x4812, 0x47ee, 0x47ef, 0x47f0, 0x47f1, 0x47f2, 0x47f3, 0x47f4, 0x47f5, 0x47f6, 0x47f7,
    0x47fd, 0x47fe, 0x47ff, 0x4800, 0x4801, 0x4802, 0x4809, 0x480a, 0x4618, 0x481b, 0x47d5, 0x480f, 0x4830, 0x4616, 0x47eb, 0x481c,
    0x47e4, 0x47e8, 0x4819, 0x481a, 0x480e, 0x4619, 0x4813, 0x481d, 0x4818, 0x58fe, 0x5a1e, 0x5ced, 0x50bb, 0x5960, 0x5395, 0x53a1,
    0x5e14, 0x52ab, 0x5ca1, 0x5b95, 0x52f5, 0x5457, 0x4d0d, 0x5255, 0x5529, 0x5b0a, 0x4c9f, 0x5f34, 0x4eb0, 0x5acc, 0x56ec, 0x4e4b,
    0x4d0e, 0x5b1e, 0x5332, 0x5ee1, 0x5e12, 0x4cd5, 0x552a, 0x5897, 0x4d0f, 0x4bce, 0x55f2, 0x4b48, 0x4f39, 0x5828, 0x5288, 0x5390,
    0x4bc2, 0x4f8c, 0x5042, 0x5645, 0x5333, 0x58b8, 0x57b6, 0x57ee, 0x57df, 0x5ee2, 0x5704, 0x5a1f, 0x4db7, 0x5334, 0x5589, 0x50d5,
    0x5e4a, 0x4ce2, 0x5e5b, 0x565d, 0x5ec4, 0x5e74, 0x4bfd, 0x5a20, 0x4fb2, 0x4eb1, 0x58e6, 0x5584, 0x58e7, 0x5ccc, 0x4d10, 0x4da2,
    0x4b96, 0x5929, 0x592d, 0x5335, 0x5cfd, 0x5961, 0x52ac, 0x53fa, 0x4f3b, 0x5c02, 0x4eea, 0x4ff0, 0x58b9, 0x55c3, 0x5b0b, 0x4bc3,
    0x4b97, 0x5919, 0x4dbb, 0x5e4b, 0x58ba, 0x4db0, 0x5705, 0x4dbc, 0x5276, 0x5230, 0x5fc1, 0x521e, 0x51b8, 0x4ff1, 0x555e, 0x5336,
    0x5337, 0x4b08, 0x59cf, 0x4eb2, 0x599a, 0x5db8, 0x580f, 0x599b, 0x5acd, 0x5ac6, 0x57b7, 0x5e15, 0x5646, 0x58ff, 0x52eb, 0x5947,
    0x5d8e, 0x5607, 0x521f, 0x4b09, 0x4e0e, 0x59d0, 0x5900, 0x5338, 0x555f, 0x4b30, 0x5b68, 0x4fab, 0x5cd1, 0x4cc5, 0x5002, 0x5533,
    0x5ace, 0x5829, 0x506d, 0x5b96, 0x4c8f, 0x58a5, 0x512b, 0x5f9a, 0x5cf0, 0x4fbf, 0x5d9e, 0x4c3c, 0x5c72, 0x558a, 0x5706, 0x5af6,
    0x5a6c, 0x579e, 0x4bfe, 0x5e8c, 0x5485, 0x5081, 0x5266, 0x5339, 0x5eb8, 0x5560, 0x54a4, 0x52ad, 0x4d11, 0x520b, 0x5dec, 0x5289,
    0x563c, 0x5256, 0x4fb3, 0x5bc9, 0x4b98, 0x520a, 0x5173, 0x4efd, 0x5e6f, 0x5f9b, 0x58a6, 0x5bf3, 0x4bff, 0x5b97, 0x5bca, 0x51ee,
    0x5cd2, 0x4d59, 0x5ab5, 0x4bb1, 0x56ed, 0x506e, 0x5d1d, 0x5757, 0x55f3, 0x5634, 0x4b0a, 0x4bdc, 0x5810, 0x5d9f, 0x5e5c, 0x5acf,
    0x5a21, 0x4bc4, 0x5ccb, 0x5a22, 0x57b8, 0x5d69, 0x4cd6, 0x52ae, 0x51ef, 0x4bcf, 0x5384, 0x52f6, 0x5c87, 0x579f, 0x5707, 0x59d1,
    0x5bdf, 0x53a2, 0x4c00, 0x4d92, 0x5c1f, 0x53fb, 0x53a3, 0x4ce3, 0x5277, 0x5fdf, 0x5043, 0x5811, 0x5762, 0x552b, 0x5bbf, 0x4b0b,
    0x523f, 0x533a, 0x58a7, 0x5af7, 0x562f, 0x4c01, 0x4bd2, 0x582a, 0x53a4, 0x5028, 0x57b9, 0x599c, 0x4fc0, 0x4e14, 0x563d, 0x572d,
    0x587a, 0x57f1, 0x5ec5, 0x5cb3, 0x5a6d, 0x5fc9, 0x53fc, 0x4cc6, 0x4d8b, 0x5d45, 0x510e, 0x5d58, 0x558b, 0x4f4c, 0x4db8, 0x5924,
    0x4e4d, 0x59e4, 0x4fb4, 0x582b, 0x5d8b, 0x4c90, 0x506a, 0x5ed8, 0x4c91, 0x5257, 0x4dbd, 0x4d12, 0x59e5, 0x4bf7, 0x4dbe, 0x5644,
    0x5beb, 0x5985, 0x512c, 0x510f, 0x57a0, 0x4cb1, 0x511b, 0x510c, 0x4f3c, 0x55f4, 0x4faf, 0x4fe4, 0x5bef, 0x5af8, 0x4fb5, 0x5a6e,
    0x507b, 0x4f3d, 0x507a, 0x58a1, 0x5fe0, 0x5234, 0x5f4a, 0x4b99, 0x5fca, 0x5c15, 0x5763, 0x5cb0, 0x5e37, 0x4efe, 0x58e8, 0x52d7,
    0x5a0a, 0x56ef, 0x4b31, 0x5174, 0x5ec6, 0x4fe5, 0x5c57, 0x5d82, 0x5251, 0x5082, 0x5385, 0x4cc1, 0x4eff, 0x5a55, 0x549d, 0x4d5a,
    0x5bba, 0x592e, 0x4b25, 0x5c4e, 0x5ce9, 0x5380, 0x4d8c, 0x4f94, 0x59e6, 0x5bf5, 0x52af, 0x4b7e, 0x51a5, 0x5427, 0x592a, 0x59e7,
    0x52b0, 0x5e35, 0x5bcb, 0x5ded, 0x5c58, 0x5f88, 0x4d8d, 0x5240, 0x505c, 0x4bd3, 0x5a56, 0x4bd4, 0x4fd1, 0x4c92, 0x4b0c, 0x4fe6,
    0x4d93, 0x5a6f, 0x4e5c, 0x4bd9, 0x5e6d, 0x4c02, 0x51e3, 0x5cea, 0x57a1, 0x5110, 0x4c03, 0x5078, 0x4f3e, 0x57d6, 0x4b52, 0x515b,
    0x5fa7, 0x552c, 0x5007, 0x512d, 0x5458, 0x59b6, 0x4d94, 0x5fa8, 0x4fc1, 0x4d5b, 0x5948, 0x4d83, 0x4d13, 0x517f, 0x5db9, 0x5fcb,
    0x5dba, 0x5dbb, 0x5278, 0x52f7, 0x5f20, 0x52d6, 0x5534, 0x5962, 0x4cc7, 0x4b78, 0x52f8, 0x5f62, 0x5e08, 0x4eac, 0x4d14, 0x5585,
    0x5c03, 0x5925, 0x552d, 0x5708, 0x5fb6, 0x51b9, 0x50bc, 0x52f9, 0x5ab2, 0x5d1e, 0x5eb9, 0x4e36, 0x51a6, 0x5279, 0x524b, 0x5a12,
    0x4cd2, 0x541a, 0x514f, 0x58e9, 0x5812, 0x4b26, 0x4f8d, 0x4d5c, 0x5b0e, 0x4c04, 0x55e7, 0x55ca, 0x5083, 0x5f9c, 0x57f2, 0x5ccd,
    0x4d63, 0x5e16, 0x56b1, 0x4bb2, 0x5bc0, 0x57ba, 0x5b98, 0x4db1, 0x57bb, 0x51ba, 0x54e1, 0x5cbd, 0x54a5, 0x51bb, 0x56f0, 0x5c7c,
    0x4d15, 0x4c54, 0x4d16, 0x4c55, 0x5b1f, 0x4d74, 0x5460, 0x5d8c, 0x4b0d, 0x5d46, 0x5b69, 0x533b, 0x57bc, 0x533c, 0x5fd3, 0x4b27,
    0x5e43, 0x4e0f, 0x59b7, 0x4f3f, 0x511c, 0x5f9d, 0x5084, 0x5d59, 0x5e75, 0x4d49, 0x509b, 0x5898, 0x5dae, 0x52b1, 0x52d8, 0x5e38,
    0x570a, 0x5fda, 0x5cbe, 0x5175, 0x5f9e, 0x5709, 0x4fc2, 0x5a23, 0x4c56, 0x5d2d, 0x5ad3, 0x5ad2, 0x4c57, 0x5182, 0x4b0e, 0x5561,
    0x5ee3, 0x511d, 0x599d, 0x5dbc, 0x5f21, 0x4d17, 0x52b2, 0x5cfe, 0x592f, 0x5b20, 0x4ce4, 0x5e5d, 0x5e39, 0x58eb, 0x55cb, 0x5dfa,
    0x5f16, 0x5e44, 0x5986, 0x57f3, 0x4b0f, 0x5c59, 0x4c7b, 0x5f8d, 0x5c16, 0x5dbd, 0x5d8f, 0x533d, 0x5b45, 0x5085, 0x4edf, 0x50ce,
    0x582d, 0x5bcc, 0x55b7, 0x5cff, 0x5d1f, 0x53a5, 0x5176, 0x4c3d, 0x4ec9, 0x558c, 0x5e3a, 0x5a57, 0x4baa, 0x53fd, 0x5c17, 0x4f79,
    0x5f9f, 0x5e3b, 0x5c04, 0x5fb7, 0x5f35, 0x5fe1, 0x4b49, 0x5fb2, 0x582e, 0x53a6, 0x4e13, 0x4ce5, 0x4eb3, 0x5fa0, 0x53c3, 0x5b46,
    0x570b, 0x4dbf, 0x5b99, 0x533e, 0x5cd3, 0x54a6, 0x5ad4, 0x5d2e, 0x4b10, 0x4d18, 0x53a7, 0x5461, 0x5a70, 0x5cbf, 0x5535, 0x5e7d,
    0x4dd2, 0x5fe2, 0x52d9, 0x5f8e, 0x566a, 0x5320, 0x5e76, 0x563e, 0x5949, 0x4e44, 0x5fe3, 0x5c73, 0x54a7, 0x533f, 0x5f63, 0x58ec,
    0x4c82, 0x4ff2, 0x4c58, 0x5dbe, 0x5625, 0x4d5d, 0x4d43, 0x5813, 0x57f5, 0x57f4, 0x4f00, 0x4eb4, 0x5d5a, 0x5987, 0x4d75, 0x5b21,
    0x4dd3, 0x5b22, 0x5d83, 0x4d84, 0x51f0, 0x4eca, 0x4b53, 0x5ac7, 0x4bac, 0x5d72, 0x4c83, 0x5d2f, 0x5da9, 0x4eec, 0x4c05, 0x4d19,
    0x5d20, 0x54a8, 0x4eeb, 0x5ec7, 0x5e5e, 0x5890, 0x4d1a, 0x57f6, 0x55de, 0x57a2, 0x5af9, 0x50e1, 0x5445, 0x565f, 0x52b3, 0x5be0,
    0x554f, 0x5b8c, 0x520d, 0x4dd4, 0x4dd5, 0x4d4f, 0x4ee0, 0x4be6, 0x5d63, 0x4b7f, 0x5873, 0x559b, 0x5c29, 0x5267, 0x5a58, 0x566b,
    0x4b54, 0x5764, 0x5635, 0x5268, 0x5963, 0x4f01, 0x4c3e, 0x4cd7, 0x56c6, 0x4b9a, 0x5462, 0x5d3d, 0x4f02, 0x4ee1, 0x5c7d, 0x53c0,
    0x59e8, 0x570c, 0x5fa9, 0x5b47, 0x5bc1, 0x59e9, 0x54e2, 0x4c06, 0x53cd, 0x57a3, 0x5150, 0x5c8a, 0x5b13, 0x5e7e, 0x5171, 0x4f2f,
    0x5d00, 0x52da, 0x570d, 0x5964, 0x4b32, 0x5241, 0x572e, 0x4eb5, 0x5faa, 0x5e22, 0x55bf, 0x5ee4, 0x504f, 0x4cc8, 0x4cd8, 0x5021,
    0x560a, 0x5340, 0x591a, 0x5965, 0x5901, 0x5ee5, 0x53ce, 0x54a9, 0x5e17, 0x4dd6, 0x53eb, 0x575b, 0x54e3, 0x4eae, 0x55f5, 0x514c,
    0x4eed, 0x5c05, 0x5d47, 0x52b4, 0x5765, 0x55c4, 0x5576, 0x58bd, 0x5eba, 0x563f, 0x4dd7, 0x4e4e, 0x528a, 0x4d76, 0x5ad5, 0x5f36,
    0x4c3f, 0x52db, 0x5e88, 0x5d6a, 0x5e5f, 0x59ea, 0x5341, 0x570e, 0x5d37, 0x587b, 0x5966, 0x53ec, 0x52dc, 0x4e52, 0x4e5e, 0x4b33,
    0x5ee6, 0x564a, 0x52fa, 0x50d6, 0x591b, 0x4dd8, 0x5766, 0x4da3, 0x5151, 0x5d01, 0x51f1, 0x5d6b, 0x50e2, 0x5bf0, 0x5c2a, 0x5a24,
    0x512e, 0x5930, 0x5536, 0x599e, 0x4c59, 0x5446, 0x5814, 0x591c, 0x5767, 0x4b80, 0x5ad0, 0x4b34, 0x58be, 0x5b6a, 0x5fe4, 0x5e4c,
    0x566c, 0x58ed, 0x5931, 0x5815, 0x5758, 0x5342, 0x4e45, 0x570f, 0x4e17, 0x566d, 0x5562, 0x558d, 0x50bd, 0x5cc0, 0x5bcd, 0x5050,
    0x5d73, 0x573f, 0x5f0d, 0x52fb, 0x52b5, 0x50e3, 0x5183, 0x57f7, 0x5537, 0x4b11, 0x54aa, 0x57f8, 0x5b6b, 0x5ea5, 0x59b8, 0x5e4d,
    0x4e8b, 0x5f22, 0x5fe5, 0x53fe, 0x4ce6, 0x5daf, 0x5321, 0x53a8, 0x560b, 0x5932, 0x5ea1, 0x4c93, 0x592b, 0x5933, 0x5a9e, 0x52b6,
    0x5934, 0x5f8f, 0x50f4, 0x4c40, 0x4c5a, 0x5e60, 0x548e, 0x54e4, 0x5954, 0x52b7, 0x5e23, 0x582f, 0x563a, 0x4efa, 0x57bd, 0x54ab,
    0x55a9, 0x5495, 0x5740, 0x4cde, 0x527a, 0x5d40, 0x5f8a, 0x5ab6, 0x4cb2, 0x5ad6, 0x5a25, 0x5741, 0x58a8, 0x4bab, 0x53ff, 0x5577,
    0x5830, 0x5f37, 0x5447, 0x4d53, 0x5988, 0x5e61, 0x566e, 0x5463, 0x4b12, 0x5563, 0x57a4, 0x54e5, 0x5be1, 0x59b9, 0x57f9, 0x4dd9,
    0x58ee, 0x51a2, 0x4d1b, 0x52b8, 0x50e4, 0x5e27, 0x57be, 0x5550, 0x4e5b, 0x50b5, 0x5bbb, 0x4ca0, 0x5cf1, 0x5710, 0x577a, 0x5578,
    0x4e5a, 0x5be2, 0x557a, 0x5343, 0x4cb3, 0x5044, 0x5afa, 0x5c7e, 0x5269, 0x5c78, 0x5344, 0x528b, 0x5345, 0x5967, 0x59eb, 0x5816,
    0x5a9f, 0x557b, 0x4eee, 0x4f03, 0x5464, 0x5465, 0x5c20, 0x53a9, 0x57bf, 0x51f2, 0x5cc1, 0x5538, 0x587c, 0x5bf6, 0x4c5b, 0x4eaa,
    0x5184, 0x4e82, 0x4d44, 0x4bb3, 0x4c41, 0x4d50, 0x5722, 0x553a, 0x5539, 0x541b, 0x59ec, 0x5258, 0x4f04, 0x5051, 0x5cd0, 0x5086,
    0x5486, 0x4f57, 0x5386, 0x5fd4, 0x4dda, 0x5959, 0x4b81, 0x55b8, 0x54ac, 0x4b79, 0x4eef, 0x559c, 0x5ee7, 0x5195, 0x55aa, 0x4ff4,
    0x5a13, 0x54ad, 0x5cd4, 0x53aa, 0x558e, 0x528c, 0x528d, 0x5e8d, 0x4f05, 0x5afb, 0x5ebb, 0x551e, 0x4fac, 0x4ddb, 0x4c84, 0x5c88,
    0x55df, 0x4b82, 0x506f, 0x551f, 0x52ef, 0x5185, 0x4b55, 0x4f96, 0x5520, 0x575c, 0x5b9a, 0x4d1c, 0x4f06, 0x4f70, 0x4ce7, 0x577d,
    0x5642, 0x56c9, 0x4ff5, 0x53cf, 0x559d, 0x575d, 0x50be, 0x55b9, 0x5c06, 0x5ad7, 0x54ed, 0x5466, 0x4c94, 0x5ac8, 0x4ce8, 0x4bb4,
    0x515c, 0x5b9b, 0x4ddc, 0x58c0, 0x5346, 0x5d74, 0x5e4e, 0x548f, 0x4bc5, 0x553b, 0x5dbf, 0x5235, 0x5fe6, 0x5d41, 0x5c2b, 0x5b6c,
    0x5220, 0x5a59, 0x54ae, 0x5347, 0x53ed, 0x5968, 0x4ef0, 0x53ab, 0x512f, 0x5fa1, 0x5a26, 0x559e, 0x5dd4, 0x51f3, 0x5f4b, 0x50b6,
    0x5cd5, 0x5226, 0x4ee2, 0x5db0, 0x4b35, 0x5daa, 0x4e53, 0x5259, 0x5e70, 0x4b36, 0x5f38, 0x5831, 0x5832, 0x4ddd, 0x5969, 0x52fc,
    0x53ac, 0x53d0, 0x599f, 0x5a14, 0x4c07, 0x52b9, 0x53ad, 0x4f07, 0x5ac9, 0x4c5c, 0x5a27, 0x55ba, 0x53d1, 0x4b83, 0x57a5, 0x5833,
    0x53ae, 0x5e18, 0x4fea, 0x4fa3, 0x4d1d, 0x4cac, 0x5045, 0x5ad8, 0x59ed, 0x5152, 0x5bce, 0x5db1, 0x4cc9, 0x4fc3, 0x5c33, 0x5670,
    0x5a28, 0x4bc6, 0x5f64, 0x524c, 0x5022, 0x5db2, 0x5551, 0x553c, 0x4d54, 0x5a71, 0x58ef, 0x52ec, 0x5f17, 0x58c1, 0x5a5a, 0x5e8e,
    0x5ee8, 0x4e5f, 0x55fd, 0x596a, 0x4b84, 0x5e09, 0x5d30, 0x4b85, 0x5186, 0x50bf, 0x4eb6, 0x5ed9, 0x5fb9, 0x58c2, 0x5ec8, 0x5636,
    0x57d7, 0x5be3, 0x5dee, 0x5a72, 0x5322, 0x5d99, 0x5bcf, 0x56ca, 0x51f4, 0x5660, 0x5e01, 0x52ed, 0x5752, 0x5a29, 0x4ef1, 0x54ee,
    0x5f65, 0x5073, 0x5fa2, 0x53d2, 0x4c08, 0x4f08, 0x4f6f, 0x520e, 0x5348, 0x5ab7, 0x4fad, 0x5626, 0x5f4c, 0x527b, 0x54ef, 0x5187,
    0x5b92, 0x4efb, 0x5c18, 0x5fba, 0x557c, 0x5e0a, 0x4dde, 0x58f0, 0x5c79, 0x5b23, 0x50d7, 0x50d8, 0x5cb4, 0x5cfc, 0x4e56, 0x5f13,
    0x52dd, 0x55c5, 0x4e60, 0x5dc0, 0x4ff6, 0x5349, 0x5d48, 0x58c3, 0x4db2, 0x5448, 0x57fa, 0x4cd9, 0x4bda, 0x591d, 0x54f0, 0x553d,
    0x5f4d, 0x4c95, 0x5e4f, 0x53d3, 0x560c, 0x4cc2, 0x5f66, 0x5935, 0x5fc6, 0x5cd6, 0x5e28, 0x5891, 0x4b28, 0x4e57, 0x4c96, 0x5552,
    0x5fdb, 0x5698, 0x5579, 0x5a5b, 0x5e29, 0x5f67, 0x5d90, 0x5496, 0x59ee, 0x5711, 0x5834, 0x5f39, 0x5c7f, 0x5087, 0x5ab8, 0x52fd,
    0x4efc, 0x5cb9, 0x5196, 0x4c42, 0x4f09, 0x5bf1, 0x5a2a, 0x4f30, 0x5f0a, 0x5f14, 0x53ee, 0x5835, 0x5eda, 0x559f, 0x5d02, 0x4e7c,
    0x53af, 0x5f4e, 0x55f6, 0x5449, 0x5cce, 0x54af, 0x4bc7, 0x5848, 0x5849, 0x5197, 0x5d9d, 0x58a9, 0x55a0, 0x57c0, 0x55e0, 0x4b68,
    0x4cda, 0x5f4f, 0x5bd0, 0x4b9b, 0x5564, 0x4b9c, 0x57fb, 0x57a6, 0x5074, 0x5892, 0x5936, 0x4bf8, 0x5d49, 0x5f50, 0x5def, 0x5130,
    0x5bc2, 0x5bc3, 0x5d6f, 0x5d5c, 0x50c0, 0x4cb4, 0x4b29, 0x5edb, 0x4b9d, 0x5ab9, 0x4fc4, 0x5817, 0x4c09, 0x4b86, 0x5bf7, 0x5798,
    0x5c80, 0x57c1, 0x52fe, 0x5b14, 0x4fd8, 0x532e, 0x5c5a, 0x5fe8, 0x5fe7, 0x5d31, 0x52de, 0x4f40, 0x4bdd, 0x5198, 0x4c0a, 0x515d,
    0x5e81, 0x5630, 0x4ecb, 0x4b69, 0x4d95, 0x4b37, 0x5e62, 0x58a2, 0x5713, 0x515e, 0x4e18, 0x5b93, 0x4f7a, 0x5f68, 0x5e8f, 0x5bc4,
    0x4d1e, 0x58aa, 0x4fd9, 0x4ee3, 0x4ca1, 0x515f, 0x551a, 0x54b0, 0x588b, 0x544a, 0x558f, 0x4c43, 0x5f0b, 0x5bf8, 0x4d8e, 0x4b6a,
    0x5a0b, 0x506b, 0x59ef, 0x5fe9, 0x4ef2, 0x5ee9, 0x4fc5, 0x51f5, 0x5467, 0x5da0, 0x5400, 0x5eea, 0x52ff, 0x54b1, 0x5989, 0x5d03,
    0x5d22, 0x52df, 0x4db3, 0x52bb, 0x5300, 0x55e8, 0x552e, 0x4ddf, 0x5c5b, 0x4bf1, 0x5d75, 0x5631, 0x53d4, 0x5d6c, 0x5e50, 0x5a0c,
    0x5dc1, 0x5e02, 0x5dc2, 0x59a0, 0x50cf, 0x55c0, 0x5c8b, 0x52ee, 0x5160, 0x4e58, 0x4fa0, 0x51bc, 0x51a7, 0x4e1a, 0x4cdb, 0x4bb5,
    0x5bf9, 0x51e4, 0x5d04, 0x577e, 0x4d1f, 0x5ab3, 0x5c5c, 0x520f, 0x4cc3, 0x5553, 0x4e10, 0x5b16, 0x4c97, 0x4d5e, 0x4c5d, 0x5525,
    0x4e1b, 0x5b24, 0x5b25, 0x55ab, 0x4f0a, 0x5aca, 0x5b48, 0x5a2b, 0x5674, 0x50c1, 0x5ebc, 0x5ba4, 0x5d8d, 0x4e34, 0x5673, 0x5dc3,
    0x528e, 0x534a, 0x4bb6, 0x4d5f, 0x5c2c, 0x4e35, 0x4e59, 0x53d5, 0x5468, 0x54b2, 0x4f0b, 0x596b, 0x5210, 0x55e9, 0x4d51, 0x4cd3,
    0x4fb0, 0x5be4, 0x5d39, 0x5a1b, 0x4c98, 0x5c8c, 0x5640, 0x5a73, 0x4b38, 0x584a, 0x4d77, 0x5153, 0x5a5c, 0x589e, 0x560d, 0x5f3a,
    0x55a1, 0x4bde, 0x5fbb, 0x57fc, 0x55f7, 0x539d, 0x5490, 0x51a8, 0x5469, 0x577f, 0x4f0c, 0x54b3, 0x5b49, 0x51bd, 0x5d3e, 0x5fc2,
    0x5ba5, 0x59ba, 0x5c81, 0x50ad, 0x5b26, 0x5131, 0x5132, 0x5a1c, 0x5009, 0x5d56, 0x5391, 0x5780, 0x4e54, 0x4ee4, 0x5c19, 0x51e5,
    0x5161, 0x5d76, 0x5c86, 0x5bab, 0x51a9, 0x4ec4, 0x572f, 0x500a, 0x5c07, 0x5d54, 0x4bdf, 0x5a74, 0x4c0b, 0x4da4, 0x4ecc, 0x5242,
    0x4bb7, 0x4ef3, 0x5d24, 0x4f97, 0x5bbc, 0x4bb8, 0x58ab, 0x5bfa, 0x5f2f, 0x5d77, 0x5781, 0x51be, 0x5d57, 0x560e, 0x542f, 0x4fda,
    0x4ce9, 0x5f30, 0x4f98, 0x5b27, 0x54b4, 0x4c5e, 0x584b, 0x4b9e, 0x4c99, 0x51f6, 0x5a2c, 0x4c5f, 0x5f90, 0x53d6, 0x4cea, 0x5199,
    0x4d20, 0x5714, 0x5d91, 0x5bd1, 0x4b6b, 0x5387, 0x4f31, 0x4c0c, 0x560f, 0x4c60, 0x5a2d, 0x59bb, 0x52bc, 0x54b5, 0x5401, 0x4feb,
    0x5db3, 0x5f91, 0x5177, 0x5323, 0x5301, 0x51bf, 0x4f4d, 0x5046, 0x4c7c, 0x534b, 0x5b89, 0x55b3, 0x4d96, 0x5bfb, 0x52bd, 0x594a,
    0x5bc5, 0x534c, 0x5565, 0x4eb7, 0x51f7, 0x5627, 0x553e, 0x51f8, 0x4fc6, 0x5402, 0x5a2e, 0x5a9a, 0x505d, 0x4de0, 0x5162, 0x4de1,
    0x5902, 0x4eb8, 0x5b28, 0x5a75, 0x54f1, 0x57d8, 0x5e2a, 0x57c2, 0x5753, 0x519a, 0x519b, 0x4f32, 0x5715, 0x4c85, 0x552f, 0x51f9,
    0x5eeb, 0x5bd2, 0x511e, 0x5f0e, 0x52e0, 0x4da5, 0x5661, 0x53ef, 0x5fcf, 0x525a, 0x544b, 0x56cc, 0x5cad, 0x50e5, 0x594b, 0x546a,
    0x553f, 0x5e19, 0x57d9, 0x5154, 0x5bd3, 0x525b, 0x55c6, 0x5a76, 0x5540, 0x5f51, 0x5f52, 0x5b4a, 0x5b4b, 0x55ac, 0x5afc, 0x5e90,
    0x5ad9, 0x5fea, 0x544c, 0x5716, 0x5f3c, 0x5f69, 0x5eec, 0x5566, 0x50c2, 0x5d25, 0x526a, 0x4c0d, 0x53f0, 0x5c34, 0x5a2f, 0x4d6f,
    0x5a30, 0x5b29, 0x5fb3, 0x4b13, 0x5fb0, 0x5fbc, 0x56cd, 0x5818, 0x53d7, 0x4e2d, 0x55bb, 0x5610, 0x511f, 0x4c61, 0x5bd4, 0x595a,
    0x5133, 0x596c, 0x5edc, 0x5dd5, 0x5428, 0x4c0e, 0x4f33, 0x56c0, 0x4fd2, 0x4ecd, 0x5f92, 0x55e1, 0x53d8, 0x5783, 0x5dd6, 0x4cca,
    0x5feb, 0x5751, 0x4c7d, 0x56f1, 0x4c0f, 0x4b4a, 0x53d9, 0x5a78, 0x5a77, 0x50c3, 0x5b15, 0x5c4f, 0x5c89, 0x5f6a, 0x580c, 0x584c,
    0x52f0, 0x527c, 0x5382, 0x5b8a, 0x4fa4, 0x50d9, 0x5a79, 0x4de2, 0x4de3, 0x514d, 0x5023, 0x5143, 0x5188, 0x50d0, 0x5287, 0x5bbd,
    0x5cb1, 0x5ada, 0x51aa, 0x5d05, 0x4d68, 0x5fa3, 0x4b39, 0x5397, 0x5088, 0x5e71, 0x598a, 0x5c7a, 0x5df0, 0x596d, 0x4f4e, 0x4de4,
    0x5487, 0x5e51, 0x5211, 0x4bd0, 0x4f41, 0x5155, 0x59a1, 0x5d78, 0x4e8d, 0x5497, 0x5d84, 0x5302, 0x5754, 0x51fa, 0x4e38, 0x53f1,
    0x4f4f, 0x5cf2, 0x50a4, 0x50e6, 0x4ca2, 0x5b2a, 0x4c62, 0x5dab, 0x5b2b, 0x4b14, 0x4b15, 0x4d21, 0x5541, 0x525c, 0x5221, 0x5134,
    0x4b6c, 0x5cee, 0x56b5, 0x584e, 0x584f, 0x5d26, 0x4d22, 0x4b3a, 0x4b16, 0x4e4f, 0x5adb, 0x505e, 0x5542, 0x5bec, 0x534d, 0x534e,
    0x5a31, 0x54f2, 0x59f0, 0x53da, 0x5075, 0x4ceb, 0x5222, 0x5adc, 0x57da, 0x5e6e, 0x4d97, 0x4be0, 0x598b, 0x4bd1, 0x5e52, 0x4c44,
    0x4f0d, 0x55ad, 0x5b6d, 0x4f42, 0x53b0, 0x5f3d, 0x4e11, 0x5b4c, 0x5d5d, 0x4b3b, 0x4fb6, 0x50e7, 0x4c7e, 0x598c, 0x5cd7, 0x4c10,
    0x5a7a, 0x5f93, 0x5742, 0x5c5d, 0x5717, 0x5089, 0x534f, 0x5a5d, 0x4c45, 0x4c86, 0x546b, 0x5236, 0x5189, 0x4de6, 0x525d, 0x5111,
    0x4de5, 0x4c87, 0x528f, 0x5aba, 0x5a7b, 0x4d8f, 0x52f1, 0x4f43, 0x4ee5, 0x5955, 0x4c46, 0x5398, 0x53db, 0x4f0e, 0x4cb5, 0x5743,
    0x58ac, 0x5554, 0x5c8d, 0x5c5e, 0x5120, 0x55f8, 0x5676, 0x5cae, 0x5612, 0x5dfc, 0x541c, 0x5d06, 0x4bc8, 0x5163, 0x5c5f, 0x507c,
    0x4e39, 0x5851, 0x5852, 0x518a, 0x5a32, 0x5b10, 0x5643, 0x59a2, 0x54f3, 0x4d90, 0x5e63, 0x5c8e, 0x56ce, 0x57a7, 0x5b4d, 0x51fb,
    0x5f53, 0x5303, 0x56cf, 0x505f, 0x5d3f, 0x4c63, 0x51c0, 0x4d23, 0x5d64, 0x5bd5, 0x4cdc, 0x4cad, 0x4b9f, 0x4d78, 0x5a7c, 0x4d98,
    0x55a2, 0x5227, 0x4fb7, 0x5052, 0x59a3, 0x5df1, 0x5c8f, 0x596e, 0x5135, 0x5613, 0x5c60, 0x51ab, 0x54b6, 0x5f23, 0x5afd, 0x4b6d,
    0x5785, 0x4cec, 0x57e1, 0x54f4, 0x4d8a, 0x4f71, 0x4de7, 0x53b1, 0x5f8b, 0x4eb9, 0x4be1, 0x5a33, 0x5632, 0x4da6, 0x5243, 0x5f6b,
    0x4bd5, 0x596f, 0x5324, 0x5e3c, 0x4f0f, 0x4d69, 0x500b, 0x4fc7, 0x5b0f, 0x5e82, 0x55ee, 0x4f8e, 0x4d60, 0x5970, 0x4f8f, 0x4f99,
    0x5fd7, 0x5b9c, 0x5fd0, 0x5799, 0x4de8, 0x5fd8, 0x4cb6, 0x5fd9, 0x5e85, 0x4b17, 0x5d32, 0x4d24, 0x564d, 0x5f3b, 0x5b2c, 0x5a34,
    0x5b9d, 0x526b, 0x5164, 0x5759, 0x5459, 0x4fd3, 0x4d70, 0x5350, 0x514a, 0x55c7, 0x5b4e, 0x5d4a, 0x54f5, 0x54b7, 0x5555, 0x5956,
    0x57e2, 0x4fec, 0x5325, 0x5429, 0x4eba, 0x5893, 0x5392, 0x4b2a, 0x59f1, 0x5fb8, 0x58ad, 0x4d25, 0x5165, 0x5136, 0x50e8, 0x4f25,
    0x5875, 0x5304, 0x5305, 0x5306, 0x5307, 0x5137, 0x5eed, 0x4d26, 0x59f2, 0x5588, 0x519c, 0x50f5, 0x4de9, 0x54b8, 0x532f, 0x56d0,
    0x5237, 0x5a35, 0x5b11, 0x4d27, 0x5238, 0x53f2, 0x5388, 0x5e2b, 0x5718, 0x564e, 0x5f18, 0x4b87, 0x5b2d, 0x4c8c, 0x5755, 0x56f2,
    0x5d4b, 0x4db4, 0x5178, 0x4bf2, 0x4dea, 0x52e1, 0x557d, 0x4deb, 0x5723, 0x57fd, 0x5e53, 0x5677, 0x5cf3, 0x4f34, 0x5144, 0x514b,
    0x4eda, 0x5112, 0x5180, 0x5cb5, 0x5351, 0x5b2e, 0x5d92, 0x50d1, 0x59a4, 0x5e1a, 0x5308, 0x5853, 0x5cd8, 0x546c, 0x4c64, 0x5c21,
    0x5678, 0x5f54, 0x5ec9, 0x541d, 0x5c08, 0x51ac, 0x5e0b, 0x5f19, 0x523d, 0x5352, 0x5239, 0x5dc5, 0x5d79, 0x589f, 0x4eab, 0x5add,
    0x5e91, 0x51c1, 0x519d, 0x5d4c, 0x56d1, 0x5614, 0x4fe7, 0x526c, 0x545a, 0x54b9, 0x4f83, 0x4f44, 0x5b4f, 0x5854, 0x541e, 0x5f1a,
    0x5ade, 0x54f6, 0x5fcc, 0x4ccb, 0x57fe, 0x5f45, 0x5fdc, 0x5d7a, 0x5060, 0x5a0d, 0x5afe, 0x5326, 0x5744, 0x5dc6, 0x5eee, 0x4fa5,
    0x508a, 0x52be, 0x579a, 0x5e64, 0x5cf4, 0x5ebd, 0x5d93, 0x5699, 0x4c11, 0x546d, 0x5442, 0x57a8, 0x5f94, 0x5679, 0x5488, 0x567a,
    0x5c50, 0x55e2, 0x55ea, 0x5e3d, 0x5a36, 0x4d61, 0x5cd9, 0x53f3, 0x5f95, 0x4dec, 0x50a5, 0x5eef, 0x54e6, 0x4f10, 0x5abb, 0x5053,
    0x5498, 0x4ece, 0x5a37, 0x5070, 0x5899, 0x5f6c, 0x557f, 0x54f7, 0x567b, 0x5f0f, 0x5c35, 0x5641, 0x5c09, 0x5c22, 0x5399, 0x5f3e,
    0x59a5, 0x4b6e, 0x5a38, 0x4bb9, 0x4f11, 0x5353, 0x51e6, 0x55a3, 0x5737, 0x541f, 0x5ccf, 0x5819, 0x5e54, 0x5403, 0x4b4b, 0x56d2,
    0x5856, 0x5156, 0x518b, 0x598d, 0x5f10, 0x5212, 0x518c, 0x5adf, 0x4ebb, 0x5ef0, 0x53b2, 0x4ecf, 0x5556, 0x5a39, 0x5f55, 0x57a9,
    0x5c90, 0x58f1, 0x5d42, 0x57ff, 0x4e3a, 0x526d, 0x5800, 0x5aff, 0x5061, 0x4d28, 0x5121, 0x5903, 0x52bf, 0x4c47, 0x5727, 0x546e,
    0x5b50, 0x57aa, 0x4ead, 0x51fc, 0x5bd6, 0x5119, 0x5f56, 0x5937, 0x5bfc, 0x5eca, 0x5f46, 0x598e, 0x4f12, 0x5c51, 0x59bc, 0x5ef1,
    0x4c88, 0x50c4, 0x5628, 0x5df2, 0x5cef, 0x5054, 0x4ba0, 0x567c, 0x5a7d, 0x50b7, 0x5e2c, 0x4fdb, 0x50c5, 0x5b2f, 0x54ba, 0x5bd7,
    0x5a15, 0x5971, 0x56d3, 0x51e7, 0x4bf3, 0x5b8d, 0x51c2, 0x54e7, 0x595b, 0x500c, 0x53f4, 0x5f57, 0x587f, 0x4ed0, 0x5a7e, 0x4d6a,
    0x5957, 0x4f45, 0x526e, 0x509c, 0x539e, 0x5b94, 0x5c1a, 0x5ae0, 0x5d9a, 0x57e3, 0x5ef2, 0x4b3c, 0x5e2d, 0x5d55, 0x5003, 0x5f6d,
    0x5bac, 0x59f3, 0x5719, 0x4ed1, 0x4ec5, 0x4be2, 0x5d27, 0x4fed, 0x4e77, 0x56f3, 0x5524, 0x56d4, 0x5a5e, 0x5ef3, 0x5858, 0x4f13,
    0x5ef4, 0x4f9a, 0x5b00, 0x5d28, 0x5327, 0x4fc8, 0x5615, 0x5ecb, 0x4f26, 0x5354, 0x5580, 0x5062, 0x5dd7, 0x5328, 0x500d, 0x5e2e,
    0x56d5, 0x588c, 0x4fd4, 0x5a3a, 0x546f, 0x5e65, 0x5024, 0x5029, 0x56d6, 0x58e0, 0x4f90, 0x4cb7, 0x5ecc, 0x549f, 0x5d33, 0x5ef5,
    0x50c6, 0x5f24, 0x5f6e, 0x4d29, 0x594c, 0x598f, 0x4c12, 0x5cc2, 0x56b7, 0x5c61, 0x5fd1, 0x5938, 0x4ccc, 0x5a3b, 0x5470, 0x5e92,
    0x4bba, 0x5d34, 0x5ecd, 0x525e, 0x5ae1, 0x594d, 0x5a16, 0x4fe8, 0x5fc3, 0x571a, 0x5f1b, 0x4f84, 0x5b17, 0x567e, 0x4c13, 0x5d9b,
    0x5290, 0x5fab, 0x5637, 0x5b01, 0x5213, 0x52e2, 0x4f35, 0x5166, 0x5c62, 0x56b8, 0x567f, 0x5fbd, 0x4fdc, 0x5fb4, 0x5f58, 0x59f4,
    0x56d7, 0x4e2f, 0x5680, 0x57db, 0x5393, 0x50e9, 0x5f3f, 0x5fa4, 0x5a7f, 0x5228, 0x5616, 0x5939, 0x5404, 0x5557, 0x57e4, 0x57ef,
    0x5fac, 0x5ece, 0x57ab, 0x5fec, 0x54e8, 0x5291, 0x571b, 0x56ad, 0x5fed, 0x5fee, 0x5cda, 0x56c2, 0x5682, 0x4f72, 0x4f36, 0x5047,
    0x509d, 0x5471, 0x5229, 0x5683, 0x56d8, 0x5a80, 0x5bad, 0x54bb, 0x5c74, 0x5443, 0x5fad, 0x5567, 0x4f14, 0x5787, 0x5e89, 0x5dea,
    0x500e, 0x4f91, 0x5a81, 0x5d7b, 0x5996, 0x5801, 0x581a, 0x594e, 0x52c0, 0x55f9, 0x5f96, 0x53b3, 0x58c8, 0x53b4, 0x5972, 0x5da1,
    0x5d85, 0x5d94, 0x5c2d, 0x4f27, 0x5590, 0x57c3, 0x5329, 0x5138, 0x5139, 0x503c, 0x5145, 0x5181, 0x53c8, 0x5d70, 0x4be7, 0x53dc,
    0x508b, 0x4f28, 0x5fef, 0x4be8, 0x523a, 0x53b5, 0x4ccd, 0x59bd, 0x55c1, 0x5ef6, 0x4d2a, 0x59a6, 0x4ced, 0x54bc, 0x508c, 0x5ebe,
    0x4fa6, 0x5d95, 0x56f4, 0x5bd8, 0x50f6, 0x5543, 0x5ab4, 0x575e, 0x544d, 0x59a7, 0x5157, 0x5859, 0x585a, 0x5f47, 0x5802, 0x5724,
    0x5355, 0x5974, 0x571c, 0x4d64, 0x4f29, 0x5f6f, 0x56d9, 0x5f89, 0x4fef, 0x54bd, 0x4ec6, 0x5e83, 0x5e93, 0x593a, 0x5494, 0x5725,
    0x5756, 0x5a3c, 0x5c0a, 0x4d2b, 0x57c4, 0x4ded, 0x519e, 0x5880, 0x5745, 0x532a, 0x4ff7, 0x4ef4, 0x5e94, 0x51ad, 0x4b18, 0x519f,
    0x5389, 0x5e0c, 0x5b51, 0x4b2b, 0x4cce, 0x4c9a, 0x5fa5, 0x4f85, 0x5ae2, 0x54f8, 0x526f, 0x58c9, 0x5e77, 0x5ecf, 0x4d79, 0x51c3,
    0x5167, 0x544e, 0x5a3d, 0x5e95, 0x5405, 0x4d2c, 0x4fa7, 0x508d, 0x54be, 0x5063, 0x5746, 0x5cf5, 0x59f5, 0x54e9, 0x5d29, 0x5ef7,
    0x4dee, 0x4c89, 0x4def, 0x5292, 0x5747, 0x5abc, 0x4cb8, 0x56b9, 0x50a6, 0x4da7, 0x530a, 0x5d7c, 0x5d2a, 0x523e, 0x5f11, 0x57c5,
    0x513a, 0x5caf, 0x5406, 0x581b, 0x5e1b, 0x5803, 0x4e64, 0x5ef8, 0x56db, 0x585c, 0x53dd, 0x5521, 0x5064, 0x57ac, 0x5788, 0x5728,
    0x5b52, 0x5ed0, 0x50ae, 0x4fa8, 0x4d99, 0x4df0, 0x508e, 0x5407, 0x4fdd, 0x5975, 0x509e, 0x5f59, 0x51ae, 0x4c14, 0x5b53, 0x4df1,
    0x4c15, 0x5244, 0x5bae, 0x5a82, 0x5f40, 0x54bf, 0x5650, 0x54ea, 0x53c1, 0x5408, 0x5b80, 0x4c16, 0x5025, 0x56dd, 0x4cb9, 0x5baf,
    0x4ca3, 0x5ef9, 0x5df3, 0x5d86, 0x5738, 0x5730, 0x593b, 0x525f, 0x4be9, 0x5b18, 0x5731, 0x4b6f, 0x5581, 0x5c23, 0x53c9, 0x538a,
    0x53ca, 0x5472, 0x57ad, 0x5270, 0x57ae, 0x59f6, 0x585d, 0x4b7a, 0x5568, 0x4e3c, 0x59f7, 0x5a3e, 0x4d85, 0x4c48, 0x575f, 0x59f8,
    0x4edb, 0x51c4, 0x5065, 0x5b54, 0x5ca2, 0x5168, 0x5e0d, 0x4fb1, 0x5fc4, 0x522a, 0x5b02, 0x58cb, 0x5f25, 0x4ee6, 0x4df2, 0x4b88,
    0x4df3, 0x4b89, 0x5ae3, 0x5c2e, 0x5e0e, 0x5474, 0x5473, 0x58ae, 0x538b, 0x4ba1, 0x5664, 0x5dc7, 0x5e03, 0x4b70, 0x593c, 0x4ec7,
    0x5b55, 0x4f46, 0x59a8, 0x5b81, 0x4b19, 0x5260, 0x5b19, 0x58cc, 0x5617, 0x5cdb, 0x5fd2, 0x4f50, 0x4c17, 0x5d5f, 0x5090, 0x4ed2,
    0x50af, 0x5cdc, 0x530b, 0x4c65, 0x5629, 0x5618, 0x5475, 0x5729, 0x5bfd, 0x5bd9, 0x51c5, 0x5066, 0x54c0, 0x5055, 0x5048, 0x55bc,
    0x4b3d, 0x585f, 0x5245, 0x5cdd, 0x5a0e, 0x4f7c, 0x5409, 0x5732, 0x59f9, 0x4c49, 0x4f73, 0x51e8, 0x5223, 0x5224, 0x59bf, 0x4ba2,
    0x5f5a, 0x4cee, 0x4c66, 0x5efa, 0x5e04, 0x5c91, 0x5122, 0x57c6, 0x5214, 0x52e3, 0x56de, 0x58e1, 0x5e45, 0x4ba3, 0x544f, 0x4f15,
    0x5958, 0x510a, 0x5b56, 0x4b71, 0x51d8, 0x500f, 0x5146, 0x50f7, 0x5b40, 0x53b6, 0x51d9, 0x54f9, 0x5450, 0x5113, 0x5d3a, 0x518d,
    0x4b3e, 0x5b57, 0x5114, 0x5e96, 0x4d62, 0x513b, 0x5a83, 0x55ae, 0x5ba6, 0x5e97, 0x5a3f, 0x54c1, 0x4f2a, 0x5147, 0x5c2f, 0x4f16,
    0x4c67, 0x56f5, 0x5b58, 0x5123, 0x50c7, 0x5252, 0x54fa, 0x5049, 0x4b72, 0x4f47, 0x5c24, 0x4bd6, 0x4d2d, 0x5c75, 0x513c, 0x4db9,
    0x5544, 0x58af, 0x5b30, 0x4d2e, 0x4ebc, 0x575a, 0x4cef, 0x53f5, 0x5356, 0x530c, 0x5b31, 0x5be5, 0x5cf6, 0x50a9, 0x5dc8, 0x5d7d,
    0x4d7a, 0x5685, 0x5c63, 0x5067, 0x4c18, 0x5686, 0x52f2, 0x4df4, 0x5a40, 0x5019, 0x55e3, 0x54a0, 0x530d, 0x5748, 0x4b4c, 0x5246,
    0x53f6, 0x5f31, 0x5f32, 0x50b0, 0x593d, 0x51fd, 0x503d, 0x5b9e, 0x4c4a, 0x51da, 0x50b1, 0x4c19, 0x4df5, 0x4b3f, 0x51db, 0x5c64,
    0x5c65, 0x5651, 0x4fc9, 0x4fd5, 0x51dc, 0x5545, 0x5357, 0x5358, 0x4df6, 0x4df7, 0x4df8, 0x5b32, 0x57c7, 0x5a84, 0x5b33, 0x5a85,
    0x4bbb, 0x5efb, 0x5ca3, 0x5569, 0x5359, 0x53b7, 0x5df4, 0x5a5f, 0x4df9, 0x501a, 0x4da8, 0x5f26, 0x5a41, 0x527d, 0x57c8, 0x562a,
    0x5ff0, 0x540a, 0x5004, 0x4f17, 0x5619, 0x57c9, 0x4da9, 0x5f27, 0x4f2b, 0x54c2, 0x535a, 0x5261, 0x4e55, 0x5c92, 0x4ca4, 0x5c66,
    0x530e, 0x530f, 0x5a86, 0x5cfa, 0x5b59, 0x55c8, 0x5b82, 0x58ce, 0x5ff1, 0x545b, 0x4b40, 0x5a42, 0x5c67, 0x5920, 0x5d96, 0x5b41,
    0x5cde, 0x507d, 0x5dfb, 0x5a87, 0x5abd, 0x5cfb, 0x57dc, 0x5b42, 0x4f18, 0x4b1a, 0x4c4b, 0x4c68, 0x4c7f, 0x5148, 0x5cdf, 0x59c0,
    0x56df, 0x54c3, 0x53c5, 0x56f6, 0x572a, 0x5f33, 0x561a, 0x5ea2, 0x4d2f, 0x4d55, 0x4c9b, 0x5a43, 0x5c0b, 0x4f3a, 0x5ba7, 0x578a,
    0x5b83, 0x5bda, 0x5a88, 0x4d4a, 0x4d52, 0x5739, 0x573a, 0x4d56, 0x578b, 0x4d7b, 0x5bb0, 0x4d7c, 0x4f51, 0x5a0f, 0x50aa, 0x5158,
    0x5bc6, 0x5262, 0x4c1a, 0x5976, 0x5b03, 0x4f48, 0x54c4, 0x4b4d, 0x4ebd, 0x4c1b, 0x5af4, 0x5ca4, 0x4b41, 0x5f15, 0x5476, 0x53cc,
    0x59c1, 0x5d4d, 0x50ab, 0x52c1, 0x5a60, 0x4ff8, 0x545c, 0x5e0f, 0x4f74, 0x4d9a, 0x59fa, 0x54fb, 0x5231, 0x4ccf, 0x5ca5, 0x5d60,
    0x4edc, 0x5bed, 0x4d86, 0x5451, 0x53de, 0x5688, 0x571d, 0x4ba4, 0x59fb, 0x5997, 0x51af, 0x4dfa, 0x538c, 0x5b9f, 0x4bf9, 0x4cba,
    0x59fc, 0x53b8, 0x595c, 0x59a9, 0x5a10, 0x5f5b, 0x523b, 0x59fd, 0x5da2, 0x5ca6, 0x5558, 0x5477, 0x4f2c, 0x535b, 0x5a9b, 0x5bb1,
    0x4ebe, 0x4b42, 0x5f5c, 0x595d, 0x5478, 0x5c25, 0x4fee, 0x52c2, 0x4f9b, 0x5ae4, 0x59c2, 0x5026, 0x5c26, 0x5091, 0x518e, 0x5310,
    0x52e4, 0x50ac, 0x51b0, 0x5a89, 0x5a17, 0x5489, 0x5af5, 0x5977, 0x4fb8, 0x4fb9, 0x5bb3, 0x4bae, 0x54c5, 0x5a44, 0x5efc, 0x4ee7,
    0x52e5, 0x5a8a, 0x4b8a, 0x4fba, 0x4c4c, 0x4d7d, 0x4dfb, 0x5ae5, 0x5600, 0x5f1c, 0x57ca, 0x5fd5, 0x5f41, 0x5179, 0x517a, 0x4e40,
    0x4ea0, 0x54fc, 0x535c, 0x4cdf, 0x5b34, 0x4db5, 0x52e6, 0x5479, 0x51fe, 0x53c6, 0x593e, 0x5ae6, 0x5bbe, 0x5056, 0x545d, 0x556a,
    0x59aa, 0x547a, 0x4b73, 0x5abe, 0x5e98, 0x5a8b, 0x4c1c, 0x51dd, 0x4bf4, 0x4cf0, 0x4f86, 0x5e99, 0x4db6, 0x588d, 0x58f4, 0x53df,
    0x5d61, 0x535d, 0x4b8b, 0x5a11, 0x4bea, 0x4d30, 0x5a45, 0x54c6, 0x4c1d, 0x5abf, 0x501b, 0x5ae7, 0x54c7, 0x5862, 0x4b8c, 0x50da,
    0x5c1b, 0x5be6, 0x5071, 0x4dfc, 0x5d35, 0x594f, 0x507e, 0x5115, 0x5ce0, 0x4e0d, 0x5311, 0x53e0, 0x5e3e, 0x540b, 0x5b8e, 0x4ebf,
    0x5c52, 0x51a0, 0x5689, 0x5da3, 0x5749, 0x5116, 0x581c, 0x4fde, 0x5ce1, 0x5b5a, 0x55eb, 0x572b, 0x51b1, 0x5b5b, 0x5efd, 0x579b,
    0x5990, 0x5e9a, 0x5293, 0x5ca7, 0x568b, 0x5ac0, 0x5057, 0x5c82, 0x59c3, 0x522c, 0x52f3, 0x5169, 0x578c, 0x5b1a, 0x5b43, 0x540c,
    0x578d, 0x54c8, 0x5530, 0x5f70, 0x4c4d, 0x4beb, 0x5a8c, 0x5665, 0x4c4e, 0x5bb2, 0x548a, 0x59fe, 0x56e0, 0x542a, 0x5bb4, 0x4f2d,
    0x4f9c, 0x52c3, 0x5e55, 0x4bf5, 0x55ef, 0x4cbb, 0x50db, 0x5e2f, 0x5acb, 0x4cd4, 0x5ce2, 0x5232, 0x53e1, 0x50ea, 0x5d7e, 0x5092,
    0x4f7d, 0x4dfd, 0x561c, 0x4b8d, 0x518f, 0x4c69, 0x4ff9, 0x54c9, 0x4d4b, 0x540d, 0x58b0, 0x5ff2, 0x5093, 0x4baf, 0x57cb, 0x5733,
    0x5546, 0x58e2, 0x58e3, 0x4ffa, 0x5526, 0x53b9, 0x5fdd, 0x59c4, 0x5cc3, 0x5312, 0x5da4, 0x574a, 0x5e30, 0x4cf1, 0x58e4, 0x578e,
    0x5010, 0x4c6a, 0x593f, 0x4dfe, 0x4d31, 0x58d0, 0x4e50, 0x4c1e, 0x513d, 0x57e5, 0x4dff, 0x58d1, 0x55fa, 0x5d3b, 0x4c1f, 0x4ed3,
    0x4ffb, 0x504a, 0x5452, 0x5330, 0x5cc4, 0x517b, 0x4fdf, 0x5c83, 0x5453, 0x57af, 0x5b44, 0x5c36, 0x5027, 0x588a, 0x58d2, 0x54eb,
    0x535e, 0x5a8d, 0x5876, 0x5079, 0x4e00, 0x5c68, 0x5e56, 0x4b43, 0x4c6b, 0x5b35, 0x5313, 0x4bec, 0x51ff, 0x4dba, 0x4ce0, 0x5877,
    0x5f97, 0x5db4, 0x581d, 0x5ad1, 0x5215, 0x5d4e, 0x5216, 0x4b7b, 0x5dc9, 0x5efe, 0x5881, 0x53e2, 0x4cd0, 0x4f49, 0x5fcd, 0x4ea7,
    0x5b36, 0x5ebf, 0x5cc5, 0x5ec0, 0x50ef, 0x5bfe, 0x574b, 0x4b2c, 0x4c20, 0x54fd, 0x54ca, 0x5d38, 0x5dca, 0x5bdb, 0x5314, 0x55ec,
    0x556b, 0x52c4, 0x52c5, 0x4b8e, 0x574c, 0x5454, 0x4e7f, 0x5ac1, 0x578f, 0x4bc9, 0x5978, 0x527e, 0x540e, 0x5d65, 0x5200, 0x4be3,
    0x51b2, 0x4c6c, 0x52c6, 0x50b8, 0x5522, 0x4d04, 0x5b84, 0x5d9c, 0x540f, 0x5cba, 0x58a3, 0x4ed4, 0x5f71, 0x4e7a, 0x4f58, 0x5315,
    0x5633, 0x5a61, 0x4fa1, 0x5979, 0x556c, 0x573b, 0x597a, 0x50a7, 0x5940, 0x5cc6, 0x5b37, 0x5ce3, 0x4ef5, 0x5b5c, 0x4d32, 0x5863,
    0x4d33, 0x5653, 0x5fde, 0x4d34, 0x5420, 0x535f, 0x53e3, 0x5c0c, 0x5510, 0x516a, 0x5ae8, 0x4b8f, 0x5e57, 0x5201, 0x51de, 0x5d07,
    0x51b3, 0x5e9b, 0x5410, 0x52c7, 0x5654, 0x5a46, 0x5bdc, 0x58b1, 0x5e3f, 0x4b44, 0x4fbb, 0x4b45, 0x53c7, 0x56ba, 0x5c69, 0x55e4,
    0x57cc, 0x5950, 0x4d57, 0x50dc, 0x52c8, 0x4f59, 0x5b38, 0x539a, 0x4ba5, 0x5eff, 0x4daa, 0x52e7, 0x5d7f, 0x56f7, 0x5582, 0x5f28,
    0x5202, 0x5b39, 0x57e6, 0x4d9b, 0x5c93, 0x513e, 0x5591, 0x592c, 0x5804, 0x56bb, 0x5d4f, 0x5c6a, 0x5159, 0x4b1b, 0x5dcb, 0x4d35,
    0x58d3, 0x5601, 0x4c6d, 0x59ab, 0x56e3, 0x4c6e, 0x5e10, 0x5b09, 0x516b, 0x523c, 0x4b1c, 0x513f, 0x50d2, 0x5124, 0x5941, 0x50dd,
    0x527f, 0x54cb, 0x5f72, 0x58f5, 0x4eaf, 0x57b0, 0x5655, 0x5511, 0x5e72, 0x5c6b, 0x5ed1, 0x5922, 0x58d4, 0x5f5d, 0x4f52, 0x5e1c,
    0x59c5, 0x5094, 0x597b, 0x5360, 0x4c21, 0x556d, 0x574d, 0x5ec1, 0x52c9, 0x5592, 0x50b9, 0x50de, 0x5c37, 0x4cbc, 0x501c, 0x4d45,
    0x4d87, 0x4ca5, 0x5bdd, 0x5be7, 0x5271, 0x4d9c, 0x5f29, 0x4c6f, 0x507f, 0x5316, 0x55bd, 0x59ac, 0x54ec, 0x5cbb, 0x4f19, 0x4fae,
    0x510b, 0x5dac, 0x581e, 0x5c94, 0x50c8, 0x5fb5, 0x5864, 0x4f87, 0x56c3, 0x59ad, 0x4b4e, 0x5dcc, 0x4f4a, 0x581f, 0x5f00, 0x597c,
    0x5602, 0x4d7e, 0x5b12, 0x54cc, 0x5547, 0x514e, 0x538d, 0x5203, 0x5dcd, 0x5b1b, 0x5603, 0x5bde, 0x5f01, 0x5491, 0x5125, 0x5ca8,
    0x53f7, 0x57b1, 0x4ba6, 0x5548, 0x5361, 0x54cd, 0x52a6, 0x4fe0, 0x5512, 0x504b, 0x511a, 0x50c9, 0x5280, 0x5942, 0x539b, 0x57ec,
    0x5058, 0x5be8, 0x597d, 0x5c84, 0x547b, 0x589a, 0x5b5d, 0x5db5, 0x5820, 0x4ed5, 0x522d, 0x5c6c, 0x4d05, 0x57e7, 0x5edd, 0x5513,
    0x4d65, 0x5d44, 0x516c, 0x547c, 0x51b4, 0x5190, 0x58b2, 0x4b90, 0x597e, 0x5421, 0x5c0d, 0x5fb1, 0x5394, 0x556e, 0x53e4, 0x5fae,
    0x5a62, 0x4c70, 0x5943, 0x4f9d, 0x556f, 0x597f, 0x57cd, 0x4fca, 0x56f8, 0x4f75, 0x5604, 0x522e, 0x54ce, 0x59ae, 0x509f, 0x5a8e,
    0x4cae, 0x56f9, 0x5011, 0x547d, 0x572c, 0x563b, 0x5247, 0x5411, 0x4f92, 0x4f7e, 0x5f02, 0x5e24, 0x4bca, 0x5bf2, 0x5e7f, 0x5012,
    0x57ce, 0x5f03, 0x5fc5, 0x5f1d, 0x517c, 0x5204, 0x58f7, 0x4c9c, 0x5a8f, 0x5ce4, 0x5374, 0x4ec0, 0x5f73, 0x573c, 0x5ae9, 0x4d06,
    0x5e46, 0x5b85, 0x5593, 0x5c76, 0x52a7, 0x5570, 0x571e, 0x5b3a, 0x5317, 0x51a3, 0x4b50, 0x5559, 0x5f5e, 0x5821, 0x5e1d, 0x5523,
    0x5f04, 0x5a1d, 0x573d, 0x4fa9, 0x588e, 0x5126, 0x5ed2, 0x4ee8, 0x4f7f, 0x5cf9, 0x51df, 0x5412, 0x5791, 0x5cb6, 0x5e66, 0x58b3,
    0x542b, 0x5531, 0x4fa2, 0x5b04, 0x4fcb, 0x4c71, 0x595e, 0x50ca, 0x5ea3, 0x5b0c, 0x5e73, 0x568d, 0x5e9c, 0x551b, 0x4b1d, 0x5594,
    0x5822, 0x5cb7, 0x5ed3, 0x4d36, 0x58b4, 0x5df5, 0x539c, 0x54a2, 0x4e43, 0x5cb8, 0x4dab, 0x4dac, 0x5805, 0x512a, 0x4b1e, 0x4ef6,
    0x5dce, 0x4ec1, 0x54cf, 0x5b5e, 0x4c8a, 0x5e05, 0x4c72, 0x5991, 0x4fe9, 0x5095, 0x56fb, 0x5865, 0x4d4c, 0x5272, 0x5980, 0x5375,
    0x5096, 0x5318, 0x53ba, 0x5217, 0x5218, 0x4f80, 0x5a63, 0x5281, 0x4b4f, 0x5dcf, 0x5273, 0x5823, 0x5219, 0x579c, 0x5d66, 0x5527,
    0x5059, 0x5422, 0x4b91, 0x561e, 0x4dad, 0x4f9e, 0x50d3, 0x5528, 0x53e5, 0x5792, 0x4ed6, 0x5282, 0x5d97, 0x4bed, 0x4d7f, 0x510d,
    0x5549, 0x4be4, 0x4f1a, 0x5cec, 0x4d9d, 0x4b2d, 0x4f9f, 0x4cbd, 0x4b2e, 0x5e67, 0x53bb, 0x5c77, 0x5638, 0x5a47, 0x52ca, 0x4c4f,
    0x5571, 0x5f1e, 0x5d5b, 0x5faf, 0x5fd6, 0x5d2b, 0x4e01, 0x573e, 0x5595, 0x5499, 0x4bf6, 0x4e8c, 0x5205, 0x5423, 0x5e80, 0x547e,
    0x4b1f, 0x5b5f, 0x5aea, 0x5376, 0x5a90, 0x5dad, 0x59af, 0x5377, 0x56e4, 0x5514, 0x56fc, 0x554a, 0x554b, 0x4d6b, 0x59ff, 0x5ff3,
    0x5f2a, 0x5e68, 0x53bc, 0x5413, 0x5c27, 0x5aeb, 0x4ca6, 0x5b3b, 0x58f8, 0x53e6, 0x5d36, 0x5866, 0x562b, 0x5455, 0x4c50, 0x516d,
    0x571f, 0x4c73, 0x549a, 0x5f86, 0x5424, 0x54d0, 0x4ca7, 0x5319, 0x58b5, 0x5894, 0x5a91, 0x5c28, 0x5515, 0x4ed7, 0x5c38, 0x5998,
    0x5c95, 0x4fbc, 0x5020, 0x5867, 0x5c30, 0x554c, 0x5c53, 0x5e69, 0x5a48, 0x4b46, 0x5868, 0x5944, 0x5fbe, 0x5583, 0x5dfd, 0x5a64,
    0x5639, 0x4e28, 0x5140, 0x55b4, 0x5824, 0x4f76, 0x5191, 0x51a4, 0x5e25, 0x548b, 0x5206, 0x4bfa, 0x58e5, 0x4b92, 0x5378, 0x5793,
    0x5141, 0x59c6, 0x5068, 0x4d37, 0x4d9e, 0x5f2b, 0x5b1c, 0x5fc7, 0x4e02, 0x555a, 0x4ed8, 0x5274, 0x4c22, 0x531a, 0x5666, 0x58b6,
    0x4bee, 0x5f05, 0x56fd, 0x4f2e, 0x524d, 0x54d1, 0x5bc7, 0x5620, 0x5bc8, 0x5bb5, 0x4c80, 0x4c51, 0x5f48, 0x4f54, 0x4e03, 0x5dfe,
    0x574e, 0x554d, 0x4f37, 0x53bd, 0x5f06, 0x56fe, 0x5df6, 0x554e, 0x5c6d, 0x50f0, 0x5142, 0x5d98, 0x5a49, 0x52cb, 0x5992, 0x4c9d,
    0x532b, 0x5f2c, 0x5d87, 0x5d3c, 0x4cbe, 0x5bee, 0x59b0, 0x545f, 0x58d8, 0x4d71, 0x5da8, 0x50eb, 0x4ef7, 0x531b, 0x5c31, 0x58d7,
    0x516e, 0x5e1e, 0x52e8, 0x503e, 0x5923, 0x5f87, 0x5945, 0x4b20, 0x59c7, 0x5b60, 0x532c, 0x503f, 0x5379, 0x53be, 0x521a, 0x5e9e,
    0x50ec, 0x5c0e, 0x52cc, 0x5b86, 0x4f1b, 0x5040, 0x52cd, 0x4d38, 0x53c2, 0x5b3d, 0x5cbc, 0x5882, 0x5b1d, 0x5bb6, 0x542c, 0x5981,
    0x548c, 0x59c8, 0x537a, 0x5e8a, 0x5aec, 0x4d80, 0x52ce, 0x4e04, 0x5c6e, 0x580d, 0x5a92, 0x5cc7, 0x5c96, 0x5a9c, 0x52cf, 0x5b3e,
    0x5d50, 0x51e9, 0x5b87, 0x4b21, 0x5d80, 0x4bbc, 0x59c9, 0x5414, 0x4ca8, 0x5013, 0x4f1c, 0x57b2, 0x4edd, 0x5c0f, 0x4bbd, 0x5ac2,
    0x5869, 0x5ac3, 0x586a, 0x5a65, 0x4bcb, 0x4f1d, 0x5ba1, 0x5ede, 0x5ca9, 0x59ca, 0x5bff, 0x5caa, 0x4d66, 0x5a93, 0x59b1, 0x5aed,
    0x5605, 0x50a0, 0x5572, 0x4d58, 0x4d39, 0x5ba2, 0x55b5, 0x4d6c, 0x4d4d, 0x5e84, 0x568e, 0x5b61, 0x5cab, 0x4b22, 0x555b, 0x4d07,
    0x5014, 0x5993, 0x5c32, 0x50cb, 0x5275, 0x4c23, 0x4fbd, 0x5ce5, 0x5fbf, 0x50df, 0x5c1c, 0x4fe1, 0x5263, 0x521b, 0x5072, 0x5b8f,
    0x5aee, 0x54d2, 0x5283, 0x5284, 0x5a00, 0x5656, 0x5e36, 0x5806, 0x5a01, 0x5c1d, 0x4d08, 0x5657, 0x4ce1, 0x4fd6, 0x5573, 0x4c75,
    0x4f95, 0x5d88, 0x524e, 0x537b, 0x524f, 0x5b62, 0x579d, 0x4e7b, 0x57cf, 0x5575, 0x56e5, 0x4d9f, 0x51e0, 0x4b23, 0x59cb, 0x51b5,
    0x5b88, 0x551c, 0x4bdb, 0x5192, 0x59cc, 0x5c97, 0x5d67, 0x549b, 0x4cc4, 0x4f1e, 0x5fa6, 0x5668, 0x5ed4, 0x5dd0, 0x547f, 0x5d6d,
    0x5cac, 0x4d3a, 0x4f1f, 0x4c36, 0x4f55, 0x59b2, 0x5d62, 0x53e7, 0x4ffc, 0x548d, 0x5a94, 0x5b05, 0x52a8, 0x4fe2, 0x5c54, 0x5aef,
    0x5b63, 0x4d81, 0x5916, 0x5e13, 0x586c, 0x4f5a, 0x54d3, 0x57d0, 0x586b, 0x57e8, 0x5da5, 0x4ca9, 0x5e1f, 0x5f5f, 0x4f20, 0x4ec8,
    0x5825, 0x5794, 0x5492, 0x4ede, 0x5c55, 0x5807, 0x5480, 0x4bef, 0x59cd, 0x5a95, 0x5ba3, 0x4f5b, 0x5b3f, 0x5b06, 0x5c10, 0x5415,
    0x586d, 0x504c, 0x4bbf, 0x5e06, 0x5796, 0x50ed, 0x5e6a, 0x54d4, 0x5f42, 0x58d9, 0x50ba, 0x5250, 0x4f81, 0x58a0, 0x5734, 0x50e0,
    0x5ed5, 0x4e22, 0x5207, 0x5c7b, 0x537c, 0x4b74, 0x5d51, 0x4d3b, 0x5481, 0x59b3, 0x57dd, 0x4d09, 0x4faa, 0x4d4e, 0x52d0, 0x4caf,
    0x57d1, 0x4f21, 0x55a4, 0x5c98, 0x5e78, 0x531c, 0x4f77, 0x5a4a, 0x4ec2, 0x586e, 0x5a4b, 0x5c99, 0x5951, 0x521c, 0x5af0, 0x5af1,
    0x5c6f, 0x5127, 0x4f89, 0x54d5, 0x5f98, 0x5f0c, 0x538e, 0x5516, 0x5cc8, 0x5c70, 0x5a66, 0x5456, 0x5c9a, 0x58b7, 0x5982, 0x5c71,
    0x5edf, 0x51ea, 0x5005, 0x4bb0, 0x5621, 0x5be9, 0x586f, 0x53f8, 0x5097, 0x5b0d, 0x55fc, 0x4fbe, 0x5098, 0x4e12, 0x54a3, 0x5a4c,
    0x52d1, 0x5cf7, 0x5a96, 0x5c11, 0x57d2, 0x5bea, 0x4f6e, 0x4bd7, 0x5d89, 0x539f, 0x5884, 0x4d88, 0x4ffd, 0x5726, 0x5a02, 0x4b7c,
    0x4bc0, 0x5e9f, 0x4bfb, 0x5692, 0x580e, 0x51eb, 0x4d3c, 0x551d, 0x5a4d, 0x5895, 0x5c85, 0x4f4b, 0x5416, 0x5a03, 0x54d6, 0x5128,
    0x5e40, 0x5700, 0x4d3d, 0x5482, 0x54d7, 0x5a4e, 0x5ec2, 0x52a9, 0x53e8, 0x5dd1, 0x4bc1, 0x4b93, 0x501d, 0x5c9b, 0x5c9c, 0x5999,
    0x5517, 0x4ed9, 0x5a4f, 0x4e05, 0x5a04, 0x4e06, 0x4daf, 0x515a, 0x53f9, 0x4c76, 0x5ba8, 0x56e7, 0x4fe3, 0x4caa, 0x4f22, 0x55a5,
    0x4ec3, 0x5870, 0x4bcc, 0x5cf8, 0x5ac4, 0x4bfc, 0x57b3, 0x54a1, 0x5c9d, 0x5ed6, 0x4ba8, 0x5f07, 0x5b64, 0x5917, 0x5a9d, 0x59ce,
    0x57b4, 0x4c37, 0x505a, 0x5b90, 0x5f8c, 0x5ac5, 0x5417, 0x5a05, 0x5c1e, 0x5d2c, 0x5af2, 0x4b75, 0x4b76, 0x4cd1, 0x5bb7, 0x5ba9,
    0x5983, 0x517d, 0x542d, 0x5db6, 0x4ba9, 0x5885, 0x5e31, 0x5e32, 0x4b47, 0x51a1, 0x4b7d, 0x4b2f, 0x5e47, 0x5233, 0x4d82, 0x4fcc,
    0x56b0, 0x56bd, 0x55b6, 0x55be, 0x5f49, 0x5e48, 0x4d67, 0x5d71, 0x4cbf, 0x5c12, 0x5248, 0x52d2, 0x5c13, 0x5d8a, 0x574f, 0x5208,
    0x5a97, 0x5596, 0x5d08, 0x5e07, 0x52d3, 0x505b, 0x50f1, 0x4b94, 0x5e33, 0x5db7, 0x5e49, 0x542e, 0x5532, 0x5c00, 0x5809, 0x5b65,
    0x5a67, 0x521d, 0x589b, 0x5b66, 0x5080, 0x4f23, 0x5e41, 0x506c, 0x5622, 0x57d3, 0x5077, 0x4ef8, 0x54d8, 0x5f60, 0x4c52, 0x4be5,
    0x57e9, 0x55e5, 0x4d91, 0x5a68, 0x5984, 0x50a1, 0x54d9, 0x54da, 0x5e86, 0x5896, 0x5006, 0x5c01, 0x5952, 0x55af, 0x57f0, 0x5597,
    0x5b91, 0x4c77, 0x5ce6, 0x5b07, 0x5946, 0x5735, 0x59b4, 0x5a98, 0x54db, 0x5587, 0x5c9e, 0x595f, 0x5099, 0x4e32, 0x57d4, 0x57d5,
    0x5425, 0x517e, 0x52e9, 0x57ea, 0x4ffe, 0x5041, 0x51b6, 0x5a06, 0x54dc, 0x5a50, 0x5b67, 0x5a18, 0x5702, 0x50a8, 0x56e9, 0x53bf,
    0x5e20, 0x516f, 0x538f, 0x5015, 0x5249, 0x5a69, 0x4fd7, 0x55e6, 0x4fff, 0x5c39, 0x5a51, 0x5a52, 0x531d, 0x5193, 0x5117, 0x5e8b,
    0x58fa, 0x5f2d, 0x58fb, 0x50d4, 0x5ee0, 0x55b0, 0x4c9e, 0x4d46, 0x4b51, 0x4d47, 0x5da6, 0x5c14, 0x5826, 0x5e34, 0x4f24, 0x589c,
    0x5483, 0x57eb, 0x5e79, 0x5f08, 0x5ea4, 0x5a53, 0x4c38, 0x5e5a, 0x5518, 0x54dd, 0x57de, 0x549c, 0x5703, 0x5750, 0x51e1, 0x4f38,
    0x5d81, 0x5000, 0x4f56, 0x5ec3, 0x4c39, 0x5d68, 0x532d, 0x4cab, 0x5a6a, 0x55ed, 0x55a6, 0x55b1, 0x580a, 0x5a07, 0x5069, 0x5f09,
    0x4c78, 0x5a08, 0x5ea0, 0x5dff, 0x53a0, 0x5d52, 0x5df8, 0x5df7, 0x531e, 0x522f, 0x555c, 0x5493, 0x4e07, 0x5ceb, 0x589d, 0x51e2,
    0x58dc, 0x537d, 0x5dd2, 0x555d, 0x4d0a, 0x5e7a, 0x5624, 0x58dd, 0x5bb8, 0x5598, 0x5659, 0x5a09, 0x5264, 0x4cc0, 0x50cc, 0x4da0,
    0x4d6d, 0x5bb9, 0x5418, 0x4e08, 0x5797, 0x5736, 0x5e7b, 0x54de, 0x5e7c, 0x5e11, 0x5285, 0x5ed7, 0x50b2, 0x562c, 0x5e00, 0x5d09,
    0x5ce7, 0x5519, 0x5918, 0x51b7, 0x5af3, 0x4e6b, 0x4d3e, 0x4b24, 0x52d4, 0x5d1c, 0x537e, 0x5e6b, 0x4f8a, 0x5b08, 0x5331, 0x5265,
    0x4e09, 0x4e0a, 0x5da7, 0x4bcd, 0x4f78, 0x5c9f, 0x5484, 0x50f2, 0x5df9, 0x4d3f, 0x5f99, 0x4d0b, 0x5e87, 0x4c3a, 0x5669, 0x5cc9,
    0x4fcd, 0x4e0b, 0x5f43, 0x4fce, 0x4c8e, 0x5e6c, 0x54df, 0x5c56, 0x4c79, 0x56be, 0x51ec, 0x54e0, 0x504d, 0x5d6e, 0x57ed, 0x4d72,
    0x4cdd, 0x5f12, 0x51ed, 0x5225, 0x50ee, 0x5827, 0x50b3, 0x562d, 0x5016, 0x5a19, 0x5dd3, 0x55b2, 0x4d0c, 0x5419, 0x509a, 0x5c3a,
    0x4c8b, 0x4c3b, 0x5ca0, 0x55a7, 0x5286, 0x5e21, 0x5f44, 0x5720, 0x50cd, 0x4b95, 0x5253, 0x50a2, 0x5a99, 0x52d5, 0x4d40, 0x52aa,
    0x5129, 0x5694, 0x5599, 0x580b, 0x55c9, 0x55c2, 0x5f1f, 0x4bf0, 0x559a, 0x4c81, 0x5170, 0x52f4, 0x5953, 0x5149, 0x55f0, 0x5e26,
    0x4c53, 0x4d41, 0x5cca, 0x5fc8, 0x58a4, 0x5017, 0x55f1, 0x4f93, 0x5018, 0x5e42, 0x56bf, 0x501e, 0x4e0c, 0x501f, 0x4fcf, 0x537f,
    0x50a3, 0x50f3, 0x4d48, 0x5118, 0x50b4, 0x5fc0, 0x5f61, 0x53e9, 0x4fd0, 0x5fce, 0x4bd8, 0x5172, 0x4ef9, 0x5cb2, 0x5a1a, 0x4ee9,
    0x5194, 0x5721, 0x5254, 0x5a54, 0x4c7a, 0x53ea, 0x531f, 0x5a6b, 0x5994, 0x5995, 0x5ce8, 0x59b5, 0x5001, 0x5426, 0x5baa, 0x562e,
    0x55a8, 0x504e, 0x5209, 0x4b77, 0x4d42, 0x0468, 0x0469, 0x046a, 0x046b, 0x046c, 0x046d, 0x046e, 0x046f, 0x0470, 0x0471, 0x0472,
    0x0473, 0x0474, 0x0475, 0x0476, 0x0477, 0x0478, 0x047a, 0x047b, 0x047c, 0x047d, 0x047e, 0x047f, 0x0480, 0x0481, 0x0482, 0x0483,
    0x0484, 0x0488, 0x0489, 0x048a, 0x048b, 0x048c, 0x048d, 0x048e, 0x048f, 0x0490, 0x0491, 0x0492, 0x0493, 0x0494, 0x0495, 0x0496,
    0x0497, 0x0498, 0x049a, 0x049b, 0x049c, 0x049d, 0x049e, 0x049f, 0x04a0, 0x04a1, 0x04a2, 0x04a3, 0x04a4, 0x04a8, 0x04a9, 0x04aa,
    0x04ab, 0x04ac, 0x04ad, 0x04ae, 0x04af, 0x04b0, 0x04b1, 0x04b2, 0x04b3, 0x04b4, 0x04b5, 0x04b6, 0x04b7, 0x04b8, 0x04ba, 0x04bb,
    0x04bc, 0x04bd, 0x04be, 0x04bf, 0x04c0, 0x04c1, 0x04c2, 0x04c3, 0x04c4, 0x04c8, 0x04c9, 0x04ca, 0x04cb, 0x04cc, 0x04cd, 0x04ce,
    0x04cf, 0x04d0, 0x04d1, 0x04d2, 0x04d3, 0x04d4, 0x04d5, 0x04d6, 0x04d7, 0x04d8, 0x04da, 0x04db, 0x04dc, 0x04dd, 0x04de, 0x04df,
    0x04e0, 0x04e1, 0x04e2, 0x04e3, 0x04e4, 0x04e8, 0x04e9, 0x04ea, 0x04eb, 0x04ec, 0x04ed, 0x04ee, 0x04ef, 0x04f0, 0x04f1, 0x04f2,
    0x04f3, 0x04f4, 0x04f5, 0x04f6, 0x04f7, 0x04f8, 0x04fa, 0x04fb, 0x04fc, 0x04fd, 0x04fe, 0x04ff, 0x0500, 0x0501, 0x0502, 0x0503,
    0x0504, 0x0516, 0x0517, 0x0518, 0x0519, 0x051a, 0x051b, 0x051c, 0x051d, 0x051e, 0x051f, 0x0520, 0x0521, 0x0522, 0x0523, 0x0524,
    0x0525, 0x0526, 0x0528, 0x0529, 0x052a, 0x052b, 0x052c, 0x052d, 0x052e, 0x052f, 0x0530, 0x0531, 0x0532, 0x0536, 0x0537, 0x0538,
    0x0539, 0x053a, 0x053b, 0x053c, 0x053d, 0x053e, 0x053f, 0x0540, 0x0541, 0x0542, 0x0543, 0x0544, 0x0545, 0x0546, 0x0548, 0x0549,
    0x054a, 0x054b, 0x054c, 0x054d, 0x054e, 0x054f, 0x0550, 0x0551, 0x0552, 0x0556, 0x0557, 0x0558, 0x0559, 0x055a, 0x055b, 0x055c,
    0x055d, 0x055e, 0x055f, 0x0560, 0x0561, 0x0562, 0x0563, 0x0564, 0x0565, 0x0566, 0x0568, 0x0569, 0x056a, 0x056b, 0x056c, 0x056d,
    0x056e, 0x056f, 0x0570, 0x0571, 0x0572, 0x0576, 0x0577, 0x0578, 0x0579, 0x057a, 0x057b, 0x057c, 0x057d, 0x057e, 0x057f, 0x0580,
    0x0581, 0x0582, 0x0583, 0x0584, 0x0585, 0x0586, 0x0588, 0x0589, 0x058a, 0x058b, 0x058c, 0x058d, 0x058e, 0x058f, 0x0590, 0x0591,
    0x0592, 0x0596, 0x0597, 0x0598, 0x0599, 0x059a, 0x059b, 0x059c, 0x059d, 0x059e, 0x059f, 0x05a0, 0x05a1, 0x05a2, 0x05a3, 0x05a4,
    0x05a5, 0x05a6, 0x05a8, 0x05a9, 0x05aa, 0x05ab, 0x05ac, 0x05ad, 0x05ae, 0x05af, 0x05b0, 0x05b1, 0x05b2, 0x05b6, 0x05b7, 0x05b8,
    0x05b9, 0x05ba, 0x05bb, 0x05bc, 0x05bd, 0x05be, 0x05bf, 0x05c0, 0x05c1, 0x05c2, 0x05c3, 0x05c4, 0x05c5, 0x05c6, 0x05c8, 0x05c9,
    0x05ca, 0x05cb, 0x05cc, 0x05cd, 0x05ce, 0x05cf, 0x05d0, 0x05d1, 0x05d2, 0x05e4, 0x05e5, 0x05e6, 0x05e7, 0x05e8, 0x05e9, 0x05ea,
    0x05eb, 0x05ec, 0x05ed, 0x05ee, 0x05ef, 0x05f0, 0x05f1, 0x05f2, 0x05f3, 0x05f4, 0x05f6, 0x05f7, 0x05f8, 0x05f9, 0x05fa, 0x05fb,
    0x05fc, 0x05fd, 0x05fe, 0x05ff, 0x0600, 0x0604, 0x0605, 0x0606, 0x0607, 0x0608, 0x0609, 0x060a, 0x060b, 0x060c, 0x060d, 0x060e,
    0x060f, 0x0610, 0x0611, 0x0612, 0x0613, 0x0614, 0x0616, 0x0617, 0x0618, 0x0619, 0x061a, 0x061b, 0x061c, 0x061d, 0x061e, 0x061f,
    0x0620, 0x0624, 0x0625, 0x0626, 0x0627, 0x0628, 0x0629, 0x062a, 0x062b, 0x062c, 0x062d, 0x062e, 0x062f, 0x0630, 0x0631, 0x0632,
    0x0633, 0x0634, 0x0636, 0x0637, 0x0638, 0x0639, 0x063a, 0x063b, 0x063c, 0x063d, 0x063e, 0x063f, 0x0640, 0x0644, 0x0645, 0x0646,
    0x0647, 0x0648, 0x0649, 0x064a, 0x064b, 0x064c, 0x064d, 0x064e, 0x064f, 0x0650, 0x0651, 0x0652, 0x0653, 0x0654, 0x0656, 0x0657,
    0x0658, 0x0659, 0x065a, 0x065b, 0x065c, 0x065d, 0x065e, 0x065f, 0x0660, 0x0664, 0x0665, 0x0666, 0x0667, 0x0668, 0x0669, 0x066a,
    0x066b, 0x066c, 0x066d, 0x066e, 0x066f, 0x0670, 0x0671, 0x0672, 0x0673, 0x0674, 0x0676, 0x0677, 0x0678, 0x0679, 0x067a, 0x067b,
    0x067c, 0x067d, 0x067e, 0x067f, 0x0680, 0x0684, 0x0685, 0x0686, 0x0687, 0x0688, 0x0689, 0x068a, 0x068b, 0x068c, 0x068d, 0x068e,
    0x068f, 0x0690, 0x0691, 0x0692, 0x0693, 0x0694, 0x0696, 0x0697, 0x0698, 0x0699, 0x069a, 0x069b, 0x069c, 0x069d, 0x069e, 0x069f,
    0x06a0, 0x06b2, 0x06b3, 0x06b4, 0x06b5, 0x06b6, 0x06b7, 0x06b8, 0x06b9, 0x06ba, 0x06bb, 0x06bc, 0x06bd, 0x06be, 0x06bf, 0x06c0,
    0x06c1, 0x06c2, 0x06c4, 0x06c5, 0x06c6, 0x06c7, 0x06c8, 0x06c9, 0x06ca, 0x06cb, 0x06cc, 0x06cd, 0x06ce, 0x06d2, 0x06d3, 0x06d4,
    0x06d5, 0x06d6, 0x06d7, 0x06d8, 0x06d9, 0x06da, 0x06db, 0x06dc, 0x06dd, 0x06de, 0x06df, 0x06e0, 0x06e1, 0x06e2, 0x06e4, 0x06e5,
    0x06e6, 0x06e7, 0x06e8, 0x06e9, 0x06ea, 0x06eb, 0x06ec, 0x06ed, 0x06ee, 0x06f2, 0x06f3, 0x06f4, 0x06f5, 0x06f6, 0x06f7, 0x06f8,
    0x06f9, 0x06fa, 0x06fb, 0x06fc, 0x06fd, 0x06fe, 0x06ff, 0x0700, 0x0701, 0x0702, 0x0704, 0x0705, 0x0706, 0x0707, 0x0708, 0x0709,
    0x070a, 0x070b, 0x070c, 0x070d, 0x070e, 0x0712, 0x0713, 0x0714, 0x0715, 0x0716, 0x0717, 0x0718, 0x0719, 0x071a, 0x071b, 0x071c,
    0x071d, 0x071e, 0x071f, 0x0720, 0x0721, 0x0722, 0x0724, 0x0725, 0x0726, 0x0727, 0x0728, 0x0729, 0x072a, 0x072b, 0x072c, 0x072d,
    0x072e, 0x07a0, 0x07a1, 0x07a2, 0x07a3, 0x07a4, 0x07a5, 0x07a6, 0x07a7, 0x07a8, 0x07a9, 0x07aa, 0x07ab, 0x07ac, 0x07ad, 0x07ae,
    0x07af, 0x07b0, 0x07b2, 0x07b3, 0x07b4, 0x07b5, 0x07b6, 0x07b7, 0x07b8, 0x07b9, 0x07ba, 0x07bb, 0x07bc, 0x07c0, 0x07c1, 0x07c2,
    0x07c3, 0x07c4, 0x07c5, 0x07c6, 0x07c7, 0x07c8, 0x07c9, 0x07ca, 0x07cb, 0x07cc, 0x07cd, 0x07ce, 0x07cf, 0x07d0, 0x07d2, 0x07d3,
    0x07d4, 0x07d5, 0x07d6, 0x07d7, 0x07d8, 0x07d9, 0x07da, 0x07db, 0x07dc, 0x07e0, 0x07e1, 0x07e2, 0x07e3, 0x07e4, 0x07e5, 0x07e6,
    0x07e7, 0x07e8, 0x07e9, 0x07ea, 0x07eb, 0x07ec, 0x07ed, 0x07ee, 0x07ef, 0x07f0, 0x07f2, 0x07f3, 0x07f4, 0x07f5, 0x07f6, 0x07f7,
    0x07f8, 0x07f9, 0x07fa, 0x07fb, 0x07fc, 0x0800, 0x0801, 0x0802, 0x0803, 0x0804, 0x0805, 0x0806, 0x0807, 0x0808, 0x0809, 0x080a,
    0x080b, 0x080c, 0x080d, 0x080e, 0x080f, 0x0810, 0x0812, 0x0813, 0x0814, 0x0815, 0x0816, 0x0817, 0x0818, 0x0819, 0x081a, 0x081b,
    0x081c, 0x0820, 0x0821, 0x0822, 0x0823, 0x0824, 0x0825, 0x0826, 0x0827, 0x0828, 0x0829, 0x082a, 0x082b, 0x082c, 0x082d, 0x082e,
    0x082f, 0x0830, 0x0832, 0x0833, 0x0834, 0x0835, 0x0836, 0x0837, 0x0838, 0x0839, 0x083a, 0x083b, 0x083c, 0x084e, 0x084f, 0x0850,
    0x0851, 0x0852, 0x0853, 0x0854, 0x0855, 0x0856, 0x0857, 0x0858, 0x0859, 0x085a, 0x085b, 0x085c, 0x085d, 0x085e, 0x0860, 0x0861,
    0x0862, 0x0863, 0x0864, 0x0865, 0x0866, 0x0867, 0x0868, 0x0869, 0x086a, 0x086e, 0x086f, 0x0870, 0x0871, 0x0872, 0x0873, 0x0874,
    0x0875, 0x0876, 0x0877, 0x0878, 0x0879, 0x087a, 0x087b, 0x087c, 0x087d, 0x087e, 0x0880, 0x0881, 0x0882, 0x0883, 0x0884, 0x0885,
    0x0886, 0x0887, 0x0888, 0x0889, 0x088a, 0x088e, 0x088f, 0x0890, 0x0891, 0x0892, 0x0893, 0x0894, 0x0895, 0x0896, 0x0897, 0x0898,
    0x0899, 0x089a, 0x089b, 0x089c, 0x089d, 0x089e, 0x08a0, 0x08a1, 0x08a2, 0x08a3, 0x08a4, 0x08a5, 0x08a6, 0x08a7, 0x08a8, 0x08a9,
    0x08aa, 0x08ae, 0x08af, 0x08b0, 0x08b1, 0x08b2, 0x08b3, 0x08b4, 0x08b5, 0x08b6, 0x08b7, 0x08b8, 0x08b9, 0x08ba, 0x08bb, 0x08bc,
    0x08bd, 0x08be, 0x08c0, 0x08c1, 0x08c2, 0x08c3, 0x08c4, 0x08c5, 0x08c6, 0x08c7, 0x08c8, 0x08c9, 0x08ca, 0x08ce, 0x08cf, 0x08d0,
    0x08d1, 0x08d2, 0x08d3, 0x08d4, 0x08d5, 0x08d6, 0x08d7, 0x08d8, 0x08d9, 0x08da, 0x08db, 0x08dc, 0x08dd, 0x08de, 0x08e0, 0x08e1,
    0x08e2, 0x08e3, 0x08e4, 0x08e5, 0x08e6, 0x08e7, 0x08e8, 0x08e9, 0x08ea, 0x08ee, 0x08ef, 0x08f0, 0x08f1, 0x08f2, 0x08f3, 0x08f4,
    0x08f5, 0x08f6, 0x08f7, 0x08f8, 0x08f9, 0x08fa, 0x08fb, 0x08fc, 0x08fd, 0x08fe, 0x0900, 0x0901, 0x0902, 0x0903, 0x0904, 0x0905,
    0x0906, 0x0907, 0x0908, 0x0909, 0x090a, 0x091c, 0x091d, 0x091e, 0x091f, 0x0920, 0x0921, 0x0922, 0x0923, 0x0924, 0x0925, 0x0926,
    0x0927, 0x0928, 0x0929, 0x092a, 0x092b, 0x092c, 0x092e, 0x092f, 0x0930, 0x0931, 0x0932, 0x0933, 0x0934, 0x0935, 0x0936, 0x0937,
    0x0938, 0x093c, 0x093d, 0x093e, 0x093f, 0x0940, 0x0941, 0x0942, 0x0943, 0x0944, 0x0945, 0x0946, 0x0947, 0x0948, 0x0949, 0x094a,
    0x094b, 0x094c, 0x094e, 0x094f, 0x0950, 0x0951, 0x0952, 0x0953, 0x0954, 0x0955, 0x0956, 0x0957, 0x0958, 0x095c, 0x095d, 0x095e,
    0x095f, 0x0960, 0x0961, 0x0962, 0x0963, 0x0964, 0x0965, 0x0966, 0x0967, 0x0968, 0x0969, 0x096a, 0x096b, 0x096c, 0x096e, 0x096f,
    0x0970, 0x0971, 0x0972, 0x0973, 0x0974, 0x0975, 0x0976, 0x0977, 0x0978, 0x097c, 0x097d, 0x097e, 0x097f, 0x0980, 0x0981, 0x0982,
    0x0983, 0x0984, 0x0985, 0x0986, 0x0987, 0x0988, 0x0989, 0x098a, 0x098b, 0x098c, 0x098e, 0x098f, 0x0990, 0x0991, 0x0992, 0x0993,
    0x0994, 0x0995, 0x0996, 0x0997, 0x0998, 0x099c, 0x099d, 0x099e, 0x099f, 0x09a0, 0x09a1, 0x09a2, 0x09a3, 0x09a4, 0x09a5, 0x09a6,
    0x09a7, 0x09a8, 0x09a9, 0x09aa, 0x09ab, 0x09ac, 0x09ae, 0x09af, 0x09b0, 0x09b1, 0x09b2, 0x09b3, 0x09b4, 0x09b5, 0x09b6, 0x09b7,
    0x09b8, 0x09bc, 0x09bd, 0x09be, 0x09bf, 0x09c0, 0x09c1, 0x09c2, 0x09c3, 0x09c4, 0x09c5, 0x09c6, 0x09c7, 0x09c8, 0x09c9, 0x09ca,
    0x09cb, 0x09cc, 0x09ce, 0x09cf, 0x09d0, 0x09d1, 0x09d2, 0x09d3, 0x09d4, 0x09d5, 0x09d6, 0x09d7, 0x09d8, 0x09ea, 0x09eb, 0x09ec,
    0x09ed, 0x09ee, 0x09ef, 0x09f0, 0x09f1, 0x09f2, 0x09f3, 0x09f4, 0x09f5, 0x09f6, 0x09f7, 0x09f8, 0x09f9, 0x09fa, 0x09fc, 0x09fd,
    0x09fe, 0x09ff, 0x0a00, 0x0a01, 0x0a02, 0x0a03, 0x0a04, 0x0a05, 0x0a06, 0x0a0a, 0x0a0b, 0x0a0c, 0x0a0d, 0x0a0e, 0x0a0f, 0x0a10,
    0x0a11, 0x0a12, 0x0a13, 0x0a14, 0x0a15, 0x0a16, 0x0a17, 0x0a18, 0x0a19, 0x0a1a, 0x0a1c, 0x0a1d, 0x0a1e, 0x0a1f, 0x0a20, 0x0a21,
    0x0a22, 0x0a23, 0x0a24, 0x0a25, 0x0a26, 0x0a2a, 0x0a2b, 0x0a2c, 0x0a2d, 0x0a2e, 0x0a2f, 0x0a30, 0x0a31, 0x0a32, 0x0a33, 0x0a34,
    0x0a35, 0x0a36, 0x0a37, 0x0a38, 0x0a39, 0x0a3a, 0x0a3c, 0x0a3d, 0x0a3e, 0x0a3f, 0x0a40, 0x0a41, 0x0a42, 0x0a43, 0x0a44, 0x0a45,
    0x0a46, 0x0a4a, 0x0a4b, 0x0a4c, 0x0a4d, 0x0a4e, 0x0a4f, 0x0a50, 0x0a51, 0x0a52, 0x0a53, 0x0a54, 0x0a55, 0x0a56, 0x0a57, 0x0a58,
    0x0a59, 0x0a5a, 0x0a5c, 0x0a5d, 0x0a5e, 0x0a5f, 0x0a60, 0x0a61, 0x0a62, 0x0a63, 0x0a64, 0x0a65, 0x0a66, 0x0ad8, 0x0ad9, 0x0ada,
    0x0adb, 0x0adc, 0x0add, 0x0ade, 0x0adf, 0x0ae0, 0x0ae1, 0x0ae2, 0x0ae3, 0x0ae4, 0x0ae5, 0x0ae6, 0x0ae7, 0x0ae8, 0x0aea, 0x0aeb,
    0x0aec, 0x0aed, 0x0aee, 0x0aef, 0x0af0, 0x0af1, 0x0af2, 0x0af3, 0x0af4, 0x0af8, 0x0af9, 0x0afa, 0x0afb, 0x0afc, 0x0afd, 0x0afe,
    0x0aff, 0x0b00, 0x0b01, 0x0b02, 0x0b03, 0x0b04, 0x0b05, 0x0b06, 0x0b07, 0x0b08, 0x0b0a, 0x0b0b, 0x0b0c, 0x0b0d, 0x0b0e, 0x0b0f,
    0x0b10, 0x0b11, 0x0b12, 0x0b13, 0x0b14, 0x0b18, 0x0b19, 0x0b1a, 0x0b1b, 0x0b1c, 0x0b1d, 0x0b1e, 0x0b1f, 0x0b20, 0x0b21, 0x0b22,
    0x0b23, 0x0b24, 0x0b25, 0x0b26, 0x0b27, 0x0b28, 0x0b2a, 0x0b2b, 0x0b2c, 0x0b2d, 0x0b2e, 0x0b2f, 0x0b30, 0x0b31, 0x0b32, 0x0b33,
    0x0b34, 0x0b38, 0x0b39, 0x0b3a, 0x0b3b, 0x0b3c, 0x0b3d, 0x0b3e, 0x0b3f, 0x0b40, 0x0b41, 0x0b42, 0x0b43, 0x0b44, 0x0b45, 0x0b46,
    0x0b47, 0x0b48, 0x0b4a, 0x0b4b, 0x0b4c, 0x0b4d, 0x0b4e, 0x0b4f, 0x0b50, 0x0b51, 0x0b52, 0x0b53, 0x0b54, 0x0b58, 0x0b59, 0x0b5a,
    0x0b5b, 0x0b5c, 0x0b5d, 0x0b5e, 0x0b5f, 0x0b60, 0x0b61, 0x0b62, 0x0b63, 0x0b64, 0x0b65, 0x0b66, 0x0b67, 0x0b68, 0x0b6a, 0x0b6b,
    0x0b6c, 0x0b6d, 0x0b6e, 0x0b6f, 0x0b70, 0x0b71, 0x0b72, 0x0b73, 0x0b74, 0x0b86, 0x0b87, 0x0b88, 0x0b89, 0x0b8a, 0x0b8b, 0x0b8c,
    0x0b8d, 0x0b8e, 0x0b8f, 0x0b90, 0x0b91, 0x0b92, 0x0b93, 0x0b94, 0x0b95, 0x0b96, 0x0b98, 0x0b99, 0x0b9a, 0x0b9b, 0x0b9c, 0x0b9d,
    0x0b9e, 0x0b9f, 0x0ba0, 0x0ba1, 0x0ba2, 0x0ba6, 0x0ba7, 0x0ba8, 0x0ba9, 0x0baa, 0x0bab, 0x0bac, 0x0bad, 0x0bae, 0x0baf, 0x0bb0,
    0x0bb1, 0x0bb2, 0x0bb3, 0x0bb4, 0x0bb5, 0x0bb6, 0x0bb8, 0x0bb9, 0x0bba, 0x0bbb, 0x0bbc, 0x0bbd, 0x0bbe, 0x0bbf, 0x0bc0, 0x0bc1,
    0x0bc2, 0x0bc6, 0x0bc7, 0x0bc8, 0x0bc9, 0x0bca, 0x0bcb, 0x0bcc, 0x0bcd, 0x0bce, 0x0bcf, 0x0bd0, 0x0bd1, 0x0bd2, 0x0bd3, 0x0bd4,
    0x0bd5, 0x0bd6, 0x0bd8, 0x0bd9, 0x0bda, 0x0bdb, 0x0bdc, 0x0bdd, 0x0bde, 0x0bdf, 0x0be0, 0x0be1, 0x0be2, 0x0be6, 0x0be7, 0x0be8,
    0x0be9, 0x0bea, 0x0beb, 0x0bec, 0x0bed, 0x0bee, 0x0bef, 0x0bf0, 0x0bf1, 0x0bf2, 0x0bf3, 0x0bf4, 0x0bf5, 0x0bf6, 0x0bf8, 0x0bf9,
    0x0bfa, 0x0bfb, 0x0bfc, 0x0bfd, 0x0bfe, 0x0bff, 0x0c00, 0x0c01, 0x0c02, 0x0c06, 0x0c07, 0x0c08, 0x0c09, 0x0c0a, 0x0c0b, 0x0c0c,
    0x0c0d, 0x0c0e, 0x0c0f, 0x0c10, 0x0c11, 0x0c12, 0x0c13, 0x0c14, 0x0c15, 0x0c16, 0x0c18, 0x0c19, 0x0c1a, 0x0c1b, 0x0c1c, 0x0c1d,
    0x0c1e, 0x0c1f, 0x0c20, 0x0c21, 0x0c22, 0x0c26, 0x0c27, 0x0c28, 0x0c29, 0x0c2a, 0x0c2b, 0x0c2c, 0x0c2d, 0x0c2e, 0x0c2f, 0x0c30,
    0x0c31, 0x0c32, 0x0c33, 0x0c34, 0x0c35, 0x0c36, 0x0c38, 0x0c39, 0x0c3a, 0x0c3b, 0x0c3c, 0x0c3d, 0x0c3e, 0x0c3f, 0x0c40, 0x0c41,
    0x0c42, 0x0c54, 0x0c55, 0x0c56, 0x0c57, 0x0c58, 0x0c59, 0x0c5a, 0x0c5b, 0x0c5c, 0x0c5d, 0x0c5e, 0x0c5f, 0x0c60, 0x0c61, 0x0c62,
    0x0c63, 0x0c64, 0x0c66, 0x0c67, 0x0c68, 0x0c69, 0x0c6a, 0x0c6b, 0x0c6c, 0x0c6d, 0x0c6e, 0x0c6f, 0x0c70, 0x0c74, 0x0c75, 0x0c76,
    0x0c77, 0x0c78, 0x0c79, 0x0c7a, 0x0c7b, 0x0c7c, 0x0c7d, 0x0c7e, 0x0c7f, 0x0c80, 0x0c81, 0x0c82, 0x0c83, 0x0c84, 0x0c86, 0x0c87,
    0x0c88, 0x0c89, 0x0c8a, 0x0c8b, 0x0c8c, 0x0c8d, 0x0c8e, 0x0c8f, 0x0c90, 0x0c94, 0x0c95, 0x0c96, 0x0c97, 0x0c98, 0x0c99, 0x0c9a,
    0x0c9b, 0x0c9c, 0x0c9d, 0x0c9e, 0x0c9f, 0x0ca0, 0x0ca1, 0x0ca2, 0x0ca3, 0x0ca4, 0x0ca6, 0x0ca7, 0x0ca8, 0x0ca9, 0x0caa, 0x0cab,
    0x0cac, 0x0cad, 0x0cae, 0x0caf, 0x0cb0, 0x0cb4, 0x0cb5, 0x0cb6, 0x0cb7, 0x0cb8, 0x0cb9, 0x0cba, 0x0cbb, 0x0cbc, 0x0cbd, 0x0cbe,
    0x0cbf, 0x0cc0, 0x0cc1, 0x0cc2, 0x0cc3, 0x0cc4, 0x0cc6, 0x0cc7, 0x0cc8, 0x0cc9, 0x0cca, 0x0ccb, 0x0ccc, 0x0ccd, 0x0cce, 0x0ccf,
    0x0cd0, 0x0cd4, 0x0cd5, 0x0cd6, 0x0cd7, 0x0cd8, 0x0cd9, 0x0cda, 0x0cdb, 0x0cdc, 0x0cdd, 0x0cde, 0x0cdf, 0x0ce0, 0x0ce1, 0x0ce2,
    0x0ce3, 0x0ce4, 0x0ce6, 0x0ce7, 0x0ce8, 0x0ce9, 0x0cea, 0x0ceb, 0x0cec, 0x0ced, 0x0cee, 0x0cef, 0x0cf0, 0x0cf4, 0x0cf5, 0x0cf6,
    0x0cf7, 0x0cf8, 0x0cf9, 0x0cfa, 0x0cfb, 0x0cfc, 0x0cfd, 0x0cfe, 0x0cff, 0x0d00, 0x0d01, 0x0d02, 0x0d03, 0x0d04, 0x0d06, 0x0d07,
    0x0d08, 0x0d09, 0x0d0a, 0x0d0b, 0x0d0c, 0x0d0d, 0x0d0e, 0x0d0f, 0x0d10, 0x0d22, 0x0d23, 0x0d24, 0x0d25, 0x0d26, 0x0d27, 0x0d28,
    0x0d29, 0x0d2a, 0x0d2b, 0x0d2c, 0x0d2d, 0x0d2e, 0x0d2f, 0x0d30, 0x0d31, 0x0d32, 0x0d34, 0x0d35, 0x0d36, 0x0d37, 0x0d38, 0x0d39,
    0x0d3a, 0x0d3b, 0x0d3c, 0x0d3d, 0x0d3e, 0x0d42, 0x0d43, 0x0d44, 0x0d45, 0x0d46, 0x0d47, 0x0d48, 0x0d49, 0x0d4a, 0x0d4b, 0x0d4c,
    0x0d4d, 0x0d4e, 0x0d4f, 0x0d50, 0x0d51, 0x0d52, 0x0d54, 0x0d55, 0x0d56, 0x0d57, 0x0d58, 0x0d59, 0x0d5a, 0x0d5b, 0x0d5c, 0x0d5d,
    0x0d5e, 0x0d62, 0x0d63, 0x0d64, 0x0d65, 0x0d66, 0x0d67, 0x0d68, 0x0d69, 0x0d6a, 0x0d6b, 0x0d6c, 0x0d6d, 0x0d6e, 0x0d6f, 0x0d70,
    0x0d71, 0x0d72, 0x0d74, 0x0d75, 0x0d76, 0x0d77, 0x0d78, 0x0d79, 0x0d7a, 0x0d7b, 0x0d7c, 0x0d7d, 0x0d7e, 0x0d82, 0x0d83, 0x0d84,
    0x0d85, 0x0d86, 0x0d87, 0x0d88, 0x0d89, 0x0d8a, 0x0d8b, 0x0d8c, 0x0d8d, 0x0d8e, 0x0d8f, 0x0d90, 0x0d91, 0x0d92, 0x0d94, 0x0d95,
    0x0d96, 0x0d97, 0x0d98, 0x0d99, 0x0d9a, 0x0d9b, 0x0d9c, 0x0d9d, 0x0d9e, 0x0e10, 0x0e11, 0x0e12, 0x0e13, 0x0e14, 0x0e15, 0x0e16,
    0x0e17, 0x0e18, 0x0e19, 0x0e1a, 0x0e1b, 0x0e1c, 0x0e1d, 0x0e1e, 0x0e1f, 0x0e20, 0x0e22, 0x0e23, 0x0e24, 0x0e25, 0x0e26, 0x0e27,
    0x0e28, 0x0e29, 0x0e2a, 0x0e2b, 0x0e2c, 0x0e30, 0x0e31, 0x0e32, 0x0e33, 0x0e34, 0x0e35, 0x0e36, 0x0e37, 0x0e38, 0x0e39, 0x0e3a,
    0x0e3b, 0x0e3c, 0x0e3d, 0x0e3e, 0x0e3f, 0x0e40, 0x0e42, 0x0e43, 0x0e44, 0x0e45, 0x0e46, 0x0e47, 0x0e48, 0x0e49, 0x0e4a, 0x0e4b,
    0x0e4c, 0x0e50, 0x0e51, 0x0e52, 0x0e53, 0x0e54, 0x0e55, 0x0e56, 0x0e57, 0x0e58, 0x0e59, 0x0e5a, 0x0e5b, 0x0e5c, 0x0e5d, 0x0e5e,
    0x0e5f, 0x0e60, 0x0e62, 0x0e63, 0x0e64, 0x0e65, 0x0e66, 0x0e67, 0x0e68, 0x0e69, 0x0e6a, 0x0e6b, 0x0e6c, 0x0e70, 0x0e71, 0x0e72,
    0x0e73, 0x0e74, 0x0e75, 0x0e76, 0x0e77, 0x0e78, 0x0e79, 0x0e7a, 0x0e7b, 0x0e7c, 0x0e7d, 0x0e7e, 0x0e7f, 0x0e80, 0x0e82, 0x0e83,
    0x0e84, 0x0e85, 0x0e86, 0x0e87, 0x0e88, 0x0e89, 0x0e8a, 0x0e8b, 0x0e8c, 0x0e90, 0x0e91, 0x0e92, 0x0e93, 0x0e94, 0x0e95, 0x0e96,
    0x0e97, 0x0e98, 0x0e99, 0x0e9a, 0x0e9b, 0x0e9c, 0x0e9d, 0x0e9e, 0x0e9f, 0x0ea0, 0x0ea2, 0x0ea3, 0x0ea4, 0x0ea5, 0x0ea6, 0x0ea7,
    0x0ea8, 0x0ea9, 0x0eaa, 0x0eab, 0x0eac, 0x0ebe, 0x0ebf, 0x0ec0, 0x0ec1, 0x0ec2, 0x0ec3, 0x0ec4, 0x0ec5, 0x0ec6, 0x0ec7, 0x0ec8,
    0x0ec9, 0x0eca, 0x0ecb, 0x0ecc, 0x0ecd, 0x0ece, 0x0ed0, 0x0ed1, 0x0ed2, 0x0ed3, 0x0ed4, 0x0ed5, 0x0ed6, 0x0ed7, 0x0ed8, 0x0ed9,
    0x0eda, 0x0ede, 0x0edf, 0x0ee0, 0x0ee1, 0x0ee2, 0x0ee3, 0x0ee4, 0x0ee5, 0x0ee6, 0x0ee7, 0x0ee8, 0x0ee9, 0x0eea, 0x0eeb, 0x0eec,
    0x0eed, 0x0eee, 0x0ef0, 0x0ef1, 0x0ef2, 0x0ef3, 0x0ef4, 0x0ef5, 0x0ef6, 0x0ef7, 0x0ef8, 0x0ef9, 0x0efa, 0x0efe, 0x0eff, 0x0f00,
    0x0f01, 0x0f02, 0x0f03, 0x0f04, 0x0f05, 0x0f06, 0x0f07, 0x0f08, 0x0f09, 0x0f0a, 0x0f0b, 0x0f0c, 0x0f0d, 0x0f0e, 0x0f10, 0x0f11,
    0x0f12, 0x0f13, 0x0f14, 0x0f15, 0x0f16, 0x0f17, 0x0f18, 0x0f19, 0x0f1a, 0x0f1e, 0x0f1f, 0x0f20, 0x0f21, 0x0f22, 0x0f23, 0x0f24,
    0x0f25, 0x0f26, 0x0f27, 0x0f28, 0x0f29, 0x0f2a, 0x0f2b, 0x0f2c, 0x0f2d, 0x0f2e, 0x0f30, 0x0f31, 0x0f32, 0x0f33, 0x0f34, 0x0f35,
    0x0f36, 0x0f37, 0x0f38, 0x0f39, 0x0f3a, 0x0f3e, 0x0f3f, 0x0f40, 0x0f41, 0x0f42, 0x0f43, 0x0f44, 0x0f45, 0x0f46, 0x0f47, 0x0f48,
    0x0f49, 0x0f4a, 0x0f4b, 0x0f4c, 0x0f4d, 0x0f4e, 0x0f50, 0x0f51, 0x0f52, 0x0f53, 0x0f54, 0x0f55, 0x0f56, 0x0f57, 0x0f58, 0x0f59,
    0x0f5a, 0x0f5e, 0x0f5f, 0x0f60, 0x0f61, 0x0f62, 0x0f63, 0x0f64, 0x0f65, 0x0f66, 0x0f67, 0x0f68, 0x0f69, 0x0f6a, 0x0f6b, 0x0f6c,
    0x0f6d, 0x0f6e, 0x0f70, 0x0f71, 0x0f72, 0x0f73, 0x0f74, 0x0f75, 0x0f76, 0x0f77, 0x0f78, 0x0f79, 0x0f7a, 0x0f8c, 0x0f8d, 0x0f8e,
    0x0f8f, 0x0f90, 0x0f91, 0x0f92, 0x0f93, 0x0f94, 0x0f95, 0x0f96, 0x0f97, 0x0f98, 0x0f99, 0x0f9a, 0x0f9b, 0x0f9c, 0x0f9e, 0x0f9f,
    0x0fa0, 0x0fa1, 0x0fa2, 0x0fa3, 0x0fa4, 0x0fa5, 0x0fa6, 0x0fa7, 0x0fa8, 0x0fac, 0x0fad, 0x0fae, 0x0faf, 0x0fb0, 0x0fb1, 0x0fb2,
    0x0fb3, 0x0fb4, 0x0fb5, 0x0fb6, 0x0fb7, 0x0fb8, 0x0fb9, 0x0fba, 0x0fbb, 0x0fbc, 0x0fbe, 0x0fbf, 0x0fc0, 0x0fc1, 0x0fc2, 0x0fc3,
    0x0fc4, 0x0fc5, 0x0fc6, 0x0fc7, 0x0fc8, 0x0fcc, 0x0fcd, 0x0fce, 0x0fcf, 0x0fd0, 0x0fd1, 0x0fd2, 0x0fd3, 0x0fd4, 0x0fd5, 0x0fd6,
    0x0fd7, 0x0fd8, 0x0fd9, 0x0fda, 0x0fdb, 0x0fdc, 0x0fde, 0x0fdf, 0x0fe0, 0x0fe1, 0x0fe2, 0x0fe3, 0x0fe4, 0x0fe5, 0x0fe6, 0x0fe7,
    0x0fe8, 0x0fec, 0x0fed, 0x0fee, 0x0fef, 0x0ff0, 0x0ff1, 0x0ff2, 0x0ff3, 0x0ff4, 0x0ff5, 0x0ff6, 0x0ff7, 0x0ff8, 0x0ff9, 0x0ffa,
    0x0ffb, 0x0ffc, 0x0ffe, 0x0fff, 0x1000, 0x1001, 0x1002, 0x1003, 0x1004, 0x1005, 0x1006, 0x1007, 0x1008, 0x100c, 0x100d, 0x100e,
    0x100f, 0x1010, 0x1011, 0x1012, 0x1013, 0x1014, 0x1015, 0x1016, 0x1017, 0x1018, 0x1019, 0x101a, 0x101b, 0x101c, 0x101e, 0x101f,
    0x1020, 0x1021, 0x1022, 0x1023, 0x1024, 0x1025, 0x1026, 0x1027, 0x1028, 0x102c, 0x102d, 0x102e, 0x102f, 0x1030, 0x1031, 0x1032,
    0x1033, 0x1034, 0x1035, 0x1036, 0x1037, 0x1038, 0x1039, 0x103a, 0x103b, 0x103c, 0x103e, 0x103f, 0x1040, 0x1041, 0x1042, 0x1043,
    0x1044, 0x1045, 0x1046, 0x1047, 0x1048, 0x105a, 0x105b, 0x105c, 0x105d, 0x105e, 0x105f, 0x1060, 0x1061, 0x1062, 0x1063, 0x1064,
    0x1065, 0x1066, 0x1067, 0x1068, 0x1069, 0x106a, 0x106c, 0x106d, 0x106e, 0x106f, 0x1070, 0x1071, 0x1072, 0x1073, 0x1074, 0x1075,
    0x1076, 0x107a, 0x107b, 0x107c, 0x107d, 0x107e, 0x107f, 0x1080, 0x1081, 0x1082, 0x1083, 0x1084, 0x1085, 0x1086, 0x1087, 0x1088,
    0x1089, 0x108a, 0x108c, 0x108d, 0x108e, 0x108f, 0x1090, 0x1091, 0x1092, 0x1093, 0x1094, 0x1095, 0x1096, 0x109a, 0x109b, 0x109c,
    0x109d, 0x109e, 0x109f, 0x10a0, 0x10a1, 0x10a2, 0x10a3, 0x10a4, 0x10a5, 0x10a6, 0x10a7, 0x10a8, 0x10a9, 0x10aa, 0x10ac, 0x10ad,
    0x10ae, 0x10af, 0x10b0, 0x10b1, 0x10b2, 0x10b3, 0x10b4, 0x10b5, 0x10b6, 0x10ba, 0x10bb, 0x10bc, 0x10bd, 0x10be, 0x10bf, 0x10c0,
    0x10c1, 0x10c2, 0x10c3, 0x10c4, 0x10c5, 0x10c6, 0x10c7, 0x10c8, 0x10c9, 0x10ca, 0x10cc, 0x10cd, 0x10ce, 0x10cf, 0x10d0, 0x10d1,
    0x10d2, 0x10d3, 0x10d4, 0x10d5, 0x10d6, 0x1148, 0x1149, 0x114a, 0x114b, 0x114c, 0x114d, 0x114e, 0x114f, 0x1150, 0x1151, 0x1152,
    0x1153, 0x1154, 0x1155, 0x1156, 0x1157, 0x1158, 0x115a, 0x115b, 0x115c, 0x115d, 0x115e, 0x115f, 0x1160, 0x1161, 0x1162, 0x1163,
    0x1164, 0x1168, 0x1169, 0x116a, 0x116b, 0x116c, 0x116d, 0x116e, 0x116f, 0x1170, 0x1171, 0x1172, 0x1173, 0x1174, 0x1175, 0x1176,
    0x1177, 0x1178, 0x117a, 0x117b, 0x117c, 0x117d, 0x117e, 0x117f, 0x1180, 0x1181, 0x1182, 0x1183, 0x1184, 0x1188, 0x1189, 0x118a,
    0x118b, 0x118c, 0x118d, 0x118e, 0x118f, 0x1190, 0x1191, 0x1192, 0x1193, 0x1194, 0x1195, 0x1196, 0x1197, 0x1198, 0x119a, 0x119b,
    0x119c, 0x119d, 0x119e, 0x119f, 0x11a0, 0x11a1, 0x11a2, 0x11a3, 0x11a4, 0x11a8, 0x11a9, 0x11aa, 0x11ab, 0x11ac, 0x11ad, 0x11ae,
    0x11af, 0x11b0, 0x11b1, 0x11b2, 0x11b3, 0x11b4, 0x11b5, 0x11b6, 0x11b7, 0x11b8, 0x11ba, 0x11bb, 0x11bc, 0x11bd, 0x11be, 0x11bf,
    0x11c0, 0x11c1, 0x11c2, 0x11c3, 0x11c4, 0x11c8, 0x11c9, 0x11ca, 0x11cb, 0x11cc, 0x11cd, 0x11ce, 0x11cf, 0x11d0, 0x11d1, 0x11d2,
    0x11d3, 0x11d4, 0x11d5, 0x11d6, 0x11d7, 0x11d8, 0x11da, 0x11db, 0x11dc, 0x11dd, 0x11de, 0x11df, 0x11e0, 0x11e1, 0x11e2, 0x11e3,
    0x11e4, 0x11f6, 0x11f7, 0x11f8, 0x11f9, 0x11fa, 0x11fb, 0x11fc, 0x11fd, 0x11fe, 0x11ff, 0x1200, 0x1201, 0x1202, 0x1203, 0x1204,
    0x1205, 0x1206, 0x1208, 0x1209, 0x120a, 0x120b, 0x120c, 0x120d, 0x120e, 0x120f, 0x1210, 0x1211, 0x1212, 0x1216, 0x1217, 0x1218,
    0x1219, 0x121a, 0x121b, 0x121c, 0x121d, 0x121e, 0x121f, 0x1220, 0x1221, 0x1222, 0x1223, 0x1224, 0x1225, 0x1226, 0x1228, 0x1229,
    0x122a, 0x122b, 0x122c, 0x122d, 0x122e, 0x122f, 0x1230, 0x1231, 0x1232, 0x1236, 0x1237, 0x1238, 0x1239, 0x123a, 0x123b, 0x123c,
    0x123d, 0x123e, 0x123f, 0x1240, 0x1241, 0x1242, 0x1243, 0x1244, 0x1245, 0x1246, 0x1248, 0x1249, 0x124a, 0x124b, 0x124c, 0x124d,
    0x124e, 0x124f, 0x1250, 0x1251, 0x1252, 0x1256, 0x1257, 0x1258, 0x1259, 0x125a, 0x125b, 0x125c, 0x125d, 0x125e, 0x125f, 0x1260,
    0x1261, 0x1262, 0x1263, 0x1264, 0x1265, 0x1266, 0x1268, 0x1269, 0x126a, 0x126b, 0x126c, 0x126d, 0x126e, 0x126f, 0x1270, 0x1271,
    0x1272, 0x1276, 0x1277, 0x1278, 0x1279, 0x127a, 0x127b, 0x127c, 0x127d, 0x127e, 0x127f, 0x1280, 0x1281, 0x1282, 0x1283, 0x1284,
    0x1285, 0x1286, 0x1288, 0x1289, 0x128a, 0x128b, 0x128c, 0x128d, 0x128e, 0x128f, 0x1290, 0x1291, 0x1292, 0x1296, 0x1297, 0x1298,
    0x1299, 0x129a, 0x129b, 0x129c, 0x129d, 0x129e, 0x129f, 0x12a0, 0x12a1, 0x12a2, 0x12a3, 0x12a4, 0x12a5, 0x12a6, 0x12a8, 0x12a9,
    0x12aa, 0x12ab, 0x12ac, 0x12ad, 0x12ae, 0x12af, 0x12b0, 0x12b1, 0x12b2, 0x12c4, 0x12c5, 0x12c6, 0x12c7, 0x12c8, 0x12c9, 0x12ca,
    0x12cb, 0x12cc, 0x12cd, 0x12ce, 0x12cf, 0x12d0, 0x12d1, 0x12d2, 0x12d3, 0x12d4, 0x12d6, 0x12d7, 0x12d8, 0x12d9, 0x12da, 0x12db,
    0x12dc, 0x12dd, 0x12de, 0x12df, 0x12e0, 0x12e4, 0x12e5, 0x12e6, 0x12e7, 0x12e8, 0x12e9, 0x12ea, 0x12eb, 0x12ec, 0x12ed, 0x12ee,
    0x12ef, 0x12f0, 0x12f1, 0x12f2, 0x12f3, 0x12f4, 0x12f6, 0x12f7, 0x12f8, 0x12f9, 0x12fa, 0x12fb, 0x12fc, 0x12fd, 0x12fe, 0x12ff,
    0x1300, 0x1304, 0x1305, 0x1306, 0x1307, 0x1308, 0x1309, 0x130a, 0x130b, 0x130c, 0x130d, 0x130e, 0x130f, 0x1310, 0x1311, 0x1312,
    0x1313, 0x1314, 0x1316, 0x1317, 0x1318, 0x1319, 0x131a, 0x131b, 0x131c, 0x131d, 0x131e, 0x131f, 0x1320, 0x1324, 0x1325, 0x1326,
    0x1327, 0x1328, 0x1329, 0x132a, 0x132b, 0x132c, 0x132d, 0x132e, 0x132f, 0x1330, 0x1331, 0x1332, 0x1333, 0x1334, 0x1336, 0x1337,
    0x1338, 0x1339, 0x133a, 0x133b, 0x133c, 0x133d, 0x133e, 0x133f, 0x1340, 0x1344, 0x1345, 0x1346, 0x1347, 0x1348, 0x1349, 0x134a,
    0x134b, 0x134c, 0x134d, 0x134e, 0x134f, 0x1350, 0x1351, 0x1352, 0x1353, 0x1354, 0x1356, 0x1357, 0x1358, 0x1359, 0x135a, 0x135b,
    0x135c, 0x135d, 0x135e, 0x135f, 0x1360, 0x1364, 0x1365, 0x1366, 0x1367, 0x1368, 0x1369, 0x136a, 0x136b, 0x136c, 0x136d, 0x136e,
    0x136f, 0x1370, 0x1371, 0x1372, 0x1373, 0x1374, 0x1376, 0x1377, 0x1378, 0x1379, 0x137a, 0x137b, 0x137c, 0x137d, 0x137e, 0x137f,
    0x1380, 0x1392, 0x1393, 0x1394, 0x1395, 0x1396, 0x1397, 0x1398, 0x1399, 0x139a, 0x139b, 0x139c, 0x139d, 0x139e, 0x139f, 0x13a0,
    0x13a1, 0x13a2, 0x13a4, 0x13a5, 0x13a6, 0x13a7, 0x13a8, 0x13a9, 0x13aa, 0x13ab, 0x13ac, 0x13ad, 0x13ae, 0x13b2, 0x13b3, 0x13b4,
    0x13b5, 0x13b6, 0x13b7, 0x13b8, 0x13b9, 0x13ba, 0x13bb, 0x13bc, 0x13bd, 0x13be, 0x13bf, 0x13c0, 0x13c1, 0x13c2, 0x13c4, 0x13c5,
    0x13c6, 0x13c7, 0x13c8, 0x13c9, 0x13ca, 0x13cb, 0x13cc, 0x13cd, 0x13ce, 0x13d2, 0x13d3, 0x13d4, 0x13d5, 0x13d6, 0x13d7, 0x13d8,
    0x13d9, 0x13da, 0x13db, 0x13dc, 0x13dd, 0x13de, 0x13df, 0x13e0, 0x13e1, 0x13e2, 0x13e4, 0x13e5, 0x13e6, 0x13e7, 0x13e8, 0x13e9,
    0x13ea, 0x13eb, 0x13ec, 0x13ed, 0x13ee, 0x13f2, 0x13f3, 0x13f4, 0x13f5, 0x13f6, 0x13f7, 0x13f8, 0x13f9, 0x13fa, 0x13fb, 0x13fc,
    0x13fd, 0x13fe, 0x13ff, 0x1400, 0x1401, 0x1402, 0x1404, 0x1405, 0x1406, 0x1407, 0x1408, 0x1409, 0x140a, 0x140b, 0x140c, 0x140d,
    0x140e, 0x1480, 0x1481, 0x1482, 0x1483, 0x1484, 0x1485, 0x1486, 0x1487, 0x1488, 0x1489, 0x148a, 0x148b, 0x148c, 0x148d, 0x148e,
    0x148f, 0x1490, 0x1492, 0x1493, 0x1494, 0x1495, 0x1496, 0x1497, 0x1498, 0x1499, 0x149a, 0x149b, 0x149c, 0x14a0, 0x14a1, 0x14a2,
    0x14a3, 0x14a4, 0x14a5, 0x14a6, 0x14a7, 0x14a8, 0x14a9, 0x14aa, 0x14ab, 0x14ac, 0x14ad, 0x14ae, 0x14af, 0x14b0, 0x14b2, 0x14b3,
    0x14b4, 0x14b5, 0x14b6, 0x14b7, 0x14b8, 0x14b9, 0x14ba, 0x14bb, 0x14bc, 0x14c0, 0x14c1, 0x14c2, 0x14c3, 0x14c4, 0x14c5, 0x14c6,
    0x14c7, 0x14c8, 0x14c9, 0x14ca, 0x14cb, 0x14cc, 0x14cd, 0x14ce, 0x14cf, 0x14d0, 0x14d2, 0x14d3, 0x14d4, 0x14d5, 0x14d6, 0x14d7,
    0x14d8, 0x14d9, 0x14da, 0x14db, 0x14dc, 0x14e0, 0x14e1, 0x14e2, 0x14e3, 0x14e4, 0x14e5, 0x14e6, 0x14e7, 0x14e8, 0x14e9, 0x14ea,
    0x14eb, 0x14ec, 0x14ed, 0x14ee, 0x14ef, 0x14f0, 0x14f2, 0x14f3, 0x14f4, 0x14f5, 0x14f6, 0x14f7, 0x14f8, 0x14f9, 0x14fa, 0x14fb,
    0x14fc, 0x1500, 0x1501, 0x1502, 0x1503, 0x1504, 0x1505, 0x1506, 0x1507, 0x1508, 0x1509, 0x150a, 0x150b, 0x150c, 0x150d, 0x150e,
    0x150f, 0x1510, 0x1512, 0x1513, 0x1514, 0x1515, 0x1516, 0x1517, 0x1518, 0x1519, 0x151a, 0x151b, 0x151c, 0x152e, 0x152f, 0x1530,
    0x1531, 0x1532, 0x1533, 0x1534, 0x1535, 0x1536, 0x1537, 0x1538, 0x1539, 0x153a, 0x153b, 0x153c, 0x153d, 0x153e, 0x1540, 0x1541,
    0x1542, 0x1543, 0x1544, 0x1545, 0x1546, 0x1547, 0x1548, 0x1549, 0x154a, 0x154e, 0x154f, 0x1550, 0x1551, 0x1552, 0x1553, 0x1554,
    0x1555, 0x1556, 0x1557, 0x1558, 0x1559, 0x155a, 0x155b, 0x155c, 0x155d, 0x155e, 0x1560, 0x1561, 0x1562, 0x1563, 0x1564, 0x1565,
    0x1566, 0x1567, 0x1568, 0x1569, 0x156a, 0x156e, 0x156f, 0x1570, 0x1571, 0x1572, 0x1573, 0x1574, 0x1575, 0x1576, 0x1577, 0x1578,
    0x1579, 0x157a, 0x157b, 0x157c, 0x157d, 0x157e, 0x1580, 0x1581, 0x1582, 0x1583, 0x1584, 0x1585, 0x1586, 0x1587, 0x1588, 0x1589,
    0x158a, 0x158e, 0x158f, 0x1590, 0x1591, 0x1592, 0x1593, 0x1594, 0x1595, 0x1596, 0x1597, 0x1598, 0x1599, 0x159a, 0x159b, 0x159c,
    0x159d, 0x159e, 0x15a0, 0x15a1, 0x15a2, 0x15a3, 0x15a4, 0x15a5, 0x15a6, 0x15a7, 0x15a8, 0x15a9, 0x15aa, 0x15ae, 0x15af, 0x15b0,
    0x15b1, 0x15b2, 0x15b3, 0x15b4, 0x15b5, 0x15b6, 0x15b7, 0x15b8, 0x15b9, 0x15ba, 0x15bb, 0x15bc, 0x15bd, 0x15be, 0x15c0, 0x15c1,
    0x15c2, 0x15c3, 0x15c4, 0x15c5, 0x15c6, 0x15c7, 0x15c8, 0x15c9, 0x15ca, 0x15ce, 0x15cf, 0x15d0, 0x15d1, 0x15d2, 0x15d3, 0x15d4,
    0x15d5, 0x15d6, 0x15d7, 0x15d8, 0x15d9, 0x15da, 0x15db, 0x15dc, 0x15dd, 0x15de, 0x15e0, 0x15e1, 0x15e2, 0x15e3, 0x15e4, 0x15e5,
    0x15e6, 0x15e7, 0x15e8, 0x15e9, 0x15ea, 0x15fc, 0x15fd, 0x15fe, 0x15ff, 0x1600, 0x1601, 0x1602, 0x1603, 0x1604, 0x1605, 0x1606,
    0x1607, 0x1608, 0x1609, 0x160a, 0x160b, 0x160c, 0x160e, 0x160f, 0x1610, 0x1611, 0x1612, 0x1613, 0x1614, 0x1615, 0x1616, 0x1617,
    0x1618, 0x161c, 0x161d, 0x161e, 0x161f, 0x1620, 0x1621, 0x1622, 0x1623, 0x1624, 0x1625, 0x1626, 0x1627, 0x1628, 0x1629, 0x162a,
    0x162b, 0x162c, 0x162e, 0x162f, 0x1630, 0x1631, 0x1632, 0x1633, 0x1634, 0x1635, 0x1636, 0x1637, 0x1638, 0x163c, 0x163d, 0x163e,
    0x163f, 0x1640, 0x1641, 0x1642, 0x1643, 0x1644, 0x1645, 0x1646, 0x1647, 0x1648, 0x1649, 0x164a, 0x164b, 0x164c, 0x164e, 0x164f,
    0x1650, 0x1651, 0x1652, 0x1653, 0x1654, 0x1655, 0x1656, 0x1657, 0x1658, 0x165c, 0x165d, 0x165e, 0x165f, 0x1660, 0x1661, 0x1662,
    0x1663, 0x1664, 0x1665, 0x1666, 0x1667, 0x1668, 0x1669, 0x166a, 0x166b, 0x166c, 0x166e, 0x166f, 0x1670, 0x1671, 0x1672, 0x1673,
    0x1674, 0x1675, 0x1676, 0x1677, 0x1678, 0x167c, 0x167d, 0x167e, 0x167f, 0x1680, 0x1681, 0x1682, 0x1683, 0x1684, 0x1685, 0x1686,
    0x1687, 0x1688, 0x1689, 0x168a, 0x168b, 0x168c, 0x168e, 0x168f, 0x1690, 0x1691, 0x1692, 0x1693, 0x1694, 0x1695, 0x1696, 0x1697,
    0x1698, 0x169c, 0x169d, 0x169e, 0x169f, 0x16a0, 0x16a1, 0x16a2, 0x16a3, 0x16a4, 0x16a5, 0x16a6, 0x16a7, 0x16a8, 0x16a9, 0x16aa,
    0x16ab, 0x16ac, 0x16ae, 0x16af, 0x16b0, 0x16b1, 0x16b2, 0x16b3, 0x16b4, 0x16b5, 0x16b6, 0x16b7, 0x16b8, 0x16ca, 0x16cb, 0x16cc,
    0x16cd, 0x16ce, 0x16cf, 0x16d0, 0x16d1, 0x16d2, 0x16d3, 0x16d4, 0x16d5, 0x16d6, 0x16d7, 0x16d8, 0x16d9, 0x16da, 0x16dc, 0x16dd,
    0x16de, 0x16df, 0x16e0, 0x16e1, 0x16e2, 0x16e3, 0x16e4, 0x16e5, 0x16e6, 0x16ea, 0x16eb, 0x16ec, 0x16ed, 0x16ee, 0x16ef, 0x16f0,
    0x16f1, 0x16f2, 0x16f3, 0x16f4, 0x16f5, 0x16f6, 0x16f7, 0x16f8, 0x16f9, 0x16fa, 0x16fc, 0x16fd, 0x16fe, 0x16ff, 0x1700, 0x1701,
    0x1702, 0x1703, 0x1704, 0x1705, 0x1706, 0x170a, 0x170b, 0x170c, 0x170d, 0x170e, 0x170f, 0x1710, 0x1711, 0x1712, 0x1713, 0x1714,
    0x1715, 0x1716, 0x1717, 0x1718, 0x1719, 0x171a, 0x171c, 0x171d, 0x171e, 0x171f, 0x1720, 0x1721, 0x1722, 0x1723, 0x1724, 0x1725,
    0x1726, 0x172a, 0x172b, 0x172c, 0x172d, 0x172e, 0x172f, 0x1730, 0x1731, 0x1732, 0x1733, 0x1734, 0x1735, 0x1736, 0x1737, 0x1738,
    0x1739, 0x173a, 0x173c, 0x173d, 0x173e, 0x173f, 0x1740, 0x1741, 0x1742, 0x1743, 0x1744, 0x1745, 0x1746, 0x17b8, 0x17b9, 0x17ba,
    0x17bb, 0x17bc, 0x17bd, 0x17be, 0x17bf, 0x17c0, 0x17c1, 0x17c2, 0x17c3, 0x17c4, 0x17c5, 0x17c6, 0x17c7, 0x17c8, 0x17ca, 0x17cb,
    0x17cc, 0x17cd, 0x17ce, 0x17cf, 0x17d0, 0x17d1, 0x17d2, 0x17d3, 0x17d4, 0x17d8, 0x17d9, 0x17da, 0x17db, 0x17dc, 0x17dd, 0x17de,
    0x17df, 0x17e0, 0x17e1, 0x17e2, 0x17e3, 0x17e4, 0x17e5, 0x17e6, 0x17e7, 0x17e8, 0x17ea, 0x17eb, 0x17ec, 0x17ed, 0x17ee, 0x17ef,
    0x17f0, 0x17f1, 0x17f2, 0x17f3, 0x17f4, 0x17f8, 0x17f9, 0x17fa, 0x17fb, 0x17fc, 0x17fd, 0x17fe, 0x17ff, 0x1800, 0x1801, 0x1802,
    0x1803, 0x1804, 0x1805, 0x1806, 0x1807, 0x1808, 0x180a, 0x180b, 0x180c, 0x180d, 0x180e, 0x180f, 0x1810, 0x1811, 0x1812, 0x1813,
    0x1814, 0x1818, 0x1819, 0x181a, 0x181b, 0x181c, 0x181d, 0x181e, 0x181f, 0x1820, 0x1821, 0x1822, 0x1823, 0x1824, 0x1825, 0x1826,
    0x1827, 0x1828, 0x182a, 0x182b, 0x182c, 0x182d, 0x182e, 0x182f, 0x1830, 0x1831, 0x1832, 0x1833, 0x1834, 0x1838, 0x1839, 0x183a,
    0x183b, 0x183c, 0x183d, 0x183e, 0x183f, 0x1840, 0x1841, 0x1842, 0x1843, 0x1844, 0x1845, 0x1846, 0x1847, 0x1848, 0x184a, 0x184b,
    0x184c, 0x184d, 0x184e, 0x184f, 0x1850, 0x1851, 0x1852, 0x1853, 0x1854, 0x1866, 0x1867, 0x1868, 0x1869, 0x186a, 0x186b, 0x186c,
    0x186d, 0x186e, 0x186f, 0x1870, 0x1871, 0x1872, 0x1873, 0x1874, 0x1875, 0x1876, 0x1878, 0x1879, 0x187a, 0x187b, 0x187c, 0x187d,
    0x187e, 0x187f, 0x1880, 0x1881, 0x1882, 0x1886, 0x1887, 0x1888, 0x1889, 0x188a, 0x188b, 0x188c, 0x188d, 0x188e, 0x188f, 0x1890,
    0x1891, 0x1892, 0x1893, 0x1894, 0x1895, 0x1896, 0x1898, 0x1899, 0x189a, 0x189b, 0x189c, 0x189d, 0x189e, 0x189f, 0x18a0, 0x18a1,
    0x18a2, 0x18a6, 0x18a7, 0x18a8, 0x18a9, 0x18aa, 0x18ab, 0x18ac, 0x18ad, 0x18ae, 0x18af, 0x18b0, 0x18b1, 0x18b2, 0x18b3, 0x18b4,
    0x18b5, 0x18b6, 0x18b8, 0x18b9, 0x18ba, 0x18bb, 0x18bc, 0x18bd, 0x18be, 0x18bf, 0x18c0, 0x18c1, 0x18c2, 0x18c6, 0x18c7, 0x18c8,
    0x18c9, 0x18ca, 0x18cb, 0x18cc, 0x18cd, 0x18ce, 0x18cf, 0x18d0, 0x18d1, 0x18d2, 0x18d3, 0x18d4, 0x18d5, 0x18d6, 0x18d8, 0x18d9,
    0x18da, 0x18db, 0x18dc, 0x18dd, 0x18de, 0x18df, 0x18e0, 0x18e1, 0x18e2, 0x18e6, 0x18e7, 0x18e8, 0x18e9, 0x18ea, 0x18eb, 0x18ec,
    0x18ed, 0x18ee, 0x18ef, 0x18f0, 0x18f1, 0x18f2, 0x18f3, 0x18f4, 0x18f5, 0x18f6, 0x18f8, 0x18f9, 0x18fa, 0x18fb, 0x18fc, 0x18fd,
    0x18fe, 0x18ff, 0x1900, 0x1901, 0x1902, 0x1906, 0x1907, 0x1908, 0x1909, 0x190a, 0x190b, 0x190c, 0x190d, 0x190e, 0x190f, 0x1910,
    0x1911, 0x1912, 0x1913, 0x1914, 0x1915, 0x1916, 0x1918, 0x1919, 0x191a, 0x191b, 0x191c, 0x191d, 0x191e, 0x191f, 0x1920, 0x1921,
    0x1922, 0x1934, 0x1935, 0x1936, 0x1937, 0x1938, 0x1939, 0x193a, 0x193b, 0x193c, 0x193d, 0x193e, 0x193f, 0x1940, 0x1941, 0x1942,
    0x1943, 0x1944, 0x1946, 0x1947, 0x1948, 0x1949, 0x194a, 0x194b, 0x194c, 0x194d, 0x194e, 0x194f, 0x1950, 0x1954, 0x1955, 0x1956,
    0x1957, 0x1958, 0x1959, 0x195a, 0x195b, 0x195c, 0x195d, 0x195e, 0x195f, 0x1960, 0x1961, 0x1962, 0x1963, 0x1964, 0x1966, 0x1967,
    0x1968, 0x1969, 0x196a, 0x196b, 0x196c, 0x196d, 0x196e, 0x196f, 0x1970, 0x1974, 0x1975, 0x1976, 0x1977, 0x1978, 0x1979, 0x197a,
    0x197b, 0x197c, 0x197d, 0x197e, 0x197f, 0x1980, 0x1981, 0x1982, 0x1983, 0x1984, 0x1986, 0x1987, 0x1988, 0x1989, 0x198a, 0x198b,
    0x198c, 0x198d, 0x198e, 0x198f, 0x1990, 0x1994, 0x1995, 0x1996, 0x1997, 0x1998, 0x1999, 0x199a, 0x199b, 0x199c, 0x199d, 0x199e,
    0x199f, 0x19a0, 0x19a1, 0x19a2, 0x19a3, 0x19a4, 0x19a6, 0x19a7, 0x19a8, 0x19a9, 0x19aa, 0x19ab, 0x19ac, 0x19ad, 0x19ae, 0x19af,
    0x19b0, 0x19b4, 0x19b5, 0x19b6, 0x19b7, 0x19b8, 0x19b9, 0x19ba, 0x19bb, 0x19bc, 0x19bd, 0x19be, 0x19bf, 0x19c0, 0x19c1, 0x19c2,
    0x19c3, 0x19c4, 0x19c6, 0x19c7, 0x19c8, 0x19c9, 0x19ca, 0x19cb, 0x19cc, 0x19cd, 0x19ce, 0x19cf, 0x19d0, 0x19d4, 0x19d5, 0x19d6,
    0x19d7, 0x19d8, 0x19d9, 0x19da, 0x19db, 0x19dc, 0x19dd, 0x19de, 0x19df, 0x19e0, 0x19e1, 0x19e2, 0x19e3, 0x19e4, 0x19e6, 0x19e7,
    0x19e8, 0x19e9, 0x19ea, 0x19eb, 0x19ec, 0x19ed, 0x19ee, 0x19ef, 0x19f0, 0x1a02, 0x1a03, 0x1a04, 0x1a05, 0x1a06, 0x1a07, 0x1a08,
    0x1a09, 0x1a0a, 0x1a0b, 0x1a0c, 0x1a0d, 0x1a0e, 0x1a0f, 0x1a10, 0x1a11, 0x1a12, 0x1a14, 0x1a15, 0x1a16, 0x1a17, 0x1a18, 0x1a19,
    0x1a1a, 0x1a1b, 0x1a1c, 0x1a1d, 0x1a1e, 0x1a22, 0x1a23, 0x1a24, 0x1a25, 0x1a26, 0x1a27, 0x1a28, 0x1a29, 0x1a2a, 0x1a2b, 0x1a2c,
    0x1a2d, 0x1a2e, 0x1a2f, 0x1a30, 0x1a31, 0x1a32, 0x1a34, 0x1a35, 0x1a36, 0x1a37, 0x1a38, 0x1a39, 0x1a3a, 0x1a3b, 0x1a3c, 0x1a3d,
    0x1a3e, 0x1a42, 0x1a43, 0x1a44, 0x1a45, 0x1a46, 0x1a47, 0x1a48, 0x1a49, 0x1a4a, 0x1a4b, 0x1a4c, 0x1a4d, 0x1a4e, 0x1a4f, 0x1a50,
    0x1a51, 0x1a52, 0x1a54, 0x1a55, 0x1a56, 0x1a57, 0x1a58, 0x1a59, 0x1a5a, 0x1a5b, 0x1a5c, 0x1a5d, 0x1a5e, 0x1a62, 0x1a63, 0x1a64,
    0x1a65, 0x1a66, 0x1a67, 0x1a68, 0x1a69, 0x1a6a, 0x1a6b, 0x1a6c, 0x1a6d, 0x1a6e, 0x1a6f, 0x1a70, 0x1a71, 0x1a72, 0x1a74, 0x1a75,
    0x1a76, 0x1a77, 0x1a78, 0x1a79, 0x1a7a, 0x1a7b, 0x1a7c, 0x1a7d, 0x1a7e, 0x1af0, 0x1af1, 0x1af2, 0x1af3, 0x1af4, 0x1af5, 0x1af6,
    0x1af7, 0x1af8, 0x1af9, 0x1afa, 0x1afb, 0x1afc, 0x1afd, 0x1afe, 0x1aff, 0x1b00, 0x1b02, 0x1b03, 0x1b04, 0x1b05, 0x1b06, 0x1b07,
    0x1b08, 0x1b09, 0x1b0a, 0x1b0b, 0x1b0c, 0x1b10, 0x1b11, 0x1b12, 0x1b13, 0x1b14, 0x1b15, 0x1b16, 0x1b17, 0x1b18, 0x1b19, 0x1b1a,
    0x1b1b, 0x1b1c, 0x1b1d, 0x1b1e, 0x1b1f, 0x1b20, 0x1b22, 0x1b23, 0x1b24, 0x1b25, 0x1b26, 0x1b27, 0x1b28, 0x1b29, 0x1b2a, 0x1b2b,
    0x1b2c, 0x1b30, 0x1b31, 0x1b32, 0x1b33, 0x1b34, 0x1b35, 0x1b36, 0x1b37, 0x1b38, 0x1b39, 0x1b3a, 0x1b3b, 0x1b3c, 0x1b3d, 0x1b3e,
    0x1b3f, 0x1b40, 0x1b42, 0x1b43, 0x1b44, 0x1b45, 0x1b46, 0x1b47, 0x1b48, 0x1b49, 0x1b4a, 0x1b4b, 0x1b4c, 0x1b50, 0x1b51, 0x1b52,
    0x1b53, 0x1b54, 0x1b55, 0x1b56, 0x1b57, 0x1b58, 0x1b59, 0x1b5a, 0x1b5b, 0x1b5c, 0x1b5d, 0x1b5e, 0x1b5f, 0x1b60, 0x1b62, 0x1b63,
    0x1b64, 0x1b65, 0x1b66, 0x1b67, 0x1b68, 0x1b69, 0x1b6a, 0x1b6b, 0x1b6c, 0x1b70, 0x1b71, 0x1b72, 0x1b73, 0x1b74, 0x1b75, 0x1b76,
    0x1b77, 0x1b78, 0x1b79, 0x1b7a, 0x1b7b, 0x1b7c, 0x1b7d, 0x1b7e, 0x1b7f, 0x1b80, 0x1b82, 0x1b83, 0x1b84, 0x1b85, 0x1b86, 0x1b87,
    0x1b88, 0x1b89, 0x1b8a, 0x1b8b, 0x1b8c, 0x1b9e, 0x1b9f, 0x1ba0, 0x1ba1, 0x1ba2, 0x1ba3, 0x1ba4, 0x1ba5, 0x1ba6, 0x1ba7, 0x1ba8,
    0x1ba9, 0x1baa, 0x1bab, 0x1bac, 0x1bad, 0x1bae, 0x1bb0, 0x1bb1, 0x1bb2, 0x1bb3, 0x1bb4, 0x1bb5, 0x1bb6, 0x1bb7, 0x1bb8, 0x1bb9,
    0x1bba, 0x1bbe, 0x1bbf, 0x1bc0, 0x1bc1, 0x1bc2, 0x1bc3, 0x1bc4, 0x1bc5, 0x1bc6, 0x1bc7, 0x1bc8, 0x1bc9, 0x1bca, 0x1bcb, 0x1bcc,
    0x1bcd, 0x1bce, 0x1bd0, 0x1bd1, 0x1bd2, 0x1bd3, 0x1bd4, 0x1bd5, 0x1bd6, 0x1bd7, 0x1bd8, 0x1bd9, 0x1bda, 0x1bde, 0x1bdf, 0x1be0,
    0x1be1, 0x1be2, 0x1be3, 0x1be4, 0x1be5, 0x1be6, 0x1be7, 0x1be8, 0x1be9, 0x1bea, 0x1beb, 0x1bec, 0x1bed, 0x1bee, 0x1bf0, 0x1bf1,
    0x1bf2, 0x1bf3, 0x1bf4, 0x1bf5, 0x1bf6, 0x1bf7, 0x1bf8, 0x1bf9, 0x1bfa, 0x1bfe, 0x1bff, 0x1c00, 0x1c01, 0x1c02, 0x1c03, 0x1c04,
    0x1c05, 0x1c06, 0x1c07, 0x1c08, 0x1c09, 0x1c0a, 0x1c0b, 0x1c0c, 0x1c0d, 0x1c0e, 0x1c10, 0x1c11, 0x1c12, 0x1c13, 0x1c14, 0x1c15,
    0x1c16, 0x1c17, 0x1c18, 0x1c19, 0x1c1a, 0x1c1e, 0x1c1f, 0x1c20, 0x1c21, 0x1c22, 0x1c23, 0x1c24, 0x1c25, 0x1c26, 0x1c27, 0x1c28,
    0x1c29, 0x1c2a, 0x1c2b, 0x1c2c, 0x1c2d, 0x1c2e, 0x1c30, 0x1c31, 0x1c32, 0x1c33, 0x1c34, 0x1c35, 0x1c36, 0x1c37, 0x1c38, 0x1c39,
    0x1c3a, 0x1c3e, 0x1c3f, 0x1c40, 0x1c41, 0x1c42, 0x1c43, 0x1c44, 0x1c45, 0x1c46, 0x1c47, 0x1c48, 0x1c49, 0x1c4a, 0x1c4b, 0x1c4c,
    0x1c4d, 0x1c4e, 0x1c50, 0x1c51, 0x1c52, 0x1c53, 0x1c54, 0x1c55, 0x1c56, 0x1c57, 0x1c58, 0x1c59, 0x1c5a, 0x1c6c, 0x1c6d, 0x1c6e,
    0x1c6f, 0x1c70, 0x1c71, 0x1c72, 0x1c73, 0x1c74, 0x1c75, 0x1c76, 0x1c77, 0x1c78, 0x1c79, 0x1c7a, 0x1c7b, 0x1c7c, 0x1c7e, 0x1c7f,
    0x1c80, 0x1c81, 0x1c82, 0x1c83, 0x1c84, 0x1c85, 0x1c86, 0x1c87, 0x1c88, 0x1c8c, 0x1c8d, 0x1c8e, 0x1c8f, 0x1c90, 0x1c91, 0x1c92,
    0x1c93, 0x1c94, 0x1c95, 0x1c96, 0x1c97, 0x1c98, 0x1c99, 0x1c9a, 0x1c9b, 0x1c9c, 0x1c9e, 0x1c9f, 0x1ca0, 0x1ca1, 0x1ca2, 0x1ca3,
    0x1ca4, 0x1ca5, 0x1ca6, 0x1ca7, 0x1ca8, 0x1cac, 0x1cad, 0x1cae, 0x1caf, 0x1cb0, 0x1cb1, 0x1cb2, 0x1cb3, 0x1cb4, 0x1cb5, 0x1cb6,
    0x1cb7, 0x1cb8, 0x1cb9, 0x1cba, 0x1cbb, 0x1cbc, 0x1cbe, 0x1cbf, 0x1cc0, 0x1cc1, 0x1cc2, 0x1cc3, 0x1cc4, 0x1cc5, 0x1cc6, 0x1cc7,
    0x1cc8, 0x1ccc, 0x1ccd, 0x1cce, 0x1ccf, 0x1cd0, 0x1cd1, 0x1cd2, 0x1cd3, 0x1cd4, 0x1cd5, 0x1cd6, 0x1cd7, 0x1cd8, 0x1cd9, 0x1cda,
    0x1cdb, 0x1cdc, 0x1cde, 0x1cdf, 0x1ce0, 0x1ce1, 0x1ce2, 0x1ce3, 0x1ce4, 0x1ce5, 0x1ce6, 0x1ce7, 0x1ce8, 0x1cec, 0x1ced, 0x1cee,
    0x1cef, 0x1cf0, 0x1cf1, 0x1cf2, 0x1cf3, 0x1cf4, 0x1cf5, 0x1cf6, 0x1cf7, 0x1cf8, 0x1cf9, 0x1cfa, 0x1cfb, 0x1cfc, 0x1cfe, 0x1cff,
    0x1d00, 0x1d01, 0x1d02, 0x1d03, 0x1d04, 0x1d05, 0x1d06, 0x1d07, 0x1d08, 0x1d0c, 0x1d0d, 0x1d0e, 0x1d0f, 0x1d10, 0x1d11, 0x1d12,
    0x1d13, 0x1d14, 0x1d15, 0x1d16, 0x1d17, 0x1d18, 0x1d19, 0x1d1a, 0x1d1b, 0x1d1c, 0x1d1e, 0x1d1f, 0x1d20, 0x1d21, 0x1d22, 0x1d23,
    0x1d24, 0x1d25, 0x1d26, 0x1d27, 0x1d28, 0x1d3a, 0x1d3b, 0x1d3c, 0x1d3d, 0x1d3e, 0x1d3f, 0x1d40, 0x1d41, 0x1d42, 0x1d43, 0x1d44,
    0x1d45, 0x1d46, 0x1d47, 0x1d48, 0x1d49, 0x1d4a, 0x1d4c, 0x1d4d, 0x1d4e, 0x1d4f, 0x1d50, 0x1d51, 0x1d52, 0x1d53, 0x1d54, 0x1d55,
    0x1d56, 0x1d5a, 0x1d5b, 0x1d5c, 0x1d5d, 0x1d5e, 0x1d5f, 0x1d60, 0x1d61, 0x1d62, 0x1d63, 0x1d64, 0x1d65, 0x1d66, 0x1d67, 0x1d68,
    0x1d69, 0x1d6a, 0x1d6c, 0x1d6d, 0x1d6e, 0x1d6f, 0x1d70, 0x1d71, 0x1d72, 0x1d73, 0x1d74, 0x1d75, 0x1d76, 0x1d7a, 0x1d7b, 0x1d7c,
    0x1d7d, 0x1d7e, 0x1d7f, 0x1d80, 0x1d81, 0x1d82, 0x1d83, 0x1d84, 0x1d85, 0x1d86, 0x1d87, 0x1d88, 0x1d89, 0x1d8a, 0x1d8c, 0x1d8d,
    0x1d8e, 0x1d8f, 0x1d90, 0x1d91, 0x1d92, 0x1d93, 0x1d94, 0x1d95, 0x1d96, 0x1d9a, 0x1d9b, 0x1d9c, 0x1d9d, 0x1d9e, 0x1d9f, 0x1da0,
    0x1da1, 0x1da2, 0x1da3, 0x1da4, 0x1da5, 0x1da6, 0x1da7, 0x1da8, 0x1da9, 0x1daa, 0x1dac, 0x1dad, 0x1dae, 0x1daf, 0x1db0, 0x1db1,
    0x1db2, 0x1db3, 0x1db4, 0x1db5, 0x1db6, 0x1e28, 0x1e29, 0x1e2a, 0x1e2b, 0x1e2c, 0x1e2d, 0x1e2e, 0x1e2f, 0x1e30, 0x1e31, 0x1e32,
    0x1e33, 0x1e34, 0x1e35, 0x1e36, 0x1e37, 0x1e38, 0x1e3a, 0x1e3b, 0x1e3c, 0x1e3d, 0x1e3e, 0x1e3f, 0x1e40, 0x1e41, 0x1e42, 0x1e43,
    0x1e44, 0x1e48, 0x1e49, 0x1e4a, 0x1e4b, 0x1e4c, 0x1e4d, 0x1e4e, 0x1e4f, 0x1e50, 0x1e51, 0x1e52, 0x1e53, 0x1e54, 0x1e55, 0x1e56,
    0x1e57, 0x1e58, 0x1e5a, 0x1e5b, 0x1e5c, 0x1e5d, 0x1e5e, 0x1e5f, 0x1e60, 0x1e61, 0x1e62, 0x1e63, 0x1e64, 0x1e68, 0x1e69, 0x1e6a,
    0x1e6b, 0x1e6c, 0x1e6d, 0x1e6e, 0x1e6f, 0x1e70, 0x1e71, 0x1e72, 0x1e73, 0x1e74, 0x1e75, 0x1e76, 0x1e77, 0x1e78, 0x1e7a, 0x1e7b,
    0x1e7c, 0x1e7d, 0x1e7e, 0x1e7f, 0x1e80, 0x1e81, 0x1e82, 0x1e83, 0x1e84, 0x1e88, 0x1e89, 0x1e8a, 0x1e8b, 0x1e8c, 0x1e8d, 0x1e8e,
    0x1e8f, 0x1e90, 0x1e91, 0x1e92, 0x1e93, 0x1e94, 0x1e95, 0x1e96, 0x1e97, 0x1e98, 0x1e9a, 0x1e9b, 0x1e9c, 0x1e9d, 0x1e9e, 0x1e9f,
    0x1ea0, 0x1ea1, 0x1ea2, 0x1ea3, 0x1ea4, 0x1ea8, 0x1ea9, 0x1eaa, 0x1eab, 0x1eac, 0x1ead, 0x1eae, 0x1eaf, 0x1eb0, 0x1eb1, 0x1eb2,
    0x1eb3, 0x1eb4, 0x1eb5, 0x1eb6, 0x1eb7, 0x1eb8, 0x1eba, 0x1ebb, 0x1ebc, 0x1ebd, 0x1ebe, 0x1ebf, 0x1ec0, 0x1ec1, 0x1ec2, 0x1ec3,
    0x1ec4, 0x1ed6, 0x1ed7, 0x1ed8, 0x1ed9, 0x1eda, 0x1edb, 0x1edc, 0x1edd, 0x1ede, 0x1edf, 0x1ee0, 0x1ee1, 0x1ee2, 0x1ee3, 0x1ee4,
    0x1ee5, 0x1ee6, 0x1ee8, 0x1ee9, 0x1eea, 0x1eeb, 0x1eec, 0x1eed, 0x1eee, 0x1eef, 0x1ef0, 0x1ef1, 0x1ef2, 0x1ef6, 0x1ef7, 0x1ef8,
    0x1ef9, 0x1efa, 0x1efb, 0x1efc, 0x1efd, 0x1efe, 0x1eff, 0x1f00, 0x1f01, 0x1f02, 0x1f03, 0x1f04, 0x1f05, 0x1f06, 0x1f08, 0x1f09,
    0x1f0a, 0x1f0b, 0x1f0c, 0x1f0d, 0x1f0e, 0x1f0f, 0x1f10, 0x1f11, 0x1f12, 0x1f16, 0x1f17, 0x1f18, 0x1f19, 0x1f1a, 0x1f1b, 0x1f1c,
    0x1f1d, 0x1f1e, 0x1f1f, 0x1f20, 0x1f21, 0x1f22, 0x1f23, 0x1f24, 0x1f25, 0x1f26, 0x1f28, 0x1f29, 0x1f2a, 0x1f2b, 0x1f2c, 0x1f2d,
    0x1f2e, 0x1f2f, 0x1f30, 0x1f31, 0x1f32, 0x1f36, 0x1f37, 0x1f38, 0x1f39, 0x1f3a, 0x1f3b, 0x1f3c, 0x1f3d, 0x1f3e, 0x1f3f, 0x1f40,
    0x1f41, 0x1f42, 0x1f43, 0x1f44, 0x1f45, 0x1f46, 0x1f48, 0x1f49, 0x1f4a, 0x1f4b, 0x1f4c, 0x1f4d, 0x1f4e, 0x1f4f, 0x1f50, 0x1f51,
    0x1f52, 0x1f56, 0x1f57, 0x1f58, 0x1f59, 0x1f5a, 0x1f5b, 0x1f5c, 0x1f5d, 0x1f5e, 0x1f5f, 0x1f60, 0x1f61, 0x1f62, 0x1f63, 0x1f64,
    0x1f65, 0x1f66, 0x1f68, 0x1f69, 0x1f6a, 0x1f6b, 0x1f6c, 0x1f6d, 0x1f6e, 0x1f6f, 0x1f70, 0x1f71, 0x1f72, 0x1f76, 0x1f77, 0x1f78,
    0x1f79, 0x1f7a, 0x1f7b, 0x1f7c, 0x1f7d, 0x1f7e, 0x1f7f, 0x1f80, 0x1f81, 0x1f82, 0x1f83, 0x1f84, 0x1f85, 0x1f86, 0x1f88, 0x1f89,
    0x1f8a, 0x1f8b, 0x1f8c, 0x1f8d, 0x1f8e, 0x1f8f, 0x1f90, 0x1f91, 0x1f92, 0x1fa4, 0x1fa5, 0x1fa6, 0x1fa7, 0x1fa8, 0x1fa9, 0x1faa,
    0x1fab, 0x1fac, 0x1fad, 0x1fae, 0x1faf, 0x1fb0, 0x1fb1, 0x1fb2, 0x1fb3, 0x1fb4, 0x1fb6, 0x1fb7, 0x1fb8, 0x1fb9, 0x1fba, 0x1fbb,
    0x1fbc, 0x1fbd, 0x1fbe, 0x1fbf, 0x1fc0, 0x1fc4, 0x1fc5, 0x1fc6, 0x1fc7, 0x1fc8, 0x1fc9, 0x1fca, 0x1fcb, 0x1fcc, 0x1fcd, 0x1fce,
    0x1fcf, 0x1fd0, 0x1fd1, 0x1fd2, 0x1fd3, 0x1fd4, 0x1fd6, 0x1fd7, 0x1fd8, 0x1fd9, 0x1fda, 0x1fdb, 0x1fdc, 0x1fdd, 0x1fde, 0x1fdf,
    0x1fe0, 0x1fe4, 0x1fe5, 0x1fe6, 0x1fe7, 0x1fe8, 0x1fe9, 0x1fea, 0x1feb, 0x1fec, 0x1fed, 0x1fee, 0x1fef, 0x1ff0, 0x1ff1, 0x1ff2,
    0x1ff3, 0x1ff4, 0x1ff6, 0x1ff7, 0x1ff8, 0x1ff9, 0x1ffa, 0x1ffb, 0x1ffc, 0x1ffd, 0x1ffe, 0x1fff, 0x2000, 0x2004, 0x2005, 0x2006,
    0x2007, 0x2008, 0x2009, 0x200a, 0x200b, 0x200c, 0x200d, 0x200e, 0x200f, 0x2010, 0x2011, 0x2012, 0x2013, 0x2014, 0x2016, 0x2017,
    0x2018, 0x2019, 0x201a, 0x201b, 0x201c, 0x201d, 0x201e, 0x201f, 0x2020, 0x2024, 0x2025, 0x2026, 0x2027, 0x2028, 0x2029, 0x202a,
    0x202b, 0x202c, 0x202d, 0x202e, 0x202f, 0x2030, 0x2031, 0x2032, 0x2033, 0x2034, 0x2036, 0x2037, 0x2038, 0x2039, 0x203a, 0x203b,
    0x203c, 0x203d, 0x203e, 0x203f, 0x2040, 0x2044, 0x2045, 0x2046, 0x2047, 0x2048, 0x2049, 0x204a, 0x204b, 0x204c, 0x204d, 0x204e,
    0x204f, 0x2050, 0x2051, 0x2052, 0x2053, 0x2054, 0x2056, 0x2057, 0x2058, 0x2059, 0x205a, 0x205b, 0x205c, 0x205d, 0x205e, 0x205f,
    0x2060, 0x2072, 0x2073, 0x2074, 0x2075, 0x2076, 0x2077, 0x2078, 0x2079, 0x207a, 0x207b, 0x207c, 0x207d, 0x207e, 0x207f, 0x2080,
    0x2081, 0x2082, 0x2084, 0x2085, 0x2086, 0x2087, 0x2088, 0x2089, 0x208a, 0x208b, 0x208c, 0x208d, 0x208e, 0x2092, 0x2093, 0x2094,
    0x2095, 0x2096, 0x2097, 0x2098, 0x2099, 0x209a, 0x209b, 0x209c, 0x209d, 0x209e, 0x209f, 0x20a0, 0x20a1, 0x20a2, 0x20a4, 0x20a5,
    0x20a6, 0x20a7, 0x20a8, 0x20a9, 0x20aa, 0x20ab, 0x20ac, 0x20ad, 0x20ae, 0x20b2, 0x20b3, 0x20b4, 0x20b5, 0x20b6, 0x20b7, 0x20b8,
    0x20b9, 0x20ba, 0x20bb, 0x20bc, 0x20bd, 0x20be, 0x20bf, 0x20c0, 0x20c1, 0x20c2, 0x20c4, 0x20c5, 0x20c6, 0x20c7, 0x20c8, 0x20c9,
    0x20ca, 0x20cb, 0x20cc, 0x20cd, 0x20ce, 0x20d2, 0x20d3, 0x20d4, 0x20d5, 0x20d6, 0x20d7, 0x20d8, 0x20d9, 0x20da, 0x20db, 0x20dc,
    0x20dd, 0x20de, 0x20df, 0x20e0, 0x20e1, 0x20e2, 0x20e4, 0x20e5, 0x20e6, 0x20e7, 0x20e8, 0x20e9, 0x20ea, 0x20eb, 0x20ec, 0x20ed,
    0x20ee, 0x2160, 0x2161, 0x2162, 0x2163, 0x2164, 0x2165, 0x2166, 0x2167, 0x2168, 0x2169, 0x216a, 0x216b, 0x216c, 0x216d, 0x216e,
    0x216f, 0x2170, 0x2172, 0x2173, 0x2174, 0x2175, 0x2176, 0x2177, 0x2178, 0x2179, 0x217a, 0x217b, 0x217c, 0x2180, 0x2181, 0x2182,
    0x2183, 0x2184, 0x2185, 0x2186, 0x2187, 0x2188, 0x2189, 0x218a, 0x218b, 0x218c, 0x218d, 0x218e, 0x218f, 0x2190, 0x2192, 0x2193,
    0x2194, 0x2195, 0x2196, 0x2197, 0x2198, 0x2199, 0x219a, 0x219b, 0x219c, 0x21a0, 0x21a1, 0x21a2, 0x21a3, 0x21a4, 0x21a5, 0x21a6,
    0x21a7, 0x21a8, 0x21a9, 0x21aa, 0x21ab, 0x21ac, 0x21ad, 0x21ae, 0x21af, 0x21b0, 0x21b2, 0x21b3, 0x21b4, 0x21b5, 0x21b6, 0x21b7,
    0x21b8, 0x21b9, 0x21ba, 0x21bb, 0x21bc, 0x21c0, 0x21c1, 0x21c2, 0x21c3, 0x21c4, 0x21c5, 0x21c6, 0x21c7, 0x21c8, 0x21c9, 0x21ca,
    0x21cb, 0x21cc, 0x21cd, 0x21ce, 0x21cf, 0x21d0, 0x21d2, 0x21d3, 0x21d4, 0x21d5, 0x21d6, 0x21d7, 0x21d8, 0x21d9, 0x21da, 0x21db,
    0x21dc, 0x21e0, 0x21e1, 0x21e2, 0x21e3, 0x21e4, 0x21e5, 0x21e6, 0x21e7, 0x21e8, 0x21e9, 0x21ea, 0x21eb, 0x21ec, 0x21ed, 0x21ee,
    0x21ef, 0x21f0, 0x21f2, 0x21f3, 0x21f4, 0x21f5, 0x21f6, 0x21f7, 0x21f8, 0x21f9, 0x21fa, 0x21fb, 0x21fc, 0x220e, 0x220f, 0x2210,
    0x2211, 0x2212, 0x2213, 0x2214, 0x2215, 0x2216, 0x2217, 0x2218, 0x2219, 0x221a, 0x221b, 0x221c, 0x221d, 0x221e, 0x2220, 0x2221,
    0x2222, 0x2223, 0x2224, 0x2225, 0x2226, 0x2227, 0x2228, 0x2229, 0x222a, 0x222e, 0x222f, 0x2230, 0x2231, 0x2232, 0x2233, 0x2234,
    0x2235, 0x2236, 0x2237, 0x2238, 0x2239, 0x223a, 0x223b, 0x223c, 0x223d, 0x223e, 0x2240, 0x2241, 0x2242, 0x2243, 0x2244, 0x2245,
    0x2246, 0x2247, 0x2248, 0x2249, 0x224a, 0x224e, 0x224f, 0x2250, 0x2251, 0x2252, 0x2253, 0x2254, 0x2255, 0x2256, 0x2257, 0x2258,
    0x2259, 0x225a, 0x225b, 0x225c, 0x225d, 0x225e, 0x2260, 0x2261, 0x2262, 0x2263, 0x2264, 0x2265, 0x2266, 0x2267, 0x2268, 0x2269,
    0x226a, 0x226e, 0x226f, 0x2270, 0x2271, 0x2272, 0x2273, 0x2274, 0x2275, 0x2276, 0x2277, 0x2278, 0x2279, 0x227a, 0x227b, 0x227c,
    0x227d, 0x227e, 0x2280, 0x2281, 0x2282, 0x2283, 0x2284, 0x2285, 0x2286, 0x2287, 0x2288, 0x2289, 0x228a, 0x228e, 0x228f, 0x2290,
    0x2291, 0x2292, 0x2293, 0x2294, 0x2295, 0x2296, 0x2297, 0x2298, 0x2299, 0x229a, 0x229b, 0x229c, 0x229d, 0x229e, 0x22a0, 0x22a1,
    0x22a2, 0x22a3, 0x22a4, 0x22a5, 0x22a6, 0x22a7, 0x22a8, 0x22a9, 0x22aa, 0x22ae, 0x22af, 0x22b0, 0x22b1, 0x22b2, 0x22b3, 0x22b4,
    0x22b5, 0x22b6, 0x22b7, 0x22b8, 0x22b9, 0x22ba, 0x22bb, 0x22bc, 0x22bd, 0x22be, 0x22c0, 0x22c1, 0x22c2, 0x22c3, 0x22c4, 0x22c5,
    0x22c6, 0x22c7, 0x22c8, 0x22c9, 0x22ca, 0x22dc, 0x22dd, 0x22de, 0x22df, 0x22e0, 0x22e1, 0x22e2, 0x22e3, 0x22e4, 0x22e5, 0x22e6,
    0x22e7, 0x22e8, 0x22e9, 0x22ea, 0x22eb, 0x22ec, 0x22ee, 0x22ef, 0x22f0, 0x22f1, 0x22f2, 0x22f3, 0x22f4, 0x22f5, 0x22f6, 0x22f7,
    0x22f8, 0x22fc, 0x22fd, 0x22fe, 0x22ff, 0x2300, 0x2301, 0x2302, 0x2303, 0x2304, 0x2305, 0x2306, 0x2307, 0x2308, 0x2309, 0x230a,
    0x230b, 0x230c, 0x230e, 0x230f, 0x2310, 0x2311, 0x2312, 0x2313, 0x2314, 0x2315, 0x2316, 0x2317, 0x2318, 0x231c, 0x231d, 0x231e,
    0x231f, 0x2320, 0x2321, 0x2322, 0x2323, 0x2324, 0x2325, 0x2326, 0x2327, 0x2328, 0x2329, 0x232a, 0x232b, 0x232c, 0x232e, 0x232f,
    0x2330, 0x2331, 0x2332, 0x2333, 0x2334, 0x2335, 0x2336, 0x2337, 0x2338, 0x233c, 0x233d, 0x233e, 0x233f, 0x2340, 0x2341, 0x2342,
    0x2343, 0x2344, 0x2345, 0x2346, 0x2347, 0x2348, 0x2349, 0x234a, 0x234b, 0x234c, 0x234e, 0x234f, 0x2350, 0x2351, 0x2352, 0x2353,
    0x2354, 0x2355, 0x2356, 0x2357, 0x2358, 0x235c, 0x235d, 0x235e, 0x235f, 0x2360, 0x2361, 0x2362, 0x2363, 0x2364, 0x2365, 0x2366,
    0x2367, 0x2368, 0x2369, 0x236a, 0x236b, 0x236c, 0x236e, 0x236f, 0x2370, 0x2371, 0x2372, 0x2373, 0x2374, 0x2375, 0x2376, 0x2377,
    0x2378, 0x237c, 0x237d, 0x237e, 0x237f, 0x2380, 0x2381, 0x2382, 0x2383, 0x2384, 0x2385, 0x2386, 0x2387, 0x2388, 0x2389, 0x238a,
    0x238b, 0x238c, 0x238e, 0x238f, 0x2390, 0x2391, 0x2392, 0x2393, 0x2394, 0x2395, 0x2396, 0x2397, 0x2398, 0x23aa, 0x23ab, 0x23ac,
    0x23ad, 0x23ae, 0x23af, 0x23b0, 0x23b1, 0x23b2, 0x23b3, 0x23b4, 0x23b5, 0x23b6, 0x23b7, 0x23b8, 0x23b9, 0x23ba, 0x23bc, 0x23bd,
    0x23be, 0x23bf, 0x23c0, 0x23c1, 0x23c2, 0x23c3, 0x23c4, 0x23c5, 0x23c6, 0x23ca, 0x23cb, 0x23cc, 0x23cd, 0x23ce, 0x23cf, 0x23d0,
    0x23d1, 0x23d2, 0x23d3, 0x23d4, 0x23d5, 0x23d6, 0x23d7, 0x23d8, 0x23d9, 0x23da, 0x23dc, 0x23dd, 0x23de, 0x23df, 0x23e0, 0x23e1,
    0x23e2, 0x23e3, 0x23e4, 0x23e5, 0x23e6, 0x23ea, 0x23eb, 0x23ec, 0x23ed, 0x23ee, 0x23ef, 0x23f0, 0x23f1, 0x23f2, 0x23f3, 0x23f4,
    0x23f5, 0x23f6, 0x23f7, 0x23f8, 0x23f9, 0x23fa, 0x23fc, 0x23fd, 0x23fe, 0x23ff, 0x2400, 0x2401, 0x2402, 0x2403, 0x2404, 0x2405,
    0x2406, 0x240a, 0x240b, 0x240c, 0x240d, 0x240e, 0x240f, 0x2410, 0x2411, 0x2412, 0x2413, 0x2414, 0x2415, 0x2416, 0x2417, 0x2418,
    0x2419, 0x241a, 0x241c, 0x241d, 0x241e, 0x241f, 0x2420, 0x2421, 0x2422, 0x2423, 0x2424, 0x2425, 0x2426, 0x2498, 0x2499, 0x249a,
    0x249b, 0x249c, 0x249d, 0x249e, 0x249f, 0x24a0, 0x24a1, 0x24a2, 0x24a3, 0x24a4, 0x24a5, 0x24a6, 0x24a7, 0x24a8, 0x24aa, 0x24ab,
    0x24ac, 0x24ad, 0x24ae, 0x24af, 0x24b0, 0x24b1, 0x24b2, 0x24b3, 0x24b4, 0x24b8, 0x24b9, 0x24ba, 0x24bb, 0x24bc, 0x24bd, 0x24be,
    0x24bf, 0x24c0, 0x24c1, 0x24c2, 0x24c3, 0x24c4, 0x24c5, 0x24c6, 0x24c7, 0x24c8, 0x24ca, 0x24cb, 0x24cc, 0x24cd, 0x24ce, 0x24cf,
    0x24d0, 0x24d1, 0x24d2, 0x24d3, 0x24d4, 0x24d8, 0x24d9, 0x24da, 0x24db, 0x24dc, 0x24dd, 0x24de, 0x24df, 0x24e0, 0x24e1, 0x24e2,
    0x24e3, 0x24e4, 0x24e5, 0x24e6, 0x24e7, 0x24e8, 0x24ea, 0x24eb, 0x24ec, 0x24ed, 0x24ee, 0x24ef, 0x24f0, 0x24f1, 0x24f2, 0x24f3,
    0x24f4, 0x24f8, 0x24f9, 0x24fa, 0x24fb, 0x24fc, 0x24fd, 0x24fe, 0x24ff, 0x2500, 0x2501, 0x2502, 0x2503, 0x2504, 0x2505, 0x2506,
    0x2507, 0x2508, 0x250a, 0x250b, 0x250c, 0x250d, 0x250e, 0x250f, 0x2510, 0x2511, 0x2512, 0x2513, 0x2514, 0x2518, 0x2519, 0x251a,
    0x251b, 0x251c, 0x251d, 0x251e, 0x251f, 0x2520, 0x2521, 0x2522, 0x2523, 0x2524, 0x2525, 0x2526, 0x2527, 0x2528, 0x252a, 0x252b,
    0x252c, 0x252d, 0x252e, 0x252f, 0x2530, 0x2531, 0x2532, 0x2533, 0x2534, 0x2546, 0x2547, 0x2548, 0x2549, 0x254a, 0x254b, 0x254c,
    0x254d, 0x254e, 0x254f, 0x2550, 0x2551, 0x2552, 0x2553, 0x2554, 0x2555, 0x2556, 0x2558, 0x2559, 0x255a, 0x255b, 0x255c, 0x255d,
    0x255e, 0x255f, 0x2560, 0x2561, 0x2562, 0x2566, 0x2567, 0x2568, 0x2569, 0x256a, 0x256b, 0x256c, 0x256d, 0x256e, 0x256f, 0x2570,
    0x2571, 0x2572, 0x2573, 0x2574, 0x2575, 0x2576, 0x2578, 0x2579, 0x257a, 0x257b, 0x257c, 0x257d, 0x257e, 0x257f, 0x2580, 0x2581,
    0x2582, 0x2586, 0x2587, 0x2588, 0x2589, 0x258a, 0x258b, 0x258c, 0x258d, 0x258e, 0x258f, 0x2590, 0x2591, 0x2592, 0x2593, 0x2594,
    0x2595, 0x2596, 0x2598, 0x2599, 0x259a, 0x259b, 0x259c, 0x259d, 0x259e, 0x259f, 0x25a0, 0x25a1, 0x25a2, 0x25a6, 0x25a7, 0x25a8,
    0x25a9, 0x25aa, 0x25ab, 0x25ac, 0x25ad, 0x25ae, 0x25af, 0x25b0, 0x25b1, 0x25b2, 0x25b3, 0x25b4, 0x25b5, 0x25b6, 0x25b8, 0x25b9,
    0x25ba, 0x25bb, 0x25bc, 0x25bd, 0x25be, 0x25bf, 0x25c0, 0x25c1, 0x25c2, 0x25c6, 0x25c7, 0x25c8, 0x25c9, 0x25ca, 0x25cb, 0x25cc,
    0x25cd, 0x25ce, 0x25cf, 0x25d0, 0x25d1, 0x25d2, 0x25d3, 0x25d4, 0x25d5, 0x25d6, 0x25d8, 0x25d9, 0x25da, 0x25db, 0x25dc, 0x25dd,
    0x25de, 0x25df, 0x25e0, 0x25e1, 0x25e2, 0x25e6, 0x25e7, 0x25e8, 0x25e9, 0x25ea, 0x25eb, 0x25ec, 0x25ed, 0x25ee, 0x25ef, 0x25f0,
    0x25f1, 0x25f2, 0x25f3, 0x25f4, 0x25f5, 0x25f6, 0x25f8, 0x25f9, 0x25fa, 0x25fb, 0x25fc, 0x25fd, 0x25fe, 0x25ff, 0x2600, 0x2601,
    0x2602, 0x2614, 0x2615, 0x2616, 0x2617, 0x2618, 0x2619, 0x261a, 0x261b, 0x261c, 0x261d, 0x261e, 0x261f, 0x2620, 0x2621, 0x2622,
    0x2623, 0x2624, 0x2626, 0x2627, 0x2628, 0x2629, 0x262a, 0x262b, 0x262c, 0x262d, 0x262e, 0x262f, 0x2630, 0x2634, 0x2635, 0x2636,
    0x2637, 0x2638, 0x2639, 0x263a, 0x263b, 0x263c, 0x263d, 0x263e, 0x263f, 0x2640, 0x2641, 0x2642, 0x2643, 0x2644, 0x2646, 0x2647,
    0x2648, 0x2649, 0x264a, 0x264b, 0x264c, 0x264d, 0x264e, 0x264f, 0x2650, 0x2654, 0x2655, 0x2656, 0x2657, 0x2658, 0x2659, 0x265a,
    0x265b, 0x265c, 0x265d, 0x265e, 0x265f, 0x2660, 0x2661, 0x2662, 0x2663, 0x2664, 0x2666, 0x2667, 0x2668, 0x2669, 0x266a, 0x266b,
    0x266c, 0x266d, 0x266e, 0x266f, 0x2670, 0x2674, 0x2675, 0x2676, 0x2677, 0x2678, 0x2679, 0x267a, 0x267b, 0x267c, 0x267d, 0x267e,
    0x267f, 0x2680, 0x2681, 0x2682, 0x2683, 0x2684, 0x2686, 0x2687, 0x2688, 0x2689, 0x268a, 0x268b, 0x268c, 0x268d, 0x268e, 0x268f,
    0x2690, 0x2694, 0x2695, 0x2696, 0x2697, 0x2698, 0x2699, 0x269a, 0x269b, 0x269c, 0x269d, 0x269e, 0x269f, 0x26a0, 0x26a1, 0x26a2,
    0x26a3, 0x26a4, 0x26a6, 0x26a7, 0x26a8, 0x26a9, 0x26aa, 0x26ab, 0x26ac, 0x26ad, 0x26ae, 0x26af, 0x26b0, 0x26b4, 0x26b5, 0x26b6,
    0x26b7, 0x26b8, 0x26b9, 0x26ba, 0x26bb, 0x26bc, 0x26bd, 0x26be, 0x26bf, 0x26c0, 0x26c1, 0x26c2, 0x26c3, 0x26c4, 0x26c6, 0x26c7,
    0x26c8, 0x26c9, 0x26ca, 0x26cb, 0x26cc, 0x26cd, 0x26ce, 0x26cf, 0x26d0, 0x26e2, 0x26e3, 0x26e4, 0x26e5, 0x26e6, 0x26e7, 0x26e8,
    0x26e9, 0x26ea, 0x26eb, 0x26ec, 0x26ed, 0x26ee, 0x26ef, 0x26f0, 0x26f1, 0x26f2, 0x26f4, 0x26f5, 0x26f6, 0x26f7, 0x26f8, 0x26f9,
    0x26fa, 0x26fb, 0x26fc, 0x26fd, 0x26fe, 0x2702, 0x2703, 0x2704, 0x2705, 0x2706, 0x2707, 0x2708, 0x2709, 0x270a, 0x270b, 0x270c,
    0x270d, 0x270e, 0x270f, 0x2710, 0x2711, 0x2712, 0x2714, 0x2715, 0x2716, 0x2717, 0x2718, 0x2719, 0x271a, 0x271b, 0x271c, 0x271d,
    0x271e, 0x2722, 0x2723, 0x2724, 0x2725, 0x2726, 0x2727, 0x2728, 0x2729, 0x272a, 0x272b, 0x272c, 0x272d, 0x272e, 0x272f, 0x2730,
    0x2731, 0x2732, 0x2734, 0x2735, 0x2736, 0x2737, 0x2738, 0x2739, 0x273a, 0x273b, 0x273c, 0x273d, 0x273e, 0x2742, 0x2743, 0x2744,
    0x2745, 0x2746, 0x2747, 0x2748, 0x2749, 0x274a, 0x274b, 0x274c, 0x274d, 0x274e, 0x274f, 0x2750, 0x2751, 0x2752, 0x2754, 0x2755,
    0x2756, 0x2757, 0x2758, 0x2759, 0x275a, 0x275b, 0x275c, 0x275d, 0x275e, 0x27d0, 0x27d1, 0x27d2, 0x27d3, 0x27d4, 0x27d5, 0x27d6,
    0x27d7, 0x27d8, 0x27d9, 0x27da, 0x27db, 0x27dc, 0x27dd, 0x27de, 0x27df, 0x27e0, 0x27e2, 0x27e3, 0x27e4, 0x27e5, 0x27e6, 0x27e7,
    0x27e8, 0x27e9, 0x27ea, 0x27eb, 0x27ec, 0x27f0, 0x27f1, 0x27f2, 0x27f3, 0x27f4, 0x27f5, 0x27f6, 0x27f7, 0x27f8, 0x27f9, 0x27fa,
    0x27fb, 0x27fc, 0x27fd, 0x27fe, 0x27ff, 0x2800, 0x2802, 0x2803, 0x2804, 0x2805, 0x2806, 0x2807, 0x2808, 0x2809, 0x280a, 0x280b,
    0x280c, 0x2810, 0x2811, 0x2812, 0x2813, 0x2814, 0x2815, 0x2816, 0x2817, 0x2818, 0x2819, 0x281a, 0x281b, 0x281c, 0x281d, 0x281e,
    0x281f, 0x2820, 0x2822, 0x2823, 0x2824, 0x2825, 0x2826, 0x2827, 0x2828, 0x2829, 0x282a, 0x282b, 0x282c, 0x2830, 0x2831, 0x2832,
    0x2833, 0x2834, 0x2835, 0x2836, 0x2837, 0x2838, 0x2839, 0x283a, 0x283b, 0x283c, 0x283d, 0x283e, 0x283f, 0x2840, 0x2842, 0x2843,
    0x2844, 0x2845, 0x2846, 0x2847, 0x2848, 0x2849, 0x284a, 0x284b, 0x284c, 0x2850, 0x2851, 0x2852, 0x2853, 0x2854, 0x2855, 0x2856,
    0x2857, 0x2858, 0x2859, 0x285a, 0x285b, 0x285c, 0x285d, 0x285e, 0x285f, 0x2860, 0x2862, 0x2863, 0x2864, 0x2865, 0x2866, 0x2867,
    0x2868, 0x2869, 0x286a, 0x286b, 0x286c, 0x287e, 0x287f, 0x2880, 0x2881, 0x2882, 0x2883, 0x2884, 0x2885, 0x2886, 0x2887, 0x2888,
    0x2889, 0x288a, 0x288b, 0x288c, 0x288d, 0x288e, 0x2890, 0x2891, 0x2892, 0x2893, 0x2894, 0x2895, 0x2896, 0x2897, 0x2898, 0x2899,
    0x289a, 0x289e, 0x289f, 0x28a0, 0x28a1, 0x28a2, 0x28a3, 0x28a4, 0x28a5, 0x28a6, 0x28a7, 0x28a8, 0x28a9, 0x28aa, 0x28ab, 0x28ac,
    0x28ad, 0x28ae, 0x28b0, 0x28b1, 0x28b2, 0x28b3, 0x28b4, 0x28b5, 0x28b6, 0x28b7, 0x28b8, 0x28b9, 0x28ba, 0x28be, 0x28bf, 0x28c0,
    0x28c1, 0x28c2, 0x28c3, 0x28c4, 0x28c5, 0x28c6, 0x28c7, 0x28c8, 0x28c9, 0x28ca, 0x28cb, 0x28cc, 0x28cd, 0x28ce, 0x28d0, 0x28d1,
    0x28d2, 0x28d3, 0x28d4, 0x28d5, 0x28d6, 0x28d7, 0x28d8, 0x28d9, 0x28da, 0x28de, 0x28df, 0x28e0, 0x28e1, 0x28e2, 0x28e3, 0x28e4,
    0x28e5, 0x28e6, 0x28e7, 0x28e8, 0x28e9, 0x28ea, 0x28eb, 0x28ec, 0x28ed, 0x28ee, 0x28f0, 0x28f1, 0x28f2, 0x28f3, 0x28f4, 0x28f5,
    0x28f6, 0x28f7, 0x28f8, 0x28f9, 0x28fa, 0x28fe, 0x28ff, 0x2900, 0x2901, 0x2902, 0x2903, 0x2904, 0x2905, 0x2906, 0x2907, 0x2908,
    0x2909, 0x290a, 0x290b, 0x290c, 0x290d, 0x290e, 0x2910, 0x2911, 0x2912, 0x2913, 0x2914, 0x2915, 0x2916, 0x2917, 0x2918, 0x2919,
    0x291a, 0x291e, 0x291f, 0x2920, 0x2921, 0x2922, 0x2923, 0x2924, 0x2925, 0x2926, 0x2927, 0x2928, 0x2929, 0x292a, 0x292b, 0x292c,
    0x292d, 0x292e, 0x2930, 0x2931, 0x2932, 0x2933, 0x2934, 0x2935, 0x2936, 0x2937, 0x2938, 0x2939, 0x293a, 0x294c, 0x294d, 0x294e,
    0x294f, 0x2950, 0x2951, 0x2952, 0x2953, 0x2954, 0x2955, 0x2956, 0x2957, 0x2958, 0x2959, 0x295a, 0x295b, 0x295c, 0x295e, 0x295f,
    0x2960, 0x2961, 0x2962, 0x2963, 0x2964, 0x2965, 0x2966, 0x2967, 0x2968, 0x296c, 0x296d, 0x296e, 0x296f, 0x2970, 0x2971, 0x2972,
    0x2973, 0x2974, 0x2975, 0x2976, 0x2977, 0x2978, 0x2979, 0x297a, 0x297b, 0x297c, 0x297e, 0x297f, 0x2980, 0x2981, 0x2982, 0x2983,
    0x2984, 0x2985, 0x2986, 0x2987, 0x2988, 0x298c, 0x298d, 0x298e, 0x298f, 0x2990, 0x2991, 0x2992, 0x2993, 0x2994, 0x2995, 0x2996,
    0x2997, 0x2998, 0x2999, 0x299a, 0x299b, 0x299c, 0x299e, 0x299f, 0x29a0, 0x29a1, 0x29a2, 0x29a3, 0x29a4, 0x29a5, 0x29a6, 0x29a7,
    0x29a8, 0x29ac, 0x29ad, 0x29ae, 0x29af, 0x29b0, 0x29b1, 0x29b2, 0x29b3, 0x29b4, 0x29b5, 0x29b6, 0x29b7, 0x29b8, 0x29b9, 0x29ba,
    0x29bb, 0x29bc, 0x29be, 0x29bf, 0x29c0, 0x29c1, 0x29c2, 0x29c3, 0x29c4, 0x29c5, 0x29c6, 0x29c7, 0x29c8, 0x29cc, 0x29cd, 0x29ce,
    0x29cf, 0x29d0, 0x29d1, 0x29d2, 0x29d3, 0x29d4, 0x29d5, 0x29d6, 0x29d7, 0x29d8, 0x29d9, 0x29da, 0x29db, 0x29dc, 0x29de, 0x29df,
    0x29e0, 0x29e1, 0x29e2, 0x29e3, 0x29e4, 0x29e5, 0x29e6, 0x29e7, 0x29e8, 0x29ec, 0x29ed, 0x29ee, 0x29ef, 0x29f0, 0x29f1, 0x29f2,
    0x29f3, 0x29f4, 0x29f5, 0x29f6, 0x29f7, 0x29f8, 0x29f9, 0x29fa, 0x29fb, 0x29fc, 0x29fe, 0x29ff, 0x2a00, 0x2a01, 0x2a02, 0x2a03,
    0x2a04, 0x2a05, 0x2a06, 0x2a07, 0x2a08, 0x2a1a, 0x2a1b, 0x2a1c, 0x2a1d, 0x2a1e, 0x2a1f, 0x2a20, 0x2a21, 0x2a22, 0x2a23, 0x2a24,
    0x2a25, 0x2a26, 0x2a27, 0x2a28, 0x2a29, 0x2a2a, 0x2a2c, 0x2a2d, 0x2a2e, 0x2a2f, 0x2a30, 0x2a31, 0x2a32, 0x2a33, 0x2a34, 0x2a35,
    0x2a36, 0x2a3a, 0x2a3b, 0x2a3c, 0x2a3d, 0x2a3e, 0x2a3f, 0x2a40, 0x2a41, 0x2a42, 0x2a43, 0x2a44, 0x2a45, 0x2a46, 0x2a47, 0x2a48,
    0x2a49, 0x2a4a, 0x2a4c, 0x2a4d, 0x2a4e, 0x2a4f, 0x2a50, 0x2a51, 0x2a52, 0x2a53, 0x2a54, 0x2a55, 0x2a56, 0x2a5a, 0x2a5b, 0x2a5c,
    0x2a5d, 0x2a5e, 0x2a5f, 0x2a60, 0x2a61, 0x2a62, 0x2a63, 0x2a64, 0x2a65, 0x2a66, 0x2a67, 0x2a68, 0x2a69, 0x2a6a, 0x2a6c, 0x2a6d,
    0x2a6e, 0x2a6f, 0x2a70, 0x2a71, 0x2a72, 0x2a73, 0x2a74, 0x2a75, 0x2a76, 0x2a7a, 0x2a7b, 0x2a7c, 0x2a7d, 0x2a7e, 0x2a7f, 0x2a80,
    0x2a81, 0x2a82, 0x2a83, 0x2a84, 0x2a85, 0x2a86, 0x2a87, 0x2a88, 0x2a89, 0x2a8a, 0x2a8c, 0x2a8d, 0x2a8e, 0x2a8f, 0x2a90, 0x2a91,
    0x2a92, 0x2a93, 0x2a94, 0x2a95, 0x2a96, 0x2b08, 0x2b09, 0x2b0a, 0x2b0b, 0x2b0c, 0x2b0d, 0x2b0e, 0x2b0f, 0x2b10, 0x2b11, 0x2b12,
    0x2b13, 0x2b14, 0x2b15, 0x2b16, 0x2b17, 0x2b18, 0x2b1a, 0x2b1b, 0x2b1c, 0x2b1d, 0x2b1e, 0x2b1f, 0x2b20, 0x2b21, 0x2b22, 0x2b23,
    0x2b24, 0x2b28, 0x2b29, 0x2b2a, 0x2b2b, 0x2b2c, 0x2b2d, 0x2b2e, 0x2b2f, 0x2b30, 0x2b31, 0x2b32, 0x2b33, 0x2b34, 0x2b35, 0x2b36,
    0x2b37, 0x2b38, 0x2b3a, 0x2b3b, 0x2b3c, 0x2b3d, 0x2b3e, 0x2b3f, 0x2b40, 0x2b41, 0x2b42, 0x2b43, 0x2b44, 0x2b48, 0x2b49, 0x2b4a,
    0x2b4b, 0x2b4c, 0x2b4d, 0x2b4e, 0x2b4f, 0x2b50, 0x2b51, 0x2b52, 0x2b53, 0x2b54, 0x2b55, 0x2b56, 0x2b57, 0x2b58, 0x2b5a, 0x2b5b,
    0x2b5c, 0x2b5d, 0x2b5e, 0x2b5f, 0x2b60, 0x2b61, 0x2b62, 0x2b63, 0x2b64, 0x2b68, 0x2b69, 0x2b6a, 0x2b6b, 0x2b6c, 0x2b6d, 0x2b6e,
    0x2b6f, 0x2b70, 0x2b71, 0x2b72, 0x2b73, 0x2b74, 0x2b75, 0x2b76, 0x2b77, 0x2b78, 0x2b7a, 0x2b7b, 0x2b7c, 0x2b7d, 0x2b7e, 0x2b7f,
    0x2b80, 0x2b81, 0x2b82, 0x2b83, 0x2b84, 0x2b88, 0x2b89, 0x2b8a, 0x2b8b, 0x2b8c, 0x2b8d, 0x2b8e, 0x2b8f, 0x2b90, 0x2b91, 0x2b92,
    0x2b93, 0x2b94, 0x2b95, 0x2b96, 0x2b97, 0x2b98, 0x2b9a, 0x2b9b, 0x2b9c, 0x2b9d, 0x2b9e, 0x2b9f, 0x2ba0, 0x2ba1, 0x2ba2, 0x2ba3,
    0x2ba4, 0x2bb6, 0x2bb7, 0x2bb8, 0x2bb9, 0x2bba, 0x2bbb, 0x2bbc, 0x2bbd, 0x2bbe, 0x2bbf, 0x2bc0, 0x2bc1, 0x2bc2, 0x2bc3, 0x2bc4,
    0x2bc5, 0x2bc6, 0x2bc8, 0x2bc9, 0x2bca, 0x2bcb, 0x2bcc, 0x2bcd, 0x2bce, 0x2bcf, 0x2bd0, 0x2bd1, 0x2bd2, 0x2bd6, 0x2bd7, 0x2bd8,
    0x2bd9, 0x2bda, 0x2bdb, 0x2bdc, 0x2bdd, 0x2bde, 0x2bdf, 0x2be0, 0x2be1, 0x2be2, 0x2be3, 0x2be4, 0x2be5, 0x2be6, 0x2be8, 0x2be9,
    0x2bea, 0x2beb, 0x2bec, 0x2bed, 0x2bee, 0x2bef, 0x2bf0, 0x2bf1, 0x2bf2, 0x2bf6, 0x2bf7, 0x2bf8, 0x2bf9, 0x2bfa, 0x2bfb, 0x2bfc,
    0x2bfd, 0x2bfe, 0x2bff, 0x2c00, 0x2c01, 0x2c02, 0x2c03, 0x2c04, 0x2c05, 0x2c06, 0x2c08, 0x2c09, 0x2c0a, 0x2c0b, 0x2c0c, 0x2c0d,
    0x2c0e, 0x2c0f, 0x2c10, 0x2c11, 0x2c12, 0x2c16, 0x2c17, 0x2c18, 0x2c19, 0x2c1a, 0x2c1b, 0x2c1c, 0x2c1d, 0x2c1e, 0x2c1f, 0x2c20,
    0x2c21, 0x2c22, 0x2c23, 0x2c24, 0x2c25, 0x2c26, 0x2c28, 0x2c29, 0x2c2a, 0x2c2b, 0x2c2c, 0x2c2d, 0x2c2e, 0x2c2f, 0x2c30, 0x2c31,
    0x2c32, 0x2c36, 0x2c37, 0x2c38, 0x2c39, 0x2c3a, 0x2c3b, 0x2c3c, 0x2c3d, 0x2c3e, 0x2c3f, 0x2c40, 0x2c41, 0x2c42, 0x2c43, 0x2c44,
    0x2c45, 0x2c46, 0x2c48, 0x2c49, 0x2c4a, 0x2c4b, 0x2c4c, 0x2c4d, 0x2c4e, 0x2c4f, 0x2c50, 0x2c51, 0x2c52, 0x2c56, 0x2c57, 0x2c58,
    0x2c59, 0x2c5a, 0x2c5b, 0x2c5c, 0x2c5d, 0x2c5e, 0x2c5f, 0x2c60, 0x2c61, 0x2c62, 0x2c63, 0x2c64, 0x2c65, 0x2c66, 0x2c68, 0x2c69,
    0x2c6a, 0x2c6b, 0x2c6c, 0x2c6d, 0x2c6e, 0x2c6f, 0x2c70, 0x2c71, 0x2c72, 0x2c84, 0x2c85, 0x2c86, 0x2c87, 0x2c88, 0x2c89, 0x2c8a,
    0x2c8b, 0x2c8c, 0x2c8d, 0x2c8e, 0x2c8f, 0x2c90, 0x2c91, 0x2c92, 0x2c93, 0x2c94, 0x2c96, 0x2c97, 0x2c98, 0x2c99, 0x2c9a, 0x2c9b,
    0x2c9c, 0x2c9d, 0x2c9e, 0x2c9f, 0x2ca0, 0x2ca4, 0x2ca5, 0x2ca6, 0x2ca7, 0x2ca8, 0x2ca9, 0x2caa, 0x2cab, 0x2cac, 0x2cad, 0x2cae,
    0x2caf, 0x2cb0, 0x2cb1, 0x2cb2, 0x2cb3, 0x2cb4, 0x2cb6, 0x2cb7, 0x2cb8, 0x2cb9, 0x2cba, 0x2cbb, 0x2cbc, 0x2cbd, 0x2cbe, 0x2cbf,
    0x2cc0, 0x2cc4, 0x2cc5, 0x2cc6, 0x2cc7, 0x2cc8, 0x2cc9, 0x2cca, 0x2ccb, 0x2ccc, 0x2ccd, 0x2cce, 0x2ccf, 0x2cd0, 0x2cd1, 0x2cd2,
    0x2cd3, 0x2cd4, 0x2cd6, 0x2cd7, 0x2cd8, 0x2cd9, 0x2cda, 0x2cdb, 0x2cdc, 0x2cdd, 0x2cde, 0x2cdf, 0x2ce0, 0x2ce4, 0x2ce5, 0x2ce6,
    0x2ce7, 0x2ce8, 0x2ce9, 0x2cea, 0x2ceb, 0x2cec, 0x2ced, 0x2cee, 0x2cef, 0x2cf0, 0x2cf1, 0x2cf2, 0x2cf3, 0x2cf4, 0x2cf6, 0x2cf7,
    0x2cf8, 0x2cf9, 0x2cfa, 0x2cfb, 0x2cfc, 0x2cfd, 0x2cfe, 0x2cff, 0x2d00, 0x2d04, 0x2d05, 0x2d06, 0x2d07, 0x2d08, 0x2d09, 0x2d0a,
    0x2d0b, 0x2d0c, 0x2d0d, 0x2d0e, 0x2d0f, 0x2d10, 0x2d11, 0x2d12, 0x2d13, 0x2d14, 0x2d16, 0x2d17, 0x2d18, 0x2d19, 0x2d1a, 0x2d1b,
    0x2d1c, 0x2d1d, 0x2d1e, 0x2d1f, 0x2d20, 0x2d24, 0x2d25, 0x2d26, 0x2d27, 0x2d28, 0x2d29, 0x2d2a, 0x2d2b, 0x2d2c, 0x2d2d, 0x2d2e,
    0x2d2f, 0x2d30, 0x2d31, 0x2d32, 0x2d33, 0x2d34, 0x2d36, 0x2d37, 0x2d38, 0x2d39, 0x2d3a, 0x2d3b, 0x2d3c, 0x2d3d, 0x2d3e, 0x2d3f,
    0x2d40, 0x2d52, 0x2d53, 0x2d54, 0x2d55, 0x2d56, 0x2d57, 0x2d58, 0x2d59, 0x2d5a, 0x2d5b, 0x2d5c, 0x2d5d, 0x2d5e, 0x2d5f, 0x2d60,
    0x2d61, 0x2d62, 0x2d64, 0x2d65, 0x2d66, 0x2d67, 0x2d68, 0x2d69, 0x2d6a, 0x2d6b, 0x2d6c, 0x2d6d, 0x2d6e, 0x2d72, 0x2d73, 0x2d74,
    0x2d75, 0x2d76, 0x2d77, 0x2d78, 0x2d79, 0x2d7a, 0x2d7b, 0x2d7c, 0x2d7d, 0x2d7e, 0x2d7f, 0x2d80, 0x2d81, 0x2d82, 0x2d84, 0x2d85,
    0x2d86, 0x2d87, 0x2d88, 0x2d89, 0x2d8a, 0x2d8b, 0x2d8c, 0x2d8d, 0x2d8e, 0x2d92, 0x2d93, 0x2d94, 0x2d95, 0x2d96, 0x2d97, 0x2d98,
    0x2d99, 0x2d9a, 0x2d9b, 0x2d9c, 0x2d9d, 0x2d9e, 0x2d9f, 0x2da0, 0x2da1, 0x2da2, 0x2da4, 0x2da5, 0x2da6, 0x2da7, 0x2da8, 0x2da9,
    0x2daa, 0x2dab, 0x2dac, 0x2dad, 0x2dae, 0x2db2, 0x2db3, 0x2db4, 0x2db5, 0x2db6, 0x2db7, 0x2db8, 0x2db9, 0x2dba, 0x2dbb, 0x2dbc,
    0x2dbd, 0x2dbe, 0x2dbf, 0x2dc0, 0x2dc1, 0x2dc2, 0x2dc4, 0x2dc5, 0x2dc6, 0x2dc7, 0x2dc8, 0x2dc9, 0x2dca, 0x2dcb, 0x2dcc, 0x2dcd,
    0x2dce, 0x2e40, 0x2e41, 0x2e42, 0x2e43, 0x2e44, 0x2e45, 0x2e46, 0x2e47, 0x2e48, 0x2e49, 0x2e4a, 0x2e4b, 0x2e4c, 0x2e4d, 0x2e4e,
    0x2e4f, 0x2e50, 0x2e52, 0x2e53, 0x2e54, 0x2e55, 0x2e56, 0x2e57, 0x2e58, 0x2e59, 0x2e5a, 0x2e5b, 0x2e5c, 0x2e60, 0x2e61, 0x2e62,
    0x2e63, 0x2e64, 0x2e65, 0x2e66, 0x2e67, 0x2e68, 0x2e69, 0x2e6a, 0x2e6b, 0x2e6c, 0x2e6d, 0x2e6e, 0x2e6f, 0x2e70, 0x2e72, 0x2e73,
    0x2e74, 0x2e75, 0x2e76, 0x2e77, 0x2e78, 0x2e79, 0x2e7a, 0x2e7b, 0x2e7c, 0x2e80, 0x2e81, 0x2e82, 0x2e83, 0x2e84, 0x2e85, 0x2e86,
    0x2e87, 0x2e88, 0x2e89, 0x2e8a, 0x2e8b, 0x2e8c, 0x2e8d, 0x2e8e, 0x2e8f, 0x2e90, 0x2e92, 0x2e93, 0x2e94, 0x2e95, 0x2e96, 0x2e97,
    0x2e98, 0x2e99, 0x2e9a, 0x2e9b, 0x2e9c, 0x2ea0, 0x2ea1, 0x2ea2, 0x2ea3, 0x2ea4, 0x2ea5, 0x2ea6, 0x2ea7, 0x2ea8, 0x2ea9, 0x2eaa,
    0x2eab, 0x2eac, 0x2ead, 0x2eae, 0x2eaf, 0x2eb0, 0x2eb2, 0x2eb3, 0x2eb4, 0x2eb5, 0x2eb6, 0x2eb7, 0x2eb8, 0x2eb9, 0x2eba, 0x2ebb,
    0x2ebc, 0x2ec0, 0x2ec1, 0x2ec2, 0x2ec3, 0x2ec4, 0x2ec5, 0x2ec6, 0x2ec7, 0x2ec8, 0x2ec9, 0x2eca, 0x2ecb, 0x2ecc, 0x2ecd, 0x2ece,
    0x2ecf, 0x2ed0, 0x2ed2, 0x2ed3, 0x2ed4, 0x2ed5, 0x2ed6, 0x2ed7, 0x2ed8, 0x2ed9, 0x2eda, 0x2edb, 0x2edc, 0x2eee, 0x2eef, 0x2ef0,
    0x2ef1, 0x2ef2, 0x2ef3, 0x2ef4, 0x2ef5, 0x2ef6, 0x2ef7, 0x2ef8, 0x2ef9, 0x2efa, 0x2efb, 0x2efc, 0x2efd, 0x2efe, 0x2f00, 0x2f01,
    0x2f02, 0x2f03, 0x2f04, 0x2f05, 0x2f06, 0x2f07, 0x2f08, 0x2f09, 0x2f0a, 0x2f0e, 0x2f0f, 0x2f10, 0x2f11, 0x2f12, 0x2f13, 0x2f14,
    0x2f15, 0x2f16, 0x2f17, 0x2f18, 0x2f19, 0x2f1a, 0x2f1b, 0x2f1c, 0x2f1d, 0x2f1e, 0x2f20, 0x2f21, 0x2f22, 0x2f23, 0x2f24, 0x2f25,
    0x2f26, 0x2f27, 0x2f28, 0x2f29, 0x2f2a, 0x2f2e, 0x2f2f, 0x2f30, 0x2f31, 0x2f32, 0x2f33, 0x2f34, 0x2f35, 0x2f36, 0x2f37, 0x2f38,
    0x2f39, 0x2f3a, 0x2f3b, 0x2f3c, 0x2f3d, 0x2f3e, 0x2f40, 0x2f41, 0x2f42, 0x2f43, 0x2f44, 0x2f45, 0x2f46, 0x2f47, 0x2f48, 0x2f49,
    0x2f4a, 0x2f4e, 0x2f4f, 0x2f50, 0x2f51, 0x2f52, 0x2f53, 0x2f54, 0x2f55, 0x2f56, 0x2f57, 0x2f58, 0x2f59, 0x2f5a, 0x2f5b, 0x2f5c,
    0x2f5d, 0x2f5e, 0x2f60, 0x2f61, 0x2f62, 0x2f63, 0x2f64, 0x2f65, 0x2f66, 0x2f67, 0x2f68, 0x2f69, 0x2f6a, 0x2f6e, 0x2f6f, 0x2f70,
    0x2f71, 0x2f72, 0x2f73, 0x2f74, 0x2f75, 0x2f76, 0x2f77, 0x2f78, 0x2f79, 0x2f7a, 0x2f7b, 0x2f7c, 0x2f7d, 0x2f7e, 0x2f80, 0x2f81,
    0x2f82, 0x2f83, 0x2f84, 0x2f85, 0x2f86, 0x2f87, 0x2f88, 0x2f89, 0x2f8a, 0x2f8e, 0x2f8f, 0x2f90, 0x2f91, 0x2f92, 0x2f93, 0x2f94,
    0x2f95, 0x2f96, 0x2f97, 0x2f98, 0x2f99, 0x2f9a, 0x2f9b, 0x2f9c, 0x2f9d, 0x2f9e, 0x2fa0, 0x2fa1, 0x2fa2, 0x2fa3, 0x2fa4, 0x2fa5,
    0x2fa6, 0x2fa7, 0x2fa8, 0x2fa9, 0x2faa, 0x2fbc, 0x2fbd, 0x2fbe, 0x2fbf, 0x2fc0, 0x2fc1, 0x2fc2, 0x2fc3, 0x2fc4, 0x2fc5, 0x2fc6,
    0x2fc7, 0x2fc8, 0x2fc9, 0x2fca, 0x2fcb, 0x2fcc, 0x2fce, 0x2fcf, 0x2fd0, 0x2fd1, 0x2fd2, 0x2fd3, 0x2fd4, 0x2fd5, 0x2fd6, 0x2fd7,
    0x2fd8, 0x2fdc, 0x2fdd, 0x2fde, 0x2fdf, 0x2fe0, 0x2fe1, 0x2fe2, 0x2fe3, 0x2fe4, 0x2fe5, 0x2fe6, 0x2fe7, 0x2fe8, 0x2fe9, 0x2fea,
    0x2feb, 0x2fec, 0x2fee, 0x2fef, 0x2ff0, 0x2ff1, 0x2ff2, 0x2ff3, 0x2ff4, 0x2ff5, 0x2ff6, 0x2ff7, 0x2ff8, 0x2ffc, 0x2ffd, 0x2ffe,
    0x2fff, 0x3000, 0x3001, 0x3002, 0x3003, 0x3004, 0x3005, 0x3006, 0x3007, 0x3008, 0x3009, 0x300a, 0x300b, 0x300c, 0x300e, 0x300f,
    0x3010, 0x3011, 0x3012, 0x3013, 0x3014, 0x3015, 0x3016, 0x3017, 0x3018, 0x301c, 0x301d, 0x301e, 0x301f, 0x3020, 0x3021, 0x3022,
    0x3023, 0x3024, 0x3025, 0x3026, 0x3027, 0x3028, 0x3029, 0x302a, 0x302b, 0x302c, 0x302e, 0x302f, 0x3030, 0x3031, 0x3032, 0x3033,
    0x3034, 0x3035, 0x3036, 0x3037, 0x3038, 0x303c, 0x303d, 0x303e, 0x303f, 0x3040, 0x3041, 0x3042, 0x3043, 0x3044, 0x3045, 0x3046,
    0x3047, 0x3048, 0x3049, 0x304a, 0x304b, 0x304c, 0x304e, 0x304f, 0x3050, 0x3051, 0x3052, 0x3053, 0x3054, 0x3055, 0x3056, 0x3057,
    0x3058, 0x305c, 0x305d, 0x305e, 0x305f, 0x3060, 0x3061, 0x3062, 0x3063, 0x3064, 0x3065, 0x3066, 0x3067, 0x3068, 0x3069, 0x306a,
    0x306b, 0x306c, 0x306e, 0x306f, 0x3070, 0x3071, 0x3072, 0x3073, 0x3074, 0x3075, 0x3076, 0x3077, 0x3078, 0x308a, 0x308b, 0x308c,
    0x308d, 0x308e, 0x308f, 0x3090, 0x3091, 0x3092, 0x3093, 0x3094, 0x3095, 0x3096, 0x3097, 0x3098, 0x3099, 0x309a, 0x309c, 0x309d,
    0x309e, 0x309f, 0x30a0, 0x30a1, 0x30a2, 0x30a3, 0x30a4, 0x30a5, 0x30a6, 0x30aa, 0x30ab, 0x30ac, 0x30ad, 0x30ae, 0x30af, 0x30b0,
    0x30b1, 0x30b2, 0x30b3, 0x30b4, 0x30b5, 0x30b6, 0x30b7, 0x30b8, 0x30b9, 0x30ba, 0x30bc, 0x30bd, 0x30be, 0x30bf, 0x30c0, 0x30c1,
    0x30c2, 0x30c3, 0x30c4, 0x30c5, 0x30c6, 0x30ca, 0x30cb, 0x30cc, 0x30cd, 0x30ce, 0x30cf, 0x30d0, 0x30d1, 0x30d2, 0x30d3, 0x30d4,
    0x30d5, 0x30d6, 0x30d7, 0x30d8, 0x30d9, 0x30da, 0x30dc, 0x30dd, 0x30de, 0x30df, 0x30e0, 0x30e1, 0x30e2, 0x30e3, 0x30e4, 0x30e5,
    0x30e6, 0x30ea, 0x30eb, 0x30ec, 0x30ed, 0x30ee, 0x30ef, 0x30f0, 0x30f1, 0x30f2, 0x30f3, 0x30f4, 0x30f5, 0x30f6, 0x30f7, 0x30f8,
    0x30f9, 0x30fa, 0x30fc, 0x30fd, 0x30fe, 0x30ff, 0x3100, 0x3101, 0x3102, 0x3103, 0x3104, 0x3105, 0x3106, 0x3178, 0x3179, 0x317a,
    0x317b, 0x317c, 0x317d, 0x317e, 0x317f, 0x3180, 0x3181, 0x3182, 0x3183, 0x3184, 0x3185, 0x3186, 0x3187, 0x3188, 0x318a, 0x318b,
    0x318c, 0x318d, 0x318e, 0x318f, 0x3190, 0x3191, 0x3192, 0x3193, 0x3194, 0x3198, 0x3199, 0x319a, 0x319b, 0x319c, 0x319d, 0x319e,
    0x319f, 0x31a0, 0x31a1, 0x31a2, 0x31a3, 0x31a4, 0x31a5, 0x31a6, 0x31a7, 0x31a8, 0x31aa, 0x31ab, 0x31ac, 0x31ad, 0x31ae, 0x31af,
    0x31b0, 0x31b1, 0x31b2, 0x31b3, 0x31b4, 0x31b8, 0x31b9, 0x31ba, 0x31bb, 0x31bc, 0x31bd, 0x31be, 0x31bf, 0x31c0, 0x31c1, 0x31c2,
    0x31c3, 0x31c4, 0x31c5, 0x31c6, 0x31c7, 0x31c8, 0x31ca, 0x31cb, 0x31cc, 0x31cd, 0x31ce, 0x31cf, 0x31d0, 0x31d1, 0x31d2, 0x31d3,
    0x31d4, 0x31d8, 0x31d9, 0x31da, 0x31db, 0x31dc, 0x31dd, 0x31de, 0x31df, 0x31e0, 0x31e1, 0x31e2, 0x31e3, 0x31e4, 0x31e5, 0x31e6,
    0x31e7, 0x31e8, 0x31ea, 0x31eb, 0x31ec, 0x31ed, 0x31ee, 0x31ef, 0x31f0, 0x31f1, 0x31f2, 0x31f3, 0x31f4, 0x31f8, 0x31f9, 0x31fa,
    0x31fb, 0x31fc, 0x31fd, 0x31fe, 0x31ff, 0x3200, 0x3201, 0x3202, 0x3203, 0x3204, 0x3205, 0x3206, 0x3207, 0x3208, 0x320a, 0x320b,
    0x320c, 0x320d, 0x320e, 0x320f, 0x3210, 0x3211, 0x3212, 0x3213, 0x3214, 0x3226, 0x3227, 0x3228, 0x3229, 0x322a, 0x322b, 0x322c,
    0x322d, 0x322e, 0x322f, 0x3230, 0x3231, 0x3232, 0x3233, 0x3234, 0x3235, 0x3236, 0x3238, 0x3239, 0x323a, 0x323b, 0x323c, 0x323d,
    0x323e, 0x323f, 0x3240, 0x3241, 0x3242, 0x3246, 0x3247, 0x3248, 0x3249, 0x324a, 0x324b, 0x324c, 0x324d, 0x324e, 0x324f, 0x3250,
    0x3251, 0x3252, 0x3253, 0x3254, 0x3255, 0x3256, 0x3258, 0x3259, 0x325a, 0x325b, 0x325c, 0x325d, 0x325e, 0x325f, 0x3260, 0x3261,
    0x3262, 0x3266, 0x3267, 0x3268, 0x3269, 0x326a, 0x326b, 0x326c, 0x326d, 0x326e, 0x326f, 0x3270, 0x3271, 0x3272, 0x3273, 0x3274,
    0x3275, 0x3276, 0x3278, 0x3279, 0x327a, 0x327b, 0x327c, 0x327d, 0x327e, 0x327f, 0x3280, 0x3281, 0x3282, 0x3286, 0x3287, 0x3288,
    0x3289, 0x328a, 0x328b, 0x328c, 0x328d, 0x328e, 0x328f, 0x3290, 0x3291, 0x3292, 0x3293, 0x3294, 0x3295, 0x3296, 0x3298, 0x3299,
    0x329a, 0x329b, 0x329c, 0x329d, 0x329e, 0x329f, 0x32a0, 0x32a1, 0x32a2, 0x32a6, 0x32a7, 0x32a8, 0x32a9, 0x32aa, 0x32ab, 0x32ac,
    0x32ad, 0x32ae, 0x32af, 0x32b0, 0x32b1, 0x32b2, 0x32b3, 0x32b4, 0x32b5, 0x32b6, 0x32b8, 0x32b9, 0x32ba, 0x32bb, 0x32bc, 0x32bd,
    0x32be, 0x32bf, 0x32c0, 0x32c1, 0x32c2, 0x32c6, 0x32c7, 0x32c8, 0x32c9, 0x32ca, 0x32cb, 0x32cc, 0x32cd, 0x32ce, 0x32cf, 0x32d0,
    0x32d1, 0x32d2, 0x32d3, 0x32d4, 0x32d5, 0x32d6, 0x32d8, 0x32d9, 0x32da, 0x32db, 0x32dc, 0x32dd, 0x32de, 0x32df, 0x32e0, 0x32e1,
    0x32e2, 0x32f4, 0x32f5, 0x32f6, 0x32f7, 0x32f8, 0x32f9, 0x32fa, 0x32fb, 0x32fc, 0x32fd, 0x32fe, 0x32ff, 0x3300, 0x3301, 0x3302,
    0x3303, 0x3304, 0x3306, 0x3307, 0x3308, 0x3309, 0x330a, 0x330b, 0x330c, 0x330d, 0x330e, 0x330f, 0x3310, 0x3314, 0x3315, 0x3316,
    0x3317, 0x3318, 0x3319, 0x331a, 0x331b, 0x331c, 0x331d, 0x331e, 0x331f, 0x3320, 0x3321, 0x3322, 0x3323, 0x3324, 0x3326, 0x3327,
    0x3328, 0x3329, 0x332a, 0x332b, 0x332c, 0x332d, 0x332e, 0x332f, 0x3330, 0x3334, 0x3335, 0x3336, 0x3337, 0x3338, 0x3339, 0x333a,
    0x333b, 0x333c, 0x333d, 0x333e, 0x333f, 0x3340, 0x3341, 0x3342, 0x3343, 0x3344, 0x3346, 0x3347, 0x3348, 0x3349, 0x334a, 0x334b,
    0x334c, 0x334d, 0x334e, 0x334f, 0x3350, 0x3354, 0x3355, 0x3356, 0x3357, 0x3358, 0x3359, 0x335a, 0x335b, 0x335c, 0x335d, 0x335e,
    0x335f, 0x3360, 0x3361, 0x3362, 0x3363, 0x3364, 0x3366, 0x3367, 0x3368, 0x3369, 0x336a, 0x336b, 0x336c, 0x336d, 0x336e, 0x336f,
    0x3370, 0x3374, 0x3375, 0x3376, 0x3377, 0x3378, 0x3379, 0x337a, 0x337b, 0x337c, 0x337d, 0x337e, 0x337f, 0x3380, 0x3381, 0x3382,
    0x3383, 0x3384, 0x3386, 0x3387, 0x3388, 0x3389, 0x338a, 0x338b, 0x338c, 0x338d, 0x338e, 0x338f, 0x3390, 0x3394, 0x3395, 0x3396,
    0x3397, 0x3398, 0x3399, 0x339a, 0x339b, 0x339c, 0x339d, 0x339e, 0x339f, 0x33a0, 0x33a1, 0x33a2, 0x33a3, 0x33a4, 0x33a6, 0x33a7,
    0x33a8, 0x33a9, 0x33aa, 0x33ab, 0x33ac, 0x33ad, 0x33ae, 0x33af, 0x33b0, 0x33c2, 0x33c3, 0x33c4, 0x33c5, 0x33c6, 0x33c7, 0x33c8,
    0x33c9, 0x33ca, 0x33cb, 0x33cc, 0x33cd, 0x33ce, 0x33cf, 0x33d0, 0x33d1, 0x33d2, 0x33d4, 0x33d5, 0x33d6, 0x33d7, 0x33d8, 0x33d9,
    0x33da, 0x33db, 0x33dc, 0x33dd, 0x33de, 0x33e2, 0x33e3, 0x33e4, 0x33e5, 0x33e6, 0x33e7, 0x33e8, 0x33e9, 0x33ea, 0x33eb, 0x33ec,
    0x33ed, 0x33ee, 0x33ef, 0x33f0, 0x33f1, 0x33f2, 0x33f4, 0x33f5, 0x33f6, 0x33f7, 0x33f8, 0x33f9, 0x33fa, 0x33fb, 0x33fc, 0x33fd,
    0x33fe, 0x3402, 0x3403, 0x3404, 0x3405, 0x3406, 0x3407, 0x3408, 0x3409, 0x340a, 0x340b, 0x340c, 0x340d, 0x340e, 0x340f, 0x3410,
    0x3411, 0x3412, 0x3414, 0x3415, 0x3416, 0x3417, 0x3418, 0x3419, 0x341a, 0x341b, 0x341c, 0x341d, 0x341e, 0x3422, 0x3423, 0x3424,
    0x3425, 0x3426, 0x3427, 0x3428, 0x3429, 0x342a, 0x342b, 0x342c, 0x342d, 0x342e, 0x342f, 0x3430, 0x3431, 0x3432, 0x3434, 0x3435,
    0x3436, 0x3437, 0x3438, 0x3439, 0x343a, 0x343b, 0x343c, 0x343d, 0x343e, 0x34b0, 0x34b1, 0x34b2, 0x34b3, 0x34b4, 0x34b5, 0x34b6,
    0x34b7, 0x34b8, 0x34b9, 0x34ba, 0x34bb, 0x34bc, 0x34bd, 0x34be, 0x34bf, 0x34c0, 0x34c2, 0x34c3, 0x34c4, 0x34c5, 0x34c6, 0x34c7,
    0x34c8, 0x34c9, 0x34ca, 0x34cb, 0x34cc, 0x34d0, 0x34d1, 0x34d2, 0x34d3, 0x34d4, 0x34d5, 0x34d6, 0x34d7, 0x34d8, 0x34d9, 0x34da,
    0x34db, 0x34dc, 0x34dd, 0x34de, 0x34df, 0x34e0, 0x34e2, 0x34e3, 0x34e4, 0x34e5, 0x34e6, 0x34e7, 0x34e8, 0x34e9, 0x34ea, 0x34eb,
    0x34ec, 0x34f0, 0x34f1, 0x34f2, 0x34f3, 0x34f4, 0x34f5, 0x34f6, 0x34f7, 0x34f8, 0x34f9, 0x34fa, 0x34fb, 0x34fc, 0x34fd, 0x34fe,
    0x34ff, 0x3500, 0x3502, 0x3503, 0x3504, 0x3505, 0x3506, 0x3507, 0x3508, 0x3509, 0x350a, 0x350b, 0x350c, 0x3510, 0x3511, 0x3512,
    0x3513, 0x3514, 0x3515, 0x3516, 0x3517, 0x3518, 0x3519, 0x351a, 0x351b, 0x351c, 0x351d, 0x351e, 0x351f, 0x3520, 0x3522, 0x3523,
    0x3524, 0x3525, 0x3526, 0x3527, 0x3528, 0x3529, 0x352a, 0x352b, 0x352c, 0x3530, 0x3531, 0x3532, 0x3533, 0x3534, 0x3535, 0x3536,
    0x3537, 0x3538, 0x3539, 0x353a, 0x353b, 0x353c, 0x353d, 0x353e, 0x353f, 0x3540, 0x3542, 0x3543, 0x3544, 0x3545, 0x3546, 0x3547,
    0x3548, 0x3549, 0x354a, 0x354b, 0x354c, 0x355e, 0x355f, 0x3560, 0x3561, 0x3562, 0x3563, 0x3564, 0x3565, 0x3566, 0x3567, 0x3568,
    0x3569, 0x356a, 0x356b, 0x356c, 0x356d, 0x356e, 0x3570, 0x3571, 0x3572, 0x3573, 0x3574, 0x3575, 0x3576, 0x3577, 0x3578, 0x3579,
    0x357a, 0x357e, 0x357f, 0x3580, 0x3581, 0x3582, 0x3583, 0x3584, 0x3585, 0x3586, 0x3587, 0x3588, 0x3589, 0x358a, 0x358b, 0x358c,
    0x358d, 0x358e, 0x3590, 0x3591, 0x3592, 0x3593, 0x3594, 0x3595, 0x3596, 0x3597, 0x3598, 0x3599, 0x359a, 0x359e, 0x359f, 0x35a0,
    0x35a1, 0x35a2, 0x35a3, 0x35a4, 0x35a5, 0x35a6, 0x35a7, 0x35a8, 0x35a9, 0x35aa, 0x35ab, 0x35ac, 0x35ad, 0x35ae, 0x35b0, 0x35b1,
    0x35b2, 0x35b3, 0x35b4, 0x35b5, 0x35b6, 0x35b7, 0x35b8, 0x35b9, 0x35ba, 0x35be, 0x35bf, 0x35c0, 0x35c1, 0x35c2, 0x35c3, 0x35c4,
    0x35c5, 0x35c6, 0x35c7, 0x35c8, 0x35c9, 0x35ca, 0x35cb, 0x35cc, 0x35cd, 0x35ce, 0x35d0, 0x35d1, 0x35d2, 0x35d3, 0x35d4, 0x35d5,
    0x35d6, 0x35d7, 0x35d8, 0x35d9, 0x35da, 0x35de, 0x35df, 0x35e0, 0x35e1, 0x35e2, 0x35e3, 0x35e4, 0x35e5, 0x35e6, 0x35e7, 0x35e8,
    0x35e9, 0x35ea, 0x35eb, 0x35ec, 0x35ed, 0x35ee, 0x35f0, 0x35f1, 0x35f2, 0x35f3, 0x35f4, 0x35f5, 0x35f6, 0x35f7, 0x35f8, 0x35f9,
    0x35fa, 0x35fe, 0x35ff, 0x3600, 0x3601, 0x3602, 0x3603, 0x3604, 0x3605, 0x3606, 0x3607, 0x3608, 0x3609, 0x360a, 0x360b, 0x360c,
    0x360d, 0x360e, 0x3610, 0x3611, 0x3612, 0x3613, 0x3614, 0x3615, 0x3616, 0x3617, 0x3618, 0x3619, 0x361a, 0x362c, 0x362d, 0x362e,
    0x362f, 0x3630, 0x3631, 0x3632, 0x3633, 0x3634, 0x3635, 0x3636, 0x3637, 0x3638, 0x3639, 0x363a, 0x363b, 0x363c, 0x363e, 0x363f,
    0x3640, 0x3641, 0x3642, 0x3643, 0x3644, 0x3645, 0x3646, 0x3647, 0x3648, 0x364c, 0x364d, 0x364e, 0x364f, 0x3650, 0x3651, 0x3652,
    0x3653, 0x3654, 0x3655, 0x3656, 0x3657, 0x3658, 0x3659, 0x365a, 0x365b, 0x365c, 0x365e, 0x365f, 0x3660, 0x3661, 0x3662, 0x3663,
    0x3664, 0x3665, 0x3666, 0x3667, 0x3668, 0x366c, 0x366d, 0x366e, 0x366f, 0x3670, 0x3671, 0x3672, 0x3673, 0x3674, 0x3675, 0x3676,
    0x3677, 0x3678, 0x3679, 0x367a, 0x367b, 0x367c, 0x367e, 0x367f, 0x3680, 0x3681, 0x3682, 0x3683, 0x3684, 0x3685, 0x3686, 0x3687,
    0x3688, 0x368c, 0x368d, 0x368e, 0x368f, 0x3690, 0x3691, 0x3692, 0x3693, 0x3694, 0x3695, 0x3696, 0x3697, 0x3698, 0x3699, 0x369a,
    0x369b, 0x369c, 0x369e, 0x369f, 0x36a0, 0x36a1, 0x36a2, 0x36a3, 0x36a4, 0x36a5, 0x36a6, 0x36a7, 0x36a8, 0x36ac, 0x36ad, 0x36ae,
    0x36af, 0x36b0, 0x36b1, 0x36b2, 0x36b3, 0x36b4, 0x36b5, 0x36b6, 0x36b7, 0x36b8, 0x36b9, 0x36ba, 0x36bb, 0x36bc, 0x36be, 0x36bf,
    0x36c0, 0x36c1, 0x36c2, 0x36c3, 0x36c4, 0x36c5, 0x36c6, 0x36c7, 0x36c8, 0x36cc, 0x36cd, 0x36ce, 0x36cf, 0x36d0, 0x36d1, 0x36d2,
    0x36d3, 0x36d4, 0x36d5, 0x36d6, 0x36d7, 0x36d8, 0x36d9, 0x36da, 0x36db, 0x36dc, 0x36de, 0x36df, 0x36e0, 0x36e1, 0x36e2, 0x36e3,
    0x36e4, 0x36e5, 0x36e6, 0x36e7, 0x36e8, 0x36fa, 0x36fb, 0x36fc, 0x36fd, 0x36fe, 0x36ff, 0x3700, 0x3701, 0x3702, 0x3703, 0x3704,
    0x3705, 0x3706, 0x3707, 0x3708, 0x3709, 0x370a, 0x370c, 0x370d, 0x370e, 0x370f, 0x3710, 0x3711, 0x3712, 0x3713, 0x3714, 0x3715,
    0x3716, 0x371a, 0x371b, 0x371c, 0x371d, 0x371e, 0x371f, 0x3720, 0x3721, 0x3722, 0x3723, 0x3724, 0x3725, 0x3726, 0x3727, 0x3728,
    0x3729, 0x372a, 0x372c, 0x372d, 0x372e, 0x372f, 0x3730, 0x3731, 0x3732, 0x3733, 0x3734, 0x3735, 0x3736, 0x373a, 0x373b, 0x373c,
    0x373d, 0x373e, 0x373f, 0x3740, 0x3741, 0x3742, 0x3743, 0x3744, 0x3745, 0x3746, 0x3747, 0x3748, 0x3749, 0x374a, 0x374c, 0x374d,
    0x374e, 0x374f, 0x3750, 0x3751, 0x3752, 0x3753, 0x3754, 0x3755, 0x3756, 0x375a, 0x375b, 0x375c, 0x375d, 0x375e, 0x375f, 0x3760,
    0x3761, 0x3762, 0x3763, 0x3764, 0x3765, 0x3766, 0x3767, 0x3768, 0x3769, 0x376a, 0x376c, 0x376d, 0x376e, 0x376f, 0x3770, 0x3771,
    0x3772, 0x3773, 0x3774, 0x3775, 0x3776, 0x37e8, 0x37e9, 0x37ea, 0x37eb, 0x37ec, 0x37ed, 0x37ee, 0x37ef, 0x37f0, 0x37f1, 0x37f2,
    0x37f3, 0x37f4, 0x37f5, 0x37f6, 0x37f7, 0x37f8, 0x37fa, 0x37fb, 0x37fc, 0x37fd, 0x37fe, 0x37ff, 0x3800, 0x3801, 0x3802, 0x3803,
    0x3804, 0x3808, 0x3809, 0x380a, 0x380b, 0x380c, 0x380d, 0x380e, 0x380f, 0x3810, 0x3811, 0x3812, 0x3813, 0x3814, 0x3815, 0x3816,
    0x3817, 0x3818, 0x381a, 0x381b, 0x381c, 0x381d, 0x381e, 0x381f, 0x3820, 0x3821, 0x3822, 0x3823, 0x3824, 0x3828, 0x3829, 0x382a,
    0x382b, 0x382c, 0x382d, 0x382e, 0x382f, 0x3830, 0x3831, 0x3832, 0x3833, 0x3834, 0x3835, 0x3836, 0x3837, 0x3838, 0x383a, 0x383b,
    0x383c, 0x383d, 0x383e, 0x383f, 0x3840, 0x3841, 0x3842, 0x3843, 0x3844, 0x3848, 0x3849, 0x384a, 0x384b, 0x384c, 0x384d, 0x384e,
    0x384f, 0x3850, 0x3851, 0x3852, 0x3853, 0x3854, 0x3855, 0x3856, 0x3857, 0x3858, 0x385a, 0x385b, 0x385c, 0x385d, 0x385e, 0x385f,
    0x3860, 0x3861, 0x3862, 0x3863, 0x3864, 0x3868, 0x3869, 0x386a, 0x386b, 0x386c, 0x386d, 0x386e, 0x386f, 0x3870, 0x3871, 0x3872,
    0x3873, 0x3874, 0x3875, 0x3876, 0x3877, 0x3878, 0x387a, 0x387b, 0x387c, 0x387d, 0x387e, 0x387f, 0x3880, 0x3881, 0x3882, 0x3883,
    0x3884, 0x3896, 0x3897, 0x3898, 0x3899, 0x389a, 0x389b, 0x389c, 0x389d, 0x389e, 0x389f, 0x38a0, 0x38a1, 0x38a2, 0x38a3, 0x38a4,
    0x38a5, 0x38a6, 0x38a8, 0x38a9, 0x38aa, 0x38ab, 0x38ac, 0x38ad, 0x38ae, 0x38af, 0x38b0, 0x38b1, 0x38b2, 0x38b6, 0x38b7, 0x38b8,
    0x38b9, 0x38ba, 0x38bb, 0x38bc, 0x38bd, 0x38be, 0x38bf, 0x38c0, 0x38c1, 0x38c2, 0x38c3, 0x38c4, 0x38c5, 0x38c6, 0x38c8, 0x38c9,
    0x38ca, 0x38cb, 0x38cc, 0x38cd, 0x38ce, 0x38cf, 0x38d0, 0x38d1, 0x38d2, 0x38d6, 0x38d7, 0x38d8, 0x38d9, 0x38da, 0x38db, 0x38dc,
    0x38dd, 0x38de, 0x38df, 0x38e0, 0x38e1, 0x38e2, 0x38e3, 0x38e4, 0x38e5, 0x38e6, 0x38e8, 0x38e9, 0x38ea, 0x38eb, 0x38ec, 0x38ed,
    0x38ee, 0x38ef, 0x38f0, 0x38f1, 0x38f2, 0x38f6, 0x38f7, 0x38f8, 0x38f9, 0x38fa, 0x38fb, 0x38fc, 0x38fd, 0x38fe, 0x38ff, 0x3900,
    0x3901, 0x3902, 0x3903, 0x3904, 0x3905, 0x3906, 0x3908, 0x3909, 0x390a, 0x390b, 0x390c, 0x390d, 0x390e, 0x390f, 0x3910, 0x3911,
    0x3912, 0x3916, 0x3917, 0x3918, 0x3919, 0x391a, 0x391b, 0x391c, 0x391d, 0x391e, 0x391f, 0x3920, 0x3921, 0x3922, 0x3923, 0x3924,
    0x3925, 0x3926, 0x3928, 0x3929, 0x392a, 0x392b, 0x392c, 0x392d, 0x392e, 0x392f, 0x3930, 0x3931, 0x3932, 0x3936, 0x3937, 0x3938,
    0x3939, 0x393a, 0x393b, 0x393c, 0x393d, 0x393e, 0x393f, 0x3940, 0x3941, 0x3942, 0x3943, 0x3944, 0x3945, 0x3946, 0x3948, 0x3949,
    0x394a, 0x394b, 0x394c, 0x394d, 0x394e, 0x394f, 0x3950, 0x3951, 0x3952, 0x3964, 0x3965, 0x3966, 0x3967, 0x3968, 0x3969, 0x396a,
    0x396b, 0x396c, 0x396d, 0x396e, 0x396f, 0x3970, 0x3971, 0x3972, 0x3973, 0x3974, 0x3976, 0x3977, 0x3978, 0x3979, 0x397a, 0x397b,
    0x397c, 0x397d, 0x397e, 0x397f, 0x3980, 0x3984, 0x3985, 0x3986, 0x3987, 0x3988, 0x3989, 0x398a, 0x398b, 0x398c, 0x398d, 0x398e,
    0x398f, 0x3990, 0x3991, 0x3992, 0x3993, 0x3994, 0x3996, 0x3997, 0x3998, 0x3999, 0x399a, 0x399b, 0x399c, 0x399d, 0x399e, 0x399f,
    0x39a0, 0x39a4, 0x39a5, 0x39a6, 0x39a7, 0x39a8, 0x39a9, 0x39aa, 0x39ab, 0x39ac, 0x39ad, 0x39ae, 0x39af, 0x39b0, 0x39b1, 0x39b2,
    0x39b3, 0x39b4, 0x39b6, 0x39b7, 0x39b8, 0x39b9, 0x39ba, 0x39bb, 0x39bc, 0x39bd, 0x39be, 0x39bf, 0x39c0, 0x39c4, 0x39c5, 0x39c6,
    0x39c7, 0x39c8, 0x39c9, 0x39ca, 0x39cb, 0x39cc, 0x39cd, 0x39ce, 0x39cf, 0x39d0, 0x39d1, 0x39d2, 0x39d3, 0x39d4, 0x39d6, 0x39d7,
    0x39d8, 0x39d9, 0x39da, 0x39db, 0x39dc, 0x39dd, 0x39de, 0x39df, 0x39e0, 0x39e4, 0x39e5, 0x39e6, 0x39e7, 0x39e8, 0x39e9, 0x39ea,
    0x39eb, 0x39ec, 0x39ed, 0x39ee, 0x39ef, 0x39f0, 0x39f1, 0x39f2, 0x39f3, 0x39f4, 0x39f6, 0x39f7, 0x39f8, 0x39f9, 0x39fa, 0x39fb,
    0x39fc, 0x39fd, 0x39fe, 0x39ff, 0x3a00, 0x3a04, 0x3a05, 0x3a06, 0x3a07, 0x3a08, 0x3a09, 0x3a0a, 0x3a0b, 0x3a0c, 0x3a0d, 0x3a0e,
    0x3a0f, 0x3a10, 0x3a11, 0x3a12, 0x3a13, 0x3a14, 0x3a16, 0x3a17, 0x3a18, 0x3a19, 0x3a1a, 0x3a1b, 0x3a1c, 0x3a1d, 0x3a1e, 0x3a1f,
    0x3a20, 0x3a32, 0x3a33, 0x3a34, 0x3a35, 0x3a36, 0x3a37, 0x3a38, 0x3a39, 0x3a3a, 0x3a3b, 0x3a3c, 0x3a3d, 0x3a3e, 0x3a3f, 0x3a40,
    0x3a41, 0x3a42, 0x3a44, 0x3a45, 0x3a46, 0x3a47, 0x3a48, 0x3a49, 0x3a4a, 0x3a4b, 0x3a4c, 0x3a4d, 0x3a4e, 0x3a52, 0x3a53, 0x3a54,
    0x3a55, 0x3a56, 0x3a57, 0x3a58, 0x3a59, 0x3a5a, 0x3a5b, 0x3a5c, 0x3a5d, 0x3a5e, 0x3a5f, 0x3a60, 0x3a61, 0x3a62, 0x3a64, 0x3a65,
    0x3a66, 0x3a67, 0x3a68, 0x3a69, 0x3a6a, 0x3a6b, 0x3a6c, 0x3a6d, 0x3a6e, 0x3a72, 0x3a73, 0x3a74, 0x3a75, 0x3a76, 0x3a77, 0x3a78,
    0x3a79, 0x3a7a, 0x3a7b, 0x3a7c, 0x3a7d, 0x3a7e, 0x3a7f, 0x3a80, 0x3a81, 0x3a82, 0x3a84, 0x3a85, 0x3a86, 0x3a87, 0x3a88, 0x3a89,
    0x3a8a, 0x3a8b, 0x3a8c, 0x3a8d, 0x3a8e, 0x3a92, 0x3a93, 0x3a94, 0x3a95, 0x3a96, 0x3a97, 0x3a98, 0x3a99, 0x3a9a, 0x3a9b, 0x3a9c,
    0x3a9d, 0x3a9e, 0x3a9f, 0x3aa0, 0x3aa1, 0x3aa2, 0x3aa4, 0x3aa5, 0x3aa6, 0x3aa7, 0x3aa8, 0x3aa9, 0x3aaa, 0x3aab, 0x3aac, 0x3aad,
    0x3aae, 0x3b20, 0x3b21, 0x3b22, 0x3b23, 0x3b24, 0x3b25, 0x3b26, 0x3b27, 0x3b28, 0x3b29, 0x3b2a, 0x3b2b, 0x3b2c, 0x3b2d, 0x3b2e,
    0x3b2f, 0x3b30, 0x3b32, 0x3b33, 0x3b34, 0x3b35, 0x3b36, 0x3b37, 0x3b38, 0x3b39, 0x3b3a, 0x3b3b, 0x3b3c, 0x3b40, 0x3b41, 0x3b42,
    0x3b43, 0x3b44, 0x3b45, 0x3b46, 0x3b47, 0x3b48, 0x3b49, 0x3b4a, 0x3b4b, 0x3b4c, 0x3b4d, 0x3b4e, 0x3b4f, 0x3b50, 0x3b52, 0x3b53,
    0x3b54, 0x3b55, 0x3b56, 0x3b57, 0x3b58, 0x3b59, 0x3b5a, 0x3b5b, 0x3b5c, 0x3b60, 0x3b61, 0x3b62, 0x3b63, 0x3b64, 0x3b65, 0x3b66,
    0x3b67, 0x3b68, 0x3b69, 0x3b6a, 0x3b6b, 0x3b6c, 0x3b6d, 0x3b6e, 0x3b6f, 0x3b70, 0x3b72, 0x3b73, 0x3b74, 0x3b75, 0x3b76, 0x3b77,
    0x3b78, 0x3b79, 0x3b7a, 0x3b7b, 0x3b7c, 0x3b80, 0x3b81, 0x3b82, 0x3b83, 0x3b84, 0x3b85, 0x3b86, 0x3b87, 0x3b88, 0x3b89, 0x3b8a,
    0x3b8b, 0x3b8c, 0x3b8d, 0x3b8e, 0x3b8f, 0x3b90, 0x3b92, 0x3b93, 0x3b94, 0x3b95, 0x3b96, 0x3b97, 0x3b98, 0x3b99, 0x3b9a, 0x3b9b,
    0x3b9c, 0x3ba0, 0x3ba1, 0x3ba2, 0x3ba3, 0x3ba4, 0x3ba5, 0x3ba6, 0x3ba7, 0x3ba8, 0x3ba9, 0x3baa, 0x3bab, 0x3bac, 0x3bad, 0x3bae,
    0x3baf, 0x3bb0, 0x3bb2, 0x3bb3, 0x3bb4, 0x3bb5, 0x3bb6, 0x3bb7, 0x3bb8, 0x3bb9, 0x3bba, 0x3bbb, 0x3bbc, 0x3bce, 0x3bcf, 0x3bd0,
    0x3bd1, 0x3bd2, 0x3bd3, 0x3bd4, 0x3bd5, 0x3bd6, 0x3bd7, 0x3bd8, 0x3bd9, 0x3bda, 0x3bdb, 0x3bdc, 0x3bdd, 0x3bde, 0x3be0, 0x3be1,
    0x3be2, 0x3be3, 0x3be4, 0x3be5, 0x3be6, 0x3be7, 0x3be8, 0x3be9, 0x3bea, 0x3bee, 0x3bef, 0x3bf0, 0x3bf1, 0x3bf2, 0x3bf3, 0x3bf4,
    0x3bf5, 0x3bf6, 0x3bf7, 0x3bf8, 0x3bf9, 0x3bfa, 0x3bfb, 0x3bfc, 0x3bfd, 0x3bfe, 0x3c00, 0x3c01, 0x3c02, 0x3c03, 0x3c04, 0x3c05,
    0x3c06, 0x3c07, 0x3c08, 0x3c09, 0x3c0a, 0x3c0e, 0x3c0f, 0x3c10, 0x3c11, 0x3c12, 0x3c13, 0x3c14, 0x3c15, 0x3c16, 0x3c17, 0x3c18,
    0x3c19, 0x3c1a, 0x3c1b, 0x3c1c, 0x3c1d, 0x3c1e, 0x3c20, 0x3c21, 0x3c22, 0x3c23, 0x3c24, 0x3c25, 0x3c26, 0x3c27, 0x3c28, 0x3c29,
    0x3c2a, 0x3c2e, 0x3c2f, 0x3c30, 0x3c31, 0x3c32, 0x3c33, 0x3c34, 0x3c35, 0x3c36, 0x3c37, 0x3c38, 0x3c39, 0x3c3a, 0x3c3b, 0x3c3c,
    0x3c3d, 0x3c3e, 0x3c40, 0x3c41, 0x3c42, 0x3c43, 0x3c44, 0x3c45, 0x3c46, 0x3c47, 0x3c48, 0x3c49, 0x3c4a, 0x3c4e, 0x3c4f, 0x3c50,
    0x3c51, 0x3c52, 0x3c53, 0x3c54, 0x3c55, 0x3c56, 0x3c57, 0x3c58, 0x3c59, 0x3c5a, 0x3c5b, 0x3c5c, 0x3c5d, 0x3c5e, 0x3c60, 0x3c61,
    0x3c62, 0x3c63, 0x3c64, 0x3c65, 0x3c66, 0x3c67, 0x3c68, 0x3c69, 0x3c6a, 0x3c6e, 0x3c6f, 0x3c70, 0x3c71, 0x3c72, 0x3c73, 0x3c74,
    0x3c75, 0x3c76, 0x3c77, 0x3c78, 0x3c79, 0x3c7a, 0x3c7b, 0x3c7c, 0x3c7d, 0x3c7e, 0x3c80, 0x3c81, 0x3c82, 0x3c83, 0x3c84, 0x3c85,
    0x3c86, 0x3c87, 0x3c88, 0x3c89, 0x3c8a, 0x3c9c, 0x3c9d, 0x3c9e, 0x3c9f, 0x3ca0, 0x3ca1, 0x3ca2, 0x3ca3, 0x3ca4, 0x3ca5, 0x3ca6,
    0x3ca7, 0x3ca8, 0x3ca9, 0x3caa, 0x3cab, 0x3cac, 0x3cae, 0x3caf, 0x3cb0, 0x3cb1, 0x3cb2, 0x3cb3, 0x3cb4, 0x3cb5, 0x3cb6, 0x3cb7,
    0x3cb8, 0x3cbc, 0x3cbd, 0x3cbe, 0x3cbf, 0x3cc0, 0x3cc1, 0x3cc2, 0x3cc3, 0x3cc4, 0x3cc5, 0x3cc6, 0x3cc7, 0x3cc8, 0x3cc9, 0x3cca,
    0x3ccb, 0x3ccc, 0x3cce, 0x3ccf, 0x3cd0, 0x3cd1, 0x3cd2, 0x3cd3, 0x3cd4, 0x3cd5, 0x3cd6, 0x3cd7, 0x3cd8, 0x3cdc, 0x3cdd, 0x3cde,
    0x3cdf, 0x3ce0, 0x3ce1, 0x3ce2, 0x3ce3, 0x3ce4, 0x3ce5, 0x3ce6, 0x3ce7, 0x3ce8, 0x3ce9, 0x3cea, 0x3ceb, 0x3cec, 0x3cee, 0x3cef,
    0x3cf0, 0x3cf1, 0x3cf2, 0x3cf3, 0x3cf4, 0x3cf5, 0x3cf6, 0x3cf7, 0x3cf8, 0x3cfc, 0x3cfd, 0x3cfe, 0x3cff, 0x3d00, 0x3d01, 0x3d02,
    0x3d03, 0x3d04, 0x3d05, 0x3d06, 0x3d07, 0x3d08, 0x3d09, 0x3d0a, 0x3d0b, 0x3d0c, 0x3d0e, 0x3d0f, 0x3d10, 0x3d11, 0x3d12, 0x3d13,
    0x3d14, 0x3d15, 0x3d16, 0x3d17, 0x3d18, 0x3d1c, 0x3d1d, 0x3d1e, 0x3d1f, 0x3d20, 0x3d21, 0x3d22, 0x3d23, 0x3d24, 0x3d25, 0x3d26,
    0x3d27, 0x3d28, 0x3d29, 0x3d2a, 0x3d2b, 0x3d2c, 0x3d2e, 0x3d2f, 0x3d30, 0x3d31, 0x3d32, 0x3d33, 0x3d34, 0x3d35, 0x3d36, 0x3d37,
    0x3d38, 0x3d3c, 0x3d3d, 0x3d3e, 0x3d3f, 0x3d40, 0x3d41, 0x3d42, 0x3d43, 0x3d44, 0x3d45, 0x3d46, 0x3d47, 0x3d48, 0x3d49, 0x3d4a,
    0x3d4b, 0x3d4c, 0x3d4e, 0x3d4f, 0x3d50, 0x3d51, 0x3d52, 0x3d53, 0x3d54, 0x3d55, 0x3d56, 0x3d57, 0x3d58, 0x3d6a, 0x3d6b, 0x3d6c,
    0x3d6d, 0x3d6e, 0x3d6f, 0x3d70, 0x3d71, 0x3d72, 0x3d73, 0x3d74, 0x3d75, 0x3d76, 0x3d77, 0x3d78, 0x3d79, 0x3d7a, 0x3d7c, 0x3d7d,
    0x3d7e, 0x3d7f, 0x3d80, 0x3d81, 0x3d82, 0x3d83, 0x3d84, 0x3d85, 0x3d86, 0x3d8a, 0x3d8b, 0x3d8c, 0x3d8d, 0x3d8e, 0x3d8f, 0x3d90,
    0x3d91, 0x3d92, 0x3d93, 0x3d94, 0x3d95, 0x3d96, 0x3d97, 0x3d98, 0x3d99, 0x3d9a, 0x3d9c, 0x3d9d, 0x3d9e, 0x3d9f, 0x3da0, 0x3da1,
    0x3da2, 0x3da3, 0x3da4, 0x3da5, 0x3da6, 0x3daa, 0x3dab, 0x3dac, 0x3dad, 0x3dae, 0x3daf, 0x3db0, 0x3db1, 0x3db2, 0x3db3, 0x3db4,
    0x3db5, 0x3db6, 0x3db7, 0x3db8, 0x3db9, 0x3dba, 0x3dbc, 0x3dbd, 0x3dbe, 0x3dbf, 0x3dc0, 0x3dc1, 0x3dc2, 0x3dc3, 0x3dc4, 0x3dc5,
    0x3dc6, 0x3dca, 0x3dcb, 0x3dcc, 0x3dcd, 0x3dce, 0x3dcf, 0x3dd0, 0x3dd1, 0x3dd2, 0x3dd3, 0x3dd4, 0x3dd5, 0x3dd6, 0x3dd7, 0x3dd8,
    0x3dd9, 0x3dda, 0x3ddc, 0x3ddd, 0x3dde, 0x3ddf, 0x3de0, 0x3de1, 0x3de2, 0x3de3, 0x3de4, 0x3de5, 0x3de6, 0x3e58, 0x3e59, 0x3e5a,
    0x3e5b, 0x3e5c, 0x3e5d, 0x3e5e, 0x3e5f, 0x3e60, 0x3e61, 0x3e62, 0x3e63, 0x3e64, 0x3e65, 0x3e66, 0x3e67, 0x3e68, 0x3e6a, 0x3e6b,
    0x3e6c, 0x3e6d, 0x3e6e, 0x3e6f, 0x3e70, 0x3e71, 0x3e72, 0x3e73, 0x3e74, 0x3e78, 0x3e79, 0x3e7a, 0x3e7b, 0x3e7c, 0x3e7d, 0x3e7e,
    0x3e7f, 0x3e80, 0x3e81, 0x3e82, 0x3e83, 0x3e84, 0x3e85, 0x3e86, 0x3e87, 0x3e88, 0x3e8a, 0x3e8b, 0x3e8c, 0x3e8d, 0x3e8e, 0x3e8f,
    0x3e90, 0x3e91, 0x3e92, 0x3e93, 0x3e94, 0x3e98, 0x3e99, 0x3e9a, 0x3e9b, 0x3e9c, 0x3e9d, 0x3e9e, 0x3e9f, 0x3ea0, 0x3ea1, 0x3ea2,
    0x3ea3, 0x3ea4, 0x3ea5, 0x3ea6, 0x3ea7, 0x3ea8, 0x3eaa, 0x3eab, 0x3eac, 0x3ead, 0x3eae, 0x3eaf, 0x3eb0, 0x3eb1, 0x3eb2, 0x3eb3,
    0x3eb4, 0x3eb8, 0x3eb9, 0x3eba, 0x3ebb, 0x3ebc, 0x3ebd, 0x3ebe, 0x3ebf, 0x3ec0, 0x3ec1, 0x3ec2, 0x3ec3, 0x3ec4, 0x3ec5, 0x3ec6,
    0x3ec7, 0x3ec8, 0x3eca, 0x3ecb, 0x3ecc, 0x3ecd, 0x3ece, 0x3ecf, 0x3ed0, 0x3ed1, 0x3ed2, 0x3ed3, 0x3ed4, 0x3ed8, 0x3ed9, 0x3eda,
    0x3edb, 0x3edc, 0x3edd, 0x3ede, 0x3edf, 0x3ee0, 0x3ee1, 0x3ee2, 0x3ee3, 0x3ee4, 0x3ee5, 0x3ee6, 0x3ee7, 0x3ee8, 0x3eea, 0x3eeb,
    0x3eec, 0x3eed, 0x3eee, 0x3eef, 0x3ef0, 0x3ef1, 0x3ef2, 0x3ef3, 0x3ef4, 0x3f06, 0x3f07, 0x3f08, 0x3f09, 0x3f0a, 0x3f0b, 0x3f0c,
    0x3f0d, 0x3f0e, 0x3f0f, 0x3f10, 0x3f11, 0x3f12, 0x3f13, 0x3f14, 0x3f15, 0x3f16, 0x3f18, 0x3f19, 0x3f1a, 0x3f1b, 0x3f1c, 0x3f1d,
    0x3f1e, 0x3f1f, 0x3f20, 0x3f21, 0x3f22, 0x3f26, 0x3f27, 0x3f28, 0x3f29, 0x3f2a, 0x3f2b, 0x3f2c, 0x3f2d, 0x3f2e, 0x3f2f, 0x3f30,
    0x3f31, 0x3f32, 0x3f33, 0x3f34, 0x3f35, 0x3f36, 0x3f38, 0x3f39, 0x3f3a, 0x3f3b, 0x3f3c, 0x3f3d, 0x3f3e, 0x3f3f, 0x3f40, 0x3f41,
    0x3f42, 0x3f46, 0x3f47, 0x3f48, 0x3f49, 0x3f4a, 0x3f4b, 0x3f4c, 0x3f4d, 0x3f4e, 0x3f4f, 0x3f50, 0x3f51, 0x3f52, 0x3f53, 0x3f54,
    0x3f55, 0x3f56, 0x3f58, 0x3f59, 0x3f5a, 0x3f5b, 0x3f5c, 0x3f5d, 0x3f5e, 0x3f5f, 0x3f60, 0x3f61, 0x3f62, 0x3f66, 0x3f67, 0x3f68,
    0x3f69, 0x3f6a, 0x3f6b, 0x3f6c, 0x3f6d, 0x3f6e, 0x3f6f, 0x3f70, 0x3f71, 0x3f72, 0x3f73, 0x3f74, 0x3f75, 0x3f76, 0x3f78, 0x3f79,
    0x3f7a, 0x3f7b, 0x3f7c, 0x3f7d, 0x3f7e, 0x3f7f, 0x3f80, 0x3f81, 0x3f82, 0x3f86, 0x3f87, 0x3f88, 0x3f89, 0x3f8a, 0x3f8b, 0x3f8c,
    0x3f8d, 0x3f8e, 0x3f8f, 0x3f90, 0x3f91, 0x3f92, 0x3f93, 0x3f94, 0x3f95, 0x3f96, 0x3f98, 0x3f99, 0x3f9a, 0x3f9b, 0x3f9c, 0x3f9d,
    0x3f9e, 0x3f9f, 0x3fa0, 0x3fa1, 0x3fa2, 0x3fa6, 0x3fa7, 0x3fa8, 0x3fa9, 0x3faa, 0x3fab, 0x3fac, 0x3fad, 0x3fae, 0x3faf, 0x3fb0,
    0x3fb1, 0x3fb2, 0x3fb3, 0x3fb4, 0x3fb5, 0x3fb6, 0x3fb8, 0x3fb9, 0x3fba, 0x3fbb, 0x3fbc, 0x3fbd, 0x3fbe, 0x3fbf, 0x3fc0, 0x3fc1,
    0x3fc2, 0x3fd4, 0x3fd5, 0x3fd6, 0x3fd7, 0x3fd8, 0x3fd9, 0x3fda, 0x3fdb, 0x3fdc, 0x3fdd, 0x3fde, 0x3fdf, 0x3fe0, 0x3fe1, 0x3fe2,
    0x3fe3, 0x3fe4, 0x3fe6, 0x3fe7, 0x3fe8, 0x3fe9, 0x3fea, 0x3feb, 0x3fec, 0x3fed, 0x3fee, 0x3fef, 0x3ff0, 0x3ff4, 0x3ff5, 0x3ff6,
    0x3ff7, 0x3ff8, 0x3ff9, 0x3ffa, 0x3ffb, 0x3ffc, 0x3ffd, 0x3ffe, 0x3fff, 0x4000, 0x4001, 0x4002, 0x4003, 0x4004, 0x4006, 0x4007,
    0x4008, 0x4009, 0x400a, 0x400b, 0x400c, 0x400d, 0x400e, 0x400f, 0x4010, 0x4014, 0x4015, 0x4016, 0x4017, 0x4018, 0x4019, 0x401a,
    0x401b, 0x401c, 0x401d, 0x401e, 0x401f, 0x4020, 0x4021, 0x4022, 0x4023, 0x4024, 0x4026, 0x4027, 0x4028, 0x4029, 0x402a, 0x402b,
    0x402c, 0x402d, 0x402e, 0x402f, 0x4030, 0x4034, 0x4035, 0x4036, 0x4037, 0x4038, 0x4039, 0x403a, 0x403b, 0x403c, 0x403d, 0x403e,
    0x403f, 0x4040, 0x4041, 0x4042, 0x4043, 0x4044, 0x4046, 0x4047, 0x4048, 0x4049, 0x404a, 0x404b, 0x404c, 0x404d, 0x404e, 0x404f,
    0x4050, 0x4054, 0x4055, 0x4056, 0x4057, 0x4058, 0x4059, 0x405a, 0x405b, 0x405c, 0x405d, 0x405e, 0x405f, 0x4060, 0x4061, 0x4062,
    0x4063, 0x4064, 0x4066, 0x4067, 0x4068, 0x4069, 0x406a, 0x406b, 0x406c, 0x406d, 0x406e, 0x406f, 0x4070, 0x4074, 0x4075, 0x4076,
    0x4077, 0x4078, 0x4079, 0x407a, 0x407b, 0x407c, 0x407d, 0x407e, 0x407f, 0x4080, 0x4081, 0x4082, 0x4083, 0x4084, 0x4086, 0x4087,
    0x4088, 0x4089, 0x408a, 0x408b, 0x408c, 0x408d, 0x408e, 0x408f, 0x4090, 0x40a2, 0x40a3, 0x40a4, 0x40a5, 0x40a6, 0x40a7, 0x40a8,
    0x40a9, 0x40aa, 0x40ab, 0x40ac, 0x40ad, 0x40ae, 0x40af, 0x40b0, 0x40b1, 0x40b2, 0x40b4, 0x40b5, 0x40b6, 0x40b7, 0x40b8, 0x40b9,
    0x40ba, 0x40bb, 0x40bc, 0x40bd, 0x40be, 0x40c2, 0x40c3, 0x40c4, 0x40c5, 0x40c6, 0x40c7, 0x40c8, 0x40c9, 0x40ca, 0x40cb, 0x40cc,
    0x40cd, 0x40ce, 0x40cf, 0x40d0, 0x40d1, 0x40d2, 0x40d4, 0x40d5, 0x40d6, 0x40d7, 0x40d8, 0x40d9, 0x40da, 0x40db, 0x40dc, 0x40dd,
    0x40de, 0x40e2, 0x40e3, 0x40e4, 0x40e5, 0x40e6, 0x40e7, 0x40e8, 0x40e9, 0x40ea, 0x40eb, 0x40ec, 0x40ed, 0x40ee, 0x40ef, 0x40f0,
    0x40f1, 0x40f2, 0x40f4, 0x40f5, 0x40f6, 0x40f7, 0x40f8, 0x40f9, 0x40fa, 0x40fb, 0x40fc, 0x40fd, 0x40fe, 0x4102, 0x4103, 0x4104,
    0x4105, 0x4106, 0x4107, 0x4108, 0x4109, 0x410a, 0x410b, 0x410c, 0x410d, 0x410e, 0x410f, 0x4110, 0x4111, 0x4112, 0x4114, 0x4115,
    0x4116, 0x4117, 0x4118, 0x4119, 0x411a, 0x411b, 0x411c, 0x411d, 0x411e, 0x4ba7, 0x4bad, 0x4bbe, 0x4c74, 0x4c8d, 0x4cb0, 0x4d6e,
    0x4d73, 0x4d89, 0x4da1, 0x4dae, 0x4e15, 0x4e16, 0x4e19, 0x4e1c, 0x4e1d, 0x4e1e, 0x4e1f, 0x4e20, 0x4e21, 0x4e23, 0x4e24, 0x4e25,
    0x4e26, 0x4e27, 0x4e29, 0x4e2a, 0x4e2b, 0x4e2c, 0x4e2e, 0x4e30, 0x4e31, 0x4e33, 0x4e37, 0x4e3b, 0x4e3d, 0x4e3e, 0x4e3f, 0x4e41,
    0x4e42, 0x4e46, 0x4e47, 0x4e48, 0x4e49, 0x4e4a, 0x4e4c, 0x4e51, 0x4e5d, 0x4e61, 0x4e62, 0x4e63, 0x4e65, 0x4e66, 0x4e67, 0x4e68,
    0x4e69, 0x4e6a, 0x4e6c, 0x4e6d, 0x4e6e, 0x4e6f, 0x4e70, 0x4e71, 0x4e72, 0x4e73, 0x4e74, 0x4e75, 0x4e76, 0x4e78, 0x4e79, 0x4e7d,
    0x4e7e, 0x4e80, 0x4e81, 0x4e83, 0x4e84, 0x4e85, 0x4e86, 0x4e87, 0x4e88, 0x4e89, 0x4e8a, 0x4ea1, 0x4ea2, 0x4ea3, 0x4ea4, 0x4ea5,
    0x4ea6, 0x4ea8, 0x4ea9, 0x4f53, 0x4f7b, 0x4f82, 0x4f88, 0x4f8b, 0x4ff3, 0x5008, 0x5076, 0x508f, 0x520c, 0x522b, 0x524a, 0x52ba,
    0x52ea, 0x5309, 0x5381, 0x5383, 0x5396, 0x53c4, 0x53cb, 0x5444, 0x545e, 0x549e, 0x5574, 0x557e, 0x5586, 0x55fb, 0x55fe, 0x55ff,
    0x5606, 0x5608, 0x5609, 0x5611, 0x561b, 0x561d, 0x561f, 0x5623, 0x5647, 0x5648, 0x5649, 0x564b, 0x564c, 0x564f, 0x5652, 0x5658,
    0x565a, 0x565b, 0x565c, 0x565e, 0x5662, 0x5663, 0x5667, 0x566f, 0x5671, 0x5672, 0x5675, 0x567d, 0x5681, 0x5684, 0x5687, 0x568a,
    0x568c, 0x568f, 0x5690, 0x5691, 0x5693, 0x5695, 0x5696, 0x5697, 0x56ac, 0x56ae, 0x56af, 0x56b2, 0x56b3, 0x56b4, 0x56b6, 0x56bc,
    0x56c1, 0x56c4, 0x56c5, 0x56c7, 0x56c8, 0x56cb, 0x56da, 0x56dc, 0x56e1, 0x56e2, 0x56e6, 0x56e8, 0x56ea, 0x56eb, 0x56ee, 0x56fa,
    0x56ff, 0x5701, 0x5712, 0x5760, 0x5761, 0x577b, 0x577c, 0x5782, 0x5784, 0x5786, 0x5789, 0x5790, 0x5795, 0x57b5, 0x57e0, 0x5808,
    0x582c, 0x584d, 0x5850, 0x5855, 0x5857, 0x585b, 0x585e, 0x5860, 0x5861, 0x5871, 0x5872, 0x5874, 0x5878, 0x5879, 0x587d, 0x587e,
    0x5883, 0x5886, 0x5887, 0x5888, 0x5889, 0x588f, 0x58bb, 0x58bc, 0x58bf, 0x58c4, 0x58c5, 0x58c6, 0x58c7, 0x58ca, 0x58cd, 0x58cf,
    0x58d5, 0x58d6, 0x58da, 0x58db, 0x58de, 0x58df, 0x58ea, 0x58f2, 0x58f3, 0x58f6, 0x58f9, 0x58fc, 0x58fd, 0x591e, 0x591f, 0x5921,
    0x5926, 0x5927, 0x5928, 0x5973, 0x59be, 0x5b3c, 0x5b8b, 0x5ba0, 0x5bf4, 0x5c3b, 0x5d21, 0x5d23, 0x5d43, 0x5d53, 0x5d5e, 0x5dc4,
    0x5deb, 0x5e58, 0x5e59, 0x5e9d, 0x5f2e, 0x4634, 0x4635, 0x4636, 0x4637, 0x4638, 0x4639, 0x463a, 0x463b, 0x463c, 0x463d, 0x463e,
    0x463f, 0x4640, 0x4641, 0x4642, 0x4643, 0x4644, 0x4645, 0x4646, 0x4647, 0x4648, 0x4649, 0x464a, 0x464b, 0x464c, 0x464d, 0x464e,
    0x464f, 0x4650, 0x4651, 0x4652, 0x4653, 0x4654, 0x4655, 0x4656, 0x4657, 0x4658, 0x4659, 0x465a, 0x465b, 0x465c, 0x465d, 0x465e,
    0x465f, 0x4660, 0x4661, 0x4662, 0x4663, 0x4664, 0x4665, 0x4666, 0x4667, 0x4668, 0x4669, 0x466a, 0x466b, 0x466c, 0x466d, 0x466e,
    0x4571, 0x4670, 0x4671, 0x4672, 0x4673, 0x4674, 0x4675, 0x4676, 0x4677, 0x4678, 0x4679, 0x467a, 0x467b, 0x467c, 0x467d, 0x467e,
    0x467f, 0x4680, 0x4681, 0x4694, 0x4695, 0x4696, 0x4697, 0x4698, 0x4699, 0x469a, 0x469b, 0x469c, 0x469d, 0x469e, 0x469f, 0x46a0,
    0x46a1, 0x46a2, 0x45db, 0x4590, 0x4591, 0x45d5, 0x46a3, 0x4592, 0x466f,
];
pub static EXTRA: [(u32, u32, u8); 0] = [
];
pub static RDEC: [(u32, u32, u32); 0] = [
];
pub static RENC: [(u32, u32, u32); 0] = [
];

pub static MB: Mb = Mb {
    sets: &[
        Set { prefix: &[], lead_lo: 0x0, lead_hi: 0xff, trail_lo: 0x0, trail_hi: 0x0, nbytes: 1, base: 0, data: &D0 },
        Set { prefix: &[], lead_lo: 0x84, lead_hi: 0xf9, trail_lo: 0x31, trail_hi: 0xfe, nbytes: 2, base: 256, data: &D1 },
    ],
    wide: &WIDE,
    enc_cp: &ENC_CP,
    enc_pos: &ENC_POS,
    extra: &EXTRA,
    runs_dec: &RDEC,
    runs_enc: &RENC,
};
