use crate::mb::{Mb, Set};

pub static D0: [u16; 256] = [
    0xfffe, 0x0001, 0x0002, 0x0003, 0x0004, 0x0005, 0x0006, 0x0007, 0x0008, 0x0009, 0x000a, 0x000b, 0x000c, 0x000d, 0x000e, 0x000f,
    0x0010, 0x0011, 0x0012, 0x0013, 0x0014, 0x0015, 0x0016, 0x0017, 0x0018, 0x0019, 0x001a, 0x001b, 0x001c, 0x001d, 0x001e, 0x001f,
    0x0020, 0x0021, 0x0022, 0x0023, 0x0024, 0x0025, 0x0026, 0x0027, 0x0028, 0x0029, 0x002a, 0x002b, 0x002c, 0x002d, 0x002e, 0x002f,
    0x0030, 0x0031, 0x0032, 0x0033, 0x0034, 0x0035, 0x0036, 0x0037, 0x0038, 0x0039, 0x003a, 0x003b, 0x003c, 0x003d, 0x003e, 0x003f,
    0x0040, 0x0041, 0x0042, 0x0043, 0x0044, 0x0045, 0x0046, 0x0047, 0x0048, 0x0049, 0x004a, 0x004b, 0x004c, 0x004d, 0x004e, 0x004f,
    0x0050, 0x0051, 0x0052, 0x0053, 0x0054, 0x0055, 0x0056, 0x0057, 0x0058, 0x0059, 0x005a, 0x005b, 0x00a5, 0x005d, 0x005e, 0x005f,
    0x0060, 0x0061, 0x0062, 0x0063, 0x0064, 0x0065, 0x0066, 0x0067, 0x0068, 0x0069, 0x006a, 0x006b, 0x006c, 0x006d, 0x006e, 0x006f,
    0x0070, 0x0071, 0x0072, 0x0073, 0x0074, 0x0075, 0x0076, 0x0077, 0x0078, 0x0079, 0x007a, 0x007b, 0x007c, 0x007d, 0x203e, 0x007f,
    0x0000, 0x0000, 0x0000, 0x0000, 0x0000, 0x0000, 0x0000, 0x0000, 0x0000, 0x0000, 0x0000, 0x0000, 0x0000, 0x0000, 0x0000, 0x0000,
    0x0000, 0x0000, 0x0000, 0x0000, 0x0000, 0x0000, 0x0000, 0x0000, 0x0000, 0x0000, 0x0000, 0x0000, 0x0000, 0x0000, 0x0000, 0x0000,
    0x0000, 0xff61, 0xff62, 0xff63, 0xff64, 0xff65, 0xff66, 0xff67, 0xff68, 0xff69, 0xff6a, 0xff6b, 0xff6c, 0xff6d, 0xff6e, 0xff6f,
    0xff70, 0xff71, 0xff72, 0xff73, 0xff74, 0xff75, 0xff76, 0xff77, 0xff78, 0xff79, 0xff7a, 0xff7b, 0xff7c, 0xff7d, 0xff7e, 0xff7f,
    0xff80, 0xff81, 0xff82, 0xff83, 0xff84, 0xff85, 0xff86, 0xff87, 0xff88, 0xff89, 0xff8a, 0xff8b, 0xff8c, 0xff8d, 0xff8e, 0xff8f,
    0xff90, 0xff91, 0xff92, 0xff93, 0xff94, 0xff95, 0xff96, 0xff97, 0xff98, 0xff99, 0xff9a, 0xff9b, 0xff9c, 0xff9d, 0xff9e, 0xff9f,
    0x0000, 0x0000, 0x0000, 0x0000, 0x0000, 0x0000, 0x0000, 0x0000, 0x0000, 0x0000, 0x0000, 0x0000, 0x0000, 0x0000, 0x0000, 0x0000,
    0x0000, 0x0000, 0x0000, 0x0000, 0x0000, 0x0000, 0x0000, 0x0000, 0x0000, 0x0000, 0x0000, 0x0000, 0x0000, 0x0000, 0x0000, 0x0000,
];
pub static D1: [u16; 23436] = [
    0x3000, 0x3001, 0x3002, 0xff0c, 0xff0e, 0x30fb, 0xff1a, 0xff1b, 0xff1f, 0xff01, 0x309b, 0x309c, 0x00b4, 0xff40, 0x00a8, 0xff3e,
    0xffe3, 0xff3f, 0x30fd, 0x30fe, 0x309d, 0x309e, 0x3003, 0x4edd, 0x3005, 0x3006, 0x3007, 0x30fc, 0x2014, 0x2010, 0xff0f, 0xff3c,
    0x301c, 0x2016, 0xff5c, 0x2026, 0x2025, 0x2018, 0x2019, 0x201c, 0x201d, 0xff08, 0xff09, 0x3014, 0x3015, 0xff3b, 0xff3d, 0xff5b,
    0xff5d, 0x3008, 0x3009, 0x300a, 0x300b, 0x300c, 0x300d, 0x300e, 0x300f, 0x3010, 0x3011, 0xff0b, 0x2212, 0x00b1, 0x00d7, 0x0000,
    0x00f7, 0xff1d, 0x2260, 0xff1c, 0xff1e, 0x2266, 0x2267, 0x221e, 0x2234, 0x2642, 0x2640, 0x00b0, 0x2032, 0x2033, 0x2103, 0xffe5,
    0xff04, 0x00a2, 0x00a3, 0xff05, 0xff03, 0xff06, 0xff0a, 0xff20, 0x00a7, 0x2606, 0x2605, 0x25cb, 0x25cf, 0x25ce, 0x25c7, 0x25c6,
    0x25a1, 0x25a0, 0x25b3, 0x25b2, 0x25bd, 0x25bc, 0x203b, 0x3012, 0x2192, 0x2190, 0x2191, 0x2193, 0x3013, 0xff07, 0xff02, 0xff0d,
    0xff5e, 0x3033, 0x3034, 0x3035, 0x303b, 0x303c, 0x30ff, 0x309f, 0x2208, 0x220b, 0x2286, 0x2287, 0x2282, 0x2283, 0x222a, 0x2229,
    0x2284, 0x2285, 0x228a, 0x228b, 0x2209, 0x2205, 0x2305, 0x2306, 0x2227, 0x2228, 0x00ac, 0x21d2, 0x21d4, 0x2200, 0x2203, 0x2295,
    0x2296, 0x2297, 0x2225, 0x2226, 0xff5f, 0xff60, 0x3018, 0x3019, 0x3016, 0x3017, 0x2220, 0x22a5, 0x2312, 0x2202, 0x2207, 0x2261,
    0x2252, 0x226a, 0x226b, 0x221a, 0x223d, 0x221d, 0x2235, 0x222b, 0x222c, 0x2262, 0x2243, 0x2245, 0x2248, 0x2276, 0x2277, 0x2194,
    0x212b, 0x2030, 0x266f, 0x266d, 0x266a, 0x2020, 0x2021, 0x00b6, 0x266e, 0x266b, 0x266c, 0x2669, 0x25ef, 0x25b7, 0x25b6, 0x25c1,
    0x25c0, 0x2197, 0x2198, 0x2196, 0x2199, 0x21c4, 0x21e8, 0x21e6, 0x21e7, 0x21e9, 0x2934, 0x2935, 0xff10, 0xff11, 0xff12, 0xff13,
    0xff14, 0xff15, 0xff16, 0xff17, 0xff18, 0xff19, 0x29bf, 0x25c9, 0x303d, 0xfe46, 0xfe45, 0x25e6, 0x2022, 0xff21, 0xff22, 0xff23,
    0xff24, 0xff25, 0xff26, 0xff27, 0xff28, 0xff29, 0xff2a, 0xff2b, 0xff2c, 0xff2d, 0xff2e, 0xff2f, 0xff30, 0xff31, 0xff32, 0xff33,
    0xff34, 0xff35, 0xff36, 0xff37, 0xff38, 0xff39, 0xff3a, 0x2213, 0x2135, 0x210f, 0x33cb, 0x2113, 0x0000, 0x2127, 0xff41, 0xff42,
    0xff43, 0xff44, 0xff45, 0xff46, 0xff47, 0xff48, 0xff49, 0xff4a, 0xff4b, 0xff4c, 0xff4d, 0xff4e, 0xff4f, 0xff50, 0xff51, 0xff52,
    0xff53, 0xff54, 0xff55, 0xff56, 0xff57, 0xff58, 0xff59, 0xff5a, 0x30a0, 0x2013, 0x29fa, 0x29fb, 0x3041, 0x3042, 0x3043, 0x3044,
    0x3045, 0x3046, 0x3047, 0x3048, 0x3049, 0x304a, 0x304b, 0x304c, 0x304d, 0x304e, 0x304f, 0x3050, 0x3051, 0x3052, 0x3053, 0x3054,
    0x3055, 0x3056, 0x3057, 0x3058, 0x3059, 0x305a, 0x305b, 0x305c, 0x305d, 0x305e, 0x305f, 0x3060, 0x3061, 0x3062, 0x3063, 0x3064,
    0x3065, 0x3066, 0x3067, 0x3068, 0x3069, 0x306a, 0x306b, 0x306c, 0x306d, 0x306e, 0x306f, 0x3070, 0x3071, 0x3072, 0x3073, 0x3074,
    0x3075, 0x3076, 0x3077, 0x3078, 0x3079, 0x307a, 0x307b, 0x307c, 0x307d, 0x307e, 0x307f, 0x3080, 0x3081, 0x3082, 0x3083, 0x3084,
    0x3085, 0x3086, 0x3087, 0x3088, 0x3089, 0x308a, 0x308b, 0x308c, 0x308d, 0x308e, 0x308f, 0x3090, 0x3091, 0x3092, 0x3093, 0x3094,
    0x3095, 0x3096, 0x0000, 0x0000, 0x0000, 0x0000, 0x0000, 0x0000, 0x0000, 0x0000, 0x30a1, 0x30a2, 0x30a3, 0x30a4, 0x30a5, 0x30a6,
    0x30a7, 0x30a8, 0x30a9, 0x30aa, 0x30ab, 0x30ac, 0x30ad, 0x30ae, 0x30af, 0x30b0, 0x30b1, 0x30b2, 0x30b3, 0x30b4, 0x30b5, 0x30b6,
    0x30b7, 0x30b8, 0x30b9, 0x30ba, 0x30bb, 0x30bc, 0x30bd, 0x30be, 0x30bf, 0x30c0, 0x30c1, 0x30c2, 0x30c3, 0x30c4, 0x30c5, 0x30c6,
    0x30c7, 0x30c8, 0x30c9, 0x30ca, 0x30cb, 0x30cc, 0x30cd, 0x30ce, 0x30cf, 0x30d0, 0x30d1, 0x30d2, 0x30d3, 0x30d4, 0x30d5, 0x30d6,
    0x30d7, 0x30d8, 0x30d9, 0x30da, 0x30db, 0x30dc, 0x30dd, 0x30de, 0x30df, 0x0000, 0x30e0, 0x30e1, 0x30e2, 0x30e3, 0x30e4, 0x30e5,
    0x30e6, 0x30e7, 0x30e8, 0x30e9, 0x30ea, 0x30eb, 0x30ec, 0x30ed, 0x30ee, 0x30ef, 0x30f0, 0x30f1, 0x30f2, 0x30f3, 0x30f4, 0x30f5,
    0x30f6, 0x0000, 0x0000, 0x0000, 0x0000, 0x0000, 0x0000, 0x0000, 0x0000, 0x0391, 0x0392, 0x0393, 0x0394, 0x0395, 0x0396, 0x0397,
    0x0398, 0x0399, 0x039a, 0x039b, 0x039c, 0x039d, 0x039e, 0x039f, 0x03a0, 0x03a1, 0x03a3, 0x03a4, 0x03a5, 0x03a6, 0x03a7, 0x03a8,
    0x03a9, 0x2664, 0x2660, 0x2662, 0x2666, 0x2661, 0x2665, 0x2667, 0x2663, 0x03b1, 0x03b2, 0x03b3, 0x03b4, 0x03b5, 0x03b6, 0x03b7,
    0x03b8, 0x03b9, 0x03ba, 0x03bb, 0x03bc, 0x03bd, 0x03be, 0x03bf, 0x03c0, 0x03c1, 0x03c3, 0x03c4, 0x03c5, 0x03c6, 0x03c7, 0x03c8,
    0x03c9, 0x03c2, 0x24f5, 0x24f6, 0x24f7, 0x24f8, 0x24f9, 0x24fa, 0x24fb, 0x24fc, 0x24fd, 0x24fe, 0x2616, 0x2617, 0x3020, 0x260e,
    0x2600, 0x2601, 0x2602, 0x2603, 0x2668, 0x25b1, 0x31f0, 0x31f1, 0x31f2, 0x31f3, 0x31f4, 0x31f5, 0x31f6, 0x31f7, 0x31f8, 0x31f9,
    0x0000, 0x31fa, 0x31fb, 0x31fc, 0x31fd, 0x31fe, 0x31ff, 0x0410, 0x0411, 0x0412, 0x0413, 0x0414, 0x0415, 0x0401, 0x0416, 0x0417,
    0x0418, 0x0419, 0x041a, 0x041b, 0x041c, 0x041d, 0x041e, 0x041f, 0x0420, 0x0421, 0x0422, 0x0423, 0x0424, 0x0425, 0x0426, 0x0427,
    0x0428, 0x0429, 0x042a, 0x042b, 0x042c, 0x042d, 0x042e, 0x042f, 0x23be, 0x23bf, 0x23c0, 0x23c1, 0x23c2, 0x23c3, 0x23c4, 0x23c5,
    0x23c6, 0x23c7, 0x23c8, 0x23c9, 0x23ca, 0x23cb, 0x23cc, 0x0430, 0x0431, 0x0432, 0x0433, 0x0434, 0x0435, 0x0451, 0x0436, 0x0437,
    0x0438, 0x0439, 0x043a, 0x043b, 0x043c, 0x043d, 0x0000, 0x043e, 0x043f, 0x0440, 0x0441, 0x0442, 0x0443, 0x0444, 0x0445, 0x0446,
    0x0447, 0x0448, 0x0449, 0x044a, 0x044b, 0x044c, 0x044d, 0x044e, 0x044f, 0x30f7, 0x30f8, 0x30f9, 0x30fa, 0x22da, 0x22db, 0x2153,
    0x2154, 0x2155, 0x2713, 0x2318, 0x2423, 0x23ce, 0x2500, 0x2502, 0x250c, 0x2510, 0x2518, 0x2514, 0x251c, 0x252c, 0x2524, 0x2534,
    0x253c, 0x2501, 0x2503, 0x250f, 0x2513, 0x251b, 0x2517, 0x2523, 0x2533, 0x252b, 0x253b, 0x254b, 0x2520, 0x252f, 0x2528, 0x2537,
    0x253f, 0x251d, 0x2530, 0x2525, 0x2538, 0x2542, 0x3251, 0x3252, 0x3253, 0x3254, 0x3255, 0x3256, 0x3257, 0x3258, 0x3259, 0x325a,
    0x325b, 0x325c, 0x325d, 0x325e, 0x325f, 0x32b1, 0x32b2, 0x32b3, 0x32b4, 0x32b5, 0x32b6, 0x32b7, 0x32b8, 0x32b9, 0x32ba, 0x32bb,
    0x32bc, 0x32bd, 0x32be, 0x32bf, 0x0000, 0x0000, 0x0000, 0x0000, 0x0000, 0x0000, 0x0000, 0x0000, 0x25d0, 0x25d1, 0x25d2, 0x25d3,
    0x203c, 0x2047, 0x2048, 0x2049, 0x01cd, 0x01ce, 0x01d0, 0x1e3e, 0x1e3f, 0x01f8, 0x01f9, 0x01d1, 0x01d2, 0x01d4, 0x01d6, 0x01d8,
    0x01da, 0x01dc, 0x0000, 0x0000, 0x20ac, 0x00a0, 0x00a1, 0x00a4, 0x00a6, 0x00a9, 0x00aa, 0x00ab, 0x00ad, 0x00ae, 0x00af, 0x00b2,
    0x00b3, 0x00b7, 0x00b8, 0x00b9, 0x00ba, 0x00bb, 0x00bc, 0x00bd, 0x00be, 0x00bf, 0x00c0, 0x00c1, 0x00c2, 0x00c3, 0x00c4, 0x00c5,
    0x00c6, 0x00c7, 0x00c8, 0x00c9, 0x00ca, 0x00cb, 0x00cc, 0x00cd, 0x00ce, 0x00cf, 0x00d0, 0x00d1, 0x00d2, 0x00d3, 0x00d4, 0x00d5,
    0x00d6, 0x00d8, 0x00d9, 0x00da, 0x00db, 0x00dc, 0x00dd, 0x00de, 0x00df, 0x00e0, 0x00e1, 0x00e2, 0x00e3, 0x00e4, 0x00e5, 0x00e6,
    0x00e7, 0x00e8, 0x00e9, 0x0000, 0x00ea, 0x00eb, 0x00ec, 0x00ed, 0x00ee, 0x00ef, 0x00f0, 0x00f1, 0x00f2, 0x00f3, 0x00f4, 0x00f5,
    0x00f6, 0x00f8, 0x00f9, 0x00fa, 0x00fb, 0x00fc, 0x00fd, 0x00fe, 0x00ff, 0x0100, 0x012a, 0x016a, 0x0112, 0x014c, 0x0101, 0x012b,
    0x016b, 0x0113, 0x014d, 0x0104, 0x02d8, 0x0141, 0x013d, 0x015a, 0x0160, 0x015e, 0x0164, 0x0179, 0x017d, 0x017b, 0x0105, 0x02db,
    0x0142, 0x013e, 0x015b, 0x02c7, 0x0161, 0x015f, 0x0165, 0x017a, 0x02dd, 0x017e, 0x017c, 0x0154, 0x0102, 0x0139, 0x0106, 0x010c,
    0x0118, 0x011a, 0x010e, 0x0143, 0x0147, 0x0150, 0x0158, 0x016e, 0x0170, 0x0162, 0x0155, 0x0103, 0x013a, 0x0107, 0x010d, 0x0119,
    0x011b, 0x010f, 0x0111, 0x0144, 0x0148, 0x0151, 0x0159, 0x016f, 0x0171, 0x0163, 0x02d9, 0x0108, 0x011c, 0x0124, 0x0134, 0x015c,
    0x016c, 0x0109, 0x011d, 0x0125, 0x0135, 0x015d, 0x016d, 0x0271, 0x028b, 0x027e, 0x0283, 0x0292, 0x026c, 0x026e, 0x0279, 0x0288,
    0x0256, 0x0273, 0x027d, 0x0282, 0x0290, 0x027b, 0x026d, 0x025f, 0x0272, 0x029d, 0x028e, 0x0261, 0x014b, 0x0270, 0x0281, 0x0127,
    0x0295, 0x0294, 0x0266, 0x0298, 0x01c2, 0x0253, 0x0257, 0x0284, 0x0260, 0x0193, 0x0153, 0x0152, 0x0268, 0x0289, 0x0258, 0x0275,
    0x0259, 0x025c, 0x025e, 0x0250, 0x026f, 0x028a, 0x0264, 0x028c, 0x0254, 0x0251, 0x0252, 0x028d, 0x0265, 0x02a2, 0x02a1, 0x0255,
    0x0291, 0x027a, 0x0267, 0x025a, 0x0000, 0x01fd, 0x1f70, 0x1f71, 0x0000, 0x0000, 0x0000, 0x0000, 0x0000, 0x0000, 0x0000, 0x0000,
    0x1f72, 0x1f73, 0x0361, 0x02c8, 0x02cc, 0x02d0, 0x02d1, 0x0306, 0x203f, 0x030b, 0x0301, 0x0304, 0x0300, 0x030f, 0x030c, 0x0302,
    0x0000, 0x02e5, 0x02e6, 0x02e7, 0x02e8, 0x02e9, 0x0000, 0x0000, 0x0325, 0x032c, 0x0339, 0x031c, 0x031f, 0x0320, 0x0308, 0x033d,
    0x0329, 0x032f, 0x02de, 0x0324, 0x0330, 0x033c, 0x0334, 0x031d, 0x031e, 0x0318, 0x0319, 0x032a, 0x033a, 0x033b, 0x0303, 0x031a,
    0x2776, 0x2777, 0x2778, 0x2779, 0x277a, 0x277b, 0x277c, 0x277d, 0x277e, 0x277f, 0x24eb, 0x24ec, 0x24ed, 0x24ee, 0x24ef, 0x24f0,
    0x24f1, 0x24f2, 0x24f3, 0x24f4, 0x2170, 0x2171, 0x2172, 0x2173, 0x2174, 0x2175, 0x2176, 0x2177, 0x2178, 0x2179, 0x217a, 0x217b,
    0x24d0, 0x24d1, 0x24d2, 0x24d3, 0x24d4, 0x24d5, 0x24d6, 0x24d7, 0x24d8, 0x24d9, 0x24da, 0x24db, 0x24dc, 0x24dd, 0x24de, 0x24df,
    0x24e0, 0x24e1, 0x24e2, 0x24e3, 0x24e4, 0x24e5, 0x24e6, 0x24e7, 0x24e8, 0x24e9, 0x32d0, 0x32d1, 0x32d2, 0x32d3, 0x32d4, 0x32d5,
    0x32d6, 0x32d7, 0x32d8, 0x32d9, 0x32da, 0x32db, 0x32dc, 0x32dd, 0x32de, 0x32df, 0x32e0, 0x32e1, 0x32e2, 0x32e3, 0x32fa, 0x32e9,
    0x32e5, 0x32ed, 0x32ec, 0x0000, 0x0000, 0x0000, 0x0000, 0x0000, 0x0000, 0x0000, 0x0000, 0x0000, 0x2051, 0x2042, 0x2460, 0x2461,
    0x2462, 0x2463, 0x2464, 0x2465, 0x2466, 0x2467, 0x2468, 0x2469, 0x246a, 0x246b, 0x246c, 0x246d, 0x246e, 0x246f, 0x2470, 0x2471,
    0x2472, 0x2473, 0x2160, 0x2161, 0x2162, 0x2163, 0x2164, 0x2165, 0x2166, 0x2167, 0x2168, 0x2169, 0x216a, 0x3349, 0x3314, 0x3322,
    0x334d, 0x3318, 0x3327, 0x3303, 0x3336, 0x3351, 0x3357, 0x330d, 0x3326, 0x3323, 0x332b, 0x334a, 0x333b, 0x339c, 0x339d, 0x339e,
    0x338e, 0x338f, 0x33c4, 0x33a1, 0x216b, 0x0000, 0x0000, 0x0000, 0x0000, 0x0000, 0x0000, 0x0000, 0x337b, 0x0000, 0x301d, 0x301f,
    0x2116, 0x33cd, 0x2121, 0x32a4, 0x32a5, 0x32a6, 0x32a7, 0x32a8, 0x3231, 0x3232, 0x3239, 0x337e, 0x337d, 0x337c, 0x0000, 0x0000,
    0x0000, 0x222e, 0x0000, 0x0000, 0x0000, 0x0000, 0x221f, 0x22bf, 0x0000, 0x0000, 0x0000, 0x2756, 0x261e, 0x4ff1, 0xffff, 0x3402,
    0x4e28, 0x4e2f, 0x4e30, 0x4e8d, 0x4ee1, 0x4efd, 0x4eff, 0x4f03, 0x4f0b, 0x4f60, 0x4f48, 0x4f49, 0x4f56, 0x4f5f, 0x4f6a, 0x4f6c,
    0x4f7e, 0x4f8a, 0x4f94, 0x4f97, 0xfa30, 0x4fc9, 0x4fe0, 0x5001, 0x5002, 0x500e, 0x5018, 0x5027, 0x502e, 0x5040, 0x503b, 0x5041,
    0x5094, 0x50cc, 0x50f2, 0x50d0, 0x50e6, 0xfa31, 0x5106, 0x5103, 0x510b, 0x511e, 0x5135, 0x514a, 0xfa32, 0x5155, 0x5157, 0x34b5,
    0x519d, 0x51c3, 0x51ca, 0x51de, 0x51e2, 0x51ee, 0x5201, 0x34db, 0x5213, 0x5215, 0x5249, 0x5257, 0x5261, 0x5293, 0x52c8, 0xfa33,
    0x52cc, 0x52d0, 0x52d6, 0x52db, 0xfa34, 0x52f0, 0x52fb, 0x5300, 0x5307, 0x531c, 0xfa35, 0x5361, 0x5363, 0x537d, 0x5393, 0x539d,
    0x53b2, 0x5412, 0x5427, 0x544d, 0x549c, 0x546b, 0x5474, 0x547f, 0x5488, 0x5496, 0x54a1, 0x54a9, 0x54c6, 0x54ff, 0x550e, 0x552b,
    0x5535, 0x5550, 0x555e, 0x5581, 0x5586, 0x558e, 0xfa36, 0x55ad, 0x55ce, 0xfa37, 0x5608, 0x560e, 0x563b, 0x5649, 0x5676, 0x5666,
    0xfa38, 0x566f, 0x5671, 0x5672, 0x5699, 0x569e, 0x56a9, 0x56ac, 0x56b3, 0x56c9, 0x56ca, 0x570a, 0xffff, 0x5721, 0x572f, 0x5733,
    0x5734, 0x5770, 0x5777, 0x577c, 0x579c, 0xfa0f, 0xffff, 0x57b8, 0x57c7, 0x57c8, 0x57cf, 0x57e4, 0x57ed, 0x57f5, 0x57f6, 0x57ff,
    0x5809, 0xfa10, 0x5861, 0x5864, 0xfa39, 0x587c, 0x5889, 0x589e, 0xfa3a, 0x58a9, 0x0000, 0xffff, 0x58d2, 0x58ce, 0x58d4, 0x58da,
    0x58e0, 0x58e9, 0x590c, 0x8641, 0x595d, 0x596d, 0x598b, 0x5992, 0x59a4, 0x59c3, 0x59d2, 0x59dd, 0x5a13, 0x5a23, 0x5a67, 0x5a6d,
    0x5a77, 0x5a7e, 0x5a84, 0x5a9e, 0x5aa7, 0x5ac4, 0xffff, 0x5b19, 0x5b25, 0x525d, 0x4e9c, 0x5516, 0x5a03, 0x963f, 0x54c0, 0x611b,
    0x6328, 0x59f6, 0x9022, 0x8475, 0x831c, 0x7a50, 0x60aa, 0x63e1, 0x6e25, 0x65ed, 0x8466, 0x82a6, 0x9bf5, 0x6893, 0x5727, 0x65a1,
    0x6271, 0x5b9b, 0x59d0, 0x867b, 0x98f4, 0x7d62, 0x7dbe, 0x9b8e, 0x6216, 0x7c9f, 0x88b7, 0x5b89, 0x5eb5, 0x6309, 0x6697, 0x6848,
    0x95c7, 0x978d, 0x674f, 0x4ee5, 0x4f0a, 0x4f4d, 0x4f9d, 0x5049, 0x56f2, 0x5937, 0x59d4, 0x5a01, 0x5c09, 0x60df, 0x610f, 0x6170,
    0x6613, 0x6905, 0x70ba, 0x754f, 0x7570, 0x79fb, 0x7dad, 0x7def, 0x80c3, 0x840e, 0x8863, 0x8b02, 0x9055, 0x907a, 0x533b, 0x4e95,
    0x4ea5, 0x57df, 0x80b2, 0x90c1, 0x78ef, 0x4e00, 0x58f1, 0x6ea2, 0x9038, 0x7a32, 0x8328, 0x828b, 0x9c2f, 0x5141, 0x5370, 0x54bd,
    0x54e1, 0x56e0, 0x59fb, 0x5f15, 0x98f2, 0x6deb, 0x80e4, 0x852d, 0x9662, 0x9670, 0x96a0, 0x97fb, 0x540b, 0x53f3, 0x5b87, 0x70cf,
    0x7fbd, 0x8fc2, 0x96e8, 0x536f, 0x9d5c, 0x7aba, 0x4e11, 0x7893, 0x81fc, 0x6e26, 0x5618, 0x5504, 0x6b1d, 0x851a, 0x9c3b, 0x59e5,
    0x53a9, 0x6d66, 0x74dc, 0x958f, 0x5642, 0x4e91, 0x904b, 0x96f2, 0x834f, 0x990c, 0x53e1, 0x55b6, 0x5b30, 0x5f71, 0x6620, 0x66f3,
    0x6804, 0x6c38, 0x6cf3, 0x6d29, 0x745b, 0x76c8, 0x7a4e, 0x9834, 0x82f1, 0x885b, 0x8a60, 0x92ed, 0x6db2, 0x75ab, 0x76ca, 0x99c5,
    0x60a6, 0x8b01, 0x8d8a, 0x95b2, 0x698e, 0x53ad, 0x5186, 0x0000, 0x5712, 0x5830, 0x5944, 0x5bb4, 0x5ef6, 0x6028, 0x63a9, 0x63f4,
    0x6cbf, 0x6f14, 0x708e, 0x7114, 0x7159, 0x71d5, 0x733f, 0x7e01, 0x8276, 0x82d1, 0x8597, 0x9060, 0x925b, 0x9d1b, 0x5869, 0x65bc,
    0x6c5a, 0x7525, 0x51f9, 0x592e, 0x5965, 0x5f80, 0x5fdc, 0x62bc, 0x65fa, 0x6a2a, 0x6b27, 0x6bb4, 0x738b, 0x7fc1, 0x8956, 0x9d2c,
    0x9d0e, 0x9ec4, 0x5ca1, 0x6c96, 0x837b, 0x5104, 0x5c4b, 0x61b6, 0x81c6, 0x6876, 0x7261, 0x4e59, 0x4ffa, 0x5378, 0x6069, 0x6e29,
    0x7a4f, 0x97f3, 0x4e0b, 0x5316, 0x4eee, 0x4f55, 0x4f3d, 0x4fa1, 0x4f73, 0x52a0, 0x53ef, 0x5609, 0x590f, 0x5ac1, 0x5bb6, 0x5be1,
    0x79d1, 0x6687, 0x679c, 0x67b6, 0x6b4c, 0x6cb3, 0x706b, 0x73c2, 0x798d, 0x79be, 0x7a3c, 0x7b87, 0x82b1, 0x82db, 0x8304, 0x8377,
    0x83ef, 0x83d3, 0x8766, 0x8ab2, 0x5629, 0x8ca8, 0x8fe6, 0x904e, 0x971e, 0x868a, 0x4fc4, 0x5ce8, 0x6211, 0x7259, 0x753b, 0x81e5,
    0x82bd, 0x86fe, 0x8cc0, 0x96c5, 0x9913, 0x99d5, 0x4ecb, 0x4f1a, 0x89e3, 0x56de, 0x584a, 0x58ca, 0x5efb, 0x5feb, 0x602a, 0x6094,
    0x6062, 0x61d0, 0x6212, 0x62d0, 0x6539, 0x9b41, 0x6666, 0x68b0, 0x6d77, 0x7070, 0x754c, 0x7686, 0x7d75, 0x82a5, 0x87f9, 0x958b,
    0x968e, 0x8c9d, 0x51f1, 0x52be, 0x5916, 0x54b3, 0x5bb3, 0x5d16, 0x6168, 0x6982, 0x6daf, 0x788d, 0x84cb, 0x8857, 0x8a72, 0x93a7,
    0x9ab8, 0x6d6c, 0x99a8, 0x86d9, 0x57a3, 0x67ff, 0x86ce, 0x920e, 0x5283, 0x5687, 0x5404, 0x5ed3, 0x62e1, 0x64b9, 0x683c, 0x6838,
    0x6bbb, 0x7372, 0x78ba, 0x7a6b, 0x899a, 0x89d2, 0x8d6b, 0x8f03, 0x90ed, 0x95a3, 0x9694, 0x9769, 0x5b66, 0x5cb3, 0x697d, 0x984d,
    0x984e, 0x639b, 0x7b20, 0x6a2b, 0x0000, 0x6a7f, 0x68b6, 0x9c0d, 0x6f5f, 0x5272, 0x559d, 0x6070, 0x62ec, 0x6d3b, 0x6e07, 0x6ed1,
    0x845b, 0x8910, 0x8f44, 0x4e14, 0x9c39, 0x53f6, 0x691b, 0x6a3a, 0x9784, 0x682a, 0x515c, 0x7ac3, 0x84b2, 0x91dc, 0x938c, 0x565b,
    0x9d28, 0x6822, 0x8305, 0x8431, 0x7ca5, 0x5208, 0x82c5, 0x74e6, 0x4e7e, 0x4f83, 0x51a0, 0x5bd2, 0x520a, 0x52d8, 0x52e7, 0x5dfb,
    0x559a, 0x582a, 0x59e6, 0x5b8c, 0x5b98, 0x5bdb, 0x5e72, 0x5e79, 0x60a3, 0x611f, 0x6163, 0x61be, 0x63db, 0x6562, 0x67d1, 0x6853,
    0x68fa, 0x6b3e, 0x6b53, 0x6c57, 0x6f22, 0x6f97, 0x6f45, 0x74b0, 0x7518, 0x76e3, 0x770b, 0x7aff, 0x7ba1, 0x7c21, 0x7de9, 0x7f36,
    0x7ff0, 0x809d, 0x8266, 0x839e, 0x89b3, 0x8acc, 0x8cab, 0x9084, 0x9451, 0x9593, 0x9591, 0x95a2, 0x9665, 0x97d3, 0x9928, 0x8218,
    0x4e38, 0x542b, 0x5cb8, 0x5dcc, 0x73a9, 0x764c, 0x773c, 0x5ca9, 0x7feb, 0x8d0b, 0x96c1, 0x9811, 0x9854, 0x9858, 0x4f01, 0x4f0e,
    0x5371, 0x559c, 0x5668, 0x57fa, 0x5947, 0x5b09, 0x5bc4, 0x5c90, 0x5e0c, 0x5e7e, 0x5fcc, 0x63ee, 0x673a, 0x65d7, 0x65e2, 0x671f,
    0x68cb, 0x68c4, 0x6a5f, 0x5e30, 0x6bc5, 0x6c17, 0x6c7d, 0x757f, 0x7948, 0x5b63, 0x7a00, 0x7d00, 0x5fbd, 0x898f, 0x8a18, 0x8cb4,
    0x8d77, 0x8ecc, 0x8f1d, 0x98e2, 0x9a0e, 0x9b3c, 0x4e80, 0x507d, 0x5100, 0x5993, 0x5b9c, 0x622f, 0x6280, 0x64ec, 0x6b3a, 0x72a0,
    0x7591, 0x7947, 0x7fa9, 0x87fb, 0x8abc, 0x8b70, 0x63ac, 0x83ca, 0x97a0, 0x5409, 0x5403, 0x55ab, 0x6854, 0x6a58, 0x8a70, 0x7827,
    0x6775, 0x9ecd, 0x5374, 0x5ba2, 0x811a, 0x8650, 0x9006, 0x4e18, 0x4e45, 0x4ec7, 0x4f11, 0x53ca, 0x5438, 0x5bae, 0x5f13, 0x6025,
    0x6551, 0x0000, 0x673d, 0x6c42, 0x6c72, 0x6ce3, 0x7078, 0x7403, 0x7a76, 0x7aae, 0x7b08, 0x7d1a, 0x7cfe, 0x7d66, 0x65e7, 0x725b,
    0x53bb, 0x5c45, 0x5de8, 0x62d2, 0x62e0, 0x6319, 0x6e20, 0x865a, 0x8a31, 0x8ddd, 0x92f8, 0x6f01, 0x79a6, 0x9b5a, 0x4ea8, 0x4eab,
    0x4eac, 0x4f9b, 0x4fa0, 0x50d1, 0x5147, 0x7af6, 0x5171, 0x51f6, 0x5354, 0x5321, 0x537f, 0x53eb, 0x55ac, 0x5883, 0x5ce1, 0x5f37,
    0x5f4a, 0x602f, 0x6050, 0x606d, 0x631f, 0x6559, 0x6a4b, 0x6cc1, 0x72c2, 0x72ed, 0x77ef, 0x80f8, 0x8105, 0x8208, 0x854e, 0x90f7,
    0x93e1, 0x97ff, 0x9957, 0x9a5a, 0x4ef0, 0x51dd, 0x5c2d, 0x6681, 0x696d, 0x5c40, 0x66f2, 0x6975, 0x7389, 0x6850, 0x7c81, 0x50c5,
    0x52e4, 0x5747, 0x5dfe, 0x9326, 0x65a4, 0x6b23, 0x6b3d, 0x7434, 0x7981, 0x79bd, 0x7b4b, 0x7dca, 0x82b9, 0x83cc, 0x887f, 0x895f,
    0x8b39, 0x8fd1, 0x91d1, 0x541f, 0x9280, 0x4e5d, 0x5036, 0x53e5, 0x533a, 0x72d7, 0x7396, 0x77e9, 0x82e6, 0x8eaf, 0x99c6, 0x99c8,
    0x99d2, 0x5177, 0x611a, 0x865e, 0x55b0, 0x7a7a, 0x5076, 0x5bd3, 0x9047, 0x9685, 0x4e32, 0x6adb, 0x91e7, 0x5c51, 0x5c48, 0x6398,
    0x7a9f, 0x6c93, 0x9774, 0x8f61, 0x7aaa, 0x718a, 0x9688, 0x7c82, 0x6817, 0x7e70, 0x6851, 0x936c, 0x52f2, 0x541b, 0x85ab, 0x8a13,
    0x7fa4, 0x8ecd, 0x90e1, 0x5366, 0x8888, 0x7941, 0x4fc2, 0x50be, 0x5211, 0x5144, 0x5553, 0x572d, 0x73ea, 0x578b, 0x5951, 0x5f62,
    0x5f84, 0x6075, 0x6176, 0x6167, 0x61a9, 0x63b2, 0x643a, 0x656c, 0x666f, 0x6842, 0x6e13, 0x7566, 0x7a3d, 0x7cfb, 0x7d4c, 0x7d99,
    0x7e4b, 0x7f6b, 0x830e, 0x834a, 0x86cd, 0x8a08, 0x8a63, 0x8b66, 0x8efd, 0x981a, 0x9d8f, 0x82b8, 0x8fce, 0x9be8, 0x0000, 0x5287,
    0x621f, 0x6483, 0x6fc0, 0x9699, 0x6841, 0x5091, 0x6b20, 0x6c7a, 0x6f54, 0x7a74, 0x7d50, 0x8840, 0x8a23, 0x6708, 0x4ef6, 0x5039,
    0x5026, 0x5065, 0x517c, 0x5238, 0x5263, 0x55a7, 0x570f, 0x5805, 0x5acc, 0x5efa, 0x61b2, 0x61f8, 0x62f3, 0x6372, 0x691c, 0x6a29,
    0x727d, 0x72ac, 0x732e, 0x7814, 0x786f, 0x7d79, 0x770c, 0x80a9, 0x898b, 0x8b19, 0x8ce2, 0x8ed2, 0x9063, 0x9375, 0x967a, 0x9855,
    0x9a13, 0x9e78, 0x5143, 0x539f, 0x53b3, 0x5e7b, 0x5f26, 0x6e1b, 0x6e90, 0x7384, 0x73fe, 0x7d43, 0x8237, 0x8a00, 0x8afa, 0x9650,
    0x4e4e, 0x500b, 0x53e4, 0x547c, 0x56fa, 0x59d1, 0x5b64, 0x5df1, 0x5eab, 0x5f27, 0x6238, 0x6545, 0x67af, 0x6e56, 0x72d0, 0x7cca,
    0x88b4, 0x80a1, 0x80e1, 0x83f0, 0x864e, 0x8a87, 0x8de8, 0x9237, 0x96c7, 0x9867, 0x9f13, 0x4e94, 0x4e92, 0x4f0d, 0x5348, 0x5449,
    0x543e, 0x5a2f, 0x5f8c, 0x5fa1, 0x609f, 0x68a7, 0x6a8e, 0x745a, 0x7881, 0x8a9e, 0x8aa4, 0x8b77, 0x9190, 0x4e5e, 0x9bc9, 0x4ea4,
    0x4f7c, 0x4faf, 0x5019, 0x5016, 0x5149, 0x516c, 0x529f, 0x52b9, 0x52fe, 0x539a, 0x53e3, 0x5411, 0x540e, 0x5589, 0x5751, 0x57a2,
    0x597d, 0x5b54, 0x5b5d, 0x5b8f, 0x5de5, 0x5de7, 0x5df7, 0x5e78, 0x5e83, 0x5e9a, 0x5eb7, 0x5f18, 0x6052, 0x614c, 0x6297, 0x62d8,
    0x63a7, 0x653b, 0x6602, 0x6643, 0x66f4, 0x676d, 0x6821, 0x6897, 0x69cb, 0x6c5f, 0x6d2a, 0x6d69, 0x6e2f, 0x6e9d, 0x7532, 0x7687,
    0x786c, 0x7a3f, 0x7ce0, 0x7d05, 0x7d18, 0x7d5e, 0x7db1, 0x8015, 0x8003, 0x80af, 0x80b1, 0x8154, 0x818f, 0x822a, 0x8352, 0x884c,
    0x8861, 0x8b1b, 0x8ca2, 0x8cfc, 0x90ca, 0x9175, 0x9271, 0x783f, 0x92fc, 0x95a4, 0x964d, 0x0000, 0x9805, 0x9999, 0x9ad8, 0x9d3b,
    0x525b, 0x52ab, 0x53f7, 0x5408, 0x58d5, 0x62f7, 0x6fe0, 0x8c6a, 0x8f5f, 0x9eb9, 0x514b, 0x523b, 0x544a, 0x56fd, 0x7a40, 0x9177,
    0x9d60, 0x9ed2, 0x7344, 0x6f09, 0x8170, 0x7511, 0x5ffd, 0x60da, 0x9aa8, 0x72db, 0x8fbc, 0x6b64, 0x9803, 0x4eca, 0x56f0, 0x5764,
    0x58be, 0x5a5a, 0x6068, 0x61c7, 0x660f, 0x6606, 0x6839, 0x68b1, 0x6df7, 0x75d5, 0x7d3a, 0x826e, 0x9b42, 0x4e9b, 0x4f50, 0x53c9,
    0x5506, 0x5d6f, 0x5de6, 0x5dee, 0x67fb, 0x6c99, 0x7473, 0x7802, 0x8a50, 0x9396, 0x88df, 0x5750, 0x5ea7, 0x632b, 0x50b5, 0x50ac,
    0x518d, 0x6700, 0x54c9, 0x585e, 0x59bb, 0x5bb0, 0x5f69, 0x624d, 0x63a1, 0x683d, 0x6b73, 0x6e08, 0x707d, 0x91c7, 0x7280, 0x7815,
    0x7826, 0x796d, 0x658e, 0x7d30, 0x83dc, 0x88c1, 0x8f09, 0x969b, 0x5264, 0x5728, 0x6750, 0x7f6a, 0x8ca1, 0x51b4, 0x5742, 0x962a,
    0x583a, 0x698a, 0x80b4, 0x54b2, 0x5d0e, 0x57fc, 0x7895, 0x9dfa, 0x4f5c, 0x524a, 0x548b, 0x643e, 0x6628, 0x6714, 0x67f5, 0x7a84,
    0x7b56, 0x7d22, 0x932f, 0x685c, 0x9bad, 0x7b39, 0x5319, 0x518a, 0x5237, 0x5bdf, 0x62f6, 0x64ae, 0x64e6, 0x672d, 0x6bba, 0x85a9,
    0x96d1, 0x7690, 0x9bd6, 0x634c, 0x9306, 0x9bab, 0x76bf, 0x6652, 0x4e09, 0x5098, 0x53c2, 0x5c71, 0x60e8, 0x6492, 0x6563, 0x685f,
    0x71e6, 0x73ca, 0x7523, 0x7b97, 0x7e82, 0x8695, 0x8b83, 0x8cdb, 0x9178, 0x9910, 0x65ac, 0x66ab, 0x6b8b, 0x4ed5, 0x4ed4, 0x4f3a,
    0x4f7f, 0x523a, 0x53f8, 0x53f2, 0x55e3, 0x56db, 0x58eb, 0x59cb, 0x59c9, 0x59ff, 0x5b50, 0x5c4d, 0x5e02, 0x5e2b, 0x5fd7, 0x601d,
    0x6307, 0x652f, 0x5b5c, 0x65af, 0x65bd, 0x65e8, 0x679d, 0x6b62, 0x0000, 0x6b7b, 0x6c0f, 0x7345, 0x7949, 0x79c1, 0x7cf8, 0x7d19,
    0x7d2b, 0x80a2, 0x8102, 0x81f3, 0x8996, 0x8a5e, 0x8a69, 0x8a66, 0x8a8c, 0x8aee, 0x8cc7, 0x8cdc, 0x96cc, 0x98fc, 0x6b6f, 0x4e8b,
    0x4f3c, 0x4f8d, 0x5150, 0x5b57, 0x5bfa, 0x6148, 0x6301, 0x6642, 0x6b21, 0x6ecb, 0x6cbb, 0x723e, 0x74bd, 0x75d4, 0x78c1, 0x793a,
    0x800c, 0x8033, 0x81ea, 0x8494, 0x8f9e, 0x6c50, 0x9e7f, 0x5f0f, 0x8b58, 0x9d2b, 0x7afa, 0x8ef8, 0x5b8d, 0x96eb, 0x4e03, 0x53f1,
    0x57f7, 0x5931, 0x5ac9, 0x5ba4, 0x6089, 0x6e7f, 0x6f06, 0x75be, 0x8cea, 0x5b9f, 0x8500, 0x7be0, 0x5072, 0x67f4, 0x829d, 0x5c61,
    0x854a, 0x7e1e, 0x820e, 0x5199, 0x5c04, 0x6368, 0x8d66, 0x659c, 0x716e, 0x793e, 0x7d17, 0x8005, 0x8b1d, 0x8eca, 0x906e, 0x86c7,
    0x90aa, 0x501f, 0x52fa, 0x5c3a, 0x6753, 0x707c, 0x7235, 0x914c, 0x91c8, 0x932b, 0x82e5, 0x5bc2, 0x5f31, 0x60f9, 0x4e3b, 0x53d6,
    0x5b88, 0x624b, 0x6731, 0x6b8a, 0x72e9, 0x73e0, 0x7a2e, 0x816b, 0x8da3, 0x9152, 0x9996, 0x5112, 0x53d7, 0x546a, 0x5bff, 0x6388,
    0x6a39, 0x7dac, 0x9700, 0x56da, 0x53ce, 0x5468, 0x5b97, 0x5c31, 0x5dde, 0x4fee, 0x6101, 0x62fe, 0x6d32, 0x79c0, 0x79cb, 0x7d42,
    0x7e4d, 0x7fd2, 0x81ed, 0x821f, 0x8490, 0x8846, 0x8972, 0x8b90, 0x8e74, 0x8f2f, 0x9031, 0x914b, 0x916c, 0x96c6, 0x919c, 0x4ec0,
    0x4f4f, 0x5145, 0x5341, 0x5f93, 0x620e, 0x67d4, 0x6c41, 0x6e0b, 0x7363, 0x7e26, 0x91cd, 0x9283, 0x53d4, 0x5919, 0x5bbf, 0x6dd1,
    0x795d, 0x7e2e, 0x7c9b, 0x587e, 0x719f, 0x51fa, 0x8853, 0x8ff0, 0x4fca, 0x5cfb, 0x6625, 0x77ac, 0x7ae3, 0x821c, 0x99ff, 0x51c6,
    0x5faa, 0x65ec, 0x696f, 0x6b89, 0x6df3, 0x0000, 0x6e96, 0x6f64, 0x76fe, 0x7d14, 0x5de1, 0x9075, 0x9187, 0x9806, 0x51e6, 0x521d,
    0x6240, 0x6691, 0x66d9, 0x6e1a, 0x5eb6, 0x7dd2, 0x7f72, 0x66f8, 0x85af, 0x85f7, 0x8af8, 0x52a9, 0x53d9, 0x5973, 0x5e8f, 0x5f90,
    0x6055, 0x92e4, 0x9664, 0x50b7, 0x511f, 0x52dd, 0x5320, 0x5347, 0x53ec, 0x54e8, 0x5546, 0x5531, 0x5617, 0x5968, 0x59be, 0x5a3c,
    0x5bb5, 0x5c06, 0x5c0f, 0x5c11, 0x5c1a, 0x5e84, 0x5e8a, 0x5ee0, 0x5f70, 0x627f, 0x6284, 0x62db, 0x638c, 0x6377, 0x6607, 0x660c,
    0x662d, 0x6676, 0x677e, 0x68a2, 0x6a1f, 0x6a35, 0x6cbc, 0x6d88, 0x6e09, 0x6e58, 0x713c, 0x7126, 0x7167, 0x75c7, 0x7701, 0x785d,
    0x7901, 0x7965, 0x79f0, 0x7ae0, 0x7b11, 0x7ca7, 0x7d39, 0x8096, 0x83d6, 0x848b, 0x8549, 0x885d, 0x88f3, 0x8a1f, 0x8a3c, 0x8a54,
    0x8a73, 0x8c61, 0x8cde, 0x91a4, 0x9266, 0x937e, 0x9418, 0x969c, 0x9798, 0x4e0a, 0x4e08, 0x4e1e, 0x4e57, 0x5197, 0x5270, 0x57ce,
    0x5834, 0x58cc, 0x5b22, 0x5e38, 0x60c5, 0x64fe, 0x6761, 0x6756, 0x6d44, 0x72b6, 0x7573, 0x7a63, 0x84b8, 0x8b72, 0x91b8, 0x9320,
    0x5631, 0x57f4, 0x98fe, 0x62ed, 0x690d, 0x6b96, 0x71ed, 0x7e54, 0x8077, 0x8272, 0x89e6, 0x98df, 0x8755, 0x8fb1, 0x5c3b, 0x4f38,
    0x4fe1, 0x4fb5, 0x5507, 0x5a20, 0x5bdd, 0x5be9, 0x5fc3, 0x614e, 0x632f, 0x65b0, 0x664b, 0x68ee, 0x699b, 0x6d78, 0x6df1, 0x7533,
    0x75b9, 0x771f, 0x795e, 0x79e6, 0x7d33, 0x81e3, 0x82af, 0x85aa, 0x89aa, 0x8a3a, 0x8eab, 0x8f9b, 0x9032, 0x91dd, 0x9707, 0x4eba,
    0x4ec1, 0x5203, 0x5875, 0x58ec, 0x5c0b, 0x751a, 0x5c3d, 0x814e, 0x8a0a, 0x8fc5, 0x9663, 0x976d, 0x7b25, 0x8acf, 0x9808, 0x9162,
    0x56f3, 0x53a8, 0x0000, 0x9017, 0x5439, 0x5782, 0x5e25, 0x63a8, 0x6c34, 0x708a, 0x7761, 0x7c8b, 0x7fe0, 0x8870, 0x9042, 0x9154,
    0x9310, 0x9318, 0x968f, 0x745e, 0x9ac4, 0x5d07, 0x5d69, 0x6570, 0x67a2, 0x8da8, 0x96db, 0x636e, 0x6749, 0x6919, 0x83c5, 0x9817,
    0x96c0, 0x88fe, 0x6f84, 0x647a, 0x5bf8, 0x4e16, 0x702c, 0x755d, 0x662f, 0x51c4, 0x5236, 0x52e2, 0x59d3, 0x5f81, 0x6027, 0x6210,
    0x653f, 0x6574, 0x661f, 0x6674, 0x68f2, 0x6816, 0x6b63, 0x6e05, 0x7272, 0x751f, 0x76db, 0x7cbe, 0x8056, 0x58f0, 0x88fd, 0x897f,
    0x8aa0, 0x8a93, 0x8acb, 0x901d, 0x9192, 0x9752, 0x9759, 0x6589, 0x7a0e, 0x8106, 0x96bb, 0x5e2d, 0x60dc, 0x621a, 0x65a5, 0x6614,
    0x6790, 0x77f3, 0x7a4d, 0x7c4d, 0x7e3e, 0x810a, 0x8cac, 0x8d64, 0x8de1, 0x8e5f, 0x78a9, 0x5207, 0x62d9, 0x63a5, 0x6442, 0x6298,
    0x8a2d, 0x7a83, 0x7bc0, 0x8aac, 0x96ea, 0x7d76, 0x820c, 0x8749, 0x4ed9, 0x5148, 0x5343, 0x5360, 0x5ba3, 0x5c02, 0x5c16, 0x5ddd,
    0x6226, 0x6247, 0x64b0, 0x6813, 0x6834, 0x6cc9, 0x6d45, 0x6d17, 0x67d3, 0x6f5c, 0x714e, 0x717d, 0x65cb, 0x7a7f, 0x7bad, 0x7dda,
    0x7e4a, 0x7fa8, 0x817a, 0x821b, 0x8239, 0x85a6, 0x8a6e, 0x8cce, 0x8df5, 0x9078, 0x9077, 0x92ad, 0x9291, 0x9583, 0x9bae, 0x524d,
    0x5584, 0x6f38, 0x7136, 0x5168, 0x7985, 0x7e55, 0x81b3, 0x7cce, 0x564c, 0x5851, 0x5ca8, 0x63aa, 0x66fe, 0x66fd, 0x695a, 0x72d9,
    0x758f, 0x758e, 0x790e, 0x7956, 0x79df, 0x7c97, 0x7d20, 0x7d44, 0x8607, 0x8a34, 0x963b, 0x9061, 0x9f20, 0x50e7, 0x5275, 0x53cc,
    0x53e2, 0x5009, 0x55aa, 0x58ee, 0x594f, 0x723d, 0x5b8b, 0x5c64, 0x531d, 0x60e3, 0x60f3, 0x635c, 0x6383, 0x633f, 0x63bb, 0x0000,
    0x64cd, 0x65e9, 0x66f9, 0x5de3, 0x69cd, 0x69fd, 0x6f15, 0x71e5, 0x4e89, 0x75e9, 0x76f8, 0x7a93, 0x7cdf, 0x7dcf, 0x7d9c, 0x8061,
    0x8349, 0x8358, 0x846c, 0x84bc, 0x85fb, 0x88c5, 0x8d70, 0x9001, 0x906d, 0x9397, 0x971c, 0x9a12, 0x50cf, 0x5897, 0x618e, 0x81d3,
    0x8535, 0x8d08, 0x9020, 0x4fc3, 0x5074, 0x5247, 0x5373, 0x606f, 0x6349, 0x675f, 0x6e2c, 0x8db3, 0x901f, 0x4fd7, 0x5c5e, 0x8cca,
    0x65cf, 0x7d9a, 0x5352, 0x8896, 0x5176, 0x63c3, 0x5b58, 0x5b6b, 0x5c0a, 0x640d, 0x6751, 0x905c, 0x4ed6, 0x591a, 0x592a, 0x6c70,
    0x8a51, 0x553e, 0x5815, 0x59a5, 0x60f0, 0x6253, 0x67c1, 0x8235, 0x6955, 0x9640, 0x99c4, 0x9a28, 0x4f53, 0x5806, 0x5bfe, 0x8010,
    0x5cb1, 0x5e2f, 0x5f85, 0x6020, 0x614b, 0x6234, 0x66ff, 0x6cf0, 0x6ede, 0x80ce, 0x817f, 0x82d4, 0x888b, 0x8cb8, 0x9000, 0x902e,
    0x968a, 0x9edb, 0x9bdb, 0x4ee3, 0x53f0, 0x5927, 0x7b2c, 0x918d, 0x984c, 0x9df9, 0x6edd, 0x7027, 0x5353, 0x5544, 0x5b85, 0x6258,
    0x629e, 0x62d3, 0x6ca2, 0x6fef, 0x7422, 0x8a17, 0x9438, 0x6fc1, 0x8afe, 0x8338, 0x51e7, 0x86f8, 0x53ea, 0x53e9, 0x4f46, 0x9054,
    0x8fb0, 0x596a, 0x8131, 0x5dfd, 0x7aea, 0x8fbf, 0x68da, 0x8c37, 0x72f8, 0x9c48, 0x6a3d, 0x8ab0, 0x4e39, 0x5358, 0x5606, 0x5766,
    0x62c5, 0x63a2, 0x65e6, 0x6b4e, 0x6de1, 0x6e5b, 0x70ad, 0x77ed, 0x7aef, 0x7baa, 0x7dbb, 0x803d, 0x80c6, 0x86cb, 0x8a95, 0x935b,
    0x56e3, 0x58c7, 0x5f3e, 0x65ad, 0x6696, 0x6a80, 0x6bb5, 0x7537, 0x8ac7, 0x5024, 0x77e5, 0x5730, 0x5f1b, 0x6065, 0x667a, 0x6c60,
    0x75f4, 0x7a1a, 0x7f6e, 0x81f4, 0x8718, 0x9045, 0x99b3, 0x7bc9, 0x755c, 0x7af9, 0x7b51, 0x84c4, 0x0000, 0x9010, 0x79e9, 0x7a92,
    0x8336, 0x5ae1, 0x7740, 0x4e2d, 0x4ef2, 0x5b99, 0x5fe0, 0x62bd, 0x663c, 0x67f1, 0x6ce8, 0x866b, 0x8877, 0x8a3b, 0x914e, 0x92f3,
    0x99d0, 0x6a17, 0x7026, 0x732a, 0x82e7, 0x8457, 0x8caf, 0x4e01, 0x5146, 0x51cb, 0x558b, 0x5bf5, 0x5e16, 0x5e33, 0x5e81, 0x5f14,
    0x5f35, 0x5f6b, 0x5fb4, 0x61f2, 0x6311, 0x66a2, 0x671d, 0x6f6e, 0x7252, 0x753a, 0x773a, 0x8074, 0x8139, 0x8178, 0x8776, 0x8abf,
    0x8adc, 0x8d85, 0x8df3, 0x929a, 0x9577, 0x9802, 0x9ce5, 0x52c5, 0x6357, 0x76f4, 0x6715, 0x6c88, 0x73cd, 0x8cc3, 0x93ae, 0x9673,
    0x6d25, 0x589c, 0x690e, 0x69cc, 0x8ffd, 0x939a, 0x75db, 0x901a, 0x585a, 0x6802, 0x63b4, 0x69fb, 0x4f43, 0x6f2c, 0x67d8, 0x8fbb,
    0x8526, 0x7db4, 0x9354, 0x693f, 0x6f70, 0x576a, 0x58f7, 0x5b2c, 0x7d2c, 0x722a, 0x540a, 0x91e3, 0x9db4, 0x4ead, 0x4f4e, 0x505c,
    0x5075, 0x5243, 0x8c9e, 0x5448, 0x5824, 0x5b9a, 0x5e1d, 0x5e95, 0x5ead, 0x5ef7, 0x5f1f, 0x608c, 0x62b5, 0x633a, 0x63d0, 0x68af,
    0x6c40, 0x7887, 0x798e, 0x7a0b, 0x7de0, 0x8247, 0x8a02, 0x8ae6, 0x8e44, 0x9013, 0x90b8, 0x912d, 0x91d8, 0x9f0e, 0x6ce5, 0x6458,
    0x64e2, 0x6575, 0x6ef4, 0x7684, 0x7b1b, 0x9069, 0x93d1, 0x6eba, 0x54f2, 0x5fb9, 0x64a4, 0x8f4d, 0x8fed, 0x9244, 0x5178, 0x586b,
    0x5929, 0x5c55, 0x5e97, 0x6dfb, 0x7e8f, 0x751c, 0x8cbc, 0x8ee2, 0x985b, 0x70b9, 0x4f1d, 0x6bbf, 0x6fb1, 0x7530, 0x96fb, 0x514e,
    0x5410, 0x5835, 0x5857, 0x59ac, 0x5c60, 0x5f92, 0x6597, 0x675c, 0x6e21, 0x767b, 0x83df, 0x8ced, 0x9014, 0x90fd, 0x934d, 0x7825,
    0x783a, 0x52aa, 0x5ea6, 0x571f, 0x5974, 0x6012, 0x5012, 0x515a, 0x51ac, 0x0000, 0x51cd, 0x5200, 0x5510, 0x5854, 0x5858, 0x5957,
    0x5b95, 0x5cf6, 0x5d8b, 0x60bc, 0x6295, 0x642d, 0x6771, 0x6843, 0x68bc, 0x68df, 0x76d7, 0x6dd8, 0x6e6f, 0x6d9b, 0x706f, 0x71c8,
    0x5f53, 0x75d8, 0x7977, 0x7b49, 0x7b54, 0x7b52, 0x7cd6, 0x7d71, 0x5230, 0x8463, 0x8569, 0x85e4, 0x8a0e, 0x8b04, 0x8c46, 0x8e0f,
    0x9003, 0x900f, 0x9419, 0x9676, 0x982d, 0x9a30, 0x95d8, 0x50cd, 0x52d5, 0x540c, 0x5802, 0x5c0e, 0x61a7, 0x649e, 0x6d1e, 0x77b3,
    0x7ae5, 0x80f4, 0x8404, 0x9053, 0x9285, 0x5ce0, 0x9d07, 0x533f, 0x5f97, 0x5fb3, 0x6d9c, 0x7279, 0x7763, 0x79bf, 0x7be4, 0x6bd2,
    0x72ec, 0x8aad, 0x6803, 0x6a61, 0x51f8, 0x7a81, 0x6934, 0x5c4a, 0x9cf6, 0x82eb, 0x5bc5, 0x9149, 0x701e, 0x5678, 0x5c6f, 0x60c7,
    0x6566, 0x6c8c, 0x8c5a, 0x9041, 0x9813, 0x5451, 0x66c7, 0x920d, 0x5948, 0x90a3, 0x5185, 0x4e4d, 0x51ea, 0x8599, 0x8b0e, 0x7058,
    0x637a, 0x934b, 0x6962, 0x99b4, 0x7e04, 0x7577, 0x5357, 0x6960, 0x8edf, 0x96e3, 0x6c5d, 0x4e8c, 0x5c3c, 0x5f10, 0x8fe9, 0x5302,
    0x8cd1, 0x8089, 0x8679, 0x5eff, 0x65e5, 0x4e73, 0x5165, 0x5982, 0x5c3f, 0x97ee, 0x4efb, 0x598a, 0x5fcd, 0x8a8d, 0x6fe1, 0x79b0,
    0x7962, 0x5be7, 0x8471, 0x732b, 0x71b1, 0x5e74, 0x5ff5, 0x637b, 0x649a, 0x71c3, 0x7c98, 0x4e43, 0x5efc, 0x4e4b, 0x57dc, 0x56a2,
    0x60a9, 0x6fc3, 0x7d0d, 0x80fd, 0x8133, 0x81bf, 0x8fb2, 0x8997, 0x86a4, 0x5df4, 0x628a, 0x64ad, 0x8987, 0x6777, 0x6ce2, 0x6d3e,
    0x7436, 0x7834, 0x5a46, 0x7f75, 0x82ad, 0x99ac, 0x4ff3, 0x5ec3, 0x62dd, 0x6392, 0x6557, 0x676f, 0x76c3, 0x724c, 0x80cc, 0x80ba,
    0x8f29, 0x914d, 0x500d, 0x57f9, 0x5a92, 0x6885, 0x0000, 0x6973, 0x7164, 0x72fd, 0x8cb7, 0x58f2, 0x8ce0, 0x966a, 0x9019, 0x877f,
    0x79e4, 0x77e7, 0x8429, 0x4f2f, 0x5265, 0x535a, 0x62cd, 0x67cf, 0x6cca, 0x767d, 0x7b94, 0x7c95, 0x8236, 0x8584, 0x8feb, 0x66dd,
    0x6f20, 0x7206, 0x7e1b, 0x83ab, 0x99c1, 0x9ea6, 0x51fd, 0x7bb1, 0x7872, 0x7bb8, 0x8087, 0x7b48, 0x6ae8, 0x5e61, 0x808c, 0x7551,
    0x7560, 0x516b, 0x9262, 0x6e8c, 0x767a, 0x9197, 0x9aea, 0x4f10, 0x7f70, 0x629c, 0x7b4f, 0x95a5, 0x9ce9, 0x567a, 0x5859, 0x86e4,
    0x96bc, 0x4f34, 0x5224, 0x534a, 0x53cd, 0x53db, 0x5e06, 0x642c, 0x6591, 0x677f, 0x6c3e, 0x6c4e, 0x7248, 0x72af, 0x73ed, 0x7554,
    0x7e41, 0x822c, 0x85e9, 0x8ca9, 0x7bc4, 0x91c6, 0x7169, 0x9812, 0x98ef, 0x633d, 0x6669, 0x756a, 0x76e4, 0x78d0, 0x8543, 0x86ee,
    0x532a, 0x5351, 0x5426, 0x5983, 0x5e87, 0x5f7c, 0x60b2, 0x6249, 0x6279, 0x62ab, 0x6590, 0x6bd4, 0x6ccc, 0x75b2, 0x76ae, 0x7891,
    0x79d8, 0x7dcb, 0x7f77, 0x80a5, 0x88ab, 0x8ab9, 0x8cbb, 0x907f, 0x975e, 0x98db, 0x6a0b, 0x7c38, 0x5099, 0x5c3e, 0x5fae, 0x6787,
    0x6bd8, 0x7435, 0x7709, 0x7f8e, 0x9f3b, 0x67ca, 0x7a17, 0x5339, 0x758b, 0x9aed, 0x5f66, 0x819d, 0x83f1, 0x8098, 0x5f3c, 0x5fc5,
    0x7562, 0x7b46, 0x903c, 0x6867, 0x59eb, 0x5a9b, 0x7d10, 0x767e, 0x8b2c, 0x4ff5, 0x5f6a, 0x6a19, 0x6c37, 0x6f02, 0x74e2, 0x7968,
    0x8868, 0x8a55, 0x8c79, 0x5edf, 0x63cf, 0x75c5, 0x79d2, 0x82d7, 0x9328, 0x92f2, 0x849c, 0x86ed, 0x9c2d, 0x54c1, 0x5f6c, 0x658c,
    0x6d5c, 0x7015, 0x8ca7, 0x8cd3, 0x983b, 0x654f, 0x74f6, 0x4e0d, 0x4ed8, 0x57e0, 0x592b, 0x5a66, 0x5bcc, 0x51a8, 0x5e03, 0x5e9c,
    0x6016, 0x6276, 0x6577, 0x0000, 0x65a7, 0x666e, 0x6d6e, 0x7236, 0x7b26, 0x8150, 0x819a, 0x8299, 0x8b5c, 0x8ca0, 0x8ce6, 0x8d74,
    0x961c, 0x9644, 0x4fae, 0x64ab, 0x6b66, 0x821e, 0x8461, 0x856a, 0x90e8, 0x5c01, 0x6953, 0x98a8, 0x847a, 0x8557, 0x4f0f, 0x526f,
    0x5fa9, 0x5e45, 0x670d, 0x798f, 0x8179, 0x8907, 0x8986, 0x6df5, 0x5f17, 0x6255, 0x6cb8, 0x4ecf, 0x7269, 0x9b92, 0x5206, 0x543b,
    0x5674, 0x58b3, 0x61a4, 0x626e, 0x711a, 0x596e, 0x7c89, 0x7cde, 0x7d1b, 0x96f0, 0x6587, 0x805e, 0x4e19, 0x4f75, 0x5175, 0x5840,
    0x5e63, 0x5e73, 0x5f0a, 0x67c4, 0x4e26, 0x853d, 0x9589, 0x965b, 0x7c73, 0x9801, 0x50fb, 0x58c1, 0x7656, 0x78a7, 0x5225, 0x77a5,
    0x8511, 0x7b86, 0x504f, 0x5909, 0x7247, 0x7bc7, 0x7de8, 0x8fba, 0x8fd4, 0x904d, 0x4fbf, 0x52c9, 0x5a29, 0x5f01, 0x97ad, 0x4fdd,
    0x8217, 0x92ea, 0x5703, 0x6355, 0x6b69, 0x752b, 0x88dc, 0x8f14, 0x7a42, 0x52df, 0x5893, 0x6155, 0x620a, 0x66ae, 0x6bcd, 0x7c3f,
    0x83e9, 0x5023, 0x4ff8, 0x5305, 0x5446, 0x5831, 0x5949, 0x5b9d, 0x5cf0, 0x5cef, 0x5d29, 0x5e96, 0x62b1, 0x6367, 0x653e, 0x65b9,
    0x670b, 0x6cd5, 0x6ce1, 0x70f9, 0x7832, 0x7e2b, 0x80de, 0x82b3, 0x840c, 0x84ec, 0x8702, 0x8912, 0x8a2a, 0x8c4a, 0x90a6, 0x92d2,
    0x98fd, 0x9cf3, 0x9d6c, 0x4e4f, 0x4ea1, 0x508d, 0x5256, 0x574a, 0x59a8, 0x5e3d, 0x5fd8, 0x5fd9, 0x623f, 0x66b4, 0x671b, 0x67d0,
    0x68d2, 0x5192, 0x7d21, 0x80aa, 0x81a8, 0x8b00, 0x8c8c, 0x8cbf, 0x927e, 0x9632, 0x5420, 0x982c, 0x5317, 0x50d5, 0x535c, 0x58a8,
    0x64b2, 0x6734, 0x7267, 0x7766, 0x7a46, 0x91e6, 0x52c3, 0x6ca1, 0x6b86, 0x5800, 0x5e4c, 0x5954, 0x672c, 0x7ffb, 0x51e1, 0x76c6,
    0x0000, 0x6469, 0x78e8, 0x9b54, 0x9ebb, 0x57cb, 0x59b9, 0x6627, 0x679a, 0x6bce, 0x54e9, 0x69d9, 0x5e55, 0x819c, 0x6795, 0x9baa,
    0x67fe, 0x9c52, 0x685d, 0x4ea6, 0x4fe3, 0x53c8, 0x62b9, 0x672b, 0x6cab, 0x8fc4, 0x4fad, 0x7e6d, 0x9ebf, 0x4e07, 0x6162, 0x6e80,
    0x6f2b, 0x8513, 0x5473, 0x672a, 0x9b45, 0x5df3, 0x7b95, 0x5cac, 0x5bc6, 0x871c, 0x6e4a, 0x84d1, 0x7a14, 0x8108, 0x5999, 0x7c8d,
    0x6c11, 0x7720, 0x52d9, 0x5922, 0x7121, 0x725f, 0x77db, 0x9727, 0x9d61, 0x690b, 0x5a7f, 0x5a18, 0x51a5, 0x540d, 0x547d, 0x660e,
    0x76df, 0x8ff7, 0x9298, 0x9cf4, 0x59ea, 0x725d, 0x6ec5, 0x514d, 0x68c9, 0x7dbf, 0x7dec, 0x9762, 0x9eba, 0x6478, 0x6a21, 0x8302,
    0x5984, 0x5b5f, 0x6bdb, 0x731b, 0x76f2, 0x7db2, 0x8017, 0x8499, 0x5132, 0x6728, 0x9ed9, 0x76ee, 0x6762, 0x52ff, 0x9905, 0x5c24,
    0x623b, 0x7c7e, 0x8cb0, 0x554f, 0x60b6, 0x7d0b, 0x9580, 0x5301, 0x4e5f, 0x51b6, 0x591c, 0x723a, 0x8036, 0x91ce, 0x5f25, 0x77e2,
    0x5384, 0x5f79, 0x7d04, 0x85ac, 0x8a33, 0x8e8d, 0x9756, 0x67f3, 0x85ae, 0x9453, 0x6109, 0x6108, 0x6cb9, 0x7652, 0x8aed, 0x8f38,
    0x552f, 0x4f51, 0x512a, 0x52c7, 0x53cb, 0x5ba5, 0x5e7d, 0x60a0, 0x6182, 0x63d6, 0x6709, 0x67da, 0x6e67, 0x6d8c, 0x7336, 0x7337,
    0x7531, 0x7950, 0x88d5, 0x8a98, 0x904a, 0x9091, 0x90f5, 0x96c4, 0x878d, 0x5915, 0x4e88, 0x4f59, 0x4e0e, 0x8a89, 0x8f3f, 0x9810,
    0x50ad, 0x5e7c, 0x5996, 0x5bb9, 0x5eb8, 0x63da, 0x63fa, 0x64c1, 0x66dc, 0x694a, 0x69d8, 0x6d0b, 0x6eb6, 0x7194, 0x7528, 0x7aaf,
    0x7f8a, 0x8000, 0x8449, 0x84c9, 0x8981, 0x8b21, 0x8e0a, 0x9065, 0x967d, 0x990a, 0x617e, 0x6291, 0x6b32, 0x0000, 0x6c83, 0x6d74,
    0x7fcc, 0x7ffc, 0x6dc0, 0x7f85, 0x87ba, 0x88f8, 0x6765, 0x83b1, 0x983c, 0x96f7, 0x6d1b, 0x7d61, 0x843d, 0x916a, 0x4e71, 0x5375,
    0x5d50, 0x6b04, 0x6feb, 0x85cd, 0x862d, 0x89a7, 0x5229, 0x540f, 0x5c65, 0x674e, 0x68a8, 0x7406, 0x7483, 0x75e2, 0x88cf, 0x88e1,
    0x91cc, 0x96e2, 0x9678, 0x5f8b, 0x7387, 0x7acb, 0x844e, 0x63a0, 0x7565, 0x5289, 0x6d41, 0x6e9c, 0x7409, 0x7559, 0x786b, 0x7c92,
    0x9686, 0x7adc, 0x9f8d, 0x4fb6, 0x616e, 0x65c5, 0x865c, 0x4e86, 0x4eae, 0x50da, 0x4e21, 0x51cc, 0x5bee, 0x6599, 0x6881, 0x6dbc,
    0x731f, 0x7642, 0x77ad, 0x7a1c, 0x7ce7, 0x826f, 0x8ad2, 0x907c, 0x91cf, 0x9675, 0x9818, 0x529b, 0x7dd1, 0x502b, 0x5398, 0x6797,
    0x6dcb, 0x71d0, 0x7433, 0x81e8, 0x8f2a, 0x96a3, 0x9c57, 0x9e9f, 0x7460, 0x5841, 0x6d99, 0x7d2f, 0x985e, 0x4ee4, 0x4f36, 0x4f8b,
    0x51b7, 0x52b1, 0x5dba, 0x601c, 0x73b2, 0x793c, 0x82d3, 0x9234, 0x96b7, 0x96f6, 0x970a, 0x9e97, 0x9f62, 0x66a6, 0x6b74, 0x5217,
    0x52a3, 0x70c8, 0x88c2, 0x5ec9, 0x604b, 0x6190, 0x6f23, 0x7149, 0x7c3e, 0x7df4, 0x806f, 0x84ee, 0x9023, 0x932c, 0x5442, 0x9b6f,
    0x6ad3, 0x7089, 0x8cc2, 0x8def, 0x9732, 0x52b4, 0x5a41, 0x5eca, 0x5f04, 0x6717, 0x697c, 0x6994, 0x6d6a, 0x6f0f, 0x7262, 0x72fc,
    0x7bed, 0x8001, 0x807e, 0x874b, 0x90ce, 0x516d, 0x9e93, 0x7984, 0x808b, 0x9332, 0x8ad6, 0x502d, 0x548c, 0x8a71, 0x6b6a, 0x8cc4,
    0x8107, 0x60d1, 0x67a0, 0x9df2, 0x4e99, 0x4e98, 0x9c10, 0x8a6b, 0x85c1, 0x8568, 0x6900, 0x6e7e, 0x7897, 0x8155, 0xffff, 0x5b41,
    0x5b56, 0x5b7d, 0x5b93, 0x5bd8, 0x5bec, 0x5c12, 0x5c1e, 0x5c23, 0x5c2b, 0x378d, 0x0000, 0x5c62, 0xfa3b, 0xfa3c, 0xffff, 0x5c7a,
    0x5c8f, 0x5c9f, 0x5ca3, 0x5caa, 0x5cba, 0x5ccb, 0x5cd0, 0x5cd2, 0x5cf4, 0xffff, 0x37e2, 0x5d0d, 0x5d27, 0xfa11, 0x5d46, 0x5d47,
    0x5d53, 0x5d4a, 0x5d6d, 0x5d81, 0x5da0, 0x5da4, 0x5da7, 0x5db8, 0x5dcb, 0x541e, 0x5f0c, 0x4e10, 0x4e15, 0x4e2a, 0x4e31, 0x4e36,
    0x4e3c, 0x4e3f, 0x4e42, 0x4e56, 0x4e58, 0x4e82, 0x4e85, 0x8c6b, 0x4e8a, 0x8212, 0x5f0d, 0x4e8e, 0x4e9e, 0x4e9f, 0x4ea0, 0x4ea2,
    0x4eb0, 0x4eb3, 0x4eb6, 0x4ece, 0x4ecd, 0x4ec4, 0x4ec6, 0x4ec2, 0x4ed7, 0x4ede, 0x4eed, 0x4edf, 0x4ef7, 0x4f09, 0x4f5a, 0x4f30,
    0x4f5b, 0x4f5d, 0x4f57, 0x4f47, 0x4f76, 0x4f88, 0x4f8f, 0x4f98, 0x4f7b, 0x4f69, 0x4f70, 0x4f91, 0x4f6f, 0x4f86, 0x4f96, 0x5118,
    0x4fd4, 0x4fdf, 0x4fce, 0x4fd8, 0x4fdb, 0x4fd1, 0x4fda, 0x4fd0, 0x4fe4, 0x4fe5, 0x501a, 0x5028, 0x5014, 0x502a, 0x5025, 0x5005,
    0x4f1c, 0x4ff6, 0x5021, 0x5029, 0x502c, 0x4ffe, 0x4fef, 0x5011, 0x5006, 0x5043, 0x5047, 0x6703, 0x5055, 0x5050, 0x5048, 0x505a,
    0x5056, 0x506c, 0x5078, 0x5080, 0x509a, 0x5085, 0x50b4, 0x50b2, 0x50c9, 0x50ca, 0x50b3, 0x50c2, 0x50d6, 0x50de, 0x50e5, 0x50ed,
    0x50e3, 0x50ee, 0x50f9, 0x50f5, 0x5109, 0x5101, 0x5102, 0x5116, 0x5115, 0x5114, 0x511a, 0x5121, 0x513a, 0x5137, 0x513c, 0x513b,
    0x513f, 0x5140, 0x5152, 0x514c, 0x5154, 0x5162, 0x7af8, 0x5169, 0x516a, 0x516e, 0x5180, 0x5182, 0x56d8, 0x518c, 0x5189, 0x518f,
    0x5191, 0x5193, 0x5195, 0x5196, 0x51a4, 0x51a6, 0x51a2, 0x51a9, 0x51aa, 0x51ab, 0x51b3, 0x51b1, 0x51b2, 0x51b0, 0x51b5, 0x51bd,
    0x51c5, 0x51c9, 0x51db, 0x51e0, 0x8655, 0x51e9, 0x51ed, 0x0000, 0x51f0, 0x51f5, 0x51fe, 0x5204, 0x520b, 0x5214, 0x520e, 0x5227,
    0x522a, 0x522e, 0x5233, 0x5239, 0x524f, 0x5244, 0x524b, 0x524c, 0x525e, 0x5254, 0x526a, 0x5274, 0x5269, 0x5273, 0x527f, 0x527d,
    0x528d, 0x5294, 0x5292, 0x5271, 0x5288, 0x5291, 0x8fa8, 0x8fa7, 0x52ac, 0x52ad, 0x52bc, 0x52b5, 0x52c1, 0x52cd, 0x52d7, 0x52de,
    0x52e3, 0x52e6, 0x98ed, 0x52e0, 0x52f3, 0x52f5, 0x52f8, 0x52f9, 0x5306, 0x5308, 0x7538, 0x530d, 0x5310, 0x530f, 0x5315, 0x531a,
    0x5323, 0x532f, 0x5331, 0x5333, 0x5338, 0x5340, 0x5346, 0x5345, 0x4e17, 0x5349, 0x534d, 0x51d6, 0x535e, 0x5369, 0x536e, 0x5918,
    0x537b, 0x5377, 0x5382, 0x5396, 0x53a0, 0x53a6, 0x53a5, 0x53ae, 0x53b0, 0x53b6, 0x53c3, 0x7c12, 0x96d9, 0x53df, 0x66fc, 0x71ee,
    0x53ee, 0x53e8, 0x53ed, 0x53fa, 0x5401, 0x543d, 0x5440, 0x542c, 0x542d, 0x543c, 0x542e, 0x5436, 0x5429, 0x541d, 0x544e, 0x548f,
    0x5475, 0x548e, 0x545f, 0x5471, 0x5477, 0x5470, 0x5492, 0x547b, 0x5480, 0x5476, 0x5484, 0x5490, 0x5486, 0x54c7, 0x54a2, 0x54b8,
    0x54a5, 0x54ac, 0x54c4, 0x54c8, 0x54a8, 0x54ab, 0x54c2, 0x54a4, 0x54be, 0x54bc, 0x54d8, 0x54e5, 0x54e6, 0x550f, 0x5514, 0x54fd,
    0x54ee, 0x54ed, 0x54fa, 0x54e2, 0x5539, 0x5540, 0x5563, 0x554c, 0x552e, 0x555c, 0x5545, 0x5556, 0x5557, 0x5538, 0x5533, 0x555d,
    0x5599, 0x5580, 0x54af, 0x558a, 0x559f, 0x557b, 0x557e, 0x5598, 0x559e, 0x55ae, 0x557c, 0x5583, 0x55a9, 0x5587, 0x55a8, 0x55da,
    0x55c5, 0x55df, 0x55c4, 0x55dc, 0x55e4, 0x55d4, 0x5614, 0x55f7, 0x5616, 0x55fe, 0x55fd, 0x561b, 0x55f9, 0x564e, 0x5650, 0x71df,
    0x5634, 0x5636, 0x5632, 0x5638, 0x0000, 0x566b, 0x5664, 0x562f, 0x566c, 0x566a, 0x5686, 0x5680, 0x568a, 0x56a0, 0x5694, 0x568f,
    0x56a5, 0x56ae, 0x56b6, 0x56b4, 0x56c2, 0x56bc, 0x56c1, 0x56c3, 0x56c0, 0x56c8, 0x56ce, 0x56d1, 0x56d3, 0x56d7, 0x56ee, 0x56f9,
    0x5700, 0x56ff, 0x5704, 0x5709, 0x5708, 0x570b, 0x570d, 0x5713, 0x5718, 0x5716, 0x55c7, 0x571c, 0x5726, 0x5737, 0x5738, 0x574e,
    0x573b, 0x5740, 0x574f, 0x5769, 0x57c0, 0x5788, 0x5761, 0x577f, 0x5789, 0x5793, 0x57a0, 0x57b3, 0x57a4, 0x57aa, 0x57b0, 0x57c3,
    0x57c6, 0x57d4, 0x57d2, 0x57d3, 0x580a, 0x57d6, 0x57e3, 0x580b, 0x5819, 0x581d, 0x5872, 0x5821, 0x5862, 0x584b, 0x5870, 0x6bc0,
    0x5852, 0x583d, 0x5879, 0x5885, 0x58b9, 0x589f, 0x58ab, 0x58ba, 0x58de, 0x58bb, 0x58b8, 0x58ae, 0x58c5, 0x58d3, 0x58d1, 0x58d7,
    0x58d9, 0x58d8, 0x58e5, 0x58dc, 0x58e4, 0x58df, 0x58ef, 0x58fa, 0x58f9, 0x58fb, 0x58fc, 0x58fd, 0x5902, 0x590a, 0x5910, 0x591b,
    0x68a6, 0x5925, 0x592c, 0x592d, 0x5932, 0x5938, 0x593e, 0x7ad2, 0x5955, 0x5950, 0x594e, 0x595a, 0x5958, 0x5962, 0x5960, 0x5967,
    0x596c, 0x5969, 0x5978, 0x5981, 0x599d, 0x4f5e, 0x4fab, 0x59a3, 0x59b2, 0x59c6, 0x59e8, 0x59dc, 0x598d, 0x59d9, 0x59da, 0x5a25,
    0x5a1f, 0x5a11, 0x5a1c, 0x5a09, 0x5a1a, 0x5a40, 0x5a6c, 0x5a49, 0x5a35, 0x5a36, 0x5a62, 0x5a6a, 0x5a9a, 0x5abc, 0x5abe, 0x5acb,
    0x5ac2, 0x5abd, 0x5ae3, 0x5ad7, 0x5ae6, 0x5ae9, 0x5ad6, 0x5afa, 0x5afb, 0x5b0c, 0x5b0b, 0x5b16, 0x5b32, 0x5ad0, 0x5b2a, 0x5b36,
    0x5b3e, 0x5b43, 0x5b45, 0x5b40, 0x5b51, 0x5b55, 0x5b5a, 0x5b5b, 0x5b65, 0x5b69, 0x5b70, 0x5b73, 0x5b75, 0x5b78, 0x6588, 0x5b7a,
    0x5b80, 0x0000, 0x5b83, 0x5ba6, 0x5bb8, 0x5bc3, 0x5bc7, 0x5bc9, 0x5bd4, 0x5bd0, 0x5be4, 0x5be6, 0x5be2, 0x5bde, 0x5be5, 0x5beb,
    0x5bf0, 0x5bf6, 0x5bf3, 0x5c05, 0x5c07, 0x5c08, 0x5c0d, 0x5c13, 0x5c20, 0x5c22, 0x5c28, 0x5c38, 0x5c39, 0x5c41, 0x5c46, 0x5c4e,
    0x5c53, 0x5c50, 0x5c4f, 0x5b71, 0x5c6c, 0x5c6e, 0x4e62, 0x5c76, 0x5c79, 0x5c8c, 0x5c91, 0x5c94, 0x599b, 0x5cab, 0x5cbb, 0x5cb6,
    0x5cbc, 0x5cb7, 0x5cc5, 0x5cbe, 0x5cc7, 0x5cd9, 0x5ce9, 0x5cfd, 0x5cfa, 0x5ced, 0x5d8c, 0x5cea, 0x5d0b, 0x5d15, 0x5d17, 0x5d5c,
    0x5d1f, 0x5d1b, 0x5d11, 0x5d14, 0x5d22, 0x5d1a, 0x5d19, 0x5d18, 0x5d4c, 0x5d52, 0x5d4e, 0x5d4b, 0x5d6c, 0x5d73, 0x5d76, 0x5d87,
    0x5d84, 0x5d82, 0x5da2, 0x5d9d, 0x5dac, 0x5dae, 0x5dbd, 0x5d90, 0x5db7, 0x5dbc, 0x5dc9, 0x5dcd, 0x5dd3, 0x5dd2, 0x5dd6, 0x5ddb,
    0x5deb, 0x5df2, 0x5df5, 0x5e0b, 0x5e1a, 0x5e19, 0x5e11, 0x5e1b, 0x5e36, 0x5e37, 0x5e44, 0x5e43, 0x5e40, 0x5e4e, 0x5e57, 0x5e54,
    0x5e5f, 0x5e62, 0x5e64, 0x5e47, 0x5e75, 0x5e76, 0x5e7a, 0x9ebc, 0x5e7f, 0x5ea0, 0x5ec1, 0x5ec2, 0x5ec8, 0x5ed0, 0x5ecf, 0x5ed6,
    0x5ee3, 0x5edd, 0x5eda, 0x5edb, 0x5ee2, 0x5ee1, 0x5ee8, 0x5ee9, 0x5eec, 0x5ef1, 0x5ef3, 0x5ef0, 0x5ef4, 0x5ef8, 0x5efe, 0x5f03,
    0x5f09, 0x5f5d, 0x5f5c, 0x5f0b, 0x5f11, 0x5f16, 0x5f29, 0x5f2d, 0x5f38, 0x5f41, 0x5f48, 0x5f4c, 0x5f4e, 0x5f2f, 0x5f51, 0x5f56,
    0x5f57, 0x5f59, 0x5f61, 0x5f6d, 0x5f73, 0x5f77, 0x5f83, 0x5f82, 0x5f7f, 0x5f8a, 0x5f88, 0x5f91, 0x5f87, 0x5f9e, 0x5f99, 0x5f98,
    0x5fa0, 0x5fa8, 0x5fad, 0x5fbc, 0x5fd6, 0x5ffb, 0x5fe4, 0x5ff8, 0x5ff1, 0x5fdd, 0x60b3, 0x5fff, 0x6021, 0x6060, 0x0000, 0x6019,
    0x6010, 0x6029, 0x600e, 0x6031, 0x601b, 0x6015, 0x602b, 0x6026, 0x600f, 0x603a, 0x605a, 0x6041, 0x606a, 0x6077, 0x605f, 0x604a,
    0x6046, 0x604d, 0x6063, 0x6043, 0x6064, 0x6042, 0x606c, 0x606b, 0x6059, 0x6081, 0x608d, 0x60e7, 0x6083, 0x609a, 0x6084, 0x609b,
    0x6096, 0x6097, 0x6092, 0x60a7, 0x608b, 0x60e1, 0x60b8, 0x60e0, 0x60d3, 0x60b4, 0x5ff0, 0x60bd, 0x60c6, 0x60b5, 0x60d8, 0x614d,
    0x6115, 0x6106, 0x60f6, 0x60f7, 0x6100, 0x60f4, 0x60fa, 0x6103, 0x6121, 0x60fb, 0x60f1, 0x610d, 0x610e, 0x6147, 0x613e, 0x6128,
    0x6127, 0x614a, 0x613f, 0x613c, 0x612c, 0x6134, 0x613d, 0x6142, 0x6144, 0x6173, 0x6177, 0x6158, 0x6159, 0x615a, 0x616b, 0x6174,
    0x616f, 0x6165, 0x6171, 0x615f, 0x615d, 0x6153, 0x6175, 0x6199, 0x6196, 0x6187, 0x61ac, 0x6194, 0x619a, 0x618a, 0x6191, 0x61ab,
    0x61ae, 0x61cc, 0x61ca, 0x61c9, 0x61f7, 0x61c8, 0x61c3, 0x61c6, 0x61ba, 0x61cb, 0x7f79, 0x61cd, 0x61e6, 0x61e3, 0x61f6, 0x61fa,
    0x61f4, 0x61ff, 0x61fd, 0x61fc, 0x61fe, 0x6200, 0x6208, 0x6209, 0x620d, 0x620c, 0x6214, 0x621b, 0x621e, 0x6221, 0x622a, 0x622e,
    0x6230, 0x6232, 0x6233, 0x6241, 0x624e, 0x625e, 0x6263, 0x625b, 0x6260, 0x6268, 0x627c, 0x6282, 0x6289, 0x627e, 0x6292, 0x6293,
    0x6296, 0x62d4, 0x6283, 0x6294, 0x62d7, 0x62d1, 0x62bb, 0x62cf, 0x62ff, 0x62c6, 0x64d4, 0x62c8, 0x62dc, 0x62cc, 0x62ca, 0x62c2,
    0x62c7, 0x629b, 0x62c9, 0x630c, 0x62ee, 0x62f1, 0x6327, 0x6302, 0x6308, 0x62ef, 0x62f5, 0x6350, 0x633e, 0x634d, 0x641c, 0x634f,
    0x6396, 0x638e, 0x6380, 0x63ab, 0x6376, 0x63a3, 0x638f, 0x6389, 0x639f, 0x63b5, 0x636b, 0x0000, 0x6369, 0x63be, 0x63e9, 0x63c0,
    0x63c6, 0x63e3, 0x63c9, 0x63d2, 0x63f6, 0x63c4, 0x6416, 0x6434, 0x6406, 0x6413, 0x6426, 0x6436, 0x651d, 0x6417, 0x6428, 0x640f,
    0x6467, 0x646f, 0x6476, 0x644e, 0x652a, 0x6495, 0x6493, 0x64a5, 0x64a9, 0x6488, 0x64bc, 0x64da, 0x64d2, 0x64c5, 0x64c7, 0x64bb,
    0x64d8, 0x64c2, 0x64f1, 0x64e7, 0x8209, 0x64e0, 0x64e1, 0x62ac, 0x64e3, 0x64ef, 0x652c, 0x64f6, 0x64f4, 0x64f2, 0x64fa, 0x6500,
    0x64fd, 0x6518, 0x651c, 0x6505, 0x6524, 0x6523, 0x652b, 0x6534, 0x6535, 0x6537, 0x6536, 0x6538, 0x754b, 0x6548, 0x6556, 0x6555,
    0x654d, 0x6558, 0x655e, 0x655d, 0x6572, 0x6578, 0x6582, 0x6583, 0x8b8a, 0x659b, 0x659f, 0x65ab, 0x65b7, 0x65c3, 0x65c6, 0x65c1,
    0x65c4, 0x65cc, 0x65d2, 0x65db, 0x65d9, 0x65e0, 0x65e1, 0x65f1, 0x6772, 0x660a, 0x6603, 0x65fb, 0x6773, 0x6635, 0x6636, 0x6634,
    0x661c, 0x664f, 0x6644, 0x6649, 0x6641, 0x665e, 0x665d, 0x6664, 0x6667, 0x6668, 0x665f, 0x6662, 0x6670, 0x6683, 0x6688, 0x668e,
    0x6689, 0x6684, 0x6698, 0x669d, 0x66c1, 0x66b9, 0x66c9, 0x66be, 0x66bc, 0x66c4, 0x66b8, 0x66d6, 0x66da, 0x66e0, 0x663f, 0x66e6,
    0x66e9, 0x66f0, 0x66f5, 0x66f7, 0x670f, 0x6716, 0x671e, 0x6726, 0x6727, 0x9738, 0x672e, 0x673f, 0x6736, 0x6741, 0x6738, 0x6737,
    0x6746, 0x675e, 0x6760, 0x6759, 0x6763, 0x6764, 0x6789, 0x6770, 0x67a9, 0x677c, 0x676a, 0x678c, 0x678b, 0x67a6, 0x67a1, 0x6785,
    0x67b7, 0x67ef, 0x67b4, 0x67ec, 0x67b3, 0x67e9, 0x67b8, 0x67e4, 0x67de, 0x67dd, 0x67e2, 0x67ee, 0x67b9, 0x67ce, 0x67c6, 0x67e7,
    0x6a9c, 0x681e, 0x6846, 0x6829, 0x6840, 0x684d, 0x6832, 0x684e, 0x0000, 0x68b3, 0x682b, 0x6859, 0x6863, 0x6877, 0x687f, 0x689f,
    0x688f, 0x68ad, 0x6894, 0x689d, 0x689b, 0x6883, 0x6aae, 0x68b9, 0x6874, 0x68b5, 0x68a0, 0x68ba, 0x690f, 0x688d, 0x687e, 0x6901,
    0x68ca, 0x6908, 0x68d8, 0x6922, 0x6926, 0x68e1, 0x690c, 0x68cd, 0x68d4, 0x68e7, 0x68d5, 0x6936, 0x6912, 0x6904, 0x68d7, 0x68e3,
    0x6925, 0x68f9, 0x68e0, 0x68ef, 0x6928, 0x692a, 0x691a, 0x6923, 0x6921, 0x68c6, 0x6979, 0x6977, 0x695c, 0x6978, 0x696b, 0x6954,
    0x697e, 0x696e, 0x6939, 0x6974, 0x693d, 0x6959, 0x6930, 0x6961, 0x695e, 0x695d, 0x6981, 0x696a, 0x69b2, 0x69ae, 0x69d0, 0x69bf,
    0x69c1, 0x69d3, 0x69be, 0x69ce, 0x5be8, 0x69ca, 0x69dd, 0x69bb, 0x69c3, 0x69a7, 0x6a2e, 0x6991, 0x69a0, 0x699c, 0x6995, 0x69b4,
    0x69de, 0x69e8, 0x6a02, 0x6a1b, 0x69ff, 0x6b0a, 0x69f9, 0x69f2, 0x69e7, 0x6a05, 0x69b1, 0x6a1e, 0x69ed, 0x6a14, 0x69eb, 0x6a0a,
    0x6a12, 0x6ac1, 0x6a23, 0x6a13, 0x6a44, 0x6a0c, 0x6a72, 0x6a36, 0x6a78, 0x6a47, 0x6a62, 0x6a59, 0x6a66, 0x6a48, 0x6a38, 0x6a22,
    0x6a90, 0x6a8d, 0x6aa0, 0x6a84, 0x6aa2, 0x6aa3, 0x6a97, 0x8617, 0x6abb, 0x6ac3, 0x6ac2, 0x6ab8, 0x6ab3, 0x6aac, 0x6ade, 0x6ad1,
    0x6adf, 0x6aaa, 0x6ada, 0x6aea, 0x6afb, 0x6b05, 0x8616, 0x6afa, 0x6b12, 0x6b16, 0x9b31, 0x6b1f, 0x6b38, 0x6b37, 0x76dc, 0x6b39,
    0x98ee, 0x6b47, 0x6b43, 0x6b49, 0x6b50, 0x6b59, 0x6b54, 0x6b5b, 0x6b5f, 0x6b61, 0x6b78, 0x6b79, 0x6b7f, 0x6b80, 0x6b84, 0x6b83,
    0x6b8d, 0x6b98, 0x6b95, 0x6b9e, 0x6ba4, 0x6baa, 0x6bab, 0x6baf, 0x6bb2, 0x6bb1, 0x6bb3, 0x6bb7, 0x6bbc, 0x6bc6, 0x6bcb, 0x6bd3,
    0x6bdf, 0x6bec, 0x6beb, 0x6bf3, 0x6bef, 0x0000, 0x9ebe, 0x6c08, 0x6c13, 0x6c14, 0x6c1b, 0x6c24, 0x6c23, 0x6c5e, 0x6c55, 0x6c62,
    0x6c6a, 0x6c82, 0x6c8d, 0x6c9a, 0x6c81, 0x6c9b, 0x6c7e, 0x6c68, 0x6c73, 0x6c92, 0x6c90, 0x6cc4, 0x6cf1, 0x6cd3, 0x6cbd, 0x6cd7,
    0x6cc5, 0x6cdd, 0x6cae, 0x6cb1, 0x6cbe, 0x6cba, 0x6cdb, 0x6cef, 0x6cd9, 0x6cea, 0x6d1f, 0x884d, 0x6d36, 0x6d2b, 0x6d3d, 0x6d38,
    0x6d19, 0x6d35, 0x6d33, 0x6d12, 0x6d0c, 0x6d63, 0x6d93, 0x6d64, 0x6d5a, 0x6d79, 0x6d59, 0x6d8e, 0x6d95, 0x6fe4, 0x6d85, 0x6df9,
    0x6e15, 0x6e0a, 0x6db5, 0x6dc7, 0x6de6, 0x6db8, 0x6dc6, 0x6dec, 0x6dde, 0x6dcc, 0x6de8, 0x6dd2, 0x6dc5, 0x6dfa, 0x6dd9, 0x6de4,
    0x6dd5, 0x6dea, 0x6dee, 0x6e2d, 0x6e6e, 0x6e2e, 0x6e19, 0x6e72, 0x6e5f, 0x6e3e, 0x6e23, 0x6e6b, 0x6e2b, 0x6e76, 0x6e4d, 0x6e1f,
    0x6e43, 0x6e3a, 0x6e4e, 0x6e24, 0x6eff, 0x6e1d, 0x6e38, 0x6e82, 0x6eaa, 0x6e98, 0x6ec9, 0x6eb7, 0x6ed3, 0x6ebd, 0x6eaf, 0x6ec4,
    0x6eb2, 0x6ed4, 0x6ed5, 0x6e8f, 0x6ea5, 0x6ec2, 0x6e9f, 0x6f41, 0x6f11, 0x704c, 0x6eec, 0x6ef8, 0x6efe, 0x6f3f, 0x6ef2, 0x6f31,
    0x6eef, 0x6f32, 0x6ecc, 0x0000, 0x0000, 0x0000, 0x0000, 0x0000, 0x0000, 0x0000, 0x0000, 0x0000, 0x0000, 0x0000, 0x0000, 0x0000,
    0x0000, 0x0000, 0x0000, 0x0000, 0x0000, 0x0000, 0x0000, 0x0000, 0x0000, 0x0000, 0x0000, 0x0000, 0x0000, 0x0000, 0x0000, 0x0000,
    0x0000, 0x0000, 0x0000, 0x0000, 0x0000, 0x0000, 0x0000, 0x0000, 0x0000, 0x0000, 0x0000, 0x0000, 0x0000, 0x0000, 0x0000, 0x0000,
    0x0000, 0x0000, 0x0000, 0x0000, 0x0000, 0x0000, 0x0000, 0x0000, 0x0000, 0x0000, 0x0000, 0x0000, 0x0000, 0x0000, 0x0000, 0x0000,
    0x0000, 0x0000, 0x0000, 0x0000, 0x0000, 0x0000, 0x0000, 0x0000, 0x0000, 0x0000, 0x0000, 0x0000, 0x0000, 0x0000, 0x0000, 0x0000,
    0x0000, 0x0000, 0x0000, 0x0000, 0x0000, 0x0000, 0x0000, 0x0000, 0x0000, 0x0000, 0x0000, 0x0000, 0x0000, 0x0000, 0x0000, 0x0000,
    0x0000, 0x0000, 0x0000, 0x0000, 0x0000, 0x0000, 0x0000, 0x0000, 0x0000, 0x0000, 0x0000, 0x0000, 0x0000, 0x0000, 0x0000, 0x0000,
    0x0000, 0x0000, 0x0000, 0x0000, 0x0000, 0x0000, 0x0000, 0x0000, 0x0000, 0x0000, 0x0000, 0x0000, 0x0000, 0x0000, 0x0000, 0x0000,
    0x0000, 0x0000, 0x0000, 0x0000, 0x0000, 0x0000, 0x0000, 0x0000, 0x0000, 0x0000, 0x0000, 0x0000, 0x0000, 0x0000, 0x0000, 0x0000,
    0x0000, 0x0000, 0x0000, 0x0000, 0x0000, 0x0000, 0x0000, 0x0000, 0x0000, 0x0000, 0x0000, 0x0000, 0x0000, 0x0000, 0x0000, 0x0000,
    0x0000, 0x0000, 0x0000, 0x0000, 0x0000, 0x0000, 0x0000, 0x0000, 0x0000, 0x0000, 0x0000, 0x0000, 0x0000, 0x0000, 0x0000, 0x0000,
    0x0000, 0x0000, 0x0000, 0x0000, 0x0000, 0x0000, 0x0000, 0x0000, 0x0000, 0x0000, 0x0000, 0x0000, 0x0000, 0x0000, 0x0000, 0x0000,
    0x0000, 0x0000, 0x0000, 0x0000, 0x0000, 0x0000, 0x0000, 0x0000, 0x0000, 0x0000, 0x0000, 0x0000, 0x0000, 0x0000, 0x0000, 0x0000,
    0x0000, 0x0000, 0x0000, 0x0000, 0x0000, 0x0000, 0x0000, 0x0000, 0x0000, 0x0000, 0x0000, 0x0000, 0x0000, 0x0000, 0x0000, 0x0000,
    0x0000, 0x0000, 0x0000, 0x0000, 0x0000, 0x0000, 0x0000, 0x0000, 0x0000, 0x0000, 0x0000, 0x0000, 0x0000, 0x0000, 0x0000, 0x0000,
    0x0000, 0x0000, 0x0000, 0x0000, 0x0000, 0x0000, 0x0000, 0x0000, 0x0000, 0x0000, 0x0000, 0x0000, 0x0000, 0x0000, 0x0000, 0x0000,
    0x0000, 0x0000, 0x0000, 0x0000, 0x0000, 0x0000, 0x0000, 0x0000, 0x0000, 0x0000, 0x0000, 0x0000, 0x0000, 0x0000, 0x0000, 0x0000,
    0x0000, 0x0000, 0x0000, 0x0000, 0x0000, 0x0000, 0x0000, 0x0000, 0x0000, 0x0000, 0x0000, 0x0000, 0x0000, 0x0000, 0x0000, 0x0000,
    0x0000, 0x0000, 0x0000, 0x0000, 0x0000, 0x0000, 0x0000, 0x0000, 0x0000, 0x0000, 0x0000, 0x0000, 0x0000, 0x0000, 0x0000, 0x0000,
    0x0000, 0x0000, 0x0000, 0x0000, 0x0000, 0x0000, 0x0000, 0x0000, 0x0000, 0x0000, 0x0000, 0x0000, 0x0000, 0x0000, 0x0000, 0x0000,
    0x0000, 0x0000, 0x0000, 0x0000, 0x0000, 0x0000, 0x0000, 0x0000, 0x0000, 0x0000, 0x0000, 0x0000, 0x0000, 0x0000, 0x0000, 0x0000,
    0x0000, 0x0000, 0x0000, 0x0000, 0x0000, 0x0000, 0x0000, 0x0000, 0x0000, 0x0000, 0x0000, 0x0000, 0x0000, 0x0000, 0x0000, 0x0000,
    0x0000, 0x0000, 0x0000, 0x0000, 0x0000, 0x0000, 0x0000, 0x0000, 0x0000, 0x0000, 0x0000, 0x0000, 0x0000, 0x0000, 0x0000, 0x0000,
    0x0000, 0x0000, 0x0000, 0x0000, 0x0000, 0x0000, 0x0000, 0x0000, 0x0000, 0x0000, 0x0000, 0x0000, 0x0000, 0x0000, 0x0000, 0x0000,
    0x0000, 0x0000, 0x0000, 0x0000, 0x0000, 0x0000, 0x0000, 0x0000, 0x0000, 0x0000, 0x0000, 0x0000, 0x0000, 0x0000, 0x0000, 0x0000,
    0x0000, 0x0000, 0x0000, 0x0000, 0x0000, 0x0000, 0x0000, 0x0000, 0x0000, 0x0000, 0x0000, 0x0000, 0x0000, 0x0000, 0x0000, 0x0000,
    0x0000, 0x0000, 0x0000, 0x0000, 0x0000, 0x0000, 0x0000, 0x0000, 0x0000, 0x0000, 0x0000, 0x0000, 0x0000, 0x0000, 0x0000, 0x0000,
    0x0000, 0x0000, 0x0000, 0x0000, 0x0000, 0x0000, 0x0000, 0x0000, 0x0000, 0x0000, 0x0000, 0x0000, 0x0000, 0x0000, 0x0000, 0x0000,
    0x0000, 0x0000, 0x0000, 0x0000, 0x0000, 0x0000, 0x0000, 0x0000, 0x0000, 0x0000, 0x0000, 0x0000, 0x0000, 0x0000, 0x0000, 0x0000,
    0x0000, 0x0000, 0x0000, 0x0000, 0x0000, 0x0000, 0x0000, 0x0000, 0x0000, 0x0000, 0x0000, 0x0000, 0x0000, 0x0000, 0x0000, 0x0000,
    0x0000, 0x0000, 0x0000, 0x0000, 0x0000, 0x0000, 0x0000, 0x0000, 0x0000, 0x0000, 0x0000, 0x0000, 0x0000, 0x0000, 0x0000, 0x0000,
    0x0000, 0x0000, 0x0000, 0x0000, 0x0000, 0x0000, 0x0000, 0x0000, 0x0000, 0x0000, 0x0000, 0x0000, 0x0000, 0x0000, 0x0000, 0x0000,
    0x0000, 0x0000, 0x0000, 0x0000, 0x0000, 0x0000, 0x0000, 0x0000, 0x0000, 0x0000, 0x0000, 0x0000, 0x0000, 0x0000, 0x0000, 0x0000,
    0x0000, 0x0000, 0x0000, 0x0000, 0x0000, 0x0000, 0x0000, 0x0000, 0x0000, 0x0000, 0x0000, 0x0000, 0x0000, 0x0000, 0x0000, 0x0000,
    0x0000, 0x0000, 0x0000, 0x0000, 0x0000, 0x0000, 0x0000, 0x0000, 0x0000, 0x0000, 0x0000, 0x0000, 0x0000, 0x0000, 0x0000, 0x0000,
    0x0000, 0x0000, 0x0000, 0x0000, 0x0000, 0x0000, 0x0000, 0x0000, 0x0000, 0x0000, 0x0000, 0x0000, 0x0000, 0x0000, 0x0000, 0x0000,
    0x0000, 0x0000, 0x0000, 0x0000, 0x0000, 0x0000, 0x0000, 0x0000, 0x0000, 0x0000, 0x0000, 0x0000, 0x0000, 0x0000, 0x0000, 0x0000,
    0x0000, 0x0000, 0x0000, 0x0000, 0x0000, 0x0000, 0x0000, 0x0000, 0x0000, 0x0000, 0x0000, 0x0000, 0x0000, 0x0000, 0x0000, 0x0000,
    0x0000, 0x0000, 0x0000, 0x0000, 0x0000, 0x0000, 0x0000, 0x0000, 0x0000, 0x0000, 0x0000, 0x0000, 0x0000, 0x0000, 0x0000, 0x0000,
    0x0000, 0x0000, 0x0000, 0x0000, 0x0000, 0x0000, 0x0000, 0x0000, 0x0000, 0x0000, 0x0000, 0x0000, 0x0000, 0x0000, 0x0000, 0x0000,
    0x0000, 0x0000, 0x0000, 0x0000, 0x0000, 0x0000, 0x0000, 0x0000, 0x0000, 0x0000, 0x0000, 0x0000, 0x0000, 0x0000, 0x0000, 0x0000,
    0x0000, 0x0000, 0x0000, 0x0000, 0x0000, 0x0000, 0x0000, 0x0000, 0x0000, 0x0000, 0x0000, 0x0000, 0x0000, 0x0000, 0x0000, 0x0000,
    0x0000, 0x0000, 0x0000, 0x0000, 0x0000, 0x0000, 0x0000, 0x0000, 0x0000, 0x0000, 0x0000, 0x0000, 0x0000, 0x0000, 0x0000, 0x0000,
    0x0000, 0x0000, 0x0000, 0x0000, 0x0000, 0x0000, 0x0000, 0x0000, 0x0000, 0x0000, 0x0000, 0x0000, 0x0000, 0x0000, 0x0000, 0x0000,
    0x0000, 0x0000, 0x0000, 0x0000, 0x0000, 0x0000, 0x0000, 0x0000, 0x0000, 0x0000, 0x0000, 0x0000, 0x0000, 0x0000, 0x0000, 0x0000,
    0x0000, 0x0000, 0x0000, 0x0000, 0x0000, 0x0000, 0x0000, 0x0000, 0x0000, 0x0000, 0x0000, 0x0000, 0x0000, 0x0000, 0x0000, 0x0000,
    0x0000, 0x0000, 0x0000, 0x0000, 0x0000, 0x0000, 0x0000, 0x0000, 0x0000, 0x0000, 0x0000, 0x0000, 0x0000, 0x0000, 0x0000, 0x0000,
    0x0000, 0x0000, 0x0000, 0x0000, 0x0000, 0x0000, 0x0000, 0x0000, 0x0000, 0x0000, 0x0000, 0x0000, 0x0000, 0x0000, 0x0000, 0x0000,
    0x0000, 0x0000, 0x0000, 0x0000, 0x0000, 0x0000, 0x0000, 0x0000, 0x0000, 0x0000, 0x0000, 0x0000, 0x0000, 0x0000, 0x0000, 0x0000,
    0x0000, 0x0000, 0x0000, 0x0000, 0x0000, 0x0000, 0x0000, 0x0000, 0x0000, 0x0000, 0x0000, 0x0000, 0x0000, 0x0000, 0x0000, 0x0000,
    0x0000, 0x0000, 0x0000, 0x0000, 0x0000, 0x0000, 0x0000, 0x0000, 0x0000, 0x0000, 0x0000, 0x0000, 0x0000, 0x0000, 0x0000, 0x0000,
    0x0000, 0x0000, 0x0000, 0x0000, 0x0000, 0x0000, 0x0000, 0x0000, 0x0000, 0x0000, 0x0000, 0x0000, 0x0000, 0x0000, 0x0000, 0x0000,
    0x0000, 0x0000, 0x0000, 0x0000, 0x0000, 0x0000, 0x0000, 0x0000, 0x0000, 0x0000, 0x0000, 0x0000, 0x0000, 0x0000, 0x0000, 0x0000,
    0x0000, 0x0000, 0x0000, 0x0000, 0x0000, 0x0000, 0x0000, 0x0000, 0x0000, 0x0000, 0x0000, 0x0000, 0x0000, 0x0000, 0x0000, 0x0000,
    0x0000, 0x0000, 0x0000, 0x0000, 0x0000, 0x0000, 0x0000, 0x0000, 0x0000, 0x0000, 0x0000, 0x0000, 0x0000, 0x0000, 0x0000, 0x0000,
    0x0000, 0x0000, 0x0000, 0x0000, 0x0000, 0x0000, 0x0000, 0x0000, 0x0000, 0x0000, 0x0000, 0x0000, 0x0000, 0x0000, 0x0000, 0x0000,
    0x0000, 0x0000, 0x0000, 0x0000, 0x0000, 0x0000, 0x0000, 0x0000, 0x0000, 0x0000, 0x0000, 0x0000, 0x0000, 0x0000, 0x0000, 0x0000,
    0x0000, 0x0000, 0x0000, 0x0000, 0x0000, 0x0000, 0x0000, 0x0000, 0x0000, 0x0000, 0x0000, 0x0000, 0x0000, 0x0000, 0x0000, 0x0000,
    0x0000, 0x0000, 0x0000, 0x0000, 0x0000, 0x0000, 0x0000, 0x0000, 0x0000, 0x0000, 0x0000, 0x0000, 0x0000, 0x0000, 0x0000, 0x0000,
    0x0000, 0x0000, 0x0000, 0x0000, 0x0000, 0x0000, 0x0000, 0x0000, 0x0000, 0x0000, 0x0000, 0x0000, 0x0000, 0x0000, 0x0000, 0x0000,
    0x0000, 0x0000, 0x0000, 0x0000, 0x0000, 0x0000, 0x0000, 0x0000, 0x0000, 0x0000, 0x0000, 0x0000, 0x0000, 0x0000, 0x0000, 0x0000,
    0x0000, 0x0000, 0x0000, 0x0000, 0x0000, 0x0000, 0x0000, 0x0000, 0x0000, 0x0000, 0x0000, 0x0000, 0x0000, 0x0000, 0x0000, 0x0000,
    0x0000, 0x0000, 0x0000, 0x0000, 0x0000, 0x0000, 0x0000, 0x0000, 0x0000, 0x0000, 0x0000, 0x0000, 0x0000, 0x0000, 0x0000, 0x0000,
    0x0000, 0x0000, 0x0000, 0x0000, 0x0000, 0x0000, 0x0000, 0x0000, 0x0000, 0x0000, 0x0000, 0x0000, 0x0000, 0x0000, 0x0000, 0x0000,
    0x0000, 0x0000, 0x0000, 0x0000, 0x0000, 0x0000, 0x0000, 0x0000, 0x0000, 0x0000, 0x0000, 0x0000, 0x0000, 0x0000, 0x0000, 0x0000,
    0x0000, 0x0000, 0x0000, 0x0000, 0x0000, 0x0000, 0x0000, 0x0000, 0x0000, 0x0000, 0x0000, 0x0000, 0x0000, 0x0000, 0x0000, 0x0000,
    0x0000, 0x0000, 0x0000, 0x0000, 0x0000, 0x0000, 0x0000, 0x0000, 0x0000, 0x0000, 0x0000, 0x0000, 0x0000, 0x0000, 0x0000, 0x0000,
    0x0000, 0x0000, 0x0000, 0x0000, 0x0000, 0x0000, 0x0000, 0x0000, 0x0000, 0x0000, 0x0000, 0x0000, 0x0000, 0x0000, 0x0000, 0x0000,
    0x0000, 0x0000, 0x0000, 0x0000, 0x0000, 0x0000, 0x0000, 0x0000, 0x0000, 0x0000, 0x0000, 0x0000, 0x0000, 0x0000, 0x0000, 0x0000,
    0x0000, 0x0000, 0x0000, 0x0000, 0x0000, 0x0000, 0x0000, 0x0000, 0x0000, 0x0000, 0x0000, 0x0000, 0x0000, 0x0000, 0x0000, 0x0000,
    0x0000, 0x0000, 0x0000, 0x0000, 0x0000, 0x0000, 0x0000, 0x0000, 0x0000, 0x0000, 0x0000, 0x0000, 0x0000, 0x0000, 0x0000, 0x0000,
    0x0000, 0x0000, 0x0000, 0x0000, 0x0000, 0x0000, 0x0000, 0x0000, 0x0000, 0x0000, 0x0000, 0x0000, 0x0000, 0x0000, 0x0000, 0x0000,
    0x0000, 0x0000, 0x0000, 0x0000, 0x0000, 0x0000, 0x0000, 0x0000, 0x0000, 0x0000, 0x0000, 0x0000, 0x0000, 0x0000, 0x0000, 0x0000,
    0x0000, 0x0000, 0x0000, 0x0000, 0x0000, 0x0000, 0x0000, 0x0000, 0x0000, 0x0000, 0x0000, 0x0000, 0x0000, 0x0000, 0x0000, 0x0000,
    0x0000, 0x0000, 0x0000, 0x0000, 0x0000, 0x0000, 0x0000, 0x0000, 0x0000, 0x0000, 0x0000, 0x0000, 0x0000, 0x0000, 0x0000, 0x0000,
    0x0000, 0x0000, 0x0000, 0x0000, 0x0000, 0x0000, 0x0000, 0x0000, 0x0000, 0x0000, 0x0000, 0x0000, 0x0000, 0x0000, 0x0000, 0x0000,
    0x0000, 0x0000, 0x0000, 0x0000, 0x0000, 0x0000, 0x0000, 0x0000, 0x0000, 0x0000, 0x0000, 0x0000, 0x0000, 0x0000, 0x0000, 0x0000,
    0x0000, 0x0000, 0x0000, 0x0000, 0x0000, 0x0000, 0x0000, 0x0000, 0x0000, 0x0000, 0x0000, 0x0000, 0x0000, 0x0000, 0x0000, 0x0000,
    0x0000, 0x0000, 0x0000, 0x0000, 0x0000, 0x0000, 0x0000, 0x0000, 0x0000, 0x0000, 0x0000, 0x0000, 0x0000, 0x0000, 0x0000, 0x0000,
    0x0000, 0x0000, 0x0000, 0x0000, 0x0000, 0x0000, 0x0000, 0x0000, 0x0000, 0x0000, 0x0000, 0x0000, 0x0000, 0x0000, 0x0000, 0x0000,
    0x0000, 0x0000, 0x0000, 0x0000, 0x0000, 0x0000, 0x0000, 0x0000, 0x0000, 0x0000, 0x0000, 0x0000, 0x0000, 0x0000, 0x0000, 0x0000,
    0x0000, 0x0000, 0x0000, 0x0000, 0x0000, 0x0000, 0x0000, 0x0000, 0x0000, 0x0000, 0x0000, 0x0000, 0x0000, 0x0000, 0x0000, 0x0000,
    0x0000, 0x0000, 0x0000, 0x0000, 0x0000, 0x0000, 0x0000, 0x0000, 0x0000, 0x0000, 0x0000, 0x0000, 0x0000, 0x0000, 0x0000, 0x0000,
    0x0000, 0x0000, 0x0000, 0x0000, 0x0000, 0x0000, 0x0000, 0x0000, 0x0000, 0x0000, 0x0000, 0x0000, 0x0000, 0x0000, 0x0000, 0x0000,
    0x0000, 0x0000, 0x0000, 0x0000, 0x0000, 0x0000, 0x0000, 0x0000, 0x0000, 0x0000, 0x0000, 0x0000, 0x0000, 0x0000, 0x0000, 0x0000,
    0x0000, 0x0000, 0x0000, 0x0000, 0x0000, 0x0000, 0x0000, 0x0000, 0x0000, 0x0000, 0x0000, 0x0000, 0x0000, 0x0000, 0x0000, 0x0000,
    0x0000, 0x0000, 0x0000, 0x0000, 0x0000, 0x0000, 0x0000, 0x0000, 0x0000, 0x0000, 0x0000, 0x0000, 0x0000, 0x0000, 0x0000, 0x0000,
    0x0000, 0x0000, 0x0000, 0x0000, 0x0000, 0x0000, 0x0000, 0x0000, 0x0000, 0x0000, 0x0000, 0x0000, 0x0000, 0x0000, 0x0000, 0x0000,
    0x0000, 0x0000, 0x0000, 0x0000, 0x0000, 0x0000, 0x0000, 0x0000, 0x0000, 0x0000, 0x0000, 0x0000, 0x0000, 0x0000, 0x0000, 0x0000,
    0x0000, 0x0000, 0x0000, 0x0000, 0x0000, 0x0000, 0x0000, 0x0000, 0x0000, 0x0000, 0x0000, 0x0000, 0x0000, 0x0000, 0x0000, 0x0000,
    0x0000, 0x0000, 0x0000, 0x0000, 0x0000, 0x0000, 0x0000, 0x0000, 0x0000, 0x0000, 0x0000, 0x0000, 0x0000, 0x0000, 0x0000, 0x0000,
    0x0000, 0x0000, 0x0000, 0x0000, 0x0000, 0x0000, 0x0000, 0x0000, 0x0000, 0x0000, 0x0000, 0x0000, 0x0000, 0x0000, 0x0000, 0x0000,
    0x0000, 0x0000, 0x0000, 0x0000, 0x0000, 0x0000, 0x0000, 0x0000, 0x0000, 0x0000, 0x0000, 0x0000, 0x0000, 0x0000, 0x0000, 0x0000,
    0x0000, 0x0000, 0x0000, 0x0000, 0x0000, 0x0000, 0x0000, 0x0000, 0x0000, 0x0000, 0x0000, 0x0000, 0x0000, 0x0000, 0x0000, 0x0000,
    0x0000, 0x0000, 0x0000, 0x0000, 0x0000, 0x0000, 0x0000, 0x0000, 0x0000, 0x0000, 0x0000, 0x0000, 0x0000, 0x0000, 0x0000, 0x0000,
    0x0000, 0x0000, 0x0000, 0x0000, 0x0000, 0x0000, 0x0000, 0x0000, 0x0000, 0x0000, 0x0000, 0x0000, 0x0000, 0x0000, 0x0000, 0x0000,
    0x0000, 0x0000, 0x0000, 0x0000, 0x0000, 0x0000, 0x0000, 0x0000, 0x0000, 0x0000, 0x0000, 0x0000, 0x0000, 0x0000, 0x0000, 0x0000,
    0x0000, 0x0000, 0x0000, 0x0000, 0x0000, 0x0000, 0x0000, 0x0000, 0x0000, 0x0000, 0x0000, 0x0000, 0x0000, 0x0000, 0x0000, 0x0000,
    0x0000, 0x0000, 0x0000, 0x0000, 0x0000, 0x0000, 0x0000, 0x0000, 0x0000, 0x0000, 0x0000, 0x0000, 0x0000, 0x0000, 0x0000, 0x0000,
    0x0000, 0x0000, 0x0000, 0x0000, 0x0000, 0x0000, 0x0000, 0x0000, 0x0000, 0x0000, 0x0000, 0x0000, 0x0000, 0x0000, 0x0000, 0x0000,
    0x0000, 0x0000, 0x0000, 0x0000, 0x0000, 0x0000, 0x0000, 0x0000, 0x0000, 0x0000, 0x0000, 0x0000, 0x0000, 0x0000, 0x0000, 0x0000,
    0x0000, 0x0000, 0x0000, 0x0000, 0x0000, 0x0000, 0x0000, 0x0000, 0x0000, 0x0000, 0x0000, 0x0000, 0x0000, 0x0000, 0x0000, 0x0000,
    0x0000, 0x0000, 0x0000, 0x0000, 0x0000, 0x0000, 0x0000, 0x0000, 0x0000, 0x0000, 0x0000, 0x0000, 0x0000, 0x0000, 0x0000, 0x0000,
    0x0000, 0x0000, 0x0000, 0x0000, 0x0000, 0x0000, 0x0000, 0x0000, 0x0000, 0x0000, 0x0000, 0x0000, 0x0000, 0x0000, 0x0000, 0x0000,
    0x0000, 0x0000, 0x0000, 0x0000, 0x0000, 0x0000, 0x0000, 0x0000, 0x0000, 0x0000, 0x0000, 0x0000, 0x0000, 0x0000, 0x0000, 0x0000,
    0x0000, 0x0000, 0x0000, 0x0000, 0x0000, 0x0000, 0x0000, 0x0000, 0x0000, 0x0000, 0x0000, 0x0000, 0x0000, 0x0000, 0x0000, 0x0000,
    0x0000, 0x0000, 0x0000, 0x0000, 0x0000, 0x0000, 0x0000, 0x0000, 0x0000, 0x0000, 0x0000, 0x0000, 0x0000, 0x0000, 0x0000, 0x0000,
    0x0000, 0x0000, 0x0000, 0x0000, 0x0000, 0x0000, 0x0000, 0x0000, 0x0000, 0x0000, 0x0000, 0x0000, 0x0000, 0x0000, 0x0000, 0x0000,
    0x0000, 0x0000, 0x0000, 0x0000, 0x0000, 0x0000, 0x0000, 0x0000, 0x0000, 0x0000, 0x0000, 0x0000, 0x0000, 0x0000, 0x0000, 0x0000,
    0x0000, 0x0000, 0x0000, 0x0000, 0x0000, 0x0000, 0x0000, 0x0000, 0x0000, 0x0000, 0x0000, 0x0000, 0x0000, 0x0000, 0x0000, 0x0000,
    0x0000, 0x0000, 0x0000, 0x0000, 0x0000, 0x0000, 0x0000, 0x0000, 0x0000, 0x0000, 0x0000, 0x0000, 0x0000, 0x0000, 0x0000, 0x0000,
    0x0000, 0x0000, 0x0000, 0x0000, 0x0000, 0x0000, 0x0000, 0x0000, 0x0000, 0x0000, 0x0000, 0x0000, 0x0000, 0x0000, 0x0000, 0x0000,
    0x0000, 0x0000, 0x0000, 0x0000, 0x0000, 0x0000, 0x0000, 0x0000, 0x0000, 0x0000, 0x0000, 0x0000, 0x0000, 0x0000, 0x0000, 0x0000,
    0x0000, 0x0000, 0x0000, 0x0000, 0x0000, 0x0000, 0x0000, 0x0000, 0x0000, 0x0000, 0x0000, 0x0000, 0x0000, 0x0000, 0x0000, 0x0000,
    0x0000, 0x0000, 0x0000, 0x0000, 0x0000, 0x0000, 0x0000, 0x0000, 0x0000, 0x0000, 0x0000, 0x0000, 0x0000, 0x0000, 0x0000, 0x0000,
    0x0000, 0x0000, 0x0000, 0x0000, 0x0000, 0x0000, 0x0000, 0x0000, 0x0000, 0x0000, 0x0000, 0x0000, 0x0000, 0x0000, 0x0000, 0x0000,
    0x0000, 0x0000, 0x0000, 0x0000, 0x0000, 0x0000, 0x0000, 0x0000, 0x0000, 0x0000, 0x0000, 0x0000, 0x0000, 0x0000, 0x0000, 0x0000,
    0x0000, 0x0000, 0x0000, 0x0000, 0x0000, 0x0000, 0x0000, 0x0000, 0x0000, 0x0000, 0x0000, 0x0000, 0x0000, 0x0000, 0x0000, 0x0000,
    0x0000, 0x0000, 0x0000, 0x0000, 0x0000, 0x0000, 0x0000, 0x0000, 0x0000, 0x0000, 0x0000, 0x0000, 0x0000, 0x0000, 0x0000, 0x0000,
    0x0000, 0x0000, 0x0000, 0x0000, 0x0000, 0x0000, 0x0000, 0x0000, 0x0000, 0x0000, 0x0000, 0x0000, 0x0000, 0x0000, 0x0000, 0x0000,
    0x0000, 0x0000, 0x0000, 0x0000, 0x0000, 0x0000, 0x0000, 0x0000, 0x0000, 0x0000, 0x0000, 0x0000, 0x0000, 0x0000, 0x0000, 0x0000,
    0x0000, 0x0000, 0x0000, 0x0000, 0x0000, 0x0000, 0x0000, 0x0000, 0x0000, 0x0000, 0x0000, 0x0000, 0x0000, 0x0000, 0x0000, 0x0000,
    0x0000, 0x0000, 0x0000, 0x0000, 0x0000, 0x0000, 0x0000, 0x0000, 0x0000, 0x0000, 0x0000, 0x0000, 0x0000, 0x0000, 0x0000, 0x0000,
    0x0000, 0x0000, 0x0000, 0x0000, 0x0000, 0x0000, 0x0000, 0x0000, 0x0000, 0x0000, 0x0000, 0x0000, 0x0000, 0x0000, 0x0000, 0x0000,
    0x0000, 0x0000, 0x0000, 0x0000, 0x0000, 0x0000, 0x0000, 0x0000, 0x0000, 0x0000, 0x0000, 0x0000, 0x0000, 0x0000, 0x0000, 0x0000,
    0x0000, 0x0000, 0x0000, 0x0000, 0x0000, 0x0000, 0x0000, 0x0000, 0x0000, 0x0000, 0x0000, 0x0000, 0x0000, 0x0000, 0x0000, 0x0000,
    0x0000, 0x0000, 0x0000, 0x0000, 0x0000, 0x0000, 0x0000, 0x0000, 0x0000, 0x0000, 0x0000, 0x0000, 0x0000, 0x0000, 0x0000, 0x0000,
    0x0000, 0x0000, 0x0000, 0x0000, 0x0000, 0x0000, 0x0000, 0x0000, 0x0000, 0x0000, 0x0000, 0x0000, 0x0000, 0x0000, 0x0000, 0x0000,
    0x0000, 0x0000, 0x0000, 0x0000, 0x0000, 0x0000, 0x0000, 0x0000, 0x0000, 0x0000, 0x0000, 0x0000, 0x0000, 0x0000, 0x0000, 0x0000,
    0x0000, 0x0000, 0x0000, 0x0000, 0x0000, 0x0000, 0x0000, 0x0000, 0x0000, 0x0000, 0x0000, 0x0000, 0x0000, 0x0000, 0x0000, 0x0000,
    0x0000, 0x0000, 0x0000, 0x0000, 0x0000, 0x0000, 0x0000, 0x0000, 0x0000, 0x0000, 0x0000, 0x0000, 0x0000, 0x0000, 0x0000, 0x0000,
    0x0000, 0x0000, 0x0000, 0x0000, 0x0000, 0x0000, 0x0000, 0x0000, 0x0000, 0x0000, 0x0000, 0x0000, 0x0000, 0x0000, 0x0000, 0x0000,
    0x0000, 0x0000, 0x0000, 0x0000, 0x0000, 0x0000, 0x0000, 0x0000, 0x0000, 0x0000, 0x0000, 0x0000, 0x0000, 0x0000, 0x0000, 0x0000,
    0x0000, 0x0000, 0x0000, 0x0000, 0x0000, 0x0000, 0x0000, 0x0000, 0x0000, 0x0000, 0x0000, 0x0000, 0x0000, 0x0000, 0x0000, 0x0000,
    0x0000, 0x0000, 0x0000, 0x0000, 0x0000, 0x0000, 0x0000, 0x0000, 0x0000, 0x0000, 0x0000, 0x0000, 0x0000, 0x0000, 0x0000, 0x0000,
    0x0000, 0x0000, 0x0000, 0x0000, 0x0000, 0x0000, 0x0000, 0x0000, 0x0000, 0x0000, 0x0000, 0x0000, 0x0000, 0x0000, 0x0000, 0x0000,
    0x0000, 0x0000, 0x0000, 0x0000, 0x0000, 0x0000, 0x0000, 0x0000, 0x0000, 0x0000, 0x0000, 0x0000, 0x0000, 0x0000, 0x0000, 0x0000,
    0x0000, 0x0000, 0x0000, 0x0000, 0x0000, 0x0000, 0x0000, 0x0000, 0x0000, 0x0000, 0x0000, 0x0000, 0x0000, 0x0000, 0x0000, 0x0000,
    0x0000, 0x0000, 0x0000, 0x0000, 0x0000, 0x0000, 0x0000, 0x0000, 0x0000, 0x0000, 0x0000, 0x0000, 0x0000, 0x0000, 0x0000, 0x0000,
    0x0000, 0x0000, 0x0000, 0x0000, 0x0000, 0x0000, 0x0000, 0x0000, 0x0000, 0x0000, 0x0000, 0x0000, 0x0000, 0x0000, 0x0000, 0x0000,
    0x0000, 0x0000, 0x0000, 0x0000, 0x0000, 0x0000, 0x0000, 0x0000, 0x0000, 0x0000, 0x0000, 0x0000, 0x0000, 0x0000, 0x0000, 0x0000,
    0x0000, 0x0000, 0x0000, 0x0000, 0x0000, 0x0000, 0x0000, 0x0000, 0x0000, 0x0000, 0x0000, 0x0000, 0x0000, 0x0000, 0x0000, 0x0000,
    0x0000, 0x0000, 0x0000, 0x0000, 0x0000, 0x0000, 0x0000, 0x0000, 0x0000, 0x0000, 0x0000, 0x0000, 0x0000, 0x0000, 0x0000, 0x0000,
    0x0000, 0x0000, 0x0000, 0x0000, 0x0000, 0x0000, 0x0000, 0x0000, 0x0000, 0x0000, 0x0000, 0x0000, 0x0000, 0x0000, 0x0000, 0x0000,
    0x0000, 0x0000, 0x0000, 0x0000, 0x0000, 0x0000, 0x0000, 0x0000, 0x0000, 0x0000, 0x0000, 0x0000, 0x0000, 0x0000, 0x0000, 0x0000,
    0x0000, 0x0000, 0x0000, 0x0000, 0x0000, 0x0000, 0x0000, 0x0000, 0x0000, 0x0000, 0x0000, 0x0000, 0x0000, 0x0000, 0x0000, 0x0000,
    0x0000, 0x0000, 0x0000, 0x0000, 0x0000, 0x0000, 0x0000, 0x0000, 0x0000, 0x0000, 0x0000, 0x0000, 0x0000, 0x0000, 0x0000, 0x0000,
    0x0000, 0x0000, 0x0000, 0x0000, 0x0000, 0x0000, 0x0000, 0x0000, 0x0000, 0x0000, 0x0000, 0x0000, 0x0000, 0x0000, 0x0000, 0x0000,
    0x0000, 0x0000, 0x0000, 0x0000, 0x0000, 0x0000, 0x0000, 0x0000, 0x0000, 0x0000, 0x0000, 0x0000, 0x0000, 0x0000, 0x0000, 0x0000,
    0x0000, 0x0000, 0x0000, 0x0000, 0x0000, 0x0000, 0x0000, 0x0000, 0x0000, 0x0000, 0x0000, 0x0000, 0x0000, 0x0000, 0x0000, 0x0000,
    0x0000, 0x0000, 0x0000, 0x0000, 0x0000, 0x0000, 0x0000, 0x0000, 0x0000, 0x0000, 0x0000, 0x0000, 0x0000, 0x0000, 0x0000, 0x0000,
    0x0000, 0x0000, 0x0000, 0x0000, 0x0000, 0x0000, 0x0000, 0x0000, 0x0000, 0x0000, 0x0000, 0x0000, 0x0000, 0x0000, 0x0000, 0x0000,
    0x0000, 0x0000, 0x0000, 0x0000, 0x0000, 0x0000, 0x0000, 0x0000, 0x0000, 0x0000, 0x0000, 0x0000, 0x0000, 0x0000, 0x0000, 0x0000,
    0x0000, 0x0000, 0x0000, 0x0000, 0x0000, 0x0000, 0x0000, 0x0000, 0x0000, 0x0000, 0x0000, 0x0000, 0x0000, 0x0000, 0x0000, 0x0000,
    0x0000, 0x0000, 0x0000, 0x0000, 0x0000, 0x0000, 0x0000, 0x0000, 0x0000, 0x0000, 0x0000, 0x0000, 0x0000, 0x0000, 0x0000, 0x0000,
    0x0000, 0x0000, 0x0000, 0x0000, 0x0000, 0x0000, 0x0000, 0x0000, 0x0000, 0x0000, 0x0000, 0x0000, 0x0000, 0x0000, 0x0000, 0x0000,
    0x0000, 0x0000, 0x0000, 0x0000, 0x0000, 0x0000, 0x0000, 0x0000, 0x0000, 0x0000, 0x0000, 0x0000, 0x0000, 0x0000, 0x0000, 0x0000,
    0x0000, 0x0000, 0x0000, 0x0000, 0x0000, 0x0000, 0x0000, 0x0000, 0x0000, 0x0000, 0x0000, 0x0000, 0x0000, 0x0000, 0x0000, 0x0000,
    0x0000, 0x0000, 0x0000, 0x0000, 0x0000, 0x0000, 0x0000, 0x0000, 0x0000, 0x0000, 0x0000, 0x0000, 0x0000, 0x0000, 0x0000, 0x0000,
    0x0000, 0x0000, 0x0000, 0x0000, 0x0000, 0x0000, 0x0000, 0x0000, 0x0000, 0x0000, 0x0000, 0x0000, 0x0000, 0x0000, 0x0000, 0x0000,
    0x0000, 0x0000, 0x0000, 0x0000, 0x0000, 0x0000, 0x0000, 0x0000, 0x0000, 0x0000, 0x0000, 0x0000, 0x0000, 0x0000, 0x0000, 0x0000,
    0x0000, 0x0000, 0x0000, 0x0000, 0x0000, 0x0000, 0x0000, 0x0000, 0x0000, 0x0000, 0x0000, 0x0000, 0x0000, 0x0000, 0x0000, 0x0000,
    0x0000, 0x0000, 0x0000, 0x0000, 0x0000, 0x0000, 0x0000, 0x0000, 0x0000, 0x0000, 0x0000, 0x0000, 0x0000, 0x0000, 0x0000, 0x0000,
    0x0000, 0x0000, 0x0000, 0x0000, 0x0000, 0x0000, 0x0000, 0x0000, 0x0000, 0x0000, 0x0000, 0x0000, 0x0000, 0x0000, 0x0000, 0x0000,
    0x0000, 0x0000, 0x0000, 0x0000, 0x0000, 0x0000, 0x0000, 0x0000, 0x0000, 0x0000, 0x0000, 0x0000, 0x0000, 0x0000, 0x0000, 0x0000,
    0x0000, 0x0000, 0x0000, 0x0000, 0x0000, 0x0000, 0x0000, 0x0000, 0x0000, 0x0000, 0x0000, 0x0000, 0x0000, 0x0000, 0x0000, 0x0000,
    0x0000, 0x0000, 0x0000, 0x0000, 0x0000, 0x0000, 0x0000, 0x0000, 0x0000, 0x0000, 0x0000, 0x0000, 0x0000, 0x0000, 0x0000, 0x0000,
    0x0000, 0x0000, 0x0000, 0x0000, 0x0000, 0x0000, 0x0000, 0x0000, 0x0000, 0x0000, 0x0000, 0x0000, 0x0000, 0x0000, 0x0000, 0x0000,
    0x0000, 0x0000, 0x0000, 0x0000, 0x0000, 0x0000, 0x0000, 0x0000, 0x0000, 0x0000, 0x0000, 0x0000, 0x0000, 0x0000, 0x0000, 0x0000,
    0x0000, 0x0000, 0x0000, 0x0000, 0x0000, 0x0000, 0x0000, 0x0000, 0x0000, 0x0000, 0x0000, 0x0000, 0x0000, 0x0000, 0x0000, 0x0000,
    0x0000, 0x0000, 0x0000, 0x0000, 0x0000, 0x0000, 0x0000, 0x0000, 0x0000, 0x0000, 0x0000, 0x0000, 0x0000, 0x0000, 0x0000, 0x0000,
    0x0000, 0x0000, 0x0000, 0x0000, 0x0000, 0x0000, 0x0000, 0x0000, 0x0000, 0x0000, 0x0000, 0x0000, 0x0000, 0x0000, 0x0000, 0x0000,
    0x0000, 0x0000, 0x0000, 0x0000, 0x0000, 0x0000, 0x0000, 0x0000, 0x0000, 0x0000, 0x0000, 0x0000, 0x0000, 0x0000, 0x0000, 0x0000,
    0x0000, 0x0000, 0x0000, 0x0000, 0x0000, 0x0000, 0x0000, 0x0000, 0x0000, 0x0000, 0x0000, 0x0000, 0x0000, 0x0000, 0x0000, 0x0000,
    0x0000, 0x0000, 0x0000, 0x0000, 0x0000, 0x0000, 0x0000, 0x0000, 0x0000, 0x0000, 0x0000, 0x0000, 0x0000, 0x0000, 0x0000, 0x0000,
    0x0000, 0x0000, 0x0000, 0x0000, 0x0000, 0x0000, 0x0000, 0x0000, 0x0000, 0x0000, 0x0000, 0x0000, 0x0000, 0x0000, 0x0000, 0x0000,
    0x0000, 0x0000, 0x0000, 0x0000, 0x0000, 0x0000, 0x0000, 0x0000, 0x0000, 0x0000, 0x0000, 0x0000, 0x0000, 0x0000, 0x0000, 0x0000,
    0x0000, 0x0000, 0x0000, 0x0000, 0x0000, 0x0000, 0x0000, 0x0000, 0x0000, 0x0000, 0x0000, 0x0000, 0x0000, 0x0000, 0x0000, 0x0000,
    0x0000, 0x0000, 0x0000, 0x0000, 0x0000, 0x0000, 0x0000, 0x0000, 0x0000, 0x0000, 0x0000, 0x0000, 0x0000, 0x0000, 0x0000, 0x0000,
    0x0000, 0x0000, 0x0000, 0x0000, 0x0000, 0x0000, 0x0000, 0x0000, 0x0000, 0x0000, 0x0000, 0x0000, 0x0000, 0x0000, 0x0000, 0x0000,
    0x0000, 0x0000, 0x0000, 0x0000, 0x0000, 0x0000, 0x0000, 0x0000, 0x0000, 0x0000, 0x0000, 0x0000, 0x0000, 0x0000, 0x0000, 0x0000,
    0x0000, 0x0000, 0x0000, 0x0000, 0x0000, 0x0000, 0x0000, 0x0000, 0x0000, 0x0000, 0x0000, 0x0000, 0x0000, 0x0000, 0x0000, 0x0000,
    0x0000, 0x0000, 0x0000, 0x0000, 0x0000, 0x0000, 0x0000, 0x0000, 0x0000, 0x0000, 0x0000, 0x0000, 0x0000, 0x0000, 0x0000, 0x0000,
    0x0000, 0x0000, 0x0000, 0x0000, 0x0000, 0x0000, 0x0000, 0x0000, 0x0000, 0x0000, 0x0000, 0x0000, 0x0000, 0x0000, 0x0000, 0x0000,
    0x0000, 0x0000, 0x0000, 0x0000, 0x0000, 0x0000, 0x0000, 0x0000, 0x0000, 0x0000, 0x0000, 0x0000, 0x0000, 0x0000, 0x0000, 0x0000,
    0x0000, 0x0000, 0x0000, 0x0000, 0x0000, 0x0000, 0x0000, 0x0000, 0x0000, 0x0000, 0x0000, 0x0000, 0x0000, 0x0000, 0x0000, 0x0000,
    0x0000, 0x0000, 0x0000, 0x0000, 0x0000, 0x0000, 0x0000, 0x0000, 0x0000, 0x0000, 0x0000, 0x0000, 0x0000, 0x0000, 0x0000, 0x0000,
    0x0000, 0x0000, 0x0000, 0x0000, 0x0000, 0x0000, 0x0000, 0x0000, 0x0000, 0x0000, 0x0000, 0x0000, 0x0000, 0x0000, 0x0000, 0x0000,
    0x0000, 0x0000, 0x0000, 0x0000, 0x0000, 0x0000, 0x0000, 0x0000, 0x0000, 0x0000, 0x0000, 0x0000, 0x0000, 0x0000, 0x0000, 0x0000,
    0x0000, 0x0000, 0x0000, 0x0000, 0x0000, 0x0000, 0x0000, 0x0000, 0x0000, 0x0000, 0x0000, 0x0000, 0x0000, 0x0000, 0x0000, 0x0000,
    0x0000, 0x0000, 0x0000, 0x0000, 0x0000, 0x0000, 0x0000, 0x0000, 0x0000, 0x0000, 0x0000, 0x0000, 0x0000, 0x0000, 0x0000, 0x0000,
    0x0000, 0x0000, 0x0000, 0x0000, 0x0000, 0x0000, 0x0000, 0x0000, 0x0000, 0x0000, 0x0000, 0x0000, 0x0000, 0x0000, 0x0000, 0x0000,
    0x0000, 0x0000, 0x0000, 0x0000, 0x0000, 0x0000, 0x0000, 0x0000, 0x0000, 0x0000, 0x0000, 0x0000, 0x0000, 0x0000, 0x0000, 0x0000,
    0x0000, 0x0000, 0x0000, 0x0000, 0x0000, 0x0000, 0x0000, 0x0000, 0x0000, 0x0000, 0x0000, 0x0000, 0x0000, 0x0000, 0x0000, 0x0000,
    0x0000, 0x0000, 0x0000, 0x0000, 0x0000, 0x0000, 0x0000, 0x0000, 0x0000, 0x0000, 0x0000, 0x0000, 0x0000, 0x0000, 0x0000, 0x0000,
    0x0000, 0x0000, 0x0000, 0x0000, 0x0000, 0x0000, 0x0000, 0x0000, 0x0000, 0x0000, 0x0000, 0x0000, 0x0000, 0x0000, 0x0000, 0x0000,
    0x0000, 0x0000, 0x0000, 0x0000, 0x0000, 0x0000, 0x0000, 0x0000, 0x0000, 0x0000, 0x0000, 0x0000, 0x0000, 0x0000, 0x0000, 0x0000,
    0x0000, 0x0000, 0x0000, 0x0000, 0x0000, 0x0000, 0x0000, 0x0000, 0x0000, 0x0000, 0x0000, 0x0000, 0x0000, 0x0000, 0x0000, 0x0000,
    0x0000, 0x0000, 0x0000, 0x0000, 0x0000, 0x0000, 0x0000, 0x0000, 0x0000, 0x0000, 0x0000, 0x0000, 0x0000, 0x0000, 0x0000, 0x0000,
    0x0000, 0x0000, 0x0000, 0x0000, 0x0000, 0x0000, 0x0000, 0x0000, 0x0000, 0x0000, 0x0000, 0x0000, 0x0000, 0x0000, 0x0000, 0x0000,
    0x0000, 0x0000, 0x0000, 0x0000, 0x0000, 0x0000, 0x0000, 0x0000, 0x0000, 0x0000, 0x0000, 0x0000, 0x0000, 0x0000, 0x0000, 0x0000,
    0x0000, 0x0000, 0x0000, 0x0000, 0x0000, 0x0000, 0x0000, 0x0000, 0x0000, 0x0000, 0x0000, 0x0000, 0x0000, 0x0000, 0x0000, 0x0000,
    0x0000, 0x0000, 0x0000, 0x0000, 0x0000, 0x0000, 0x0000, 0x0000, 0x0000, 0x0000, 0x0000, 0x0000, 0x0000, 0x0000, 0x0000, 0x0000,
    0x0000, 0x0000, 0x0000, 0x0000, 0x0000, 0x0000, 0x0000, 0x0000, 0x0000, 0x0000, 0x0000, 0x0000, 0x0000, 0x0000, 0x0000, 0x0000,
    0x0000, 0x0000, 0x0000, 0x0000, 0x0000, 0x0000, 0x0000, 0x0000, 0x0000, 0x0000, 0x0000, 0x0000, 0x0000, 0x0000, 0x0000, 0x0000,
    0x0000, 0x0000, 0x0000, 0x0000, 0x0000, 0x0000, 0x0000, 0x0000, 0x0000, 0x0000, 0x0000, 0x0000, 0x0000, 0x0000, 0x0000, 0x0000,
    0x0000, 0x0000, 0x0000, 0x0000, 0x0000, 0x0000, 0x0000, 0x0000, 0x0000, 0x0000, 0x0000, 0x0000, 0x0000, 0x0000, 0x0000, 0x0000,
    0x0000, 0x0000, 0x0000, 0x0000, 0x0000, 0x0000, 0x0000, 0x0000, 0x0000, 0x0000, 0x0000, 0x0000, 0x0000, 0x0000, 0x0000, 0x0000,
    0x0000, 0x0000, 0x0000, 0x0000, 0x0000, 0x0000, 0x0000, 0x0000, 0x0000, 0x0000, 0x0000, 0x0000, 0x0000, 0x0000, 0x0000, 0x0000,
    0x0000, 0x0000, 0x0000, 0x0000, 0x0000, 0x0000, 0x0000, 0x0000, 0x0000, 0x0000, 0x0000, 0x0000, 0x0000, 0x0000, 0x0000, 0x0000,
    0x0000, 0x0000, 0x0000, 0x0000, 0x0000, 0x0000, 0x0000, 0x0000, 0x0000, 0x0000, 0x0000, 0x0000, 0x0000, 0x0000, 0x0000, 0x0000,
    0x0000, 0x0000, 0x0000, 0x0000, 0x0000, 0x0000, 0x0000, 0x0000, 0x0000, 0x0000, 0x0000, 0x0000, 0x0000, 0x0000, 0x0000, 0x0000,
    0x0000, 0x0000, 0x0000, 0x0000, 0x0000, 0x0000, 0x0000, 0x0000, 0x0000, 0x0000, 0x0000, 0x0000, 0x0000, 0x0000, 0x0000, 0x0000,
    0x0000, 0x0000, 0x0000, 0x0000, 0x0000, 0x0000, 0x0000, 0x0000, 0x0000, 0x0000, 0x0000, 0x0000, 0x0000, 0x0000, 0x0000, 0x0000,
    0x0000, 0x0000, 0x0000, 0x0000, 0x0000, 0x0000, 0x0000, 0x0000, 0x0000, 0x0000, 0x0000, 0x0000, 0x0000, 0x0000, 0x0000, 0x0000,
    0x0000, 0x0000, 0x0000, 0x0000, 0x0000, 0x0000, 0x0000, 0x0000, 0x0000, 0x0000, 0x0000, 0x0000, 0x0000, 0x0000, 0x0000, 0x0000,
    0x0000, 0x0000, 0x0000, 0x0000, 0x0000, 0x0000, 0x0000, 0x0000, 0x0000, 0x0000, 0x0000, 0x0000, 0x0000, 0x0000, 0x0000, 0x0000,
    0x0000, 0x0000, 0x0000, 0x0000, 0x0000, 0x0000, 0x0000, 0x0000, 0x0000, 0x0000, 0x0000, 0x0000, 0x0000, 0x0000, 0x0000, 0x0000,
    0x0000, 0x0000, 0x0000, 0x0000, 0x0000, 0x0000, 0x0000, 0x0000, 0x0000, 0x0000, 0x0000, 0x0000, 0x0000, 0x0000, 0x0000, 0x0000,
    0x0000, 0x0000, 0x0000, 0x0000, 0x0000, 0x0000, 0x0000, 0x0000, 0x0000, 0x0000, 0x0000, 0x0000, 0x0000, 0x0000, 0x0000, 0x0000,
    0x0000, 0x0000, 0x0000, 0x0000, 0x0000, 0x0000, 0x0000, 0x0000, 0x0000, 0x0000, 0x0000, 0x0000, 0x0000, 0x0000, 0x0000, 0x0000,
    0x0000, 0x0000, 0x0000, 0x0000, 0x0000, 0x0000, 0x0000, 0x0000, 0x0000, 0x0000, 0x0000, 0x0000, 0x0000, 0x0000, 0x0000, 0x0000,
    0x0000, 0x0000, 0x0000, 0x0000, 0x0000, 0x0000, 0x0000, 0x0000, 0x0000, 0x0000, 0x0000, 0x0000, 0x0000, 0x0000, 0x0000, 0x0000,
    0x0000, 0x0000, 0x0000, 0x0000, 0x0000, 0x0000, 0x0000, 0x0000, 0x0000, 0x0000, 0x0000, 0x0000, 0x0000, 0x0000, 0x0000, 0x0000,
    0x0000, 0x0000, 0x0000, 0x0000, 0x0000, 0x0000, 0x0000, 0x0000, 0x0000, 0x0000, 0x0000, 0x0000, 0x0000, 0x0000, 0x0000, 0x0000,
    0x0000, 0x0000, 0x0000, 0x0000, 0x0000, 0x0000, 0x0000, 0x0000, 0x0000, 0x0000, 0x0000, 0x0000, 0x0000, 0x0000, 0x0000, 0x0000,
    0x0000, 0x0000, 0x0000, 0x0000, 0x0000, 0x0000, 0x0000, 0x0000, 0x0000, 0x0000, 0x0000, 0x0000, 0x0000, 0x0000, 0x0000, 0x0000,
    0x0000, 0x0000, 0x0000, 0x0000, 0x0000, 0x0000, 0x0000, 0x0000, 0x0000, 0x0000, 0x0000, 0x0000, 0x0000, 0x0000, 0x0000, 0x0000,
    0x0000, 0x0000, 0x0000, 0x0000, 0x0000, 0x0000, 0x0000, 0x0000, 0x0000, 0x0000, 0x0000, 0x0000, 0x0000, 0x0000, 0x0000, 0x0000,
    0x0000, 0x0000, 0x0000, 0x0000, 0x0000, 0x0000, 0x0000, 0x0000, 0x0000, 0x0000, 0x0000, 0x0000, 0x0000, 0x0000, 0x0000, 0x0000,
    0x0000, 0x0000, 0x0000, 0x0000, 0x0000, 0x0000, 0x0000, 0x0000, 0x0000, 0x0000, 0x0000, 0x0000, 0x0000, 0x0000, 0x0000, 0x0000,
    0x0000, 0x0000, 0x0000, 0x0000, 0x0000, 0x0000, 0x0000, 0x0000, 0x0000, 0x0000, 0x0000, 0x0000, 0x0000, 0x0000, 0x0000, 0x0000,
    0x0000, 0x0000, 0x0000, 0x0000, 0x0000, 0x0000, 0x0000, 0x0000, 0x0000, 0x0000, 0x0000, 0x0000, 0x0000, 0x0000, 0x0000, 0x0000,
    0x0000, 0x0000, 0x0000, 0x0000, 0x0000, 0x0000, 0x0000, 0x0000, 0x0000, 0x0000, 0x0000, 0x0000, 0x0000, 0x0000, 0x0000, 0x0000,
    0x0000, 0x0000, 0x0000, 0x0000, 0x0000, 0x0000, 0x0000, 0x0000, 0x0000, 0x0000, 0x0000, 0x0000, 0x0000, 0x0000, 0x0000, 0x0000,
    0x0000, 0x0000, 0x0000, 0x0000, 0x0000, 0x0000, 0x0000, 0x0000, 0x0000, 0x0000, 0x0000, 0x0000, 0x0000, 0x0000, 0x0000, 0x0000,
    0x0000, 0x0000, 0x0000, 0x0000, 0x0000, 0x0000, 0x0000, 0x0000, 0x0000, 0x0000, 0x0000, 0x0000, 0x0000, 0x0000, 0x0000, 0x0000,
    0x0000, 0x0000, 0x0000, 0x0000, 0x0000, 0x0000, 0x0000, 0x0000, 0x0000, 0x0000, 0x0000, 0x0000, 0x0000, 0x0000, 0x0000, 0x0000,
    0x0000, 0x0000, 0x0000, 0x0000, 0x0000, 0x0000, 0x0000, 0x0000, 0x0000, 0x0000, 0x0000, 0x0000, 0x0000, 0x0000, 0x0000, 0x0000,
    0x0000, 0x0000, 0x0000, 0x0000, 0x0000, 0x0000, 0x0000, 0x0000, 0x0000, 0x0000, 0x0000, 0x0000, 0x0000, 0x0000, 0x0000, 0x0000,
    0x0000, 0x0000, 0x0000, 0x0000, 0x0000, 0x0000, 0x0000, 0x0000, 0x0000, 0x0000, 0x0000, 0x0000, 0x0000, 0x0000, 0x0000, 0x0000,
    0x0000, 0x0000, 0x0000, 0x0000, 0x0000, 0x0000, 0x0000, 0x0000, 0x0000, 0x0000, 0x0000, 0x0000, 0x0000, 0x0000, 0x0000, 0x0000,
    0x0000, 0x0000, 0x0000, 0x0000, 0x0000, 0x0000, 0x0000, 0x0000, 0x0000, 0x0000, 0x0000, 0x0000, 0x0000, 0x0000, 0x0000, 0x0000,
    0x0000, 0x0000, 0x0000, 0x0000, 0x0000, 0x0000, 0x0000, 0x0000, 0x0000, 0x0000, 0x0000, 0x0000, 0x0000, 0x0000, 0x0000, 0x0000,
    0x0000, 0x0000, 0x0000, 0x0000, 0x0000, 0x0000, 0x0000, 0x0000, 0x0000, 0x0000, 0x0000, 0x0000, 0x0000, 0x0000, 0x0000, 0x0000,
    0x0000, 0x0000, 0x0000, 0x0000, 0x0000, 0x0000, 0x0000, 0x0000, 0x0000, 0x0000, 0x0000, 0x0000, 0x0000, 0x0000, 0x0000, 0x0000,
    0x0000, 0x0000, 0x0000, 0x0000, 0x0000, 0x0000, 0x0000, 0x0000, 0x0000, 0x0000, 0x0000, 0x0000, 0x0000, 0x0000, 0x0000, 0x0000,
    0x0000, 0x0000, 0x0000, 0x0000, 0x0000, 0x0000, 0x0000, 0x0000, 0x0000, 0x0000, 0x0000, 0x0000, 0x0000, 0x0000, 0x0000, 0x0000,
    0x0000, 0x0000, 0x0000, 0x0000, 0x0000, 0x0000, 0x0000, 0x0000, 0x0000, 0x0000, 0x0000, 0x0000, 0x0000, 0x0000, 0x0000, 0x0000,
    0x0000, 0x0000, 0x0000, 0x0000, 0x0000, 0x0000, 0x0000, 0x0000, 0x0000, 0x0000, 0x0000, 0x0000, 0x0000, 0x0000, 0x0000, 0x0000,
    0x0000, 0x0000, 0x0000, 0x0000, 0x0000, 0x0000, 0x0000, 0x0000, 0x0000, 0x0000, 0x0000, 0x0000, 0x0000, 0x0000, 0x0000, 0x0000,
    0x0000, 0x0000, 0x0000, 0x0000, 0x0000, 0x0000, 0x0000, 0x0000, 0x0000, 0x0000, 0x0000, 0x0000, 0x0000, 0x0000, 0x0000, 0x0000,
    0x0000, 0x0000, 0x0000, 0x0000, 0x0000, 0x0000, 0x0000, 0x0000, 0x0000, 0x0000, 0x0000, 0x0000, 0x0000, 0x0000, 0x0000, 0x0000,
    0x0000, 0x0000, 0x0000, 0x0000, 0x0000, 0x0000, 0x0000, 0x0000, 0x0000, 0x0000, 0x0000, 0x0000, 0x0000, 0x0000, 0x0000, 0x0000,
    0x0000, 0x0000, 0x0000, 0x0000, 0x0000, 0x0000, 0x0000, 0x0000, 0x0000, 0x0000, 0x0000, 0x0000, 0x0000, 0x0000, 0x0000, 0x0000,
    0x0000, 0x0000, 0x0000, 0x0000, 0x0000, 0x0000, 0x0000, 0x0000, 0x0000, 0x0000, 0x0000, 0x0000, 0x0000, 0x0000, 0x0000, 0x0000,
    0x0000, 0x0000, 0x0000, 0x0000, 0x0000, 0x0000, 0x0000, 0x0000, 0x0000, 0x0000, 0x0000, 0x0000, 0x0000, 0x0000, 0x0000, 0x0000,
    0x0000, 0x0000, 0x0000, 0x0000, 0x0000, 0x0000, 0x0000, 0x0000, 0x0000, 0x0000, 0x0000, 0x0000, 0x0000, 0x0000, 0x0000, 0x0000,
    0x0000, 0x0000, 0x0000, 0x0000, 0x0000, 0x0000, 0x0000, 0x0000, 0x0000, 0x0000, 0x0000, 0x0000, 0x0000, 0x0000, 0x0000, 0x0000,
    0x0000, 0x0000, 0x0000, 0x0000, 0x0000, 0x0000, 0x0000, 0x0000, 0x0000, 0x0000, 0x0000, 0x0000, 0x0000, 0x0000, 0x0000, 0x0000,
    0x0000, 0x0000, 0x0000, 0x0000, 0x0000, 0x0000, 0x0000, 0x0000, 0x0000, 0x0000, 0x0000, 0x0000, 0x0000, 0x0000, 0x0000, 0x0000,
    0x0000, 0x0000, 0x0000, 0x0000, 0x0000, 0x0000, 0x0000, 0x0000, 0x0000, 0x0000, 0x0000, 0x0000, 0x0000, 0x0000, 0x0000, 0x0000,
    0x0000, 0x0000, 0x0000, 0x0000, 0x0000, 0x0000, 0x0000, 0x0000, 0x0000, 0x0000, 0x0000, 0x0000, 0x0000, 0x0000, 0x0000, 0x0000,
    0x0000, 0x0000, 0x0000, 0x0000, 0x0000, 0x0000, 0x0000, 0x0000, 0x0000, 0x0000, 0x0000, 0x0000, 0x0000, 0x0000, 0x0000, 0x0000,
    0x0000, 0x0000, 0x0000, 0x0000, 0x0000, 0x0000, 0x0000, 0x0000, 0x0000, 0x0000, 0x0000, 0x0000, 0x0000, 0x0000, 0x0000, 0x0000,
    0x0000, 0x0000, 0x0000, 0x0000, 0x0000, 0x0000, 0x0000, 0x0000, 0x0000, 0x0000, 0x0000, 0x0000, 0x0000, 0x0000, 0x0000, 0x0000,
    0x0000, 0x0000, 0x0000, 0x0000, 0x0000, 0x0000, 0x0000, 0x0000, 0x0000, 0x0000, 0x0000, 0x0000, 0x0000, 0x0000, 0x0000, 0x0000,
    0x0000, 0x0000, 0x0000, 0x0000, 0x0000, 0x0000, 0x0000, 0x0000, 0x0000, 0x0000, 0x0000, 0x0000, 0x0000, 0x0000, 0x0000, 0x0000,
    0x0000, 0x0000, 0x0000, 0x0000, 0x0000, 0x0000, 0x0000, 0x0000, 0x0000, 0x0000, 0x0000, 0x0000, 0x0000, 0x0000, 0x0000, 0x0000,
    0x0000, 0x0000, 0x0000, 0x0000, 0x0000, 0x0000, 0x0000, 0x0000, 0x0000, 0x0000, 0x0000, 0x0000, 0x0000, 0x0000, 0x0000, 0x0000,
    0x0000, 0x0000, 0x0000, 0x0000, 0x0000, 0x0000, 0x0000, 0x0000, 0x0000, 0x0000, 0x0000, 0x0000, 0x0000, 0x0000, 0x0000, 0x0000,
    0x0000, 0x0000, 0x0000, 0x0000, 0x0000, 0x0000, 0x0000, 0x0000, 0x0000, 0x0000, 0x0000, 0x0000, 0x0000, 0x0000, 0x0000, 0x0000,
    0x0000, 0x0000, 0x0000, 0x0000, 0x0000, 0x0000, 0x0000, 0x0000, 0x0000, 0x0000, 0x0000, 0x0000, 0x0000, 0x0000, 0x0000, 0x0000,
    0x0000, 0x0000, 0x0000, 0x0000, 0x0000, 0x0000, 0x0000, 0x0000, 0x0000, 0x0000, 0x0000, 0x0000, 0x0000, 0x0000, 0x0000, 0x0000,
    0x0000, 0x0000, 0x0000, 0x0000, 0x0000, 0x0000, 0x0000, 0x0000, 0x0000, 0x0000, 0x0000, 0x0000, 0x0000, 0x0000, 0x0000, 0x0000,
    0x0000, 0x0000, 0x0000, 0x0000, 0x0000, 0x0000, 0x0000, 0x0000, 0x0000, 0x0000, 0x0000, 0x0000, 0x0000, 0x0000, 0x0000, 0x0000,
    0x0000, 0x0000, 0x0000, 0x0000, 0x0000, 0x0000, 0x0000, 0x0000, 0x0000, 0x0000, 0x0000, 0x0000, 0x0000, 0x0000, 0x0000, 0x0000,
    0x0000, 0x0000, 0x0000, 0x0000, 0x0000, 0x0000, 0x0000, 0x0000, 0x0000, 0x0000, 0x0000, 0x0000, 0x0000, 0x0000, 0x0000, 0x0000,
    0x0000, 0x0000, 0x0000, 0x0000, 0x0000, 0x0000, 0x0000, 0x0000, 0x0000, 0x0000, 0x0000, 0x0000, 0x0000, 0x0000, 0x0000, 0x0000,
    0x0000, 0x0000, 0x0000, 0x0000, 0x0000, 0x0000, 0x0000, 0x0000, 0x0000, 0x0000, 0x0000, 0x0000, 0x0000, 0x0000, 0x0000, 0x0000,
    0x0000, 0x0000, 0x0000, 0x0000, 0x0000, 0x0000, 0x0000, 0x0000, 0x0000, 0x0000, 0x0000, 0x0000, 0x0000, 0x0000, 0x0000, 0x0000,
    0x0000, 0x0000, 0x0000, 0x0000, 0x0000, 0x0000, 0x0000, 0x0000, 0x0000, 0x0000, 0x0000, 0x0000, 0x0000, 0x0000, 0x0000, 0x0000,
    0x0000, 0x0000, 0x0000, 0x0000, 0x0000, 0x0000, 0x0000, 0x0000, 0x0000, 0x0000, 0x0000, 0x0000, 0x0000, 0x0000, 0x0000, 0x0000,
    0x0000, 0x0000, 0x0000, 0x0000, 0x0000, 0x0000, 0x0000, 0x0000, 0x0000, 0x0000, 0x0000, 0x0000, 0x0000, 0x0000, 0x0000, 0x0000,
    0x0000, 0x0000, 0x0000, 0x0000, 0x0000, 0x0000, 0x0000, 0x0000, 0x0000, 0x0000, 0x0000, 0x0000, 0x0000, 0x0000, 0x0000, 0x0000,
    0x0000, 0x0000, 0x0000, 0x0000, 0x0000, 0x0000, 0x0000, 0x0000, 0x0000, 0x0000, 0x0000, 0x0000, 0x0000, 0x0000, 0x0000, 0x0000,
    0x0000, 0x0000, 0x0000, 0x0000, 0x0000, 0x0000, 0x0000, 0x0000, 0x0000, 0x0000, 0x0000, 0x0000, 0x0000, 0x0000, 0x0000, 0x0000,
    0x0000, 0x0000, 0x0000, 0x0000, 0x0000, 0x0000, 0x0000, 0x0000, 0x0000, 0x0000, 0x0000, 0x0000, 0x0000, 0x0000, 0x0000, 0x0000,
    0x0000, 0x0000, 0x0000, 0x0000, 0x0000, 0x0000, 0x0000, 0x0000, 0x0000, 0x0000, 0x0000, 0x0000, 0x0000, 0x0000, 0x0000, 0x0000,
    0x0000, 0x0000, 0x0000, 0x0000, 0x0000, 0x0000, 0x0000, 0x0000, 0x0000, 0x0000, 0x0000, 0x0000, 0x0000, 0x0000, 0x0000, 0x0000,
    0x0000, 0x0000, 0x0000, 0x0000, 0x0000, 0x0000, 0x0000, 0x0000, 0x0000, 0x0000, 0x0000, 0x0000, 0x0000, 0x0000, 0x0000, 0x0000,
    0x0000, 0x0000, 0x0000, 0x0000, 0x0000, 0x0000, 0x0000, 0x0000, 0x0000, 0x0000, 0x0000, 0x0000, 0x0000, 0x0000, 0x0000, 0x0000,
    0x0000, 0x0000, 0x0000, 0x0000, 0x0000, 0x0000, 0x0000, 0x0000, 0x0000, 0x0000, 0x0000, 0x0000, 0x0000, 0x0000, 0x0000, 0x0000,
    0x0000, 0x0000, 0x0000, 0x0000, 0x0000, 0x0000, 0x0000, 0x0000, 0x0000, 0x0000, 0x0000, 0x0000, 0x0000, 0x0000, 0x0000, 0x0000,
    0x0000, 0x0000, 0x0000, 0x0000, 0x0000, 0x0000, 0x0000, 0x0000, 0x0000, 0x0000, 0x0000, 0x0000, 0x0000, 0x0000, 0x0000, 0x0000,
    0x0000, 0x0000, 0x0000, 0x0000, 0x0000, 0x0000, 0x0000, 0x0000, 0x0000, 0x0000, 0x0000, 0x0000, 0x0000, 0x0000, 0x0000, 0x0000,
    0x0000, 0x0000, 0x0000, 0x0000, 0x0000, 0x0000, 0x0000, 0x0000, 0x0000, 0x0000, 0x0000, 0x0000, 0x0000, 0x0000, 0x0000, 0x0000,
    0x0000, 0x0000, 0x0000, 0x0000, 0x0000, 0x0000, 0x0000, 0x0000, 0x0000, 0x0000, 0x0000, 0x0000, 0x0000, 0x0000, 0x0000, 0x0000,
    0x0000, 0x0000, 0x0000, 0x0000, 0x0000, 0x0000, 0x0000, 0x0000, 0x0000, 0x0000, 0x0000, 0x0000, 0x0000, 0x0000, 0x0000, 0x0000,
    0x0000, 0x0000, 0x0000, 0x0000, 0x0000, 0x0000, 0x0000, 0x0000, 0x0000, 0x0000, 0x0000, 0x0000, 0x0000, 0x0000, 0x0000, 0x0000,
    0x0000, 0x0000, 0x0000, 0x0000, 0x0000, 0x0000, 0x0000, 0x0000, 0x0000, 0x0000, 0x0000, 0x0000, 0x0000, 0x0000, 0x0000, 0x0000,
    0x0000, 0x0000, 0x0000, 0x0000, 0x0000, 0x0000, 0x0000, 0x0000, 0x0000, 0x0000, 0x0000, 0x0000, 0x0000, 0x0000, 0x0000, 0x0000,
    0x0000, 0x0000, 0x0000, 0x0000, 0x0000, 0x0000, 0x0000, 0x0000, 0x0000, 0x0000, 0x0000, 0x0000, 0x0000, 0x0000, 0x0000, 0x0000,
    0x0000, 0x0000, 0x0000, 0x0000, 0x0000, 0x0000, 0x0000, 0x0000, 0x0000, 0x0000, 0x0000, 0x0000, 0x0000, 0x0000, 0x0000, 0x0000,
    0x0000, 0x0000, 0x0000, 0x0000, 0x0000, 0x0000, 0x0000, 0x0000, 0x0000, 0x0000, 0x0000, 0x0000, 0x0000, 0x0000, 0x0000, 0x0000,
    0x0000, 0x0000, 0x0000, 0x0000, 0x0000, 0x0000, 0x0000, 0x0000, 0x0000, 0x0000, 0x0000, 0x0000, 0x0000, 0x0000, 0x0000, 0x0000,
    0x0000, 0x0000, 0x0000, 0x0000, 0x0000, 0x0000, 0x0000, 0x0000, 0x0000, 0x0000, 0x0000, 0x0000, 0x0000, 0x0000, 0x0000, 0x0000,
    0x0000, 0x0000, 0x0000, 0x0000, 0x0000, 0x0000, 0x0000, 0x0000, 0x0000, 0x0000, 0x0000, 0x0000, 0x0000, 0x0000, 0x0000, 0x0000,
    0x0000, 0x0000, 0x0000, 0x0000, 0x0000, 0x0000, 0x0000, 0x0000, 0x0000, 0x0000, 0x0000, 0x0000, 0x0000, 0x0000, 0x0000, 0x0000,
    0x0000, 0x0000, 0x0000, 0x0000, 0x0000, 0x0000, 0x0000, 0x0000, 0x0000, 0x0000, 0x0000, 0x0000, 0x0000, 0x0000, 0x0000, 0x0000,
    0x0000, 0x0000, 0x0000, 0x0000, 0x0000, 0x0000, 0x0000, 0x0000, 0x0000, 0x0000, 0x0000, 0x0000, 0x0000, 0x0000, 0x0000, 0x0000,
    0x0000, 0x0000, 0x0000, 0x0000, 0x0000, 0x0000, 0x0000, 0x0000, 0x0000, 0x0000, 0x0000, 0x0000, 0x0000, 0x0000, 0x0000, 0x0000,
    0x0000, 0x0000, 0x0000, 0x0000, 0x0000, 0x0000, 0x0000, 0x0000, 0x0000, 0x0000, 0x0000, 0x0000, 0x0000, 0x0000, 0x0000, 0x0000,
    0x0000, 0x0000, 0x0000, 0x0000, 0x0000, 0x0000, 0x0000, 0x0000, 0x0000, 0x0000, 0x0000, 0x0000, 0x0000, 0x0000, 0x0000, 0x0000,
    0x0000, 0x0000, 0x0000, 0x0000, 0x0000, 0x0000, 0x0000, 0x0000, 0x0000, 0x0000, 0x0000, 0x0000, 0x0000, 0x0000, 0x0000, 0x0000,
    0x0000, 0x0000, 0x0000, 0x0000, 0x0000, 0x0000, 0x0000, 0x0000, 0x0000, 0x0000, 0x0000, 0x0000, 0x0000, 0x0000, 0x0000, 0x0000,
    0x0000, 0x0000, 0x0000, 0x0000, 0x0000, 0x0000, 0x0000, 0x0000, 0x0000, 0x0000, 0x0000, 0x0000, 0x0000, 0x0000, 0x0000, 0x0000,
    0x0000, 0x0000, 0x0000, 0x0000, 0x0000, 0x0000, 0x0000, 0x0000, 0x0000, 0x0000, 0x0000, 0x0000, 0x0000, 0x0000, 0x0000, 0x0000,
    0x0000, 0x0000, 0x0000, 0x0000, 0x0000, 0x0000, 0x0000, 0x0000, 0x0000, 0x0000, 0x0000, 0x0000, 0x0000, 0x0000, 0x0000, 0x0000,
    0x0000, 0x0000, 0x0000, 0x0000, 0x0000, 0x0000, 0x0000, 0x0000, 0x0000, 0x0000, 0x0000, 0x0000, 0x0000, 0x0000, 0x0000, 0x0000,
    0x0000, 0x0000, 0x0000, 0x0000, 0x0000, 0x0000, 0x0000, 0x0000, 0x0000, 0x0000, 0x0000, 0x0000, 0x0000, 0x0000, 0x0000, 0x0000,
    0x0000, 0x0000, 0x0000, 0x0000, 0x0000, 0x0000, 0x0000, 0x0000, 0x0000, 0x0000, 0x0000, 0x0000, 0x0000, 0x0000, 0x0000, 0x0000,
    0x0000, 0x0000, 0x0000, 0x0000, 0x0000, 0x0000, 0x0000, 0x0000, 0x0000, 0x0000, 0x0000, 0x0000, 0x0000, 0x0000, 0x0000, 0x0000,
    0x0000, 0x0000, 0x0000, 0x0000, 0x0000, 0x0000, 0x0000, 0x0000, 0x0000, 0x0000, 0x0000, 0x0000, 0x0000, 0x0000, 0x0000, 0x0000,
    0x0000, 0x0000, 0x0000, 0x0000, 0x0000, 0x0000, 0x0000, 0x0000, 0x0000, 0x0000, 0x0000, 0x0000, 0x0000, 0x0000, 0x0000, 0x0000,
    0x0000, 0x0000, 0x0000, 0x0000, 0x0000, 0x0000, 0x0000, 0x0000, 0x0000, 0x0000, 0x0000, 0x0000, 0x0000, 0x0000, 0x0000, 0x0000,
    0x0000, 0x0000, 0x0000, 0x0000, 0x0000, 0x0000, 0x0000, 0x0000, 0x0000, 0x0000, 0x0000, 0x0000, 0x0000, 0x0000, 0x0000, 0x0000,
    0x0000, 0x0000, 0x0000, 0x0000, 0x0000, 0x0000, 0x0000, 0x0000, 0x0000, 0x0000, 0x0000, 0x0000, 0x0000, 0x0000, 0x0000, 0x0000,
    0x0000, 0x0000, 0x0000, 0x0000, 0x0000, 0x0000, 0x0000, 0x0000, 0x0000, 0x0000, 0x0000, 0x0000, 0x0000, 0x0000, 0x0000, 0x0000,
    0x0000, 0x0000, 0x0000, 0x0000, 0x0000, 0x0000, 0x0000, 0x0000, 0x0000, 0x0000, 0x0000, 0x0000, 0x0000, 0x0000, 0x0000, 0x0000,
    0x0000, 0x0000, 0x0000, 0x0000, 0x0000, 0x0000, 0x0000, 0x0000, 0x0000, 0x0000, 0x0000, 0x0000, 0x0000, 0x0000, 0x0000, 0x0000,
    0x0000, 0x0000, 0x0000, 0x0000, 0x0000, 0x0000, 0x0000, 0x0000, 0x0000, 0x0000, 0x0000, 0x0000, 0x0000, 0x0000, 0x0000, 0x0000,
    0x0000, 0x0000, 0x0000, 0x0000, 0x0000, 0x0000, 0x0000, 0x0000, 0x0000, 0x0000, 0x0000, 0x0000, 0x0000, 0x0000, 0x0000, 0x0000,
    0x0000, 0x0000, 0x0000, 0x0000, 0x0000, 0x0000, 0x0000, 0x0000, 0x0000, 0x0000, 0x0000, 0x0000, 0x0000, 0x0000, 0x0000, 0x0000,
    0x0000, 0x0000, 0x0000, 0x0000, 0x0000, 0x0000, 0x0000, 0x0000, 0x0000, 0x0000, 0x0000, 0x0000, 0x0000, 0x0000, 0x0000, 0x0000,
    0x0000, 0x0000, 0x0000, 0x0000, 0x0000, 0x0000, 0x0000, 0x0000, 0x0000, 0x0000, 0x0000, 0x0000, 0x0000, 0x0000, 0x0000, 0x0000,
    0x0000, 0x0000, 0x0000, 0x0000, 0x0000, 0x0000, 0x0000, 0x0000, 0x0000, 0x0000, 0x0000, 0x0000, 0x0000, 0x0000, 0x0000, 0x0000,
    0x0000, 0x0000, 0x0000, 0x0000, 0x0000, 0x0000, 0x0000, 0x0000, 0x0000, 0x0000, 0x0000, 0x0000, 0x0000, 0x0000, 0x0000, 0x0000,
    0x0000, 0x0000, 0x0000, 0x0000, 0x0000, 0x0000, 0x0000, 0x0000, 0x0000, 0x0000, 0x0000, 0x0000, 0x0000, 0x0000, 0x0000, 0x0000,
    0x0000, 0x0000, 0x0000, 0x0000, 0x0000, 0x0000, 0x0000, 0x0000, 0x0000, 0x0000, 0x0000, 0x0000, 0x0000, 0x0000, 0x0000, 0x0000,
    0x0000, 0x0000, 0x0000, 0x0000, 0x0000, 0x0000, 0x0000, 0x0000, 0x0000, 0x0000, 0x0000, 0x0000, 0x0000, 0x0000, 0x0000, 0x0000,
    0x0000, 0x0000, 0x0000, 0x0000, 0x0000, 0x0000, 0x0000, 0x0000, 0x0000, 0x0000, 0x0000, 0x0000, 0x0000, 0x0000, 0x0000, 0x0000,
    0x0000, 0x0000, 0x0000, 0x0000, 0x0000, 0x0000, 0x0000, 0x0000, 0x0000, 0x0000, 0x0000, 0x0000, 0x0000, 0x0000, 0x0000, 0x0000,
    0x0000, 0x0000, 0x0000, 0x0000, 0x0000, 0x0000, 0x0000, 0x0000, 0x0000, 0x0000, 0x0000, 0x0000, 0x0000, 0x0000, 0x0000, 0x0000,
    0x0000, 0x0000, 0x0000, 0x0000, 0x0000, 0x0000, 0x0000, 0x0000, 0x0000, 0x0000, 0x0000, 0x0000, 0x0000, 0x0000, 0x0000, 0x0000,
    0x0000, 0x0000, 0x0000, 0x0000, 0x0000, 0x0000, 0x0000, 0x0000, 0x0000, 0x0000, 0x0000, 0x0000, 0x0000, 0x0000, 0x0000, 0x0000,
    0x0000, 0x0000, 0x0000, 0x0000, 0x0000, 0x0000, 0x0000, 0x0000, 0x0000, 0x0000, 0x0000, 0x0000, 0x0000, 0x0000, 0x0000, 0x0000,
    0x0000, 0x0000, 0x0000, 0x0000, 0x0000, 0x0000, 0x0000, 0x0000, 0x0000, 0x0000, 0x0000, 0x0000, 0x0000, 0x0000, 0x0000, 0x0000,
    0x0000, 0x0000, 0x0000, 0x0000, 0x0000, 0x0000, 0x0000, 0x0000, 0x0000, 0x0000, 0x0000, 0x0000, 0x0000, 0x0000, 0x0000, 0x0000,
    0x0000, 0x0000, 0x0000, 0x0000, 0x0000, 0x0000, 0x0000, 0x0000, 0x0000, 0x0000, 0x0000, 0x0000, 0x0000, 0x0000, 0x0000, 0x0000,
    0x0000, 0x0000, 0x0000, 0x0000, 0x0000, 0x0000, 0x0000, 0x0000, 0x0000, 0x0000, 0x0000, 0x0000, 0x0000, 0x0000, 0x0000, 0x0000,
    0x0000, 0x0000, 0x0000, 0x0000, 0x0000, 0x0000, 0x0000, 0x0000, 0x0000, 0x0000, 0x0000, 0x0000, 0x0000, 0x0000, 0x0000, 0x0000,
    0x0000, 0x0000, 0x0000, 0x0000, 0x0000, 0x0000, 0x0000, 0x0000, 0x0000, 0x0000, 0x0000, 0x0000, 0x0000, 0x0000, 0x0000, 0x0000,
    0x0000, 0x0000, 0x0000, 0x0000, 0x0000, 0x0000, 0x0000, 0x0000, 0x0000, 0x0000, 0x0000, 0x0000, 0x0000, 0x0000, 0x0000, 0x0000,
    0x0000, 0x0000, 0x0000, 0x0000, 0x0000, 0x0000, 0x0000, 0x0000, 0x0000, 0x0000, 0x0000, 0x0000, 0x0000, 0x0000, 0x0000, 0x0000,
    0x0000, 0x0000, 0x0000, 0x0000, 0x0000, 0x0000, 0x0000, 0x0000, 0x0000, 0x0000, 0x0000, 0x0000, 0x0000, 0x0000, 0x0000, 0x0000,
    0x0000, 0x0000, 0x0000, 0x0000, 0x0000, 0x0000, 0x0000, 0x0000, 0x0000, 0x0000, 0x0000, 0x0000, 0x0000, 0x0000, 0x0000, 0x0000,
    0x0000, 0x0000, 0x0000, 0x0000, 0x0000, 0x0000, 0x0000, 0x0000, 0x0000, 0x0000, 0x0000, 0x0000, 0x0000, 0x0000, 0x0000, 0x0000,
    0x0000, 0x0000, 0x0000, 0x0000, 0x0000, 0x0000, 0x0000, 0x0000, 0x0000, 0x0000, 0x0000, 0x0000, 0x0000, 0x0000, 0x0000, 0x0000,
    0x0000, 0x0000, 0x0000, 0x0000, 0x0000, 0x0000, 0x0000, 0x0000, 0x0000, 0x0000, 0x0000, 0x0000, 0x0000, 0x0000, 0x0000, 0x0000,
    0x0000, 0x0000, 0x0000, 0x0000, 0x0000, 0x0000, 0x0000, 0x0000, 0x0000, 0x0000, 0x0000, 0x0000, 0x0000, 0x0000, 0x0000, 0x0000,
    0x0000, 0x0000, 0x0000, 0x0000, 0x0000, 0x0000, 0x0000, 0x0000, 0x0000, 0x0000, 0x0000, 0x0000, 0x0000, 0x0000, 0x0000, 0x0000,
    0x0000, 0x0000, 0x0000, 0x0000, 0x0000, 0x0000, 0x0000, 0x0000, 0x0000, 0x0000, 0x0000, 0x0000, 0x0000, 0x0000, 0x0000, 0x0000,
    0x0000, 0x0000, 0x0000, 0x0000, 0x0000, 0x0000, 0x0000, 0x0000, 0x0000, 0x0000, 0x0000, 0x0000, 0x0000, 0x0000, 0x0000, 0x0000,
    0x0000, 0x0000, 0x0000, 0x0000, 0x0000, 0x0000, 0x0000, 0x0000, 0x0000, 0x0000, 0x0000, 0x0000, 0x0000, 0x0000, 0x0000, 0x0000,
    0x0000, 0x0000, 0x0000, 0x0000, 0x0000, 0x0000, 0x0000, 0x0000, 0x0000, 0x0000, 0x0000, 0x0000, 0x0000, 0x0000, 0x0000, 0x0000,
    0x0000, 0x0000, 0x0000, 0x0000, 0x0000, 0x0000, 0x0000, 0x0000, 0x0000, 0x0000, 0x0000, 0x0000, 0x0000, 0x0000, 0x0000, 0x0000,
    0x0000, 0x0000, 0x0000, 0x0000, 0x0000, 0x0000, 0x0000, 0x0000, 0x0000, 0x0000, 0x0000, 0x0000, 0x0000, 0x0000, 0x0000, 0x0000,
    0x0000, 0x0000, 0x0000, 0x0000, 0x0000, 0x0000, 0x0000, 0x0000, 0x0000, 0x0000, 0x0000, 0x0000, 0x0000, 0x0000, 0x0000, 0x0000,
    0x0000, 0x0000, 0x0000, 0x0000, 0x0000, 0x0000, 0x0000, 0x0000, 0x0000, 0x0000, 0x0000, 0x0000, 0x0000, 0x0000, 0x0000, 0x0000,
    0x0000, 0x0000, 0x0000, 0x0000, 0x0000, 0x0000, 0x0000, 0x0000, 0x0000, 0x0000, 0x0000, 0x0000, 0x0000, 0x0000, 0x0000, 0x0000,
    0x0000, 0x0000, 0x0000, 0x0000, 0x0000, 0x0000, 0x0000, 0x0000, 0x0000, 0x0000, 0x0000, 0x0000, 0x0000, 0x0000, 0x0000, 0x0000,
    0x0000, 0x0000, 0x0000, 0x0000, 0x0000, 0x0000, 0x0000, 0x0000, 0x0000, 0x0000, 0x0000, 0x0000, 0x0000, 0x0000, 0x0000, 0x0000,
    0x0000, 0x0000, 0x0000, 0x0000, 0x0000, 0x0000, 0x0000, 0x0000, 0x0000, 0x0000, 0x0000, 0x0000, 0x0000, 0x0000, 0x0000, 0x0000,
    0x0000, 0x0000, 0x0000, 0x0000, 0x0000, 0x0000, 0x0000, 0x0000, 0x0000, 0x0000, 0x0000, 0x0000, 0x0000, 0x0000, 0x0000, 0x0000,
    0x0000, 0x0000, 0x0000, 0x0000, 0x0000, 0x0000, 0x0000, 0x0000, 0x0000, 0x0000, 0x0000, 0x0000, 0x0000, 0x0000, 0x0000, 0x0000,
    0x0000, 0x0000, 0x0000, 0x0000, 0x0000, 0x0000, 0x0000, 0x0000, 0x0000, 0x0000, 0x0000, 0x0000, 0x0000, 0x0000, 0x0000, 0x0000,
    0x0000, 0x0000, 0x0000, 0x0000, 0x0000, 0x0000, 0x0000, 0x0000, 0x0000, 0x0000, 0x0000, 0x0000, 0x0000, 0x0000, 0x0000, 0x0000,
    0x0000, 0x0000, 0x0000, 0x0000, 0x0000, 0x0000, 0x0000, 0x0000, 0x0000, 0x0000, 0x0000, 0x0000, 0x0000, 0x0000, 0x0000, 0x0000,
    0x0000, 0x0000, 0x0000, 0x0000, 0x0000, 0x0000, 0x0000, 0x0000, 0x0000, 0x0000, 0x0000, 0x0000, 0x0000, 0x0000, 0x0000, 0x0000,
    0x0000, 0x0000, 0x0000, 0x0000, 0x0000, 0x0000, 0x0000, 0x0000, 0x0000, 0x0000, 0x0000, 0x0000, 0x0000, 0x0000, 0x0000, 0x0000,
    0x0000, 0x0000, 0x0000, 0x0000, 0x0000, 0x0000, 0x0000, 0x0000, 0x0000, 0x0000, 0x0000, 0x0000, 0x0000, 0x0000, 0x0000, 0x0000,
    0x0000, 0x0000, 0x0000, 0x0000, 0x0000, 0x0000, 0x0000, 0x0000, 0x0000, 0x0000, 0x0000, 0x0000, 0x0000, 0x0000, 0x0000, 0x0000,
    0x0000, 0x0000, 0x0000, 0x0000, 0x0000, 0x0000, 0x0000, 0x0000, 0x0000, 0x0000, 0x0000, 0x0000, 0x0000, 0x0000, 0x0000, 0x0000,
    0x0000, 0x0000, 0x0000, 0x0000, 0x0000, 0x0000, 0x0000, 0x0000, 0x0000, 0x0000, 0x0000, 0x0000, 0x0000, 0x0000, 0x0000, 0x0000,
    0x0000, 0x0000, 0x0000, 0x0000, 0x0000, 0x0000, 0x0000, 0x0000, 0x0000, 0x0000, 0x0000, 0x0000, 0x0000, 0x0000, 0x0000, 0x0000,
    0x0000, 0x0000, 0x0000, 0x0000, 0x0000, 0x0000, 0x0000, 0x0000, 0x0000, 0x0000, 0x0000, 0x0000, 0x0000, 0x0000, 0x0000, 0x0000,
    0x0000, 0x0000, 0x0000, 0x0000, 0x0000, 0x0000, 0x0000, 0x0000, 0x0000, 0x0000, 0x0000, 0x0000, 0x0000, 0x0000, 0x0000, 0x0000,
    0x0000, 0x0000, 0x0000, 0x0000, 0x0000, 0x0000, 0x0000, 0x0000, 0x0000, 0x0000, 0x0000, 0x0000, 0x0000, 0x0000, 0x0000, 0x0000,
    0x0000, 0x0000, 0x0000, 0x0000, 0x0000, 0x0000, 0x0000, 0x0000, 0x0000, 0x0000, 0x0000, 0x0000, 0x0000, 0x0000, 0x0000, 0x0000,
    0x0000, 0x0000, 0x0000, 0x0000, 0x0000, 0x0000, 0x0000, 0x0000, 0x0000, 0x0000, 0x0000, 0x0000, 0x0000, 0x0000, 0x0000, 0x0000,
    0x0000, 0x0000, 0x0000, 0x0000, 0x0000, 0x0000, 0x0000, 0x0000, 0x0000, 0x0000, 0x0000, 0x0000, 0x0000, 0x0000, 0x0000, 0x0000,
    0x0000, 0x0000, 0x0000, 0x0000, 0x0000, 0x0000, 0x0000, 0x0000, 0x0000, 0x0000, 0x0000, 0x0000, 0x0000, 0x0000, 0x0000, 0x0000,
    0x0000, 0x0000, 0x0000, 0x0000, 0x0000, 0x0000, 0x0000, 0x0000, 0x0000, 0x0000, 0x0000, 0x0000, 0x0000, 0x0000, 0x0000, 0x0000,
    0x0000, 0x0000, 0x0000, 0x0000, 0x0000, 0x0000, 0x0000, 0x0000, 0x0000, 0x0000, 0x0000, 0x0000, 0x0000, 0x0000, 0x0000, 0x0000,
    0x0000, 0x0000, 0x0000, 0x0000, 0x0000, 0x0000, 0x0000, 0x0000, 0x0000, 0x0000, 0x0000, 0x0000, 0x0000, 0x0000, 0x0000, 0x0000,
    0x0000, 0x0000, 0x0000, 0x0000, 0x0000, 0x0000, 0x0000, 0x0000, 0x0000, 0x0000, 0x0000, 0x0000, 0x0000, 0x0000, 0x0000, 0x0000,
    0x0000, 0x0000, 0x0000, 0x0000, 0x0000, 0x0000, 0x0000, 0x0000, 0x0000, 0x0000, 0x0000, 0x0000, 0x0000, 0x0000, 0x0000, 0x0000,
    0x0000, 0x0000, 0x0000, 0x0000, 0x0000, 0x0000, 0x0000, 0x0000, 0x0000, 0x0000, 0x0000, 0x0000, 0x0000, 0x0000, 0x0000, 0x0000,
    0x0000, 0x0000, 0x0000, 0x0000, 0x0000, 0x0000, 0x0000, 0x0000, 0x0000, 0x0000, 0x0000, 0x0000, 0x0000, 0x0000, 0x0000, 0x0000,
    0x0000, 0x0000, 0x0000, 0x0000, 0x0000, 0x0000, 0x0000, 0x0000, 0x0000, 0x0000, 0x0000, 0x0000, 0x0000, 0x0000, 0x0000, 0x0000,
    0x0000, 0x0000, 0x0000, 0x0000, 0x0000, 0x0000, 0x0000, 0x0000, 0x0000, 0x0000, 0x0000, 0x0000, 0x0000, 0x0000, 0x0000, 0x0000,
    0x0000, 0x0000, 0x0000, 0x0000, 0x0000, 0x0000, 0x0000, 0x0000, 0x0000, 0x0000, 0x0000, 0x0000, 0x0000, 0x0000, 0x0000, 0x0000,
    0x0000, 0x0000, 0x0000, 0x0000, 0x0000, 0x0000, 0x0000, 0x0000, 0x0000, 0x0000, 0x0000, 0x0000, 0x0000, 0x0000, 0x0000, 0x0000,
    0x0000, 0x0000, 0x0000, 0x0000, 0x0000, 0x0000, 0x0000, 0x0000, 0x0000, 0x0000, 0x0000, 0x0000, 0x0000, 0x0000, 0x0000, 0x0000,
    0x0000, 0x0000, 0x0000, 0x0000, 0x0000, 0x0000, 0x0000, 0x0000, 0x0000, 0x0000, 0x0000, 0x0000, 0x0000, 0x0000, 0x0000, 0x0000,
    0x0000, 0x0000, 0x0000, 0x0000, 0x0000, 0x0000, 0x0000, 0x0000, 0x0000, 0x0000, 0x0000, 0x0000, 0x0000, 0x0000, 0x0000, 0x0000,
    0x0000, 0x0000, 0x0000, 0x0000, 0x0000, 0x0000, 0x0000, 0x0000, 0x0000, 0x0000, 0x0000, 0x0000, 0x0000, 0x0000, 0x0000, 0x0000,
    0x0000, 0x0000, 0x0000, 0x0000, 0x0000, 0x0000, 0x0000, 0x0000, 0x0000, 0x0000, 0x0000, 0x0000, 0x0000, 0x0000, 0x0000, 0x0000,
    0x0000, 0x0000, 0x0000, 0x0000, 0x0000, 0x0000, 0x0000, 0x0000, 0x0000, 0x0000, 0x0000, 0x0000, 0x0000, 0x0000, 0x0000, 0x0000,
    0x0000, 0x0000, 0x0000, 0x0000, 0x0000, 0x0000, 0x0000, 0x0000, 0x0000, 0x0000, 0x0000, 0x0000, 0x0000, 0x0000, 0x0000, 0x0000,
    0x0000, 0x0000, 0x0000, 0x0000, 0x0000, 0x0000, 0x0000, 0x0000, 0x0000, 0x0000, 0x0000, 0x0000, 0x0000, 0x0000, 0x0000, 0x0000,
    0x0000, 0x0000, 0x0000, 0x0000, 0x0000, 0x0000, 0x0000, 0x0000, 0x0000, 0x0000, 0x0000, 0x0000, 0x0000, 0x0000, 0x0000, 0x0000,
    0x0000, 0x0000, 0x0000, 0x0000, 0x0000, 0x0000, 0x0000, 0x0000, 0x0000, 0x0000, 0x0000, 0x0000, 0x0000, 0x0000, 0x0000, 0x0000,
    0x0000, 0x0000, 0x0000, 0x0000, 0x0000, 0x0000, 0x0000, 0x0000, 0x0000, 0x0000, 0x0000, 0x0000, 0x0000, 0x0000, 0x0000, 0x0000,
    0x0000, 0x0000, 0x0000, 0x0000, 0x0000, 0x0000, 0x0000, 0x0000, 0x0000, 0x0000, 0x0000, 0x0000, 0x0000, 0x0000, 0x0000, 0x0000,
    0x0000, 0x0000, 0x0000, 0x0000, 0x0000, 0x0000, 0x0000, 0x0000, 0x0000, 0x0000, 0x0000, 0x0000, 0x0000, 0x0000, 0x0000, 0x0000,
    0x0000, 0x0000, 0x0000, 0x0000, 0x0000, 0x0000, 0x0000, 0x0000, 0x0000, 0x0000, 0x0000, 0x0000, 0x0000, 0x0000, 0x0000, 0x0000,
    0x0000, 0x0000, 0x0000, 0x0000, 0x0000, 0x0000, 0x0000, 0x0000, 0x0000, 0x0000, 0x0000, 0x0000, 0x0000, 0x0000, 0x0000, 0x0000,
    0x0000, 0x0000, 0x0000, 0x0000, 0x0000, 0x0000, 0x0000, 0x0000, 0x0000, 0x0000, 0x0000, 0x0000, 0x0000, 0x0000, 0x0000, 0x0000,
    0x0000, 0x0000, 0x0000, 0x0000, 0x0000, 0x0000, 0x0000, 0x0000, 0x0000, 0x0000, 0x0000, 0x0000, 0x0000, 0x0000, 0x0000, 0x0000,
    0x0000, 0x0000, 0x0000, 0x0000, 0x0000, 0x0000, 0x0000, 0x0000, 0x0000, 0x0000, 0x0000, 0x0000, 0x0000, 0x0000, 0x0000, 0x0000,
    0x0000, 0x0000, 0x0000, 0x0000, 0x0000, 0x0000, 0x0000, 0x0000, 0x0000, 0x0000, 0x0000, 0x0000, 0x0000, 0x0000, 0x0000, 0x0000,
    0x0000, 0x0000, 0x0000, 0x0000, 0x0000, 0x0000, 0x0000, 0x0000, 0x0000, 0x0000, 0x0000, 0x0000, 0x0000, 0x0000, 0x0000, 0x0000,
    0x0000, 0x0000, 0x0000, 0x0000, 0x0000, 0x0000, 0x0000, 0x0000, 0x0000, 0x0000, 0x0000, 0x0000, 0x0000, 0x0000, 0x0000, 0x0000,
    0x0000, 0x0000, 0x0000, 0x0000, 0x0000, 0x0000, 0x0000, 0x0000, 0x0000, 0x0000, 0x0000, 0x0000, 0x0000, 0x0000, 0x0000, 0x0000,
    0x0000, 0x0000, 0x0000, 0x0000, 0x0000, 0x0000, 0x0000, 0x0000, 0x0000, 0x0000, 0x0000, 0x0000, 0x0000, 0x0000, 0x0000, 0x0000,
    0x0000, 0x0000, 0x0000, 0x0000, 0x0000, 0x0000, 0x0000, 0x0000, 0x0000, 0x0000, 0x0000, 0x0000, 0x0000, 0x0000, 0x0000, 0x0000,
    0x0000, 0x0000, 0x0000, 0x0000, 0x0000, 0x0000, 0x0000, 0x0000, 0x0000, 0x0000, 0x0000, 0x0000, 0x0000, 0x0000, 0x0000, 0x0000,
    0x0000, 0x0000, 0x0000, 0x0000, 0x0000, 0x0000, 0x0000, 0x0000, 0x0000, 0x0000, 0x0000, 0x0000, 0x0000, 0x0000, 0x0000, 0x0000,
    0x0000, 0x0000, 0x0000, 0x0000, 0x0000, 0x0000, 0x0000, 0x0000, 0x0000, 0x0000, 0x0000, 0x0000, 0x0000, 0x0000, 0x0000, 0x0000,
    0x0000, 0x0000, 0x0000, 0x0000, 0x0000, 0x0000, 0x0000, 0x0000, 0x0000, 0x0000, 0x0000, 0x0000, 0x0000, 0x0000, 0x0000, 0x0000,
    0x0000, 0x0000, 0x0000, 0x0000, 0x0000, 0x0000, 0x0000, 0x0000, 0x0000, 0x0000, 0x0000, 0x0000, 0x0000, 0x0000, 0x0000, 0x0000,
    0x0000, 0x0000, 0x0000, 0x0000, 0x0000, 0x0000, 0x0000, 0x0000, 0x0000, 0x0000, 0x0000, 0x0000, 0x0000, 0x0000, 0x0000, 0x0000,
    0x0000, 0x0000, 0x0000, 0x0000, 0x0000, 0x0000, 0x0000, 0x0000, 0x0000, 0x0000, 0x0000, 0x0000, 0x0000, 0x0000, 0x0000, 0x0000,
    0x0000, 0x0000, 0x0000, 0x0000, 0x0000, 0x0000, 0x0000, 0x0000, 0x0000, 0x0000, 0x0000, 0x0000, 0x0000, 0x0000, 0x0000, 0x0000,
    0x0000, 0x0000, 0x0000, 0x0000, 0x0000, 0x0000, 0x0000, 0x0000, 0x0000, 0x0000, 0x0000, 0x0000, 0x0000, 0x0000, 0x0000, 0x0000,
    0x0000, 0x0000, 0x0000, 0x0000, 0x0000, 0x0000, 0x0000, 0x0000, 0x0000, 0x0000, 0x0000, 0x0000, 0x0000, 0x0000, 0x0000, 0x0000,
    0x0000, 0x0000, 0x0000, 0x0000, 0x0000, 0x0000, 0x0000, 0x0000, 0x0000, 0x0000, 0x0000, 0x0000, 0x0000, 0x0000, 0x0000, 0x0000,
    0x0000, 0x0000, 0x0000, 0x0000, 0x0000, 0x0000, 0x0000, 0x0000, 0x0000, 0x0000, 0x0000, 0x0000, 0x0000, 0x0000, 0x0000, 0x0000,
    0x0000, 0x0000, 0x0000, 0x0000, 0x0000, 0x0000, 0x0000, 0x0000, 0x0000, 0x0000, 0x0000, 0x0000, 0x0000, 0x0000, 0x0000, 0x0000,
    0x0000, 0x0000, 0x0000, 0x0000, 0x0000, 0x0000, 0x0000, 0x0000, 0x0000, 0x0000, 0x0000, 0x0000, 0x0000, 0x0000, 0x0000, 0x0000,
    0x0000, 0x0000, 0x0000, 0x0000, 0x0000, 0x0000, 0x0000, 0x0000, 0x0000, 0x0000, 0x0000, 0x0000, 0x0000, 0x0000, 0x0000, 0x0000,
    0x0000, 0x0000, 0x0000, 0x0000, 0x0000, 0x0000, 0x0000, 0x0000, 0x0000, 0x0000, 0x0000, 0x0000, 0x0000, 0x0000, 0x0000, 0x0000,
    0x0000, 0x0000, 0x0000, 0x0000, 0x0000, 0x0000, 0x0000, 0x0000, 0x0000, 0x0000, 0x0000, 0x0000, 0x0000, 0x0000, 0x0000, 0x0000,
    0x0000, 0x0000, 0x0000, 0x0000, 0x0000, 0x0000, 0x0000, 0x0000, 0x0000, 0x0000, 0x0000, 0x0000, 0x0000, 0x0000, 0x0000, 0x0000,
    0x0000, 0x0000, 0x0000, 0x0000, 0x0000, 0x0000, 0x0000, 0x0000, 0x0000, 0x0000, 0x0000, 0x0000, 0x0000, 0x0000, 0x0000, 0x0000,
    0x0000, 0x0000, 0x0000, 0x0000, 0x0000, 0x0000, 0x0000, 0x0000, 0x0000, 0x0000, 0x0000, 0x0000, 0x0000, 0x0000, 0x0000, 0x0000,
    0x0000, 0x0000, 0x0000, 0x0000, 0x0000, 0x0000, 0x0000, 0x0000, 0x0000, 0x0000, 0x0000, 0x0000, 0x0000, 0x0000, 0x0000, 0x0000,
    0x0000, 0x0000, 0x0000, 0x0000, 0x0000, 0x0000, 0x0000, 0x0000, 0x0000, 0x0000, 0x0000, 0x0000, 0x0000, 0x0000, 0x0000, 0x0000,
    0x0000, 0x0000, 0x0000, 0x0000, 0x0000, 0x0000, 0x0000, 0x0000, 0x0000, 0x0000, 0x0000, 0x0000, 0x0000, 0x0000, 0x0000, 0x0000,
    0x0000, 0x0000, 0x0000, 0x0000, 0x0000, 0x0000, 0x0000, 0x0000, 0x0000, 0x0000, 0x0000, 0x0000, 0x0000, 0x0000, 0x0000, 0x0000,
    0x0000, 0x0000, 0x0000, 0x0000, 0x0000, 0x0000, 0x0000, 0x0000, 0x0000, 0x0000, 0x0000, 0x0000, 0x0000, 0x0000, 0x0000, 0x0000,
    0x0000, 0x0000, 0x0000, 0x0000, 0x0000, 0x0000, 0x0000, 0x0000, 0x0000, 0x0000, 0x0000, 0x0000, 0x0000, 0x0000, 0x0000, 0x0000,
    0x0000, 0x0000, 0x0000, 0x0000, 0x0000, 0x0000, 0x0000, 0x0000, 0x0000, 0x0000, 0x0000, 0x0000, 0x0000, 0x0000, 0x0000, 0x0000,
    0x0000, 0x0000, 0x0000, 0x0000, 0x0000, 0x0000, 0x0000, 0x0000, 0x0000, 0x0000, 0x0000, 0x0000, 0x0000, 0x0000, 0x0000, 0x0000,
    0x0000, 0x0000, 0x0000, 0x0000, 0x0000, 0x0000, 0x0000, 0x0000, 0x0000, 0x0000, 0x0000, 0x0000, 0x0000, 0x0000, 0x0000, 0x0000,
    0x0000, 0x0000, 0x0000, 0x0000, 0x0000, 0x0000, 0x0000, 0x0000, 0x0000, 0x0000, 0x0000, 0x0000, 0x0000, 0x0000, 0x0000, 0x0000,
    0x0000, 0x0000, 0x0000, 0x0000, 0x0000, 0x0000, 0x0000, 0x0000, 0x0000, 0x0000, 0x0000, 0x0000, 0x0000, 0x0000, 0x0000, 0x0000,
    0x0000, 0x0000, 0x0000, 0x0000, 0x0000, 0x0000, 0x0000, 0x0000, 0x0000, 0x0000, 0x0000, 0x0000, 0x0000, 0x0000, 0x0000, 0x0000,
    0x0000, 0x0000, 0x0000, 0x0000, 0x0000, 0x0000, 0x0000, 0x0000, 0x0000, 0x0000, 0x0000, 0x0000, 0x0000, 0x0000, 0x0000, 0x0000,
    0x0000, 0x0000, 0x0000, 0x0000, 0x0000, 0x0000, 0x0000, 0x0000, 0x0000, 0x0000, 0x0000, 0x0000, 0x0000, 0x0000, 0x0000, 0x0000,
    0x0000, 0x0000, 0x0000, 0x0000, 0x0000, 0x0000, 0x0000, 0x0000, 0x0000, 0x0000, 0x0000, 0x0000, 0x0000, 0x0000, 0x0000, 0x0000,
    0x0000, 0x0000, 0x0000, 0x0000, 0x0000, 0x0000, 0x0000, 0x0000, 0x0000, 0x0000, 0x0000, 0x0000, 0x0000, 0x0000, 0x0000, 0x0000,
    0x0000, 0x0000, 0x0000, 0x0000, 0x0000, 0x0000, 0x0000, 0x0000, 0x0000, 0x0000, 0x0000, 0x0000, 0x0000, 0x0000, 0x0000, 0x0000,
    0x0000, 0x0000, 0x0000, 0x0000, 0x0000, 0x0000, 0x0000, 0x0000, 0x0000, 0x0000, 0x0000, 0x0000, 0x0000, 0x0000, 0x0000, 0x0000,
    0x0000, 0x0000, 0x0000, 0x0000, 0x0000, 0x0000, 0x0000, 0x0000, 0x0000, 0x0000, 0x0000, 0x0000, 0x0000, 0x0000, 0x0000, 0x0000,
    0x0000, 0x0000, 0x0000, 0x0000, 0x0000, 0x0000, 0x0000, 0x0000, 0x0000, 0x0000, 0x0000, 0x0000, 0x0000, 0x0000, 0x0000, 0x0000,
    0x0000, 0x0000, 0x0000, 0x0000, 0x0000, 0x0000, 0x0000, 0x0000, 0x0000, 0x0000, 0x0000, 0x0000, 0x0000, 0x0000, 0x0000, 0x0000,
    0x0000, 0x0000, 0x0000, 0x0000, 0x0000, 0x0000, 0x0000, 0x0000, 0x0000, 0x0000, 0x0000, 0x0000, 0x0000, 0x0000, 0x0000, 0x0000,
    0x0000, 0x0000, 0x0000, 0x0000, 0x0000, 0x0000, 0x0000, 0x0000, 0x0000, 0x0000, 0x0000, 0x0000, 0x0000, 0x0000, 0x0000, 0x0000,
    0x0000, 0x0000, 0x0000, 0x0000, 0x0000, 0x0000, 0x0000, 0x0000, 0x0000, 0x0000, 0x0000, 0x0000, 0x0000, 0x0000, 0x0000, 0x0000,
    0x0000, 0x0000, 0x0000, 0x0000, 0x0000, 0x0000, 0x0000, 0x0000, 0x0000, 0x0000, 0x0000, 0x0000, 0x0000, 0x0000, 0x0000, 0x0000,
    0x0000, 0x0000, 0x0000, 0x0000, 0x0000, 0x0000, 0x0000, 0x0000, 0x0000, 0x0000, 0x0000, 0x0000, 0x0000, 0x0000, 0x0000, 0x0000,
    0x0000, 0x0000, 0x0000, 0x0000, 0x0000, 0x0000, 0x0000, 0x0000, 0x0000, 0x0000, 0x0000, 0x0000, 0x0000, 0x0000, 0x0000, 0x0000,
    0x0000, 0x0000, 0x0000, 0x0000, 0x0000, 0x0000, 0x0000, 0x0000, 0x0000, 0x0000, 0x0000, 0x0000, 0x0000, 0x0000, 0x0000, 0x0000,
    0x0000, 0x0000, 0x0000, 0x0000, 0x0000, 0x0000, 0x0000, 0x0000, 0x0000, 0x0000, 0x0000, 0x0000, 0x0000, 0x0000, 0x0000, 0x0000,
    0x0000, 0x0000, 0x0000, 0x0000, 0x0000, 0x0000, 0x0000, 0x0000, 0x0000, 0x0000, 0x0000, 0x0000, 0x0000, 0x0000, 0x0000, 0x0000,
    0x0000, 0x0000, 0x0000, 0x0000, 0x0000, 0x0000, 0x0000, 0x0000, 0x0000, 0x0000, 0x0000, 0x0000, 0x0000, 0x0000, 0x0000, 0x0000,
    0x0000, 0x0000, 0x0000, 0x0000, 0x0000, 0x0000, 0x0000, 0x0000, 0x0000, 0x0000, 0x0000, 0x0000, 0x0000, 0x0000, 0x0000, 0x0000,
    0x0000, 0x0000, 0x0000, 0x0000, 0x0000, 0x0000, 0x0000, 0x0000, 0x0000, 0x0000, 0x0000, 0x0000, 0x0000, 0x0000, 0x0000, 0x0000,
    0x0000, 0x0000, 0x0000, 0x0000, 0x0000, 0x0000, 0x0000, 0x0000, 0x0000, 0x0000, 0x0000, 0x0000, 0x0000, 0x0000, 0x0000, 0x0000,
    0x0000, 0x0000, 0x0000, 0x0000, 0x0000, 0x0000, 0x0000, 0x0000, 0x0000, 0x0000, 0x0000, 0x0000, 0x0000, 0x0000, 0x0000, 0x0000,
    0x0000, 0x0000, 0x0000, 0x0000, 0x0000, 0x0000, 0x0000, 0x0000, 0x0000, 0x0000, 0x0000, 0x0000, 0x0000, 0x0000, 0x0000, 0x0000,
    0x0000, 0x0000, 0x0000, 0x0000, 0x0000, 0x0000, 0x0000, 0x0000, 0x0000, 0x0000, 0x0000, 0x0000, 0x0000, 0x0000, 0x0000, 0x0000,
    0x0000, 0x0000, 0x0000, 0x0000, 0x0000, 0x0000, 0x0000, 0x0000, 0x0000, 0x0000, 0x0000, 0x0000, 0x0000, 0x0000, 0x0000, 0x0000,
    0x0000, 0x0000, 0x0000, 0x0000, 0x0000, 0x0000, 0x0000, 0x0000, 0x0000, 0x0000, 0x0000, 0x0000, 0x0000, 0x0000, 0x0000, 0x0000,
    0x0000, 0x0000, 0x0000, 0x0000, 0x0000, 0x0000, 0x0000, 0x0000, 0x0000, 0x0000, 0x0000, 0x0000, 0x0000, 0x0000, 0x0000, 0x0000,
    0x0000, 0x0000, 0x0000, 0x0000, 0x0000, 0x0000, 0x0000, 0x0000, 0x0000, 0x0000, 0x0000, 0x0000, 0x0000, 0x0000, 0x0000, 0x0000,
    0x0000, 0x0000, 0x0000, 0x0000, 0x0000, 0x0000, 0x0000, 0x0000, 0x0000, 0x0000, 0x0000, 0x0000, 0x0000, 0x0000, 0x0000, 0x0000,
    0x0000, 0x0000, 0x0000, 0x0000, 0x0000, 0x0000, 0x0000, 0x0000, 0x0000, 0x0000, 0x0000, 0x0000, 0x0000, 0x0000, 0x0000, 0x0000,
    0x0000, 0x0000, 0x0000, 0x0000, 0x0000, 0x0000, 0x0000, 0x0000, 0x0000, 0x0000, 0x0000, 0x0000, 0x0000, 0x0000, 0x0000, 0x0000,
    0x0000, 0x0000, 0x0000, 0x0000, 0x0000, 0x0000, 0x0000, 0x0000, 0x0000, 0x0000, 0x0000, 0x0000, 0x0000, 0x0000, 0x0000, 0x0000,
    0x0000, 0x0000, 0x0000, 0x0000, 0x0000, 0x0000, 0x0000, 0x0000, 0x0000, 0x0000, 0x0000, 0x0000, 0x0000, 0x0000, 0x0000, 0x0000,
    0x0000, 0x0000, 0x0000, 0x0000, 0x0000, 0x0000, 0x0000, 0x0000, 0x0000, 0x0000, 0x0000, 0x0000, 0x0000, 0x0000, 0x0000, 0x0000,
    0x0000, 0x0000, 0x0000, 0x0000, 0x0000, 0x0000, 0x0000, 0x0000, 0x0000, 0x0000, 0x0000, 0x0000, 0x0000, 0x0000, 0x0000, 0x0000,
    0x0000, 0x0000, 0x0000, 0x0000, 0x0000, 0x0000, 0x0000, 0x0000, 0x0000, 0x0000, 0x0000, 0x0000, 0x0000, 0x0000, 0x0000, 0x0000,
    0x0000, 0x0000, 0x0000, 0x0000, 0x0000, 0x0000, 0x0000, 0x0000, 0x0000, 0x0000, 0x0000, 0x0000, 0x0000, 0x0000, 0x0000, 0x0000,
    0x0000, 0x0000, 0x0000, 0x0000, 0x0000, 0x0000, 0x0000, 0x0000, 0x0000, 0x0000, 0x0000, 0x0000, 0x0000, 0x0000, 0x0000, 0x0000,
    0x0000, 0x0000, 0x0000, 0x0000, 0x0000, 0x0000, 0x0000, 0x0000, 0x0000, 0x0000, 0x0000, 0x0000, 0x0000, 0x0000, 0x0000, 0x0000,
    0x0000, 0x0000, 0x0000, 0x0000, 0x0000, 0x0000, 0x0000, 0x0000, 0x0000, 0x0000, 0x0000, 0x0000, 0x0000, 0x0000, 0x0000, 0x0000,
    0x0000, 0x0000, 0x0000, 0x0000, 0x0000, 0x0000, 0x0000, 0x0000, 0x0000, 0x0000, 0x0000, 0x0000, 0x0000, 0x0000, 0x0000, 0x0000,
    0x0000, 0x0000, 0x0000, 0x0000, 0x0000, 0x0000, 0x0000, 0x0000, 0x0000, 0x0000, 0x0000, 0x0000, 0x0000, 0x0000, 0x0000, 0x0000,
    0x0000, 0x0000, 0x0000, 0x0000, 0x0000, 0x0000, 0x0000, 0x0000, 0x0000, 0x0000, 0x0000, 0x0000, 0x0000, 0x0000, 0x0000, 0x0000,
    0x0000, 0x0000, 0x0000, 0x0000, 0x0000, 0x0000, 0x0000, 0x0000, 0x0000, 0x0000, 0x0000, 0x0000, 0x0000, 0x0000, 0x0000, 0x0000,
    0x0000, 0x0000, 0x0000, 0x0000, 0x0000, 0x0000, 0x0000, 0x0000, 0x0000, 0x0000, 0x0000, 0x0000, 0x0000, 0x0000, 0x0000, 0x0000,
    0x0000, 0x0000, 0x0000, 0x0000, 0x0000, 0x0000, 0x0000, 0x0000, 0x0000, 0x0000, 0x0000, 0x0000, 0x0000, 0x0000, 0x0000, 0x0000,
    0x0000, 0x0000, 0x0000, 0x0000, 0x0000, 0x0000, 0x0000, 0x0000, 0x0000, 0x0000, 0x0000, 0x0000, 0x0000, 0x0000, 0x0000, 0x0000,
    0x0000, 0x0000, 0x0000, 0x0000, 0x0000, 0x0000, 0x0000, 0x0000, 0x0000, 0x0000, 0x0000, 0x0000, 0x0000, 0x0000, 0x0000, 0x0000,
    0x0000, 0x0000, 0x0000, 0x0000, 0x0000, 0x0000, 0x0000, 0x0000, 0x0000, 0x0000, 0x0000, 0x0000, 0x0000, 0x0000, 0x0000, 0x0000,
    0x0000, 0x0000, 0x0000, 0x0000, 0x0000, 0x0000, 0x0000, 0x0000, 0x0000, 0x0000, 0x0000, 0x0000, 0x0000, 0x0000, 0x0000, 0x0000,
    0x0000, 0x0000, 0x0000, 0x0000, 0x0000, 0x0000, 0x0000, 0x0000, 0x0000, 0x0000, 0x0000, 0x0000, 0x0000, 0x0000, 0x0000, 0x0000,
    0x0000, 0x0000, 0x0000, 0x0000, 0x0000, 0x0000, 0x0000, 0x0000, 0x0000, 0x0000, 0x0000, 0x0000, 0x0000, 0x0000, 0x0000, 0x0000,
    0x0000, 0x0000, 0x0000, 0x0000, 0x0000, 0x0000, 0x0000, 0x0000, 0x0000, 0x0000, 0x0000, 0x0000, 0x0000, 0x0000, 0x0000, 0x0000,
    0x0000, 0x0000, 0x0000, 0x0000, 0x0000, 0x0000, 0x0000, 0x0000, 0x0000, 0x0000, 0x0000, 0x0000, 0x0000, 0x0000, 0x0000, 0x0000,
    0x0000, 0x0000, 0x0000, 0x0000, 0x0000, 0x0000, 0x0000, 0x0000, 0x0000, 0x0000, 0x0000, 0x0000, 0x0000, 0x0000, 0x0000, 0x0000,
    0x0000, 0x0000, 0x0000, 0x0000, 0x0000, 0x0000, 0x0000, 0x0000, 0x0000, 0x0000, 0x0000, 0x0000, 0x0000, 0x0000, 0x0000, 0x0000,
    0x0000, 0x0000, 0x0000, 0x0000, 0x0000, 0x0000, 0x0000, 0x0000, 0x0000, 0x0000, 0x0000, 0x0000, 0x0000, 0x0000, 0x0000, 0x0000,
    0x0000, 0x0000, 0x0000, 0x0000, 0x0000, 0x0000, 0x0000, 0x0000, 0x0000, 0x0000, 0x0000, 0x0000, 0x0000, 0x0000, 0x0000, 0x0000,
    0x0000, 0x0000, 0x0000, 0x0000, 0x0000, 0x0000, 0x0000, 0x0000, 0x0000, 0x0000, 0x0000, 0x0000, 0x0000, 0x0000, 0x0000, 0x0000,
    0x0000, 0x0000, 0x0000, 0x0000, 0x0000, 0x0000, 0x0000, 0x0000, 0x0000, 0x0000, 0x0000, 0x0000, 0x0000, 0x0000, 0x0000, 0x0000,
    0x0000, 0x0000, 0x0000, 0x0000, 0x0000, 0x0000, 0x0000, 0x0000, 0x0000, 0x0000, 0x0000, 0x0000, 0x0000, 0x0000, 0x0000, 0x0000,
    0x0000, 0x0000, 0x0000, 0x0000, 0x0000, 0x0000, 0x0000, 0x0000, 0x0000, 0x0000, 0x0000, 0x0000, 0x0000, 0x0000, 0x0000, 0x0000,
    0x0000, 0x0000, 0x0000, 0x0000, 0x0000, 0x0000, 0x0000, 0x0000, 0x0000, 0x0000, 0x0000, 0x0000, 0x0000, 0x0000, 0x0000, 0x0000,
    0x0000, 0x0000, 0x0000, 0x0000, 0x0000, 0x0000, 0x0000, 0x0000, 0x0000, 0x0000, 0x0000, 0x0000, 0x0000, 0x0000, 0x0000, 0x0000,
    0x0000, 0x0000, 0x0000, 0x0000, 0x0000, 0x0000, 0x0000, 0x0000, 0x0000, 0x0000, 0x0000, 0x0000, 0x0000, 0x0000, 0x0000, 0x0000,
    0x0000, 0x0000, 0x0000, 0x0000, 0x0000, 0x0000, 0x0000, 0x0000, 0x0000, 0x0000, 0x0000, 0x0000, 0x0000, 0x0000, 0x0000, 0x0000,
    0x0000, 0x0000, 0x0000, 0x0000, 0x0000, 0x0000, 0x0000, 0x0000, 0x0000, 0x0000, 0x0000, 0x0000, 0x0000, 0x0000, 0x0000, 0x0000,
    0x0000, 0x0000, 0x0000, 0x0000, 0x0000, 0x0000, 0x0000, 0x0000, 0x0000, 0x0000, 0x0000, 0x0000, 0x0000, 0x0000, 0x0000, 0x0000,
    0x0000, 0x0000, 0x0000, 0x0000, 0x0000, 0x0000, 0x0000, 0x0000, 0x0000, 0x0000, 0x0000, 0x0000, 0x0000, 0x0000, 0x0000, 0x0000,
    0x0000, 0x0000, 0x0000, 0x0000, 0x0000, 0x0000, 0x0000, 0x0000, 0x0000, 0x0000, 0x0000, 0x0000, 0x0000, 0x0000, 0x0000, 0x0000,
    0x0000, 0x0000, 0x0000, 0x0000, 0x0000, 0x0000, 0x0000, 0x0000, 0x0000, 0x0000, 0x0000, 0x0000, 0x0000, 0x0000, 0x0000, 0x0000,
    0x0000, 0x0000, 0x0000, 0x0000, 0x0000, 0x0000, 0x0000, 0x0000, 0x0000, 0x0000, 0x0000, 0x0000, 0x0000, 0x0000, 0x0000, 0x0000,
    0x0000, 0x0000, 0x0000, 0x0000, 0x0000, 0x0000, 0x0000, 0x0000, 0x0000, 0x0000, 0x0000, 0x0000, 0x0000, 0x0000, 0x0000, 0x0000,
    0x0000, 0x0000, 0x0000, 0x0000, 0x0000, 0x0000, 0x0000, 0x0000, 0x0000, 0x0000, 0x0000, 0x0000, 0x0000, 0x0000, 0x0000, 0x0000,
    0x0000, 0x0000, 0x0000, 0x0000, 0x0000, 0x0000, 0x0000, 0x0000, 0x0000, 0x0000, 0x0000, 0x0000, 0x0000, 0x0000, 0x0000, 0x0000,
    0x0000, 0x0000, 0x0000, 0x0000, 0x0000, 0x0000, 0x0000, 0x0000, 0x0000, 0x0000, 0x0000, 0x0000, 0x0000, 0x0000, 0x0000, 0x0000,
    0x0000, 0x0000, 0x0000, 0x0000, 0x0000, 0x0000, 0x0000, 0x0000, 0x0000, 0x0000, 0x0000, 0x0000, 0x0000, 0x0000, 0x0000, 0x0000,
    0x0000, 0x0000, 0x0000, 0x0000, 0x0000, 0x0000, 0x0000, 0x0000, 0x0000, 0x0000, 0x0000, 0x0000, 0x0000, 0x0000, 0x0000, 0x0000,
    0x0000, 0x0000, 0x0000, 0x0000, 0x0000, 0x0000, 0x0000, 0x0000, 0x0000, 0x0000, 0x0000, 0x0000, 0x0000, 0x0000, 0x0000, 0x0000,
    0x0000, 0x0000, 0x0000, 0x0000, 0x0000, 0x0000, 0x0000, 0x0000, 0x0000, 0x0000, 0x0000, 0x0000, 0x0000, 0x0000, 0x0000, 0x0000,
    0x0000, 0x0000, 0x0000, 0x0000, 0x0000, 0x0000, 0x0000, 0x0000, 0x0000, 0x0000, 0x0000, 0x0000, 0x0000, 0x0000, 0x0000, 0x0000,
    0x0000, 0x0000, 0x0000, 0x0000, 0x0000, 0x0000, 0x0000, 0x0000, 0x0000, 0x0000, 0x0000, 0x0000, 0x0000, 0x0000, 0x0000, 0x0000,
    0x0000, 0x0000, 0x0000, 0x0000, 0x0000, 0x0000, 0x0000, 0x0000, 0x0000, 0x0000, 0x0000, 0x0000, 0x0000, 0x0000, 0x0000, 0x0000,
    0x0000, 0x0000, 0x0000, 0x0000, 0x0000, 0x0000, 0x0000, 0x0000, 0x0000, 0x0000, 0x0000, 0x0000, 0x0000, 0x0000, 0x0000, 0x0000,
    0x0000, 0x0000, 0x0000, 0x0000, 0x0000, 0x0000, 0x0000, 0x0000, 0x0000, 0x0000, 0x0000, 0x0000, 0x0000, 0x0000, 0x0000, 0x0000,
    0x0000, 0x0000, 0x0000, 0x0000, 0x0000, 0x0000, 0x0000, 0x0000, 0x0000, 0x0000, 0x0000, 0x0000, 0x0000, 0x0000, 0x0000, 0x0000,
    0x0000, 0x0000, 0x0000, 0x0000, 0x0000, 0x0000, 0x0000, 0x0000, 0x0000, 0x0000, 0x0000, 0x0000, 0x0000, 0x0000, 0x0000, 0x0000,
    0x0000, 0x0000, 0x0000, 0x0000, 0x0000, 0x0000, 0x0000, 0x0000, 0x0000, 0x0000, 0x0000, 0x0000, 0x0000, 0x0000, 0x0000, 0x0000,
    0x0000, 0x0000, 0x0000, 0x0000, 0x0000, 0x0000, 0x0000, 0x0000, 0x0000, 0x0000, 0x0000, 0x0000, 0x0000, 0x0000, 0x0000, 0x0000,
    0x0000, 0x0000, 0x0000, 0x0000, 0x0000, 0x0000, 0x0000, 0x0000, 0x0000, 0x0000, 0x0000, 0x0000, 0x0000, 0x0000, 0x0000, 0x0000,
    0x0000, 0x0000, 0x0000, 0x0000, 0x0000, 0x0000, 0x0000, 0x0000, 0x0000, 0x0000, 0x0000, 0x0000, 0x0000, 0x0000, 0x0000, 0x0000,
    0x0000, 0x0000, 0x0000, 0x0000, 0x0000, 0x0000, 0x0000, 0x0000, 0x0000, 0x0000, 0x0000, 0x0000, 0x0000, 0x0000, 0x0000, 0x0000,
    0x0000, 0x0000, 0x0000, 0x0000, 0x0000, 0x0000, 0x0000, 0x0000, 0x0000, 0x0000, 0x0000, 0x0000, 0x0000, 0x0000, 0x0000, 0x0000,
    0x0000, 0x0000, 0x0000, 0x0000, 0x0000, 0x0000, 0x0000, 0x0000, 0x0000, 0x0000, 0x0000, 0x0000, 0x0000, 0x0000, 0x0000, 0x0000,
    0x0000, 0x0000, 0x0000, 0x0000, 0x0000, 0x0000, 0x0000, 0x0000, 0x0000, 0x0000, 0x0000, 0x0000, 0x0000, 0x0000, 0x0000, 0x0000,
    0x0000, 0x0000, 0x0000, 0x0000, 0x0000, 0x0000, 0x0000, 0x0000, 0x0000, 0x0000, 0x0000, 0x0000, 0x0000, 0x0000, 0x0000, 0x0000,
    0x0000, 0x0000, 0x0000, 0x0000, 0x0000, 0x0000, 0x0000, 0x0000, 0x0000, 0x0000, 0x0000, 0x0000, 0x0000, 0x0000, 0x0000, 0x0000,
    0x0000, 0x0000, 0x0000, 0x0000, 0x0000, 0x0000, 0x0000, 0x0000, 0x0000, 0x0000, 0x0000, 0x0000, 0x0000, 0x0000, 0x0000, 0x0000,
    0x0000, 0x0000, 0x0000, 0x0000, 0x0000, 0x0000, 0x0000, 0x0000, 0x0000, 0x0000, 0x0000, 0x0000, 0x0000, 0x0000, 0x0000, 0x0000,
    0x0000, 0x0000, 0x0000, 0x0000, 0x0000, 0x0000, 0x0000, 0x0000, 0x0000, 0x0000, 0x0000, 0x0000, 0x0000, 0x0000, 0x0000, 0x0000,
    0x0000, 0x0000, 0x0000, 0x0000, 0x0000, 0x0000, 0x0000, 0x0000, 0x0000, 0x0000, 0x0000, 0x0000, 0x0000, 0x0000, 0x0000, 0x0000,
    0x0000, 0x0000, 0x0000, 0x0000, 0x0000, 0x0000, 0x0000, 0x0000, 0x0000, 0x0000, 0x0000, 0x0000, 0x0000, 0x0000, 0x0000, 0x0000,
    0x0000, 0x0000, 0x0000, 0x0000, 0x0000, 0x0000, 0x0000, 0x0000, 0x0000, 0x0000, 0x0000, 0x0000, 0x0000, 0x0000, 0x0000, 0x0000,
    0x0000, 0x0000, 0x0000, 0x0000, 0x0000, 0x0000, 0x0000, 0x0000, 0x0000, 0x0000, 0x0000, 0x0000, 0x0000, 0x0000, 0x0000, 0x0000,
    0x0000, 0x0000, 0x0000, 0x0000, 0x0000, 0x0000, 0x0000, 0x0000, 0x0000, 0x0000, 0x0000, 0x0000, 0x0000, 0x0000, 0x0000, 0x0000,
    0x0000, 0x0000, 0x0000, 0x0000, 0x0000, 0x0000, 0x0000, 0x0000, 0x0000, 0x0000, 0x0000, 0x0000, 0x0000, 0x0000, 0x0000, 0x0000,
    0x0000, 0x0000, 0x0000, 0x0000, 0x0000, 0x0000, 0x0000, 0x0000, 0x0000, 0x0000, 0x0000, 0x0000, 0x0000, 0x0000, 0x0000, 0x0000,
    0x0000, 0x0000, 0x0000, 0x0000, 0x0000, 0x0000, 0x0000, 0x0000, 0x0000, 0x0000, 0x0000, 0x0000, 0x0000, 0x0000, 0x0000, 0x0000,
    0x0000, 0x0000, 0x0000, 0x0000, 0x0000, 0x0000, 0x0000, 0x0000, 0x0000, 0x0000, 0x0000, 0x0000, 0x0000, 0x0000, 0x0000, 0x0000,
    0x0000, 0x0000, 0x0000, 0x0000, 0x0000, 0x0000, 0x0000, 0x0000, 0x0000, 0x0000, 0x0000, 0x0000, 0x0000, 0x0000, 0x0000, 0x0000,
    0x0000, 0x0000, 0x0000, 0x0000, 0x0000, 0x0000, 0x0000, 0x0000, 0x0000, 0x0000, 0x0000, 0x0000, 0x0000, 0x0000, 0x0000, 0x0000,
    0x0000, 0x0000, 0x0000, 0x0000, 0x0000, 0x0000, 0x0000, 0x0000, 0x0000, 0x0000, 0x0000, 0x0000, 0x0000, 0x0000, 0x0000, 0x0000,
    0x0000, 0x0000, 0x0000, 0x0000, 0x0000, 0x0000, 0x0000, 0x0000, 0x0000, 0x0000, 0x0000, 0x0000, 0x0000, 0x0000, 0x0000, 0x0000,
    0x0000, 0x0000, 0x0000, 0x0000, 0x0000, 0x0000, 0x0000, 0x0000, 0x0000, 0x0000, 0x0000, 0x0000, 0x0000, 0x0000, 0x0000, 0x0000,
    0x0000, 0x0000, 0x0000, 0x0000, 0x0000, 0x0000, 0x0000, 0x0000, 0x0000, 0x0000, 0x0000, 0x0000, 0x0000, 0x0000, 0x0000, 0x0000,
    0x0000, 0x0000, 0x0000, 0x0000, 0x0000, 0x0000, 0x0000, 0x0000, 0x0000, 0x0000, 0x0000, 0x0000, 0x0000, 0x0000, 0x0000, 0x0000,
    0x0000, 0x0000, 0x0000, 0x0000, 0x0000, 0x0000, 0x0000, 0x0000, 0x0000, 0x0000, 0x0000, 0x0000, 0x0000, 0x0000, 0x0000, 0x0000,
    0x0000, 0x0000, 0x0000, 0x0000, 0x0000, 0x0000, 0x0000, 0x0000, 0x0000, 0x0000, 0x0000, 0x0000, 0x0000, 0x0000, 0x0000, 0x0000,
    0x0000, 0x0000, 0x0000, 0x0000, 0x0000, 0x0000, 0x0000, 0x0000, 0x0000, 0x0000, 0x0000, 0x0000, 0x0000, 0x0000, 0x0000, 0x0000,
    0x0000, 0x0000, 0x0000, 0x0000, 0x0000, 0x0000, 0x0000, 0x0000, 0x0000, 0x0000, 0x0000, 0x0000, 0x0000, 0x0000, 0x0000, 0x0000,
    0x0000, 0x0000, 0x0000, 0x0000, 0x0000, 0x0000, 0x0000, 0x0000, 0x0000, 0x0000, 0x0000, 0x0000, 0x0000, 0x0000, 0x0000, 0x0000,
    0x0000, 0x0000, 0x0000, 0x0000, 0x0000, 0x0000, 0x0000, 0x0000, 0x0000, 0x0000, 0x0000, 0x0000, 0x0000, 0x0000, 0x0000, 0x0000,
    0x0000, 0x0000, 0x0000, 0x0000, 0x0000, 0x0000, 0x0000, 0x0000, 0x0000, 0x0000, 0x0000, 0x0000, 0x0000, 0x0000, 0x0000, 0x0000,
    0x0000, 0x0000, 0x0000, 0x0000, 0x0000, 0x0000, 0x0000, 0x0000, 0x0000, 0x0000, 0x0000, 0x0000, 0x0000, 0x0000, 0x0000, 0x0000,
    0x0000, 0x0000, 0x0000, 0x0000, 0x0000, 0x0000, 0x0000, 0x0000, 0x0000, 0x0000, 0x0000, 0x0000, 0x0000, 0x0000, 0x0000, 0x0000,
    0x0000, 0x0000, 0x0000, 0x0000, 0x0000, 0x0000, 0x0000, 0x0000, 0x0000, 0x0000, 0x0000, 0x0000, 0x0000, 0x0000, 0x0000, 0x0000,
    0x0000, 0x0000, 0x0000, 0x0000, 0x0000, 0x0000, 0x0000, 0x0000, 0x0000, 0x0000, 0x0000, 0x0000, 0x0000, 0x0000, 0x0000, 0x0000,
    0x0000, 0x0000, 0x0000, 0x0000, 0x0000, 0x0000, 0x0000, 0x0000, 0x0000, 0x0000, 0x0000, 0x0000, 0x0000, 0x0000, 0x0000, 0x0000,
    0x0000, 0x0000, 0x0000, 0x0000, 0x0000, 0x0000, 0x0000, 0x0000, 0x0000, 0x0000, 0x0000, 0x0000, 0x0000, 0x0000, 0x0000, 0x0000,
    0x0000, 0x0000, 0x0000, 0x0000, 0x0000, 0x0000, 0x0000, 0x0000, 0x0000, 0x0000, 0x0000, 0x0000, 0x0000, 0x0000, 0x0000, 0x0000,
    0x0000, 0x0000, 0x0000, 0x0000, 0x0000, 0x0000, 0x0000, 0x0000, 0x0000, 0x0000, 0x0000, 0x0000, 0x0000, 0x0000, 0x0000, 0x0000,
    0x0000, 0x0000, 0x0000, 0x0000, 0x0000, 0x0000, 0x0000, 0x0000, 0x0000, 0x0000, 0x0000, 0x0000, 0x0000, 0x0000, 0x0000, 0x0000,
    0x0000, 0x0000, 0x0000, 0x0000, 0x0000, 0x0000, 0x0000, 0x0000, 0x0000, 0x0000, 0x0000, 0x0000, 0x0000, 0x0000, 0x0000, 0x0000,
    0x0000, 0x0000, 0x0000, 0x0000, 0x0000, 0x0000, 0x0000, 0x0000, 0x0000, 0x0000, 0x0000, 0x0000, 0x0000, 0x0000, 0x0000, 0x0000,
    0x0000, 0x0000, 0x0000, 0x0000, 0x0000, 0x0000, 0x0000, 0x0000, 0x0000, 0x0000, 0x0000, 0x0000, 0x0000, 0x0000, 0x0000, 0x0000,
    0x0000, 0x0000, 0x0000, 0x0000, 0x0000, 0x0000, 0x0000, 0x0000, 0x0000, 0x0000, 0x0000, 0x0000, 0x0000, 0x0000, 0x0000, 0x0000,
    0x0000, 0x0000, 0x0000, 0x0000, 0x0000, 0x0000, 0x0000, 0x0000, 0x0000, 0x0000, 0x0000, 0x0000, 0x0000, 0x0000, 0x0000, 0x0000,
    0x0000, 0x0000, 0x0000, 0x0000, 0x0000, 0x0000, 0x0000, 0x0000, 0x0000, 0x0000, 0x0000, 0x0000, 0x0000, 0x0000, 0x0000, 0x0000,
    0x0000, 0x0000, 0x0000, 0x0000, 0x0000, 0x0000, 0x0000, 0x0000, 0x0000, 0x0000, 0x0000, 0x0000, 0x0000, 0x0000, 0x0000, 0x0000,
    0x0000, 0x0000, 0x0000, 0x0000, 0x0000, 0x0000, 0x0000, 0x0000, 0x0000, 0x0000, 0x0000, 0x0000, 0x0000, 0x0000, 0x0000, 0x0000,
    0x0000, 0x0000, 0x0000, 0x0000, 0x0000, 0x0000, 0x0000, 0x0000, 0x0000, 0x0000, 0x0000, 0x0000, 0x0000, 0x0000, 0x0000, 0x0000,
    0x0000, 0x0000, 0x0000, 0x0000, 0x0000, 0x0000, 0x0000, 0x0000, 0x0000, 0x0000, 0x0000, 0x0000, 0x0000, 0x0000, 0x0000, 0x0000,
    0x0000, 0x0000, 0x0000, 0x0000, 0x0000, 0x0000, 0x0000, 0x0000, 0x0000, 0x0000, 0x0000, 0x0000, 0x0000, 0x0000, 0x0000, 0x0000,
    0x0000, 0x0000, 0x0000, 0x0000, 0x0000, 0x0000, 0x0000, 0x0000, 0x0000, 0x0000, 0x0000, 0x0000, 0x0000, 0x0000, 0x0000, 0x0000,
    0x0000, 0x0000, 0x0000, 0x0000, 0x0000, 0x0000, 0x0000, 0x0000, 0x0000, 0x0000, 0x0000, 0x0000, 0x0000, 0x0000, 0x0000, 0x0000,
    0x0000, 0x0000, 0x0000, 0x0000, 0x0000, 0x0000, 0x0000, 0x0000, 0x0000, 0x0000, 0x0000, 0x0000, 0x0000, 0x0000, 0x0000, 0x0000,
    0x0000, 0x0000, 0x0000, 0x0000, 0x0000, 0x0000, 0x0000, 0x0000, 0x0000, 0x0000, 0x0000, 0x0000, 0x0000, 0x0000, 0x0000, 0x0000,
    0x0000, 0x0000, 0x0000, 0x0000, 0x0000, 0x0000, 0x0000, 0x0000, 0x0000, 0x0000, 0x0000, 0x0000, 0x0000, 0x0000, 0x0000, 0x0000,
    0x0000, 0x0000, 0x0000, 0x0000, 0x0000, 0x0000, 0x0000, 0x0000, 0x0000, 0x0000, 0x0000, 0x0000, 0x0000, 0x0000, 0x0000, 0x0000,
    0x0000, 0x0000, 0x0000, 0x0000, 0x0000, 0x0000, 0x0000, 0x0000, 0x0000, 0x0000, 0x0000, 0x0000, 0x0000, 0x0000, 0x0000, 0x0000,
    0x0000, 0x0000, 0x0000, 0x0000, 0x0000, 0x0000, 0x0000, 0x0000, 0x0000, 0x0000, 0x0000, 0x0000, 0x0000, 0x0000, 0x0000, 0x0000,
    0x0000, 0x0000, 0x0000, 0x0000, 0x0000, 0x0000, 0x0000, 0x0000, 0x0000, 0x0000, 0x0000, 0x0000, 0x0000, 0x0000, 0x0000, 0x0000,
    0x0000, 0x0000, 0x0000, 0x0000, 0x0000, 0x0000, 0x0000, 0x0000, 0x0000, 0x0000, 0x0000, 0x0000, 0x0000, 0x0000, 0x0000, 0x0000,
    0x0000, 0x0000, 0x0000, 0x0000, 0x0000, 0x0000, 0x0000, 0x0000, 0x0000, 0x0000, 0x0000, 0x0000, 0x0000, 0x0000, 0x0000, 0x0000,
    0x0000, 0x0000, 0x0000, 0x0000, 0x0000, 0x0000, 0x0000, 0x0000, 0x0000, 0x0000, 0x0000, 0x0000, 0x0000, 0x0000, 0x0000, 0x0000,
    0x0000, 0x0000, 0x0000, 0x0000, 0x0000, 0x0000, 0x0000, 0x0000, 0x0000, 0x0000, 0x0000, 0x0000, 0x0000, 0x0000, 0x0000, 0x0000,
    0x0000, 0x0000, 0x0000, 0x0000, 0x0000, 0x0000, 0x0000, 0x0000, 0x0000, 0x0000, 0x0000, 0x0000, 0x0000, 0x0000, 0x0000, 0x0000,
    0x0000, 0x0000, 0x0000, 0x0000, 0x0000, 0x0000, 0x0000, 0x0000, 0x0000, 0x0000, 0x0000, 0x0000, 0x0000, 0x0000, 0x0000, 0x0000,
    0x0000, 0x0000, 0x0000, 0x0000, 0x0000, 0x0000, 0x0000, 0x0000, 0x0000, 0x0000, 0x0000, 0x0000, 0x0000, 0x0000, 0x0000, 0x0000,
    0x0000, 0x0000, 0x0000, 0x0000, 0x0000, 0x0000, 0x0000, 0x0000, 0x0000, 0x0000, 0x0000, 0x0000, 0x0000, 0x0000, 0x0000, 0x0000,
    0x0000, 0x0000, 0x0000, 0x0000, 0x0000, 0x0000, 0x0000, 0x0000, 0x0000, 0x0000, 0x0000, 0x0000, 0x0000, 0x0000, 0x0000, 0x0000,
    0x0000, 0x0000, 0x0000, 0x0000, 0x0000, 0x0000, 0x0000, 0x0000, 0x0000, 0x0000, 0x0000, 0x0000, 0x0000, 0x0000, 0x0000, 0x0000,
    0x0000, 0x0000, 0x0000, 0x0000, 0x0000, 0x0000, 0x0000, 0x0000, 0x0000, 0x0000, 0x0000, 0x0000, 0x0000, 0x0000, 0x0000, 0x0000,
    0x0000, 0x0000, 0x0000, 0x0000, 0x0000, 0x0000, 0x0000, 0x0000, 0x0000, 0x0000, 0x0000, 0x0000, 0x0000, 0x0000, 0x0000, 0x0000,
    0x0000, 0x0000, 0x0000, 0x0000, 0x0000, 0x0000, 0x0000, 0x0000, 0x0000, 0x0000, 0x0000, 0x0000, 0x0000, 0x0000, 0x0000, 0x0000,
    0x0000, 0x0000, 0x0000, 0x0000, 0x0000, 0x0000, 0x0000, 0x0000, 0x0000, 0x0000, 0x0000, 0x0000, 0x0000, 0x0000, 0x0000, 0x0000,
    0x0000, 0x0000, 0x0000, 0x0000, 0x0000, 0x0000, 0x0000, 0x0000, 0x0000, 0x0000, 0x0000, 0x0000, 0x0000, 0x0000, 0x0000, 0x0000,
    0x0000, 0x0000, 0x0000, 0x0000, 0x0000, 0x0000, 0x0000, 0x0000, 0x0000, 0x0000, 0x0000, 0x0000, 0x0000, 0x0000, 0x0000, 0x0000,
    0x0000, 0x0000, 0x0000, 0x0000, 0x0000, 0x0000, 0x0000, 0x0000, 0x0000, 0x0000, 0x0000, 0x0000, 0x0000, 0x0000, 0x0000, 0x0000,
    0x0000, 0x0000, 0x0000, 0x0000, 0x0000, 0x0000, 0x0000, 0x0000, 0x0000, 0x0000, 0x0000, 0x0000, 0x0000, 0x0000, 0x0000, 0x0000,
    0x0000, 0x0000, 0x0000, 0x0000, 0x0000, 0x0000, 0x0000, 0x0000, 0x0000, 0x0000, 0x0000, 0x0000, 0x0000, 0x0000, 0x0000, 0x0000,
    0x0000, 0x0000, 0x0000, 0x0000, 0x0000, 0x0000, 0x0000, 0x0000, 0x0000, 0x0000, 0x0000, 0x0000, 0x0000, 0x0000, 0x0000, 0x0000,
    0x0000, 0x0000, 0x0000, 0x0000, 0x0000, 0x0000, 0x0000, 0x0000, 0x0000, 0x0000, 0x0000, 0x0000, 0x0000, 0x0000, 0x0000, 0x0000,
    0x0000, 0x0000, 0x0000, 0x0000, 0x0000, 0x0000, 0x0000, 0x0000, 0x0000, 0x0000, 0x0000, 0x0000, 0x0000, 0x0000, 0x0000, 0x0000,
    0x0000, 0x0000, 0x0000, 0x0000, 0x0000, 0x0000, 0x0000, 0x0000, 0x0000, 0x0000, 0x0000, 0x0000, 0x0000, 0x0000, 0x0000, 0x0000,
    0x0000, 0x0000, 0x0000, 0x0000, 0x0000, 0x0000, 0x0000, 0x0000, 0x0000, 0x0000, 0x0000, 0x0000, 0x0000, 0x0000, 0x0000, 0x0000,
    0x0000, 0x0000, 0x0000, 0x0000, 0x0000, 0x0000, 0x0000, 0x0000, 0x0000, 0x0000, 0x0000, 0x0000, 0x0000, 0x0000, 0x0000, 0x0000,
    0x0000, 0x0000, 0x0000, 0x0000, 0x0000, 0x0000, 0x0000, 0x0000, 0x0000, 0x0000, 0x0000, 0x0000, 0x0000, 0x0000, 0x0000, 0x0000,
    0x0000, 0x0000, 0x0000, 0x0000, 0x0000, 0x0000, 0x0000, 0x0000, 0x0000, 0x0000, 0x0000, 0x0000, 0x0000, 0x0000, 0x0000, 0x0000,
    0x0000, 0x0000, 0x0000, 0x0000, 0x0000, 0x0000, 0x0000, 0x0000, 0x0000, 0x0000, 0x0000, 0x0000, 0x0000, 0x0000, 0x0000, 0x0000,
    0x0000, 0x0000, 0x0000, 0x0000, 0x0000, 0x0000, 0x0000, 0x0000, 0x0000, 0x0000, 0x0000, 0x0000, 0x0000, 0x0000, 0x0000, 0x0000,
    0x0000, 0x0000, 0x0000, 0x0000, 0x0000, 0x0000, 0x0000, 0x0000, 0x0000, 0x0000, 0x0000, 0x0000, 0x0000, 0x0000, 0x0000, 0x0000,
    0x0000, 0x0000, 0x0000, 0x0000, 0x0000, 0x0000, 0x0000, 0x0000, 0x0000, 0x0000, 0x0000, 0x0000, 0x0000, 0x0000, 0x0000, 0x0000,
    0x0000, 0x0000, 0x0000, 0x0000, 0x0000, 0x0000, 0x0000, 0x0000, 0x0000, 0x0000, 0x0000, 0x0000, 0x0000, 0x0000, 0x0000, 0x0000,
    0x0000, 0x0000, 0x0000, 0x0000, 0x0000, 0x0000, 0x0000, 0x0000, 0x0000, 0x0000, 0x0000, 0x0000, 0x0000, 0x0000, 0x0000, 0x0000,
    0x0000, 0x0000, 0x0000, 0x0000, 0x0000, 0x0000, 0x0000, 0x0000, 0x0000, 0x0000, 0x0000, 0x0000, 0x0000, 0x0000, 0x0000, 0x0000,
    0x0000, 0x0000, 0x0000, 0x0000, 0x0000, 0x0000, 0x0000, 0x0000, 0x0000, 0x0000, 0x0000, 0x0000, 0x0000, 0x0000, 0x0000, 0x0000,
    0x0000, 0x0000, 0x0000, 0x0000, 0x0000, 0x0000, 0x0000, 0x0000, 0x0000, 0x0000, 0x0000, 0x0000, 0x0000, 0x0000, 0x0000, 0x0000,
    0x0000, 0x0000, 0x0000, 0x0000, 0x0000, 0x0000, 0x0000, 0x0000, 0x0000, 0x0000, 0x0000, 0x0000, 0x0000, 0x0000, 0x0000, 0x0000,
    0x0000, 0x0000, 0x0000, 0x0000, 0x0000, 0x0000, 0x0000, 0x0000, 0x0000, 0x0000, 0x0000, 0x0000, 0x0000, 0x0000, 0x0000, 0x0000,
    0x0000, 0x0000, 0x0000, 0x0000, 0x0000, 0x0000, 0x0000, 0x0000, 0x0000, 0x0000, 0x0000, 0x0000, 0x0000, 0x0000, 0x0000, 0x0000,
    0x0000, 0x0000, 0x0000, 0x0000, 0x0000, 0x0000, 0x0000, 0x0000, 0x0000, 0x0000, 0x0000, 0x0000, 0x0000, 0x0000, 0x0000, 0x0000,
    0x0000, 0x0000, 0x0000, 0x0000, 0x0000, 0x0000, 0x0000, 0x0000, 0x0000, 0x0000, 0x0000, 0x0000, 0x0000, 0x0000, 0x0000, 0x0000,
    0x0000, 0x0000, 0x0000, 0x0000, 0x0000, 0x0000, 0x0000, 0x0000, 0x0000, 0x0000, 0x0000, 0x0000, 0x0000, 0x0000, 0x0000, 0x0000,
    0x0000, 0x0000, 0x0000, 0x0000, 0x0000, 0x0000, 0x0000, 0x0000, 0x0000, 0x0000, 0x0000, 0x0000, 0x0000, 0x0000, 0x0000, 0x0000,
    0x0000, 0x0000, 0x0000, 0x0000, 0x0000, 0x0000, 0x0000, 0x0000, 0x0000, 0x0000, 0x0000, 0x0000, 0x0000, 0x0000, 0x0000, 0x0000,
    0x0000, 0x0000, 0x0000, 0x0000, 0x0000, 0x0000, 0x0000, 0x0000, 0x0000, 0x0000, 0x0000, 0x0000, 0x0000, 0x0000, 0x0000, 0x0000,
    0x0000, 0x0000, 0x0000, 0x0000, 0x0000, 0x0000, 0x0000, 0x0000, 0x0000, 0x0000, 0x0000, 0x0000, 0x0000, 0x0000, 0x0000, 0x0000,
    0x0000, 0x0000, 0x0000, 0x0000, 0x0000, 0x0000, 0x0000, 0x0000, 0x0000, 0x0000, 0x0000, 0x0000, 0x0000, 0x0000, 0x0000, 0x0000,
    0x0000, 0x0000, 0x0000, 0x0000, 0x0000, 0x0000, 0x0000, 0x0000, 0x0000, 0x0000, 0x0000, 0x0000, 0x0000, 0x0000, 0x0000, 0x0000,
    0x0000, 0x0000, 0x0000, 0x0000, 0x0000, 0x0000, 0x0000, 0x0000, 0x0000, 0x0000, 0x0000, 0x0000, 0x0000, 0x0000, 0x0000, 0x0000,
    0x0000, 0x0000, 0x0000, 0x0000, 0x0000, 0x0000, 0x0000, 0x0000, 0x0000, 0x0000, 0x0000, 0x0000, 0x0000, 0x0000, 0x0000, 0x0000,
    0x0000, 0x0000, 0x0000, 0x0000, 0x0000, 0x0000, 0x0000, 0x0000, 0x0000, 0x0000, 0x0000, 0x0000, 0x0000, 0x0000, 0x0000, 0x0000,
    0x0000, 0x0000, 0x0000, 0x0000, 0x0000, 0x0000, 0x0000, 0x0000, 0x0000, 0x0000, 0x0000, 0x0000, 0x0000, 0x0000, 0x0000, 0x0000,
    0x0000, 0x0000, 0x0000, 0x0000, 0x0000, 0x0000, 0x0000, 0x0000, 0x0000, 0x0000, 0x0000, 0x0000, 0x0000, 0x0000, 0x0000, 0x0000,
    0x0000, 0x0000, 0x0000, 0x0000, 0x0000, 0x0000, 0x0000, 0x0000, 0x0000, 0x0000, 0x0000, 0x0000, 0x0000, 0x0000, 0x0000, 0x0000,
    0x0000, 0x0000, 0x0000, 0x0000, 0x0000, 0x0000, 0x0000, 0x0000, 0x0000, 0x0000, 0x0000, 0x0000, 0x0000, 0x0000, 0x0000, 0x0000,
    0x0000, 0x0000, 0x0000, 0x0000, 0x0000, 0x0000, 0x0000, 0x0000, 0x0000, 0x0000, 0x0000, 0x0000, 0x0000, 0x0000, 0x0000, 0x0000,
    0x0000, 0x0000, 0x0000, 0x0000, 0x0000, 0x0000, 0x0000, 0x0000, 0x0000, 0x0000, 0x0000, 0x0000, 0x0000, 0x0000, 0x0000, 0x0000,
    0x0000, 0x0000, 0x0000, 0x0000, 0x0000, 0x0000, 0x0000, 0x0000, 0x0000, 0x0000, 0x0000, 0x0000, 0x0000, 0x0000, 0x0000, 0x0000,
    0x0000, 0x0000, 0x0000, 0x0000, 0x0000, 0x0000, 0x0000, 0x0000, 0x0000, 0x0000, 0x0000, 0x0000, 0x0000, 0x0000, 0x0000, 0x0000,
    0x0000, 0x0000, 0x0000, 0x0000, 0x0000, 0x0000, 0x0000, 0x0000, 0x0000, 0x0000, 0x0000, 0x0000, 0x0000, 0x0000, 0x0000, 0x0000,
    0x0000, 0x0000, 0x0000, 0x0000, 0x0000, 0x0000, 0x0000, 0x0000, 0x0000, 0x0000, 0x0000, 0x0000, 0x0000, 0x0000, 0x0000, 0x0000,
    0x0000, 0x0000, 0x0000, 0x0000, 0x0000, 0x0000, 0x0000, 0x0000, 0x0000, 0x0000, 0x0000, 0x0000, 0x0000, 0x0000, 0x0000, 0x0000,
    0x0000, 0x0000, 0x0000, 0x0000, 0x0000, 0x0000, 0x0000, 0x0000, 0x0000, 0x0000, 0x0000, 0x0000, 0x0000, 0x0000, 0x0000, 0x0000,
    0x0000, 0x0000, 0x0000, 0x0000, 0x0000, 0x0000, 0x0000, 0x0000, 0x0000, 0x0000, 0x0000, 0x0000, 0x0000, 0x0000, 0x0000, 0x0000,
    0x0000, 0x0000, 0x0000, 0x0000, 0x0000, 0x0000, 0x0000, 0x0000, 0x0000, 0x0000, 0x0000, 0x0000, 0x0000, 0x0000, 0x0000, 0x0000,
    0x0000, 0x0000, 0x0000, 0x0000, 0x0000, 0x0000, 0x0000, 0x0000, 0x0000, 0x0000, 0x0000, 0x0000, 0x0000, 0x0000, 0x0000, 0x0000,
    0x0000, 0x0000, 0x0000, 0x0000, 0x0000, 0x0000, 0x0000, 0x0000, 0x0000, 0x0000, 0x0000, 0x0000, 0x0000, 0x0000, 0x0000, 0x0000,
    0x0000, 0x0000, 0x0000, 0x0000, 0x0000, 0x0000, 0x0000, 0x0000, 0x0000, 0x0000, 0x0000, 0x0000, 0x0000, 0x0000, 0x0000, 0x0000,
    0x0000, 0x0000, 0x0000, 0x0000, 0x0000, 0x0000, 0x0000, 0x0000, 0x0000, 0x0000, 0x0000, 0x0000, 0x0000, 0x0000, 0x0000, 0x0000,
    0x0000, 0x0000, 0x0000, 0x0000, 0x0000, 0x0000, 0x0000, 0x0000, 0x0000, 0x0000, 0x0000, 0x0000, 0x0000, 0x0000, 0x0000, 0x0000,
    0x0000, 0x0000, 0x0000, 0x0000, 0x0000, 0x0000, 0x0000, 0x0000, 0x0000, 0x0000, 0x0000, 0x0000, 0x0000, 0x0000, 0x0000, 0x0000,
    0x0000, 0x0000, 0x0000, 0x0000, 0x0000, 0x0000, 0x0000, 0x0000, 0x0000, 0x0000, 0x0000, 0x0000, 0x0000, 0x0000, 0x0000, 0x0000,
    0x0000, 0x0000, 0x0000, 0x0000, 0x0000, 0x0000, 0x0000, 0x0000, 0x0000, 0x0000, 0x0000, 0x0000, 0x0000, 0x0000, 0x0000, 0x0000,
    0x0000, 0x0000, 0x0000, 0x0000, 0x0000, 0x0000, 0x0000, 0x0000, 0x0000, 0x0000, 0x0000, 0x0000, 0x0000, 0x0000, 0x0000, 0x0000,
    0x0000, 0x0000, 0x0000, 0x0000, 0x0000, 0x0000, 0x0000, 0x0000, 0x0000, 0x0000, 0x0000, 0x0000, 0x0000, 0x0000, 0x0000, 0x0000,
    0x0000, 0x0000, 0x0000, 0x0000, 0x0000, 0x0000, 0x0000, 0x0000, 0x0000, 0x0000, 0x0000, 0x0000, 0x0000, 0x0000, 0x0000, 0x0000,
    0x0000, 0x0000, 0x0000, 0x0000, 0x0000, 0x0000, 0x0000, 0x0000, 0x0000, 0x0000, 0x0000, 0x0000, 0x0000, 0x0000, 0x0000, 0x0000,
    0x0000, 0x0000, 0x0000, 0x0000, 0x0000, 0x0000, 0x0000, 0x0000, 0x0000, 0x0000, 0x0000, 0x0000, 0x0000, 0x0000, 0x0000, 0x0000,
    0x0000, 0x0000, 0x0000, 0x0000, 0x0000, 0x0000, 0x0000, 0x0000, 0x0000, 0x0000, 0x0000, 0x0000, 0x0000, 0x0000, 0x0000, 0x0000,
    0x0000, 0x0000, 0x0000, 0x0000, 0x0000, 0x0000, 0x0000, 0x0000, 0x0000, 0x0000, 0x0000, 0x0000, 0x0000, 0x0000, 0x0000, 0x0000,
    0x0000, 0x0000, 0x0000, 0x0000, 0x0000, 0x0000, 0x0000, 0x0000, 0x0000, 0x0000, 0x0000, 0x0000, 0x0000, 0x0000, 0x0000, 0x0000,
    0x0000, 0x0000, 0x0000, 0x0000, 0x0000, 0x0000, 0x0000, 0x0000, 0x0000, 0x0000, 0x0000, 0x0000, 0x0000, 0x0000, 0x0000, 0x0000,
    0x0000, 0x0000, 0x0000, 0x0000, 0x0000, 0x0000, 0x0000, 0x0000, 0x0000, 0x0000, 0x0000, 0x0000, 0x0000, 0x0000, 0x0000, 0x0000,
    0x0000, 0x0000, 0x0000, 0x0000, 0x0000, 0x0000, 0x0000, 0x0000, 0x0000, 0x0000, 0x0000, 0x0000, 0x0000, 0x0000, 0x0000, 0x0000,
    0x0000, 0x0000, 0x0000, 0x0000, 0x0000, 0x0000, 0x0000, 0x0000, 0x0000, 0x0000, 0x0000, 0x0000, 0x0000, 0x0000, 0x0000, 0x0000,
    0x0000, 0x0000, 0x0000, 0x0000, 0x0000, 0x0000, 0x0000, 0x0000, 0x0000, 0x0000, 0x0000, 0x0000, 0x0000, 0x0000, 0x0000, 0x0000,
    0x0000, 0x0000, 0x0000, 0x0000, 0x0000, 0x0000, 0x0000, 0x0000, 0x0000, 0x0000, 0x0000, 0x0000, 0x0000, 0x0000, 0x0000, 0x0000,
    0x0000, 0x0000, 0x0000, 0x0000, 0x0000, 0x0000, 0x0000, 0x0000, 0x0000, 0x0000, 0x0000, 0x0000, 0x0000, 0x0000, 0x0000, 0x0000,
    0x0000, 0x0000, 0x0000, 0x0000, 0x0000, 0x0000, 0x0000, 0x0000, 0x0000, 0x0000, 0x0000, 0x0000, 0x0000, 0x0000, 0x0000, 0x0000,
    0x0000, 0x0000, 0x0000, 0x0000, 0x0000, 0x0000, 0x0000, 0x0000, 0x0000, 0x0000, 0x0000, 0x0000, 0x0000, 0x0000, 0x0000, 0x0000,
    0x0000, 0x0000, 0x0000, 0x0000, 0x0000, 0x0000, 0x0000, 0x0000, 0x0000, 0x0000, 0x0000, 0x0000, 0x0000, 0x0000, 0x0000, 0x0000,
    0x0000, 0x0000, 0x0000, 0x0000, 0x0000, 0x0000, 0x0000, 0x0000, 0x0000, 0x0000, 0x0000, 0x0000, 0x0000, 0x0000, 0x0000, 0x0000,
    0x0000, 0x0000, 0x0000, 0x0000, 0x0000, 0x0000, 0x0000, 0x0000, 0x0000, 0x0000, 0x0000, 0x0000, 0x0000, 0x0000, 0x0000, 0x0000,
    0x0000, 0x0000, 0x0000, 0x0000, 0x0000, 0x0000, 0x0000, 0x0000, 0x0000, 0x0000, 0x0000, 0x0000, 0x0000, 0x0000, 0x0000, 0x0000,
    0x0000, 0x0000, 0x0000, 0x0000, 0x0000, 0x0000, 0x0000, 0x0000, 0x0000, 0x0000, 0x0000, 0x0000, 0x0000, 0x0000, 0x0000, 0x0000,
    0x0000, 0x0000, 0x0000, 0x0000, 0x0000, 0x0000, 0x0000, 0x0000, 0x0000, 0x0000, 0x0000, 0x0000, 0x0000, 0x0000, 0x0000, 0x0000,
    0x0000, 0x0000, 0x0000, 0x0000, 0x0000, 0x0000, 0x0000, 0x0000, 0x0000, 0x0000, 0x0000, 0x0000, 0x0000, 0x0000, 0x0000, 0x0000,
    0x0000, 0x0000, 0x0000, 0x0000, 0x0000, 0x0000, 0x0000, 0x0000, 0x0000, 0x0000, 0x0000, 0x0000, 0x0000, 0x0000, 0x0000, 0x0000,
    0x0000, 0x0000, 0x0000, 0x0000, 0x0000, 0x0000, 0x0000, 0x0000, 0x0000, 0x0000, 0x0000, 0x0000, 0x0000, 0x0000, 0x0000, 0x0000,
    0x0000, 0x0000, 0x0000, 0x0000, 0x0000, 0x0000, 0x0000, 0x0000, 0x0000, 0x0000, 0x0000, 0x0000, 0x0000, 0x0000, 0x0000, 0x0000,
    0x0000, 0x0000, 0x0000, 0x0000, 0x0000, 0x0000, 0x0000, 0x0000, 0x0000, 0x0000, 0x0000, 0x0000, 0x0000, 0x0000, 0x0000, 0x0000,
    0x0000, 0x0000, 0x0000, 0x0000, 0x0000, 0x0000, 0x0000, 0x0000, 0x0000, 0x0000, 0x0000, 0x0000, 0x0000, 0x0000, 0x0000, 0x0000,
    0x0000, 0x0000, 0x0000, 0x0000, 0x0000, 0x0000, 0x0000, 0x0000, 0x0000, 0x0000, 0x0000, 0x0000, 0x0000, 0x0000, 0x0000, 0x0000,
    0x0000, 0x0000, 0x0000, 0x0000, 0x0000, 0x0000, 0x0000, 0x0000, 0x0000, 0x0000, 0x0000, 0x0000, 0x0000, 0x0000, 0x0000, 0x0000,
    0x0000, 0x0000, 0x0000, 0x0000, 0x0000, 0x0000, 0x0000, 0x0000, 0x0000, 0x0000, 0x0000, 0x0000, 0x0000, 0x0000, 0x0000, 0x0000,
    0x0000, 0x0000, 0x0000, 0x0000, 0x0000, 0x0000, 0x0000, 0x0000, 0x0000, 0x0000, 0x0000, 0x0000, 0x0000, 0x0000, 0x0000, 0x0000,
    0x0000, 0x0000, 0x0000, 0x0000, 0x0000, 0x0000, 0x0000, 0x0000, 0x0000, 0x0000, 0x0000, 0x0000, 0x0000, 0x0000, 0x0000, 0x0000,
    0x0000, 0x0000, 0x0000, 0x0000, 0x0000, 0x0000, 0x0000, 0x0000, 0x0000, 0x0000, 0x0000, 0x0000, 0x0000, 0x0000, 0x0000, 0x0000,
    0x0000, 0x0000, 0x0000, 0x0000, 0x0000, 0x0000, 0x0000, 0x0000, 0x0000, 0x0000, 0x0000, 0x0000, 0x0000, 0x0000, 0x0000, 0x0000,
    0x0000, 0x0000, 0x0000, 0x0000, 0x0000, 0x0000, 0x0000, 0x0000, 0x0000, 0x0000, 0x0000, 0x0000, 0x0000, 0x0000, 0x0000, 0x0000,
    0x0000, 0x0000, 0x0000, 0x0000, 0x0000, 0x0000, 0x0000, 0x0000, 0x0000, 0x0000, 0x0000, 0x0000, 0x0000, 0x0000, 0x0000, 0x0000,
    0x0000, 0x0000, 0x0000, 0x0000, 0x0000, 0x0000, 0x0000, 0x0000, 0x0000, 0x0000, 0x0000, 0x0000, 0x0000, 0x0000, 0x0000, 0x0000,
    0x0000, 0x0000, 0x0000, 0x0000, 0x0000, 0x0000, 0x0000, 0x0000, 0x0000, 0x0000, 0x0000, 0x0000, 0x0000, 0x0000, 0x0000, 0x0000,
    0x0000, 0x0000, 0x0000, 0x0000, 0x0000, 0x0000, 0x0000, 0x0000, 0x0000, 0x0000, 0x0000, 0x0000, 0x0000, 0x0000, 0x0000, 0x0000,
    0x0000, 0x0000, 0x0000, 0x0000, 0x0000, 0x0000, 0x0000, 0x0000, 0x0000, 0x0000, 0x0000, 0x0000, 0x0000, 0x0000, 0x0000, 0x0000,
    0x0000, 0x0000, 0x0000, 0x0000, 0x0000, 0x0000, 0x0000, 0x0000, 0x0000, 0x0000, 0x0000, 0x0000, 0x0000, 0x0000, 0x0000, 0x0000,
    0x0000, 0x0000, 0x0000, 0x0000, 0x0000, 0x0000, 0x0000, 0x0000, 0x0000, 0x0000, 0x0000, 0x0000, 0x0000, 0x0000, 0x0000, 0x0000,
    0x0000, 0x0000, 0x0000, 0x0000, 0x0000, 0x0000, 0x0000, 0x0000, 0x0000, 0x0000, 0x0000, 0x0000, 0x0000, 0x0000, 0x0000, 0x0000,
    0x0000, 0x0000, 0x0000, 0x0000, 0x0000, 0x0000, 0x0000, 0x0000, 0x0000, 0x0000, 0x0000, 0x0000, 0x0000, 0x0000, 0x0000, 0x0000,
    0x0000, 0x0000, 0x0000, 0x0000, 0x0000, 0x0000, 0x0000, 0x0000, 0x0000, 0x0000, 0x0000, 0x0000, 0x0000, 0x0000, 0x0000, 0x0000,
    0x0000, 0x0000, 0x0000, 0x0000, 0x0000, 0x0000, 0x0000, 0x0000, 0x0000, 0x0000, 0x0000, 0x0000, 0x0000, 0x0000, 0x0000, 0x0000,
    0x0000, 0x0000, 0x0000, 0x0000, 0x0000, 0x0000, 0x0000, 0x0000, 0x0000, 0x0000, 0x0000, 0x0000, 0x0000, 0x0000, 0x0000, 0x0000,
    0x0000, 0x0000, 0x0000, 0x0000, 0x0000, 0x0000, 0x0000, 0x0000, 0x0000, 0x0000, 0x0000, 0x0000, 0x0000, 0x0000, 0x0000, 0x0000,
    0x0000, 0x0000, 0x0000, 0x0000, 0x0000, 0x0000, 0x0000, 0x0000, 0x0000, 0x0000, 0x0000, 0x0000, 0x0000, 0x0000, 0x0000, 0x0000,
    0x0000, 0x0000, 0x0000, 0x0000, 0x0000, 0x0000, 0x0000, 0x0000, 0x0000, 0x0000, 0x0000, 0x0000, 0x0000, 0x0000, 0x0000, 0x0000,
    0x0000, 0x0000, 0x0000, 0x0000, 0x0000, 0x0000, 0x0000, 0x0000, 0x0000, 0x0000, 0x0000, 0x0000, 0x0000, 0x0000, 0x0000, 0x0000,
    0x0000, 0x0000, 0x0000, 0x0000, 0x0000, 0x0000, 0x0000, 0x0000, 0x0000, 0x0000, 0x0000, 0x0000, 0x0000, 0x0000, 0x0000, 0x0000,
    0x0000, 0x0000, 0x0000, 0x0000, 0x0000, 0x0000, 0x0000, 0x0000, 0x0000, 0x0000, 0x0000, 0x0000, 0x0000, 0x0000, 0x0000, 0x0000,
    0x0000, 0x0000, 0x0000, 0x0000, 0x0000, 0x0000, 0x0000, 0x0000, 0x0000, 0x0000, 0x0000, 0x0000, 0x0000, 0x0000, 0x0000, 0x0000,
    0x0000, 0x0000, 0x0000, 0x0000, 0x0000, 0x0000, 0x0000, 0x0000, 0x0000, 0x0000, 0x0000, 0x0000, 0x0000, 0x0000, 0x0000, 0x0000,
    0x0000, 0x0000, 0x0000, 0x0000, 0x0000, 0x0000, 0x0000, 0x0000, 0x0000, 0x0000, 0x0000, 0x0000, 0x0000, 0x0000, 0x0000, 0x0000,
    0x0000, 0x0000, 0x0000, 0x0000, 0x0000, 0x0000, 0x0000, 0x0000, 0x0000, 0x0000, 0x0000, 0x0000, 0x0000, 0x0000, 0x0000, 0x0000,
    0x0000, 0x0000, 0x0000, 0x0000, 0x0000, 0x0000, 0x0000, 0x0000, 0x0000, 0x0000, 0x0000, 0x0000, 0x0000, 0x0000, 0x0000, 0x0000,
    0x0000, 0x0000, 0x0000, 0x0000, 0x0000, 0x0000, 0x0000, 0x0000, 0x0000, 0x0000, 0x0000, 0x0000, 0x0000, 0x0000, 0x0000, 0x0000,
    0x0000, 0x0000, 0x0000, 0x0000, 0x0000, 0x0000, 0x0000, 0x0000, 0x0000, 0x0000, 0x0000, 0x0000, 0x0000, 0x0000, 0x0000, 0x0000,
    0x0000, 0x0000, 0x0000, 0x0000, 0x0000, 0x0000, 0x0000, 0x0000, 0x0000, 0x0000, 0x0000, 0x0000, 0x0000, 0x0000, 0x0000, 0x0000,
    0x0000, 0x0000, 0x0000, 0x0000, 0x0000, 0x0000, 0x0000, 0x0000, 0x0000, 0x0000, 0x0000, 0x0000, 0x0000, 0x0000, 0x0000, 0x0000,
    0x0000, 0x0000, 0x0000, 0x0000, 0x0000, 0x0000, 0x0000, 0x0000, 0x0000, 0x0000, 0x0000, 0x0000, 0x0000, 0x0000, 0x0000, 0x0000,
    0x0000, 0x0000, 0x0000, 0x0000, 0x0000, 0x0000, 0x0000, 0x0000, 0x0000, 0x0000, 0x0000, 0x0000, 0x0000, 0x0000, 0x0000, 0x0000,
    0x0000, 0x0000, 0x0000, 0x0000, 0x0000, 0x0000, 0x0000, 0x0000, 0x0000, 0x0000, 0x0000, 0x0000, 0x0000, 0x0000, 0x0000, 0x0000,
    0x0000, 0x0000, 0x0000, 0x0000, 0x0000, 0x0000, 0x0000, 0x0000, 0x0000, 0x0000, 0x0000, 0x0000, 0x0000, 0x0000, 0x0000, 0x0000,
    0x0000, 0x0000, 0x0000, 0x0000, 0x0000, 0x0000, 0x0000, 0x0000, 0x0000, 0x0000, 0x0000, 0x0000, 0x0000, 0x0000, 0x0000, 0x0000,
    0x0000, 0x0000, 0x0000, 0x0000, 0x0000, 0x0000, 0x0000, 0x0000, 0x0000, 0x0000, 0x0000, 0x0000, 0x0000, 0x0000, 0x0000, 0x0000,
    0x0000, 0x0000, 0x0000, 0x6f3e, 0x6f13, 0x6ef7, 0x6f86, 0x6f7a, 0x6f78, 0x6f81, 0x6f80, 0x6f6f, 0x6f5b, 0x6ff3, 0x6f6d, 0x6f82,
    0x6f7c, 0x6f58, 0x6f8e, 0x6f91, 0x6fc2, 0x6f66, 0x6fb3, 0x6fa3, 0x6fa1, 0x6fa4, 0x6fb9, 0x6fc6, 0x6faa, 0x6fdf, 0x6fd5, 0x6fec,
    0x6fd4, 0x6fd8, 0x6ff1, 0x6fee, 0x6fdb, 0x7009, 0x700b, 0x6ffa, 0x7011, 0x7001, 0x700f, 0x6ffe, 0x701b, 0x701a, 0x6f74, 0x701d,
    0x7018, 0x701f, 0x7030, 0x703e, 0x7032, 0x7051, 0x7063, 0x7099, 0x7092, 0x70af, 0x70f1, 0x70ac, 0x70b8, 0x70b3, 0x70ae, 0x70df,
    0x70cb, 0x70dd, 0x0000, 0x70d9, 0x7109, 0x70fd, 0x711c, 0x7119, 0x7165, 0x7155, 0x7188, 0x7166, 0x7162, 0x714c, 0x7156, 0x716c,
    0x718f, 0x71fb, 0x7184, 0x7195, 0x71a8, 0x71ac, 0x71d7, 0x71b9, 0x71be, 0x71d2, 0x71c9, 0x71d4, 0x71ce, 0x71e0, 0x71ec, 0x71e7,
    0x71f5, 0x71fc, 0x71f9, 0x71ff, 0x720d, 0x7210, 0x721b, 0x7228, 0x722d, 0x722c, 0x7230, 0x7232, 0x723b, 0x723c, 0x723f, 0x7240,
    0x7246, 0x724b, 0x7258, 0x7274, 0x727e, 0x7282, 0x7281, 0x7287, 0x7292, 0x7296, 0x72a2, 0x72a7, 0x72b9, 0x72b2, 0x72c3, 0x72c6,
    0x72c4, 0x72ce, 0x72d2, 0x72e2, 0x72e0, 0x72e1, 0x72f9, 0x72f7, 0x500f, 0x7317, 0x730a, 0x731c, 0x7316, 0x731d, 0x7334, 0x732f,
    0x7329, 0x7325, 0x733e, 0x734e, 0x734f, 0x9ed8, 0x7357, 0x736a, 0x7368, 0x7370, 0x7378, 0x7375, 0x737b, 0x737a, 0x73c8, 0x73b3,
    0x73ce, 0x73bb, 0x73c0, 0x73e5, 0x73ee, 0x73de, 0x74a2, 0x7405, 0x746f, 0x7425, 0x73f8, 0x7432, 0x743a, 0x7455, 0x743f, 0x745f,
    0x7459, 0x7441, 0x745c, 0x7469, 0x7470, 0x7463, 0x746a, 0x7476, 0x747e, 0x748b, 0x749e, 0x74a7, 0x74ca, 0x74cf, 0x74d4, 0x73f1,
    0x74e0, 0x74e3, 0x74e7, 0x74e9, 0x74ee, 0x74f2, 0x74f0, 0x74f1, 0x74f8, 0x74f7, 0x7504, 0x7503, 0x7505, 0x750c, 0x750e, 0x750d,
    0x7515, 0x7513, 0x751e, 0x7526, 0x752c, 0x753c, 0x7544, 0x754d, 0x754a, 0x7549, 0x755b, 0x7546, 0x755a, 0x7569, 0x7564, 0x7567,
    0x756b, 0x756d, 0x7578, 0x7576, 0x7586, 0x7587, 0x7574, 0x758a, 0x7589, 0x7582, 0x7594, 0x759a, 0x759d, 0x75a5, 0x75a3, 0x75c2,
    0x75b3, 0x75c3, 0x75b5, 0x75bd, 0x75b8, 0x75bc, 0x75b1, 0x75cd, 0x75ca, 0x75d2, 0x75d9, 0x75e3, 0x75de, 0x75fe, 0x75ff, 0x0000,
    0x75fc, 0x7601, 0x75f0, 0x75fa, 0x75f2, 0x75f3, 0x760b, 0x760d, 0x7609, 0x761f, 0x7627, 0x7620, 0x7621, 0x7622, 0x7624, 0x7634,
    0x7630, 0x763b, 0x7647, 0x7648, 0x7646, 0x765c, 0x7658, 0x7661, 0x7662, 0x7668, 0x7669, 0x766a, 0x7667, 0x766c, 0x7670, 0x7672,
    0x7676, 0x7678, 0x767c, 0x7680, 0x7683, 0x7688, 0x768b, 0x768e, 0x7696, 0x7693, 0x7699, 0x769a, 0x76b0, 0x76b4, 0x76b8, 0x76b9,
    0x76ba, 0x76c2, 0x76cd, 0x76d6, 0x76d2, 0x76de, 0x76e1, 0x76e5, 0x76e7, 0x76ea, 0x862f, 0x76fb, 0x7708, 0x7707, 0x7704, 0x7729,
    0x7724, 0x771e, 0x7725, 0x7726, 0x771b, 0x7737, 0x7738, 0x7747, 0x775a, 0x7768, 0x776b, 0x775b, 0x7765, 0x777f, 0x777e, 0x7779,
    0x778e, 0x778b, 0x7791, 0x77a0, 0x779e, 0x77b0, 0x77b6, 0x77b9, 0x77bf, 0x77bc, 0x77bd, 0x77bb, 0x77c7, 0x77cd, 0x77d7, 0x77da,
    0x77dc, 0x77e3, 0x77ee, 0x77fc, 0x780c, 0x7812, 0x7926, 0x7820, 0x792a, 0x7845, 0x788e, 0x7874, 0x7886, 0x787c, 0x789a, 0x788c,
    0x78a3, 0x78b5, 0x78aa, 0x78af, 0x78d1, 0x78c6, 0x78cb, 0x78d4, 0x78be, 0x78bc, 0x78c5, 0x78ca, 0x78ec, 0x78e7, 0x78da, 0x78fd,
    0x78f4, 0x7907, 0x7912, 0x7911, 0x7919, 0x792c, 0x792b, 0x7940, 0x7960, 0x7957, 0x795f, 0x795a, 0x7955, 0x7953, 0x797a, 0x797f,
    0x798a, 0x799d, 0x79a7, 0x9f4b, 0x79aa, 0x79ae, 0x79b3, 0x79b9, 0x79ba, 0x79c9, 0x79d5, 0x79e7, 0x79ec, 0x79e1, 0x79e3, 0x7a08,
    0x7a0d, 0x7a18, 0x7a19, 0x7a20, 0x7a1f, 0x7980, 0x7a31, 0x7a3b, 0x7a3e, 0x7a37, 0x7a43, 0x7a57, 0x7a49, 0x7a61, 0x7a62, 0x7a69,
    0x9f9d, 0x7a70, 0x7a79, 0x7a7d, 0x7a88, 0x7a97, 0x7a95, 0x7a98, 0x7a96, 0x7aa9, 0x7ac8, 0x7ab0, 0x0000, 0x7ab6, 0x7ac5, 0x7ac4,
    0x7abf, 0x9083, 0x7ac7, 0x7aca, 0x7acd, 0x7acf, 0x7ad5, 0x7ad3, 0x7ad9, 0x7ada, 0x7add, 0x7ae1, 0x7ae2, 0x7ae6, 0x7aed, 0x7af0,
    0x7b02, 0x7b0f, 0x7b0a, 0x7b06, 0x7b33, 0x7b18, 0x7b19, 0x7b1e, 0x7b35, 0x7b28, 0x7b36, 0x7b50, 0x7b7a, 0x7b04, 0x7b4d, 0x7b0b,
    0x7b4c, 0x7b45, 0x7b75, 0x7b65, 0x7b74, 0x7b67, 0x7b70, 0x7b71, 0x7b6c, 0x7b6e, 0x7b9d, 0x7b98, 0x7b9f, 0x7b8d, 0x7b9c, 0x7b9a,
    0x7b8b, 0x7b92, 0x7b8f, 0x7b5d, 0x7b99, 0x7bcb, 0x7bc1, 0x7bcc, 0x7bcf, 0x7bb4, 0x7bc6, 0x7bdd, 0x7be9, 0x7c11, 0x7c14, 0x7be6,
    0x7be5, 0x7c60, 0x7c00, 0x7c07, 0x7c13, 0x7bf3, 0x7bf7, 0x7c17, 0x7c0d, 0x7bf6, 0x7c23, 0x7c27, 0x7c2a, 0x7c1f, 0x7c37, 0x7c2b,
    0x7c3d, 0x7c4c, 0x7c43, 0x7c54, 0x7c4f, 0x7c40, 0x7c50, 0x7c58, 0x7c5f, 0x7c64, 0x7c56, 0x7c65, 0x7c6c, 0x7c75, 0x7c83, 0x7c90,
    0x7ca4, 0x7cad, 0x7ca2, 0x7cab, 0x7ca1, 0x7ca8, 0x7cb3, 0x7cb2, 0x7cb1, 0x7cae, 0x7cb9, 0x7cbd, 0x7cc0, 0x7cc5, 0x7cc2, 0x7cd8,
    0x7cd2, 0x7cdc, 0x7ce2, 0x9b3b, 0x7cef, 0x7cf2, 0x7cf4, 0x7cf6, 0x7cfa, 0x7d06, 0x7d02, 0x7d1c, 0x7d15, 0x7d0a, 0x7d45, 0x7d4b,
    0x7d2e, 0x7d32, 0x7d3f, 0x7d35, 0x7d46, 0x7d73, 0x7d56, 0x7d4e, 0x7d72, 0x7d68, 0x7d6e, 0x7d4f, 0x7d63, 0x7d93, 0x7d89, 0x7d5b,
    0x7d8f, 0x7d7d, 0x7d9b, 0x7dba, 0x7dae, 0x7da3, 0x7db5, 0x7dc7, 0x7dbd, 0x7dab, 0x7e3d, 0x7da2, 0x7daf, 0x7ddc, 0x7db8, 0x7d9f,
    0x7db0, 0x7dd8, 0x7ddd, 0x7de4, 0x7dde, 0x7dfb, 0x7df2, 0x7de1, 0x7e05, 0x7e0a, 0x7e23, 0x7e21, 0x7e12, 0x7e31, 0x7e1f, 0x7e09,
    0x7e0b, 0x7e22, 0x7e46, 0x7e66, 0x7e3b, 0x7e35, 0x7e39, 0x7e43, 0x7e37, 0x0000, 0x7e32, 0x7e3a, 0x7e67, 0x7e5d, 0x7e56, 0x7e5e,
    0x7e59, 0x7e5a, 0x7e79, 0x7e6a, 0x7e69, 0x7e7c, 0x7e7b, 0x7e83, 0x7dd5, 0x7e7d, 0x8fae, 0x7e7f, 0x7e88, 0x7e89, 0x7e8c, 0x7e92,
    0x7e90, 0x7e93, 0x7e94, 0x7e96, 0x7e8e, 0x7e9b, 0x7e9c, 0x7f38, 0x7f3a, 0x7f45, 0x7f4c, 0x7f4d, 0x7f4e, 0x7f50, 0x7f51, 0x7f55,
    0x7f54, 0x7f58, 0x7f5f, 0x7f60, 0x7f68, 0x7f69, 0x7f67, 0x7f78, 0x7f82, 0x7f86, 0x7f83, 0x7f88, 0x7f87, 0x7f8c, 0x7f94, 0x7f9e,
    0x7f9d, 0x7f9a, 0x7fa3, 0x7faf, 0x7fb2, 0x7fb9, 0x7fae, 0x7fb6, 0x7fb8, 0x8b71, 0x7fc5, 0x7fc6, 0x7fca, 0x7fd5, 0x7fd4, 0x7fe1,
    0x7fe6, 0x7fe9, 0x7ff3, 0x7ff9, 0x98dc, 0x8006, 0x8004, 0x800b, 0x8012, 0x8018, 0x8019, 0x801c, 0x8021, 0x8028, 0x803f, 0x803b,
    0x804a, 0x8046, 0x8052, 0x8058, 0x805a, 0x805f, 0x8062, 0x8068, 0x8073, 0x8072, 0x8070, 0x8076, 0x8079, 0x807d, 0x807f, 0x8084,
    0x8086, 0x8085, 0x809b, 0x8093, 0x809a, 0x80ad, 0x5190, 0x80ac, 0x80db, 0x80e5, 0x80d9, 0x80dd, 0x80c4, 0x80da, 0x80d6, 0x8109,
    0x80ef, 0x80f1, 0x811b, 0x8129, 0x8123, 0x812f, 0x814b, 0x968b, 0x8146, 0x813e, 0x8153, 0x8151, 0x80fc, 0x8171, 0x816e, 0x8165,
    0x8166, 0x8174, 0x8183, 0x8188, 0x818a, 0x8180, 0x8182, 0x81a0, 0x8195, 0x81a4, 0x81a3, 0x815f, 0x8193, 0x81a9, 0x81b0, 0x81b5,
    0x81be, 0x81b8, 0x81bd, 0x81c0, 0x81c2, 0x81ba, 0x81c9, 0x81cd, 0x81d1, 0x81d9, 0x81d8, 0x81c8, 0x81da, 0x81df, 0x81e0, 0x81e7,
    0x81fa, 0x81fb, 0x81fe, 0x8201, 0x8202, 0x8205, 0x8207, 0x820a, 0x820d, 0x8210, 0x8216, 0x8229, 0x822b, 0x8238, 0x8233, 0x8240,
    0x8259, 0x8258, 0x825d, 0x825a, 0x825f, 0x8264, 0x0000, 0x8262, 0x8268, 0x826a, 0x826b, 0x822e, 0x8271, 0x8277, 0x8278, 0x827e,
    0x828d, 0x8292, 0x82ab, 0x829f, 0x82bb, 0x82ac, 0x82e1, 0x82e3, 0x82df, 0x82d2, 0x82f4, 0x82f3, 0x82fa, 0x8393, 0x8303, 0x82fb,
    0x82f9, 0x82de, 0x8306, 0x82dc, 0x8309, 0x82d9, 0x8335, 0x8334, 0x8316, 0x8332, 0x8331, 0x8340, 0x8339, 0x8350, 0x8345, 0x832f,
    0x832b, 0x8317, 0x8318, 0x8385, 0x839a, 0x83aa, 0x839f, 0x83a2, 0x8396, 0x8323, 0x838e, 0x8387, 0x838a, 0x837c, 0x83b5, 0x8373,
    0x8375, 0x83a0, 0x8389, 0x83a8, 0x83f4, 0x8413, 0x83eb, 0x83ce, 0x83fd, 0x8403, 0x83d8, 0x840b, 0x83c1, 0x83f7, 0x8407, 0x83e0,
    0x83f2, 0x840d, 0x8422, 0x8420, 0x83bd, 0x8438, 0x8506, 0x83fb, 0x846d, 0x842a, 0x843c, 0x855a, 0x8484, 0x8477, 0x846b, 0x84ad,
    0x846e, 0x8482, 0x8469, 0x8446, 0x842c, 0x846f, 0x8479, 0x8435, 0x84ca, 0x8462, 0x84b9, 0x84bf, 0x849f, 0x84d9, 0x84cd, 0x84bb,
    0x84da, 0x84d0, 0x84c1, 0x84c6, 0x84d6, 0x84a1, 0x8521, 0x84ff, 0x84f4, 0x8517, 0x8518, 0x852c, 0x851f, 0x8515, 0x8514, 0x84fc,
    0x8540, 0x8563, 0x8558, 0x8548, 0x8541, 0x8602, 0x854b, 0x8555, 0x8580, 0x85a4, 0x8588, 0x8591, 0x858a, 0x85a8, 0x856d, 0x8594,
    0x859b, 0x85ea, 0x8587, 0x859c, 0x8577, 0x857e, 0x8590, 0x85c9, 0x85ba, 0x85cf, 0x85b9, 0x85d0, 0x85d5, 0x85dd, 0x85e5, 0x85dc,
    0x85f9, 0x860a, 0x8613, 0x860b, 0x85fe, 0x85fa, 0x8606, 0x8622, 0x861a, 0x8630, 0x863f, 0x864d, 0x4e55, 0x8654, 0x865f, 0x8667,
    0x8671, 0x8693, 0x86a3, 0x86a9, 0x86aa, 0x868b, 0x868c, 0x86b6, 0x86af, 0x86c4, 0x86c6, 0x86b0, 0x86c9, 0x8823, 0x86ab, 0x86d4,
    0x86de, 0x86e9, 0x86ec, 0x0000, 0x86df, 0x86db, 0x86ef, 0x8712, 0x8706, 0x8708, 0x8700, 0x8703, 0x86fb, 0x8711, 0x8709, 0x870d,
    0x86f9, 0x870a, 0x8734, 0x873f, 0x8737, 0x873b, 0x8725, 0x8729, 0x871a, 0x8760, 0x875f, 0x8778, 0x874c, 0x874e, 0x8774, 0x8757,
    0x8768, 0x876e, 0x8759, 0x8753, 0x8763, 0x876a, 0x8805, 0x87a2, 0x879f, 0x8782, 0x87af, 0x87cb, 0x87bd, 0x87c0, 0x87d0, 0x96d6,
    0x87ab, 0x87c4, 0x87b3, 0x87c7, 0x87c6, 0x87bb, 0x87ef, 0x87f2, 0x87e0, 0x880f, 0x880d, 0x87fe, 0x87f6, 0x87f7, 0x880e, 0x87d2,
    0x8811, 0x8816, 0x8815, 0x8822, 0x8821, 0x8831, 0x8836, 0x8839, 0x8827, 0x883b, 0x8844, 0x8842, 0x8852, 0x8859, 0x885e, 0x8862,
    0x886b, 0x8881, 0x887e, 0x889e, 0x8875, 0x887d, 0x88b5, 0x8872, 0x8882, 0x8897, 0x8892, 0x88ae, 0x8899, 0x88a2, 0x888d, 0x88a4,
    0x88b0, 0x88bf, 0x88b1, 0x88c3, 0x88c4, 0x88d4, 0x88d8, 0x88d9, 0x88dd, 0x88f9, 0x8902, 0x88fc, 0x88f4, 0x88e8, 0x88f2, 0x8904,
    0x890c, 0x890a, 0x8913, 0x8943, 0x891e, 0x8925, 0x892a, 0x892b, 0x8941, 0x8944, 0x893b, 0x8936, 0x8938, 0x894c, 0x891d, 0x8960,
    0x895e, 0x8966, 0x8964, 0x896d, 0x896a, 0x896f, 0x8974, 0x8977, 0x897e, 0x8983, 0x8988, 0x898a, 0x8993, 0x8998, 0x89a1, 0x89a9,
    0x89a6, 0x89ac, 0x89af, 0x89b2, 0x89ba, 0x89bd, 0x89bf, 0x89c0, 0x89da, 0x89dc, 0x89dd, 0x89e7, 0x89f4, 0x89f8, 0x8a03, 0x8a16,
    0x8a10, 0x8a0c, 0x8a1b, 0x8a1d, 0x8a25, 0x8a36, 0x8a41, 0x8a5b, 0x8a52, 0x8a46, 0x8a48, 0x8a7c, 0x8a6d, 0x8a6c, 0x8a62, 0x8a85,
    0x8a82, 0x8a84, 0x8aa8, 0x8aa1, 0x8a91, 0x8aa5, 0x8aa6, 0x8a9a, 0x8aa3, 0x8ac4, 0x8acd, 0x8ac2, 0x8ada, 0x8aeb, 0x8af3, 0x8ae7,
    0x0000, 0x8ae4, 0x8af1, 0x8b14, 0x8ae0, 0x8ae2, 0x8af7, 0x8ade, 0x8adb, 0x8b0c, 0x8b07, 0x8b1a, 0x8ae1, 0x8b16, 0x8b10, 0x8b17,
    0x8b20, 0x8b33, 0x97ab, 0x8b26, 0x8b2b, 0x8b3e, 0x8b28, 0x8b41, 0x8b4c, 0x8b4f, 0x8b4e, 0x8b49, 0x8b56, 0x8b5b, 0x8b5a, 0x8b6b,
    0x8b5f, 0x8b6c, 0x8b6f, 0x8b74, 0x8b7d, 0x8b80, 0x8b8c, 0x8b8e, 0x8b92, 0x8b93, 0x8b96, 0x8b99, 0x8b9a, 0x8c3a, 0x8c41, 0x8c3f,
    0x8c48, 0x8c4c, 0x8c4e, 0x8c50, 0x8c55, 0x8c62, 0x8c6c, 0x8c78, 0x8c7a, 0x8c82, 0x8c89, 0x8c85, 0x8c8a, 0x8c8d, 0x8c8e, 0x8c94,
    0x8c7c, 0x8c98, 0x621d, 0x8cad, 0x8caa, 0x8cbd, 0x8cb2, 0x8cb3, 0x8cae, 0x8cb6, 0x8cc8, 0x8cc1, 0x8ce4, 0x8ce3, 0x8cda, 0x8cfd,
    0x8cfa, 0x8cfb, 0x8d04, 0x8d05, 0x8d0a, 0x8d07, 0x8d0f, 0x8d0d, 0x8d10, 0x9f4e, 0x8d13, 0x8ccd, 0x8d14, 0x8d16, 0x8d67, 0x8d6d,
    0x8d71, 0x8d73, 0x8d81, 0x8d99, 0x8dc2, 0x8dbe, 0x8dba, 0x8dcf, 0x8dda, 0x8dd6, 0x8dcc, 0x8ddb, 0x8dcb, 0x8dea, 0x8deb, 0x8ddf,
    0x8de3, 0x8dfc, 0x8e08, 0x8e09, 0x8dff, 0x8e1d, 0x8e1e, 0x8e10, 0x8e1f, 0x8e42, 0x8e35, 0x8e30, 0x8e34, 0x8e4a, 0x8e47, 0x8e49,
    0x8e4c, 0x8e50, 0x8e48, 0x8e59, 0x8e64, 0x8e60, 0x8e2a, 0x8e63, 0x8e55, 0x8e76, 0x8e72, 0x8e7c, 0x8e81, 0x8e87, 0x8e85, 0x8e84,
    0x8e8b, 0x8e8a, 0x8e93, 0x8e91, 0x8e94, 0x8e99, 0x8eaa, 0x8ea1, 0x8eac, 0x8eb0, 0x8ec6, 0x8eb1, 0x8ebe, 0x8ec5, 0x8ec8, 0x8ecb,
    0x8edb, 0x8ee3, 0x8efc, 0x8efb, 0x8eeb, 0x8efe, 0x8f0a, 0x8f05, 0x8f15, 0x8f12, 0x8f19, 0x8f13, 0x8f1c, 0x8f1f, 0x8f1b, 0x8f0c,
    0x8f26, 0x8f33, 0x8f3b, 0x8f39, 0x8f45, 0x8f42, 0x8f3e, 0x8f4c, 0x8f49, 0x8f46, 0x8f4e, 0x8f57, 0x8f5c, 0x0000, 0x8f62, 0x8f63,
    0x8f64, 0x8f9c, 0x8f9f, 0x8fa3, 0x8fad, 0x8faf, 0x8fb7, 0x8fda, 0x8fe5, 0x8fe2, 0x8fea, 0x8fef, 0x9087, 0x8ff4, 0x9005, 0x8ff9,
    0x8ffa, 0x9011, 0x9015, 0x9021, 0x900d, 0x901e, 0x9016, 0x900b, 0x9027, 0x9036, 0x9035, 0x9039, 0x8ff8, 0x904f, 0x9050, 0x9051,
    0x9052, 0x900e, 0x9049, 0x903e, 0x9056, 0x9058, 0x905e, 0x9068, 0x906f, 0x9076, 0x96a8, 0x9072, 0x9082, 0x907d, 0x9081, 0x9080,
    0x908a, 0x9089, 0x908f, 0x90a8, 0x90af, 0x90b1, 0x90b5, 0x90e2, 0x90e4, 0x6248, 0x90db, 0x9102, 0x9112, 0x9119, 0x9132, 0x9130,
    0x914a, 0x9156, 0x9158, 0x9163, 0x9165, 0x9169, 0x9173, 0x9172, 0x918b, 0x9189, 0x9182, 0x91a2, 0x91ab, 0x91af, 0x91aa, 0x91b5,
    0x91b4, 0x91ba, 0x91c0, 0x91c1, 0x91c9, 0x91cb, 0x91d0, 0x91d6, 0x91df, 0x91e1, 0x91db, 0x91fc, 0x91f5, 0x91f6, 0x921e, 0x91ff,
    0x9214, 0x922c, 0x9215, 0x9211, 0x925e, 0x9257, 0x9245, 0x9249, 0x9264, 0x9248, 0x9295, 0x923f, 0x924b, 0x9250, 0x929c, 0x9296,
    0x9293, 0x929b, 0x925a, 0x92cf, 0x92b9, 0x92b7, 0x92e9, 0x930f, 0x92fa, 0x9344, 0x932e, 0x9319, 0x9322, 0x931a, 0x9323, 0x933a,
    0x9335, 0x933b, 0x935c, 0x9360, 0x937c, 0x936e, 0x9356, 0x93b0, 0x93ac, 0x93ad, 0x9394, 0x93b9, 0x93d6, 0x93d7, 0x93e8, 0x93e5,
    0x93d8, 0x93c3, 0x93dd, 0x93d0, 0x93c8, 0x93e4, 0x941a, 0x9414, 0x9413, 0x9403, 0x9407, 0x9410, 0x9436, 0x942b, 0x9435, 0x9421,
    0x943a, 0x9441, 0x9452, 0x9444, 0x945b, 0x9460, 0x9462, 0x945e, 0x946a, 0x9229, 0x9470, 0x9475, 0x9477, 0x947d, 0x945a, 0x947c,
    0x947e, 0x9481, 0x947f, 0x9582, 0x9587, 0x958a, 0x9594, 0x9596, 0x9598, 0x9599, 0x0000, 0x95a0, 0x95a8, 0x95a7, 0x95ad, 0x95bc,
    0x95bb, 0x95b9, 0x95be, 0x95ca, 0x6ff6, 0x95c3, 0x95cd, 0x95cc, 0x95d5, 0x95d4, 0x95d6, 0x95dc, 0x95e1, 0x95e5, 0x95e2, 0x9621,
    0x9628, 0x962e, 0x962f, 0x9642, 0x964c, 0x964f, 0x964b, 0x9677, 0x965c, 0x965e, 0x965d, 0x965f, 0x9666, 0x9672, 0x966c, 0x968d,
    0x9698, 0x9695, 0x9697, 0x96aa, 0x96a7, 0x96b1, 0x96b2, 0x96b0, 0x96b4, 0x96b6, 0x96b8, 0x96b9, 0x96ce, 0x96cb, 0x96c9, 0x96cd,
    0x894d, 0x96dc, 0x970d, 0x96d5, 0x96f9, 0x9704, 0x9706, 0x9708, 0x9713, 0x970e, 0x9711, 0x970f, 0x9716, 0x9719, 0x9724, 0x972a,
    0x9730, 0x9739, 0x973d, 0x973e, 0x9744, 0x9746, 0x9748, 0x9742, 0x9749, 0x975c, 0x9760, 0x9764, 0x9766, 0x9768, 0x52d2, 0x976b,
    0x9771, 0x9779, 0x9785, 0x977c, 0x9781, 0x977a, 0x9786, 0x978b, 0x978f, 0x9790, 0x979c, 0x97a8, 0x97a6, 0x97a3, 0x97b3, 0x97b4,
    0x97c3, 0x97c6, 0x97c8, 0x97cb, 0x97dc, 0x97ed, 0x9f4f, 0x97f2, 0x7adf, 0x97f6, 0x97f5, 0x980f, 0x980c, 0x9838, 0x9824, 0x9821,
    0x9837, 0x983d, 0x9846, 0x984f, 0x984b, 0x986b, 0x986f, 0x9870, 0x9871, 0x9874, 0x9873, 0x98aa, 0x98af, 0x98b1, 0x98b6, 0x98c4,
    0x98c3, 0x98c6, 0x98e9, 0x98eb, 0x9903, 0x9909, 0x9912, 0x9914, 0x9918, 0x9921, 0x991d, 0x991e, 0x9924, 0x9920, 0x992c, 0x992e,
    0x993d, 0x993e, 0x9942, 0x9949, 0x9945, 0x9950, 0x994b, 0x9951, 0x9952, 0x994c, 0x9955, 0x9997, 0x9998, 0x99a5, 0x99ad, 0x99ae,
    0x99bc, 0x99df, 0x99db, 0x99dd, 0x99d8, 0x99d1, 0x99ed, 0x99ee, 0x99f1, 0x99f2, 0x99fb, 0x99f8, 0x9a01, 0x9a0f, 0x9a05, 0x99e2,
    0x9a19, 0x9a2b, 0x9a37, 0x9a45, 0x9a42, 0x9a40, 0x9a43, 0x0000, 0x9a3e, 0x9a55, 0x9a4d, 0x9a5b, 0x9a57, 0x9a5f, 0x9a62, 0x9a65,
    0x9a64, 0x9a69, 0x9a6b, 0x9a6a, 0x9aad, 0x9ab0, 0x9abc, 0x9ac0, 0x9acf, 0x9ad1, 0x9ad3, 0x9ad4, 0x9ade, 0x9adf, 0x9ae2, 0x9ae3,
    0x9ae6, 0x9aef, 0x9aeb, 0x9aee, 0x9af4, 0x9af1, 0x9af7, 0x9afb, 0x9b06, 0x9b18, 0x9b1a, 0x9b1f, 0x9b22, 0x9b23, 0x9b25, 0x9b27,
    0x9b28, 0x9b29, 0x9b2a, 0x9b2e, 0x9b2f, 0x9b32, 0x9b44, 0x9b43, 0x9b4f, 0x9b4d, 0x9b4e, 0x9b51, 0x9b58, 0x9b74, 0x9b93, 0x9b83,
    0x9b91, 0x9b96, 0x9b97, 0x9b9f, 0x9ba0, 0x9ba8, 0x9bb4, 0x9bc0, 0x9bca, 0x9bb9, 0x9bc6, 0x9bcf, 0x9bd1, 0x9bd2, 0x9be3, 0x9be2,
    0x9be4, 0x9bd4, 0x9be1, 0x9c3a, 0x9bf2, 0x9bf1, 0x9bf0, 0x9c15, 0x9c14, 0x9c09, 0x9c13, 0x9c0c, 0x9c06, 0x9c08, 0x9c12, 0x9c0a,
    0x9c04, 0x9c2e, 0x9c1b, 0x9c25, 0x9c24, 0x9c21, 0x9c30, 0x9c47, 0x9c32, 0x9c46, 0x9c3e, 0x9c5a, 0x9c60, 0x9c67, 0x9c76, 0x9c78,
    0x9ce7, 0x9cec, 0x9cf0, 0x9d09, 0x9d08, 0x9ceb, 0x9d03, 0x9d06, 0x9d2a, 0x9d26, 0x9daf, 0x9d23, 0x9d1f, 0x9d44, 0x9d15, 0x9d12,
    0x9d41, 0x9d3f, 0x9d3e, 0x9d46, 0x9d48, 0x9d5d, 0x9d5e, 0x9d64, 0x9d51, 0x9d50, 0x9d59, 0x9d72, 0x9d89, 0x9d87, 0x9dab, 0x9d6f,
    0x9d7a, 0x9d9a, 0x9da4, 0x9da9, 0x9db2, 0x9dc4, 0x9dc1, 0x9dbb, 0x9db8, 0x9dba, 0x9dc6, 0x9dcf, 0x9dc2, 0x9dd9, 0x9dd3, 0x9df8,
    0x9de6, 0x9ded, 0x9def, 0x9dfd, 0x9e1a, 0x9e1b, 0x9e1e, 0x9e75, 0x9e79, 0x9e7d, 0x9e81, 0x9e88, 0x9e8b, 0x9e8c, 0x9e92, 0x9e95,
    0x9e91, 0x9e9d, 0x9ea5, 0x9ea9, 0x9eb8, 0x9eaa, 0x9ead, 0x9761, 0x9ecc, 0x9ece, 0x9ecf, 0x9ed0, 0x9ed4, 0x9edc, 0x9ede, 0x9edd,
    0x9ee0, 0x9ee5, 0x9ee8, 0x9eef, 0x0000, 0x9ef4, 0x9ef6, 0x9ef7, 0x9ef9, 0x9efb, 0x9efc, 0x9efd, 0x9f07, 0x9f08, 0x76b7, 0x9f15,
    0x9f21, 0x9f2c, 0x9f3e, 0x9f4a, 0x9f52, 0x9f54, 0x9f63, 0x9f5f, 0x9f60, 0x9f61, 0x9f66, 0x9f67, 0x9f6c, 0x9f6a, 0x9f77, 0x9f72,
    0x9f76, 0x9f95, 0x9f9c, 0x9fa0, 0x582f, 0x69c7, 0x9059, 0x7464, 0x51dc, 0x7199, 0x5653, 0x5de2, 0x5e14, 0x5e18, 0x5e58, 0x5e5e,
    0x5ebe, 0xf928, 0x5ecb, 0x5ef9, 0x5f00, 0x5f02, 0x5f07, 0x5f1d, 0x5f23, 0x5f34, 0x5f36, 0x5f3d, 0x5f40, 0x5f45, 0x5f54, 0x5f58,
    0x5f64, 0x5f67, 0x5f7d, 0x5f89, 0x5f9c, 0x5fa7, 0x5faf, 0x5fb5, 0x5fb7, 0x5fc9, 0x5fde, 0x5fe1, 0x5fe9, 0x600d, 0x6014, 0x6018,
    0x6033, 0x6035, 0x6047, 0xfa3d, 0x609d, 0x609e, 0x60cb, 0x60d4, 0x60d5, 0x60dd, 0x60f8, 0x611c, 0x612b, 0x6130, 0x6137, 0xfa3e,
    0x618d, 0xfa3f, 0x61bc, 0x61b9, 0xfa40, 0x6222, 0x623e, 0x6243, 0x6256, 0x625a, 0x626f, 0x6285, 0x62c4, 0x62d6, 0x62fc, 0x630a,
    0x6318, 0x6339, 0x6343, 0x6365, 0x637c, 0x63e5, 0x63ed, 0x63f5, 0x6410, 0x6414, 0x6422, 0x6479, 0x6451, 0x6460, 0x646d, 0x64ce,
    0x64be, 0x64bf, 0x64c4, 0x64ca, 0x64d0, 0x64f7, 0x64fb, 0x6522, 0x6529, 0xfa41, 0x6567, 0x659d, 0xfa42, 0x6600, 0x6609, 0x6615,
    0x661e, 0x663a, 0x6622, 0x6624, 0x662b, 0x6630, 0x6631, 0x6633, 0x66fb, 0x6648, 0x664c, 0xffff, 0x6659, 0x665a, 0x6661, 0x6665,
    0x6673, 0x6677, 0x6678, 0x668d, 0xfa43, 0x66a0, 0x66b2, 0x66bb, 0x66c6, 0x66c8, 0x3b22, 0x66db, 0x66e8, 0x66fa, 0x6713, 0xf929,
    0x6733, 0x6766, 0x6747, 0x6748, 0x677b, 0x6781, 0x6793, 0x6798, 0x679b, 0x67bb, 0x67f9, 0x67c0, 0x67d7, 0x67fc, 0x6801, 0x6852,
    0x681d, 0x0000, 0x682c, 0x6831, 0x685b, 0x6872, 0x6875, 0xfa44, 0x68a3, 0x68a5, 0x68b2, 0x68c8, 0x68d0, 0x68e8, 0x68ed, 0x68f0,
    0x68f1, 0x68fc, 0x690a, 0x6949, 0xffff, 0x6935, 0x6942, 0x6957, 0x6963, 0x6964, 0x6968, 0x6980, 0xfa14, 0x69a5, 0x69ad, 0x69cf,
    0x3bb6, 0x3bc3, 0x69e2, 0x69e9, 0x69ea, 0x69f5, 0x69f6, 0x6a0f, 0x6a15, 0xffff, 0x6a3b, 0x6a3e, 0x6a45, 0x6a50, 0x6a56, 0x6a5b,
    0x6a6b, 0x6a73, 0xffff, 0x6a89, 0x6a94, 0x6a9d, 0x6a9e, 0x6aa5, 0x6ae4, 0x6ae7, 0x3c0f, 0xf91d, 0x6b1b, 0x6b1e, 0x6b2c, 0x6b35,
    0x6b46, 0x6b56, 0x6b60, 0x6b65, 0x6b67, 0x6b77, 0x6b82, 0x6ba9, 0x6bad, 0xf970, 0x6bcf, 0x6bd6, 0x6bd7, 0x6bff, 0x6c05, 0x6c10,
    0x6c33, 0x6c59, 0x6c5c, 0x6caa, 0x6c74, 0x6c76, 0x6c85, 0x6c86, 0x6c98, 0x6c9c, 0x6cfb, 0x6cc6, 0x6cd4, 0x6ce0, 0x6ceb, 0x6cee,
    0xffff, 0x6d04, 0x6d0e, 0x6d2e, 0x6d31, 0x6d39, 0x6d3f, 0x6d58, 0x6d65, 0xfa45, 0x6d82, 0x6d87, 0x6d89, 0x6d94, 0x6daa, 0x6dac,
    0x6dbf, 0x6dc4, 0x6dd6, 0x6dda, 0x6ddb, 0x6ddd, 0x6dfc, 0xfa46, 0x6e34, 0x6e44, 0x6e5c, 0x6e5e, 0x6eab, 0x6eb1, 0x6ec1, 0x6ec7,
    0x6ece, 0x6f10, 0x6f1a, 0xfa47, 0x6f2a, 0x6f2f, 0x6f33, 0x6f51, 0x6f59, 0x6f5e, 0x6f61, 0x6f62, 0x6f7e, 0x6f88, 0x6f8c, 0x6f8d,
    0x6f94, 0x6fa0, 0x6fa7, 0x6fb6, 0x6fbc, 0x6fc7, 0x6fca, 0x6ff9, 0x6ff0, 0x6ff5, 0x7005, 0x7006, 0x7028, 0x704a, 0x705d, 0x705e,
    0x704e, 0x7064, 0x7075, 0x7085, 0x70a4, 0x70ab, 0x70b7, 0x70d4, 0x70d8, 0x70e4, 0x710f, 0x712b, 0x711e, 0x7120, 0x712e, 0x7130,
    0x7146, 0x7147, 0x7151, 0xfa48, 0x7152, 0x715c, 0x7160, 0x7168, 0xfa15, 0x7185, 0x7187, 0x7192, 0x71c1, 0x71ba, 0x0000, 0x71c4,
    0x71fe, 0x7200, 0x7215, 0x7255, 0x7256, 0x3e3f, 0x728d, 0x729b, 0x72be, 0x72c0, 0x72fb, 0xffff, 0x7327, 0x7328, 0xfa16, 0x7350,
    0x7366, 0x737c, 0x7395, 0x739f, 0x73a0, 0x73a2, 0x73a6, 0x73ab, 0x73c9, 0x73cf, 0x73d6, 0x73d9, 0x73e3, 0x73e9, 0x7407, 0x740a,
    0x741a, 0x741b, 0xfa4a, 0x7426, 0x7428, 0x742a, 0x742b, 0x742c, 0x742e, 0x742f, 0x7430, 0x7444, 0x7446, 0x7447, 0x744b, 0x7457,
    0x7462, 0x746b, 0x746d, 0x7486, 0x7487, 0x7489, 0x7498, 0x749c, 0x749f, 0x74a3, 0x7490, 0x74a6, 0x74a8, 0x74a9, 0x74b5, 0x74bf,
    0x74c8, 0x74c9, 0x74da, 0x74ff, 0x7501, 0x7517, 0x752f, 0x756f, 0x7579, 0x7592, 0x3f72, 0x75ce, 0x75e4, 0x7600, 0x7602, 0x7608,
    0x7615, 0x7616, 0x7619, 0x761e, 0x762d, 0x7635, 0x7643, 0x764b, 0x7664, 0x7665, 0x766d, 0x766f, 0x7671, 0x7681, 0x769b, 0x769d,
    0x769e, 0x76a6, 0x76aa, 0x76b6, 0x76c5, 0x76cc, 0x76ce, 0x76d4, 0x76e6, 0x76f1, 0x76fc, 0x770a, 0x7719, 0x7734, 0x7736, 0x7746,
    0x774d, 0x774e, 0x775c, 0x775f, 0x7762, 0x777a, 0x7780, 0x7794, 0x77aa, 0x77e0, 0x782d, 0xffff, 0x7843, 0x784e, 0x784f, 0x7851,
    0x7868, 0x786e, 0xfa4b, 0x78b0, 0xffff, 0x78ad, 0x78e4, 0x78f2, 0x7900, 0x78f7, 0x791c, 0x792e, 0x7931, 0x7934, 0xfa4c, 0xfa4d,
    0x7945, 0x7946, 0xfa4e, 0xfa4f, 0xfa50, 0x795c, 0xfa51, 0xfa19, 0xfa1a, 0x7979, 0xfa52, 0xfa53, 0xfa1b, 0x7998, 0x79b1, 0x79b8,
    0x79c8, 0x79ca, 0xffff, 0x79d4, 0x79de, 0x79eb, 0x79ed, 0x7a03, 0xfa54, 0x7a39, 0x7a5d, 0x7a6d, 0xfa55, 0x7a85, 0x7aa0, 0xffff,
    0x7ab3, 0x7abb, 0x7ace, 0x7aeb, 0x7afd, 0x7b12, 0x7b2d, 0x7b3b, 0x7b47, 0x7b4e, 0x7b60, 0x0000, 0x7b6d, 0x7b6f, 0x7b72, 0x7b9e,
    0xfa56, 0x7bd7, 0x7bd9, 0x7c01, 0x7c31, 0x7c1e, 0x7c20, 0x7c33, 0x7c36, 0x4264, 0xffff, 0x7c59, 0x7c6d, 0x7c79, 0x7c8f, 0x7c94,
    0x7ca0, 0x7cbc, 0x7cd5, 0x7cd9, 0x7cdd, 0x7d07, 0x7d08, 0x7d13, 0x7d1d, 0x7d23, 0x7d31, 0x7d41, 0x7d48, 0x7d53, 0x7d5c, 0x7d7a,
    0x7d83, 0x7d8b, 0x7da0, 0x7da6, 0x7dc2, 0x7dcc, 0x7dd6, 0x7de3, 0xfa57, 0x7e28, 0x7e08, 0x7e11, 0x7e15, 0xfa59, 0x7e47, 0x7e52,
    0x7e61, 0x7e8a, 0x7e8d, 0x7f47, 0xfa5a, 0x7f91, 0x7f97, 0x7fbf, 0x7fce, 0x7fdb, 0x7fdf, 0x7fec, 0x7fee, 0x7ffa, 0xfa5b, 0x8014,
    0x8026, 0x8035, 0x8037, 0x803c, 0x80ca, 0x80d7, 0x80e0, 0x80f3, 0x8118, 0x814a, 0x8160, 0x8167, 0x8168, 0x816d, 0x81bb, 0x81ca,
    0x81cf, 0x81d7, 0xfa5c, 0x4453, 0x445b, 0x8260, 0x8274, 0xffff, 0x828e, 0x82a1, 0x82a3, 0x82a4, 0x82a9, 0x82ae, 0x82b7, 0x82be,
    0x82bf, 0x82c6, 0x82d5, 0x82fd, 0x82fe, 0x8300, 0x8301, 0x8362, 0x8322, 0x832d, 0x833a, 0x8343, 0x8347, 0x8351, 0x8355, 0x837d,
    0x8386, 0x8392, 0x8398, 0x83a7, 0x83a9, 0x83bf, 0x83c0, 0x83c7, 0x83cf, 0x83d1, 0x83e1, 0x83ea, 0x8401, 0x8406, 0x840a, 0xfa5f,
    0x8448, 0x845f, 0x8470, 0x8473, 0x8485, 0x849e, 0x84af, 0x84b4, 0x84ba, 0x84c0, 0x84c2, 0xffff, 0x8532, 0x851e, 0x8523, 0x852f,
    0x8559, 0x8564, 0xfa1f, 0x85ad, 0x857a, 0x858c, 0x858f, 0x85a2, 0x85b0, 0x85cb, 0x85ce, 0x85ed, 0x8612, 0x85ff, 0x8604, 0x8605,
    0x8610, 0xffff, 0x8618, 0x8629, 0x8638, 0x8657, 0x865b, 0xf936, 0x8662, 0x459d, 0x866c, 0x8675, 0x8698, 0x86b8, 0x86fa, 0x86fc,
    0x86fd, 0x870b, 0x8771, 0x8787, 0x8788, 0x87ac, 0x87ad, 0x87b5, 0x0000, 0x45ea, 0x87d6, 0x87ec, 0x8806, 0x880a, 0x8810, 0x8814,
    0x881f, 0x8898, 0x88aa, 0x88ca, 0x88ce, 0xffff, 0x88f5, 0x891c, 0xfa60, 0x8918, 0x8919, 0x891a, 0x8927, 0x8930, 0x8932, 0x8939,
    0x8940, 0x8994, 0xfa61, 0x89d4, 0x89e5, 0x89f6, 0x8a12, 0x8a15, 0x8a22, 0x8a37, 0x8a47, 0x8a4e, 0x8a5d, 0x8a61, 0x8a75, 0x8a79,
    0x8aa7, 0x8ad0, 0x8adf, 0x8af4, 0x8af6, 0xfa22, 0xfa62, 0xfa63, 0x8b46, 0x8b54, 0x8b59, 0x8b69, 0x8b9d, 0x8c49, 0x8c68, 0xfa64,
    0x8ce1, 0x8cf4, 0x8cf8, 0x8cfe, 0xfa65, 0x8d12, 0x8d1b, 0x8daf, 0x8dce, 0x8dd1, 0x8dd7, 0x8e20, 0x8e23, 0x8e3d, 0x8e70, 0x8e7b,
    0xffff, 0x8ec0, 0x4844, 0x8efa, 0x8f1e, 0x8f2d, 0x8f36, 0x8f54, 0xffff, 0x8fa6, 0x8fb5, 0x8fe4, 0x8fe8, 0x8fee, 0x9008, 0x902d,
    0xfa67, 0x9088, 0x9095, 0x9097, 0x9099, 0x909b, 0x90a2, 0x90b3, 0x90be, 0x90c4, 0x90c5, 0x90c7, 0x90d7, 0x90dd, 0x90de, 0x90ef,
    0x90f4, 0xfa26, 0x9114, 0x9115, 0x9116, 0x9122, 0x9123, 0x9127, 0x912f, 0x9131, 0x9134, 0x913d, 0x9148, 0x915b, 0x9183, 0x919e,
    0x91ac, 0x91b1, 0x91bc, 0x91d7, 0x91fb, 0x91e4, 0x91e5, 0x91ed, 0x91f1, 0x9207, 0x9210, 0x9238, 0x9239, 0x923a, 0x923c, 0x9240,
    0x9243, 0x924f, 0x9278, 0x9288, 0x92c2, 0x92cb, 0x92cc, 0x92d3, 0x92e0, 0x92ff, 0x9304, 0x931f, 0x9321, 0x9325, 0x9348, 0x9349,
    0x934a, 0x9364, 0x9365, 0x936a, 0x9370, 0x939b, 0x93a3, 0x93ba, 0x93c6, 0x93de, 0x93df, 0x9404, 0x93fd, 0x9433, 0x944a, 0x9463,
    0x946b, 0x9471, 0x9472, 0x958e, 0x959f, 0x95a6, 0x95a9, 0x95ac, 0x95b6, 0x95bd, 0x95cb, 0x95d0, 0x95d3, 0x49b0, 0x95da, 0x95de,
    0x9658, 0x9684, 0xf9dc, 0x969d, 0x96a4, 0x0000, 0x96a5, 0x96d2, 0x96de, 0xfa68, 0x96e9, 0x96ef, 0x9733, 0x973b, 0x974d, 0x974e,
    0x974f, 0x975a, 0x976e, 0x9773, 0x9795, 0x97ae, 0x97ba, 0x97c1, 0x97c9, 0x97de, 0x97db, 0x97f4, 0xfa69, 0x980a, 0x981e, 0x982b,
    0x9830, 0xfa6a, 0x9852, 0x9853, 0x9856, 0x9857, 0x9859, 0x985a, 0xf9d0, 0x9865, 0x986c, 0x98ba, 0x98c8, 0x98e7, 0x9958, 0x999e,
    0x9a02, 0x9a03, 0x9a24, 0x9a2d, 0x9a2e, 0x9a38, 0x9a4a, 0x9a4e, 0x9a52, 0x9ab6, 0x9ac1, 0x9ac3, 0x9ace, 0x9ad6, 0x9af9, 0x9b02,
    0x9b08, 0x9b20, 0x4c17, 0x9b2d, 0x9b5e, 0x9b79, 0x9b66, 0x9b72, 0x9b75, 0x9b84, 0x9b8a, 0x9b8f, 0x9b9e, 0x9ba7, 0x9bc1, 0x9bce,
    0x9be5, 0x9bf8, 0x9bfd, 0x9c00, 0x9c23, 0x9c41, 0x9c4f, 0x9c50, 0x9c53, 0x9c63, 0x9c65, 0x9c77, 0x9d1d, 0x9d1e, 0x9d43, 0x9d47,
    0x9d52, 0x9d63, 0x9d70, 0x9d7c, 0x9d8a, 0x9d96, 0x9dc0, 0x9dac, 0x9dbc, 0x9dd7, 0xffff, 0x9de7, 0x9e07, 0x9e15, 0x9e7c, 0x9e9e,
    0x9ea4, 0x9eac, 0x9eaf, 0x9eb4, 0x9eb5, 0x9ec3, 0x9ed1, 0x9f10, 0x9f39, 0x9f57, 0x9f90, 0x9f94, 0x9f97, 0x9fa2, 0x59f8, 0x5c5b,
    0x5e77, 0x7626, 0x7e6b, 0xffff, 0x4e02, 0x4e0f, 0x4e12, 0x4e29, 0x4e2b, 0x4e2e, 0x4e40, 0x4e47, 0x4e48, 0xffff, 0x4e51, 0x3406,
    0xffff, 0x4e5a, 0x4e69, 0x4e9d, 0x342c, 0x342e, 0x4eb9, 0x4ebb, 0xffff, 0x4ebc, 0x4ec3, 0x4ec8, 0x4ed0, 0x4eeb, 0x4eda, 0x4ef1,
    0x4ef5, 0x4f00, 0x4f16, 0x4f64, 0x4f37, 0x4f3e, 0x4f54, 0x4f58, 0xffff, 0x4f77, 0x4f78, 0x4f7a, 0x4f7d, 0x4f82, 0x4f85, 0x4f92,
    0x4f9a, 0x4fe6, 0x4fb2, 0x4fbe, 0x4fc5, 0x4fcb, 0x4fcf, 0x4fd2, 0x346a, 0x4ff2, 0x5000, 0x5010, 0x5013, 0x501c, 0x501e, 0x5022,
    0x3468, 0x5042, 0x0000, 0x5046, 0x504e, 0x5053, 0x5057, 0x5063, 0x5066, 0x506a, 0x5070, 0x50a3, 0x5088, 0x5092, 0x5093, 0x5095,
    0x5096, 0x509c, 0x50aa, 0xffff, 0x50b1, 0x50ba, 0x50bb, 0x50c4, 0x50c7, 0x50f3, 0xffff, 0x50ce, 0xffff, 0x50d4, 0x50d9, 0x50e1,
    0x50e9, 0x3492, 0x5b96, 0x5bac, 0x3761, 0x5bc0, 0x3762, 0x5bce, 0x5bd6, 0x376c, 0x376b, 0x5bf1, 0x5bfd, 0x3775, 0x5c03, 0x5c29,
    0x5c30, 0xffff, 0x5c5f, 0x5c63, 0x5c67, 0x5c68, 0x5c69, 0x5c70, 0xffff, 0xffff, 0x5c7c, 0xffff, 0xffff, 0x5c88, 0x5c8a, 0x37c1,
    0xffff, 0xffff, 0x5ca0, 0x5ca2, 0x5ca6, 0x5ca7, 0xffff, 0x5cad, 0x5cb5, 0xffff, 0x5cc9, 0xffff, 0xffff, 0x5d06, 0x5d10, 0x5d2b,
    0x5d1d, 0x5d20, 0x5d24, 0x5d26, 0x5d31, 0x5d39, 0x5d42, 0x37e8, 0x5d61, 0x5d6a, 0x37f4, 0x5d70, 0xffff, 0x37fd, 0x5d88, 0x3800,
    0x5d92, 0x5d94, 0x5d97, 0x5d99, 0x5db0, 0x5db2, 0x5db4, 0xffff, 0x5db9, 0x5dd1, 0x5dd7, 0x5dd8, 0x5de0, 0xffff, 0x5de4, 0x5de9,
    0x382f, 0x5e00, 0x3836, 0x5e12, 0x5e15, 0x3840, 0x5e1f, 0x5e2e, 0x5e3e, 0x5e49, 0x385c, 0x5e56, 0x3861, 0x5e6b, 0x5e6c, 0x5e6d,
    0x5108, 0xffff, 0x5117, 0x511b, 0xffff, 0x5160, 0xffff, 0x5173, 0x5183, 0x518b, 0x34bc, 0x5198, 0x51a3, 0x51ad, 0x34c7, 0x51bc,
    0xffff, 0xffff, 0x51f3, 0x51f4, 0x5202, 0x5212, 0x5216, 0xffff, 0x5255, 0x525c, 0x526c, 0x5277, 0x5284, 0x5282, 0xffff, 0x5298,
    0xffff, 0x52a4, 0x52a6, 0x52af, 0x52ba, 0x52bb, 0x52ca, 0x351f, 0x52d1, 0xffff, 0x52f7, 0x530a, 0x530b, 0x5324, 0x5335, 0x533e,
    0x5342, 0xffff, 0xffff, 0x5367, 0x536c, 0x537a, 0x53a4, 0x53b4, 0xffff, 0x53b7, 0x53c0, 0xffff, 0x355d, 0x355e, 0x53d5, 0x0000,
    0x53da, 0x3563, 0x53f4, 0x53f5, 0x5455, 0x5424, 0x5428, 0x356e, 0x5443, 0x5462, 0x5466, 0x546c, 0x548a, 0x548d, 0x5495, 0x54a0,
    0x54a6, 0x54ad, 0x54ae, 0x54b7, 0x54ba, 0x54bf, 0x54c3, 0xffff, 0x54ec, 0x54ef, 0x54f1, 0x54f3, 0x5500, 0x5501, 0x5509, 0x553c,
    0x5541, 0x35a6, 0x5547, 0x554a, 0x35a8, 0x5560, 0x5561, 0x5564, 0xffff, 0x557d, 0x5582, 0x5588, 0x5591, 0x35c5, 0x55d2, 0xffff,
    0xffff, 0x55bf, 0x55c9, 0x55cc, 0x55d1, 0x55dd, 0x35da, 0x55e2, 0xffff, 0x55e9, 0x5628, 0xffff, 0x5607, 0x5610, 0x5630, 0x5637,
    0x35f4, 0x563d, 0x563f, 0x5640, 0x5647, 0x565e, 0x5660, 0x566d, 0x3605, 0x5688, 0x568c, 0x5695, 0x569a, 0x569d, 0x56a8, 0x56ad,
    0x56b2, 0x56c5, 0x56cd, 0x56df, 0x56e8, 0x56f6, 0x56f7, 0xffff, 0x5715, 0x5723, 0xffff, 0x5729, 0xffff, 0x5745, 0x5746, 0x574c,
    0x574d, 0xffff, 0x5768, 0x576f, 0x5773, 0x5774, 0x5775, 0x577b, 0xffff, 0xffff, 0x57ac, 0x579a, 0x579d, 0x579e, 0x57a8, 0x57d7,
    0xffff, 0x57cc, 0xffff, 0xffff, 0x57de, 0x57e6, 0x57f0, 0x364a, 0x57f8, 0x57fb, 0x57fd, 0x5804, 0x581e, 0x5820, 0x5827, 0x5832,
    0x5839, 0xffff, 0x5849, 0x584c, 0x5867, 0x588a, 0x588b, 0x588d, 0x588f, 0x5890, 0x5894, 0x589d, 0x58aa, 0x58b1, 0xffff, 0x58c3,
    0x58cd, 0x58e2, 0x58f3, 0x58f4, 0x5905, 0x5906, 0x590b, 0x590d, 0x5914, 0x5924, 0xffff, 0x3691, 0x593d, 0x3699, 0x5946, 0x3696,
    0xffff, 0x595b, 0x595f, 0xffff, 0x5975, 0x5976, 0x597c, 0x599f, 0x59ae, 0x59bc, 0x59c8, 0x59cd, 0x59de, 0x59e3, 0x59e4, 0x59e7,
    0x59ee, 0xffff, 0xffff, 0x36cf, 0x5a0c, 0x5a0d, 0x5a17, 0x5a27, 0x5a2d, 0x5a55, 0x5a65, 0x5a7a, 0x0000, 0x5a8b, 0x5a9c, 0x5a9f,
    0x5aa0, 0x5aa2, 0x5ab1, 0x5ab3, 0x5ab5, 0x5aba, 0x5abf, 0x5ada, 0x5adc, 0x5ae0, 0x5ae5, 0x5af0, 0x5aee, 0x5af5, 0x5b00, 0x5b08,
    0x5b17, 0x5b34, 0x5b2d, 0x5b4c, 0x5b52, 0x5b68, 0x5b6f, 0x5b7c, 0x5b7f, 0x5b81, 0x5b84, 0xffff, 0x5e6e, 0xffff, 0x5ea5, 0x5eaa,
    0x5eac, 0x5eb9, 0x5ebf, 0x5ec6, 0x5ed2, 0x5ed9, 0xffff, 0x5efd, 0x5f08, 0x5f0e, 0x5f1c, 0xffff, 0x5f1e, 0x5f47, 0x5f63, 0x5f72,
    0x5f7e, 0x5f8f, 0x5fa2, 0x5fa4, 0x5fb8, 0x5fc4, 0x38fa, 0x5fc7, 0x5fcb, 0x5fd2, 0x5fd3, 0x5fd4, 0x5fe2, 0x5fee, 0x5fef, 0x5ff3,
    0x5ffc, 0x3917, 0x6017, 0x6022, 0x6024, 0x391a, 0x604c, 0x607f, 0x608a, 0x6095, 0x60a8, 0xffff, 0x60b0, 0x60b1, 0x60be, 0x60c8,
    0x60d9, 0x60db, 0x60ee, 0x60f2, 0x60f5, 0x6110, 0x6112, 0x6113, 0x6119, 0x611e, 0x613a, 0x396f, 0x6141, 0x6146, 0x6160, 0x617c,
    0xffff, 0x6192, 0x6193, 0x6197, 0x6198, 0x61a5, 0x61a8, 0x61ad, 0xffff, 0x61d5, 0x61dd, 0x61df, 0x61f5, 0xffff, 0x6215, 0x6223,
    0x6229, 0x6246, 0x624c, 0x6251, 0x6252, 0x6261, 0x6264, 0x627b, 0x626d, 0x6273, 0x6299, 0x62a6, 0x62d5, 0xffff, 0x62fd, 0x6303,
    0x630d, 0x6310, 0xffff, 0xffff, 0x6332, 0x6335, 0x633b, 0x633c, 0x6341, 0x6344, 0x634e, 0xffff, 0x6359, 0xffff, 0xffff, 0x636c,
    0x6384, 0x6399, 0xffff, 0x6394, 0x63bd, 0x63f7, 0x63d4, 0x63d5, 0x63dc, 0x63e0, 0x63eb, 0x63ec, 0x63f2, 0x6409, 0x641e, 0x6425,
    0x6429, 0x642f, 0x645a, 0x645b, 0x645d, 0x6473, 0x647d, 0x6487, 0x6491, 0x649d, 0x649f, 0x64cb, 0x64cc, 0x64d5, 0x64d7, 0xffff,
    0x64e4, 0x64e5, 0x64ff, 0x6504, 0x3a6e, 0x650f, 0x6514, 0x6516, 0x3a73, 0x0000, 0x651e, 0x6532, 0x6544, 0x6554, 0x656b, 0x657a,
    0x6581, 0x6584, 0x6585, 0x658a, 0x65b2, 0x65b5, 0x65b8, 0x65bf, 0x65c2, 0x65c9, 0x65d4, 0x3ad6, 0x65f2, 0x65f9, 0x65fc, 0x6604,
    0x6608, 0x6621, 0x662a, 0x6645, 0x6651, 0x664e, 0x3aea, 0xffff, 0x6657, 0x665b, 0x6663, 0xffff, 0xffff, 0x666a, 0x666b, 0x666c,
    0x666d, 0x667b, 0x6680, 0x6690, 0x6692, 0x6699, 0x3b0e, 0x66ad, 0x66b1, 0x66b5, 0x3b1a, 0x66bf, 0x3b1c, 0x66ec, 0x3ad7, 0x6701,
    0x6705, 0x6712, 0xffff, 0x6719, 0xffff, 0xffff, 0x674c, 0x674d, 0x6754, 0x675d, 0xffff, 0xffff, 0xffff, 0x6774, 0x6776, 0xffff,
    0x6792, 0xffff, 0x8363, 0x6810, 0x67b0, 0x67b2, 0x67c3, 0x67c8, 0x67d2, 0x67d9, 0x67db, 0x67f0, 0x67f7, 0xffff, 0xffff, 0xffff,
    0x6818, 0x681f, 0x682d, 0xffff, 0x6833, 0x683b, 0x683e, 0x6844, 0x6845, 0x6849, 0x684c, 0x6855, 0x6857, 0x3b77, 0x686b, 0x686e,
    0x687a, 0x687c, 0x6882, 0x6890, 0x6896, 0x3b6d, 0x6898, 0x6899, 0x689a, 0x689c, 0x68aa, 0x68ab, 0x68b4, 0x68bb, 0x68fb, 0xffff,
    0xffff, 0xfa13, 0x68c3, 0x68c5, 0x68cc, 0x68cf, 0x68d6, 0x68d9, 0x68e4, 0x68e5, 0x68ec, 0x68f7, 0x6903, 0x6907, 0x3b87, 0x3b88,
    0xffff, 0x693b, 0x3b8d, 0x6946, 0x6969, 0x696c, 0x6972, 0x697a, 0x697f, 0x6992, 0x3ba4, 0x6996, 0x6998, 0x69a6, 0x69b0, 0x69b7,
    0x69ba, 0x69bc, 0x69c0, 0x69d1, 0x69d6, 0xffff, 0xffff, 0x6a30, 0xffff, 0xffff, 0x69e3, 0x69ee, 0x69ef, 0x69f3, 0x3bcd, 0x69f4,
    0x69fe, 0x6a11, 0x6a1a, 0x6a1d, 0xffff, 0x6a32, 0x6a33, 0x6a34, 0x6a3f, 0x6a46, 0x6a49, 0x6a7a, 0x6a4e, 0x6a52, 0x6a64, 0xffff,
    0x6a7e, 0x6a83, 0x6a8b, 0x3bf0, 0x6a91, 0x6a9f, 0x0000, 0x6aa1, 0xffff, 0x6aab, 0x6abd, 0x6ac6, 0x6ad4, 0x6ad0, 0x6adc, 0x6add,
    0xffff, 0xffff, 0x6aec, 0x6af1, 0x6af2, 0x6af3, 0x6afd, 0xffff, 0x6b0b, 0x6b0f, 0x6b10, 0x6b11, 0xffff, 0x6b17, 0x3c26, 0x6b2f,
    0x6b4a, 0x6b58, 0x6b6c, 0x6b75, 0x6b7a, 0x6b81, 0x6b9b, 0x6bae, 0xffff, 0x6bbd, 0x6bbe, 0x6bc7, 0x6bc8, 0x6bc9, 0x6bda, 0x6be6,
    0x6be7, 0x6bee, 0x6bf1, 0x6c02, 0x6c0a, 0x6c0e, 0x6c35, 0x6c36, 0x6c3a, 0xffff, 0x6c3f, 0x6c4d, 0x6c5b, 0x6c6d, 0x6c84, 0x6c89,
    0x3cc3, 0x6c94, 0x6c95, 0x6c97, 0x6cad, 0x6cc2, 0x6cd0, 0x3cd2, 0x6cd6, 0x6cda, 0x6cdc, 0x6ce9, 0x6cec, 0x6ced, 0xffff, 0x6d00,
    0x6d0a, 0x6d24, 0x6d26, 0x6d27, 0x6c67, 0x6d2f, 0x6d3c, 0x6d5b, 0x6d5e, 0x6d60, 0x6d70, 0x6d80, 0x6d81, 0x6d8a, 0x6d8d, 0x6d91,
    0x6d98, 0xffff, 0x6e17, 0xffff, 0xffff, 0xffff, 0x6dab, 0x6dae, 0x6db4, 0x6dc2, 0x6d34, 0x6dc8, 0x6dce, 0x6dcf, 0x6dd0, 0x6ddf,
    0x6de9, 0x6df6, 0x6e36, 0x6e1e, 0x6e22, 0x6e27, 0x3d11, 0x6e32, 0x6e3c, 0x6e48, 0x6e49, 0x6e4b, 0x6e4c, 0x6e4f, 0x6e51, 0x6e53,
    0x6e54, 0x6e57, 0x6e63, 0x3d1e, 0x6e93, 0x6ea7, 0x6eb4, 0x6ebf, 0x6ec3, 0x6eca, 0x6ed9, 0x6f35, 0x6eeb, 0x6ef9, 0x6efb, 0x6f0a,
    0x6f0c, 0x6f18, 0x6f25, 0x6f36, 0x6f3c, 0xffff, 0x6f52, 0x6f57, 0x6f5a, 0x6f60, 0x6f68, 0x6f98, 0x6f7d, 0x6f90, 0x6f96, 0x6fbe,
    0x6f9f, 0x6fa5, 0x6faf, 0x3d64, 0x6fb5, 0x6fc8, 0x6fc9, 0x6fda, 0x6fde, 0x6fe9, 0xffff, 0x6ffc, 0x7000, 0x7007, 0x700a, 0x7023,
    0xffff, 0x7039, 0x703a, 0x703c, 0x7043, 0x7047, 0x704b, 0x3d9a, 0x7054, 0x7065, 0x7069, 0x706c, 0x706e, 0x7076, 0x707e, 0x7081,
    0x7086, 0x7095, 0x7097, 0x0000, 0x70bb, 0xffff, 0x709f, 0x70b1, 0xffff, 0x70ec, 0x70ca, 0x70d1, 0x70d3, 0x70dc, 0x7103, 0x7104,
    0x7106, 0x7107, 0x7108, 0x710c, 0x3dc0, 0x712f, 0x7131, 0x7150, 0x714a, 0x7153, 0x715e, 0x3dd4, 0x7196, 0x7180, 0x719b, 0x71a0,
    0x71a2, 0x71ae, 0x71af, 0x71b3, 0xffff, 0x71cb, 0x71d3, 0x71d9, 0x71dc, 0x7207, 0x3e05, 0xfa49, 0x722b, 0x7234, 0x7238, 0x7239,
    0x4e2c, 0x7242, 0x7253, 0x7257, 0x7263, 0xffff, 0x726e, 0x726f, 0x7278, 0x727f, 0x728e, 0xffff, 0x72ad, 0x72ae, 0x72b0, 0x72b1,
    0x72c1, 0x3e60, 0x72cc, 0x3e66, 0x3e68, 0x72f3, 0x72fa, 0x7307, 0x7312, 0x7318, 0x7319, 0x3e83, 0x7339, 0x732c, 0x7331, 0x7333,
    0x733d, 0x7352, 0x3e94, 0x736b, 0x736c, 0xffff, 0x736e, 0x736f, 0x7371, 0x7377, 0x7381, 0x7385, 0x738a, 0x7394, 0x7398, 0x739c,
    0x739e, 0x73a5, 0x73a8, 0x73b5, 0x73b7, 0x73b9, 0x73bc, 0x73bf, 0x73c5, 0x73cb, 0x73e1, 0x73e7, 0x73f9, 0x7413, 0x73fa, 0x7401,
    0x7424, 0x7431, 0x7439, 0x7453, 0x7440, 0x7443, 0x744d, 0x7452, 0x745d, 0x7471, 0x7481, 0x7485, 0x7488, 0xffff, 0x7492, 0x7497,
    0x7499, 0x74a0, 0x74a1, 0x74a5, 0x74aa, 0x74ab, 0x74b9, 0x74bb, 0x74ba, 0x74d6, 0x74d8, 0x74de, 0x74ef, 0x74eb, 0xffff, 0x74fa,
    0xffff, 0x7520, 0x7524, 0x752a, 0x3f57, 0xffff, 0x753d, 0x753e, 0x7540, 0x7548, 0x754e, 0x7550, 0x7552, 0x756c, 0x7572, 0x7571,
    0x757a, 0x757d, 0x757e, 0x7581, 0xffff, 0x758c, 0x3f75, 0x75a2, 0x3f77, 0x75b0, 0x75b7, 0x75bf, 0x75c0, 0x75c6, 0x75cf, 0x75d3,
    0x75dd, 0x75df, 0x75e0, 0x75e7, 0x75ec, 0x75ee, 0x75f1, 0x75f9, 0x7603, 0x7618, 0x7607, 0x760f, 0x3fae, 0xffff, 0x7613, 0x761b,
    0x0000, 0x761c, 0xffff, 0x7625, 0x7628, 0x763c, 0x7633, 0xffff, 0x3fc9, 0x7641, 0xffff, 0x7649, 0x7655, 0x3fd7, 0x766e, 0x7695,
    0x769c, 0x76a1, 0x76a0, 0x76a7, 0x76a8, 0x76af, 0xffff, 0x76c9, 0xffff, 0x76e8, 0x76ec, 0xffff, 0x7717, 0x771a, 0x772d, 0x7735,
    0xffff, 0x4039, 0xffff, 0xffff, 0x7758, 0x7760, 0x776a, 0xffff, 0x7772, 0x777c, 0x777d, 0xffff, 0x4058, 0x779a, 0x779f, 0x77a2,
    0x77a4, 0x77a9, 0x77de, 0x77df, 0x77e4, 0x77e6, 0x77ea, 0x77ec, 0x4093, 0x77f0, 0x77f4, 0x77fb, 0xffff, 0x7805, 0x7806, 0x7809,
    0x780d, 0x7819, 0x7821, 0x782c, 0x7847, 0x7864, 0x786a, 0xffff, 0x788a, 0x7894, 0x78a4, 0x789d, 0x789e, 0x789f, 0x78bb, 0x78c8,
    0x78cc, 0x78ce, 0x78d5, 0x78e0, 0x78e1, 0x78e6, 0x78f9, 0x78fa, 0x78fb, 0x78fe, 0xffff, 0x7910, 0x791b, 0x7930, 0x7925, 0x793b,
    0x794a, 0x7958, 0x795b, 0x4105, 0x7967, 0x7972, 0x7994, 0x7995, 0x7996, 0x799b, 0x79a1, 0x79a9, 0x79b4, 0x79bb, 0x79c2, 0x79c7,
    0x79cc, 0x79cd, 0x79d6, 0x4148, 0xffff, 0xffff, 0x414f, 0x7a0a, 0x7a11, 0x7a15, 0x7a1b, 0x7a1e, 0x4163, 0x7a2d, 0x7a38, 0x7a47,
    0x7a4c, 0x7a56, 0x7a59, 0x7a5c, 0x7a5f, 0x7a60, 0x7a67, 0x7a6a, 0x7a75, 0x7a78, 0x7a82, 0x7a8a, 0x7a90, 0x7aa3, 0x7aac, 0xffff,
    0x41b4, 0x7ab9, 0x7abc, 0x7abe, 0x41bf, 0x7acc, 0x7ad1, 0x7ae7, 0x7ae8, 0x7af4, 0xffff, 0xffff, 0x7b07, 0xffff, 0x7b3d, 0x7b27,
    0x7b2a, 0x7b2e, 0x7b2f, 0x7b31, 0x41e6, 0x41f3, 0x7b7f, 0x7b41, 0x41ee, 0x7b55, 0x7b79, 0x7b64, 0x7b66, 0x7b69, 0x7b73, 0xffff,
    0x4207, 0x7b90, 0x7b91, 0x7b9b, 0x420e, 0x7baf, 0x7bb5, 0x7bbc, 0x7bc5, 0x7bca, 0xffff, 0xffff, 0x7bd4, 0x0000, 0x7bd6, 0x7bda,
    0x7bea, 0x7bf0, 0x7c03, 0x7c0b, 0x7c0e, 0x7c0f, 0x7c26, 0x7c45, 0x7c4a, 0x7c51, 0x7c57, 0x7c5e, 0x7c61, 0x7c69, 0x7c6e, 0x7c6f,
    0x7c70, 0xffff, 0xffff, 0xffff, 0x7ca6, 0xffff, 0x7cb6, 0x7cb7, 0x7cbf, 0xffff, 0x7cc4, 0xffff, 0x7cc8, 0x7ccd, 0xffff, 0x7cd7,
    0xffff, 0x7ce6, 0x7ceb, 0xffff, 0x7cf5, 0x7d03, 0x7d09, 0x42c6, 0x7d12, 0x7d1e, 0xffff, 0xffff, 0x7d3d, 0x7d3e, 0x7d40, 0x7d47,
    0xffff, 0xffff, 0x42d6, 0x7d59, 0x7d5a, 0x7d6a, 0x7d70, 0x42dd, 0x7d7f, 0xffff, 0x7d86, 0x7d88, 0x7d8c, 0x7d97, 0xffff, 0x7d9d,
    0x7da7, 0x7daa, 0x7db6, 0x7db7, 0x7dc0, 0x7dd7, 0x7dd9, 0x7de6, 0x7df1, 0x7df9, 0x4302, 0xffff, 0xfa58, 0x7e10, 0x7e17, 0x7e1d,
    0x7e20, 0x7e27, 0x7e2c, 0x7e45, 0x7e73, 0x7e75, 0x7e7e, 0x7e86, 0x7e87, 0x432b, 0x7e91, 0x7e98, 0x7e9a, 0x4343, 0x7f3c, 0x7f3b,
    0x7f3e, 0x7f43, 0x7f44, 0x7f4f, 0x34c1, 0xffff, 0x7f52, 0xffff, 0x7f61, 0x7f63, 0x7f64, 0x7f6d, 0x7f7d, 0x7f7e, 0xffff, 0x7f90,
    0x517b, 0xffff, 0x7f96, 0x7f9c, 0x7fad, 0xffff, 0x7fc3, 0x7fcf, 0x7fe3, 0x7fe5, 0x7fef, 0x7ff2, 0x8002, 0x800a, 0x8008, 0x800e,
    0x8011, 0x8016, 0x8024, 0x802c, 0x8030, 0x8043, 0x8066, 0x8071, 0x8075, 0x807b, 0x8099, 0x809c, 0x80a4, 0x80a7, 0x80b8, 0xffff,
    0x80c5, 0x80d5, 0x80d8, 0x80e6, 0xffff, 0x810d, 0x80f5, 0x80fb, 0x43ee, 0x8135, 0x8116, 0x811e, 0x43f0, 0x8124, 0x8127, 0x812c,
    0xffff, 0x813d, 0x4408, 0x8169, 0x4417, 0x8181, 0x441c, 0x8184, 0x8185, 0x4422, 0x8198, 0x81b2, 0x81c1, 0x81c3, 0x81d6, 0x81db,
    0xffff, 0x81e4, 0xffff, 0x81ec, 0xffff, 0x81fd, 0x81ff, 0xffff, 0x8204, 0xffff, 0x0000, 0x8219, 0x8221, 0x8222, 0xffff, 0x8232,
    0x8234, 0x823c, 0x8246, 0x8249, 0x8245, 0xffff, 0x824b, 0x4476, 0x824f, 0x447a, 0x8257, 0xffff, 0x825c, 0x8263, 0xffff, 0xfa5d,
    0xfa5e, 0x8279, 0x4491, 0x827d, 0x827f, 0x8283, 0x828a, 0x8293, 0x82a7, 0x82a8, 0x82b2, 0x82b4, 0x82ba, 0x82bc, 0x82e2, 0x82e8,
    0x82f7, 0x8307, 0x8308, 0x830c, 0x8354, 0x831b, 0x831d, 0x8330, 0x833c, 0x8344, 0x8357, 0x44be, 0x837f, 0x44d4, 0x44b3, 0x838d,
    0x8394, 0x8395, 0x839b, 0x839d, 0x83c9, 0x83d0, 0x83d4, 0x83dd, 0x83e5, 0x83f9, 0x840f, 0x8411, 0x8415, 0xffff, 0x8417, 0x8439,
    0x844a, 0x844f, 0x8451, 0x8452, 0x8459, 0x845a, 0x845c, 0xffff, 0x8465, 0x8476, 0x8478, 0x847c, 0x8481, 0x450d, 0x84dc, 0x8497,
    0x84a6, 0x84be, 0x4508, 0x84ce, 0x84cf, 0x84d3, 0xffff, 0x84e7, 0x84ea, 0x84ef, 0x84f0, 0x84f1, 0x84fa, 0x84fd, 0x850c, 0x851b,
    0x8524, 0x8525, 0x852b, 0x8534, 0x854f, 0x856f, 0x4525, 0x4543, 0x853e, 0x8551, 0x8553, 0x855e, 0x8561, 0x8562, 0xffff, 0x857b,
    0x857d, 0x857f, 0x8581, 0x8586, 0x8593, 0x859d, 0x859f, 0xffff, 0xffff, 0xffff, 0x85b7, 0x85bc, 0x85c7, 0x85ca, 0x85d8, 0x85d9,
    0x85df, 0x85e1, 0x85e6, 0x85f6, 0x8600, 0x8611, 0x861e, 0x8621, 0x8624, 0x8627, 0xffff, 0x8639, 0x863c, 0xffff, 0x8640, 0xfa20,
    0x8653, 0x8656, 0x866f, 0x8677, 0x867a, 0x8687, 0x8689, 0x868d, 0x8691, 0x869c, 0x869d, 0x86a8, 0xfa21, 0x86b1, 0x86b3, 0x86c1,
    0x86c3, 0x86d1, 0x86d5, 0x86d7, 0x86e3, 0x86e6, 0x45b8, 0x8705, 0x8707, 0x870e, 0x8710, 0x8713, 0x8719, 0x871f, 0x8721, 0x8723,
    0x8731, 0x873a, 0x873e, 0x8740, 0x8743, 0x8751, 0x8758, 0x0000, 0x8764, 0x8765, 0x8772, 0x877c, 0xffff, 0xffff, 0x87a7, 0x8789,
    0x878b, 0x8793, 0x87a0, 0xffff, 0x45e5, 0x87be, 0xffff, 0x87c1, 0x87ce, 0x87f5, 0x87df, 0xffff, 0x87e3, 0x87e5, 0x87e6, 0x87ea,
    0x87eb, 0x87ed, 0x8801, 0x8803, 0x880b, 0x8813, 0x8828, 0x882e, 0x8832, 0x883c, 0x460f, 0x884a, 0x8858, 0x885f, 0x8864, 0xffff,
    0xffff, 0x8869, 0xffff, 0x886f, 0x88a0, 0x88bc, 0x88bd, 0x88be, 0x88c0, 0x88d2, 0xffff, 0x88d1, 0x88d3, 0x88db, 0x88f0, 0x88f1,
    0x4641, 0x8901, 0xffff, 0x8937, 0xffff, 0x8942, 0x8945, 0x8949, 0xffff, 0x4665, 0x8962, 0x8980, 0x8989, 0x8990, 0x899f, 0x89b0,
    0x89b7, 0x89d6, 0x89d8, 0x89eb, 0x46a1, 0x89f1, 0x89f3, 0x89fd, 0x89ff, 0x46af, 0x8a11, 0x8a14, 0xffff, 0x8a21, 0x8a35, 0x8a3e,
    0x8a45, 0x8a4d, 0x8a58, 0x8aae, 0x8a90, 0x8ab7, 0x8abe, 0x8ad7, 0x8afc, 0xffff, 0x8b0a, 0x8b05, 0x8b0d, 0x8b1c, 0x8b1f, 0x8b2d,
    0x8b43, 0x470c, 0x8b51, 0x8b5e, 0x8b76, 0x8b7f, 0x8b81, 0x8b8b, 0x8b94, 0x8b95, 0x8b9c, 0x8b9e, 0x8c39, 0xffff, 0x8c3d, 0xffff,
    0xffff, 0x8c45, 0x8c47, 0x8c4f, 0x8c54, 0x8c57, 0x8c69, 0x8c6d, 0x8c73, 0xffff, 0x8c93, 0x8c92, 0x8c99, 0x4764, 0x8c9b, 0x8ca4,
    0x8cd6, 0x8cd5, 0x8cd9, 0xffff, 0x8cf0, 0x8cf1, 0xffff, 0x8d09, 0x8d0e, 0x8d6c, 0x8d84, 0x8d95, 0x8da6, 0xffff, 0x8dc6, 0x8dc8,
    0x8dd9, 0x8dec, 0x8e0c, 0x47fd, 0x8dfd, 0x8e06, 0xffff, 0x8e14, 0x8e16, 0x8e21, 0x8e22, 0x8e27, 0xffff, 0x4816, 0x8e36, 0x8e39,
    0x8e4b, 0x8e54, 0x8e62, 0x8e6c, 0x8e6d, 0x8e6f, 0x8e98, 0x8e9e, 0x8eae, 0x8eb3, 0x8eb5, 0x8eb6, 0x8ebb, 0xffff, 0x8ed1, 0x8ed4,
    0x484e, 0x8ef9, 0xffff, 0x8f00, 0x0000, 0x8f08, 0x8f17, 0x8f2b, 0x8f40, 0x8f4a, 0x8f58, 0xffff, 0x8fa4, 0x8fb4, 0xfa66, 0x8fb6,
    0xffff, 0x8fc1, 0x8fc6, 0xfa24, 0x8fca, 0x8fcd, 0x8fd3, 0x8fd5, 0x8fe0, 0x8ff1, 0x8ff5, 0x8ffb, 0x9002, 0x900c, 0x9037, 0xffff,
    0x9043, 0x9044, 0x905d, 0xffff, 0xffff, 0x9085, 0x908c, 0x9090, 0x961d, 0x90a1, 0x48b5, 0x90b0, 0x90b6, 0x90c3, 0x90c8, 0xffff,
    0x90dc, 0x90df, 0xffff, 0x90f6, 0x90f2, 0x9100, 0x90eb, 0x90fe, 0x90ff, 0x9104, 0x9106, 0x9118, 0x911c, 0x911e, 0x9137, 0x9139,
    0x913a, 0x9146, 0x9147, 0x9157, 0x9159, 0x9161, 0x9164, 0x9174, 0x9179, 0x9185, 0x918e, 0x91a8, 0x91ae, 0x91b3, 0x91b6, 0x91c3,
    0x91c4, 0x91da, 0xffff, 0xffff, 0x91ec, 0x91ee, 0x9201, 0x920a, 0x9216, 0x9217, 0xffff, 0x9233, 0x9242, 0x9247, 0x924a, 0x924e,
    0x9251, 0x9256, 0x9259, 0x9260, 0x9261, 0x9265, 0x9267, 0x9268, 0xffff, 0xffff, 0x927c, 0x927d, 0x927f, 0x9289, 0x928d, 0x9297,
    0x9299, 0x929f, 0x92a7, 0x92ab, 0xffff, 0xffff, 0x92b2, 0x92bf, 0x92c0, 0x92c6, 0x92ce, 0x92d0, 0x92d7, 0x92d9, 0x92e5, 0x92e7,
    0x9311, 0xffff, 0xffff, 0x92f7, 0x92f9, 0x92fb, 0x9302, 0x930d, 0x9315, 0x931d, 0x931e, 0x9327, 0x9329, 0xffff, 0xffff, 0x9347,
    0x9351, 0x9357, 0x935a, 0x936b, 0x9371, 0x9373, 0x93a1, 0xffff, 0xffff, 0x9388, 0x938b, 0x938f, 0x939e, 0x93f5, 0xffff, 0xffff,
    0x93f1, 0x93c1, 0x93c7, 0x93dc, 0x93e2, 0x93e7, 0x9409, 0x940f, 0x9416, 0x9417, 0x93fb, 0x9432, 0x9434, 0x943b, 0x9445, 0xffff,
    0xffff, 0x946d, 0x946f, 0x9578, 0x9579, 0x9586, 0x958c, 0x958d, 0xffff, 0x95ab, 0x95b4, 0xffff, 0x95c8, 0xffff, 0xffff, 0x962c,
    0x9633, 0x0000, 0x9634, 0xffff, 0x963c, 0x9641, 0x9661, 0xffff, 0x9682, 0xffff, 0x969a, 0xffff, 0x49e7, 0x96a9, 0x96af, 0x96b3,
    0x96ba, 0x96bd, 0x49fa, 0xffff, 0x96d8, 0x96da, 0x96dd, 0x4a04, 0x9714, 0x9723, 0x4a29, 0x9736, 0x9741, 0x9747, 0x9755, 0x9757,
    0x975b, 0x976a, 0xffff, 0xffff, 0x9796, 0x979a, 0x979e, 0x97a2, 0x97b1, 0x97b2, 0x97be, 0x97cc, 0x97d1, 0x97d4, 0x97d8, 0x97d9,
    0x97e1, 0x97f1, 0x9804, 0x980d, 0x980e, 0x9814, 0x9816, 0x4abc, 0xffff, 0x9823, 0x9832, 0x9833, 0x9825, 0x9847, 0x9866, 0x98ab,
    0x98ad, 0x98b0, 0xffff, 0x98b7, 0x98b8, 0x98bb, 0x98bc, 0x98bf, 0x98c2, 0x98c7, 0x98cb, 0x98e0, 0xffff, 0x98e1, 0x98e3, 0x98e5,
    0x98ea, 0x98f0, 0x98f1, 0x98f3, 0x9908, 0x4b3b, 0xffff, 0x9916, 0x9917, 0xffff, 0x991a, 0x991b, 0x991c, 0xffff, 0x9931, 0x9932,
    0x9933, 0x993a, 0x993b, 0x993c, 0x9940, 0x9941, 0x9946, 0x994d, 0x994e, 0x995c, 0x995f, 0x9960, 0x99a3, 0x99a6, 0x99b9, 0x99bd,
    0x99bf, 0x99c3, 0x99c9, 0x99d4, 0x99d9, 0x99de, 0xffff, 0x99f0, 0x99f9, 0x99fc, 0x9a0a, 0x9a11, 0x9a16, 0x9a1a, 0x9a20, 0x9a31,
    0x9a36, 0x9a44, 0x9a4c, 0x9a58, 0x4bc2, 0x9aaf, 0x4bca, 0x9ab7, 0x4bd2, 0x9ab9, 0xffff, 0x9ac6, 0x9ad0, 0x9ad2, 0x9ad5, 0x4be8,
    0x9adc, 0x9ae0, 0x9ae5, 0x9ae9, 0x9b03, 0x9b0c, 0x9b10, 0x9b12, 0x9b16, 0x9b1c, 0x9b2b, 0x9b33, 0x9b3d, 0x4c20, 0x9b4b, 0x9b63,
    0x9b65, 0x9b6b, 0x9b6c, 0x9b73, 0x9b76, 0x9b77, 0x9ba6, 0x9bac, 0x9bb1, 0xffff, 0xffff, 0x9bb2, 0x9bb8, 0x9bbe, 0x9bc7, 0x9bf3,
    0x9bd8, 0x9bdd, 0x9be7, 0x9bea, 0x9beb, 0x9bef, 0x9bee, 0xffff, 0x9bfa, 0xffff, 0x9bf7, 0xffff, 0x9c16, 0x9c18, 0x0000, 0x9c19,
    0x9c1a, 0x9c1d, 0x9c22, 0x9c27, 0x9c29, 0x9c2a, 0xffff, 0x9c31, 0x9c36, 0x9c37, 0x9c45, 0x9c5c, 0xffff, 0x9c49, 0x9c4a, 0xffff,
    0x9c54, 0x9c58, 0x9c5b, 0x9c5d, 0x9c5f, 0x9c69, 0x9c6a, 0x9c6b, 0x9c6d, 0x9c6e, 0x9c70, 0x9c72, 0x9c75, 0x9c7a, 0x9ce6, 0x9cf2,
    0x9d0b, 0x9d02, 0xffff, 0x9d11, 0x9d17, 0x9d18, 0xffff, 0x4cc4, 0xffff, 0x9d32, 0x4cd1, 0x9d42, 0x9d4a, 0x9d5f, 0x9d62, 0xffff,
    0x9d69, 0x9d6b, 0xffff, 0x9d73, 0x9d76, 0x9d77, 0x9d7e, 0x9d84, 0x9d8d, 0x9d99, 0x9da1, 0x9dbf, 0x9db5, 0x9db9, 0x9dbd, 0x9dc3,
    0x9dc7, 0x9dc9, 0x9dd6, 0x9dda, 0x9ddf, 0x9de0, 0x9de3, 0x9df4, 0x4d07, 0x9e0a, 0x9e02, 0x9e0d, 0x9e19, 0x9e1c, 0x9e1d, 0x9e7b,
    0xffff, 0x9e80, 0x9e85, 0x9e9b, 0x9ea8, 0xffff, 0x9ebd, 0xffff, 0x9edf, 0x9ee7, 0x9eee, 0x9eff, 0x9f02, 0x4d77, 0x9f03, 0x9f17,
    0x9f19, 0x9f2f, 0x9f37, 0x9f3a, 0x9f3d, 0x9f41, 0x9f45, 0x9f46, 0x9f53, 0x9f55, 0x9f58, 0xffff, 0x9f5d, 0xffff, 0x9f69, 0xffff,
    0x9f6d, 0x9f70, 0x9f75, 0xffff, 0x0000, 0x0000, 0x0000, 0x0000, 0x0000, 0x0000, 0x0000, 0x0000,
];
pub static WIDE: [(u32, u32); 303] = [
    (0x5ce, 0x2000b), (0x64c, 0x2123d), (0x656, 0x2131b), (0x66b, 0x2146e), (0x686, 0x218bd), (0x122e, 0x20b9f),
    (0x123e, 0x216b4), (0x1249, 0x21e34), (0x4f5b, 0x231c4), (0x4f94, 0x235c4), (0x4fa9, 0x2373f), (0x4fb2, 0x23763),
    (0x4fe0, 0x23cfe), (0x504b, 0x247f1), (0x50bb, 0x2548e), (0x50c4, 0x2550e), (0x50e2, 0x25771), (0x50ef, 0x259c4),
    (0x510a, 0x25da1), (0x5157, 0x26aff), (0x518b, 0x26e40), (0x51a1, 0x270f4), (0x51c5, 0x27684), (0x5200, 0x28277),
    (0x5208, 0x283cd), (0x52da, 0x2a190), (0x52f3, 0x20089), (0x52fd, 0x200a2), (0x5300, 0x200a4), (0x5308, 0x201a2),
    (0x5318, 0x20213), (0x5343, 0x2032b), (0x534a, 0x20381), (0x534c, 0x20371), (0x5361, 0x21c56), (0x5368, 0x21d2d),
    (0x5369, 0x21d45), (0x536b, 0x21d78), (0x536c, 0x21d62), (0x5370, 0x21da1), (0x5371, 0x21d9c), (0x5376, 0x21d92),
    (0x5379, 0x21db7), (0x537b, 0x21de0), (0x537c, 0x21e33), (0x538c, 0x21f1e), (0x5397, 0x21f76), (0x539d, 0x21ffa),
    (0x53b1, 0x203f9), (0x53b4, 0x2044a), (0x53b6, 0x20509), (0x53c0, 0x205d6), (0x53c1, 0x20628), (0x53c7, 0x2074f),
    (0x53ce, 0x20807), (0x53d0, 0x2083a), (0x53d9, 0x208b9), (0x53e1, 0x2097c), (0x53e2, 0x2099d), (0x53e8, 0x20ad3),
    (0x53eb, 0x20b1d), (0x5407, 0x20d45), (0x5418, 0x20de1), (0x541f, 0x20e95), (0x5420, 0x20e6d), (0x5428, 0x20e64),
    (0x542b, 0x20f5f), (0x5447, 0x21201), (0x544a, 0x21255), (0x544c, 0x2127b), (0x5451, 0x21274), (0x5458, 0x212e4),
    (0x5459, 0x212d7), (0x5460, 0x212fd), (0x5462, 0x21336), (0x5463, 0x21344), (0x5471, 0x213c4), (0x547e, 0x2146d),
    (0x548a, 0x215d7), (0x5490, 0x26c29), (0x5493, 0x21647), (0x54a1, 0x21706), (0x54a2, 0x21742), (0x54cb, 0x219c3),
    (0x54cd, 0x2217b), (0x54d6, 0x2231e), (0x54db, 0x223ad), (0x54fb, 0x226f3), (0x5510, 0x2285b), (0x5518, 0x228ab),
    (0x551d, 0x2298f), (0x552d, 0x22ab8), (0x5532, 0x22b4f), (0x5533, 0x22b50), (0x553b, 0x22b46), (0x553d, 0x22c1d),
    (0x553e, 0x22ba6), (0x5542, 0x22c24), (0x555f, 0x22de1), (0x5587, 0x231c3), (0x558b, 0x231f5), (0x558c, 0x231b6),
    (0x55a2, 0x23372), (0x55a4, 0x233d3), (0x55a5, 0x233d2), (0x55aa, 0x233d0), (0x55ab, 0x233e4), (0x55ac, 0x233d5),
    (0x55af, 0x233da), (0x55b1, 0x233df), (0x55bd, 0x2344a), (0x55be, 0x23451), (0x55bf, 0x2344b), (0x55c3, 0x23465),
    (0x55df, 0x234e4), (0x55e0, 0x2355a), (0x55f0, 0x23594), (0x5605, 0x23639), (0x5606, 0x23647), (0x5608, 0x23638),
    (0x5609, 0x2363a), (0x5614, 0x2371c), (0x561f, 0x2370c), (0x5628, 0x23764), (0x5630, 0x237ff), (0x5631, 0x237e7),
    (0x5637, 0x23824), (0x563c, 0x2383d), (0x5648, 0x23a98), (0x5659, 0x23c7f), (0x566e, 0x23d00), (0x5681, 0x23d40),
    (0x5683, 0x23dfa), (0x5684, 0x23df9), (0x5685, 0x23dd3), (0x56b5, 0x23f7e), (0x56ca, 0x24096), (0x56d0, 0x24103),
    (0x56e5, 0x241c6), (0x56e8, 0x241fe), (0x5704, 0x243bc), (0x5715, 0x24629), (0x571b, 0x246a5), (0x5735, 0x24896),
    (0x575d, 0x24a4d), (0x576e, 0x24b56), (0x5770, 0x24b6f), (0x5775, 0x24c16), (0x5784, 0x24d14), (0x579d, 0x24e0e),
    (0x57a2, 0x24e37), (0x57a7, 0x24e6a), (0x57aa, 0x24e8b), (0x57b6, 0x2504a), (0x57b8, 0x25055), (0x57bb, 0x25122),
    (0x57c0, 0x251a9), (0x57c2, 0x251e5), (0x57c3, 0x251cd), (0x57c7, 0x2521e), (0x57cb, 0x2524c), (0x57dc, 0x2542e),
    (0x57e7, 0x254d9), (0x57fa, 0x255a7), (0x5814, 0x257a9), (0x5815, 0x257b4), (0x582f, 0x259d4), (0x583a, 0x25ae4),
    (0x583b, 0x25ae3), (0x583d, 0x25af1), (0x584f, 0x25bb2), (0x585a, 0x25c4b), (0x585b, 0x25c64), (0x5871, 0x25e2e),
    (0x5872, 0x25e56), (0x5873, 0x25e65), (0x5875, 0x25e62), (0x5879, 0x25ed8), (0x587b, 0x25ec2), (0x587e, 0x25ee8),
    (0x5880, 0x25f23), (0x5883, 0x25f5c), (0x588a, 0x25fe0), (0x588b, 0x25fd4), (0x5890, 0x2600c), (0x5891, 0x25ffb),
    (0x5899, 0x26017), (0x589e, 0x26060), (0x58ab, 0x260ed), (0x58c5, 0x26270), (0x58c7, 0x26286), (0x58ce, 0x2634c),
    (0x58d1, 0x23d0e), (0x58d5, 0x26402), (0x58ef, 0x2667e), (0x58f4, 0x266b0), (0x5900, 0x2671d), (0x5910, 0x268dd),
    (0x5912, 0x268ea), (0x5914, 0x26951), (0x5917, 0x2696f), (0x5919, 0x269dd), (0x591e, 0x26a1e), (0x5925, 0x26a58),
    (0x592b, 0x26a8c), (0x592e, 0x26ab7), (0x595d, 0x26c73), (0x5967, 0x26cdd), (0x5976, 0x26e65), (0x598e, 0x26f94),
    (0x5997, 0x26ff8), (0x5998, 0x26ff6), (0x5999, 0x26ff7), (0x59aa, 0x2710d), (0x59ad, 0x27139), (0x59dc, 0x273db),
    (0x59dd, 0x273da), (0x59e3, 0x273fe), (0x59e6, 0x27410), (0x59eb, 0x27449), (0x59ff, 0x27615), (0x5a00, 0x27614),
    (0x5a02, 0x27631), (0x5a0a, 0x27693), (0x5a12, 0x2770e), (0x5a14, 0x27723), (0x5a18, 0x27752), (0x5a2c, 0x27985),
    (0x5a39, 0x27a84), (0x5a4d, 0x27bb3), (0x5a4f, 0x27bbe), (0x5a50, 0x27bc7), (0x5a59, 0x27cb8), (0x5a63, 0x27da0),
    (0x5a66, 0x27e10), (0x5a6d, 0x27fb7), (0x5a76, 0x2808a), (0x5a7c, 0x280bb), (0x5a8d, 0x28282), (0x5a92, 0x282f3),
    (0x5a9b, 0x2840c), (0x5aa0, 0x28455), (0x5aaf, 0x2856b), (0x5ab3, 0x285c8), (0x5ab4, 0x285c9), (0x5abf, 0x286d7),
    (0x5ac2, 0x286fa), (0x5ae2, 0x28949), (0x5ae3, 0x28946), (0x5aea, 0x2896b), (0x5af8, 0x28987), (0x5af9, 0x28988),
    (0x5b04, 0x289ba), (0x5b05, 0x289bb), (0x5b11, 0x28a1e), (0x5b12, 0x28a29), (0x5b1d, 0x28a71), (0x5b1e, 0x28a43),
    (0x5b27, 0x28a99), (0x5b28, 0x28acd), (0x5b2e, 0x28ae4), (0x5b2f, 0x28add), (0x5b3f, 0x28bc1), (0x5b40, 0x28bef),
    (0x5b48, 0x28d10), (0x5b4b, 0x28d71), (0x5b4d, 0x28dfb), (0x5b4e, 0x28e1f), (0x5b53, 0x28e36), (0x5b57, 0x28e89),
    (0x5b59, 0x28eeb), (0x5b5b, 0x28f32), (0x5b63, 0x28ff8), (0x5b72, 0x292a0), (0x5b73, 0x292b1), (0x5b88, 0x29490),
    (0x5b92, 0x295cf), (0x5b9c, 0x2967f), (0x5ba6, 0x296f0), (0x5ba9, 0x29719), (0x5bad, 0x29750), (0x5bc6, 0x298c6),
    (0x5bda, 0x29a72), (0x5bf9, 0x29ddb), (0x5bfa, 0x29e3d), (0x5c07, 0x29e15), (0x5c09, 0x29e8a), (0x5c0b, 0x29e49),
    (0x5c16, 0x29ec4), (0x5c1c, 0x29ee9), (0x5c1f, 0x29edb), (0x5c32, 0x29fce), (0x5c36, 0x2a02f), (0x5c38, 0x2a01a),
    (0x5c3f, 0x2a0f9), (0x5c42, 0x2a082), (0x5c60, 0x22218), (0x5c65, 0x2a38c), (0x5c67, 0x2a437), (0x5c7b, 0x2a5f1),
    (0x5c7d, 0x2a602), (0x5c7f, 0x2a61a), (0x5c83, 0x2a6b2),
];
pub static ENC_CP: [u16; 11096] = [
    0x0000, 0x0001, 0x0002, 0x0003, 0x0004, 0x0005, 0x0006, 0x0007, 0x0008, 0x0009, 0x000a, 0x000b, 0x000c, 0x000d, 0x000e, 0x000f,
    0x0010, 0x0011, 0x0012, 0x0013, 0x0014, 0x0015, 0x0016, 0x0017, 0x0018, 0x0019, 0x001a, 0x001b, 0x001c, 0x001d, 0x001e, 0x001f,
    0x0020, 0x0021, 0x0022, 0x0023, 0x0024, 0x0025, 0x0026, 0x0027, 0x0028, 0x0029, 0x002a, 0x002b, 0x002c, 0x002d, 0x002e, 0x002f,
    0x0030, 0x0031, 0x0032, 0x0033, 0x0034, 0x0035, 0x0036, 0x0037, 0x0038, 0x0039, 0x003a, 0x003b, 0x003c, 0x003d, 0x003e, 0x003f,
    0x0040, 0x0041, 0x0042, 0x0043, 0x0044, 0x0045, 0x0046, 0x0047, 0x0048, 0x0049, 0x004a, 0x004b, 0x004c, 0x004d, 0x004e, 0x004f,
    0x0050, 0x0051, 0x0052, 0x0053, 0x0054, 0x0055, 0x0056, 0x0057, 0x0058, 0x0059, 0x005a, 0x005b, 0x005d, 0x005e, 0x005f, 0x0060,
    0x0061, 0x0062, 0x0063, 0x0064, 0x0065, 0x0066, 0x0067, 0x0068, 0x0069, 0x006a, 0x006b, 0x006c, 0x006d, 0x006e, 0x006f, 0x0070,
    0x0071, 0x0072, 0x0073, 0x0074, 0x0075, 0x0076, 0x0077, 0x0078, 0x0079, 0x007a, 0x007b, 0x007c, 0x007d, 0x007f, 0x00a0, 0x00a1,
    0x00a2, 0x00a3, 0x00a4, 0x00a5, 0x00a6, 0x00a7, 0x00a8, 0x00a9, 0x00aa, 0x00ab, 0x00ac, 0x00ad, 0x00ae, 0x00af, 0x00b0, 0x00b1,
    0x00b2, 0x00b3, 0x00b4, 0x00b6, 0x00b7, 0x00b8, 0x00b9, 0x00ba, 0x00bb, 0x00bc, 0x00bd, 0x00be, 0x00bf, 0x00c0, 0x00c1, 0x00c2,
    0x00c3, 0x00c4, 0x00c5, 0x00c6, 0x00c7, 0x00c8, 0x00c9, 0x00ca, 0x00cb, 0x00cc, 0x00cd, 0x00ce, 0x00cf, 0x00d0, 0x00d1, 0x00d2,
    0x00d3, 0x00d4, 0x00d5, 0x00d6, 0x00d7, 0x00d8, 0x00d9, 0x00da, 0x00db, 0x00dc, 0x00dd, 0x00de, 0x00df, 0x00e0, 0x00e1, 0x00e2,
    0x00e3, 0x00e4, 0x00e5, 0x00e6, 0x00e7, 0x00e8, 0x00e9, 0x00ea, 0x00eb, 0x00ec, 0x00ed, 0x00ee, 0x00ef, 0x00f0, 0x00f1, 0x00f2,
    0x00f3, 0x00f4, 0x00f5, 0x00f6, 0x00f7, 0x00f8, 0x00f9, 0x00fa, 0x00fb, 0x00fc, 0x00fd, 0x00fe, 0x00ff, 0x0100, 0x0101, 0x0102,
    0x0103, 0x0104, 0x0105, 0x0106, 0x0107, 0x0108, 0x0109, 0x010c, 0x010d, 0x010e, 0x010f, 0x0111, 0x0112, 0x0113, 0x0118, 0x0119,
    0x011a, 0x011b, 0x011c, 0x011d, 0x0124, 0x0125, 0x0127, 0x012a, 0x012b, 0x0134, 0x0135, 0x0139, 0x013a, 0x013d, 0x013e, 0x0141,
    0x0142, 0x0143, 0x0144, 0x0147, 0x0148, 0x014b, 0x014c, 0x014d, 0x0150, 0x0151, 0x0152, 0x0153, 0x0154, 0x0155, 0x0158, 0x0159,
    0x015a, 0x015b, 0x015c, 0x015d, 0x015e, 0x015f, 0x0160, 0x0161, 0x0162, 0x0163, 0x0164, 0x0165, 0x016a, 0x016b, 0x016c, 0x016d,
    0x016e, 0x016f, 0x0170, 0x0171, 0x0179, 0x017a, 0x017b, 0x017c, 0x017d, 0x017e, 0x0193, 0x01c2, 0x01cd, 0x01ce, 0x01d0, 0x01d1,
    0x01d2, 0x01d4, 0x01d6, 0x01d8, 0x01da, 0x01dc, 0x01f8, 0x01f9, 0x01fd, 0x0250, 0x0251, 0x0252, 0x0253, 0x0254, 0x0255, 0x0256,
    0x0257, 0x0258, 0x0259, 0x025a, 0x025c, 0x025e, 0x025f, 0x0260, 0x0261, 0x0264, 0x0265, 0x0266, 0x0267, 0x0268, 0x026c, 0x026d,
    0x026e, 0x026f, 0x0270, 0x0271, 0x0272, 0x0273, 0x0275, 0x0279, 0x027a, 0x027b, 0x027d, 0x027e, 0x0281, 0x0282, 0x0283, 0x0284,
    0x0288, 0x0289, 0x028a, 0x028b, 0x028c, 0x028d, 0x028e, 0x0290, 0x0291, 0x0292, 0x0294, 0x0295, 0x0298, 0x029d, 0x02a1, 0x02a2,
    0x02c7, 0x02c8, 0x02cc, 0x02d0, 0x02d1, 0x02d8, 0x02d9, 0x02db, 0x02dd, 0x02de, 0x02e5, 0x02e6, 0x02e7, 0x02e8, 0x02e9, 0x0300,
    0x0301, 0x0302, 0x0303, 0x0304, 0x0306, 0x0308, 0x030b, 0x030c, 0x030f, 0x0318, 0x0319, 0x031a, 0x031c, 0x031d, 0x031e, 0x031f,
    0x0320, 0x0324, 0x0325, 0x0329, 0x032a, 0x032c, 0x032f, 0x0330, 0x0334, 0x0339, 0x033a, 0x033b, 0x033c, 0x033d, 0x0361, 0x0391,
    0x0392, 0x0393, 0x0394, 0x0395, 0x0396, 0x0397, 0x0398, 0x0399, 0x039a, 0x039b, 0x039c, 0x039d, 0x039e, 0x039f, 0x03a0, 0x03a1,
    0x03a3, 0x03a4, 0x03a5, 0x03a6, 0x03a7, 0x03a8, 0x03a9, 0x03b1, 0x03b2, 0x03b3, 0x03b4, 0x03b5, 0x03b6, 0x03b7, 0x03b8, 0x03b9,
    0x03ba, 0x03bb, 0x03bc, 0x03bd, 0x03be, 0x03bf, 0x03c0, 0x03c1, 0x03c2, 0x03c3, 0x03c4, 0x03c5, 0x03c6, 0x03c7, 0x03c8, 0x03c9,
    0x0401, 0x0410, 0x0411, 0x0412, 0x0413, 0x0414, 0x0415, 0x0416, 0x0417, 0x0418, 0x0419, 0x041a, 0x041b, 0x041c, 0x041d, 0x041e,
    0x041f, 0x0420, 0x0421, 0x0422, 0x0423, 0x0424, 0x0425, 0x0426, 0x0427, 0x0428, 0x0429, 0x042a, 0x042b, 0x042c, 0x042d, 0x042e,
    0x042f, 0x0430, 0x0431, 0x0432, 0x0433, 0x0434, 0x0435, 0x0436, 0x0437, 0x0438, 0x0439, 0x043a, 0x043b, 0x043c, 0x043d, 0x043e,
    0x043f, 0x0440, 0x0441, 0x0442, 0x0443, 0x0444, 0x0445, 0x0446, 0x0447, 0x0448, 0x0449, 0x044a, 0x044b, 0x044c, 0x044d, 0x044e,
    0x044f, 0x0451, 0x1e3e, 0x1e3f, 0x1f70, 0x1f71, 0x1f72, 0x1f73, 0x2010, 0x2013, 0x2014, 0x2016, 0x2018, 0x2019, 0x201c, 0x201d,
    0x2020, 0x2021, 0x2022, 0x2025, 0x2026, 0x2030, 0x2032, 0x2033, 0x203b, 0x203c, 0x203e, 0x203f, 0x2042, 0x2047, 0x2048, 0x2049,
    0x2051, 0x20ac, 0x2103, 0x210f, 0x2113, 0x2116, 0x2121, 0x2127, 0x212b, 0x2135, 0x2153, 0x2154, 0x2155, 0x2160, 0x2161, 0x2162,
    0x2163, 0x2164, 0x2165, 0x2166, 0x2167, 0x2168, 0x2169, 0x216a, 0x216b, 0x2170, 0x2171, 0x2172, 0x2173, 0x2174, 0x2175, 0x2176,
    0x2177, 0x2178, 0x2179, 0x217a, 0x217b, 0x2190, 0x2191, 0x2192, 0x2193, 0x2194, 0x2196, 0x2197, 0x2198, 0x2199, 0x21c4, 0x21d2,
    0x21d4, 0x21e6, 0x21e7, 0x21e8, 0x21e9, 0x2200, 0x2202, 0x2203, 0x2205, 0x2207, 0x2208, 0x2209, 0x220b, 0x2212, 0x2213, 0x221a,
    0x221d, 0x221e, 0x221f, 0x2220, 0x2225, 0x2226, 0x2227, 0x2228, 0x2229, 0x222a, 0x222b, 0x222c, 0x222e, 0x2234, 0x2235, 0x223d,
    0x2243, 0x2245, 0x2248, 0x2252, 0x2260, 0x2261, 0x2262, 0x2266, 0x2267, 0x226a, 0x226b, 0x2276, 0x2277, 0x2282, 0x2283, 0x2284,
    0x2285, 0x2286, 0x2287, 0x228a, 0x228b, 0x2295, 0x2296, 0x2297, 0x22a5, 0x22bf, 0x22da, 0x22db, 0x2305, 0x2306, 0x2312, 0x2318,
    0x23be, 0x23bf, 0x23c0, 0x23c1, 0x23c2, 0x23c3, 0x23c4, 0x23c5, 0x23c6, 0x23c7, 0x23c8, 0x23c9, 0x23ca, 0x23cb, 0x23cc, 0x23ce,
    0x2423, 0x2460, 0x2461, 0x2462, 0x2463, 0x2464, 0x2465, 0x2466, 0x2467, 0x2468, 0x2469, 0x246a, 0x246b, 0x246c, 0x246d, 0x246e,
    0x246f, 0x2470, 0x2471, 0x2472, 0x2473, 0x24d0, 0x24d1, 0x24d2, 0x24d3, 0x24d4, 0x24d5, 0x24d6, 0x24d7, 0x24d8, 0x24d9, 0x24da,
    0x24db, 0x24dc, 0x24dd, 0x24de, 0x24df, 0x24e0, 0x24e1, 0x24e2, 0x24e3, 0x24e4, 0x24e5, 0x24e6, 0x24e7, 0x24e8, 0x24e9, 0x24eb,
    0x24ec, 0x24ed, 0x24ee, 0x24ef, 0x24f0, 0x24f1, 0x24f2, 0x24f3, 0x24f4, 0x24f5, 0x24f6, 0x24f7, 0x24f8, 0x24f9, 0x24fa, 0x24fb,
    0x24fc, 0x24fd, 0x24fe, 0x2500, 0x2501, 0x2502, 0x2503, 0x250c, 0x250f, 0x2510, 0x2513, 0x2514, 0x2517, 0x2518, 0x251b, 0x251c,
    0x251d, 0x2520, 0x2523, 0x2524, 0x2525, 0x2528, 0x252b, 0x252c, 0x252f, 0x2530, 0x2533, 0x2534, 0x2537, 0x2538, 0x253b, 0x253c,
    0x253f, 0x2542, 0x254b, 0x25a0, 0x25a1, 0x25b1, 0x25b2, 0x25b3, 0x25b6, 0x25b7, 0x25bc, 0x25bd, 0x25c0, 0x25c1, 0x25c6, 0x25c7,
    0x25c9, 0x25cb, 0x25ce, 0x25cf, 0x25d0, 0x25d1, 0x25d2, 0x25d3, 0x25e6, 0x25ef, 0x2600, 0x2601, 0x2602, 0x2603, 0x2605, 0x2606,
    0x260e, 0x2616, 0x2617, 0x261e, 0x2640, 0x2642, 0x2660, 0x2661, 0x2662, 0x2663, 0x2664, 0x2665, 0x2666, 0x2667, 0x2668, 0x2669,
    0x266a, 0x266b, 0x266c, 0x266d, 0x266e, 0x266f, 0x2713, 0x2756, 0x2776, 0x2777, 0x2778, 0x2779, 0x277a, 0x277b, 0x277c, 0x277d,
    0x277e, 0x277f, 0x2934, 0x2935, 0x29bf, 0x29fa, 0x29fb, 0x3000, 0x3001, 0x3002, 0x3003, 0x3005, 0x3006, 0x3007, 0x3008, 0x3009,
    0x300a, 0x300b, 0x300c, 0x300d, 0x300e, 0x300f, 0x3010, 0x3011, 0x3012, 0x3013, 0x3014, 0x3015, 0x3016, 0x3017, 0x3018, 0x3019,
    0x301c, 0x301d, 0x301f, 0x3020, 0x3033, 0x3034, 0x3035, 0x303b, 0x303c, 0x303d, 0x3041, 0x3042, 0x3043, 0x3044, 0x3045, 0x3046,
    0x3047, 0x3048, 0x3049, 0x304a, 0x304b, 0x304c, 0x304d, 0x304e, 0x304f, 0x3050, 0x3051, 0x3052, 0x3053, 0x3054, 0x3055, 0x3056,
    0x3057, 0x3058, 0x3059, 0x305a, 0x305b, 0x305c, 0x305d, 0x305e, 0x305f, 0x3060, 0x3061, 0x3062, 0x3063, 0x3064, 0x3065, 0x3066,
    0x3067, 0x3068, 0x3069, 0x306a, 0x306b, 0x306c, 0x306d, 0x306e, 0x306f, 0x3070, 0x3071, 0x3072, 0x3073, 0x3074, 0x3075, 0x3076,
    0x3077, 0x3078, 0x3079, 0x307a, 0x307b, 0x307c, 0x307d, 0x307e, 0x307f, 0x3080, 0x3081, 0x3082, 0x3083, 0x3084, 0x3085, 0x3086,
    0x3087, 0x3088, 0x3089, 0x308a, 0x308b, 0x308c, 0x308d, 0x308e, 0x308f, 0x3090, 0x3091, 0x3092, 0x3093, 0x3094, 0x3095, 0x3096,
    0x309b, 0x309c, 0x309d, 0x309e, 0x309f, 0x30a0, 0x30a1, 0x30a2, 0x30a3, 0x30a4, 0x30a5, 0x30a6, 0x30a7, 0x30a8, 0x30a9, 0x30aa,
    0x30ab, 0x30ac, 0x30ad, 0x30ae, 0x30af, 0x30b0, 0x30b1, 0x30b2, 0x30b3, 0x30b4, 0x30b5, 0x30b6, 0x30b7, 0x30b8, 0x30b9, 0x30ba,
    0x30bb, 0x30bc, 0x30bd, 0x30be, 0x30bf, 0x30c0, 0x30c1, 0x30c2, 0x30c3, 0x30c4, 0x30c5, 0x30c6, 0x30c7, 0x30c8, 0x30c9, 0x30ca,
    0x30cb, 0x30cc, 0x30cd, 0x30ce, 0x30cf, 0x30d0, 0x30d1, 0x30d2, 0x30d3, 0x30d4, 0x30d5, 0x30d6, 0x30d7, 0x30d8, 0x30d9, 0x30da,
    0x30db, 0x30dc, 0x30dd, 0x30de, 0x30df, 0x30e0, 0x30e1, 0x30e2, 0x30e3, 0x30e4, 0x30e5, 0x30e6, 0x30e7, 0x30e8, 0x30e9, 0x30ea,
    0x30eb, 0x30ec, 0x30ed, 0x30ee, 0x30ef, 0x30f0, 0x30f1, 0x30f2, 0x30f3, 0x30f4, 0x30f5, 0x30f6, 0x30f7, 0x30f8, 0x30f9, 0x30fa,
    0x30fb, 0x30fc, 0x30fd, 0x30fe, 0x30ff, 0x31f0, 0x31f1, 0x31f2, 0x31f3, 0x31f4, 0x31f5, 0x31f6, 0x31f7, 0x31f8, 0x31f9, 0x31fa,
    0x31fb, 0x31fc, 0x31fd, 0x31fe, 0x31ff, 0x3231, 0x3232, 0x3239, 0x3251, 0x3252, 0x3253, 0x3254, 0x3255, 0x3256, 0x3257, 0x3258,
    0x3259, 0x325a, 0x325b, 0x325c, 0x325d, 0x325e, 0x325f, 0x32a4, 0x32a5, 0x32a6, 0x32a7, 0x32a8, 0x32b1, 0x32b2, 0x32b3, 0x32b4,
    0x32b5, 0x32b6, 0x32b7, 0x32b8, 0x32b9, 0x32ba, 0x32bb, 0x32bc, 0x32bd, 0x32be, 0x32bf, 0x32d0, 0x32d1, 0x32d2, 0x32d3, 0x32d4,
    0x32d5, 0x32d6, 0x32d7, 0x32d8, 0x32d9, 0x32da, 0x32db, 0x32dc, 0x32dd, 0x32de, 0x32df, 0x32e0, 0x32e1, 0x32e2, 0x32e3, 0x32e5,
    0x32e9, 0x32ec, 0x32ed, 0x32fa, 0x3303, 0x330d, 0x3314, 0x3318, 0x3322, 0x3323, 0x3326, 0x3327, 0x332b, 0x3336, 0x333b, 0x3349,
    0x334a, 0x334d, 0x3351, 0x3357, 0x337b, 0x337c, 0x337d, 0x337e, 0x338e, 0x338f, 0x339c, 0x339d, 0x339e, 0x33a1, 0x33c4, 0x33cb,
    0x33cd, 0x3402, 0x3406, 0x342c, 0x342e, 0x3468, 0x346a, 0x3492, 0x34b5, 0x34bc, 0x34c1, 0x34c7, 0x34db, 0x351f, 0x355d, 0x355e,
    0x3563, 0x356e, 0x35a6, 0x35a8, 0x35c5, 0x35da, 0x35f4, 0x3605, 0x364a, 0x3691, 0x3696, 0x3699, 0x36cf, 0x3761, 0x3762, 0x376b,
    0x376c, 0x3775, 0x378d, 0x37c1, 0x37e2, 0x37e8, 0x37f4, 0x37fd, 0x3800, 0x382f, 0x3836, 0x3840, 0x385c, 0x3861, 0x38fa, 0x3917,
    0x391a, 0x396f, 0x3a6e, 0x3a73, 0x3ad6, 0x3ad7, 0x3aea, 0x3b0e, 0x3b1a, 0x3b1c, 0x3b22, 0x3b6d, 0x3b77, 0x3b87, 0x3b88, 0x3b8d,
    0x3ba4, 0x3bb6, 0x3bc3, 0x3bcd, 0x3bf0, 0x3c0f, 0x3c26, 0x3cc3, 0x3cd2, 0x3d11, 0x3d1e, 0x3d64, 0x3d9a, 0x3dc0, 0x3dd4, 0x3e05,
    0x3e3f, 0x3e60, 0x3e66, 0x3e68, 0x3e83, 0x3e94, 0x3f57, 0x3f72, 0x3f75, 0x3f77, 0x3fae, 0x3fc9, 0x3fd7, 0x4039, 0x4058, 0x4093,
    0x4105, 0x4148, 0x414f, 0x4163, 0x41b4, 0x41bf, 0x41e6, 0x41ee, 0x41f3, 0x4207, 0x420e, 0x4264, 0x42c6, 0x42d6, 0x42dd, 0x4302,
    0x432b, 0x4343, 0x43ee, 0x43f0, 0x4408, 0x4417, 0x441c, 0x4422, 0x4453, 0x445b, 0x4476, 0x447a, 0x4491, 0x44b3, 0x44be, 0x44d4,
    0x4508, 0x450d, 0x4525, 0x4543, 0x459d, 0x45b8, 0x45e5, 0x45ea, 0x460f, 0x4641, 0x4665, 0x46a1, 0x46af, 0x470c, 0x4764, 0x47fd,
    0x4816, 0x4844, 0x484e, 0x48b5, 0x49b0, 0x49e7, 0x49fa, 0x4a04, 0x4a29, 0x4abc, 0x4b3b, 0x4bc2, 0x4bca, 0x4bd2, 0x4be8, 0x4c17,
    0x4c20, 0x4cc4, 0x4cd1, 0x4d07, 0x4d77, 0x4e00, 0x4e01, 0x4e02, 0x4e03, 0x4e07, 0x4e08, 0x4e09, 0x4e0a, 0x4e0b, 0x4e0d, 0x4e0e,
    0x4e0f, 0x4e10, 0x4e11, 0x4e12, 0x4e14, 0x4e15, 0x4e16, 0x4e17, 0x4e18, 0x4e19, 0x4e1e, 0x4e21, 0x4e26, 0x4e28, 0x4e29, 0x4e2a,
    0x4e2b, 0x4e2c, 0x4e2d, 0x4e2e, 0x4e2f, 0x4e30, 0x4e31, 0x4e32, 0x4e36, 0x4e38, 0x4e39, 0x4e3b, 0x4e3c, 0x4e3f, 0x4e40, 0x4e42,
    0x4e43, 0x4e45, 0x4e47, 0x4e48, 0x4e4b, 0x4e4d, 0x4e4e, 0x4e4f, 0x4e51, 0x4e55, 0x4e56, 0x4e57, 0x4e58, 0x4e59, 0x4e5a, 0x4e5d,
    0x4e5e, 0x4e5f, 0x4e62, 0x4e69, 0x4e71, 0x4e73, 0x4e7e, 0x4e80, 0x4e82, 0x4e85, 0x4e86, 0x4e88, 0x4e89, 0x4e8a, 0x4e8b, 0x4e8c,
    0x4e8d, 0x4e8e, 0x4e91, 0x4e92, 0x4e94, 0x4e95, 0x4e98, 0x4e99, 0x4e9b, 0x4e9c, 0x4e9d, 0x4e9e, 0x4e9f, 0x4ea0, 0x4ea1, 0x4ea2,
    0x4ea4, 0x4ea5, 0x4ea6, 0x4ea8, 0x4eab, 0x4eac, 0x4ead, 0x4eae, 0x4eb0, 0x4eb3, 0x4eb6, 0x4eb9, 0x4eba, 0x4ebb, 0x4ebc, 0x4ec0,
    0x4ec1, 0x4ec2, 0x4ec3, 0x4ec4, 0x4ec6, 0x4ec7, 0x4ec8, 0x4eca, 0x4ecb, 0x4ecd, 0x4ece, 0x4ecf, 0x4ed0, 0x4ed4, 0x4ed5, 0x4ed6,
    0x4ed7, 0x4ed8, 0x4ed9, 0x4eda, 0x4edd, 0x4ede, 0x4edf, 0x4ee1, 0x4ee3, 0x4ee4, 0x4ee5, 0x4eeb, 0x4eed, 0x4eee, 0x4ef0, 0x4ef1,
    0x4ef2, 0x4ef5, 0x4ef6, 0x4ef7, 0x4efb, 0x4efd, 0x4eff, 0x4f00, 0x4f01, 0x4f03, 0x4f09, 0x4f0a, 0x4f0b, 0x4f0d, 0x4f0e, 0x4f0f,
    0x4f10, 0x4f11, 0x4f16, 0x4f1a, 0x4f1c, 0x4f1d, 0x4f2f, 0x4f30, 0x4f34, 0x4f36, 0x4f37, 0x4f38, 0x4f3a, 0x4f3c, 0x4f3d, 0x4f3e,
    0x4f43, 0x4f46, 0x4f47, 0x4f48, 0x4f49, 0x4f4d, 0x4f4e, 0x4f4f, 0x4f50, 0x4f51, 0x4f53, 0x4f54, 0x4f55, 0x4f56, 0x4f57, 0x4f58,
    0x4f59, 0x4f5a, 0x4f5b, 0x4f5c, 0x4f5d, 0x4f5e, 0x4f5f, 0x4f60, 0x4f64, 0x4f69, 0x4f6a, 0x4f6c, 0x4f6f, 0x4f70, 0x4f73, 0x4f75,
    0x4f76, 0x4f77, 0x4f78, 0x4f7a, 0x4f7b, 0x4f7c, 0x4f7d, 0x4f7e, 0x4f7f, 0x4f82, 0x4f83, 0x4f85, 0x4f86, 0x4f88, 0x4f8a, 0x4f8b,
    0x4f8d, 0x4f8f, 0x4f91, 0x4f92, 0x4f94, 0x4f96, 0x4f97, 0x4f98, 0x4f9a, 0x4f9b, 0x4f9d, 0x4fa0, 0x4fa1, 0x4fab, 0x4fad, 0x4fae,
    0x4faf, 0x4fb2, 0x4fb5, 0x4fb6, 0x4fbe, 0x4fbf, 0x4fc2, 0x4fc3, 0x4fc4, 0x4fc5, 0x4fc9, 0x4fca, 0x4fcb, 0x4fce, 0x4fcf, 0x4fd0,
    0x4fd1, 0x4fd2, 0x4fd4, 0x4fd7, 0x4fd8, 0x4fda, 0x4fdb, 0x4fdd, 0x4fdf, 0x4fe0, 0x4fe1, 0x4fe3, 0x4fe4, 0x4fe5, 0x4fe6, 0x4fee,
    0x4fef, 0x4ff1, 0x4ff2, 0x4ff3, 0x4ff5, 0x4ff6, 0x4ff8, 0x4ffa, 0x4ffe, 0x5000, 0x5001, 0x5002, 0x5005, 0x5006, 0x5009, 0x500b,
    0x500d, 0x500e, 0x500f, 0x5010, 0x5011, 0x5012, 0x5013, 0x5014, 0x5016, 0x5018, 0x5019, 0x501a, 0x501c, 0x501e, 0x501f, 0x5021,
    0x5022, 0x5023, 0x5024, 0x5025, 0x5026, 0x5027, 0x5028, 0x5029, 0x502a, 0x502b, 0x502c, 0x502d, 0x502e, 0x5036, 0x5039, 0x503b,
    0x5040, 0x5041, 0x5042, 0x5043, 0x5046, 0x5047, 0x5048, 0x5049, 0x504e, 0x504f, 0x5050, 0x5053, 0x5055, 0x5056, 0x5057, 0x505a,
    0x505c, 0x5063, 0x5065, 0x5066, 0x506a, 0x506c, 0x5070, 0x5072, 0x5074, 0x5075, 0x5076, 0x5078, 0x507d, 0x5080, 0x5085, 0x5088,
    0x508d, 0x5091, 0x5092, 0x5093, 0x5094, 0x5095, 0x5096, 0x5098, 0x5099, 0x509a, 0x509c, 0x50a3, 0x50aa, 0x50ac, 0x50ad, 0x50b1,
    0x50b2, 0x50b3, 0x50b4, 0x50b5, 0x50b7, 0x50ba, 0x50bb, 0x50be, 0x50c2, 0x50c4, 0x50c5, 0x50c7, 0x50c9, 0x50ca, 0x50cc, 0x50cd,
    0x50ce, 0x50cf, 0x50d0, 0x50d1, 0x50d4, 0x50d5, 0x50d6, 0x50d9, 0x50da, 0x50de, 0x50e1, 0x50e3, 0x50e5, 0x50e6, 0x50e7, 0x50e9,
    0x50ed, 0x50ee, 0x50f2, 0x50f3, 0x50f5, 0x50f9, 0x50fb, 0x5100, 0x5101, 0x5102, 0x5103, 0x5104, 0x5106, 0x5108, 0x5109, 0x510b,
    0x5112, 0x5114, 0x5115, 0x5116, 0x5117, 0x5118, 0x511a, 0x511b, 0x511e, 0x511f, 0x5121, 0x512a, 0x5132, 0x5135, 0x5137, 0x513a,
    0x513b, 0x513c, 0x513f, 0x5140, 0x5141, 0x5143, 0x5144, 0x5145, 0x5146, 0x5147, 0x5148, 0x5149, 0x514a, 0x514b, 0x514c, 0x514d,
    0x514e, 0x5150, 0x5152, 0x5154, 0x5155, 0x5157, 0x515a, 0x515c, 0x5160, 0x5162, 0x5165, 0x5168, 0x5169, 0x516a, 0x516b, 0x516c,
    0x516d, 0x516e, 0x5171, 0x5173, 0x5175, 0x5176, 0x5177, 0x5178, 0x517b, 0x517c, 0x5180, 0x5182, 0x5183, 0x5185, 0x5186, 0x5189,
    0x518a, 0x518b, 0x518c, 0x518d, 0x518f, 0x5190, 0x5191, 0x5192, 0x5193, 0x5195, 0x5196, 0x5197, 0x5198, 0x5199, 0x519d, 0x51a0,
    0x51a2, 0x51a3, 0x51a4, 0x51a5, 0x51a6, 0x51a8, 0x51a9, 0x51aa, 0x51ab, 0x51ac, 0x51ad, 0x51b0, 0x51b1, 0x51b2, 0x51b3, 0x51b4,
    0x51b5, 0x51b6, 0x51b7, 0x51bc, 0x51bd, 0x51c3, 0x51c4, 0x51c5, 0x51c6, 0x51c9, 0x51ca, 0x51cb, 0x51cc, 0x51cd, 0x51d6, 0x51db,
    0x51dc, 0x51dd, 0x51de, 0x51e0, 0x51e1, 0x51e2, 0x51e6, 0x51e7, 0x51e9, 0x51ea, 0x51ed, 0x51ee, 0x51f0, 0x51f1, 0x51f3, 0x51f4,
    0x51f5, 0x51f6, 0x51f8, 0x51f9, 0x51fa, 0x51fd, 0x51fe, 0x5200, 0x5201, 0x5202, 0x5203, 0x5204, 0x5206, 0x5207, 0x5208, 0x520a,
    0x520b, 0x520e, 0x5211, 0x5212, 0x5213, 0x5214, 0x5215, 0x5216, 0x5217, 0x521d, 0x5224, 0x5225, 0x5227, 0x5229, 0x522a, 0x522e,
    0x5230, 0x5233, 0x5236, 0x5237, 0x5238, 0x5239, 0x523a, 0x523b, 0x5243, 0x5244, 0x5247, 0x5249, 0x524a, 0x524b, 0x524c, 0x524d,
    0x524f, 0x5254, 0x5255, 0x5256, 0x5257, 0x525b, 0x525c, 0x525d, 0x525e, 0x5261, 0x5263, 0x5264, 0x5265, 0x5269, 0x526a, 0x526c,
    0x526f, 0x5270, 0x5271, 0x5272, 0x5273, 0x5274, 0x5275, 0x5277, 0x527d, 0x527f, 0x5282, 0x5283, 0x5284, 0x5287, 0x5288, 0x5289,
    0x528d, 0x5291, 0x5292, 0x5293, 0x5294, 0x5298, 0x529b, 0x529f, 0x52a0, 0x52a3, 0x52a4, 0x52a6, 0x52a9, 0x52aa, 0x52ab, 0x52ac,
    0x52ad, 0x52af, 0x52b1, 0x52b4, 0x52b5, 0x52b9, 0x52ba, 0x52bb, 0x52bc, 0x52be, 0x52c1, 0x52c3, 0x52c5, 0x52c7, 0x52c8, 0x52c9,
    0x52ca, 0x52cc, 0x52cd, 0x52d0, 0x52d1, 0x52d2, 0x52d5, 0x52d6, 0x52d7, 0x52d8, 0x52d9, 0x52db, 0x52dd, 0x52de, 0x52df, 0x52e0,
    0x52e2, 0x52e3, 0x52e4, 0x52e6, 0x52e7, 0x52f0, 0x52f2, 0x52f3, 0x52f5, 0x52f7, 0x52f8, 0x52f9, 0x52fa, 0x52fb, 0x52fe, 0x52ff,
    0x5300, 0x5301, 0x5302, 0x5305, 0x5306, 0x5307, 0x5308, 0x530a, 0x530b, 0x530d, 0x530f, 0x5310, 0x5315, 0x5316, 0x5317, 0x5319,
    0x531a, 0x531c, 0x531d, 0x5320, 0x5321, 0x5323, 0x5324, 0x532a, 0x532f, 0x5331, 0x5333, 0x5335, 0x5338, 0x5339, 0x533a, 0x533b,
    0x533e, 0x533f, 0x5340, 0x5341, 0x5342, 0x5343, 0x5345, 0x5346, 0x5347, 0x5348, 0x5349, 0x534a, 0x534d, 0x5351, 0x5352, 0x5353,
    0x5354, 0x5357, 0x5358, 0x535a, 0x535c, 0x535e, 0x5360, 0x5361, 0x5363, 0x5366, 0x5367, 0x5369, 0x536c, 0x536e, 0x536f, 0x5370,
    0x5371, 0x5373, 0x5374, 0x5375, 0x5377, 0x5378, 0x537a, 0x537b, 0x537d, 0x537f, 0x5382, 0x5384, 0x5393, 0x5396, 0x5398, 0x539a,
    0x539d, 0x539f, 0x53a0, 0x53a4, 0x53a5, 0x53a6, 0x53a8, 0x53a9, 0x53ad, 0x53ae, 0x53b0, 0x53b2, 0x53b3, 0x53b4, 0x53b6, 0x53b7,
    0x53bb, 0x53c0, 0x53c2, 0x53c3, 0x53c8, 0x53c9, 0x53ca, 0x53cb, 0x53cc, 0x53cd, 0x53ce, 0x53d4, 0x53d5, 0x53d6, 0x53d7, 0x53d9,
    0x53da, 0x53db, 0x53df, 0x53e1, 0x53e2, 0x53e3, 0x53e4, 0x53e5, 0x53e8, 0x53e9, 0x53ea, 0x53eb, 0x53ec, 0x53ed, 0x53ee, 0x53ef,
    0x53f0, 0x53f1, 0x53f2, 0x53f3, 0x53f4, 0x53f5, 0x53f6, 0x53f7, 0x53f8, 0x53fa, 0x5401, 0x5403, 0x5404, 0x5408, 0x5409, 0x540a,
    0x540b, 0x540c, 0x540d, 0x540e, 0x540f, 0x5410, 0x5411, 0x5412, 0x541b, 0x541d, 0x541e, 0x541f, 0x5420, 0x5424, 0x5426, 0x5427,
    0x5428, 0x5429, 0x542b, 0x542c, 0x542d, 0x542e, 0x5436, 0x5438, 0x5439, 0x543b, 0x543c, 0x543d, 0x543e, 0x5440, 0x5442, 0x5443,
    0x5446, 0x5448, 0x5449, 0x544a, 0x544d, 0x544e, 0x5451, 0x5455, 0x545f, 0x5462, 0x5466, 0x5468, 0x546a, 0x546b, 0x546c, 0x5470,
    0x5471, 0x5473, 0x5474, 0x5475, 0x5476, 0x5477, 0x547b, 0x547c, 0x547d, 0x547f, 0x5480, 0x5484, 0x5486, 0x5488, 0x548a, 0x548b,
    0x548c, 0x548d, 0x548e, 0x548f, 0x5490, 0x5492, 0x5495, 0x5496, 0x549c, 0x54a0, 0x54a1, 0x54a2, 0x54a4, 0x54a5, 0x54a6, 0x54a8,
    0x54a9, 0x54ab, 0x54ac, 0x54ad, 0x54ae, 0x54af, 0x54b2, 0x54b3, 0x54b7, 0x54b8, 0x54ba, 0x54bc, 0x54bd, 0x54be, 0x54bf, 0x54c0,
    0x54c1, 0x54c2, 0x54c3, 0x54c4, 0x54c6, 0x54c7, 0x54c8, 0x54c9, 0x54d8, 0x54e1, 0x54e2, 0x54e5, 0x54e6, 0x54e8, 0x54e9, 0x54ec,
    0x54ed, 0x54ee, 0x54ef, 0x54f1, 0x54f2, 0x54f3, 0x54fa, 0x54fd, 0x54ff, 0x5500, 0x5501, 0x5504, 0x5506, 0x5507, 0x5509, 0x550e,
    0x550f, 0x5510, 0x5514, 0x5516, 0x552b, 0x552e, 0x552f, 0x5531, 0x5533, 0x5535, 0x5538, 0x5539, 0x553c, 0x553e, 0x5540, 0x5541,
    0x5544, 0x5545, 0x5546, 0x5547, 0x554a, 0x554c, 0x554f, 0x5550, 0x5553, 0x5556, 0x5557, 0x555c, 0x555d, 0x555e, 0x5560, 0x5561,
    0x5563, 0x5564, 0x557b, 0x557c, 0x557d, 0x557e, 0x5580, 0x5581, 0x5582, 0x5583, 0x5584, 0x5586, 0x5587, 0x5588, 0x5589, 0x558a,
    0x558b, 0x558e, 0x5591, 0x5598, 0x5599, 0x559a, 0x559c, 0x559d, 0x559e, 0x559f, 0x55a7, 0x55a8, 0x55a9, 0x55aa, 0x55ab, 0x55ac,
    0x55ad, 0x55ae, 0x55b0, 0x55b6, 0x55bf, 0x55c4, 0x55c5, 0x55c7, 0x55c9, 0x55cc, 0x55ce, 0x55d1, 0x55d2, 0x55d4, 0x55da, 0x55dc,
    0x55dd, 0x55df, 0x55e2, 0x55e3, 0x55e4, 0x55e9, 0x55f7, 0x55f9, 0x55fd, 0x55fe, 0x5606, 0x5607, 0x5608, 0x5609, 0x560e, 0x5610,
    0x5614, 0x5616, 0x5617, 0x5618, 0x561b, 0x5628, 0x5629, 0x562f, 0x5630, 0x5631, 0x5632, 0x5634, 0x5636, 0x5637, 0x5638, 0x563b,
    0x563d, 0x563f, 0x5640, 0x5642, 0x5647, 0x5649, 0x564c, 0x564e, 0x5650, 0x5653, 0x565b, 0x565e, 0x5660, 0x5664, 0x5666, 0x5668,
    0x566a, 0x566b, 0x566c, 0x566d, 0x566f, 0x5671, 0x5672, 0x5674, 0x5676, 0x5678, 0x567a, 0x5680, 0x5686, 0x5687, 0x5688, 0x568a,
    0x568c, 0x568f, 0x5694, 0x5695, 0x5699, 0x569a, 0x569d, 0x569e, 0x56a0, 0x56a2, 0x56a5, 0x56a8, 0x56a9, 0x56ac, 0x56ad, 0x56ae,
    0x56b2, 0x56b3, 0x56b4, 0x56b6, 0x56bc, 0x56c0, 0x56c1, 0x56c2, 0x56c3, 0x56c5, 0x56c8, 0x56c9, 0x56ca, 0x56cd, 0x56ce, 0x56d1,
    0x56d3, 0x56d7, 0x56d8, 0x56da, 0x56db, 0x56de, 0x56df, 0x56e0, 0x56e3, 0x56e8, 0x56ee, 0x56f0, 0x56f2, 0x56f3, 0x56f6, 0x56f7,
    0x56f9, 0x56fa, 0x56fd, 0x56ff, 0x5700, 0x5703, 0x5704, 0x5708, 0x5709, 0x570a, 0x570b, 0x570d, 0x570f, 0x5712, 0x5713, 0x5715,
    0x5716, 0x5718, 0x571c, 0x571f, 0x5721, 0x5723, 0x5726, 0x5727, 0x5728, 0x5729, 0x572d, 0x572f, 0x5730, 0x5733, 0x5734, 0x5737,
    0x5738, 0x573b, 0x5740, 0x5742, 0x5745, 0x5746, 0x5747, 0x574a, 0x574c, 0x574d, 0x574e, 0x574f, 0x5750, 0x5751, 0x5761, 0x5764,
    0x5766, 0x5768, 0x5769, 0x576a, 0x576f, 0x5770, 0x5773, 0x5774, 0x5775, 0x5777, 0x577b, 0x577c, 0x577f, 0x5782, 0x5788, 0x5789,
    0x578b, 0x5793, 0x579a, 0x579c, 0x579d, 0x579e, 0x57a0, 0x57a2, 0x57a3, 0x57a4, 0x57a8, 0x57aa, 0x57ac, 0x57b0, 0x57b3, 0x57b8,
    0x57c0, 0x57c3, 0x57c6, 0x57c7, 0x57c8, 0x57cb, 0x57cc, 0x57ce, 0x57cf, 0x57d2, 0x57d3, 0x57d4, 0x57d6, 0x57d7, 0x57dc, 0x57de,
    0x57df, 0x57e0, 0x57e3, 0x57e4, 0x57e6, 0x57ed, 0x57f0, 0x57f4, 0x57f5, 0x57f6, 0x57f7, 0x57f8, 0x57f9, 0x57fa, 0x57fb, 0x57fc,
    0x57fd, 0x57ff, 0x5800, 0x5802, 0x5804, 0x5805, 0x5806, 0x5809, 0x580a, 0x580b, 0x5815, 0x5819, 0x581d, 0x581e, 0x5820, 0x5821,
    0x5824, 0x5827, 0x582a, 0x582f, 0x5830, 0x5831, 0x5832, 0x5834, 0x5835, 0x5839, 0x583a, 0x583d, 0x5840, 0x5841, 0x5849, 0x584a,
    0x584b, 0x584c, 0x5851, 0x5852, 0x5854, 0x5857, 0x5858, 0x5859, 0x585a, 0x585e, 0x5861, 0x5862, 0x5864, 0x5867, 0x5869, 0x586b,
    0x5870, 0x5872, 0x5875, 0x5879, 0x587c, 0x587e, 0x5883, 0x5885, 0x5889, 0x588a, 0x588b, 0x588d, 0x588f, 0x5890, 0x5893, 0x5894,
    0x5897, 0x589c, 0x589d, 0x589e, 0x589f, 0x58a8, 0x58a9, 0x58aa, 0x58ab, 0x58ae, 0x58b1, 0x58b3, 0x58b8, 0x58b9, 0x58ba, 0x58bb,
    0x58be, 0x58c1, 0x58c3, 0x58c5, 0x58c7, 0x58ca, 0x58cc, 0x58cd, 0x58ce, 0x58d1, 0x58d2, 0x58d3, 0x58d4, 0x58d5, 0x58d7, 0x58d8,
    0x58d9, 0x58da, 0x58dc, 0x58de, 0x58df, 0x58e0, 0x58e2, 0x58e4, 0x58e5, 0x58e9, 0x58eb, 0x58ec, 0x58ee, 0x58ef, 0x58f0, 0x58f1,
    0x58f2, 0x58f3, 0x58f4, 0x58f7, 0x58f9, 0x58fa, 0x58fb, 0x58fc, 0x58fd, 0x5902, 0x5905, 0x5906, 0x5909, 0x590a, 0x590b, 0x590c,
    0x590d, 0x590f, 0x5910, 0x5914, 0x5915, 0x5916, 0x5918, 0x5919, 0x591a, 0x591b, 0x591c, 0x5922, 0x5924, 0x5925, 0x5927, 0x5929,
    0x592a, 0x592b, 0x592c, 0x592d, 0x592e, 0x5931, 0x5932, 0x5937, 0x5938, 0x593d, 0x593e, 0x5944, 0x5946, 0x5947, 0x5948, 0x5949,
    0x594e, 0x594f, 0x5950, 0x5951, 0x5954, 0x5955, 0x5957, 0x5958, 0x595a, 0x595b, 0x595d, 0x595f, 0x5960, 0x5962, 0x5965, 0x5967,
    0x5968, 0x5969, 0x596a, 0x596c, 0x596d, 0x596e, 0x5973, 0x5974, 0x5975, 0x5976, 0x5978, 0x597c, 0x597d, 0x5981, 0x5982, 0x5983,
    0x5984, 0x598a, 0x598b, 0x598d, 0x5992, 0x5993, 0x5996, 0x5999, 0x599b, 0x599d, 0x599f, 0x59a3, 0x59a4, 0x59a5, 0x59a8, 0x59ac,
    0x59ae, 0x59b2, 0x59b9, 0x59bb, 0x59bc, 0x59be, 0x59c3, 0x59c6, 0x59c8, 0x59c9, 0x59cb, 0x59cd, 0x59d0, 0x59d1, 0x59d2, 0x59d3,
    0x59d4, 0x59d9, 0x59da, 0x59dc, 0x59dd, 0x59de, 0x59e3, 0x59e4, 0x59e5, 0x59e6, 0x59e7, 0x59e8, 0x59ea, 0x59eb, 0x59ee, 0x59f6,
    0x59f8, 0x59fb, 0x59ff, 0x5a01, 0x5a03, 0x5a09, 0x5a0c, 0x5a0d, 0x5a11, 0x5a13, 0x5a17, 0x5a18, 0x5a1a, 0x5a1c, 0x5a1f, 0x5a20,
    0x5a23, 0x5a25, 0x5a27, 0x5a29, 0x5a2d, 0x5a2f, 0x5a35, 0x5a36, 0x5a3c, 0x5a40, 0x5a41, 0x5a46, 0x5a49, 0x5a55, 0x5a5a, 0x5a62,
    0x5a65, 0x5a66, 0x5a67, 0x5a6a, 0x5a6c, 0x5a6d, 0x5a77, 0x5a7a, 0x5a7e, 0x5a7f, 0x5a84, 0x5a8b, 0x5a92, 0x5a9a, 0x5a9b, 0x5a9c,
    0x5a9e, 0x5a9f, 0x5aa0, 0x5aa2, 0x5aa7, 0x5ab1, 0x5ab3, 0x5ab5, 0x5aba, 0x5abc, 0x5abd, 0x5abe, 0x5abf, 0x5ac1, 0x5ac2, 0x5ac4,
    0x5ac9, 0x5acb, 0x5acc, 0x5ad0, 0x5ad6, 0x5ad7, 0x5ada, 0x5adc, 0x5ae0, 0x5ae1, 0x5ae3, 0x5ae5, 0x5ae6, 0x5ae9, 0x5aee, 0x5af0,
    0x5af5, 0x5afa, 0x5afb, 0x5b00, 0x5b08, 0x5b09, 0x5b0b, 0x5b0c, 0x5b16, 0x5b17, 0x5b19, 0x5b22, 0x5b25, 0x5b2a, 0x5b2c, 0x5b2d,
    0x5b30, 0x5b32, 0x5b34, 0x5b36, 0x5b3e, 0x5b40, 0x5b41, 0x5b43, 0x5b45, 0x5b4c, 0x5b50, 0x5b51, 0x5b52, 0x5b54, 0x5b55, 0x5b56,
    0x5b57, 0x5b58, 0x5b5a, 0x5b5b, 0x5b5c, 0x5b5d, 0x5b5f, 0x5b63, 0x5b64, 0x5b65, 0x5b66, 0x5b68, 0x5b69, 0x5b6b, 0x5b6f, 0x5b70,
    0x5b71, 0x5b73, 0x5b75, 0x5b78, 0x5b7a, 0x5b7c, 0x5b7d, 0x5b7f, 0x5b80, 0x5b81, 0x5b83, 0x5b84, 0x5b85, 0x5b87, 0x5b88, 0x5b89,
    0x5b8b, 0x5b8c, 0x5b8d, 0x5b8f, 0x5b93, 0x5b95, 0x5b96, 0x5b97, 0x5b98, 0x5b99, 0x5b9a, 0x5b9b, 0x5b9c, 0x5b9d, 0x5b9f, 0x5ba2,
    0x5ba3, 0x5ba4, 0x5ba5, 0x5ba6, 0x5bac, 0x5bae, 0x5bb0, 0x5bb3, 0x5bb4, 0x5bb5, 0x5bb6, 0x5bb8, 0x5bb9, 0x5bbf, 0x5bc0, 0x5bc2,
    0x5bc3, 0x5bc4, 0x5bc5, 0x5bc6, 0x5bc7, 0x5bc9, 0x5bcc, 0x5bce, 0x5bd0, 0x5bd2, 0x5bd3, 0x5bd4, 0x5bd6, 0x5bd8, 0x5bdb, 0x5bdd,
    0x5bde, 0x5bdf, 0x5be1, 0x5be2, 0x5be4, 0x5be5, 0x5be6, 0x5be7, 0x5be8, 0x5be9, 0x5beb, 0x5bec, 0x5bee, 0x5bf0, 0x5bf1, 0x5bf3,
    0x5bf5, 0x5bf6, 0x5bf8, 0x5bfa, 0x5bfd, 0x5bfe, 0x5bff, 0x5c01, 0x5c02, 0x5c03, 0x5c04, 0x5c05, 0x5c06, 0x5c07, 0x5c08, 0x5c09,
    0x5c0a, 0x5c0b, 0x5c0d, 0x5c0e, 0x5c0f, 0x5c11, 0x5c12, 0x5c13, 0x5c16, 0x5c1a, 0x5c1e, 0x5c20, 0x5c22, 0x5c23, 0x5c24, 0x5c28,
    0x5c29, 0x5c2b, 0x5c2d, 0x5c30, 0x5c31, 0x5c38, 0x5c39, 0x5c3a, 0x5c3b, 0x5c3c, 0x5c3d, 0x5c3e, 0x5c3f, 0x5c40, 0x5c41, 0x5c45,
    0x5c46, 0x5c48, 0x5c4a, 0x5c4b, 0x5c4d, 0x5c4e, 0x5c4f, 0x5c50, 0x5c51, 0x5c53, 0x5c55, 0x5c5b, 0x5c5e, 0x5c5f, 0x5c60, 0x5c61,
    0x5c62, 0x5c63, 0x5c64, 0x5c65, 0x5c67, 0x5c68, 0x5c69, 0x5c6c, 0x5c6e, 0x5c6f, 0x5c70, 0x5c71, 0x5c76, 0x5c79, 0x5c7a, 0x5c7c,
    0x5c88, 0x5c8a, 0x5c8c, 0x5c8f, 0x5c90, 0x5c91, 0x5c94, 0x5c9f, 0x5ca0, 0x5ca1, 0x5ca2, 0x5ca3, 0x5ca6, 0x5ca7, 0x5ca8, 0x5ca9,
    0x5caa, 0x5cab, 0x5cac, 0x5cad, 0x5cb1, 0x5cb3, 0x5cb5, 0x5cb6, 0x5cb7, 0x5cb8, 0x5cba, 0x5cbb, 0x5cbc, 0x5cbe, 0x5cc5, 0x5cc7,
    0x5cc9, 0x5ccb, 0x5cd0, 0x5cd2, 0x5cd9, 0x5ce0, 0x5ce1, 0x5ce8, 0x5ce9, 0x5cea, 0x5ced, 0x5cef, 0x5cf0, 0x5cf4, 0x5cf6, 0x5cfa,
    0x5cfb, 0x5cfd, 0x5d06, 0x5d07, 0x5d0b, 0x5d0d, 0x5d0e, 0x5d10, 0x5d11, 0x5d14, 0x5d15, 0x5d16, 0x5d17, 0x5d18, 0x5d19, 0x5d1a,
    0x5d1b, 0x5d1d, 0x5d1f, 0x5d20, 0x5d22, 0x5d24, 0x5d26, 0x5d27, 0x5d29, 0x5d2b, 0x5d31, 0x5d39, 0x5d42, 0x5d46, 0x5d47, 0x5d4a,
    0x5d4b, 0x5d4c, 0x5d4e, 0x5d50, 0x5d52, 0x5d53, 0x5d5c, 0x5d61, 0x5d69, 0x5d6a, 0x5d6c, 0x5d6d, 0x5d6f, 0x5d70, 0x5d73, 0x5d76,
    0x5d81, 0x5d82, 0x5d84, 0x5d87, 0x5d88, 0x5d8b, 0x5d8c, 0x5d90, 0x5d92, 0x5d94, 0x5d97, 0x5d99, 0x5d9d, 0x5da0, 0x5da2, 0x5da4,
    0x5da7, 0x5dac, 0x5dae, 0x5db0, 0x5db2, 0x5db4, 0x5db7, 0x5db8, 0x5db9, 0x5dba, 0x5dbc, 0x5dbd, 0x5dc9, 0x5dcb, 0x5dcc, 0x5dcd,
    0x5dd1, 0x5dd2, 0x5dd3, 0x5dd6, 0x5dd7, 0x5dd8, 0x5ddb, 0x5ddd, 0x5dde, 0x5de0, 0x5de1, 0x5de2, 0x5de3, 0x5de4, 0x5de5, 0x5de6,
    0x5de7, 0x5de8, 0x5de9, 0x5deb, 0x5dee, 0x5df1, 0x5df2, 0x5df3, 0x5df4, 0x5df5, 0x5df7, 0x5dfb, 0x5dfd, 0x5dfe, 0x5e00, 0x5e02,
    0x5e03, 0x5e06, 0x5e0b, 0x5e0c, 0x5e11, 0x5e12, 0x5e14, 0x5e15, 0x5e16, 0x5e18, 0x5e19, 0x5e1a, 0x5e1b, 0x5e1d, 0x5e1f, 0x5e25,
    0x5e2b, 0x5e2d, 0x5e2e, 0x5e2f, 0x5e30, 0x5e33, 0x5e36, 0x5e37, 0x5e38, 0x5e3d, 0x5e3e, 0x5e40, 0x5e43, 0x5e44, 0x5e45, 0x5e47,
    0x5e49, 0x5e4c, 0x5e4e, 0x5e54, 0x5e55, 0x5e56, 0x5e57, 0x5e58, 0x5e5e, 0x5e5f, 0x5e61, 0x5e62, 0x5e63, 0x5e64, 0x5e6b, 0x5e6c,
    0x5e6d, 0x5e6e, 0x5e72, 0x5e73, 0x5e74, 0x5e75, 0x5e76, 0x5e77, 0x5e78, 0x5e79, 0x5e7a, 0x5e7b, 0x5e7c, 0x5e7d, 0x5e7e, 0x5e7f,
    0x5e81, 0x5e83, 0x5e84, 0x5e87, 0x5e8a, 0x5e8f, 0x5e95, 0x5e96, 0x5e97, 0x5e9a, 0x5e9c, 0x5ea0, 0x5ea5, 0x5ea6, 0x5ea7, 0x5eaa,
    0x5eab, 0x5eac, 0x5ead, 0x5eb5, 0x5eb6, 0x5eb7, 0x5eb8, 0x5eb9, 0x5ebe, 0x5ebf, 0x5ec1, 0x5ec2, 0x5ec3, 0x5ec6, 0x5ec8, 0x5ec9,
    0x5eca, 0x5ecb, 0x5ecf, 0x5ed0, 0x5ed2, 0x5ed3, 0x5ed6, 0x5ed9, 0x5eda, 0x5edb, 0x5edd, 0x5edf, 0x5ee0, 0x5ee1, 0x5ee2, 0x5ee3,
    0x5ee8, 0x5ee9, 0x5eec, 0x5ef0, 0x5ef1, 0x5ef3, 0x5ef4, 0x5ef6, 0x5ef7, 0x5ef8, 0x5ef9, 0x5efa, 0x5efb, 0x5efc, 0x5efd, 0x5efe,
    0x5eff, 0x5f00, 0x5f01, 0x5f02, 0x5f03, 0x5f04, 0x5f07, 0x5f08, 0x5f09, 0x5f0a, 0x5f0b, 0x5f0c, 0x5f0d, 0x5f0e, 0x5f0f, 0x5f10,
    0x5f11, 0x5f13, 0x5f14, 0x5f15, 0x5f16, 0x5f17, 0x5f18, 0x5f1b, 0x5f1c, 0x5f1d, 0x5f1e, 0x5f1f, 0x5f23, 0x5f25, 0x5f26, 0x5f27,
    0x5f29, 0x5f2d, 0x5f2f, 0x5f31, 0x5f34, 0x5f35, 0x5f36, 0x5f37, 0x5f38, 0x5f3c, 0x5f3d, 0x5f3e, 0x5f40, 0x5f41, 0x5f45, 0x5f47,
    0x5f48, 0x5f4a, 0x5f4c, 0x5f4e, 0x5f51, 0x5f53, 0x5f54, 0x5f56, 0x5f57, 0x5f58, 0x5f59, 0x5f5c, 0x5f5d, 0x5f61, 0x5f62, 0x5f63,
    0x5f64, 0x5f66, 0x5f67, 0x5f69, 0x5f6a, 0x5f6b, 0x5f6c, 0x5f6d, 0x5f70, 0x5f71, 0x5f72, 0x5f73, 0x5f77, 0x5f79, 0x5f7c, 0x5f7d,
    0x5f7e, 0x5f7f, 0x5f80, 0x5f81, 0x5f82, 0x5f83, 0x5f84, 0x5f85, 0x5f87, 0x5f88, 0x5f89, 0x5f8a, 0x5f8b, 0x5f8c, 0x5f8f, 0x5f90,
    0x5f91, 0x5f92, 0x5f93, 0x5f97, 0x5f98, 0x5f99, 0x5f9c, 0x5f9e, 0x5fa0, 0x5fa1, 0x5fa2, 0x5fa4, 0x5fa7, 0x5fa8, 0x5fa9, 0x5faa,
    0x5fad, 0x5fae, 0x5faf, 0x5fb3, 0x5fb4, 0x5fb5, 0x5fb7, 0x5fb8, 0x5fb9, 0x5fbc, 0x5fbd, 0x5fc3, 0x5fc4, 0x5fc5, 0x5fc7, 0x5fc9,
    0x5fcb, 0x5fcc, 0x5fcd, 0x5fd2, 0x5fd3, 0x5fd4, 0x5fd6, 0x5fd7, 0x5fd8, 0x5fd9, 0x5fdc, 0x5fdd, 0x5fde, 0x5fe0, 0x5fe1, 0x5fe2,
    0x5fe4, 0x5fe9, 0x5feb, 0x5fee, 0x5fef, 0x5ff0, 0x5ff1, 0x5ff3, 0x5ff5, 0x5ff8, 0x5ffb, 0x5ffc, 0x5ffd, 0x5fff, 0x600d, 0x600e,
    0x600f, 0x6010, 0x6012, 0x6014, 0x6015, 0x6016, 0x6017, 0x6018, 0x6019, 0x601b, 0x601c, 0x601d, 0x6020, 0x6021, 0x6022, 0x6024,
    0x6025, 0x6026, 0x6027, 0x6028, 0x6029, 0x602a, 0x602b, 0x602f, 0x6031, 0x6033, 0x6035, 0x603a, 0x6041, 0x6042, 0x6043, 0x6046,
    0x6047, 0x604a, 0x604b, 0x604c, 0x604d, 0x6050, 0x6052, 0x6055, 0x6059, 0x605a, 0x605f, 0x6060, 0x6062, 0x6063, 0x6064, 0x6065,
    0x6068, 0x6069, 0x606a, 0x606b, 0x606c, 0x606d, 0x606f, 0x6070, 0x6075, 0x6077, 0x607f, 0x6081, 0x6083, 0x6084, 0x6089, 0x608a,
    0x608b, 0x608c, 0x608d, 0x6092, 0x6094, 0x6095, 0x6096, 0x6097, 0x609a, 0x609b, 0x609d, 0x609e, 0x609f, 0x60a0, 0x60a3, 0x60a6,
    0x60a7, 0x60a8, 0x60a9, 0x60aa, 0x60b0, 0x60b1, 0x60b2, 0x60b3, 0x60b4, 0x60b5, 0x60b6, 0x60b8, 0x60bc, 0x60bd, 0x60be, 0x60c5,
    0x60c6, 0x60c7, 0x60c8, 0x60cb, 0x60d1, 0x60d3, 0x60d4, 0x60d5, 0x60d8, 0x60d9, 0x60da, 0x60db, 0x60dc, 0x60dd, 0x60df, 0x60e0,
    0x60e1, 0x60e3, 0x60e7, 0x60e8, 0x60ee, 0x60f0, 0x60f1, 0x60f2, 0x60f3, 0x60f4, 0x60f5, 0x60f6, 0x60f7, 0x60f8, 0x60f9, 0x60fa,
    0x60fb, 0x6100, 0x6101, 0x6103, 0x6106, 0x6108, 0x6109, 0x610d, 0x610e, 0x610f, 0x6110, 0x6112, 0x6113, 0x6115, 0x6119, 0x611a,
    0x611b, 0x611c, 0x611e, 0x611f, 0x6121, 0x6127, 0x6128, 0x612b, 0x612c, 0x6130, 0x6134, 0x6137, 0x613a, 0x613c, 0x613d, 0x613e,
    0x613f, 0x6141, 0x6142, 0x6144, 0x6146, 0x6147, 0x6148, 0x614a, 0x614b, 0x614c, 0x614d, 0x614e, 0x6153, 0x6155, 0x6158, 0x6159,
    0x615a, 0x615d, 0x615f, 0x6160, 0x6162, 0x6163, 0x6165, 0x6167, 0x6168, 0x616b, 0x616e, 0x616f, 0x6170, 0x6171, 0x6173, 0x6174,
    0x6175, 0x6176, 0x6177, 0x617c, 0x617e, 0x6182, 0x6187, 0x618a, 0x618d, 0x618e, 0x6190, 0x6191, 0x6192, 0x6193, 0x6194, 0x6196,
    0x6197, 0x6198, 0x6199, 0x619a, 0x61a4, 0x61a5, 0x61a7, 0x61a8, 0x61a9, 0x61ab, 0x61ac, 0x61ad, 0x61ae, 0x61b2, 0x61b6, 0x61b9,
    0x61ba, 0x61bc, 0x61be, 0x61c3, 0x61c6, 0x61c7, 0x61c8, 0x61c9, 0x61ca, 0x61cb, 0x61cc, 0x61cd, 0x61d0, 0x61d5, 0x61dd, 0x61df,
    0x61e3, 0x61e6, 0x61f2, 0x61f4, 0x61f5, 0x61f6, 0x61f7, 0x61f8, 0x61fa, 0x61fc, 0x61fd, 0x61fe, 0x61ff, 0x6200, 0x6208, 0x6209,
    0x620a, 0x620c, 0x620d, 0x620e, 0x6210, 0x6211, 0x6212, 0x6214, 0x6215, 0x6216, 0x621a, 0x621b, 0x621d, 0x621e, 0x621f, 0x6221,
    0x6222, 0x6223, 0x6226, 0x6229, 0x622a, 0x622e, 0x622f, 0x6230, 0x6232, 0x6233, 0x6234, 0x6238, 0x623b, 0x623e, 0x623f, 0x6240,
    0x6241, 0x6243, 0x6246, 0x6247, 0x6248, 0x6249, 0x624b, 0x624c, 0x624d, 0x624e, 0x6251, 0x6252, 0x6253, 0x6255, 0x6256, 0x6258,
    0x625a, 0x625b, 0x625e, 0x6260, 0x6261, 0x6263, 0x6264, 0x6268, 0x626d, 0x626e, 0x626f, 0x6271, 0x6273, 0x6276, 0x6279, 0x627b,
    0x627c, 0x627e, 0x627f, 0x6280, 0x6282, 0x6283, 0x6284, 0x6285, 0x6289, 0x628a, 0x6291, 0x6292, 0x6293, 0x6294, 0x6295, 0x6296,
    0x6297, 0x6298, 0x6299, 0x629b, 0x629c, 0x629e, 0x62a6, 0x62ab, 0x62ac, 0x62b1, 0x62b5, 0x62b9, 0x62bb, 0x62bc, 0x62bd, 0x62c2,
    0x62c4, 0x62c5, 0x62c6, 0x62c7, 0x62c8, 0x62c9, 0x62ca, 0x62cc, 0x62cd, 0x62cf, 0x62d0, 0x62d1, 0x62d2, 0x62d3, 0x62d4, 0x62d5,
    0x62d6, 0x62d7, 0x62d8, 0x62d9, 0x62db, 0x62dc, 0x62dd, 0x62e0, 0x62e1, 0x62ec, 0x62ed, 0x62ee, 0x62ef, 0x62f1, 0x62f3, 0x62f5,
    0x62f6, 0x62f7, 0x62fc, 0x62fd, 0x62fe, 0x62ff, 0x6301, 0x6302, 0x6303, 0x6307, 0x6308, 0x6309, 0x630a, 0x630c, 0x630d, 0x6310,
    0x6311, 0x6318, 0x6319, 0x631f, 0x6327, 0x6328, 0x632b, 0x632f, 0x6332, 0x6335, 0x6339, 0x633a, 0x633b, 0x633c, 0x633d, 0x633e,
    0x633f, 0x6341, 0x6343, 0x6344, 0x6349, 0x634c, 0x634d, 0x634e, 0x634f, 0x6350, 0x6355, 0x6357, 0x6359, 0x635c, 0x6365, 0x6367,
    0x6368, 0x6369, 0x636b, 0x636c, 0x636e, 0x6372, 0x6376, 0x6377, 0x637a, 0x637b, 0x637c, 0x6380, 0x6383, 0x6384, 0x6388, 0x6389,
    0x638c, 0x638e, 0x638f, 0x6392, 0x6394, 0x6396, 0x6398, 0x6399, 0x639b, 0x639f, 0x63a0, 0x63a1, 0x63a2, 0x63a3, 0x63a5, 0x63a7,
    0x63a8, 0x63a9, 0x63aa, 0x63ab, 0x63ac, 0x63b2, 0x63b4, 0x63b5, 0x63bb, 0x63bd, 0x63be, 0x63c0, 0x63c3, 0x63c4, 0x63c6, 0x63c9,
    0x63cf, 0x63d0, 0x63d2, 0x63d4, 0x63d5, 0x63d6, 0x63da, 0x63db, 0x63dc, 0x63e0, 0x63e1, 0x63e3, 0x63e5, 0x63e9, 0x63eb, 0x63ec,
    0x63ed, 0x63ee, 0x63f2, 0x63f4, 0x63f5, 0x63f6, 0x63f7, 0x63fa, 0x6406, 0x6409, 0x640d, 0x640f, 0x6410, 0x6413, 0x6414, 0x6416,
    0x6417, 0x641c, 0x641e, 0x6422, 0x6425, 0x6426, 0x6428, 0x6429, 0x642c, 0x642d, 0x642f, 0x6434, 0x6436, 0x643a, 0x643e, 0x6442,
    0x644e, 0x6451, 0x6458, 0x645a, 0x645b, 0x645d, 0x6460, 0x6467, 0x6469, 0x646d, 0x646f, 0x6473, 0x6476, 0x6478, 0x6479, 0x647a,
    0x647d, 0x6483, 0x6487, 0x6488, 0x6491, 0x6492, 0x6493, 0x6495, 0x649a, 0x649d, 0x649e, 0x649f, 0x64a4, 0x64a5, 0x64a9, 0x64ab,
    0x64ad, 0x64ae, 0x64b0, 0x64b2, 0x64b9, 0x64bb, 0x64bc, 0x64be, 0x64bf, 0x64c1, 0x64c2, 0x64c4, 0x64c5, 0x64c7, 0x64ca, 0x64cb,
    0x64cc, 0x64cd, 0x64ce, 0x64d0, 0x64d2, 0x64d4, 0x64d5, 0x64d7, 0x64d8, 0x64da, 0x64e0, 0x64e1, 0x64e2, 0x64e3, 0x64e4, 0x64e5,
    0x64e6, 0x64e7, 0x64ec, 0x64ef, 0x64f1, 0x64f2, 0x64f4, 0x64f6, 0x64f7, 0x64fa, 0x64fb, 0x64fd, 0x64fe, 0x64ff, 0x6500, 0x6504,
    0x6505, 0x650f, 0x6514, 0x6516, 0x6518, 0x651c, 0x651d, 0x651e, 0x6522, 0x6523, 0x6524, 0x6529, 0x652a, 0x652b, 0x652c, 0x652f,
    0x6532, 0x6534, 0x6535, 0x6536, 0x6537, 0x6538, 0x6539, 0x653b, 0x653e, 0x653f, 0x6544, 0x6545, 0x6548, 0x654d, 0x654f, 0x6551,
    0x6554, 0x6555, 0x6556, 0x6557, 0x6558, 0x6559, 0x655d, 0x655e, 0x6562, 0x6563, 0x6566, 0x6567, 0x656b, 0x656c, 0x6570, 0x6572,
    0x6574, 0x6575, 0x6577, 0x6578, 0x657a, 0x6581, 0x6582, 0x6583, 0x6584, 0x6585, 0x6587, 0x6588, 0x6589, 0x658a, 0x658c, 0x658e,
    0x6590, 0x6591, 0x6597, 0x6599, 0x659b, 0x659c, 0x659d, 0x659f, 0x65a1, 0x65a4, 0x65a5, 0x65a7, 0x65ab, 0x65ac, 0x65ad, 0x65af,
    0x65b0, 0x65b2, 0x65b5, 0x65b7, 0x65b8, 0x65b9, 0x65bc, 0x65bd, 0x65bf, 0x65c1, 0x65c2, 0x65c3, 0x65c4, 0x65c5, 0x65c6, 0x65c9,
    0x65cb, 0x65cc, 0x65cf, 0x65d2, 0x65d4, 0x65d7, 0x65d9, 0x65db, 0x65e0, 0x65e1, 0x65e2, 0x65e5, 0x65e6, 0x65e7, 0x65e8, 0x65e9,
    0x65ec, 0x65ed, 0x65f1, 0x65f2, 0x65f9, 0x65fa, 0x65fb, 0x65fc, 0x6600, 0x6602, 0x6603, 0x6604, 0x6606, 0x6607, 0x6608, 0x6609,
    0x660a, 0x660c, 0x660e, 0x660f, 0x6613, 0x6614, 0x6615, 0x661c, 0x661e, 0x661f, 0x6620, 0x6621, 0x6622, 0x6624, 0x6625, 0x6627,
    0x6628, 0x662a, 0x662b, 0x662d, 0x662f, 0x6630, 0x6631, 0x6633, 0x6634, 0x6635, 0x6636, 0x663a, 0x663c, 0x663f, 0x6641, 0x6642,
    0x6643, 0x6644, 0x6645, 0x6648, 0x6649, 0x664b, 0x664c, 0x664e, 0x664f, 0x6651, 0x6652, 0x6657, 0x6659, 0x665a, 0x665b, 0x665d,
    0x665e, 0x665f, 0x6661, 0x6662, 0x6663, 0x6664, 0x6665, 0x6666, 0x6667, 0x6668, 0x6669, 0x666a, 0x666b, 0x666c, 0x666d, 0x666e,
    0x666f, 0x6670, 0x6673, 0x6674, 0x6676, 0x6677, 0x6678, 0x667a, 0x667b, 0x6680, 0x6681, 0x6683, 0x6684, 0x6687, 0x6688, 0x6689,
    0x668d, 0x668e, 0x6690, 0x6691, 0x6692, 0x6696, 0x6697, 0x6698, 0x6699, 0x669d, 0x66a0, 0x66a2, 0x66a6, 0x66ab, 0x66ad, 0x66ae,
    0x66b1, 0x66b2, 0x66b4, 0x66b5, 0x66b8, 0x66b9, 0x66bb, 0x66bc, 0x66be, 0x66bf, 0x66c1, 0x66c4, 0x66c6, 0x66c7, 0x66c8, 0x66c9,
    0x66d6, 0x66d9, 0x66da, 0x66db, 0x66dc, 0x66dd, 0x66e0, 0x66e6, 0x66e8, 0x66e9, 0x66ec, 0x66f0, 0x66f2, 0x66f3, 0x66f4, 0x66f5,
    0x66f7, 0x66f8, 0x66f9, 0x66fa, 0x66fb, 0x66fc, 0x66fd, 0x66fe, 0x66ff, 0x6700, 0x6701, 0x6703, 0x6705, 0x6708, 0x6709, 0x670b,
    0x670d, 0x670f, 0x6712, 0x6713, 0x6714, 0x6715, 0x6716, 0x6717, 0x6719, 0x671b, 0x671d, 0x671e, 0x671f, 0x6726, 0x6727, 0x6728,
    0x672a, 0x672b, 0x672c, 0x672d, 0x672e, 0x6731, 0x6733, 0x6734, 0x6736, 0x6737, 0x6738, 0x673a, 0x673d, 0x673f, 0x6741, 0x6746,
    0x6747, 0x6748, 0x6749, 0x674c, 0x674d, 0x674e, 0x674f, 0x6750, 0x6751, 0x6753, 0x6754, 0x6756, 0x6759, 0x675c, 0x675d, 0x675e,
    0x675f, 0x6760, 0x6761, 0x6762, 0x6763, 0x6764, 0x6765, 0x6766, 0x676a, 0x676d, 0x676f, 0x6770, 0x6771, 0x6772, 0x6773, 0x6774,
    0x6775, 0x6776, 0x6777, 0x677b, 0x677c, 0x677e, 0x677f, 0x6781, 0x6785, 0x6787, 0x6789, 0x678b, 0x678c, 0x6790, 0x6792, 0x6793,
    0x6795, 0x6797, 0x6798, 0x679a, 0x679b, 0x679c, 0x679d, 0x67a0, 0x67a1, 0x67a2, 0x67a6, 0x67a9, 0x67af, 0x67b0, 0x67b2, 0x67b3,
    0x67b4, 0x67b6, 0x67b7, 0x67b8, 0x67b9, 0x67bb, 0x67c0, 0x67c1, 0x67c3, 0x67c4, 0x67c6, 0x67c8, 0x67ca, 0x67ce, 0x67cf, 0x67d0,
    0x67d1, 0x67d2, 0x67d3, 0x67d4, 0x67d7, 0x67d8, 0x67d9, 0x67da, 0x67db, 0x67dd, 0x67de, 0x67e2, 0x67e4, 0x67e7, 0x67e9, 0x67ec,
    0x67ee, 0x67ef, 0x67f0, 0x67f1, 0x67f3, 0x67f4, 0x67f5, 0x67f7, 0x67f9, 0x67fb, 0x67fc, 0x67fe, 0x67ff, 0x6801, 0x6802, 0x6803,
    0x6804, 0x6810, 0x6813, 0x6816, 0x6817, 0x6818, 0x681d, 0x681e, 0x681f, 0x6821, 0x6822, 0x6829, 0x682a, 0x682b, 0x682c, 0x682d,
    0x6831, 0x6832, 0x6833, 0x6834, 0x6838, 0x6839, 0x683b, 0x683c, 0x683d, 0x683e, 0x6840, 0x6841, 0x6842, 0x6843, 0x6844, 0x6845,
    0x6846, 0x6848, 0x6849, 0x684c, 0x684d, 0x684e, 0x6850, 0x6851, 0x6852, 0x6853, 0x6854, 0x6855, 0x6857, 0x6859, 0x685b, 0x685c,
    0x685d, 0x685f, 0x6863, 0x6867, 0x686b, 0x686e, 0x6872, 0x6874, 0x6875, 0x6876, 0x6877, 0x687a, 0x687c, 0x687e, 0x687f, 0x6881,
    0x6882, 0x6883, 0x6885, 0x688d, 0x688f, 0x6890, 0x6893, 0x6894, 0x6896, 0x6897, 0x6898, 0x6899, 0x689a, 0x689b, 0x689c, 0x689d,
    0x689f, 0x68a0, 0x68a2, 0x68a3, 0x68a5, 0x68a6, 0x68a7, 0x68a8, 0x68aa, 0x68ab, 0x68ad, 0x68af, 0x68b0, 0x68b1, 0x68b2, 0x68b3,
    0x68b4, 0x68b5, 0x68b6, 0x68b9, 0x68ba, 0x68bb, 0x68bc, 0x68c3, 0x68c4, 0x68c5, 0x68c6, 0x68c8, 0x68c9, 0x68ca, 0x68cb, 0x68cc,
    0x68cd, 0x68cf, 0x68d0, 0x68d2, 0x68d4, 0x68d5, 0x68d6, 0x68d7, 0x68d8, 0x68d9, 0x68da, 0x68df, 0x68e0, 0x68e1, 0x68e3, 0x68e4,
    0x68e5, 0x68e7, 0x68e8, 0x68ec, 0x68ed, 0x68ee, 0x68ef, 0x68f0, 0x68f1, 0x68f2, 0x68f7, 0x68f9, 0x68fa, 0x68fb, 0x68fc, 0x6900,
    0x6901, 0x6903, 0x6904, 0x6905, 0x6907, 0x6908, 0x690a, 0x690b, 0x690c, 0x690d, 0x690e, 0x690f, 0x6912, 0x6919, 0x691a, 0x691b,
    0x691c, 0x6921, 0x6922, 0x6923, 0x6925, 0x6926, 0x6928, 0x692a, 0x6930, 0x6934, 0x6935, 0x6936, 0x6939, 0x693b, 0x693d, 0x693f,
    0x6942, 0x6946, 0x6949, 0x694a, 0x6953, 0x6954, 0x6955, 0x6957, 0x6959, 0x695a, 0x695c, 0x695d, 0x695e, 0x6960, 0x6961, 0x6962,
    0x6963, 0x6964, 0x6968, 0x6969, 0x696a, 0x696b, 0x696c, 0x696d, 0x696e, 0x696f, 0x6972, 0x6973, 0x6974, 0x6975, 0x6977, 0x6978,
    0x6979, 0x697a, 0x697c, 0x697d, 0x697e, 0x697f, 0x6980, 0x6981, 0x6982, 0x698a, 0x698e, 0x6991, 0x6992, 0x6994, 0x6995, 0x6996,
    0x6998, 0x699b, 0x699c, 0x69a0, 0x69a5, 0x69a6, 0x69a7, 0x69ad, 0x69ae, 0x69b0, 0x69b1, 0x69b2, 0x69b4, 0x69b7, 0x69ba, 0x69bb,
    0x69bc, 0x69be, 0x69bf, 0x69c0, 0x69c1, 0x69c3, 0x69c7, 0x69ca, 0x69cb, 0x69cc, 0x69cd, 0x69ce, 0x69cf, 0x69d0, 0x69d1, 0x69d3,
    0x69d6, 0x69d8, 0x69d9, 0x69dd, 0x69de, 0x69e2, 0x69e3, 0x69e7, 0x69e8, 0x69e9, 0x69ea, 0x69eb, 0x69ed, 0x69ee, 0x69ef, 0x69f2,
    0x69f3, 0x69f4, 0x69f5, 0x69f6, 0x69f9, 0x69fb, 0x69fd, 0x69fe, 0x69ff, 0x6a02, 0x6a05, 0x6a0a, 0x6a0b, 0x6a0c, 0x6a0f, 0x6a11,
    0x6a12, 0x6a13, 0x6a14, 0x6a15, 0x6a17, 0x6a19, 0x6a1a, 0x6a1b, 0x6a1d, 0x6a1e, 0x6a1f, 0x6a21, 0x6a22, 0x6a23, 0x6a29, 0x6a2a,
    0x6a2b, 0x6a2e, 0x6a30, 0x6a32, 0x6a33, 0x6a34, 0x6a35, 0x6a36, 0x6a38, 0x6a39, 0x6a3a, 0x6a3b, 0x6a3d, 0x6a3e, 0x6a3f, 0x6a44,
    0x6a45, 0x6a46, 0x6a47, 0x6a48, 0x6a49, 0x6a4b, 0x6a4e, 0x6a50, 0x6a52, 0x6a56, 0x6a58, 0x6a59, 0x6a5b, 0x6a5f, 0x6a61, 0x6a62,
    0x6a64, 0x6a66, 0x6a6b, 0x6a72, 0x6a73, 0x6a78, 0x6a7a, 0x6a7e, 0x6a7f, 0x6a80, 0x6a83, 0x6a84, 0x6a89, 0x6a8b, 0x6a8d, 0x6a8e,
    0x6a90, 0x6a91, 0x6a94, 0x6a97, 0x6a9c, 0x6a9d, 0x6a9e, 0x6a9f, 0x6aa0, 0x6aa1, 0x6aa2, 0x6aa3, 0x6aa5, 0x6aaa, 0x6aab, 0x6aac,
    0x6aae, 0x6ab3, 0x6ab8, 0x6abb, 0x6abd, 0x6ac1, 0x6ac2, 0x6ac3, 0x6ac6, 0x6ad0, 0x6ad1, 0x6ad3, 0x6ad4, 0x6ada, 0x6adb, 0x6adc,
    0x6add, 0x6ade, 0x6adf, 0x6ae4, 0x6ae7, 0x6ae8, 0x6aea, 0x6aec, 0x6af1, 0x6af2, 0x6af3, 0x6afa, 0x6afb, 0x6afd, 0x6b04, 0x6b05,
    0x6b0a, 0x6b0b, 0x6b0f, 0x6b10, 0x6b11, 0x6b12, 0x6b16, 0x6b17, 0x6b1b, 0x6b1d, 0x6b1e, 0x6b1f, 0x6b20, 0x6b21, 0x6b23, 0x6b27,
    0x6b2c, 0x6b2f, 0x6b32, 0x6b35, 0x6b37, 0x6b38, 0x6b39, 0x6b3a, 0x6b3d, 0x6b3e, 0x6b43, 0x6b46, 0x6b47, 0x6b49, 0x6b4a, 0x6b4c,
    0x6b4e, 0x6b50, 0x6b53, 0x6b54, 0x6b56, 0x6b58, 0x6b59, 0x6b5b, 0x6b5f, 0x6b60, 0x6b61, 0x6b62, 0x6b63, 0x6b64, 0x6b65, 0x6b66,
    0x6b67, 0x6b69, 0x6b6a, 0x6b6c, 0x6b6f, 0x6b73, 0x6b74, 0x6b75, 0x6b77, 0x6b78, 0x6b79, 0x6b7a, 0x6b7b, 0x6b7f, 0x6b80, 0x6b81,
    0x6b82, 0x6b83, 0x6b84, 0x6b86, 0x6b89, 0x6b8a, 0x6b8b, 0x6b8d, 0x6b95, 0x6b96, 0x6b98, 0x6b9b, 0x6b9e, 0x6ba4, 0x6ba9, 0x6baa,
    0x6bab, 0x6bad, 0x6bae, 0x6baf, 0x6bb1, 0x6bb2, 0x6bb3, 0x6bb4, 0x6bb5, 0x6bb7, 0x6bba, 0x6bbb, 0x6bbc, 0x6bbd, 0x6bbe, 0x6bbf,
    0x6bc0, 0x6bc5, 0x6bc6, 0x6bc7, 0x6bc8, 0x6bc9, 0x6bcb, 0x6bcd, 0x6bce, 0x6bcf, 0x6bd2, 0x6bd3, 0x6bd4, 0x6bd6, 0x6bd7, 0x6bd8,
    0x6bda, 0x6bdb, 0x6bdf, 0x6be6, 0x6be7, 0x6beb, 0x6bec, 0x6bee, 0x6bef, 0x6bf1, 0x6bf3, 0x6bff, 0x6c02, 0x6c05, 0x6c08, 0x6c0a,
    0x6c0e, 0x6c0f, 0x6c10, 0x6c11, 0x6c13, 0x6c14, 0x6c17, 0x6c1b, 0x6c23, 0x6c24, 0x6c33, 0x6c34, 0x6c35, 0x6c36, 0x6c37, 0x6c38,
    0x6c3a, 0x6c3e, 0x6c3f, 0x6c40, 0x6c41, 0x6c42, 0x6c4d, 0x6c4e, 0x6c50, 0x6c55, 0x6c57, 0x6c59, 0x6c5a, 0x6c5b, 0x6c5c, 0x6c5d,
    0x6c5e, 0x6c5f, 0x6c60, 0x6c62, 0x6c67, 0x6c68, 0x6c6a, 0x6c6d, 0x6c70, 0x6c72, 0x6c73, 0x6c74, 0x6c76, 0x6c7a, 0x6c7d, 0x6c7e,
    0x6c81, 0x6c82, 0x6c83, 0x6c84, 0x6c85, 0x6c86, 0x6c88, 0x6c89, 0x6c8c, 0x6c8d, 0x6c90, 0x6c92, 0x6c93, 0x6c94, 0x6c95, 0x6c96,
    0x6c97, 0x6c98, 0x6c99, 0x6c9a, 0x6c9b, 0x6c9c, 0x6ca1, 0x6ca2, 0x6caa, 0x6cab, 0x6cad, 0x6cae, 0x6cb1, 0x6cb3, 0x6cb8, 0x6cb9,
    0x6cba, 0x6cbb, 0x6cbc, 0x6cbd, 0x6cbe, 0x6cbf, 0x6cc1, 0x6cc2, 0x6cc4, 0x6cc5, 0x6cc6, 0x6cc9, 0x6cca, 0x6ccc, 0x6cd0, 0x6cd3,
    0x6cd4, 0x6cd5, 0x6cd6, 0x6cd7, 0x6cd9, 0x6cda, 0x6cdb, 0x6cdc, 0x6cdd, 0x6ce0, 0x6ce1, 0x6ce2, 0x6ce3, 0x6ce5, 0x6ce8, 0x6ce9,
    0x6cea, 0x6ceb, 0x6cec, 0x6ced, 0x6cee, 0x6cef, 0x6cf0, 0x6cf1, 0x6cf3, 0x6cfb, 0x6d00, 0x6d04, 0x6d0a, 0x6d0b, 0x6d0c, 0x6d0e,
    0x6d12, 0x6d17, 0x6d19, 0x6d1b, 0x6d1e, 0x6d1f, 0x6d24, 0x6d25, 0x6d26, 0x6d27, 0x6d29, 0x6d2a, 0x6d2b, 0x6d2e, 0x6d2f, 0x6d31,
    0x6d32, 0x6d33, 0x6d34, 0x6d35, 0x6d36, 0x6d38, 0x6d39, 0x6d3b, 0x6d3c, 0x6d3d, 0x6d3e, 0x6d3f, 0x6d41, 0x6d44, 0x6d45, 0x6d58,
    0x6d59, 0x6d5a, 0x6d5b, 0x6d5c, 0x6d5e, 0x6d60, 0x6d63, 0x6d64, 0x6d65, 0x6d66, 0x6d69, 0x6d6a, 0x6d6c, 0x6d6e, 0x6d70, 0x6d74,
    0x6d77, 0x6d78, 0x6d79, 0x6d80, 0x6d81, 0x6d82, 0x6d85, 0x6d87, 0x6d88, 0x6d89, 0x6d8a, 0x6d8c, 0x6d8d, 0x6d8e, 0x6d91, 0x6d93,
    0x6d94, 0x6d95, 0x6d98, 0x6d99, 0x6d9b, 0x6d9c, 0x6daa, 0x6dab, 0x6dac, 0x6dae, 0x6daf, 0x6db2, 0x6db4, 0x6db5, 0x6db8, 0x6dbc,
    0x6dbf, 0x6dc0, 0x6dc2, 0x6dc4, 0x6dc5, 0x6dc6, 0x6dc7, 0x6dc8, 0x6dcb, 0x6dcc, 0x6dce, 0x6dcf, 0x6dd0, 0x6dd1, 0x6dd2, 0x6dd5,
    0x6dd6, 0x6dd8, 0x6dd9, 0x6dda, 0x6ddb, 0x6ddd, 0x6dde, 0x6ddf, 0x6de1, 0x6de4, 0x6de6, 0x6de8, 0x6de9, 0x6dea, 0x6deb, 0x6dec,
    0x6dee, 0x6df1, 0x6df3, 0x6df5, 0x6df6, 0x6df7, 0x6df9, 0x6dfa, 0x6dfb, 0x6dfc, 0x6e05, 0x6e07, 0x6e08, 0x6e09, 0x6e0a, 0x6e0b,
    0x6e13, 0x6e15, 0x6e17, 0x6e19, 0x6e1a, 0x6e1b, 0x6e1d, 0x6e1e, 0x6e1f, 0x6e20, 0x6e21, 0x6e22, 0x6e23, 0x6e24, 0x6e25, 0x6e26,
    0x6e27, 0x6e29, 0x6e2b, 0x6e2c, 0x6e2d, 0x6e2e, 0x6e2f, 0x6e32, 0x6e34, 0x6e36, 0x6e38, 0x6e3a, 0x6e3c, 0x6e3e, 0x6e43, 0x6e44,
    0x6e48, 0x6e49, 0x6e4a, 0x6e4b, 0x6e4c, 0x6e4d, 0x6e4e, 0x6e4f, 0x6e51, 0x6e53, 0x6e54, 0x6e56, 0x6e57, 0x6e58, 0x6e5b, 0x6e5c,
    0x6e5e, 0x6e5f, 0x6e63, 0x6e67, 0x6e6b, 0x6e6e, 0x6e6f, 0x6e72, 0x6e76, 0x6e7e, 0x6e7f, 0x6e80, 0x6e82, 0x6e8c, 0x6e8f, 0x6e90,
    0x6e93, 0x6e96, 0x6e98, 0x6e9c, 0x6e9d, 0x6e9f, 0x6ea2, 0x6ea5, 0x6ea7, 0x6eaa, 0x6eab, 0x6eaf, 0x6eb1, 0x6eb2, 0x6eb4, 0x6eb6,
    0x6eb7, 0x6eba, 0x6ebd, 0x6ebf, 0x6ec1, 0x6ec2, 0x6ec3, 0x6ec4, 0x6ec5, 0x6ec7, 0x6ec9, 0x6eca, 0x6ecb, 0x6ecc, 0x6ece, 0x6ed1,
    0x6ed3, 0x6ed4, 0x6ed5, 0x6ed9, 0x6edd, 0x6ede, 0x6eeb, 0x6eec, 0x6eef, 0x6ef2, 0x6ef4, 0x6ef7, 0x6ef8, 0x6ef9, 0x6efb, 0x6efe,
    0x6eff, 0x6f01, 0x6f02, 0x6f06, 0x6f09, 0x6f0a, 0x6f0c, 0x6f0f, 0x6f10, 0x6f11, 0x6f13, 0x6f14, 0x6f15, 0x6f18, 0x6f1a, 0x6f20,
    0x6f22, 0x6f23, 0x6f25, 0x6f2a, 0x6f2b, 0x6f2c, 0x6f2f, 0x6f31, 0x6f32, 0x6f33, 0x6f35, 0x6f36, 0x6f38, 0x6f3c, 0x6f3e, 0x6f3f,
    0x6f41, 0x6f45, 0x6f51, 0x6f52, 0x6f54, 0x6f57, 0x6f58, 0x6f59, 0x6f5a, 0x6f5b, 0x6f5c, 0x6f5e, 0x6f5f, 0x6f60, 0x6f61, 0x6f62,
    0x6f64, 0x6f66, 0x6f68, 0x6f6d, 0x6f6e, 0x6f6f, 0x6f70, 0x6f74, 0x6f78, 0x6f7a, 0x6f7c, 0x6f7d, 0x6f7e, 0x6f80, 0x6f81, 0x6f82,
    0x6f84, 0x6f86, 0x6f88, 0x6f8c, 0x6f8d, 0x6f8e, 0x6f90, 0x6f91, 0x6f94, 0x6f96, 0x6f97, 0x6f98, 0x6f9f, 0x6fa0, 0x6fa1, 0x6fa3,
    0x6fa4, 0x6fa5, 0x6fa7, 0x6faa, 0x6faf, 0x6fb1, 0x6fb3, 0x6fb5, 0x6fb6, 0x6fb9, 0x6fbc, 0x6fbe, 0x6fc0, 0x6fc1, 0x6fc2, 0x6fc3,
    0x6fc6, 0x6fc7, 0x6fc8, 0x6fc9, 0x6fca, 0x6fd4, 0x6fd5, 0x6fd8, 0x6fda, 0x6fdb, 0x6fde, 0x6fdf, 0x6fe0, 0x6fe1, 0x6fe4, 0x6fe9,
    0x6feb, 0x6fec, 0x6fee, 0x6fef, 0x6ff0, 0x6ff1, 0x6ff3, 0x6ff5, 0x6ff6, 0x6ff9, 0x6ffa, 0x6ffc, 0x6ffe, 0x7000, 0x7001, 0x7005,
    0x7006, 0x7007, 0x7009, 0x700a, 0x700b, 0x700f, 0x7011, 0x7015, 0x7018, 0x701a, 0x701b, 0x701d, 0x701e, 0x701f, 0x7023, 0x7026,
    0x7027, 0x7028, 0x702c, 0x7030, 0x7032, 0x7039, 0x703a, 0x703c, 0x703e, 0x7043, 0x7047, 0x704a, 0x704b, 0x704c, 0x704e, 0x7051,
    0x7054, 0x7058, 0x705d, 0x705e, 0x7063, 0x7064, 0x7065, 0x7069, 0x706b, 0x706c, 0x706e, 0x706f, 0x7070, 0x7075, 0x7076, 0x7078,
    0x707c, 0x707d, 0x707e, 0x7081, 0x7085, 0x7086, 0x7089, 0x708a, 0x708e, 0x7092, 0x7095, 0x7097, 0x7099, 0x709f, 0x70a4, 0x70ab,
    0x70ac, 0x70ad, 0x70ae, 0x70af, 0x70b1, 0x70b3, 0x70b7, 0x70b8, 0x70b9, 0x70ba, 0x70bb, 0x70c8, 0x70ca, 0x70cb, 0x70cf, 0x70d1,
    0x70d3, 0x70d4, 0x70d8, 0x70d9, 0x70dc, 0x70dd, 0x70df, 0x70e4, 0x70ec, 0x70f1, 0x70f9, 0x70fd, 0x7103, 0x7104, 0x7106, 0x7107,
    0x7108, 0x7109, 0x710c, 0x710f, 0x7114, 0x7119, 0x711a, 0x711c, 0x711e, 0x7120, 0x7121, 0x7126, 0x712b, 0x712e, 0x712f, 0x7130,
    0x7131, 0x7136, 0x713c, 0x7146, 0x7147, 0x7149, 0x714a, 0x714c, 0x714e, 0x7150, 0x7151, 0x7152, 0x7153, 0x7155, 0x7156, 0x7159,
    0x715c, 0x715e, 0x7160, 0x7162, 0x7164, 0x7165, 0x7166, 0x7167, 0x7168, 0x7169, 0x716c, 0x716e, 0x717d, 0x7180, 0x7184, 0x7185,
    0x7187, 0x7188, 0x718a, 0x718f, 0x7192, 0x7194, 0x7195, 0x7196, 0x7199, 0x719b, 0x719f, 0x71a0, 0x71a2, 0x71a8, 0x71ac, 0x71ae,
    0x71af, 0x71b1, 0x71b3, 0x71b9, 0x71ba, 0x71be, 0x71c1, 0x71c3, 0x71c4, 0x71c8, 0x71c9, 0x71cb, 0x71ce, 0x71d0, 0x71d2, 0x71d3,
    0x71d4, 0x71d5, 0x71d7, 0x71d9, 0x71dc, 0x71df, 0x71e0, 0x71e5, 0x71e6, 0x71e7, 0x71ec, 0x71ed, 0x71ee, 0x71f5, 0x71f9, 0x71fb,
    0x71fc, 0x71fe, 0x71ff, 0x7200, 0x7206, 0x7207, 0x720d, 0x7210, 0x7215, 0x721b, 0x7228, 0x722a, 0x722b, 0x722c, 0x722d, 0x7230,
    0x7232, 0x7234, 0x7235, 0x7236, 0x7238, 0x7239, 0x723a, 0x723b, 0x723c, 0x723d, 0x723e, 0x723f, 0x7240, 0x7242, 0x7246, 0x7247,
    0x7248, 0x724b, 0x724c, 0x7252, 0x7253, 0x7255, 0x7256, 0x7257, 0x7258, 0x7259, 0x725b, 0x725d, 0x725f, 0x7261, 0x7262, 0x7263,
    0x7267, 0x7269, 0x726e, 0x726f, 0x7272, 0x7274, 0x7278, 0x7279, 0x727d, 0x727e, 0x727f, 0x7280, 0x7281, 0x7282, 0x7287, 0x728d,
    0x728e, 0x7292, 0x7296, 0x729b, 0x72a0, 0x72a2, 0x72a7, 0x72ac, 0x72ad, 0x72ae, 0x72af, 0x72b0, 0x72b1, 0x72b2, 0x72b6, 0x72b9,
    0x72be, 0x72c0, 0x72c1, 0x72c2, 0x72c3, 0x72c4, 0x72c6, 0x72cc, 0x72ce, 0x72d0, 0x72d2, 0x72d7, 0x72d9, 0x72db, 0x72e0, 0x72e1,
    0x72e2, 0x72e9, 0x72ec, 0x72ed, 0x72f3, 0x72f7, 0x72f8, 0x72f9, 0x72fa, 0x72fb, 0x72fc, 0x72fd, 0x7307, 0x730a, 0x7312, 0x7316,
    0x7317, 0x7318, 0x7319, 0x731b, 0x731c, 0x731d, 0x731f, 0x7325, 0x7327, 0x7328, 0x7329, 0x732a, 0x732b, 0x732c, 0x732e, 0x732f,
    0x7331, 0x7333, 0x7334, 0x7336, 0x7337, 0x7339, 0x733d, 0x733e, 0x733f, 0x7344, 0x7345, 0x734e, 0x734f, 0x7350, 0x7352, 0x7357,
    0x7363, 0x7366, 0x7368, 0x736a, 0x736b, 0x736c, 0x736e, 0x736f, 0x7370, 0x7371, 0x7372, 0x7375, 0x7377, 0x7378, 0x737a, 0x737b,
    0x737c, 0x7381, 0x7384, 0x7385, 0x7387, 0x7389, 0x738a, 0x738b, 0x7394, 0x7395, 0x7396, 0x7398, 0x739c, 0x739e, 0x739f, 0x73a0,
    0x73a2, 0x73a5, 0x73a6, 0x73a8, 0x73a9, 0x73ab, 0x73b2, 0x73b3, 0x73b5, 0x73b7, 0x73b9, 0x73bb, 0x73bc, 0x73bf, 0x73c0, 0x73c2,
    0x73c5, 0x73c8, 0x73c9, 0x73ca, 0x73cb, 0x73cd, 0x73ce, 0x73cf, 0x73d6, 0x73d9, 0x73de, 0x73e0, 0x73e1, 0x73e3, 0x73e5, 0x73e7,
    0x73e9, 0x73ea, 0x73ed, 0x73ee, 0x73f1, 0x73f8, 0x73f9, 0x73fa, 0x73fe, 0x7401, 0x7403, 0x7405, 0x7406, 0x7407, 0x7409, 0x740a,
    0x7413, 0x741a, 0x741b, 0x7422, 0x7424, 0x7425, 0x7426, 0x7428, 0x742a, 0x742b, 0x742c, 0x742e, 0x742f, 0x7430, 0x7431, 0x7432,
    0x7433, 0x7434, 0x7435, 0x7436, 0x7439, 0x743a, 0x743f, 0x7440, 0x7441, 0x7443, 0x7444, 0x7446, 0x7447, 0x744b, 0x744d, 0x7452,
    0x7453, 0x7455, 0x7457, 0x7459, 0x745a, 0x745b, 0x745c, 0x745d, 0x745e, 0x745f, 0x7460, 0x7462, 0x7463, 0x7464, 0x7469, 0x746a,
    0x746b, 0x746d, 0x746f, 0x7470, 0x7471, 0x7473, 0x7476, 0x747e, 0x7481, 0x7483, 0x7485, 0x7486, 0x7487, 0x7488, 0x7489, 0x748b,
    0x7490, 0x7492, 0x7497, 0x7498, 0x7499, 0x749c, 0x749e, 0x749f, 0x74a0, 0x74a1, 0x74a2, 0x74a3, 0x74a5, 0x74a6, 0x74a7, 0x74a8,
    0x74a9, 0x74aa, 0x74ab, 0x74b0, 0x74b5, 0x74b9, 0x74ba, 0x74bb, 0x74bd, 0x74bf, 0x74c8, 0x74c9, 0x74ca, 0x74cf, 0x74d4, 0x74d6,
    0x74d8, 0x74da, 0x74dc, 0x74de, 0x74e0, 0x74e2, 0x74e3, 0x74e6, 0x74e7, 0x74e9, 0x74eb, 0x74ee, 0x74ef, 0x74f0, 0x74f1, 0x74f2,
    0x74f6, 0x74f7, 0x74f8, 0x74fa, 0x74ff, 0x7501, 0x7503, 0x7504, 0x7505, 0x750c, 0x750d, 0x750e, 0x7511, 0x7513, 0x7515, 0x7517,
    0x7518, 0x751a, 0x751c, 0x751e, 0x751f, 0x7520, 0x7523, 0x7524, 0x7525, 0x7526, 0x7528, 0x752a, 0x752b, 0x752c, 0x752f, 0x7530,
    0x7531, 0x7532, 0x7533, 0x7537, 0x7538, 0x753a, 0x753b, 0x753c, 0x753d, 0x753e, 0x7540, 0x7544, 0x7546, 0x7548, 0x7549, 0x754a,
    0x754b, 0x754c, 0x754d, 0x754e, 0x754f, 0x7550, 0x7551, 0x7552, 0x7554, 0x7559, 0x755a, 0x755b, 0x755c, 0x755d, 0x7560, 0x7562,
    0x7564, 0x7565, 0x7566, 0x7567, 0x7569, 0x756a, 0x756b, 0x756c, 0x756d, 0x756f, 0x7570, 0x7571, 0x7572, 0x7573, 0x7574, 0x7576,
    0x7577, 0x7578, 0x7579, 0x757a, 0x757d, 0x757e, 0x757f, 0x7581, 0x7582, 0x7586, 0x7587, 0x7589, 0x758a, 0x758b, 0x758c, 0x758e,
    0x758f, 0x7591, 0x7592, 0x7594, 0x759a, 0x759d, 0x75a2, 0x75a3, 0x75a5, 0x75ab, 0x75b0, 0x75b1, 0x75b2, 0x75b3, 0x75b5, 0x75b7,
    0x75b8, 0x75b9, 0x75bc, 0x75bd, 0x75be, 0x75bf, 0x75c0, 0x75c2, 0x75c3, 0x75c5, 0x75c6, 0x75c7, 0x75ca, 0x75cd, 0x75ce, 0x75cf,
    0x75d2, 0x75d3, 0x75d4, 0x75d5, 0x75d8, 0x75d9, 0x75db, 0x75dd, 0x75de, 0x75df, 0x75e0, 0x75e2, 0x75e3, 0x75e4, 0x75e7, 0x75e9,
    0x75ec, 0x75ee, 0x75f0, 0x75f1, 0x75f2, 0x75f3, 0x75f4, 0x75f9, 0x75fa, 0x75fc, 0x75fe, 0x75ff, 0x7600, 0x7601, 0x7602, 0x7603,
    0x7607, 0x7608, 0x7609, 0x760b, 0x760d, 0x760f, 0x7613, 0x7615, 0x7616, 0x7618, 0x7619, 0x761b, 0x761c, 0x761e, 0x761f, 0x7620,
    0x7621, 0x7622, 0x7624, 0x7625, 0x7626, 0x7627, 0x7628, 0x762d, 0x7630, 0x7633, 0x7634, 0x7635, 0x763b, 0x763c, 0x7641, 0x7642,
    0x7643, 0x7646, 0x7647, 0x7648, 0x7649, 0x764b, 0x764c, 0x7652, 0x7655, 0x7656, 0x7658, 0x765c, 0x7661, 0x7662, 0x7664, 0x7665,
    0x7667, 0x7668, 0x7669, 0x766a, 0x766c, 0x766d, 0x766e, 0x766f, 0x7670, 0x7671, 0x7672, 0x7676, 0x7678, 0x767a, 0x767b, 0x767c,
    0x767d, 0x767e, 0x7680, 0x7681, 0x7683, 0x7684, 0x7686, 0x7687, 0x7688, 0x768b, 0x768e, 0x7690, 0x7693, 0x7695, 0x7696, 0x7699,
    0x769a, 0x769b, 0x769c, 0x769d, 0x769e, 0x76a0, 0x76a1, 0x76a6, 0x76a7, 0x76a8, 0x76aa, 0x76ae, 0x76af, 0x76b0, 0x76b4, 0x76b6,
    0x76b7, 0x76b8, 0x76b9, 0x76ba, 0x76bf, 0x76c2, 0x76c3, 0x76c5, 0x76c6, 0x76c8, 0x76c9, 0x76ca, 0x76cc, 0x76cd, 0x76ce, 0x76d2,
    0x76d4, 0x76d6, 0x76d7, 0x76db, 0x76dc, 0x76de, 0x76df, 0x76e1, 0x76e3, 0x76e4, 0x76e5, 0x76e6, 0x76e7, 0x76e8, 0x76ea, 0x76ec,
    0x76ee, 0x76f1, 0x76f2, 0x76f4, 0x76f8, 0x76fb, 0x76fc, 0x76fe, 0x7701, 0x7704, 0x7707, 0x7708, 0x7709, 0x770a, 0x770b, 0x770c,
    0x7717, 0x7719, 0x771a, 0x771b, 0x771e, 0x771f, 0x7720, 0x7724, 0x7725, 0x7726, 0x7729, 0x772d, 0x7734, 0x7735, 0x7736, 0x7737,
    0x7738, 0x773a, 0x773c, 0x7740, 0x7746, 0x7747, 0x774d, 0x774e, 0x7758, 0x775a, 0x775b, 0x775c, 0x775f, 0x7760, 0x7761, 0x7762,
    0x7763, 0x7765, 0x7766, 0x7768, 0x776a, 0x776b, 0x7772, 0x7779, 0x777a, 0x777c, 0x777d, 0x777e, 0x777f, 0x7780, 0x778b, 0x778e,
    0x7791, 0x7794, 0x779a, 0x779e, 0x779f, 0x77a0, 0x77a2, 0x77a4, 0x77a5, 0x77a9, 0x77aa, 0x77ac, 0x77ad, 0x77b0, 0x77b3, 0x77b6,
    0x77b9, 0x77bb, 0x77bc, 0x77bd, 0x77bf, 0x77c7, 0x77cd, 0x77d7, 0x77da, 0x77db, 0x77dc, 0x77de, 0x77df, 0x77e0, 0x77e2, 0x77e3,
    0x77e4, 0x77e5, 0x77e6, 0x77e7, 0x77e9, 0x77ea, 0x77ec, 0x77ed, 0x77ee, 0x77ef, 0x77f0, 0x77f3, 0x77f4, 0x77fb, 0x77fc, 0x7802,
    0x7805, 0x7806, 0x7809, 0x780c, 0x780d, 0x7812, 0x7814, 0x7815, 0x7819, 0x7820, 0x7821, 0x7825, 0x7826, 0x7827, 0x782c, 0x782d,
    0x7832, 0x7834, 0x783a, 0x783f, 0x7843, 0x7845, 0x7847, 0x784e, 0x784f, 0x7851, 0x785d, 0x7864, 0x7868, 0x786a, 0x786b, 0x786c,
    0x786e, 0x786f, 0x7872, 0x7874, 0x787c, 0x7881, 0x7886, 0x7887, 0x788a, 0x788c, 0x788d, 0x788e, 0x7891, 0x7893, 0x7894, 0x7895,
    0x7897, 0x789a, 0x789d, 0x789e, 0x789f, 0x78a3, 0x78a4, 0x78a7, 0x78a9, 0x78aa, 0x78ad, 0x78af, 0x78b0, 0x78b5, 0x78ba, 0x78bb,
    0x78bc, 0x78be, 0x78c1, 0x78c5, 0x78c6, 0x78c8, 0x78ca, 0x78cb, 0x78cc, 0x78ce, 0x78d0, 0x78d1, 0x78d4, 0x78d5, 0x78da, 0x78e0,
    0x78e1, 0x78e4, 0x78e6, 0x78e7, 0x78e8, 0x78ec, 0x78ef, 0x78f2, 0x78f4, 0x78f7, 0x78f9, 0x78fa, 0x78fb, 0x78fd, 0x78fe, 0x7900,
    0x7901, 0x7907, 0x790e, 0x7910, 0x7911, 0x7912, 0x7919, 0x791b, 0x791c, 0x7925, 0x7926, 0x792a, 0x792b, 0x792c, 0x792e, 0x7930,
    0x7931, 0x7934, 0x793a, 0x793b, 0x793c, 0x793e, 0x7940, 0x7941, 0x7945, 0x7946, 0x7947, 0x7948, 0x7949, 0x794a, 0x7950, 0x7953,
    0x7955, 0x7956, 0x7957, 0x7958, 0x795a, 0x795b, 0x795c, 0x795d, 0x795e, 0x795f, 0x7960, 0x7962, 0x7965, 0x7967, 0x7968, 0x796d,
    0x7972, 0x7977, 0x7979, 0x797a, 0x797f, 0x7980, 0x7981, 0x7984, 0x7985, 0x798a, 0x798d, 0x798e, 0x798f, 0x7994, 0x7995, 0x7996,
    0x7998, 0x799b, 0x799d, 0x79a1, 0x79a6, 0x79a7, 0x79a9, 0x79aa, 0x79ae, 0x79b0, 0x79b1, 0x79b3, 0x79b4, 0x79b8, 0x79b9, 0x79ba,
    0x79bb, 0x79bd, 0x79be, 0x79bf, 0x79c0, 0x79c1, 0x79c2, 0x79c7, 0x79c8, 0x79c9, 0x79ca, 0x79cb, 0x79cc, 0x79cd, 0x79d1, 0x79d2,
    0x79d4, 0x79d5, 0x79d6, 0x79d8, 0x79de, 0x79df, 0x79e1, 0x79e3, 0x79e4, 0x79e6, 0x79e7, 0x79e9, 0x79eb, 0x79ec, 0x79ed, 0x79f0,
    0x79fb, 0x7a00, 0x7a03, 0x7a08, 0x7a0a, 0x7a0b, 0x7a0d, 0x7a0e, 0x7a11, 0x7a14, 0x7a15, 0x7a17, 0x7a18, 0x7a19, 0x7a1a, 0x7a1b,
    0x7a1c, 0x7a1e, 0x7a1f, 0x7a20, 0x7a2d, 0x7a2e, 0x7a31, 0x7a32, 0x7a37, 0x7a38, 0x7a39, 0x7a3b, 0x7a3c, 0x7a3d, 0x7a3e, 0x7a3f,
    0x7a40, 0x7a42, 0x7a43, 0x7a46, 0x7a47, 0x7a49, 0x7a4c, 0x7a4d, 0x7a4e, 0x7a4f, 0x7a50, 0x7a56, 0x7a57, 0x7a59, 0x7a5c, 0x7a5d,
    0x7a5f, 0x7a60, 0x7a61, 0x7a62, 0x7a63, 0x7a67, 0x7a69, 0x7a6a, 0x7a6b, 0x7a6d, 0x7a70, 0x7a74, 0x7a75, 0x7a76, 0x7a78, 0x7a79,
    0x7a7a, 0x7a7d, 0x7a7f, 0x7a81, 0x7a82, 0x7a83, 0x7a84, 0x7a85, 0x7a88, 0x7a8a, 0x7a90, 0x7a92, 0x7a93, 0x7a95, 0x7a96, 0x7a97,
    0x7a98, 0x7a9f, 0x7aa0, 0x7aa3, 0x7aa9, 0x7aaa, 0x7aac, 0x7aae, 0x7aaf, 0x7ab0, 0x7ab3, 0x7ab6, 0x7ab9, 0x7aba, 0x7abb, 0x7abc,
    0x7abe, 0x7abf, 0x7ac3, 0x7ac4, 0x7ac5, 0x7ac7, 0x7ac8, 0x7aca, 0x7acb, 0x7acc, 0x7acd, 0x7ace, 0x7acf, 0x7ad1, 0x7ad2, 0x7ad3,
    0x7ad5, 0x7ad9, 0x7ada, 0x7adc, 0x7add, 0x7adf, 0x7ae0, 0x7ae1, 0x7ae2, 0x7ae3, 0x7ae5, 0x7ae6, 0x7ae7, 0x7ae8, 0x7aea, 0x7aeb,
    0x7aed, 0x7aef, 0x7af0, 0x7af4, 0x7af6, 0x7af8, 0x7af9, 0x7afa, 0x7afd, 0x7aff, 0x7b02, 0x7b04, 0x7b06, 0x7b07, 0x7b08, 0x7b0a,
    0x7b0b, 0x7b0f, 0x7b11, 0x7b12, 0x7b18, 0x7b19, 0x7b1b, 0x7b1e, 0x7b20, 0x7b25, 0x7b26, 0x7b27, 0x7b28, 0x7b2a, 0x7b2c, 0x7b2d,
    0x7b2e, 0x7b2f, 0x7b31, 0x7b33, 0x7b35, 0x7b36, 0x7b39, 0x7b3b, 0x7b3d, 0x7b41, 0x7b45, 0x7b46, 0x7b47, 0x7b48, 0x7b49, 0x7b4b,
    0x7b4c, 0x7b4d, 0x7b4e, 0x7b4f, 0x7b50, 0x7b51, 0x7b52, 0x7b54, 0x7b55, 0x7b56, 0x7b5d, 0x7b60, 0x7b64, 0x7b65, 0x7b66, 0x7b67,
    0x7b69, 0x7b6c, 0x7b6d, 0x7b6e, 0x7b6f, 0x7b70, 0x7b71, 0x7b72, 0x7b73, 0x7b74, 0x7b75, 0x7b79, 0x7b7a, 0x7b7f, 0x7b86, 0x7b87,
    0x7b8b, 0x7b8d, 0x7b8f, 0x7b90, 0x7b91, 0x7b92, 0x7b94, 0x7b95, 0x7b97, 0x7b98, 0x7b99, 0x7b9a, 0x7b9b, 0x7b9c, 0x7b9d, 0x7b9e,
    0x7b9f, 0x7ba1, 0x7baa, 0x7bad, 0x7baf, 0x7bb1, 0x7bb4, 0x7bb5, 0x7bb8, 0x7bbc, 0x7bc0, 0x7bc1, 0x7bc4, 0x7bc5, 0x7bc6, 0x7bc7,
    0x7bc9, 0x7bca, 0x7bcb, 0x7bcc, 0x7bcf, 0x7bd4, 0x7bd6, 0x7bd7, 0x7bd9, 0x7bda, 0x7bdd, 0x7be0, 0x7be4, 0x7be5, 0x7be6, 0x7be9,
    0x7bea, 0x7bed, 0x7bf0, 0x7bf3, 0x7bf6, 0x7bf7, 0x7c00, 0x7c01, 0x7c03, 0x7c07, 0x7c0b, 0x7c0d, 0x7c0e, 0x7c0f, 0x7c11, 0x7c12,
    0x7c13, 0x7c14, 0x7c17, 0x7c1e, 0x7c1f, 0x7c20, 0x7c21, 0x7c23, 0x7c26, 0x7c27, 0x7c2a, 0x7c2b, 0x7c31, 0x7c33, 0x7c36, 0x7c37,
    0x7c38, 0x7c3d, 0x7c3e, 0x7c3f, 0x7c40, 0x7c43, 0x7c45, 0x7c4a, 0x7c4c, 0x7c4d, 0x7c4f, 0x7c50, 0x7c51, 0x7c54, 0x7c56, 0x7c57,
    0x7c58, 0x7c59, 0x7c5e, 0x7c5f, 0x7c60, 0x7c61, 0x7c64, 0x7c65, 0x7c69, 0x7c6c, 0x7c6d, 0x7c6e, 0x7c6f, 0x7c70, 0x7c73, 0x7c75,
    0x7c79, 0x7c7e, 0x7c81, 0x7c82, 0x7c83, 0x7c89, 0x7c8b, 0x7c8d, 0x7c8f, 0x7c90, 0x7c92, 0x7c94, 0x7c95, 0x7c97, 0x7c98, 0x7c9b,
    0x7c9f, 0x7ca0, 0x7ca1, 0x7ca2, 0x7ca4, 0x7ca5, 0x7ca6, 0x7ca7, 0x7ca8, 0x7cab, 0x7cad, 0x7cae, 0x7cb1, 0x7cb2, 0x7cb3, 0x7cb6,
    0x7cb7, 0x7cb9, 0x7cbc, 0x7cbd, 0x7cbe, 0x7cbf, 0x7cc0, 0x7cc2, 0x7cc4, 0x7cc5, 0x7cc8, 0x7cca, 0x7ccd, 0x7cce, 0x7cd2, 0x7cd5,
    0x7cd6, 0x7cd7, 0x7cd8, 0x7cd9, 0x7cdc, 0x7cdd, 0x7cde, 0x7cdf, 0x7ce0, 0x7ce2, 0x7ce6, 0x7ce7, 0x7ceb, 0x7cef, 0x7cf2, 0x7cf4,
    0x7cf5, 0x7cf6, 0x7cf8, 0x7cfa, 0x7cfb, 0x7cfe, 0x7d00, 0x7d02, 0x7d03, 0x7d04, 0x7d05, 0x7d06, 0x7d07, 0x7d08, 0x7d09, 0x7d0a,
    0x7d0b, 0x7d0d, 0x7d10, 0x7d12, 0x7d13, 0x7d14, 0x7d15, 0x7d17, 0x7d18, 0x7d19, 0x7d1a, 0x7d1b, 0x7d1c, 0x7d1d, 0x7d1e, 0x7d20,
    0x7d21, 0x7d22, 0x7d23, 0x7d2b, 0x7d2c, 0x7d2e, 0x7d2f, 0x7d30, 0x7d31, 0x7d32, 0x7d33, 0x7d35, 0x7d39, 0x7d3a, 0x7d3d, 0x7d3e,
    0x7d3f, 0x7d40, 0x7d41, 0x7d42, 0x7d43, 0x7d44, 0x7d45, 0x7d46, 0x7d47, 0x7d48, 0x7d4b, 0x7d4c, 0x7d4e, 0x7d4f, 0x7d50, 0x7d53,
    0x7d56, 0x7d59, 0x7d5a, 0x7d5b, 0x7d5c, 0x7d5e, 0x7d61, 0x7d62, 0x7d63, 0x7d66, 0x7d68, 0x7d6a, 0x7d6e, 0x7d70, 0x7d71, 0x7d72,
    0x7d73, 0x7d75, 0x7d76, 0x7d79, 0x7d7a, 0x7d7d, 0x7d7f, 0x7d83, 0x7d86, 0x7d88, 0x7d89, 0x7d8b, 0x7d8c, 0x7d8f, 0x7d93, 0x7d97,
    0x7d99, 0x7d9a, 0x7d9b, 0x7d9c, 0x7d9d, 0x7d9f, 0x7da0, 0x7da2, 0x7da3, 0x7da6, 0x7da7, 0x7daa, 0x7dab, 0x7dac, 0x7dad, 0x7dae,
    0x7daf, 0x7db0, 0x7db1, 0x7db2, 0x7db4, 0x7db5, 0x7db6, 0x7db7, 0x7db8, 0x7dba, 0x7dbb, 0x7dbd, 0x7dbe, 0x7dbf, 0x7dc0, 0x7dc2,
    0x7dc7, 0x7dca, 0x7dcb, 0x7dcc, 0x7dcf, 0x7dd1, 0x7dd2, 0x7dd5, 0x7dd6, 0x7dd7, 0x7dd8, 0x7dd9, 0x7dda, 0x7ddc, 0x7ddd, 0x7dde,
    0x7de0, 0x7de1, 0x7de3, 0x7de4, 0x7de6, 0x7de8, 0x7de9, 0x7dec, 0x7def, 0x7df1, 0x7df2, 0x7df4, 0x7df9, 0x7dfb, 0x7e01, 0x7e04,
    0x7e05, 0x7e08, 0x7e09, 0x7e0a, 0x7e0b, 0x7e10, 0x7e11, 0x7e12, 0x7e15, 0x7e17, 0x7e1b, 0x7e1d, 0x7e1e, 0x7e1f, 0x7e20, 0x7e21,
    0x7e22, 0x7e23, 0x7e26, 0x7e27, 0x7e28, 0x7e2b, 0x7e2c, 0x7e2e, 0x7e31, 0x7e32, 0x7e35, 0x7e37, 0x7e39, 0x7e3a, 0x7e3b, 0x7e3d,
    0x7e3e, 0x7e41, 0x7e43, 0x7e45, 0x7e46, 0x7e47, 0x7e4a, 0x7e4b, 0x7e4d, 0x7e52, 0x7e54, 0x7e55, 0x7e56, 0x7e59, 0x7e5a, 0x7e5d,
    0x7e5e, 0x7e61, 0x7e66, 0x7e67, 0x7e69, 0x7e6a, 0x7e6b, 0x7e6d, 0x7e70, 0x7e73, 0x7e75, 0x7e79, 0x7e7b, 0x7e7c, 0x7e7d, 0x7e7e,
    0x7e7f, 0x7e82, 0x7e83, 0x7e86, 0x7e87, 0x7e88, 0x7e89, 0x7e8a, 0x7e8c, 0x7e8d, 0x7e8e, 0x7e8f, 0x7e90, 0x7e91, 0x7e92, 0x7e93,
    0x7e94, 0x7e96, 0x7e98, 0x7e9a, 0x7e9b, 0x7e9c, 0x7f36, 0x7f38, 0x7f3a, 0x7f3b, 0x7f3c, 0x7f3e, 0x7f43, 0x7f44, 0x7f45, 0x7f47,
    0x7f4c, 0x7f4d, 0x7f4e, 0x7f4f, 0x7f50, 0x7f51, 0x7f52, 0x7f54, 0x7f55, 0x7f58, 0x7f5f, 0x7f60, 0x7f61, 0x7f63, 0x7f64, 0x7f67,
    0x7f68, 0x7f69, 0x7f6a, 0x7f6b, 0x7f6d, 0x7f6e, 0x7f70, 0x7f72, 0x7f75, 0x7f77, 0x7f78, 0x7f79, 0x7f7d, 0x7f7e, 0x7f82, 0x7f83,
    0x7f85, 0x7f86, 0x7f87, 0x7f88, 0x7f8a, 0x7f8c, 0x7f8e, 0x7f90, 0x7f91, 0x7f94, 0x7f96, 0x7f97, 0x7f9a, 0x7f9c, 0x7f9d, 0x7f9e,
    0x7fa3, 0x7fa4, 0x7fa8, 0x7fa9, 0x7fad, 0x7fae, 0x7faf, 0x7fb2, 0x7fb6, 0x7fb8, 0x7fb9, 0x7fbd, 0x7fbf, 0x7fc1, 0x7fc3, 0x7fc5,
    0x7fc6, 0x7fca, 0x7fcc, 0x7fce, 0x7fcf, 0x7fd2, 0x7fd4, 0x7fd5, 0x7fdb, 0x7fdf, 0x7fe0, 0x7fe1, 0x7fe3, 0x7fe5, 0x7fe6, 0x7fe9,
    0x7feb, 0x7fec, 0x7fee, 0x7fef, 0x7ff0, 0x7ff2, 0x7ff3, 0x7ff9, 0x7ffa, 0x7ffb, 0x7ffc, 0x8000, 0x8001, 0x8002, 0x8003, 0x8004,
    0x8005, 0x8006, 0x8008, 0x800a, 0x800b, 0x800c, 0x800e, 0x8010, 0x8011, 0x8012, 0x8014, 0x8015, 0x8016, 0x8017, 0x8018, 0x8019,
    0x801c, 0x8021, 0x8024, 0x8026, 0x8028, 0x802c, 0x8030, 0x8033, 0x8035, 0x8036, 0x8037, 0x803b, 0x803c, 0x803d, 0x803f, 0x8043,
    0x8046, 0x804a, 0x8052, 0x8056, 0x8058, 0x805a, 0x805e, 0x805f, 0x8061, 0x8062, 0x8066, 0x8068, 0x806f, 0x8070, 0x8071, 0x8072,
    0x8073, 0x8074, 0x8075, 0x8076, 0x8077, 0x8079, 0x807b, 0x807d, 0x807e, 0x807f, 0x8084, 0x8085, 0x8086, 0x8087, 0x8089, 0x808b,
    0x808c, 0x8093, 0x8096, 0x8098, 0x8099, 0x809a, 0x809b, 0x809c, 0x809d, 0x80a1, 0x80a2, 0x80a4, 0x80a5, 0x80a7, 0x80a9, 0x80aa,
    0x80ac, 0x80ad, 0x80af, 0x80b1, 0x80b2, 0x80b4, 0x80b8, 0x80ba, 0x80c3, 0x80c4, 0x80c5, 0x80c6, 0x80ca, 0x80cc, 0x80ce, 0x80d5,
    0x80d6, 0x80d7, 0x80d8, 0x80d9, 0x80da, 0x80db, 0x80dd, 0x80de, 0x80e0, 0x80e1, 0x80e4, 0x80e5, 0x80e6, 0x80ef, 0x80f1, 0x80f3,
    0x80f4, 0x80f5, 0x80f8, 0x80fb, 0x80fc, 0x80fd, 0x8102, 0x8105, 0x8106, 0x8107, 0x8108, 0x8109, 0x810a, 0x810d, 0x8116, 0x8118,
    0x811a, 0x811b, 0x811e, 0x8123, 0x8124, 0x8127, 0x8129, 0x812c, 0x812f, 0x8131, 0x8133, 0x8135, 0x8139, 0x813d, 0x813e, 0x8146,
    0x814a, 0x814b, 0x814e, 0x8150, 0x8151, 0x8153, 0x8154, 0x8155, 0x815f, 0x8160, 0x8165, 0x8166, 0x8167, 0x8168, 0x8169, 0x816b,
    0x816d, 0x816e, 0x8170, 0x8171, 0x8174, 0x8178, 0x8179, 0x817a, 0x817f, 0x8180, 0x8181, 0x8182, 0x8183, 0x8184, 0x8185, 0x8188,
    0x818a, 0x818f, 0x8193, 0x8195, 0x8198, 0x819a, 0x819c, 0x819d, 0x81a0, 0x81a3, 0x81a4, 0x81a8, 0x81a9, 0x81b0, 0x81b2, 0x81b3,
    0x81b5, 0x81b8, 0x81ba, 0x81bb, 0x81bd, 0x81be, 0x81bf, 0x81c0, 0x81c1, 0x81c2, 0x81c3, 0x81c6, 0x81c8, 0x81c9, 0x81ca, 0x81cd,
    0x81cf, 0x81d1, 0x81d3, 0x81d6, 0x81d7, 0x81d8, 0x81d9, 0x81da, 0x81db, 0x81df, 0x81e0, 0x81e3, 0x81e4, 0x81e5, 0x81e7, 0x81e8,
    0x81ea, 0x81ec, 0x81ed, 0x81f3, 0x81f4, 0x81fa, 0x81fb, 0x81fc, 0x81fd, 0x81fe, 0x81ff, 0x8201, 0x8202, 0x8204, 0x8205, 0x8207,
    0x8208, 0x8209, 0x820a, 0x820c, 0x820d, 0x820e, 0x8210, 0x8212, 0x8216, 0x8217, 0x8218, 0x8219, 0x821b, 0x821c, 0x821e, 0x821f,
    0x8221, 0x8222, 0x8229, 0x822a, 0x822b, 0x822c, 0x822e, 0x8232, 0x8233, 0x8234, 0x8235, 0x8236, 0x8237, 0x8238, 0x8239, 0x823c,
    0x8240, 0x8245, 0x8246, 0x8247, 0x8249, 0x824b, 0x824f, 0x8257, 0x8258, 0x8259, 0x825a, 0x825c, 0x825d, 0x825f, 0x8260, 0x8262,
    0x8263, 0x8264, 0x8266, 0x8268, 0x826a, 0x826b, 0x826e, 0x826f, 0x8271, 0x8272, 0x8274, 0x8276, 0x8277, 0x8278, 0x8279, 0x827d,
    0x827e, 0x827f, 0x8283, 0x828a, 0x828b, 0x828d, 0x828e, 0x8292, 0x8293, 0x8299, 0x829d, 0x829f, 0x82a1, 0x82a3, 0x82a4, 0x82a5,
    0x82a6, 0x82a7, 0x82a8, 0x82a9, 0x82ab, 0x82ac, 0x82ad, 0x82ae, 0x82af, 0x82b1, 0x82b2, 0x82b3, 0x82b4, 0x82b7, 0x82b8, 0x82b9,
    0x82ba, 0x82bb, 0x82bc, 0x82bd, 0x82be, 0x82bf, 0x82c5, 0x82c6, 0x82d1, 0x82d2, 0x82d3, 0x82d4, 0x82d5, 0x82d7, 0x82d9, 0x82db,
    0x82dc, 0x82de, 0x82df, 0x82e1, 0x82e2, 0x82e3, 0x82e5, 0x82e6, 0x82e7, 0x82e8, 0x82eb, 0x82f1, 0x82f3, 0x82f4, 0x82f7, 0x82f9,
    0x82fa, 0x82fb, 0x82fd, 0x82fe, 0x8300, 0x8301, 0x8302, 0x8303, 0x8304, 0x8305, 0x8306, 0x8307, 0x8308, 0x8309, 0x830c, 0x830e,
    0x8316, 0x8317, 0x8318, 0x831b, 0x831c, 0x831d, 0x8322, 0x8323, 0x8328, 0x832b, 0x832d, 0x832f, 0x8330, 0x8331, 0x8332, 0x8334,
    0x8335, 0x8336, 0x8338, 0x8339, 0x833a, 0x833c, 0x8340, 0x8343, 0x8344, 0x8345, 0x8347, 0x8349, 0x834a, 0x834f, 0x8350, 0x8351,
    0x8352, 0x8354, 0x8355, 0x8357, 0x8358, 0x8362, 0x8363, 0x8373, 0x8375, 0x8377, 0x837b, 0x837c, 0x837d, 0x837f, 0x8385, 0x8386,
    0x8387, 0x8389, 0x838a, 0x838d, 0x838e, 0x8392, 0x8393, 0x8394, 0x8395, 0x8396, 0x8398, 0x839a, 0x839b, 0x839d, 0x839e, 0x839f,
    0x83a0, 0x83a2, 0x83a7, 0x83a8, 0x83a9, 0x83aa, 0x83ab, 0x83b1, 0x83b5, 0x83bd, 0x83bf, 0x83c0, 0x83c1, 0x83c5, 0x83c7, 0x83c9,
    0x83ca, 0x83cc, 0x83ce, 0x83cf, 0x83d0, 0x83d1, 0x83d3, 0x83d4, 0x83d6, 0x83d8, 0x83dc, 0x83dd, 0x83df, 0x83e0, 0x83e1, 0x83e5,
    0x83e9, 0x83ea, 0x83eb, 0x83ef, 0x83f0, 0x83f1, 0x83f2, 0x83f4, 0x83f7, 0x83f9, 0x83fb, 0x83fd, 0x8401, 0x8403, 0x8404, 0x8406,
    0x8407, 0x840a, 0x840b, 0x840c, 0x840d, 0x840e, 0x840f, 0x8411, 0x8413, 0x8415, 0x8417, 0x8420, 0x8422, 0x8429, 0x842a, 0x842c,
    0x8431, 0x8435, 0x8438, 0x8439, 0x843c, 0x843d, 0x8446, 0x8448, 0x8449, 0x844a, 0x844e, 0x844f, 0x8451, 0x8452, 0x8457, 0x8459,
    0x845a, 0x845b, 0x845c, 0x845f, 0x8461, 0x8462, 0x8463, 0x8465, 0x8466, 0x8469, 0x846b, 0x846c, 0x846d, 0x846e, 0x846f, 0x8470,
    0x8471, 0x8473, 0x8475, 0x8476, 0x8477, 0x8478, 0x8479, 0x847a, 0x847c, 0x8481, 0x8482, 0x8484, 0x8485, 0x848b, 0x8490, 0x8494,
    0x8497, 0x8499, 0x849c, 0x849e, 0x849f, 0x84a1, 0x84a6, 0x84ad, 0x84af, 0x84b2, 0x84b4, 0x84b8, 0x84b9, 0x84ba, 0x84bb, 0x84bc,
    0x84be, 0x84bf, 0x84c0, 0x84c1, 0x84c2, 0x84c4, 0x84c6, 0x84c9, 0x84ca, 0x84cb, 0x84cd, 0x84ce, 0x84cf, 0x84d0, 0x84d1, 0x84d3,
    0x84d6, 0x84d9, 0x84da, 0x84dc, 0x84e7, 0x84ea, 0x84ec, 0x84ee, 0x84ef, 0x84f0, 0x84f1, 0x84f4, 0x84fa, 0x84fc, 0x84fd, 0x84ff,
    0x8500, 0x8506, 0x850c, 0x8511, 0x8513, 0x8514, 0x8515, 0x8517, 0x8518, 0x851a, 0x851b, 0x851e, 0x851f, 0x8521, 0x8523, 0x8524,
    0x8525, 0x8526, 0x852b, 0x852c, 0x852d, 0x852f, 0x8532, 0x8534, 0x8535, 0x853d, 0x853e, 0x8540, 0x8541, 0x8543, 0x8548, 0x8549,
    0x854a, 0x854b, 0x854e, 0x854f, 0x8551, 0x8553, 0x8555, 0x8557, 0x8558, 0x8559, 0x855a, 0x855e, 0x8561, 0x8562, 0x8563, 0x8564,
    0x8568, 0x8569, 0x856a, 0x856d, 0x856f, 0x8577, 0x857a, 0x857b, 0x857d, 0x857e, 0x857f, 0x8580, 0x8581, 0x8584, 0x8586, 0x8587,
    0x8588, 0x858a, 0x858c, 0x858f, 0x8590, 0x8591, 0x8593, 0x8594, 0x8597, 0x8599, 0x859b, 0x859c, 0x859d, 0x859f, 0x85a2, 0x85a4,
    0x85a6, 0x85a8, 0x85a9, 0x85aa, 0x85ab, 0x85ac, 0x85ad, 0x85ae, 0x85af, 0x85b0, 0x85b7, 0x85b9, 0x85ba, 0x85bc, 0x85c1, 0x85c7,
    0x85c9, 0x85ca, 0x85cb, 0x85cd, 0x85ce, 0x85cf, 0x85d0, 0x85d5, 0x85d8, 0x85d9, 0x85dc, 0x85dd, 0x85df, 0x85e1, 0x85e4, 0x85e5,
    0x85e6, 0x85e9, 0x85ea, 0x85ed, 0x85f6, 0x85f7, 0x85f9, 0x85fa, 0x85fb, 0x85fe, 0x85ff, 0x8600, 0x8602, 0x8604, 0x8605, 0x8606,
    0x8607, 0x860a, 0x860b, 0x8610, 0x8611, 0x8612, 0x8613, 0x8616, 0x8617, 0x8618, 0x861a, 0x861e, 0x8621, 0x8622, 0x8624, 0x8627,
    0x8629, 0x862d, 0x862f, 0x8630, 0x8638, 0x8639, 0x863c, 0x863f, 0x8640, 0x8641, 0x864d, 0x864e, 0x8650, 0x8653, 0x8654, 0x8655,
    0x8656, 0x8657, 0x865a, 0x865b, 0x865c, 0x865e, 0x865f, 0x8662, 0x8667, 0x866b, 0x866c, 0x866f, 0x8671, 0x8675, 0x8677, 0x8679,
    0x867a, 0x867b, 0x8687, 0x8689, 0x868a, 0x868b, 0x868c, 0x868d, 0x8691, 0x8693, 0x8695, 0x8698, 0x869c, 0x869d, 0x86a3, 0x86a4,
    0x86a8, 0x86a9, 0x86aa, 0x86ab, 0x86af, 0x86b0, 0x86b1, 0x86b3, 0x86b6, 0x86b8, 0x86c1, 0x86c3, 0x86c4, 0x86c6, 0x86c7, 0x86c9,
    0x86cb, 0x86cd, 0x86ce, 0x86d1, 0x86d4, 0x86d5, 0x86d7, 0x86d9, 0x86db, 0x86de, 0x86df, 0x86e3, 0x86e4, 0x86e6, 0x86e9, 0x86ec,
    0x86ed, 0x86ee, 0x86ef, 0x86f8, 0x86f9, 0x86fa, 0x86fb, 0x86fc, 0x86fd, 0x86fe, 0x8700, 0x8702, 0x8703, 0x8705, 0x8706, 0x8707,
    0x8708, 0x8709, 0x870a, 0x870b, 0x870d, 0x870e, 0x8710, 0x8711, 0x8712, 0x8713, 0x8718, 0x8719, 0x871a, 0x871c, 0x871f, 0x8721,
    0x8723, 0x8725, 0x8729, 0x8731, 0x8734, 0x8737, 0x873a, 0x873b, 0x873e, 0x873f, 0x8740, 0x8743, 0x8749, 0x874b, 0x874c, 0x874e,
    0x8751, 0x8753, 0x8755, 0x8757, 0x8758, 0x8759, 0x875f, 0x8760, 0x8763, 0x8764, 0x8765, 0x8766, 0x8768, 0x876a, 0x876e, 0x8771,
    0x8772, 0x8774, 0x8776, 0x8778, 0x877c, 0x877f, 0x8782, 0x8787, 0x8788, 0x8789, 0x878b, 0x878d, 0x8793, 0x879f, 0x87a0, 0x87a2,
    0x87a7, 0x87ab, 0x87ac, 0x87ad, 0x87af, 0x87b3, 0x87b5, 0x87ba, 0x87bb, 0x87bd, 0x87be, 0x87c0, 0x87c1, 0x87c4, 0x87c6, 0x87c7,
    0x87cb, 0x87ce, 0x87d0, 0x87d2, 0x87d6, 0x87df, 0x87e0, 0x87e3, 0x87e5, 0x87e6, 0x87ea, 0x87eb, 0x87ec, 0x87ed, 0x87ef, 0x87f2,
    0x87f5, 0x87f6, 0x87f7, 0x87f9, 0x87fb, 0x87fe, 0x8801, 0x8803, 0x8805, 0x8806, 0x880a, 0x880b, 0x880d, 0x880e, 0x880f, 0x8810,
    0x8811, 0x8813, 0x8814, 0x8815, 0x8816, 0x881f, 0x8821, 0x8822, 0x8823, 0x8827, 0x8828, 0x882e, 0x8831, 0x8832, 0x8836, 0x8839,
    0x883b, 0x883c, 0x8840, 0x8842, 0x8844, 0x8846, 0x884a, 0x884c, 0x884d, 0x8852, 0x8853, 0x8857, 0x8858, 0x8859, 0x885b, 0x885d,
    0x885e, 0x885f, 0x8861, 0x8862, 0x8863, 0x8864, 0x8868, 0x8869, 0x886b, 0x886f, 0x8870, 0x8872, 0x8875, 0x8877, 0x887d, 0x887e,
    0x887f, 0x8881, 0x8882, 0x8888, 0x888b, 0x888d, 0x8892, 0x8896, 0x8897, 0x8898, 0x8899, 0x889e, 0x88a0, 0x88a2, 0x88a4, 0x88aa,
    0x88ab, 0x88ae, 0x88b0, 0x88b1, 0x88b4, 0x88b5, 0x88b7, 0x88bc, 0x88bd, 0x88be, 0x88bf, 0x88c0, 0x88c1, 0x88c2, 0x88c3, 0x88c4,
    0x88c5, 0x88ca, 0x88ce, 0x88cf, 0x88d1, 0x88d2, 0x88d3, 0x88d4, 0x88d5, 0x88d8, 0x88d9, 0x88db, 0x88dc, 0x88dd, 0x88df, 0x88e1,
    0x88e8, 0x88f0, 0x88f1, 0x88f2, 0x88f3, 0x88f4, 0x88f5, 0x88f8, 0x88f9, 0x88fc, 0x88fd, 0x88fe, 0x8901, 0x8902, 0x8904, 0x8907,
    0x890a, 0x890c, 0x8910, 0x8912, 0x8913, 0x8918, 0x8919, 0x891a, 0x891c, 0x891d, 0x891e, 0x8925, 0x8927, 0x892a, 0x892b, 0x8930,
    0x8932, 0x8936, 0x8937, 0x8938, 0x8939, 0x893b, 0x8940, 0x8941, 0x8942, 0x8943, 0x8944, 0x8945, 0x8949, 0x894c, 0x894d, 0x8956,
    0x895e, 0x895f, 0x8960, 0x8962, 0x8964, 0x8966, 0x896a, 0x896d, 0x896f, 0x8972, 0x8974, 0x8977, 0x897e, 0x897f, 0x8980, 0x8981,
    0x8983, 0x8986, 0x8987, 0x8988, 0x8989, 0x898a, 0x898b, 0x898f, 0x8990, 0x8993, 0x8994, 0x8996, 0x8997, 0x8998, 0x899a, 0x899f,
    0x89a1, 0x89a6, 0x89a7, 0x89a9, 0x89aa, 0x89ac, 0x89af, 0x89b0, 0x89b2, 0x89b3, 0x89b7, 0x89ba, 0x89bd, 0x89bf, 0x89c0, 0x89d2,
    0x89d4, 0x89d6, 0x89d8, 0x89da, 0x89dc, 0x89dd, 0x89e3, 0x89e5, 0x89e6, 0x89e7, 0x89eb, 0x89f1, 0x89f3, 0x89f4, 0x89f6, 0x89f8,
    0x89fd, 0x89ff, 0x8a00, 0x8a02, 0x8a03, 0x8a08, 0x8a0a, 0x8a0c, 0x8a0e, 0x8a10, 0x8a11, 0x8a12, 0x8a13, 0x8a14, 0x8a15, 0x8a16,
    0x8a17, 0x8a18, 0x8a1b, 0x8a1d, 0x8a1f, 0x8a21, 0x8a22, 0x8a23, 0x8a25, 0x8a2a, 0x8a2d, 0x8a31, 0x8a33, 0x8a34, 0x8a35, 0x8a36,
    0x8a37, 0x8a3a, 0x8a3b, 0x8a3c, 0x8a3e, 0x8a41, 0x8a45, 0x8a46, 0x8a47, 0x8a48, 0x8a4d, 0x8a4e, 0x8a50, 0x8a51, 0x8a52, 0x8a54,
    0x8a55, 0x8a58, 0x8a5b, 0x8a5d, 0x8a5e, 0x8a60, 0x8a61, 0x8a62, 0x8a63, 0x8a66, 0x8a69, 0x8a6b, 0x8a6c, 0x8a6d, 0x8a6e, 0x8a70,
    0x8a71, 0x8a72, 0x8a73, 0x8a75, 0x8a79, 0x8a7c, 0x8a82, 0x8a84, 0x8a85, 0x8a87, 0x8a89, 0x8a8c, 0x8a8d, 0x8a90, 0x8a91, 0x8a93,
    0x8a95, 0x8a98, 0x8a9a, 0x8a9e, 0x8aa0, 0x8aa1, 0x8aa3, 0x8aa4, 0x8aa5, 0x8aa6, 0x8aa7, 0x8aa8, 0x8aac, 0x8aad, 0x8aae, 0x8ab0,
    0x8ab2, 0x8ab7, 0x8ab9, 0x8abc, 0x8abe, 0x8abf, 0x8ac2, 0x8ac4, 0x8ac7, 0x8acb, 0x8acc, 0x8acd, 0x8acf, 0x8ad0, 0x8ad2, 0x8ad6,
    0x8ad7, 0x8ada, 0x8adb, 0x8adc, 0x8ade, 0x8adf, 0x8ae0, 0x8ae1, 0x8ae2, 0x8ae4, 0x8ae6, 0x8ae7, 0x8aeb, 0x8aed, 0x8aee, 0x8af1,
    0x8af3, 0x8af4, 0x8af6, 0x8af7, 0x8af8, 0x8afa, 0x8afc, 0x8afe, 0x8b00, 0x8b01, 0x8b02, 0x8b04, 0x8b05, 0x8b07, 0x8b0a, 0x8b0c,
    0x8b0d, 0x8b0e, 0x8b10, 0x8b14, 0x8b16, 0x8b17, 0x8b19, 0x8b1a, 0x8b1b, 0x8b1c, 0x8b1d, 0x8b1f, 0x8b20, 0x8b21, 0x8b26, 0x8b28,
    0x8b2b, 0x8b2c, 0x8b2d, 0x8b33, 0x8b39, 0x8b3e, 0x8b41, 0x8b43, 0x8b46, 0x8b49, 0x8b4c, 0x8b4e, 0x8b4f, 0x8b51, 0x8b54, 0x8b56,
    0x8b58, 0x8b59, 0x8b5a, 0x8b5b, 0x8b5c, 0x8b5e, 0x8b5f, 0x8b66, 0x8b69, 0x8b6b, 0x8b6c, 0x8b6f, 0x8b70, 0x8b71, 0x8b72, 0x8b74,
    0x8b76, 0x8b77, 0x8b7d, 0x8b7f, 0x8b80, 0x8b81, 0x8b83, 0x8b8a, 0x8b8b, 0x8b8c, 0x8b8e, 0x8b90, 0x8b92, 0x8b93, 0x8b94, 0x8b95,
    0x8b96, 0x8b99, 0x8b9a, 0x8b9c, 0x8b9d, 0x8b9e, 0x8c37, 0x8c39, 0x8c3a, 0x8c3d, 0x8c3f, 0x8c41, 0x8c45, 0x8c46, 0x8c47, 0x8c48,
    0x8c49, 0x8c4a, 0x8c4c, 0x8c4e, 0x8c4f, 0x8c50, 0x8c54, 0x8c55, 0x8c57, 0x8c5a, 0x8c61, 0x8c62, 0x8c68, 0x8c69, 0x8c6a, 0x8c6b,
    0x8c6c, 0x8c6d, 0x8c73, 0x8c78, 0x8c79, 0x8c7a, 0x8c7c, 0x8c82, 0x8c85, 0x8c89, 0x8c8a, 0x8c8c, 0x8c8d, 0x8c8e, 0x8c92, 0x8c93,
    0x8c94, 0x8c98, 0x8c99, 0x8c9b, 0x8c9d, 0x8c9e, 0x8ca0, 0x8ca1, 0x8ca2, 0x8ca4, 0x8ca7, 0x8ca8, 0x8ca9, 0x8caa, 0x8cab, 0x8cac,
    0x8cad, 0x8cae, 0x8caf, 0x8cb0, 0x8cb2, 0x8cb3, 0x8cb4, 0x8cb6, 0x8cb7, 0x8cb8, 0x8cbb, 0x8cbc, 0x8cbd, 0x8cbf, 0x8cc0, 0x8cc1,
    0x8cc2, 0x8cc3, 0x8cc4, 0x8cc7, 0x8cc8, 0x8cca, 0x8ccd, 0x8cce, 0x8cd1, 0x8cd3, 0x8cd5, 0x8cd6, 0x8cd9, 0x8cda, 0x8cdb, 0x8cdc,
    0x8cde, 0x8ce0, 0x8ce1, 0x8ce2, 0x8ce3, 0x8ce4, 0x8ce6, 0x8cea, 0x8ced, 0x8cf0, 0x8cf1, 0x8cf4, 0x8cf8, 0x8cfa, 0x8cfb, 0x8cfc,
    0x8cfd, 0x8cfe, 0x8d04, 0x8d05, 0x8d07, 0x8d08, 0x8d09, 0x8d0a, 0x8d0b, 0x8d0d, 0x8d0e, 0x8d0f, 0x8d10, 0x8d12, 0x8d13, 0x8d14,
    0x8d16, 0x8d1b, 0x8d64, 0x8d66, 0x8d67, 0x8d6b, 0x8d6c, 0x8d6d, 0x8d70, 0x8d71, 0x8d73, 0x8d74, 0x8d77, 0x8d81, 0x8d84, 0x8d85,
    0x8d8a, 0x8d95, 0x8d99, 0x8da3, 0x8da6, 0x8da8, 0x8daf, 0x8db3, 0x8dba, 0x8dbe, 0x8dc2, 0x8dc6, 0x8dc8, 0x8dcb, 0x8dcc, 0x8dce,
    0x8dcf, 0x8dd1, 0x8dd6, 0x8dd7, 0x8dd9, 0x8dda, 0x8ddb, 0x8ddd, 0x8ddf, 0x8de1, 0x8de3, 0x8de8, 0x8dea, 0x8deb, 0x8dec, 0x8def,
    0x8df3, 0x8df5, 0x8dfc, 0x8dfd, 0x8dff, 0x8e06, 0x8e08, 0x8e09, 0x8e0a, 0x8e0c, 0x8e0f, 0x8e10, 0x8e14, 0x8e16, 0x8e1d, 0x8e1e,
    0x8e1f, 0x8e20, 0x8e21, 0x8e22, 0x8e23, 0x8e27, 0x8e2a, 0x8e30, 0x8e34, 0x8e35, 0x8e36, 0x8e39, 0x8e3d, 0x8e42, 0x8e44, 0x8e47,
    0x8e48, 0x8e49, 0x8e4a, 0x8e4b, 0x8e4c, 0x8e50, 0x8e54, 0x8e55, 0x8e59, 0x8e5f, 0x8e60, 0x8e62, 0x8e63, 0x8e64, 0x8e6c, 0x8e6d,
    0x8e6f, 0x8e70, 0x8e72, 0x8e74, 0x8e76, 0x8e7b, 0x8e7c, 0x8e81, 0x8e84, 0x8e85, 0x8e87, 0x8e8a, 0x8e8b, 0x8e8d, 0x8e91, 0x8e93,
    0x8e94, 0x8e98, 0x8e99, 0x8e9e, 0x8ea1, 0x8eaa, 0x8eab, 0x8eac, 0x8eae, 0x8eaf, 0x8eb0, 0x8eb1, 0x8eb3, 0x8eb5, 0x8eb6, 0x8ebb,
    0x8ebe, 0x8ec0, 0x8ec5, 0x8ec6, 0x8ec8, 0x8eca, 0x8ecb, 0x8ecc, 0x8ecd, 0x8ed1, 0x8ed2, 0x8ed4, 0x8edb, 0x8edf, 0x8ee2, 0x8ee3,
    0x8eeb, 0x8ef8, 0x8ef9, 0x8efa, 0x8efb, 0x8efc, 0x8efd, 0x8efe, 0x8f00, 0x8f03, 0x8f05, 0x8f08, 0x8f09, 0x8f0a, 0x8f0c, 0x8f12,
    0x8f13, 0x8f14, 0x8f15, 0x8f17, 0x8f19, 0x8f1b, 0x8f1c, 0x8f1d, 0x8f1e, 0x8f1f, 0x8f26, 0x8f29, 0x8f2a, 0x8f2b, 0x8f2d, 0x8f2f,
    0x8f33, 0x8f36, 0x8f38, 0x8f39, 0x8f3b, 0x8f3e, 0x8f3f, 0x8f40, 0x8f42, 0x8f44, 0x8f45, 0x8f46, 0x8f49, 0x8f4a, 0x8f4c, 0x8f4d,
    0x8f4e, 0x8f54, 0x8f57, 0x8f58, 0x8f5c, 0x8f5f, 0x8f61, 0x8f62, 0x8f63, 0x8f64, 0x8f9b, 0x8f9c, 0x8f9e, 0x8f9f, 0x8fa3, 0x8fa4,
    0x8fa6, 0x8fa7, 0x8fa8, 0x8fad, 0x8fae, 0x8faf, 0x8fb0, 0x8fb1, 0x8fb2, 0x8fb4, 0x8fb5, 0x8fb6, 0x8fb7, 0x8fba, 0x8fbb, 0x8fbc,
    0x8fbf, 0x8fc1, 0x8fc2, 0x8fc4, 0x8fc5, 0x8fc6, 0x8fca, 0x8fcd, 0x8fce, 0x8fd1, 0x8fd3, 0x8fd4, 0x8fd5, 0x8fda, 0x8fe0, 0x8fe2,
    0x8fe4, 0x8fe5, 0x8fe6, 0x8fe8, 0x8fe9, 0x8fea, 0x8feb, 0x8fed, 0x8fee, 0x8fef, 0x8ff0, 0x8ff1, 0x8ff4, 0x8ff5, 0x8ff7, 0x8ff8,
    0x8ff9, 0x8ffa, 0x8ffb, 0x8ffd, 0x9000, 0x9001, 0x9002, 0x9003, 0x9005, 0x9006, 0x9008, 0x900b, 0x900c, 0x900d, 0x900e, 0x900f,
    0x9010, 0x9011, 0x9013, 0x9014, 0x9015, 0x9016, 0x9017, 0x9019, 0x901a, 0x901d, 0x901e, 0x901f, 0x9020, 0x9021, 0x9022, 0x9023,
    0x9027, 0x902d, 0x902e, 0x9031, 0x9032, 0x9035, 0x9036, 0x9037, 0x9038, 0x9039, 0x903c, 0x903e, 0x9041, 0x9042, 0x9043, 0x9044,
    0x9045, 0x9047, 0x9049, 0x904a, 0x904b, 0x904d, 0x904e, 0x904f, 0x9050, 0x9051, 0x9052, 0x9053, 0x9054, 0x9055, 0x9056, 0x9058,
    0x9059, 0x905c, 0x905d, 0x905e, 0x9060, 0x9061, 0x9063, 0x9065, 0x9068, 0x9069, 0x906d, 0x906e, 0x906f, 0x9072, 0x9075, 0x9076,
    0x9077, 0x9078, 0x907a, 0x907c, 0x907d, 0x907f, 0x9080, 0x9081, 0x9082, 0x9083, 0x9084, 0x9085, 0x9087, 0x9088, 0x9089, 0x908a,
    0x908c, 0x908f, 0x9090, 0x9091, 0x9095, 0x9097, 0x9099, 0x909b, 0x90a1, 0x90a2, 0x90a3, 0x90a6, 0x90a8, 0x90aa, 0x90af, 0x90b0,
    0x90b1, 0x90b3, 0x90b5, 0x90b6, 0x90b8, 0x90be, 0x90c1, 0x90c3, 0x90c4, 0x90c5, 0x90c7, 0x90c8, 0x90ca, 0x90ce, 0x90d7, 0x90db,
    0x90dc, 0x90dd, 0x90de, 0x90df, 0x90e1, 0x90e2, 0x90e4, 0x90e8, 0x90eb, 0x90ed, 0x90ef, 0x90f2, 0x90f4, 0x90f5, 0x90f6, 0x90f7,
    0x90fd, 0x90fe, 0x90ff, 0x9100, 0x9102, 0x9104, 0x9106, 0x9112, 0x9114, 0x9115, 0x9116, 0x9118, 0x9119, 0x911c, 0x911e, 0x9122,
    0x9123, 0x9127, 0x912d, 0x912f, 0x9130, 0x9131, 0x9132, 0x9134, 0x9137, 0x9139, 0x913a, 0x913d, 0x9146, 0x9147, 0x9148, 0x9149,
    0x914a, 0x914b, 0x914c, 0x914d, 0x914e, 0x9152, 0x9154, 0x9156, 0x9157, 0x9158, 0x9159, 0x915b, 0x9161, 0x9162, 0x9163, 0x9164,
    0x9165, 0x9169, 0x916a, 0x916c, 0x9172, 0x9173, 0x9174, 0x9175, 0x9177, 0x9178, 0x9179, 0x9182, 0x9183, 0x9185, 0x9187, 0x9189,
    0x918b, 0x918d, 0x918e, 0x9190, 0x9192, 0x9197, 0x919c, 0x919e, 0x91a2, 0x91a4, 0x91a8, 0x91aa, 0x91ab, 0x91ac, 0x91ae, 0x91af,
    0x91b1, 0x91b3, 0x91b4, 0x91b5, 0x91b6, 0x91b8, 0x91ba, 0x91bc, 0x91c0, 0x91c1, 0x91c3, 0x91c4, 0x91c6, 0x91c7, 0x91c8, 0x91c9,
    0x91cb, 0x91cc, 0x91cd, 0x91ce, 0x91cf, 0x91d0, 0x91d1, 0x91d6, 0x91d7, 0x91d8, 0x91da, 0x91db, 0x91dc, 0x91dd, 0x91df, 0x91e1,
    0x91e3, 0x91e4, 0x91e5, 0x91e6, 0x91e7, 0x91ec, 0x91ed, 0x91ee, 0x91f1, 0x91f5, 0x91f6, 0x91fb, 0x91fc, 0x91ff, 0x9201, 0x9207,
    0x920a, 0x920d, 0x920e, 0x9210, 0x9211, 0x9214, 0x9215, 0x9216, 0x9217, 0x921e, 0x9229, 0x922c, 0x9233, 0x9234, 0x9237, 0x9238,
    0x9239, 0x923a, 0x923c, 0x923f, 0x9240, 0x9242, 0x9243, 0x9244, 0x9245, 0x9247, 0x9248, 0x9249, 0x924a, 0x924b, 0x924e, 0x924f,
    0x9250, 0x9251, 0x9256, 0x9257, 0x9259, 0x925a, 0x925b, 0x925e, 0x9260, 0x9261, 0x9262, 0x9264, 0x9265, 0x9266, 0x9267, 0x9268,
    0x9271, 0x9278, 0x927c, 0x927d, 0x927e, 0x927f, 0x9280, 0x9283, 0x9285, 0x9288, 0x9289, 0x928d, 0x9291, 0x9293, 0x9295, 0x9296,
    0x9297, 0x9298, 0x9299, 0x929a, 0x929b, 0x929c, 0x929f, 0x92a7, 0x92ab, 0x92ad, 0x92b2, 0x92b7, 0x92b9, 0x92bf, 0x92c0, 0x92c2,
    0x92c6, 0x92cb, 0x92cc, 0x92ce, 0x92cf, 0x92d0, 0x92d2, 0x92d3, 0x92d7, 0x92d9, 0x92e0, 0x92e4, 0x92e5, 0x92e7, 0x92e9, 0x92ea,
    0x92ed, 0x92f2, 0x92f3, 0x92f7, 0x92f8, 0x92f9, 0x92fa, 0x92fb, 0x92fc, 0x92ff, 0x9302, 0x9304, 0x9306, 0x930d, 0x930f, 0x9310,
    0x9311, 0x9315, 0x9318, 0x9319, 0x931a, 0x931d, 0x931e, 0x931f, 0x9320, 0x9321, 0x9322, 0x9323, 0x9325, 0x9326, 0x9327, 0x9328,
    0x9329, 0x932b, 0x932c, 0x932e, 0x932f, 0x9332, 0x9335, 0x933a, 0x933b, 0x9344, 0x9347, 0x9348, 0x9349, 0x934a, 0x934b, 0x934d,
    0x9351, 0x9354, 0x9356, 0x9357, 0x935a, 0x935b, 0x935c, 0x9360, 0x9364, 0x9365, 0x936a, 0x936b, 0x936c, 0x936e, 0x9370, 0x9371,
    0x9373, 0x9375, 0x937c, 0x937e, 0x9388, 0x938b, 0x938c, 0x938f, 0x9394, 0x9396, 0x9397, 0x939a, 0x939b, 0x939e, 0x93a1, 0x93a3,
    0x93a7, 0x93ac, 0x93ad, 0x93ae, 0x93b0, 0x93b9, 0x93ba, 0x93c1, 0x93c3, 0x93c6, 0x93c7, 0x93c8, 0x93d0, 0x93d1, 0x93d6, 0x93d7,
    0x93d8, 0x93dc, 0x93dd, 0x93de, 0x93df, 0x93e1, 0x93e2, 0x93e4, 0x93e5, 0x93e7, 0x93e8, 0x93f1, 0x93f5, 0x93fb, 0x93fd, 0x9403,
    0x9404, 0x9407, 0x9409, 0x940f, 0x9410, 0x9413, 0x9414, 0x9416, 0x9417, 0x9418, 0x9419, 0x941a, 0x9421, 0x942b, 0x9432, 0x9433,
    0x9434, 0x9435, 0x9436, 0x9438, 0x943a, 0x943b, 0x9441, 0x9444, 0x9445, 0x944a, 0x9451, 0x9452, 0x9453, 0x945a, 0x945b, 0x945e,
    0x9460, 0x9462, 0x9463, 0x946a, 0x946b, 0x946d, 0x946f, 0x9470, 0x9471, 0x9472, 0x9475, 0x9477, 0x947c, 0x947d, 0x947e, 0x947f,
    0x9481, 0x9577, 0x9578, 0x9579, 0x9580, 0x9582, 0x9583, 0x9586, 0x9587, 0x9589, 0x958a, 0x958b, 0x958c, 0x958d, 0x958e, 0x958f,
    0x9591, 0x9593, 0x9594, 0x9596, 0x9598, 0x9599, 0x959f, 0x95a0, 0x95a2, 0x95a3, 0x95a4, 0x95a5, 0x95a6, 0x95a7, 0x95a8, 0x95a9,
    0x95ab, 0x95ac, 0x95ad, 0x95b2, 0x95b4, 0x95b6, 0x95b9, 0x95bb, 0x95bc, 0x95bd, 0x95be, 0x95c3, 0x95c7, 0x95c8, 0x95ca, 0x95cb,
    0x95cc, 0x95cd, 0x95d0, 0x95d3, 0x95d4, 0x95d5, 0x95d6, 0x95d8, 0x95da, 0x95dc, 0x95de, 0x95e1, 0x95e2, 0x95e5, 0x961c, 0x961d,
    0x9621, 0x9628, 0x962a, 0x962c, 0x962e, 0x962f, 0x9632, 0x9633, 0x9634, 0x963b, 0x963c, 0x963f, 0x9640, 0x9641, 0x9642, 0x9644,
    0x964b, 0x964c, 0x964d, 0x964f, 0x9650, 0x9658, 0x965b, 0x965c, 0x965d, 0x965e, 0x965f, 0x9661, 0x9662, 0x9663, 0x9664, 0x9665,
    0x9666, 0x966a, 0x966c, 0x9670, 0x9672, 0x9673, 0x9675, 0x9676, 0x9677, 0x9678, 0x967a, 0x967d, 0x9682, 0x9684, 0x9685, 0x9686,
    0x9688, 0x968a, 0x968b, 0x968d, 0x968e, 0x968f, 0x9694, 0x9695, 0x9697, 0x9698, 0x9699, 0x969a, 0x969b, 0x969c, 0x969d, 0x96a0,
    0x96a3, 0x96a4, 0x96a5, 0x96a7, 0x96a8, 0x96a9, 0x96aa, 0x96af, 0x96b0, 0x96b1, 0x96b2, 0x96b3, 0x96b4, 0x96b6, 0x96b7, 0x96b8,
    0x96b9, 0x96ba, 0x96bb, 0x96bc, 0x96bd, 0x96c0, 0x96c1, 0x96c4, 0x96c5, 0x96c6, 0x96c7, 0x96c9, 0x96cb, 0x96cc, 0x96cd, 0x96ce,
    0x96d1, 0x96d2, 0x96d5, 0x96d6, 0x96d8, 0x96d9, 0x96da, 0x96db, 0x96dc, 0x96dd, 0x96de, 0x96e2, 0x96e3, 0x96e8, 0x96e9, 0x96ea,
    0x96eb, 0x96ef, 0x96f0, 0x96f2, 0x96f6, 0x96f7, 0x96f9, 0x96fb, 0x9700, 0x9704, 0x9706, 0x9707, 0x9708, 0x970a, 0x970d, 0x970e,
    0x970f, 0x9711, 0x9713, 0x9714, 0x9716, 0x9719, 0x971c, 0x971e, 0x9723, 0x9724, 0x9727, 0x972a, 0x9730, 0x9732, 0x9733, 0x9736,
    0x9738, 0x9739, 0x973b, 0x973d, 0x973e, 0x9741, 0x9742, 0x9744, 0x9746, 0x9747, 0x9748, 0x9749, 0x974d, 0x974e, 0x974f, 0x9752,
    0x9755, 0x9756, 0x9757, 0x9759, 0x975a, 0x975b, 0x975c, 0x975e, 0x9760, 0x9761, 0x9762, 0x9764, 0x9766, 0x9768, 0x9769, 0x976a,
    0x976b, 0x976d, 0x976e, 0x9771, 0x9773, 0x9774, 0x9779, 0x977a, 0x977c, 0x9781, 0x9784, 0x9785, 0x9786, 0x978b, 0x978d, 0x978f,
    0x9790, 0x9795, 0x9796, 0x9798, 0x979a, 0x979c, 0x979e, 0x97a0, 0x97a2, 0x97a3, 0x97a6, 0x97a8, 0x97ab, 0x97ad, 0x97ae, 0x97b1,
    0x97b2, 0x97b3, 0x97b4, 0x97ba, 0x97be, 0x97c1, 0x97c3, 0x97c6, 0x97c8, 0x97c9, 0x97cb, 0x97cc, 0x97d1, 0x97d3, 0x97d4, 0x97d8,
    0x97d9, 0x97db, 0x97dc, 0x97de, 0x97e1, 0x97ed, 0x97ee, 0x97f1, 0x97f2, 0x97f3, 0x97f4, 0x97f5, 0x97f6, 0x97fb, 0x97ff, 0x9801,
    0x9802, 0x9803, 0x9804, 0x9805, 0x9806, 0x9808, 0x980a, 0x980c, 0x980d, 0x980e, 0x980f, 0x9810, 0x9811, 0x9812, 0x9813, 0x9814,
    0x9816, 0x9817, 0x9818, 0x981a, 0x981e, 0x9821, 0x9823, 0x9824, 0x9825, 0x982b, 0x982c, 0x982d, 0x9830, 0x9832, 0x9833, 0x9834,
    0x9837, 0x9838, 0x983b, 0x983c, 0x983d, 0x9846, 0x9847, 0x984b, 0x984c, 0x984d, 0x984e, 0x984f, 0x9852, 0x9853, 0x9854, 0x9855,
    0x9856, 0x9857, 0x9858, 0x9859, 0x985a, 0x985b, 0x985e, 0x9865, 0x9866, 0x9867, 0x986b, 0x986c, 0x986f, 0x9870, 0x9871, 0x9873,
    0x9874, 0x98a8, 0x98aa, 0x98ab, 0x98ad, 0x98af, 0x98b0, 0x98b1, 0x98b6, 0x98b7, 0x98b8, 0x98ba, 0x98bb, 0x98bc, 0x98bf, 0x98c2,
    0x98c3, 0x98c4, 0x98c6, 0x98c7, 0x98c8, 0x98cb, 0x98db, 0x98dc, 0x98df, 0x98e0, 0x98e1, 0x98e2, 0x98e3, 0x98e5, 0x98e7, 0x98e9,
    0x98ea, 0x98eb, 0x98ed, 0x98ee, 0x98ef, 0x98f0, 0x98f1, 0x98f2, 0x98f3, 0x98f4, 0x98fc, 0x98fd, 0x98fe, 0x9903, 0x9905, 0x9908,
    0x9909, 0x990a, 0x990c, 0x9910, 0x9912, 0x9913, 0x9914, 0x9916, 0x9917, 0x9918, 0x991a, 0x991b, 0x991c, 0x991d, 0x991e, 0x9920,
    0x9921, 0x9924, 0x9928, 0x992c, 0x992e, 0x9931, 0x9932, 0x9933, 0x993a, 0x993b, 0x993c, 0x993d, 0x993e, 0x9940, 0x9941, 0x9942,
    0x9945, 0x9946, 0x9949, 0x994b, 0x994c, 0x994d, 0x994e, 0x9950, 0x9951, 0x9952, 0x9955, 0x9957, 0x9958, 0x995c, 0x995f, 0x9960,
    0x9996, 0x9997, 0x9998, 0x9999, 0x999e, 0x99a3, 0x99a5, 0x99a6, 0x99a8, 0x99ac, 0x99ad, 0x99ae, 0x99b3, 0x99b4, 0x99b9, 0x99bc,
    0x99bd, 0x99bf, 0x99c1, 0x99c3, 0x99c4, 0x99c5, 0x99c6, 0x99c8, 0x99c9, 0x99d0, 0x99d1, 0x99d2, 0x99d4, 0x99d5, 0x99d8, 0x99d9,
    0x99db, 0x99dd, 0x99de, 0x99df, 0x99e2, 0x99ed, 0x99ee, 0x99f0, 0x99f1, 0x99f2, 0x99f8, 0x99f9, 0x99fb, 0x99fc, 0x99ff, 0x9a01,
    0x9a02, 0x9a03, 0x9a05, 0x9a0a, 0x9a0e, 0x9a0f, 0x9a11, 0x9a12, 0x9a13, 0x9a16, 0x9a19, 0x9a1a, 0x9a20, 0x9a24, 0x9a28, 0x9a2b,
    0x9a2d, 0x9a2e, 0x9a30, 0x9a31, 0x9a36, 0x9a37, 0x9a38, 0x9a3e, 0x9a40, 0x9a42, 0x9a43, 0x9a44, 0x9a45, 0x9a4a, 0x9a4c, 0x9a4d,
    0x9a4e, 0x9a52, 0x9a55, 0x9a57, 0x9a58, 0x9a5a, 0x9a5b, 0x9a5f, 0x9a62, 0x9a64, 0x9a65, 0x9a69, 0x9a6a, 0x9a6b, 0x9aa8, 0x9aad,
    0x9aaf, 0x9ab0, 0x9ab6, 0x9ab7, 0x9ab8, 0x9ab9, 0x9abc, 0x9ac0, 0x9ac1, 0x9ac3, 0x9ac4, 0x9ac6, 0x9ace, 0x9acf, 0x9ad0, 0x9ad1,
    0x9ad2, 0x9ad3, 0x9ad4, 0x9ad5, 0x9ad6, 0x9ad8, 0x9adc, 0x9ade, 0x9adf, 0x9ae0, 0x9ae2, 0x9ae3, 0x9ae5, 0x9ae6, 0x9ae9, 0x9aea,
    0x9aeb, 0x9aed, 0x9aee, 0x9aef, 0x9af1, 0x9af4, 0x9af7, 0x9af9, 0x9afb, 0x9b02, 0x9b03, 0x9b06, 0x9b08, 0x9b0c, 0x9b10, 0x9b12,
    0x9b16, 0x9b18, 0x9b1a, 0x9b1c, 0x9b1f, 0x9b20, 0x9b22, 0x9b23, 0x9b25, 0x9b27, 0x9b28, 0x9b29, 0x9b2a, 0x9b2b, 0x9b2d, 0x9b2e,
    0x9b2f, 0x9b31, 0x9b32, 0x9b33, 0x9b3b, 0x9b3c, 0x9b3d, 0x9b41, 0x9b42, 0x9b43, 0x9b44, 0x9b45, 0x9b4b, 0x9b4d, 0x9b4e, 0x9b4f,
    0x9b51, 0x9b54, 0x9b58, 0x9b5a, 0x9b5e, 0x9b63, 0x9b65, 0x9b66, 0x9b6b, 0x9b6c, 0x9b6f, 0x9b72, 0x9b73, 0x9b74, 0x9b75, 0x9b76,
    0x9b77, 0x9b79, 0x9b83, 0x9b84, 0x9b8a, 0x9b8e, 0x9b8f, 0x9b91, 0x9b92, 0x9b93, 0x9b96, 0x9b97, 0x9b9e, 0x9b9f, 0x9ba0, 0x9ba6,
    0x9ba7, 0x9ba8, 0x9baa, 0x9bab, 0x9bac, 0x9bad, 0x9bae, 0x9bb1, 0x9bb2, 0x9bb4, 0x9bb8, 0x9bb9, 0x9bbe, 0x9bc0, 0x9bc1, 0x9bc6,
    0x9bc7, 0x9bc9, 0x9bca, 0x9bce, 0x9bcf, 0x9bd1, 0x9bd2, 0x9bd4, 0x9bd6, 0x9bd8, 0x9bdb, 0x9bdd, 0x9be1, 0x9be2, 0x9be3, 0x9be4,
    0x9be5, 0x9be7, 0x9be8, 0x9bea, 0x9beb, 0x9bee, 0x9bef, 0x9bf0, 0x9bf1, 0x9bf2, 0x9bf3, 0x9bf5, 0x9bf7, 0x9bf8, 0x9bfa, 0x9bfd,
    0x9c00, 0x9c04, 0x9c06, 0x9c08, 0x9c09, 0x9c0a, 0x9c0c, 0x9c0d, 0x9c10, 0x9c12, 0x9c13, 0x9c14, 0x9c15, 0x9c16, 0x9c18, 0x9c19,
    0x9c1a, 0x9c1b, 0x9c1d, 0x9c21, 0x9c22, 0x9c23, 0x9c24, 0x9c25, 0x9c27, 0x9c29, 0x9c2a, 0x9c2d, 0x9c2e, 0x9c2f, 0x9c30, 0x9c31,
    0x9c32, 0x9c36, 0x9c37, 0x9c39, 0x9c3a, 0x9c3b, 0x9c3e, 0x9c41, 0x9c45, 0x9c46, 0x9c47, 0x9c48, 0x9c49, 0x9c4a, 0x9c4f, 0x9c50,
    0x9c52, 0x9c53, 0x9c54, 0x9c57, 0x9c58, 0x9c5a, 0x9c5b, 0x9c5c, 0x9c5d, 0x9c5f, 0x9c60, 0x9c63, 0x9c65, 0x9c67, 0x9c69, 0x9c6a,
    0x9c6b, 0x9c6d, 0x9c6e, 0x9c70, 0x9c72, 0x9c75, 0x9c76, 0x9c77, 0x9c78, 0x9c7a, 0x9ce5, 0x9ce6, 0x9ce7, 0x9ce9, 0x9ceb, 0x9cec,
    0x9cf0, 0x9cf2, 0x9cf3, 0x9cf4, 0x9cf6, 0x9d02, 0x9d03, 0x9d06, 0x9d07, 0x9d08, 0x9d09, 0x9d0b, 0x9d0e, 0x9d11, 0x9d12, 0x9d15,
    0x9d17, 0x9d18, 0x9d1b, 0x9d1d, 0x9d1e, 0x9d1f, 0x9d23, 0x9d26, 0x9d28, 0x9d2a, 0x9d2b, 0x9d2c, 0x9d32, 0x9d3b, 0x9d3e, 0x9d3f,
    0x9d41, 0x9d42, 0x9d43, 0x9d44, 0x9d46, 0x9d47, 0x9d48, 0x9d4a, 0x9d50, 0x9d51, 0x9d52, 0x9d59, 0x9d5c, 0x9d5d, 0x9d5e, 0x9d5f,
    0x9d60, 0x9d61, 0x9d62, 0x9d63, 0x9d64, 0x9d69, 0x9d6b, 0x9d6c, 0x9d6f, 0x9d70, 0x9d72, 0x9d73, 0x9d76, 0x9d77, 0x9d7a, 0x9d7c,
    0x9d7e, 0x9d84, 0x9d87, 0x9d89, 0x9d8a, 0x9d8d, 0x9d8f, 0x9d96, 0x9d99, 0x9d9a, 0x9da1, 0x9da4, 0x9da9, 0x9dab, 0x9dac, 0x9daf,
    0x9db2, 0x9db4, 0x9db5, 0x9db8, 0x9db9, 0x9dba, 0x9dbb, 0x9dbc, 0x9dbd, 0x9dbf, 0x9dc0, 0x9dc1, 0x9dc2, 0x9dc3, 0x9dc4, 0x9dc6,
    0x9dc7, 0x9dc9, 0x9dcf, 0x9dd3, 0x9dd6, 0x9dd7, 0x9dd9, 0x9dda, 0x9ddf, 0x9de0, 0x9de3, 0x9de6, 0x9de7, 0x9ded, 0x9def, 0x9df2,
    0x9df4, 0x9df8, 0x9df9, 0x9dfa, 0x9dfd, 0x9e02, 0x9e07, 0x9e0a, 0x9e0d, 0x9e15, 0x9e19, 0x9e1a, 0x9e1b, 0x9e1c, 0x9e1d, 0x9e1e,
    0x9e75, 0x9e78, 0x9e79, 0x9e7b, 0x9e7c, 0x9e7d, 0x9e7f, 0x9e80, 0x9e81, 0x9e85, 0x9e88, 0x9e8b, 0x9e8c, 0x9e91, 0x9e92, 0x9e93,
    0x9e95, 0x9e97, 0x9e9b, 0x9e9d, 0x9e9e, 0x9e9f, 0x9ea4, 0x9ea5, 0x9ea6, 0x9ea8, 0x9ea9, 0x9eaa, 0x9eac, 0x9ead, 0x9eaf, 0x9eb4,
    0x9eb5, 0x9eb8, 0x9eb9, 0x9eba, 0x9ebb, 0x9ebc, 0x9ebd, 0x9ebe, 0x9ebf, 0x9ec3, 0x9ec4, 0x9ecc, 0x9ecd, 0x9ece, 0x9ecf, 0x9ed0,
    0x9ed1, 0x9ed2, 0x9ed4, 0x9ed8, 0x9ed9, 0x9edb, 0x9edc, 0x9edd, 0x9ede, 0x9edf, 0x9ee0, 0x9ee5, 0x9ee7, 0x9ee8, 0x9eee, 0x9eef,
    0x9ef4, 0x9ef6, 0x9ef7, 0x9ef9, 0x9efb, 0x9efc, 0x9efd, 0x9eff, 0x9f02, 0x9f03, 0x9f07, 0x9f08, 0x9f0e, 0x9f10, 0x9f13, 0x9f15,
    0x9f17, 0x9f19, 0x9f20, 0x9f21, 0x9f2c, 0x9f2f, 0x9f37, 0x9f39, 0x9f3a, 0x9f3b, 0x9f3d, 0x9f3e, 0x9f41, 0x9f45, 0x9f46, 0x9f4a,
    0x9f4b, 0x9f4e, 0x9f4f, 0x9f52, 0x9f53, 0x9f54, 0x9f55, 0x9f57, 0x9f58, 0x9f5d, 0x9f5f, 0x9f60, 0x9f61, 0x9f62, 0x9f63, 0x9f66,
    0x9f67, 0x9f69, 0x9f6a, 0x9f6c, 0x9f6d, 0x9f70, 0x9f72, 0x9f75, 0x9f76, 0x9f77, 0x9f8d, 0x9f90, 0x9f94, 0x9f95, 0x9f97, 0x9f9c,
    0x9f9d, 0x9fa0, 0x9fa2, 0xf91d, 0xf928, 0xf929, 0xf936, 0xf970, 0xf9d0, 0xf9dc, 0xfa0f, 0xfa10, 0xfa11, 0xfa13, 0xfa14, 0xfa15,
    0xfa16, 0xfa19, 0xfa1a, 0xfa1b, 0xfa1f, 0xfa20, 0xfa21, 0xfa22, 0xfa24, 0xfa26, 0xfa30, 0xfa31, 0xfa32, 0xfa33, 0xfa34, 0xfa35,
    0xfa36, 0xfa37, 0xfa38, 0xfa39, 0xfa3a, 0xfa3b, 0xfa3c, 0xfa3d, 0xfa3e, 0xfa3f, 0xfa40, 0xfa41, 0xfa42, 0xfa43, 0xfa44, 0xfa45,
    0xfa46, 0xfa47, 0xfa48, 0xfa49, 0xfa4a, 0xfa4b, 0xfa4c, 0xfa4d, 0xfa4e, 0xfa4f, 0xfa50, 0xfa51, 0xfa52, 0xfa53, 0xfa54, 0xfa55,
    0xfa56, 0xfa57, 0xfa58, 0xfa59, 0xfa5a, 0xfa5b, 0xfa5c, 0xfa5d, 0xfa5e, 0xfa5f, 0xfa60, 0xfa61, 0xfa62, 0xfa63, 0xfa64, 0xfa65,
    0xfa66, 0xfa67, 0xfa68, 0xfa69, 0xfa6a, 0xfe45, 0xfe46, 0xff01, 0xff02, 0xff03, 0xff04, 0xff05, 0xff06, 0xff07, 0xff08, 0xff09,
    0xff0a, 0xff0b, 0xff0c, 0xff0d, 0xff0e, 0xff0f, 0xff10, 0xff11, 0xff12, 0xff13, 0xff14, 0xff15, 0xff16, 0xff17, 0xff18, 0xff19,
    0xff1a, 0xff1b, 0xff1c, 0xff1d, 0xff1e, 0xff1f, 0xff20, 0xff21, 0xff22, 0xff23, 0xff24, 0xff25, 0xff26, 0xff27, 0xff28, 0xff29,
    0xff2a, 0xff2b, 0xff2c, 0xff2d, 0xff2e, 0xff2f, 0xff30, 0xff31, 0xff32, 0xff33, 0xff34, 0xff35, 0xff36, 0xff37, 0xff38, 0xff39,
    0xff3a, 0xff3b, 0xff3c, 0xff3d, 0xff3e, 0xff3f, 0xff40, 0xff41, 0xff42, 0xff43, 0xff44, 0xff45, 0xff46, 0xff47, 0xff48, 0xff49,
    0xff4a, 0xff4b, 0xff4c, 0xff4d, 0xff4e, 0xff4f, 0xff50, 0xff51, 0xff52, 0xff53, 0xff54, 0xff55, 0xff56, 0xff57, 0xff58, 0xff59,
    0xff5a, 0xff5b, 0xff5c, 0xff5d, 0xff5e, 0xff5f, 0xff60, 0xff61, 0xff62, 0xff63, 0xff64, 0xff65, 0xff66, 0xff67, 0xff68, 0xff69,
    0xff6a, 0xff6b, 0xff6c, 0xff6d, 0xff6e, 0xff6f, 0xff70, 0xff71, 0xff72, 0xff73, 0xff74, 0xff75, 0xff76, 0xff77, 0xff78, 0xff79,
    0xff7a, 0xff7b, 0xff7c, 0xff7d, 0xff7e, 0xff7f, 0xff80, 0xff81, 0xff82, 0xff83, 0xff84, 0xff85, 0xff86, 0xff87, 0xff88, 0xff89,
    0xff8a, 0xff8b, 0xff8c, 0xff8d, 0xff8e, 0xff8f, 0xff90, 0xff91, 0xff92, 0xff93, 0xff94, 0xff95, 0xff96, 0xff97, 0xff98, 0xff99,
    0xff9a, 0xff9b, 0xff9c, 0xff9d, 0xff9e, 0xff9f, 0xffe3, 0xffe5,
];
pub static ENC_POS: [u16; 11096] = [
    0x0000, 0x0001, 0x0002, 0x0003, 0x0004, 0x0005, 0x0006, 0x0007, 0x0008, 0x0009, 0x000a, 0x000b, 0x000c, 0x000d, 0x000e, 0x000f,
    0x0010, 0x0011, 0x0012, 0x0013, 0x0014, 0x0015, 0x0016, 0x0017, 0x0018, 0x0019, 0x001a, 0x001b, 0x001c, 0x001d, 0x001e, 0x001f,
    0x0020, 0x0021, 0x0022, 0x0023, 0x0024, 0x0025, 0x0026, 0x0027, 0x0028, 0x0029, 0x002a, 0x002b, 0x002c, 0x002d, 0x002e, 0x002f,
    0x0030, 0x0031, 0x0032, 0x0033, 0x0034, 0x0035, 0x0036, 0x0037, 0x0038, 0x0039, 0x003a, 0x003b, 0x003c, 0x003d, 0x003e, 0x003f,
    0x0040, 0x0041, 0x0042, 0x0043, 0x0044, 0x0045, 0x0046, 0x0047, 0x0048, 0x0049, 0x004a, 0x004b, 0x004c, 0x004d, 0x004e, 0x004f,
    0x0050, 0x0051, 0x0052, 0x0053, 0x0054, 0x0055, 0x0056, 0x0057, 0x0058, 0x0059, 0x005a, 0x005b, 0x005d, 0x005e, 0x005f, 0x0060,
    0x0061, 0x0062, 0x0063, 0x0064, 0x0065, 0x0066, 0x0067, 0x0068, 0x0069, 0x006a, 0x006b, 0x006c, 0x006d, 0x006e, 0x006f, 0x0070,
    0x0071, 0x0072, 0x0073, 0x0074, 0x0075, 0x0076, 0x0077, 0x0078, 0x0079, 0x007a, 0x007b, 0x007c, 0x007d, 0x007f, 0x03f5, 0x03f6,
    0x0151, 0x0152, 0x03f7, 0x005c, 0x03f8, 0x0158, 0x010e, 0x03f9, 0x03fa, 0x03fb, 0x018a, 0x03fc, 0x03fd, 0x03fe, 0x014b, 0x013d,
    0x03ff, 0x0400, 0x010c, 0x01b7, 0x0401, 0x0402, 0x0403, 0x0404, 0x0405, 0x0406, 0x0407, 0x0408, 0x0409, 0x040a, 0x040b, 0x040c,
    0x040d, 0x040e, 0x040f, 0x0410, 0x0411, 0x0412, 0x0413, 0x0414, 0x0415, 0x0416, 0x0417, 0x0418, 0x0419, 0x041a, 0x041b, 0x041c,
    0x041d, 0x041e, 0x041f, 0x0420, 0x013e, 0x0421, 0x0422, 0x0423, 0x0424, 0x0425, 0x0426, 0x0427, 0x0428, 0x0429, 0x042a, 0x042b,
    0x042c, 0x042d, 0x042e, 0x042f, 0x0430, 0x0431, 0x0432, 0x0434, 0x0435, 0x0436, 0x0437, 0x0438, 0x0439, 0x043a, 0x043b, 0x043c,
    0x043d, 0x043e, 0x043f, 0x0440, 0x0140, 0x0441, 0x0442, 0x0443, 0x0444, 0x0445, 0x0446, 0x0447, 0x0448, 0x0449, 0x044e, 0x046c,
    0x047b, 0x0453, 0x045e, 0x046e, 0x047d, 0x048b, 0x0491, 0x046f, 0x047e, 0x0472, 0x0481, 0x0482, 0x044c, 0x0451, 0x0470, 0x047f,
    0x0471, 0x0480, 0x048c, 0x0492, 0x048d, 0x0493, 0x04af, 0x044a, 0x044f, 0x048e, 0x0494, 0x046d, 0x047c, 0x0456, 0x0461, 0x0455,
    0x0460, 0x0473, 0x0483, 0x0474, 0x0484, 0x04ac, 0x044d, 0x0452, 0x0475, 0x0485, 0x04bb, 0x04ba, 0x046b, 0x047a, 0x0476, 0x0486,
    0x0457, 0x0462, 0x048f, 0x0495, 0x0459, 0x0465, 0x0458, 0x0464, 0x0479, 0x0489, 0x045a, 0x0466, 0x044b, 0x0450, 0x0490, 0x0496,
    0x0477, 0x0487, 0x0478, 0x0488, 0x045b, 0x0467, 0x045d, 0x046a, 0x045c, 0x0469, 0x04b9, 0x04b4, 0x03e4, 0x03e5, 0x03e6, 0x03eb,
    0x03ec, 0x03ed, 0x03ee, 0x03ef, 0x03f0, 0x03f1, 0x03e9, 0x03ea, 0x04d5, 0x04c3, 0x04c9, 0x04ca, 0x04b5, 0x04c8, 0x04cf, 0x04a0,
    0x04b6, 0x04be, 0x04c0, 0x04d3, 0x04c1, 0x04c2, 0x04a7, 0x04b8, 0x04ab, 0x04c6, 0x04cc, 0x04b2, 0x04d2, 0x04bc, 0x049c, 0x04a6,
    0x049d, 0x04c4, 0x04ad, 0x0497, 0x04a8, 0x04a1, 0x04bf, 0x049e, 0x04d1, 0x04a5, 0x04a2, 0x0499, 0x04ae, 0x04a3, 0x049a, 0x04b7,
    0x049f, 0x04bd, 0x04c5, 0x0498, 0x04c7, 0x04cb, 0x04aa, 0x04a4, 0x04d0, 0x049b, 0x04b1, 0x04b0, 0x04b3, 0x04a9, 0x04ce, 0x04cd,
    0x0463, 0x04e3, 0x04e4, 0x04e5, 0x04e6, 0x0454, 0x048a, 0x045f, 0x0468, 0x0502, 0x04f1, 0x04f2, 0x04f3, 0x04f4, 0x04f5, 0x04ec,
    0x04ea, 0x04ef, 0x050e, 0x04eb, 0x04e7, 0x04fe, 0x04e9, 0x04ee, 0x04ed, 0x0509, 0x050a, 0x050f, 0x04fb, 0x0507, 0x0508, 0x04fc,
    0x04fd, 0x0503, 0x04f8, 0x0500, 0x050b, 0x04f9, 0x0501, 0x0504, 0x0506, 0x04fa, 0x050c, 0x050d, 0x0505, 0x04ff, 0x04e2, 0x02d9,
    0x02da, 0x02db, 0x02dc, 0x02dd, 0x02de, 0x02df, 0x02e0, 0x02e1, 0x02e2, 0x02e3, 0x02e4, 0x02e5, 0x02e6, 0x02e7, 0x02e8, 0x02e9,
    0x02ea, 0x02eb, 0x02ec, 0x02ed, 0x02ee, 0x02ef, 0x02f0, 0x02f9, 0x02fa, 0x02fb, 0x02fc, 0x02fd, 0x02fe, 0x02ff, 0x0300, 0x0301,
    0x0302, 0x0303, 0x0304, 0x0305, 0x0306, 0x0307, 0x0308, 0x0309, 0x0311, 0x030a, 0x030b, 0x030c, 0x030d, 0x030e, 0x030f, 0x0310,
    0x033d, 0x0337, 0x0338, 0x0339, 0x033a, 0x033b, 0x033c, 0x033e, 0x033f, 0x0340, 0x0341, 0x0342, 0x0343, 0x0344, 0x0345, 0x0346,
    0x0347, 0x0348, 0x0349, 0x034a, 0x034b, 0x034c, 0x034d, 0x034e, 0x034f, 0x0350, 0x0351, 0x0352, 0x0353, 0x0354, 0x0355, 0x0356,
    0x0357, 0x0367, 0x0368, 0x0369, 0x036a, 0x036b, 0x036c, 0x036e, 0x036f, 0x0370, 0x0371, 0x0372, 0x0373, 0x0374, 0x0375, 0x0377,
    0x0378, 0x0379, 0x037a, 0x037b, 0x037c, 0x037d, 0x037e, 0x037f, 0x0380, 0x0381, 0x0382, 0x0383, 0x0384, 0x0385, 0x0386, 0x0387,
    0x0388, 0x036d, 0x03e7, 0x03e8, 0x04d6, 0x04d7, 0x04e0, 0x04e1, 0x011d, 0x0219, 0x011c, 0x0121, 0x0125, 0x0126, 0x0127, 0x0128,
    0x01b5, 0x01b6, 0x01dc, 0x0124, 0x0123, 0x01b1, 0x014c, 0x014d, 0x0166, 0x03e0, 0x007e, 0x04e8, 0x056d, 0x03e1, 0x03e2, 0x03e3,
    0x056c, 0x03f4, 0x014e, 0x01f9, 0x01fb, 0x05b0, 0x05b2, 0x01fd, 0x01b0, 0x01f8, 0x038f, 0x0390, 0x0391, 0x0582, 0x0583, 0x0584,
    0x0585, 0x0586, 0x0587, 0x0588, 0x0589, 0x058a, 0x058b, 0x058c, 0x05a4, 0x0524, 0x0525, 0x0526, 0x0527, 0x0528, 0x0529, 0x052a,
    0x052b, 0x052c, 0x052d, 0x052e, 0x052f, 0x0169, 0x016a, 0x0168, 0x016b, 0x01af, 0x01c3, 0x01c1, 0x01c2, 0x01c4, 0x01c5, 0x018b,
    0x018c, 0x01c7, 0x01c8, 0x01c6, 0x01c9, 0x018d, 0x019d, 0x018e, 0x0185, 0x019e, 0x0178, 0x0184, 0x0179, 0x013c, 0x01f7, 0x01a3,
    0x01a5, 0x0147, 0x05c6, 0x019a, 0x0192, 0x0193, 0x0188, 0x0189, 0x017f, 0x017e, 0x01a7, 0x01a8, 0x05c1, 0x0148, 0x01a6, 0x01a4,
    0x01aa, 0x01ab, 0x01ac, 0x01a0, 0x0142, 0x019f, 0x01a9, 0x0145, 0x0146, 0x01a1, 0x01a2, 0x01ad, 0x01ae, 0x017c, 0x017d, 0x0180,
    0x0181, 0x017a, 0x017b, 0x0182, 0x0183, 0x018f, 0x0190, 0x0191, 0x019b, 0x05c7, 0x038d, 0x038e, 0x0186, 0x0187, 0x019c, 0x0393,
    0x0358, 0x0359, 0x035a, 0x035b, 0x035c, 0x035d, 0x035e, 0x035f, 0x0360, 0x0361, 0x0362, 0x0363, 0x0364, 0x0365, 0x0366, 0x0395,
    0x0394, 0x056e, 0x056f, 0x0570, 0x0571, 0x0572, 0x0573, 0x0574, 0x0575, 0x0576, 0x0577, 0x0578, 0x0579, 0x057a, 0x057b, 0x057c,
    0x057d, 0x057e, 0x057f, 0x0580, 0x0581, 0x0530, 0x0531, 0x0532, 0x0533, 0x0534, 0x0535, 0x0536, 0x0537, 0x0538, 0x0539, 0x053a,
    0x053b, 0x053c, 0x053d, 0x053e, 0x053f, 0x0540, 0x0541, 0x0542, 0x0543, 0x0544, 0x0545, 0x0546, 0x0547, 0x0548, 0x0549, 0x051a,
    0x051b, 0x051c, 0x051d, 0x051e, 0x051f, 0x0520, 0x0521, 0x0522, 0x0523, 0x0312, 0x0313, 0x0314, 0x0315, 0x0316, 0x0317, 0x0318,
    0x0319, 0x031a, 0x031b, 0x0396, 0x03a1, 0x0397, 0x03a2, 0x0398, 0x03a3, 0x0399, 0x03a4, 0x039b, 0x03a6, 0x039a, 0x03a5, 0x039c,
    0x03b1, 0x03ac, 0x03a7, 0x039e, 0x03b3, 0x03ae, 0x03a9, 0x039d, 0x03ad, 0x03b2, 0x03a8, 0x039f, 0x03af, 0x03b4, 0x03aa, 0x03a0,
    0x03b0, 0x03b5, 0x03ab, 0x0161, 0x0160, 0x0325, 0x0163, 0x0162, 0x01be, 0x01bd, 0x0165, 0x0164, 0x01c0, 0x01bf, 0x015f, 0x015e,
    0x01d7, 0x015b, 0x015d, 0x015c, 0x03dc, 0x03dd, 0x03de, 0x03df, 0x01db, 0x01bc, 0x0320, 0x0321, 0x0322, 0x0323, 0x015a, 0x0159,
    0x031f, 0x031c, 0x031d, 0x05cc, 0x014a, 0x0149, 0x02f2, 0x02f5, 0x02f3, 0x02f8, 0x02f1, 0x02f6, 0x02f4, 0x02f7, 0x0324, 0x01bb,
    0x01b4, 0x01b9, 0x01ba, 0x01b3, 0x01b8, 0x01b2, 0x0392, 0x05cb, 0x0510, 0x0511, 0x0512, 0x0513, 0x0514, 0x0515, 0x0516, 0x0517,
    0x0518, 0x0519, 0x01ca, 0x01cb, 0x01d6, 0x021a, 0x021b, 0x0100, 0x0101, 0x0102, 0x0116, 0x0118, 0x0119, 0x011a, 0x0131, 0x0132,
    0x0133, 0x0134, 0x0135, 0x0136, 0x0137, 0x0138, 0x0139, 0x013a, 0x0167, 0x016c, 0x012b, 0x012c, 0x0198, 0x0199, 0x0196, 0x0197,
    0x0120, 0x05ae, 0x05af, 0x031e, 0x0171, 0x0172, 0x0173, 0x0174, 0x0175, 0x01d8, 0x021c, 0x021d, 0x021e, 0x021f, 0x0220, 0x0221,
    0x0222, 0x0223, 0x0224, 0x0225, 0x0226, 0x0227, 0x0228, 0x0229, 0x022a, 0x022b, 0x022c, 0x022d, 0x022e, 0x022f, 0x0230, 0x0231,
    0x0232, 0x0233, 0x0234, 0x0235, 0x0236, 0x0237, 0x0238, 0x0239, 0x023a, 0x023b, 0x023c, 0x023d, 0x023e, 0x023f, 0x0240, 0x0241,
    0x0242, 0x0243, 0x0244, 0x0245, 0x0246, 0x0247, 0x0248, 0x0249, 0x024a, 0x024b, 0x024c, 0x024d, 0x024e, 0x024f, 0x0250, 0x0251,
    0x0252, 0x0253, 0x0254, 0x0255, 0x0256, 0x0257, 0x0258, 0x0259, 0x025a, 0x025b, 0x025c, 0x025d, 0x025e, 0x025f, 0x0260, 0x0261,
    0x0262, 0x0263, 0x0264, 0x0265, 0x0266, 0x0267, 0x0268, 0x0269, 0x026a, 0x026b, 0x026c, 0x026d, 0x026e, 0x026f, 0x0270, 0x0271,
    0x010a, 0x010b, 0x0114, 0x0115, 0x0177, 0x0218, 0x027a, 0x027b, 0x027c, 0x027d, 0x027e, 0x027f, 0x0280, 0x0281, 0x0282, 0x0283,
    0x0284, 0x0285, 0x0286, 0x0287, 0x0288, 0x0289, 0x028a, 0x028b, 0x028c, 0x028d, 0x028e, 0x028f, 0x0290, 0x0291, 0x0292, 0x0293,
    0x0294, 0x0295, 0x0296, 0x0297, 0x0298, 0x0299, 0x029a, 0x029b, 0x029c, 0x029d, 0x029e, 0x029f, 0x02a0, 0x02a1, 0x02a2, 0x02a3,
    0x02a4, 0x02a5, 0x02a6, 0x02a7, 0x02a8, 0x02a9, 0x02aa, 0x02ab, 0x02ac, 0x02ad, 0x02ae, 0x02af, 0x02b0, 0x02b1, 0x02b2, 0x02b3,
    0x02b4, 0x02b5, 0x02b6, 0x02b7, 0x02b8, 0x02ba, 0x02bb, 0x02bc, 0x02bd, 0x02be, 0x02bf, 0x02c0, 0x02c1, 0x02c2, 0x02c3, 0x02c4,
    0x02c5, 0x02c6, 0x02c7, 0x02c8, 0x02c9, 0x02ca, 0x02cb, 0x02cc, 0x02cd, 0x02ce, 0x02cf, 0x02d0, 0x0389, 0x038a, 0x038b, 0x038c,
    0x0105, 0x011b, 0x0112, 0x0113, 0x0176, 0x0326, 0x0327, 0x0328, 0x0329, 0x032a, 0x032b, 0x032c, 0x032d, 0x032e, 0x032f, 0x0331,
    0x0332, 0x0333, 0x0334, 0x0335, 0x0336, 0x05b8, 0x05b9, 0x05ba, 0x03b6, 0x03b7, 0x03b8, 0x03b9, 0x03ba, 0x03bb, 0x03bc, 0x03bd,
    0x03be, 0x03bf, 0x03c0, 0x03c1, 0x03c2, 0x03c3, 0x03c4, 0x05b3, 0x05b4, 0x05b5, 0x05b6, 0x05b7, 0x03c5, 0x03c6, 0x03c7, 0x03c8,
    0x03c9, 0x03ca, 0x03cb, 0x03cc, 0x03cd, 0x03ce, 0x03cf, 0x03d0, 0x03d1, 0x03d2, 0x03d3, 0x054a, 0x054b, 0x054c, 0x054d, 0x054e,
    0x054f, 0x0550, 0x0551, 0x0552, 0x0553, 0x0554, 0x0555, 0x0556, 0x0557, 0x0558, 0x0559, 0x055a, 0x055b, 0x055c, 0x055d, 0x0560,
    0x055f, 0x0562, 0x0561, 0x055e, 0x0593, 0x0597, 0x058e, 0x0591, 0x058f, 0x0599, 0x0598, 0x0592, 0x059a, 0x0594, 0x059c, 0x058d,
    0x059b, 0x0590, 0x0595, 0x0596, 0x05ac, 0x05bd, 0x05bc, 0x05bb, 0x05a0, 0x05a1, 0x059d, 0x059e, 0x059f, 0x05a3, 0x05a2, 0x01fa,
    0x05b1, 0x05cf, 0x52ff, 0x5304, 0x5305, 0x5330, 0x5328, 0x5351, 0x05ff, 0x53ba, 0x58c4, 0x53be, 0x0607, 0x53d7, 0x53ec, 0x53ed,
    0x53f1, 0x53f7, 0x5411, 0x5414, 0x541d, 0x5426, 0x5430, 0x5438, 0x5467, 0x548b, 0x548f, 0x548d, 0x54a3, 0x5354, 0x5356, 0x535a,
    0x5359, 0x535d, 0x1239, 0x536f, 0x124a, 0x5387, 0x538a, 0x538d, 0x538f, 0x53a0, 0x53a2, 0x53a5, 0x53aa, 0x53ac, 0x54e6, 0x54f1,
    0x54f5, 0x550b, 0x5564, 0x5568, 0x557b, 0x559e, 0x5586, 0x5596, 0x559a, 0x559c, 0x4f6a, 0x55d5, 0x55cd, 0x55ee, 0x55ef, 0x55f2,
    0x55fa, 0x4fa0, 0x4fa1, 0x560e, 0x5623, 0x4fba, 0x563e, 0x5660, 0x5667, 0x5696, 0x56a3, 0x56c3, 0x56d7, 0x56f4, 0x56fb, 0x570a,
    0x5045, 0x5721, 0x5723, 0x5724, 0x572b, 0x5732, 0x5774, 0x508a, 0x5786, 0x5788, 0x579c, 0x57a8, 0x57ad, 0x57c1, 0x57cc, 0x57d8,
    0x5803, 0x5813, 0x5816, 0x581c, 0x5830, 0x5834, 0x5844, 0x5848, 0x5845, 0x5850, 0x5854, 0x5109, 0x5887, 0x5892, 0x5897, 0x58aa,
    0x58b9, 0x58bd, 0x58f8, 0x58fc, 0x5902, 0x5904, 0x5906, 0x5909, 0x5153, 0x5154, 0x5927, 0x5929, 0x5932, 0x594e, 0x594b, 0x594d,
    0x5972, 0x596d, 0x5986, 0x5987, 0x51a9, 0x59c6, 0x59e4, 0x51b9, 0x59fa, 0x5a10, 0x5a19, 0x5a24, 0x5a29, 0x5a41, 0x5a5d, 0x5a73,
    0x5a7d, 0x5202, 0x5a90, 0x5aba, 0x526d, 0x5b5c, 0x5b62, 0x5b67, 0x5b6a, 0x5b87, 0x5ba5, 0x5bd4, 0x5bd6, 0x5bd8, 0x5bdf, 0x52b2,
    0x5bed, 0x5c37, 0x5c3a, 0x5c58, 0x5c6d, 0x06d5, 0x0de7, 0x52f4, 0x0b0e, 0x10dd, 0x0bfa, 0x0aa8, 0x0bf9, 0x0762, 0x0ff7, 0x115c,
    0x52f5, 0x125b, 0x06f6, 0x52f6, 0x07f3, 0x125c, 0x0c75, 0x1338, 0x0897, 0x103c, 0x0bfb, 0x11ba, 0x1044, 0x05d0, 0x52f7, 0x125d,
    0x52f8, 0x5710, 0x0dd3, 0x52f9, 0x05d1, 0x05d2, 0x125e, 0x091a, 0x125f, 0x0840, 0x0d9c, 0x0b3e, 0x1260, 0x1261, 0x52fa, 0x1262,
    0x0f1b, 0x0898, 0x52fb, 0x52fc, 0x0f1d, 0x0eeb, 0x09a0, 0x1093, 0x52fe, 0x4afc, 0x1263, 0x0bfc, 0x1264, 0x075b, 0x5301, 0x0905,
    0x09cd, 0x1128, 0x1496, 0x5302, 0x118e, 0x0f05, 0x0808, 0x0876, 0x1265, 0x1266, 0x11b7, 0x115a, 0x0d18, 0x1268, 0x0aef, 0x0efb,
    0x05d3, 0x126b, 0x0705, 0x09bc, 0x09bb, 0x06cf, 0x1225, 0x1224, 0x0a4d, 0x068a, 0x5303, 0x126c, 0x126d, 0x126e, 0x1094, 0x126f,
    0x09cf, 0x06d0, 0x10d3, 0x08be, 0x08bf, 0x08c0, 0x0e2d, 0x11b8, 0x1270, 0x1271, 0x1272, 0x5306, 0x0c3f, 0x5307, 0x5309, 0x0b6f,
    0x0c40, 0x1277, 0x530a, 0x1275, 0x1276, 0x0899, 0x530b, 0x0a3d, 0x0796, 0x1274, 0x1273, 0x102b, 0x530c, 0x0abe, 0x0abd, 0x0d4c,
    0x1278, 0x0ff8, 0x0cb8, 0x530e, 0x0117, 0x1279, 0x127b, 0x05d4, 0x0d73, 0x11dd, 0x06b3, 0x530d, 0x127a, 0x0764, 0x08e4, 0x530f,
    0x0dd4, 0x5310, 0x096e, 0x127c, 0x0f0a, 0x05d5, 0x05d6, 0x5311, 0x084e, 0x05d7, 0x127d, 0x06b4, 0x05d8, 0x09bd, 0x084f, 0x101e,
    0x0f77, 0x089a, 0x5312, 0x0797, 0x12a0, 0x0e6a, 0x0f53, 0x127f, 0x0f81, 0x11de, 0x5314, 0x0c1f, 0x0abf, 0x0af0, 0x0766, 0x5315,
    0x0e1c, 0x0d8e, 0x1283, 0x05da, 0x05db, 0x06b5, 0x0e2e, 0x0b70, 0x0a4e, 0x1141, 0x0d5c, 0x5316, 0x0765, 0x05dc, 0x1282, 0x5317,
    0x115b, 0x127e, 0x1280, 0x0a88, 0x1281, 0x1435, 0x05dd, 0x05d9, 0x5313, 0x1289, 0x05de, 0x05df, 0x128c, 0x128a, 0x0768, 0x103d,
    0x1284, 0x5319, 0x531a, 0x531b, 0x1288, 0x09d0, 0x531c, 0x05e0, 0x0ac0, 0x531d, 0x0809, 0x531e, 0x128d, 0x1285, 0x05e1, 0x11df,
    0x0af1, 0x1286, 0x128b, 0x531f, 0x05e2, 0x128e, 0x05e3, 0x1287, 0x5320, 0x08c1, 0x06b6, 0x08c2, 0x0767, 0x1436, 0x10da, 0x1012,
    0x09d1, 0x5322, 0x0c21, 0x11b3, 0x5323, 0x105a, 0x0936, 0x0d33, 0x078a, 0x5324, 0x05e5, 0x0b88, 0x5325, 0x1292, 0x5326, 0x1297,
    0x1295, 0x5327, 0x1290, 0x0d3d, 0x1293, 0x1296, 0x1294, 0x105f, 0x1291, 0x05e6, 0x0c20, 0x10d4, 0x1298, 0x1299, 0x5321, 0x0b59,
    0x12a6, 0x05cd, 0x5329, 0x0f36, 0x0fd9, 0x12a1, 0x1072, 0x075c, 0x12a5, 0x532a, 0x05e7, 0x05e8, 0x129f, 0x12a8, 0x0d01, 0x09a1,
    0x0f42, 0x05e9, 0x47a8, 0x532b, 0x12a7, 0x0e86, 0x532c, 0x129c, 0x09d3, 0x05ea, 0x09d2, 0x129a, 0x532d, 0x532e, 0x0b31, 0x12a2,
    0x532f, 0x1071, 0x0db9, 0x129e, 0x0970, 0x05eb, 0x129b, 0x12a3, 0x129d, 0x11cd, 0x12a4, 0x121b, 0x05ec, 0x0906, 0x096f, 0x05ee,
    0x05ed, 0x05ef, 0x5331, 0x12a9, 0x5333, 0x12aa, 0x12ae, 0x06b7, 0x5334, 0x1052, 0x12ad, 0x5335, 0x12ac, 0x12b0, 0x5336, 0x12af,
    0x0e2f, 0x5337, 0x0971, 0x5338, 0x5339, 0x12b1, 0x533a, 0x0b1c, 0x0d34, 0x0e30, 0x0916, 0x12b2, 0x0877, 0x12b3, 0x12b5, 0x533c,
    0x1095, 0x0965, 0x533d, 0x533e, 0x05f0, 0x533f, 0x5340, 0x0aa9, 0x0fbc, 0x12b4, 0x5341, 0x533b, 0x5342, 0x0a5f, 0x1160, 0x5344,
    0x12b7, 0x12ba, 0x12b6, 0x0a5e, 0x0bb3, 0x5345, 0x5346, 0x0937, 0x12bb, 0x5347, 0x08ef, 0x5348, 0x12b8, 0x12b9, 0x05f1, 0x0eb7,
    0x534b, 0x0d2c, 0x05f3, 0x08c3, 0x534d, 0x10ad, 0x12bc, 0x534e, 0x11b9, 0x12bd, 0x534f, 0x12c0, 0x12be, 0x05f4, 0x0cfd, 0x5350,
    0x12bf, 0x12c1, 0x05f2, 0x5349, 0x12c3, 0x12c2, 0x104a, 0x0878, 0x12c5, 0x12c6, 0x05f7, 0x0755, 0x05f6, 0x53b0, 0x12c4, 0x05f8,
    0x0b4b, 0x12c9, 0x12c8, 0x12c7, 0x53b2, 0x128f, 0x12ca, 0x53b3, 0x05f9, 0x0bb4, 0x12cb, 0x1142, 0x1118, 0x05fa, 0x12cd, 0x12cc,
    0x12cf, 0x12ce, 0x12d0, 0x12d1, 0x06dd, 0x0992, 0x0939, 0x0b71, 0x0de8, 0x08c4, 0x0cb9, 0x09d4, 0x05fb, 0x0a2a, 0x12d3, 0x1107,
    0x0e6f, 0x0af2, 0x12d2, 0x12d4, 0x05fd, 0x05fe, 0x0e87, 0x07fa, 0x53b5, 0x12d5, 0x0f06, 0x0ce3, 0x12d7, 0x12d8, 0x0f71, 0x09d5,
    0x1215, 0x12d9, 0x08c6, 0x53b7, 0x103e, 0x0d44, 0x0911, 0x0e5e, 0x58d0, 0x0972, 0x12da, 0x12db, 0x53b8, 0x0eea, 0x0726, 0x12de,
    0x0a97, 0x53b9, 0x12dd, 0x0a60, 0x12df, 0x4a06, 0x12e0, 0x10a1, 0x12e1, 0x12e2, 0x12e3, 0x0bfd, 0x53bb, 0x0b23, 0x0600, 0x080a,
    0x12e6, 0x53bc, 0x12e4, 0x10fc, 0x12e5, 0x0ffd, 0x12e7, 0x12e8, 0x12e9, 0x0e88, 0x53bd, 0x12ed, 0x12eb, 0x12ec, 0x12ea, 0x0a7d,
    0x12ee, 0x1129, 0x11e0, 0x53bf, 0x12ef, 0x0601, 0x0c79, 0x12f0, 0x0b8f, 0x12f1, 0x0602, 0x0de9, 0x11bb, 0x0e8a, 0x133b, 0x12f2,
    0x4ee8, 0x08e5, 0x0603, 0x12f3, 0x10be, 0x0604, 0x0b9e, 0x0d8a, 0x12f5, 0x0eec, 0x12f6, 0x0605, 0x12f8, 0x07b2, 0x53c2, 0x53c3,
    0x12f9, 0x08c7, 0x0ed4, 0x0742, 0x0b85, 0x0f66, 0x12fa, 0x0e8b, 0x0606, 0x53c4, 0x0c41, 0x12fb, 0x102e, 0x0cab, 0x0805, 0x080c,
    0x12fc, 0x12fe, 0x0938, 0x53c5, 0x0608, 0x12fd, 0x0609, 0x53c6, 0x11ef, 0x0b9f, 0x0f82, 0x104e, 0x12ff, 0x1196, 0x1300, 0x1301,
    0x0ea8, 0x1302, 0x0c7a, 0x0a98, 0x0973, 0x1303, 0x0ac1, 0x0a2b, 0x0e31, 0x1305, 0x0d35, 0x060a, 0x0a89, 0x1306, 0x1307, 0x0cdf,
    0x1304, 0x1309, 0x53c8, 0x1096, 0x060b, 0x0a20, 0x53c9, 0x0689, 0x1308, 0x060c, 0x0974, 0x0a78, 0x0f54, 0x130c, 0x130a, 0x53ca,
    0x101f, 0x0bfe, 0x1313, 0x07e9, 0x130d, 0x130b, 0x0cfe, 0x53cb, 0x130f, 0x130e, 0x53cd, 0x07c8, 0x53cc, 0x095f, 0x1314, 0x11a9,
    0x1310, 0x1315, 0x1312, 0x060d, 0x1311, 0x53cf, 0x11cb, 0x09d6, 0x0769, 0x11f0, 0x53d1, 0x53d2, 0x0bab, 0x0e81, 0x0a21, 0x1318,
    0x1319, 0x53d3, 0x11e1, 0x1205, 0x131b, 0x09d7, 0x53d4, 0x53d5, 0x131a, 0x07b3, 0x131c, 0x10b6, 0x0e07, 0x1143, 0x060e, 0x105b,
    0x53d6, 0x0610, 0x131d, 0x0611, 0x53d8, 0x4d9e, 0x0eb8, 0x0612, 0x131e, 0x080d, 0x10f2, 0x0613, 0x0bb5, 0x131f, 0x1069, 0x1323,
    0x0c7b, 0x1320, 0x08f0, 0x1321, 0x080e, 0x0615, 0x092c, 0x1324, 0x1325, 0x53da, 0x1326, 0x1327, 0x0b32, 0x0616, 0x09d8, 0x111d,
    0x0617, 0x1127, 0x0eff, 0x1073, 0x1328, 0x0618, 0x1329, 0x53db, 0x53dc, 0x132b, 0x132d, 0x132c, 0x132e, 0x0763, 0x10ac, 0x0a96,
    0x132f, 0x0619, 0x0d08, 0x0bb6, 0x08c9, 0x1330, 0x53dd, 0x0fa0, 0x1331, 0x1332, 0x1333, 0x53de, 0x1334, 0x0fc7, 0x0908, 0x06ce,
    0x53df, 0x0ec7, 0x1335, 0x0b72, 0x53e0, 0x0cba, 0x1337, 0x1336, 0x0bb7, 0x09be, 0x1339, 0x0f83, 0x133a, 0x0fa1, 0x0d42, 0x0d7c,
    0x08c8, 0x0ef6, 0x0d9d, 0x0f55, 0x10ae, 0x133c, 0x0cbb, 0x061b, 0x061c, 0x0933, 0x53e3, 0x133d, 0x53e4, 0x133e, 0x06f3, 0x06de,
    0x0850, 0x0d36, 0x0892, 0x118f, 0x1341, 0x075d, 0x53e5, 0x1340, 0x061d, 0x08ca, 0x1342, 0x1130, 0x061e, 0x1343, 0x11ce, 0x09d9,
    0x061f, 0x0993, 0x1344, 0x53e6, 0x1346, 0x1345, 0x0c51, 0x0700, 0x0725, 0x1347, 0x1348, 0x0620, 0x0994, 0x53e7, 0x1349, 0x53e9,
    0x08b0, 0x53ea, 0x0aaa, 0x134a, 0x10d5, 0x0a4f, 0x089b, 0x1144, 0x0cff, 0x0f84, 0x0b54, 0x0b7c, 0x53ee, 0x0b3f, 0x0b4c, 0x0bac,
    0x53f0, 0x0f85, 0x134d, 0x070a, 0x0d00, 0x09da, 0x09a2, 0x0907, 0x1351, 0x0d8d, 0x0d8c, 0x08cb, 0x0bb8, 0x1352, 0x1350, 0x076a,
    0x0d74, 0x0b0f, 0x0ac3, 0x06ed, 0x53f2, 0x53f3, 0x07f5, 0x0a22, 0x0ac2, 0x1353, 0x1354, 0x088a, 0x07ca, 0x0a23, 0x0889, 0x0e2a,
    0x06ec, 0x0eb9, 0x10fd, 0x09dc, 0x1197, 0x0e70, 0x09db, 0x0621, 0x092d, 0x135d, 0x1259, 0x0903, 0x10aa, 0x53f5, 0x0fa2, 0x0622,
    0x53f6, 0x135c, 0x0841, 0x1357, 0x1358, 0x135a, 0x135b, 0x089c, 0x0c54, 0x102f, 0x1359, 0x1355, 0x09c0, 0x1356, 0x11fe, 0x53f8,
    0x1074, 0x0e33, 0x09bf, 0x0a2c, 0x0623, 0x135e, 0x0ee5, 0x53f4, 0x1362, 0x53f9, 0x53fa, 0x0b55, 0x0b4d, 0x0625, 0x53fb, 0x1365,
    0x1363, 0x10e2, 0x0626, 0x1360, 0x1369, 0x1364, 0x1367, 0x09a3, 0x10fe, 0x0627, 0x1368, 0x136a, 0x136c, 0x0628, 0x53fc, 0x0a8a,
    0x121c, 0x53fd, 0x1361, 0x135f, 0x136b, 0x1366, 0x53fe, 0x0629, 0x0624, 0x53ff, 0x062a, 0x136e, 0x1377, 0x1370, 0x5400, 0x1374,
    0x062b, 0x1375, 0x1371, 0x5401, 0x5402, 0x1392, 0x0a83, 0x07b5, 0x5403, 0x136f, 0x5404, 0x1379, 0x06df, 0x1378, 0x5405, 0x068e,
    0x0fed, 0x1376, 0x5406, 0x1372, 0x062c, 0x136d, 0x1373, 0x0a62, 0x137a, 0x06e0, 0x1383, 0x137b, 0x137c, 0x0bb9, 0x10ca, 0x5408,
    0x1381, 0x1380, 0x5409, 0x540a, 0x0e58, 0x540b, 0x1382, 0x137f, 0x062d, 0x540c, 0x540d, 0x06fb, 0x0a50, 0x0c22, 0x540e, 0x062e,
    0x137d, 0x0e8c, 0x137e, 0x068b, 0x062f, 0x1388, 0x1140, 0x0bbb, 0x138e, 0x0630, 0x138d, 0x1384, 0x540f, 0x0d51, 0x1385, 0x5410,
    0x0d7d, 0x138a, 0x0bba, 0x5412, 0x5413, 0x1387, 0x1123, 0x0631, 0x093a, 0x138b, 0x138c, 0x1389, 0x138f, 0x0632, 0x5415, 0x5416,
    0x1386, 0x5417, 0x1395, 0x139a, 0x5419, 0x1396, 0x1391, 0x0633, 0x541a, 0x139b, 0x0ce0, 0x0634, 0x139d, 0x541b, 0x09dd, 0x1393,
    0x0dea, 0x0635, 0x541c, 0x1397, 0x1390, 0x0810, 0x0851, 0x07ea, 0x1398, 0x1394, 0x0975, 0x139e, 0x139c, 0x0d02, 0x088b, 0x08cc,
    0x0637, 0x1399, 0x0914, 0x070b, 0x5421, 0x13a2, 0x13a0, 0x13da, 0x5422, 0x5423, 0x0638, 0x5424, 0x541e, 0x13a5, 0x139f, 0x13a3,
    0x5425, 0x13a1, 0x5427, 0x0ac4, 0x13a4, 0x5429, 0x13a7, 0x13ac, 0x13aa, 0x13a9, 0x0d9e, 0x542c, 0x063a, 0x076b, 0x063b, 0x542d,
    0x13a6, 0x13a8, 0x0bbc, 0x06fa, 0x13ab, 0x542a, 0x0784, 0x13b7, 0x542e, 0x0c10, 0x13b2, 0x13b0, 0x13b1, 0x542f, 0x13b3, 0x063c,
    0x5431, 0x5432, 0x5433, 0x0704, 0x5434, 0x063d, 0x0ce8, 0x13ad, 0x13ae, 0x4eea, 0x07ff, 0x5435, 0x5436, 0x13b6, 0x063f, 0x0852,
    0x13b9, 0x13b5, 0x13b8, 0x5437, 0x0641, 0x0642, 0x0643, 0x1030, 0x063e, 0x0edd, 0x0f7d, 0x13bb, 0x13ba, 0x07c9, 0x5439, 0x13bc,
    0x543a, 0x13bf, 0x13be, 0x543b, 0x0644, 0x543c, 0x543d, 0x0645, 0x13bd, 0x0f1f, 0x13c0, 0x543e, 0x0646, 0x0647, 0x543f, 0x13c1,
    0x5440, 0x0648, 0x13c3, 0x13c2, 0x13c5, 0x13c8, 0x13c6, 0x13c4, 0x13c7, 0x5441, 0x13c9, 0x0649, 0x064a, 0x5442, 0x13ca, 0x13cb,
    0x13cc, 0x13cd, 0x12dc, 0x0b53, 0x0ac5, 0x0799, 0x5443, 0x06e1, 0x0db0, 0x5444, 0x13ce, 0x0a3e, 0x06b8, 0x0c50, 0x5445, 0x5446,
    0x13cf, 0x09a4, 0x0a2d, 0x13d1, 0x13d0, 0x1062, 0x13d2, 0x13d4, 0x13d3, 0x064b, 0x13d5, 0x13d6, 0x0976, 0x0728, 0x13d7, 0x5448,
    0x13d9, 0x13d8, 0x13db, 0x0e83, 0x064d, 0x5449, 0x13dc, 0x069e, 0x0a79, 0x544b, 0x093b, 0x064e, 0x0dbb, 0x064f, 0x0650, 0x13dd,
    0x13de, 0x13e0, 0x13e1, 0x0a7e, 0x544d, 0x544e, 0x08f1, 0x1097, 0x544f, 0x5450, 0x13df, 0x13e2, 0x0a5b, 0x09de, 0x13e6, 0x0a3f,
    0x0d9f, 0x5452, 0x13e3, 0x0e25, 0x5453, 0x0651, 0x5454, 0x5455, 0x5456, 0x0652, 0x5457, 0x0653, 0x13e7, 0x0c55, 0x13e5, 0x13e8,
    0x093d, 0x13e9, 0x545b, 0x0654, 0x545c, 0x545d, 0x13ea, 0x09df, 0x07c4, 0x13ec, 0x545e, 0x13ed, 0x545a, 0x13ee, 0x13eb, 0x0657,
    0x13e4, 0x13ef, 0x13f0, 0x0658, 0x0659, 0x10c5, 0x5461, 0x0bff, 0x065a, 0x13f2, 0x13f3, 0x13f1, 0x13f5, 0x545f, 0x0f1e, 0x5464,
    0x06d1, 0x0ff9, 0x13f6, 0x065b, 0x5465, 0x065c, 0x5466, 0x0c11, 0x065d, 0x065e, 0x0b10, 0x5468, 0x0f43, 0x0853, 0x5469, 0x0a85,
    0x546a, 0x065f, 0x10b9, 0x0eba, 0x546b, 0x0977, 0x0d5d, 0x0660, 0x13f4, 0x13f7, 0x0d52, 0x13f8, 0x13f9, 0x546c, 0x546d, 0x13fb,
    0x0e34, 0x546e, 0x0811, 0x4ee4, 0x0729, 0x1075, 0x546f, 0x0c00, 0x0e71, 0x5470, 0x0a80, 0x1401, 0x103f, 0x11d9, 0x5472, 0x079a,
    0x13fd, 0x5473, 0x0ce9, 0x1400, 0x0e8d, 0x0e72, 0x0e8e, 0x0f7e, 0x0e18, 0x0a63, 0x0662, 0x13fc, 0x0663, 0x5474, 0x073e, 0x0e5f,
    0x13fe, 0x13fa, 0x0c42, 0x1402, 0x0665, 0x0b83, 0x08cd, 0x1403, 0x0666, 0x5475, 0x5476, 0x5477, 0x5478, 0x5479, 0x106a, 0x547a,
    0x0d2d, 0x0e11, 0x547b, 0x0667, 0x1405, 0x10af, 0x0669, 0x547c, 0x1406, 0x140b, 0x547d, 0x1031, 0x140a, 0x1404, 0x1407, 0x1409,
    0x0a40, 0x104b, 0x547f, 0x140c, 0x0db1, 0x079b, 0x0c01, 0x5480, 0x066d, 0x140e, 0x066c, 0x140d, 0x066e, 0x0a24, 0x140f, 0x1411,
    0x1410, 0x066f, 0x1413, 0x1408, 0x1415, 0x0670, 0x5481, 0x1414, 0x1412, 0x0671, 0x0ac6, 0x0c43, 0x0d03, 0x1416, 0x0c8d, 0x06d6,
    0x0f4b, 0x5482, 0x5483, 0x0e26, 0x1418, 0x1417, 0x1419, 0x141a, 0x141b, 0x141c, 0x5484, 0x5485, 0x1053, 0x141d, 0x5486, 0x0672,
    0x5487, 0x076c, 0x141e, 0x5488, 0x1159, 0x07b4, 0x133f, 0x0b7d, 0x0d4d, 0x141f, 0x112a, 0x10f3, 0x5489, 0x1421, 0x0d75, 0x0e60,
    0x0d4e, 0x0ffa, 0x1422, 0x1423, 0x0743, 0x0b11, 0x1424, 0x06b9, 0x1425, 0x548c, 0x1426, 0x072a, 0x548e, 0x0854, 0x0ee8, 0x1076,
    0x142a, 0x0d04, 0x1429, 0x093e, 0x10bb, 0x1428, 0x0e8f, 0x142c, 0x142b, 0x5491, 0x0674, 0x5492, 0x142e, 0x142d, 0x0744, 0x142f,
    0x0bbd, 0x1431, 0x0d91, 0x1430, 0x0675, 0x1035, 0x0bad, 0x0e84, 0x5494, 0x5495, 0x1432, 0x5496, 0x09e0, 0x1433, 0x0f07, 0x0fa3,
    0x1110, 0x0f0b, 0x0676, 0x143c, 0x0677, 0x0879, 0x1162, 0x10ee, 0x149c, 0x1434, 0x5497, 0x1437, 0x0678, 0x0d53, 0x1098, 0x0e73,
    0x5498, 0x1438, 0x10c6, 0x0a64, 0x5499, 0x0bbe, 0x0679, 0x1439, 0x549a, 0x0ac8, 0x0ac7, 0x549b, 0x06a2, 0x09a5, 0x067a, 0x0c7c,
    0x06ba, 0x143d, 0x143e, 0x143b, 0x067b, 0x549c, 0x549d, 0x549e, 0x06ff, 0x0812, 0x549f, 0x143a, 0x1104, 0x0fd4, 0x54a0, 0x0691,
    0x52ee, 0x06e2, 0x0ac9, 0x06bb, 0x068c, 0x1443, 0x54a4, 0x54a5, 0x1441, 0x067c, 0x54a6, 0x10fb, 0x1444, 0x1442, 0x1440, 0x0c23,
    0x067d, 0x143f, 0x54a7, 0x105c, 0x54a8, 0x09c1, 0x1448, 0x1449, 0x0bbf, 0x1445, 0x1206, 0x0f32, 0x1447, 0x54a9, 0x0a41, 0x144a,
    0x54aa, 0x0ffb, 0x067e, 0x144b, 0x1446, 0x067f, 0x0680, 0x54ab, 0x0681, 0x10fa, 0x0682, 0x54ad, 0x0f44, 0x144c, 0x0fd5, 0x54ae,
    0x0683, 0x54af, 0x54b0, 0x54b1, 0x0684, 0x54b2, 0x54b3, 0x54b4, 0x54b5, 0x144d, 0x1451, 0x144e, 0x54b6, 0x076d, 0x1450, 0x0685,
    0x0b12, 0x144f, 0x0978, 0x145d, 0x1456, 0x1453, 0x54b7, 0x54b8, 0x54b9, 0x0dd1, 0x1452, 0x54ba, 0x1454, 0x1455, 0x54bc, 0x54bb,
    0x54bd, 0x1457, 0x1458, 0x54be, 0x54bf, 0x0855, 0x145a, 0x1459, 0x145b, 0x54c0, 0x0687, 0x0c02, 0x0688, 0x145e, 0x0e27, 0x54c2,
    0x070c, 0x145c, 0x54c1, 0x145f, 0x1460, 0x1463, 0x122f, 0x1461, 0x1462, 0x54c3, 0x0aca, 0x1464, 0x54c4, 0x09e1, 0x1465, 0x1230,
    0x0af3, 0x0d46, 0x1466, 0x1467, 0x0ad2, 0x09e2, 0x1111, 0x0869, 0x09a6, 0x1468, 0x07dc, 0x54c5, 0x1469, 0x0d47, 0x54c6, 0x146a,
    0x1493, 0x146b, 0x146c, 0x146d, 0x146f, 0x54c7, 0x1231, 0x54c8, 0x1470, 0x54c9, 0x1472, 0x54ca, 0x0d7e, 0x06ee, 0x0b40, 0x06ab,
    0x0d06, 0x0813, 0x0b0c, 0x09e3, 0x1232, 0x0e90, 0x5352, 0x0b56, 0x0814, 0x0dd5, 0x0e35, 0x06a1, 0x087a, 0x1077, 0x0b19, 0x0893,
    0x0cbc, 0x0b13, 0x1145, 0x1473, 0x5353, 0x089d, 0x0a65, 0x07b6, 0x072b, 0x0bc0, 0x076e, 0x1474, 0x1163, 0x0b7e, 0x5355, 0x0b3b,
    0x1475, 0x0856, 0x0eda, 0x10e8, 0x1476, 0x1477, 0x0ffc, 0x5357, 0x1479, 0x080b, 0x0917, 0x1478, 0x5358, 0x1233, 0x0815, 0x0c24,
    0x147d, 0x0a99, 0x076f, 0x147c, 0x147a, 0x147e, 0x147b, 0x0f11, 0x16f4, 0x0c25, 0x147f, 0x1234, 0x11bc, 0x1480, 0x535b, 0x1482,
    0x0deb, 0x1481, 0x0c74, 0x0af4, 0x535c, 0x0d5e, 0x0b4e, 0x1019, 0x0cbd, 0x535e, 0x0b24, 0x1483, 0x0bc1, 0x1484, 0x1485, 0x06bc,
    0x0d48, 0x0c44, 0x1486, 0x0ebb, 0x0bc2, 0x0bc3, 0x1235, 0x1487, 0x0cbe, 0x0bc4, 0x1236, 0x1488, 0x1489, 0x1237, 0x111f, 0x148a,
    0x535f, 0x1238, 0x08e6, 0x5360, 0x0b57, 0x148b, 0x148c, 0x0b33, 0x0c1e, 0x0efc, 0x0c46, 0x0fbd, 0x0f08, 0x08e9, 0x148d, 0x08b1,
    0x148e, 0x091e, 0x0ed7, 0x0756, 0x0acb, 0x148f, 0x1492, 0x1491, 0x091d, 0x1490, 0x0e61, 0x52ef, 0x0d3e, 0x5362, 0x0e74, 0x0b1f,
    0x123b, 0x5363, 0x0d07, 0x1198, 0x5364, 0x5365, 0x5366, 0x1494, 0x1495, 0x0ede, 0x5367, 0x0aab, 0x1497, 0x1498, 0x123f, 0x536a,
    0x536d, 0x536e, 0x1499, 0x1240, 0x0857, 0x149a, 0x149b, 0x1241, 0x5372, 0x0752, 0x5373, 0x1242, 0x5374, 0x5375, 0x0cea, 0x0847,
    0x1243, 0x149d, 0x10e7, 0x5377, 0x0d60, 0x07dd, 0x5378, 0x149f, 0x14a1, 0x0842, 0x1244, 0x149e, 0x14a0, 0x14a3, 0x14a2, 0x14a4,
    0x537a, 0x1245, 0x1246, 0x1247, 0x14a5, 0x0ec5, 0x08ce, 0x078b, 0x14a6, 0x14ab, 0x14a9, 0x1079, 0x1078, 0x1248, 0x0e91, 0x14a8,
    0x0b89, 0x14a7, 0x537d, 0x0c65, 0x14ac, 0x124b, 0x0a84, 0x537e, 0x14b2, 0x14b3, 0x14ad, 0x07b7, 0x14ae, 0x14b7, 0x14b6, 0x14b5,
    0x14b1, 0x5380, 0x14b0, 0x5381, 0x14b4, 0x5382, 0x5383, 0x124c, 0x107a, 0x537f, 0x5384, 0x5385, 0x5386, 0x124e, 0x124f, 0x1251,
    0x14bb, 0x14b8, 0x14ba, 0x1190, 0x14b9, 0x1250, 0x14af, 0x5388, 0x0c66, 0x5389, 0x14bc, 0x1252, 0x0a51, 0x538b, 0x14bd, 0x14be,
    0x1253, 0x14c1, 0x14c0, 0x14bf, 0x538e, 0x0e92, 0x14aa, 0x14c7, 0x5390, 0x5391, 0x5392, 0x5393, 0x14c3, 0x1254, 0x14c2, 0x1255,
    0x1256, 0x14c4, 0x14c5, 0x5394, 0x5395, 0x5396, 0x14c8, 0x1257, 0x5398, 0x11e2, 0x14c9, 0x14c6, 0x14ca, 0x1258, 0x0843, 0x14cb,
    0x5399, 0x14cd, 0x14cc, 0x14ce, 0x539a, 0x539b, 0x14cf, 0x0cbf, 0x0b58, 0x539c, 0x0b9a, 0x4eeb, 0x0d13, 0x539e, 0x09e4, 0x0a52,
    0x09e5, 0x08b2, 0x539f, 0x14d0, 0x0a53, 0x09a7, 0x14d1, 0x10e5, 0x0f29, 0x14d2, 0x09e6, 0x080f, 0x0d93, 0x08f2, 0x53a1, 0x0acc,
    0x0ffe, 0x0f86, 0x14d3, 0x0858, 0x14d6, 0x53a3, 0x4eec, 0x53a4, 0x0dec, 0x4eed, 0x14d5, 0x14d4, 0x14d7, 0x0e36, 0x53a6, 0x0c56,
    0x0acd, 0x0c9b, 0x53a7, 0x0d61, 0x0863, 0x0ded, 0x14d8, 0x14d9, 0x0c03, 0x1099, 0x53a8, 0x14dc, 0x14db, 0x14da, 0x1021, 0x14e3,
    0x53a9, 0x10ba, 0x14dd, 0x14df, 0x10cc, 0x53ab, 0x14de, 0x4eee, 0x4eef, 0x14e0, 0x0f6d, 0x14e1, 0x1040, 0x14e2, 0x53ad, 0x53ae,
    0x53af, 0x54cc, 0x0816, 0x1041, 0x0f15, 0x14e4, 0x14e5, 0x52f0, 0x09e7, 0x0817, 0x14e6, 0x0995, 0x1161, 0x1146, 0x0859, 0x14e8,
    0x0dee, 0x09e8, 0x0bc5, 0x0fa4, 0x0bc6, 0x0bae, 0x0e37, 0x107b, 0x0e62, 0x09e9, 0x0fff, 0x14e9, 0x54ce, 0x0e82, 0x0a5c, 0x54cf,
    0x09a8, 0x54d0, 0x0e38, 0x06ac, 0x0ba4, 0x09ea, 0x1164, 0x54d1, 0x4ef0, 0x54d2, 0x14ea, 0x14eb, 0x0f37, 0x54d3, 0x14ec, 0x11f3,
    0x1207, 0x4ef2, 0x14ee, 0x14ed, 0x54d4, 0x07cb, 0x14ef, 0x54d5, 0x14f2, 0x14f3, 0x14f1, 0x0fe3, 0x0bc7, 0x14f5, 0x14f4, 0x14f0,
    0x14f6, 0x14f7, 0x14f8, 0x14fb, 0x14f9, 0x14fa, 0x14fc, 0x072c, 0x0e39, 0x14fd, 0x4ef3, 0x0979, 0x079c, 0x0f1c, 0x54d7, 0x14fe,
    0x0f03, 0x4ef4, 0x105d, 0x4ef5, 0x14ff, 0x1208, 0x4ef6, 0x54d8, 0x1500, 0x1042, 0x1503, 0x125a, 0x126a, 0x54d9, 0x0b07, 0x0efd,
    0x1504, 0x089e, 0x0def, 0x06e3, 0x1505, 0x1028, 0x09eb, 0x0dbc, 0x54da, 0x4ef7, 0x54dc, 0x0e3a, 0x4ef8, 0x112e, 0x0996, 0x09a9,
    0x1506, 0x1507, 0x150d, 0x0b3c, 0x4ef9, 0x0df0, 0x4efa, 0x08cf, 0x1508, 0x0fce, 0x4efb, 0x0db2, 0x4efc, 0x1509, 0x4efd, 0x54dd,
    0x150a, 0x08d0, 0x150b, 0x150c, 0x150e, 0x0ea0, 0x4efe, 0x150f, 0x1510, 0x4eff, 0x1511, 0x1502, 0x1501, 0x1512, 0x093f, 0x54de,
    0x4f00, 0x0fca, 0x4f01, 0x0a66, 0x0fda, 0x0df1, 0x0fee, 0x1513, 0x0bc8, 0x070d, 0x54df, 0x1514, 0x1515, 0x1131, 0x0fa5, 0x4f02,
    0x54e0, 0x1518, 0x0745, 0x0c7d, 0x1517, 0x1516, 0x0940, 0x0d62, 0x151c, 0x151a, 0x4f03, 0x1519, 0x11a3, 0x09c2, 0x54e1, 0x0baf,
    0x151b, 0x0e75, 0x0b73, 0x0ec8, 0x151f, 0x151e, 0x4f04, 0x151d, 0x1520, 0x09c3, 0x54e2, 0x54e3, 0x4f05, 0x1521, 0x1020, 0x0b90,
    0x1522, 0x0fbe, 0x4f06, 0x0ec9, 0x0df2, 0x4f07, 0x4f08, 0x54e4, 0x0e59, 0x1523, 0x086c, 0x0c26, 0x54e5, 0x0fcf, 0x54e7, 0x4f09,
    0x54e8, 0x085a, 0x0f0c, 0x54e9, 0x54ea, 0x54eb, 0x1524, 0x0ace, 0x109a, 0x109b, 0x0746, 0x1529, 0x4f0a, 0x0dd6, 0x4f0b, 0x54ec,
    0x1526, 0x4f0c, 0x079d, 0x54ed, 0x54ee, 0x155a, 0x1528, 0x54ef, 0x0f16, 0x1527, 0x1525, 0x54f0, 0x0a36, 0x152b, 0x4f0d, 0x1532,
    0x1538, 0x1530, 0x0e85, 0x4f0e, 0x1535, 0x1000, 0x54f2, 0x4f0f, 0x152f, 0x1534, 0x11e3, 0x0acf, 0x0d63, 0x152c, 0x54f3, 0x54f4,
    0x089f, 0x1537, 0x0c7e, 0x072d, 0x1531, 0x079e, 0x1536, 0x08d1, 0x1533, 0x4f10, 0x4f11, 0x1539, 0x153b, 0x1545, 0x1543, 0x1540,
    0x4f12, 0x153f, 0x11f4, 0x54f6, 0x1541, 0x08d2, 0x09ec, 0x0bb0, 0x1548, 0x153a, 0x153e, 0x152d, 0x07a0, 0x1542, 0x1544, 0x0dbd,
    0x0a42, 0x075e, 0x153c, 0x1547, 0x1546, 0x08d3, 0x0d37, 0x07eb, 0x0941, 0x153d, 0x54f7, 0x1549, 0x154c, 0x154e, 0x0b14, 0x54f8,
    0x1554, 0x0e3b, 0x154a, 0x1552, 0x079f, 0x54f9, 0x1550, 0x1551, 0x154d, 0x154f, 0x4f14, 0x4f15, 0x09c4, 0x1147, 0x0818, 0x0720,
    0x1553, 0x54fa, 0x0f20, 0x0696, 0x54fc, 0x54fd, 0x0fa6, 0x152a, 0x1559, 0x155d, 0x1124, 0x1556, 0x0e93, 0x155b, 0x54fe, 0x0c04,
    0x155c, 0x0edf, 0x54ff, 0x4f16, 0x1221, 0x1558, 0x4f17, 0x4f18, 0x155e, 0x5500, 0x0a37, 0x5501, 0x0c9c, 0x4f19, 0x06bd, 0x1557,
    0x1555, 0x0d09, 0x154b, 0x0aac, 0x5502, 0x0d54, 0x156a, 0x5503, 0x0d0a, 0x1565, 0x5504, 0x1562, 0x1563, 0x4f1a, 0x0b3d, 0x1566,
    0x1569, 0x1564, 0x0b5a, 0x1567, 0x1561, 0x113b, 0x113a, 0x156b, 0x156c, 0x06be, 0x5505, 0x5506, 0x5507, 0x1560, 0x5508, 0x0912,
    0x068f, 0x4f1b, 0x5509, 0x0819, 0x1568, 0x1570, 0x156f, 0x4f1c, 0x1574, 0x4f1d, 0x1575, 0x4f1e, 0x550a, 0x1573, 0x1576, 0x156e,
    0x1572, 0x550c, 0x1577, 0x1578, 0x550d, 0x156d, 0x0af5, 0x1571, 0x0d64, 0x09ed, 0x155f, 0x0c27, 0x1585, 0x106b, 0x157b, 0x157c,
    0x157d, 0x1584, 0x1583, 0x550e, 0x10de, 0x081a, 0x1581, 0x0943, 0x07b8, 0x157e, 0x11b4, 0x1580, 0x06bf, 0x1582, 0x1579, 0x157f,
    0x1586, 0x0942, 0x157a, 0x550f, 0x117a, 0x1148, 0x1589, 0x158d, 0x4f20, 0x0d2e, 0x11f5, 0x158e, 0x5511, 0x5512, 0x158b, 0x1588,
    0x5513, 0x5514, 0x1587, 0x158c, 0x1032, 0x5515, 0x0ebc, 0x5516, 0x0944, 0x158f, 0x158a, 0x5517, 0x1590, 0x097a, 0x0757, 0x4f23,
    0x1598, 0x4f22, 0x081b, 0x1596, 0x1597, 0x0a43, 0x1595, 0x1593, 0x1592, 0x1599, 0x1591, 0x159b, 0x07a1, 0x5519, 0x551a, 0x551b,
    0x159d, 0x159c, 0x0df3, 0x15a0, 0x551c, 0x159e, 0x1594, 0x097b, 0x159f, 0x15a3, 0x15a2, 0x15a4, 0x15a1, 0x15a5, 0x15a6, 0x15a7,
    0x106c, 0x15a9, 0x15a8, 0x0b74, 0x0c7f, 0x078c, 0x07a2, 0x15aa, 0x551e, 0x06a8, 0x0c9d, 0x15ab, 0x4c12, 0x15ac, 0x0960, 0x15ad,
    0x4f25, 0x551f, 0x0cc0, 0x5520, 0x15ae, 0x15af, 0x087b, 0x15b0, 0x15b1, 0x15b2, 0x0d65, 0x09aa, 0x1120, 0x4f26, 0x109c, 0x0ba0,
    0x15b3, 0x4f27, 0x5521, 0x0cc1, 0x4cc9, 0x0fa7, 0x0b41, 0x5522, 0x0a67, 0x15b4, 0x5523, 0x5524, 0x0d55, 0x1029, 0x4f28, 0x0d7f,
    0x4f29, 0x15b7, 0x15b5, 0x15b8, 0x5525, 0x15b6, 0x5526, 0x15b9, 0x5528, 0x1033, 0x4f2a, 0x06a0, 0x5529, 0x1001, 0x0fa8, 0x5527,
    0x15ba, 0x15bd, 0x0bc9, 0x087c, 0x15bb, 0x15c2, 0x0bca, 0x4f2b, 0x15bc, 0x0f2a, 0x117b, 0x15be, 0x15bf, 0x15c3, 0x0e94, 0x15c0,
    0x09ee, 0x0caf, 0x552a, 0x15d1, 0x0f79, 0x0d80, 0x552b, 0x0fa9, 0x1617, 0x107c, 0x0e3c, 0x10d6, 0x15c6, 0x0747, 0x0dd7, 0x15cf,
    0x4f2c, 0x0da0, 0x15c9, 0x15d0, 0x15cb, 0x15d2, 0x15ce, 0x15cd, 0x0f56, 0x15c7, 0x07a3, 0x15c5, 0x08b3, 0x0d81, 0x15c1, 0x552c,
    0x4f2d, 0x15c4, 0x09ef, 0x0cac, 0x0bcb, 0x15cc, 0x0f38, 0x08b4, 0x07cc, 0x07ec, 0x0c13, 0x15d4, 0x15d9, 0x15d5, 0x097c, 0x15da,
    0x0a9a, 0x0a25, 0x4f2e, 0x552e, 0x0b5b, 0x15c8, 0x0af6, 0x15d7, 0x552f, 0x0ad0, 0x15d8, 0x06ad, 0x4f2f, 0x15d3, 0x5530, 0x5531,
    0x0df4, 0x4f30, 0x08b5, 0x08d4, 0x15d6, 0x0690, 0x0a5d, 0x0c28, 0x5534, 0x5535, 0x4f31, 0x0e3d, 0x5536, 0x5537, 0x0f99, 0x15dc,
    0x0d0d, 0x5538, 0x4f32, 0x5539, 0x0d38, 0x0aa3, 0x15dd, 0x553a, 0x15df, 0x15db, 0x1063, 0x0e08, 0x553c, 0x0d0b, 0x4f33, 0x107d,
    0x0b25, 0x15ec, 0x15ea, 0x553f, 0x0c6b, 0x097d, 0x15e4, 0x0bcd, 0x0ef0, 0x0f17, 0x4f34, 0x15e2, 0x0d0c, 0x5540, 0x0b4f, 0x15e7,
    0x0bcc, 0x15e1, 0x15e6, 0x0f39, 0x5543, 0x15e0, 0x091f, 0x5541, 0x07e1, 0x15e8, 0x11a7, 0x0a68, 0x0da1, 0x15e5, 0x0cad, 0x09f0,
    0x0c57, 0x072e, 0x0ceb, 0x15e3, 0x0886, 0x0945, 0x0e1a, 0x15e9, 0x0d0e, 0x5544, 0x15ed, 0x15ef, 0x0d45, 0x15f5, 0x15f0, 0x15f2,
    0x0fe4, 0x0e3e, 0x15f3, 0x5546, 0x5547, 0x1149, 0x1165, 0x081c, 0x5548, 0x5549, 0x0697, 0x15f1, 0x4f35, 0x15ee, 0x554a, 0x554b,
    0x4f36, 0x085b, 0x554c, 0x072f, 0x4f37, 0x15f4, 0x5545, 0x1166, 0x15f8, 0x554d, 0x0d49, 0x15ff, 0x4f38, 0x15f9, 0x4f39, 0x15f6,
    0x15fd, 0x15de, 0x554e, 0x4f3a, 0x554f, 0x15fa, 0x15fe, 0x5550, 0x0f87, 0x0e95, 0x5551, 0x15f7, 0x15fb, 0x0946, 0x0a8b, 0x0cae,
    0x1603, 0x4f3c, 0x0e4f, 0x5552, 0x5553, 0x5554, 0x4f3d, 0x1600, 0x10c1, 0x4f3e, 0x1601, 0x5555, 0x1602, 0x110d, 0x4f3b, 0x0c73,
    0x5556, 0x0961, 0x5557, 0x1609, 0x5558, 0x0aad, 0x1606, 0x1605, 0x0f18, 0x5559, 0x0ebd, 0x555a, 0x0e5a, 0x1607, 0x1608, 0x1013,
    0x0f2b, 0x0a9b, 0x0cc2, 0x10b0, 0x07cd, 0x160f, 0x160a, 0x4f40, 0x4f41, 0x1167, 0x1611, 0x4f42, 0x160d, 0x160e, 0x4f43, 0x555b,
    0x555c, 0x0d10, 0x4f3f, 0x4f44, 0x160c, 0x15ca, 0x555d, 0x555e, 0x1610, 0x160b, 0x1615, 0x1616, 0x0e50, 0x1618, 0x5560, 0x5561,
    0x0a9c, 0x1613, 0x087d, 0x1619, 0x1612, 0x161d, 0x161c, 0x161b, 0x4f45, 0x161e, 0x4f46, 0x1620, 0x0c05, 0x5562, 0x161f, 0x5563,
    0x1623, 0x5565, 0x5566, 0x5567, 0x1621, 0x1622, 0x15fc, 0x556a, 0x4f47, 0x1625, 0x1624, 0x4f48, 0x1604, 0x1626, 0x161a, 0x0ad1,
    0x556b, 0x1627, 0x1628, 0x162a, 0x1629, 0x162b, 0x07a4, 0x09f1, 0x107e, 0x0c80, 0x556c, 0x09ab, 0x162d, 0x1630, 0x0ff5, 0x08a0,
    0x556d, 0x162f, 0x162e, 0x0f3a, 0x1631, 0x08d5, 0x1633, 0x1632, 0x081d, 0x0aae, 0x0ee0, 0x4f4a, 0x556e, 0x0947, 0x0c67, 0x1634,
    0x0c81, 0x0e51, 0x1002, 0x1635, 0x556f, 0x5570, 0x1636, 0x1637, 0x5571, 0x5572, 0x103a, 0x146e, 0x0c97, 0x5573, 0x0fef, 0x0a72,
    0x0faa, 0x0f88, 0x0e76, 0x11bd, 0x1639, 0x0b27, 0x4f4b, 0x163a, 0x069f, 0x08f4, 0x0c9e, 0x1004, 0x163b, 0x0aba, 0x0db3, 0x0ad3,
    0x0c29, 0x5574, 0x5575, 0x163c, 0x5576, 0x107f, 0x073f, 0x0ad4, 0x5577, 0x163f, 0x5578, 0x163d, 0x1640, 0x11b5, 0x163e, 0x5579,
    0x0ccc, 0x1641, 0x0d40, 0x1642, 0x557a, 0x085d, 0x1644, 0x1643, 0x1645, 0x1646, 0x085e, 0x0f04, 0x0da2, 0x08ae, 0x0ad5, 0x0d11,
    0x0b91, 0x0699, 0x1647, 0x557c, 0x557d, 0x0748, 0x164b, 0x557e, 0x4f4d, 0x09f2, 0x164a, 0x557f, 0x0a45, 0x0bce, 0x5580, 0x4f4e,
    0x1649, 0x0bcf, 0x10ff, 0x0a44, 0x06c0, 0x0c9f, 0x4f4f, 0x1650, 0x4f50, 0x0c82, 0x070e, 0x5581, 0x4f52, 0x4f53, 0x0b8a, 0x10c7,
    0x0a8c, 0x5582, 0x4f54, 0x0bd0, 0x0c78, 0x4f55, 0x4f56, 0x4f57, 0x164f, 0x164d, 0x164e, 0x4f51, 0x0dd8, 0x166e, 0x1654, 0x0af7,
    0x09f3, 0x1652, 0x5583, 0x4f59, 0x1653, 0x0c2a, 0x4f5a, 0x5585, 0x1651, 0x5584, 0x0aa7, 0x5588, 0x4f5c, 0x4f5d, 0x5589, 0x1656,
    0x1655, 0x165a, 0x4f5e, 0x165b, 0x558a, 0x1657, 0x4f5f, 0x07a6, 0x1658, 0x1659, 0x0f9a, 0x558d, 0x558e, 0x558f, 0x5590, 0x1005,
    0x0948, 0x165c, 0x4f60, 0x0c83, 0x0bd1, 0x4f61, 0x4f62, 0x0dbe, 0x5591, 0x5592, 0x08e7, 0x165d, 0x1661, 0x0771, 0x165e, 0x1660,
    0x4f63, 0x165f, 0x5593, 0x0ba1, 0x5594, 0x0db4, 0x06ae, 0x1662, 0x5595, 0x1663, 0x4f65, 0x0df5, 0x11ed, 0x0abb, 0x5597, 0x106d,
    0x5598, 0x4f66, 0x109d, 0x5599, 0x166a, 0x1665, 0x4f67, 0x1668, 0x1667, 0x559b, 0x1664, 0x1669, 0x4f68, 0x0ee6, 0x4f69, 0x1666,
    0x166b, 0x0ba2, 0x166c, 0x4f6b, 0x1168, 0x0f5f, 0x166d, 0x166f, 0x4f6c, 0x1670, 0x559d, 0x1671, 0x08ea, 0x070f, 0x09f4, 0x1672,
    0x1673, 0x0ba7, 0x0d12, 0x4f6d, 0x4f58, 0x134e, 0x0ced, 0x0cec, 0x0d66, 0x0a61, 0x559f, 0x12ab, 0x55a0, 0x096d, 0x114a, 0x1080,
    0x1022, 0x1674, 0x55a1, 0x4f6e, 0x0a8d, 0x0e0a, 0x1675, 0x1209, 0x55a3, 0x109e, 0x0df6, 0x1676, 0x085f, 0x1677, 0x1678, 0x1119,
    0x10e3, 0x10d7, 0x10bc, 0x0a9d, 0x167a, 0x0b42, 0x4f70, 0x10b1, 0x167c, 0x167f, 0x167e, 0x085c, 0x08a2, 0x167b, 0x167d, 0x1680,
    0x4f72, 0x4f73, 0x0c6c, 0x55a6, 0x55a7, 0x1199, 0x06b2, 0x0a7a, 0x0d4a, 0x0b34, 0x55a8, 0x0c07, 0x1683, 0x0e77, 0x55a9, 0x1681,
    0x0d39, 0x1682, 0x0c06, 0x111c, 0x1684, 0x1685, 0x1186, 0x4f71, 0x168a, 0x09f5, 0x0f3b, 0x1687, 0x0e96, 0x1648, 0x164c, 0x55ad,
    0x0890, 0x55ae, 0x0f2d, 0x4f74, 0x1689, 0x0bd2, 0x0f89, 0x4f75, 0x168f, 0x0fbf, 0x1686, 0x168c, 0x168b, 0x0ca0, 0x55b0, 0x4f76,
    0x10ce, 0x11cf, 0x4f77, 0x10c8, 0x4f78, 0x0772, 0x0ad6, 0x1222, 0x168e, 0x0c68, 0x168d, 0x1688, 0x09ac, 0x55b4, 0x55b5, 0x1694,
    0x1692, 0x0773, 0x1690, 0x1696, 0x169c, 0x4f79, 0x4f7b, 0x0d56, 0x55b6, 0x1043, 0x169e, 0x55b7, 0x0fc5, 0x169d, 0x0f57, 0x109f,
    0x081e, 0x55b8, 0x0cc8, 0x0b75, 0x4f7c, 0x0e1e, 0x55b9, 0x114b, 0x55ba, 0x1699, 0x1698, 0x169a, 0x1697, 0x169f, 0x1695, 0x1693,
    0x169b, 0x1691, 0x55bb, 0x0dd9, 0x1137, 0x0b1d, 0x0a8e, 0x55bc, 0x4f7a, 0x0a54, 0x4f7d, 0x10d0, 0x07c5, 0x4f7e, 0x0e19, 0x0ed2,
    0x0710, 0x55b3, 0x0cc3, 0x0c85, 0x0928, 0x55c0, 0x4f80, 0x16a1, 0x55c1, 0x09f6, 0x0801, 0x16a3, 0x07f9, 0x16aa, 0x4f82, 0x55c2,
    0x4f83, 0x16a6, 0x55c4, 0x0cc4, 0x07cf, 0x0a46, 0x55c5, 0x07ce, 0x0a69, 0x55c6, 0x16a4, 0x0964, 0x0949, 0x0e97, 0x55c7, 0x55c8,
    0x16a2, 0x06af, 0x55c9, 0x55ca, 0x16a5, 0x16a7, 0x08ed, 0x092a, 0x4f7f, 0x081f, 0x088c, 0x55cb, 0x55cc, 0x16ab, 0x4f84, 0x0a93,
    0x10d2, 0x0aaf, 0x16ac, 0x0fd3, 0x55ce, 0x55cf, 0x4f85, 0x16b8, 0x4f86, 0x0759, 0x16ad, 0x55d0, 0x55d1, 0x16be, 0x16ae, 0x11be,
    0x55d2, 0x16b5, 0x0f45, 0x16bd, 0x16b0, 0x55d3, 0x069d, 0x16b2, 0x55d4, 0x09f7, 0x55d6, 0x55d7, 0x55d8, 0x16b4, 0x55d9, 0x16b3,
    0x16af, 0x16ba, 0x0bd3, 0x4f88, 0x4f89, 0x1420, 0x09c5, 0x119a, 0x55da, 0x55db, 0x16b1, 0x0e3f, 0x07a7, 0x0a47, 0x4f8a, 0x16a9,
    0x55dc, 0x16b9, 0x07e6, 0x16b7, 0x16bb, 0x55dd, 0x0e98, 0x55e2, 0x0861, 0x55e3, 0x16d9, 0x4f8b, 0x1108, 0x16c0, 0x0860, 0x55e4,
    0x16c7, 0x55e5, 0x4f8c, 0x10a0, 0x16c8, 0x16ca, 0x55e6, 0x16ce, 0x16c2, 0x55e7, 0x0d96, 0x0e99, 0x16d2, 0x16c5, 0x16cf, 0x55e8,
    0x55e9, 0x16c9, 0x4f8d, 0x55ea, 0x4f8e, 0x0c2b, 0x16d3, 0x4f8f, 0x4f90, 0x0c84, 0x55eb, 0x16d1, 0x0820, 0x55de, 0x4f91, 0x122a,
    0x16bf, 0x55ec, 0x16cd, 0x06c1, 0x55ed, 0x16c1, 0x4f92, 0x10f9, 0x16c6, 0x0c14, 0x0e12, 0x16bc, 0x16cc, 0x0c6d, 0x16d6, 0x07f6,
    0x097e, 0x16d8, 0x16c3, 0x16d7, 0x16d0, 0x16c4, 0x16d4, 0x16d5, 0x16e6, 0x0ed6, 0x4f95, 0x16cb, 0x16e2, 0x55f1, 0x16e4, 0x0e23,
    0x4f96, 0x55f3, 0x4f93, 0x1169, 0x101a, 0x16df, 0x0d58, 0x4f97, 0x16e5, 0x0cee, 0x16dc, 0x16e9, 0x16e8, 0x0ef7, 0x16e7, 0x0ef2,
    0x4f98, 0x4f99, 0x4f9a, 0x55f4, 0x16eb, 0x16de, 0x55f5, 0x08e8, 0x16e1, 0x0b92, 0x55f6, 0x0f47, 0x16e3, 0x08eb, 0x16db, 0x16dd,
    0x16da, 0x55f7, 0x120a, 0x07de, 0x16e0, 0x55f8, 0x4f9b, 0x16ea, 0x07b9, 0x0a81, 0x0724, 0x16fb, 0x55f9, 0x120b, 0x16fe, 0x55fb,
    0x55fc, 0x0c2c, 0x16fd, 0x16fc, 0x4f9d, 0x55fd, 0x16f9, 0x4f9e, 0x16ed, 0x55fe, 0x170a, 0x16ec, 0x16ff, 0x55ff, 0x5600, 0x16f7,
    0x5601, 0x16f2, 0x16ef, 0x5602, 0x16f0, 0x16f8, 0x4ee5, 0x16f5, 0x09f8, 0x0e13, 0x0d14, 0x16f3, 0x4f9f, 0x16ee, 0x5603, 0x16f1,
    0x5604, 0x116a, 0x10cb, 0x16f6, 0x1700, 0x4fa2, 0x560a, 0x1708, 0x1701, 0x4fa3, 0x4fa4, 0x170e, 0x170c, 0x560b, 0x560c, 0x1707,
    0x560d, 0x560f, 0x4fa5, 0x4fa6, 0x1706, 0x0e1b, 0x0d15, 0x5610, 0x1704, 0x1702, 0x1709, 0x170f, 0x0fba, 0x1715, 0x4fa7, 0x5611,
    0x1710, 0x1713, 0x170d, 0x4fa8, 0x0de1, 0x0fdb, 0x5612, 0x1703, 0x5613, 0x170b, 0x0bd4, 0x110e, 0x171f, 0x1712, 0x097f, 0x0749,
    0x07e3, 0x16fa, 0x5607, 0x5615, 0x5616, 0x5617, 0x0bd5, 0x1717, 0x171e, 0x0b50, 0x07f7, 0x4faa, 0x0d9a, 0x4fab, 0x5618, 0x1714,
    0x4fac, 0x5619, 0x1719, 0x171d, 0x561a, 0x08d6, 0x561c, 0x4fad, 0x561d, 0x4fae, 0x088d, 0x171b, 0x4faf, 0x0862, 0x0ed3, 0x171a,
    0x561e, 0x171c, 0x4fb0, 0x1716, 0x4fb1, 0x1718, 0x561b, 0x5620, 0x07e5, 0x0db5, 0x5621, 0x1723, 0x4fb3, 0x5622, 0x1721, 0x09c6,
    0x1720, 0x5624, 0x4fb4, 0x1726, 0x16a0, 0x4fb5, 0x4fb6, 0x5625, 0x1722, 0x5627, 0x1724, 0x1725, 0x4fb7, 0x1731, 0x5629, 0x172d,
    0x16b6, 0x172c, 0x172b, 0x1728, 0x562a, 0x1711, 0x172a, 0x1729, 0x562b, 0x562d, 0x172f, 0x1200, 0x562c, 0x1732, 0x091b, 0x562e,
    0x562f, 0x172e, 0x1730, 0x4fb8, 0x4fb9, 0x0f6c, 0x1733, 0x5632, 0x5633, 0x5634, 0x5635, 0x1737, 0x1734, 0x5636, 0x1191, 0x1735,
    0x1705, 0x5638, 0x5639, 0x563a, 0x563b, 0x1738, 0x1739, 0x563d, 0x4fbc, 0x06fc, 0x4fbd, 0x173b, 0x0966, 0x0af8, 0x08f5, 0x074a,
    0x4fbe, 0x563f, 0x117c, 0x4fbf, 0x173d, 0x173c, 0x173f, 0x087e, 0x08f6, 0x0821, 0x1742, 0x4fc0, 0x1741, 0x1743, 0x5640, 0x0774,
    0x0da3, 0x1744, 0x0822, 0x1746, 0x4fc1, 0x5641, 0x1745, 0x1747, 0x1748, 0x4fc2, 0x1749, 0x0ad7, 0x0c86, 0x0a3b, 0x4fc3, 0x1014,
    0x4fc4, 0x1064, 0x121e, 0x5642, 0x0aee, 0x0a6a, 0x11ee, 0x5643, 0x4fc5, 0x174a, 0x174b, 0x5644, 0x0ad9, 0x174c, 0x174d, 0x5645,
    0x4fc6, 0x174f, 0x174e, 0x10b8, 0x0b93, 0x0b43, 0x0abc, 0x1750, 0x1752, 0x0c15, 0x1751, 0x5646, 0x1753, 0x1754, 0x4fc7, 0x1755,
    0x1756, 0x4fc8, 0x5647, 0x1757, 0x1759, 0x1758, 0x175a, 0x074b, 0x0db6, 0x175b, 0x0a9e, 0x07d0, 0x175c, 0x5649, 0x564a, 0x0e6b,
    0x13ff, 0x0864, 0x175d, 0x564b, 0x564c, 0x564d, 0x175e, 0x106e, 0x10c9, 0x4fca, 0x0ecf, 0x175f, 0x0fab, 0x4fcb, 0x4fcc, 0x0fc0,
    0x564e, 0x1112, 0x1760, 0x564f, 0x5650, 0x1762, 0x1761, 0x5651, 0x1764, 0x5652, 0x1763, 0x4fcd, 0x5653, 0x4fce, 0x1767, 0x5654,
    0x5655, 0x0ada, 0x4fcf, 0x10f0, 0x1768, 0x1769, 0x0865, 0x176a, 0x176c, 0x176b, 0x4fd0, 0x0c58, 0x5656, 0x5657, 0x0fdc, 0x0711,
    0x5658, 0x0f8a, 0x565a, 0x0e40, 0x0b76, 0x08a3, 0x565b, 0x0f8b, 0x0b05, 0x176e, 0x0823, 0x4fd1, 0x0740, 0x565c, 0x4fd2, 0x0efa,
    0x176d, 0x09f9, 0x0dbf, 0x176f, 0x5674, 0x1777, 0x1770, 0x565d, 0x0d4f, 0x08a4, 0x1778, 0x4fd4, 0x4fd5, 0x0967, 0x0866, 0x1776,
    0x1774, 0x1771, 0x117e, 0x565e, 0x4fd6, 0x4fd7, 0x0e0b, 0x565f, 0x0ee1, 0x1772, 0x177a, 0x1779, 0x0921, 0x5661, 0x5662, 0x0753,
    0x5663, 0x4fd8, 0x0a55, 0x1773, 0x1775, 0x4fd9, 0x10b7, 0x0d82, 0x4fd3, 0x10d8, 0x5664, 0x1782, 0x1783, 0x0775, 0x102a, 0x113c,
    0x1785, 0x0afa, 0x0bd6, 0x177e, 0x1784, 0x0730, 0x08d7, 0x5665, 0x177b, 0x1780, 0x4fdb, 0x0cc5, 0x0f58, 0x0fac, 0x5666, 0x177d,
    0x4fdc, 0x1081, 0x5668, 0x177f, 0x1788, 0x5669, 0x1786, 0x566a, 0x1781, 0x4fdd, 0x1082, 0x0f2e, 0x08a5, 0x0e4e, 0x0dda, 0x566b,
    0x1789, 0x4fde, 0x566c, 0x566d, 0x4fdf, 0x1787, 0x0d67, 0x177c, 0x0712, 0x4fda, 0x566f, 0x4fe1, 0x5670, 0x116b, 0x1794, 0x4fe2,
    0x1793, 0x0cc7, 0x1790, 0x118a, 0x0ebe, 0x178a, 0x5671, 0x0e10, 0x5672, 0x5673, 0x0713, 0x09fa, 0x178d, 0x4fe3, 0x5675, 0x4fe4,
    0x0b5c, 0x1792, 0x568a, 0x1791, 0x178c, 0x178f, 0x4fe5, 0x07ed, 0x5676, 0x178e, 0x0f2f, 0x4fe6, 0x11aa, 0x0c08, 0x0cc6, 0x4fe7,
    0x179a, 0x1798, 0x5677, 0x0ff0, 0x5678, 0x5679, 0x1795, 0x1797, 0x4fe8, 0x0701, 0x09fb, 0x120c, 0x07c1, 0x1006, 0x567a, 0x117f,
    0x07a8, 0x0c2d, 0x1799, 0x567b, 0x567c, 0x4fea, 0x179e, 0x4feb, 0x0bd7, 0x4fec, 0x567d, 0x114d, 0x567e, 0x179b, 0x567f, 0x1796,
    0x4fed, 0x179c, 0x5680, 0x11da, 0x0e9d, 0x0eca, 0x4fee, 0x5686, 0x4fef, 0x5687, 0x07ba, 0x071c, 0x5688, 0x17a2, 0x17a5, 0x11bf,
    0x4ff0, 0x1182, 0x5689, 0x4ff1, 0x17ac, 0x17a6, 0x17a3, 0x568b, 0x11d0, 0x17a9, 0x568c, 0x568d, 0x568e, 0x0b7f, 0x17ab, 0x17b0,
    0x4ff2, 0x0e9b, 0x17ae, 0x4ff3, 0x4ff4, 0x4ff5, 0x17a8, 0x568f, 0x0da4, 0x17af, 0x17a4, 0x17aa, 0x5690, 0x17b1, 0x06e5, 0x17a7,
    0x17b2, 0x0c2e, 0x0b94, 0x1027, 0x5691, 0x0a48, 0x179f, 0x17ad, 0x0e63, 0x4ff6, 0x0c87, 0x07ee, 0x0a6b, 0x0bd8, 0x17a1, 0x0b77,
    0x094a, 0x17a0, 0x5682, 0x17b6, 0x0ba3, 0x0997, 0x17c5, 0x5693, 0x17bf, 0x08b6, 0x0e78, 0x5694, 0x17ba, 0x17c3, 0x0698, 0x06f9,
    0x5695, 0x075f, 0x17bc, 0x0d3a, 0x17b3, 0x17b5, 0x09fc, 0x5697, 0x4ff8, 0x5692, 0x17c6, 0x17c1, 0x5698, 0x17b9, 0x17c0, 0x4ff9,
    0x5699, 0x569a, 0x10ea, 0x569b, 0x569c, 0x17be, 0x17c2, 0x569d, 0x569e, 0x569f, 0x56a0, 0x09ad, 0x56a1, 0x0bd9, 0x0da5, 0x4ffa,
    0x4ffb, 0x17b8, 0x56a2, 0x114c, 0x17bb, 0x17b4, 0x0e9c, 0x17b7, 0x17bd, 0x122b, 0x0b15, 0x10df, 0x17c7, 0x0f73, 0x17d3, 0x0998,
    0x56a4, 0x0b96, 0x17c9, 0x11ab, 0x09fd, 0x17d6, 0x06d7, 0x17d4, 0x56a5, 0x17c8, 0x4ffc, 0x17ce, 0x4ffd, 0x17d0, 0x56a6, 0x116c,
    0x17cb, 0x0e57, 0x17cd, 0x56a7, 0x4ffe, 0x17d5, 0x56a8, 0x17cf, 0x1106, 0x4fff, 0x17ca, 0x56a9, 0x0af9, 0x17e2, 0x5000, 0x07ef,
    0x17cc, 0x17d1, 0x17d2, 0x56aa, 0x0d7a, 0x0d68, 0x56ac, 0x17da, 0x17e0, 0x17de, 0x0e52, 0x4725, 0x17db, 0x56ad, 0x56ae, 0x17dc,
    0x17c4, 0x08bb, 0x0fdd, 0x0b16, 0x0a33, 0x56af, 0x56b0, 0x120d, 0x5001, 0x17d8, 0x4724, 0x0731, 0x0d16, 0x56b1, 0x5002, 0x0f60,
    0x0824, 0x11f6, 0x56b2, 0x5004, 0x10e0, 0x0e1d, 0x5005, 0x17df, 0x17e1, 0x5006, 0x56ab, 0x56b3, 0x0ce1, 0x56b4, 0x4723, 0x17dd,
    0x17d7, 0x0826, 0x5007, 0x56b6, 0x0968, 0x56b7, 0x4731, 0x5008, 0x56b8, 0x472c, 0x0cc9, 0x5009, 0x07e8, 0x56b9, 0x500a, 0x500b,
    0x0b97, 0x4735, 0x56ba, 0x472e, 0x0df7, 0x472b, 0x0e24, 0x474e, 0x4728, 0x4727, 0x4730, 0x56bc, 0x500c, 0x472a, 0x4729, 0x472f,
    0x0c72, 0x4726, 0x500d, 0x500e, 0x500f, 0x4732, 0x56bd, 0x4733, 0x5010, 0x56be, 0x0825, 0x56bb, 0x56c0, 0x5011, 0x4738, 0x4737,
    0x4739, 0x56c1, 0x5012, 0x473c, 0x56c2, 0x0e6c, 0x4736, 0x56c4, 0x5013, 0x473a, 0x5014, 0x56bf, 0x0962, 0x0d87, 0x4734, 0x0f21,
    0x473b, 0x5015, 0x56c5, 0x56c6, 0x5016, 0x4740, 0x473e, 0x4741, 0x56c7, 0x4744, 0x56c8, 0x473d, 0x0a26, 0x0f0e, 0x179d, 0x56c9,
    0x1192, 0x473f, 0x4743, 0x0d83, 0x5018, 0x4742, 0x472d, 0x5019, 0x4d54, 0x5017, 0x4747, 0x56cb, 0x474b, 0x56cc, 0x4749, 0x501a,
    0x501b, 0x56cd, 0x4745, 0x56ce, 0x4746, 0x474a, 0x4748, 0x0ff1, 0x4750, 0x474d, 0x474c, 0x474f, 0x0edc, 0x4751, 0x56cf, 0x0de2,
    0x0d7b, 0x501c, 0x0c76, 0x4752, 0x4754, 0x56d1, 0x56d2, 0x56d3, 0x4753, 0x56d4, 0x56d5, 0x501d, 0x56d6, 0x17d9, 0x5020, 0x4755,
    0x56d8, 0x0eef, 0x501e, 0x501f, 0x4756, 0x5021, 0x56d9, 0x56da, 0x0776, 0x56db, 0x56dc, 0x0e9e, 0x07a9, 0x5022, 0x56dd, 0x08a6,
    0x0b35, 0x0a6c, 0x56de, 0x56df, 0x5023, 0x56e0, 0x1201, 0x0c59, 0x0732, 0x4758, 0x56e1, 0x56e2, 0x4757, 0x56e6, 0x5024, 0x5025,
    0x475b, 0x0da6, 0x475e, 0x4759, 0x56e7, 0x475d, 0x5026, 0x475c, 0x0e69, 0x06c2, 0x56e4, 0x11f1, 0x56ea, 0x4760, 0x06ef, 0x56eb,
    0x56ec, 0x5027, 0x5028, 0x4763, 0x56ed, 0x4761, 0x475f, 0x5029, 0x56e9, 0x475a, 0x1083, 0x4765, 0x56ee, 0x56ef, 0x56f0, 0x56f1,
    0x56f2, 0x4764, 0x56f3, 0x502a, 0x0733, 0x4767, 0x1034, 0x4766, 0x502c, 0x502d, 0x10f4, 0x0bdb, 0x502b, 0x502e, 0x56f5, 0x502f,
    0x56f6, 0x0ce2, 0x0bda, 0x5030, 0x5031, 0x11f7, 0x56f8, 0x476d, 0x0cca, 0x56f7, 0x5032, 0x5034, 0x56f9, 0x4769, 0x476e, 0x0734,
    0x5035, 0x56fa, 0x5036, 0x476c, 0x0f48, 0x4768, 0x476b, 0x0bdc, 0x5037, 0x0f96, 0x476f, 0x0b28, 0x0ccb, 0x56fd, 0x4772, 0x5039,
    0x503a, 0x476a, 0x0925, 0x4770, 0x503b, 0x116d, 0x4773, 0x56fc, 0x4ee9, 0x56fe, 0x0b84, 0x56ff, 0x5700, 0x4774, 0x4775, 0x5701,
    0x5702, 0x0f14, 0x5703, 0x4777, 0x503d, 0x4778, 0x503c, 0x0f19, 0x503f, 0x0e9f, 0x477a, 0x5705, 0x477c, 0x11d1, 0x4779, 0x5706,
    0x477b, 0x0735, 0x4776, 0x5707, 0x5708, 0x13af, 0x477d, 0x0d17, 0x0ab0, 0x477f, 0x477e, 0x0c16, 0x134f, 0x4780, 0x4782, 0x4771,
    0x4781, 0x5040, 0x4783, 0x5041, 0x0f61, 0x5709, 0x4784, 0x4785, 0x5042, 0x4786, 0x4787, 0x0e29, 0x570c, 0x4789, 0x4788, 0x478a,
    0x478b, 0x570d, 0x0b36, 0x1007, 0x570e, 0x570f, 0x112b, 0x478c, 0x478d, 0x0d05, 0x0afb, 0x478e, 0x478f, 0x5711, 0x4790, 0x1054,
    0x0f8c, 0x4791, 0x0f3d, 0x0df8, 0x5712, 0x5043, 0x5044, 0x5713, 0x4792, 0x078d, 0x08af, 0x1105, 0x10f5, 0x075a, 0x120e, 0x5714,
    0x10b2, 0x102c, 0x5716, 0x5717, 0x0c88, 0x4793, 0x5718, 0x0ecb, 0x0980, 0x4794, 0x5719, 0x0a6e, 0x4796, 0x4795, 0x4797, 0x5046,
    0x571a, 0x4798, 0x4799, 0x5047, 0x087f, 0x479a, 0x479b, 0x0981, 0x571c, 0x571d, 0x0f8d, 0x571e, 0x571f, 0x479d, 0x0c09, 0x479c,
    0x5048, 0x5049, 0x5720, 0x08d8, 0x479e, 0x47a0, 0x479f, 0x5722, 0x47a1, 0x09ae, 0x47a2, 0x0909, 0x0cef, 0x0a39, 0x47a4, 0x47a5,
    0x47a3, 0x0b44, 0x0ed0, 0x08d9, 0x5725, 0x47a7, 0x0d98, 0x47a6, 0x5726, 0x504a, 0x120f, 0x0f49, 0x5727, 0x47aa, 0x5728, 0x47ac,
    0x47a9, 0x5729, 0x572a, 0x1113, 0x47ab, 0x47ad, 0x11c0, 0x47b1, 0x504c, 0x504d, 0x47b0, 0x0de3, 0x0f13, 0x572d, 0x0982, 0x47af,
    0x572e, 0x572f, 0x47ae, 0x114e, 0x114f, 0x572c, 0x5730, 0x47b2, 0x0736, 0x0a32, 0x0adb, 0x47b3, 0x47b4, 0x504f, 0x5731, 0x47b6,
    0x0b78, 0x5050, 0x47b8, 0x47b7, 0x5733, 0x5734, 0x5736, 0x5737, 0x47b9, 0x5738, 0x07d1, 0x47bb, 0x5739, 0x47ba, 0x47bd, 0x47bc,
    0x5051, 0x573a, 0x0999, 0x573b, 0x11a4, 0x08ec, 0x573c, 0x074c, 0x573d, 0x5052, 0x090a, 0x573e, 0x573f, 0x5740, 0x5053, 0x5054,
    0x5055, 0x5741, 0x5056, 0x5742, 0x0844, 0x5057, 0x11e4, 0x47bf, 0x5743, 0x5744, 0x5745, 0x47c1, 0x5746, 0x5747, 0x47c2, 0x0777,
    0x5748, 0x47be, 0x5058, 0x0ab1, 0x5749, 0x0e0c, 0x47c0, 0x5059, 0x505a, 0x505b, 0x47c5, 0x0b45, 0x574a, 0x505c, 0x47c3, 0x574b,
    0x505d, 0x093c, 0x0f8e, 0x47c4, 0x47df, 0x47ca, 0x574c, 0x574e, 0x099a, 0x574f, 0x08a7, 0x47c7, 0x119b, 0x505e, 0x11ac, 0x505f,
    0x574d, 0x5060, 0x5061, 0x0d84, 0x5750, 0x47c9, 0x5063, 0x5064, 0x5065, 0x5066, 0x5067, 0x5068, 0x5069, 0x506a, 0x5751, 0x47cb,
    0x11d2, 0x08f7, 0x0fc1, 0x0f30, 0x5752, 0x47cc, 0x47ce, 0x5754, 0x47d1, 0x5755, 0x506b, 0x506c, 0x506d, 0x506e, 0x5756, 0x5757,
    0x5753, 0x47cd, 0x506f, 0x47d0, 0x09c7, 0x0714, 0x47d2, 0x5758, 0x0c63, 0x47cf, 0x11d8, 0x5070, 0x47d5, 0x4ee7, 0x47d3, 0x47d6,
    0x5071, 0x5072, 0x47c8, 0x47d4, 0x5759, 0x0a56, 0x47d7, 0x47d8, 0x575a, 0x119c, 0x575b, 0x5073, 0x5074, 0x575c, 0x5075, 0x47d9,
    0x507a, 0x575e, 0x575f, 0x5076, 0x5760, 0x5077, 0x47da, 0x5078, 0x5761, 0x5762, 0x47c6, 0x5079, 0x5763, 0x507b, 0x47db, 0x507c,
    0x507d, 0x5764, 0x5765, 0x0827, 0x507e, 0x5766, 0x5768, 0x5767, 0x0afc, 0x507f, 0x5080, 0x5081, 0x47dc, 0x47dd, 0x47de, 0x5769,
    0x576a, 0x5082, 0x0702, 0x576b, 0x47e0, 0x0fde, 0x47e1, 0x0807, 0x47e2, 0x47e3, 0x576d, 0x47e4, 0x576c, 0x47e6, 0x47e7, 0x47e5,
    0x0ff6, 0x47e9, 0x47e8, 0x576f, 0x5083, 0x5084, 0x47eb, 0x47ea, 0x47ec, 0x47ed, 0x47ef, 0x47ee, 0x0a35, 0x47f1, 0x47f0, 0x5085,
    0x0828, 0x0c45, 0x0e65, 0x47f2, 0x0c89, 0x5771, 0x0ab2, 0x5772, 0x0741, 0x47f3, 0x116e, 0x5773, 0x1065, 0x47f4, 0x5086, 0x0e6d,
    0x1150, 0x09fe, 0x0c2f, 0x0db7, 0x132a, 0x0df9, 0x078e, 0x47f5, 0x5776, 0x5777, 0x5778, 0x47f6, 0x47fb, 0x5779, 0x47f9, 0x47f8,
    0x162c, 0x07aa, 0x47f7, 0x577a, 0x06c3, 0x577b, 0x0f6f, 0x577c, 0x0f8f, 0x11ad, 0x47fc, 0x47fa, 0x0dc8, 0x0c77, 0x0f70, 0x0fd0,
    0x47fe, 0x11a8, 0x094b, 0x47ff, 0x47fd, 0x0f9b, 0x4800, 0x577d, 0x4801, 0x5087, 0x06c4, 0x577f, 0x577e, 0x0c0a, 0x4806, 0x4803,
    0x0ef5, 0x4802, 0x5088, 0x5780, 0x5781, 0x5782, 0x0867, 0x5783, 0x4809, 0x4804, 0x4805, 0x4808, 0x4807, 0x0fc8, 0x5785, 0x0cf1,
    0x0cf0, 0x0880, 0x5089, 0x480a, 0x480b, 0x480c, 0x5787, 0x480e, 0x480d, 0x071d, 0x5789, 0x4816, 0x0fad, 0x4810, 0x4812, 0x578a,
    0x4814, 0x0c30, 0x4815, 0x4813, 0x0b17, 0x578b, 0x578c, 0x480f, 0x4811, 0x0fe5, 0x578d, 0x0bdd, 0x4818, 0x4817, 0x508b, 0x578e,
    0x4819, 0x578f, 0x0afd, 0x0a49, 0x0ea1, 0x481a, 0x0e16, 0x5790, 0x481c, 0x5791, 0x5792, 0x119d, 0x481b, 0x508c, 0x5793, 0x0d19,
    0x5794, 0x5795, 0x4822, 0x5796, 0x4824, 0x4825, 0x0dc0, 0x5797, 0x4823, 0x4820, 0x481d, 0x481e, 0x508d, 0x4821, 0x508e, 0x5798,
    0x579a, 0x508f, 0x4828, 0x4826, 0x4827, 0x579b, 0x579e, 0x5090, 0x5091, 0x5799, 0x5092, 0x579f, 0x57a1, 0x5093, 0x4829, 0x482b,
    0x482c, 0x482d, 0x482e, 0x57a3, 0x52f1, 0x482a, 0x57a4, 0x5094, 0x4830, 0x57a6, 0x482f, 0x5095, 0x4831, 0x57a5, 0x57a9, 0x11c1,
    0x5096, 0x4834, 0x4832, 0x4833, 0x57ab, 0x5097, 0x0845, 0x113d, 0x57ac, 0x104c, 0x4836, 0x4835, 0x4837, 0x4838, 0x5098, 0x5099,
    0x483c, 0x4839, 0x483a, 0x483b, 0x483d, 0x509a, 0x57ae, 0x509b, 0x483e, 0x509c, 0x483f, 0x4840, 0x4841, 0x0f74, 0x0e79, 0x4842,
    0x0f59, 0x0fd7, 0x4843, 0x509d, 0x4844, 0x0e53, 0x07ab, 0x09ff, 0x4845, 0x4846, 0x4847, 0x0aa1, 0x4849, 0x57af, 0x4848, 0x484a,
    0x484b, 0x509e, 0x57b0, 0x509f, 0x50a0, 0x57b2, 0x57b1, 0x50a1, 0x57b3, 0x57b4, 0x50a2, 0x0fae, 0x57b5, 0x484c, 0x484d, 0x50a3,
    0x4ece, 0x484e, 0x484f, 0x4850, 0x0aa6, 0x4851, 0x0f3c, 0x50a4, 0x10bf, 0x0715, 0x57b7, 0x071e, 0x50a5, 0x4852, 0x50a6, 0x4854,
    0x50a7, 0x4853, 0x0e9a, 0x0c8a, 0x173e, 0x4855, 0x1100, 0x4856, 0x0829, 0x0f9c, 0x4857, 0x50a8, 0x4858, 0x57b9, 0x4859, 0x57ba,
    0x111b, 0x50a9, 0x1114, 0x0e09, 0x0d1a, 0x485b, 0x50aa, 0x0b98, 0x0bde, 0x485e, 0x485d, 0x485c, 0x0fc2, 0x50ab, 0x082a, 0x0986,
    0x57bc, 0x50ac, 0x57bd, 0x4864, 0x4861, 0x0c31, 0x10f1, 0x4860, 0x4862, 0x4863, 0x485f, 0x57be, 0x50ad, 0x57bf, 0x50ae, 0x4865,
    0x4866, 0x0dfa, 0x0846, 0x0dd2, 0x50af, 0x4867, 0x50b0, 0x50b1, 0x57c4, 0x4868, 0x486b, 0x50b2, 0x50b3, 0x57c5, 0x0c5a, 0x50b4,
    0x0ecc, 0x486c, 0x10b3, 0x4869, 0x57c6, 0x486a, 0x57c8, 0x486f, 0x50b5, 0x57c9, 0x57ca, 0x486e, 0x486d, 0x50b6, 0x4871, 0x4870,
    0x4872, 0x50b7, 0x57cd, 0x4874, 0x57ce, 0x4873, 0x57cf, 0x57d0, 0x104f, 0x57d1, 0x50b8, 0x0b8b, 0x11c2, 0x4875, 0x0ebf, 0x4876,
    0x4877, 0x487b, 0x4879, 0x487a, 0x4878, 0x487c, 0x487d, 0x487e, 0x487f, 0x10f6, 0x4880, 0x57d2, 0x57d3, 0x50b9, 0x112f, 0x4881,
    0x57d4, 0x0dba, 0x57d5, 0x0f51, 0x090b, 0x57d6, 0x57d7, 0x0da7, 0x4882, 0x08da, 0x57d9, 0x0ca1, 0x57da, 0x57db, 0x4883, 0x0a57,
    0x57dd, 0x57de, 0x57df, 0x4884, 0x57e0, 0x4885, 0x0983, 0x0a6f, 0x57e1, 0x4887, 0x57e2, 0x0e7f, 0x0a70, 0x088f, 0x57e3, 0x50ba,
    0x1084, 0x0f31, 0x0e80, 0x0a17, 0x50bc, 0x4889, 0x57e4, 0x50bd, 0x50be, 0x50bf, 0x0bdf, 0x57e5, 0x50c0, 0x57e6, 0x11ae, 0x0a00,
    0x50c1, 0x0984, 0x0f68, 0x488b, 0x488d, 0x09c8, 0x488c, 0x0e41, 0x57e8, 0x488f, 0x07bb, 0x488a, 0x0faf, 0x06f7, 0x57e9, 0x0a86,
    0x122c, 0x488e, 0x57eb, 0x57ec, 0x57ed, 0x4890, 0x57ea, 0x104d, 0x0caa, 0x4892, 0x50c5, 0x4893, 0x50c3, 0x4891, 0x07d2, 0x57ee,
    0x4899, 0x4898, 0x0afe, 0x489a, 0x4895, 0x57ef, 0x489b, 0x4896, 0x57f0, 0x57f1, 0x0f9d, 0x4894, 0x4897, 0x57f2, 0x489e, 0x57f3,
    0x57f4, 0x50c6, 0x57f5, 0x489d, 0x10c2, 0x489c, 0x06d4, 0x50c7, 0x48a0, 0x50c9, 0x57f6, 0x57f7, 0x57f8, 0x489f, 0x57f9, 0x50c8,
    0x0be0, 0x48a1, 0x0cf2, 0x57fb, 0x48a3, 0x48a2, 0x48a4, 0x57fc, 0x50ca, 0x57fe, 0x4886, 0x4888, 0x48a6, 0x48a5, 0x50cb, 0x57fd,
    0x50cc, 0x50cd, 0x0aff, 0x57ff, 0x11e5, 0x0b29, 0x48a7, 0x0935, 0x50d0, 0x50d1, 0x0881, 0x0868, 0x0adc, 0x5800, 0x1151, 0x48ad,
    0x48ac, 0x0cf3, 0x48a9, 0x5801, 0x48ab, 0x5802, 0x50d5, 0x0b80, 0x0c32, 0x48aa, 0x48a8, 0x0f10, 0x0be1, 0x5804, 0x0fdf, 0x0a71,
    0x5805, 0x0ea2, 0x50d9, 0x48ae, 0x48af, 0x48c5, 0x08f8, 0x1217, 0x0ce4, 0x48b0, 0x0778, 0x0e42, 0x1023, 0x5806, 0x5807, 0x5808,
    0x50dd, 0x5809, 0x48b1, 0x580a, 0x08bc, 0x48b2, 0x580b, 0x48b4, 0x48b5, 0x0f0f, 0x50de, 0x48b6, 0x580c, 0x50df, 0x48b7, 0x48b8,
    0x580d, 0x08f9, 0x0779, 0x0ecd, 0x0b5d, 0x0add, 0x580e, 0x580f, 0x50e0, 0x48b9, 0x50e1, 0x0b5e, 0x5810, 0x5811, 0x0770, 0x0fe6,
    0x50e3, 0x48ba, 0x5812, 0x0fb0, 0x50e4, 0x0cf4, 0x48bd, 0x48be, 0x0f50, 0x0c33, 0x48bb, 0x0dce, 0x50e5, 0x48bc, 0x50e6, 0x0be2,
    0x06c5, 0x086a, 0x50e7, 0x48bf, 0x5817, 0x0e43, 0x48c0, 0x0c98, 0x5818, 0x10ec, 0x5819, 0x0fc6, 0x48c1, 0x48c2, 0x0dc1, 0x581a,
    0x11c3, 0x581b, 0x48c4, 0x48c3, 0x581d, 0x0b46, 0x48c6, 0x06d9, 0x48c9, 0x581e, 0x50e9, 0x48c7, 0x077a, 0x094c, 0x48c8, 0x0a01,
    0x0a2e, 0x1068, 0x48ca, 0x10b4, 0x581f, 0x48cc, 0x5820, 0x0ca2, 0x0716, 0x0760, 0x0695, 0x5821, 0x48cb, 0x5822, 0x5823, 0x50ea,
    0x5824, 0x5825, 0x48cd, 0x48ce, 0x0c0b, 0x5826, 0x48cf, 0x5827, 0x07d3, 0x50eb, 0x48d1, 0x0969, 0x5828, 0x08a8, 0x5829, 0x48d2,
    0x0915, 0x48d3, 0x0ccd, 0x0ed5, 0x582a, 0x0cb1, 0x0a8f, 0x50ed, 0x48d4, 0x582b, 0x582c, 0x0dcf, 0x0d1b, 0x48d6, 0x48d8, 0x48d5,
    0x48d7, 0x0920, 0x50ee, 0x582d, 0x48d9, 0x0924, 0x582e, 0x08a9, 0x116f, 0x48db, 0x50f0, 0x48dd, 0x5831, 0x06f5, 0x50f1, 0x5832,
    0x5833, 0x48e0, 0x07fb, 0x48df, 0x48de, 0x48e2, 0x48da, 0x48e3, 0x11a5, 0x5835, 0x48e4, 0x50f2, 0x48e5, 0x5836, 0x1427, 0x48e7,
    0x48e6, 0x48e8, 0x48e9, 0x11b1, 0x48ea, 0x4db8, 0x0be3, 0x48eb, 0x48ec, 0x0b8c, 0x0ec0, 0x48ed, 0x5837, 0x5838, 0x0d94, 0x50f3,
    0x48ee, 0x0da8, 0x48ef, 0x5839, 0x08c5, 0x12d6, 0x0dc9, 0x0b0a, 0x50f4, 0x082b, 0x48f0, 0x48fd, 0x48f3, 0x583c, 0x08aa, 0x48f2,
    0x48ff, 0x48f1, 0x0be4, 0x50f5, 0x48f5, 0x48f6, 0x0e54, 0x48f7, 0x07e2, 0x0c4c, 0x1008, 0x583f, 0x48f9, 0x5840, 0x0d76, 0x50f6,
    0x5841, 0x5842, 0x5843, 0x48f4, 0x48f8, 0x48fa, 0x0a95, 0x50f7, 0x583e, 0x5847, 0x4901, 0x0fd1, 0x50f8, 0x0f6b, 0x0ea3, 0x08fa,
    0x4900, 0x48fe, 0x50f9, 0x0f7a, 0x48fb, 0x0dca, 0x0ea5, 0x0ea4, 0x5849, 0x0a90, 0x4913, 0x50fa, 0x584b, 0x4903, 0x584c, 0x4905,
    0x584d, 0x4908, 0x50fc, 0x4909, 0x50fd, 0x4906, 0x4907, 0x50fe, 0x584e, 0x4904, 0x4902, 0x584a, 0x48fc, 0x5846, 0x1051, 0x077b,
    0x4910, 0x490d, 0x4912, 0x5851, 0x5852, 0x4911, 0x0f5a, 0x10e6, 0x0ab3, 0x490b, 0x4914, 0x490f, 0x5853, 0x490e, 0x490a, 0x50ff,
    0x490c, 0x082c, 0x0da9, 0x0cce, 0x5855, 0x0f67, 0x4919, 0x5856, 0x0f69, 0x5857, 0x0cb2, 0x4916, 0x0f94, 0x5858, 0x491a, 0x1055,
    0x0dc7, 0x5859, 0x4915, 0x4917, 0x4918, 0x585c, 0x585e, 0x5101, 0x5102, 0x585f, 0x491b, 0x0b1b, 0x0ece, 0x4920, 0x491f, 0x491c,
    0x5860, 0x1210, 0x5861, 0x4925, 0x4929, 0x4926, 0x4922, 0x5103, 0x5862, 0x4923, 0x5863, 0x4928, 0x5864, 0x5865, 0x491d, 0x134b,
    0x4924, 0x491e, 0x4927, 0x5105, 0x492d, 0x5106, 0x082d, 0x492a, 0x5866, 0x492b, 0x492c, 0x492f, 0x5104, 0x5107, 0x5108, 0x492e,
    0x0fbb, 0x4930, 0x11f8, 0x106f, 0x4935, 0x4932, 0x5867, 0x5868, 0x4931, 0x0ca3, 0x4934, 0x4936, 0x5869, 0x4933, 0x493a, 0x586a,
    0x4937, 0x510b, 0x586b, 0x4938, 0x4921, 0x586c, 0x4939, 0x493b, 0x586d, 0x493c, 0x510c, 0x586e, 0x586f, 0x5870, 0x1048, 0x493d,
    0x510d, 0x1121, 0x08ee, 0x0927, 0x493e, 0x1036, 0x0c5b, 0x10ef, 0x510e, 0x493f, 0x11af, 0x510f, 0x0f5b, 0x0cf5, 0x0f1a, 0x0b82,
    0x06a9, 0x5110, 0x4944, 0x4942, 0x4940, 0x0804, 0x5874, 0x0be5, 0x4945, 0x4943, 0x4941, 0x4949, 0x4948, 0x4947, 0x4946, 0x5876,
    0x5877, 0x494a, 0x5111, 0x494b, 0x0c8b, 0x5878, 0x494c, 0x494e, 0x587a, 0x494d, 0x587c, 0x09af, 0x587d, 0x0ce7, 0x4950, 0x5112,
    0x0ea6, 0x587f, 0x494f, 0x5113, 0x4951, 0x5114, 0x1037, 0x0d1c, 0x0a02, 0x4952, 0x5881, 0x11c4, 0x5882, 0x4954, 0x4955, 0x4956,
    0x5884, 0x4957, 0x0ade, 0x4958, 0x094d, 0x08ac, 0x086b, 0x495a, 0x5885, 0x1132, 0x0a03, 0x4959, 0x5115, 0x5116, 0x5886, 0x495d,
    0x1125, 0x0f22, 0x0fd6, 0x5888, 0x5117, 0x0b99, 0x495c, 0x0b2a, 0x0a04, 0x0adf, 0x08ab, 0x1038, 0x495b, 0x5118, 0x5889, 0x0cf6,
    0x10a2, 0x0a91, 0x5119, 0x0ae0, 0x0e28, 0x4960, 0x11db, 0x0a73, 0x511a, 0x4961, 0x0c34, 0x4963, 0x0be6, 0x0a4a, 0x588c, 0x588d,
    0x4962, 0x588e, 0x511b, 0x0b5f, 0x099b, 0x0cf7, 0x495e, 0x4964, 0x588f, 0x511c, 0x495f, 0x094e, 0x4967, 0x496b, 0x096a, 0x511d,
    0x4966, 0x5893, 0x5894, 0x496f, 0x511e, 0x0a05, 0x118b, 0x06a5, 0x496c, 0x08ad, 0x4969, 0x5895, 0x496a, 0x5896, 0x0ea7, 0x4968,
    0x4965, 0x07ac, 0x0cb5, 0x0985, 0x511f, 0x4971, 0x5898, 0x5120, 0x589a, 0x589b, 0x496e, 0x5121, 0x589c, 0x4970, 0x496d, 0x589d,
    0x094f, 0x0d41, 0x4972, 0x0d1e, 0x589f, 0x497f, 0x5122, 0x497b, 0x4975, 0x5123, 0x58a0, 0x58a1, 0x4979, 0x0b51, 0x06c6, 0x4974,
    0x497c, 0x4980, 0x0a06, 0x1115, 0x0e21, 0x4976, 0x58a2, 0x58a3, 0x497e, 0x4973, 0x0daa, 0x4978, 0x06a6, 0x1109, 0x58a4, 0x5124,
    0x4977, 0x08fb, 0x0fb1, 0x5125, 0x0d1d, 0x11cc, 0x0ba5, 0x49a8, 0x5126, 0x58a5, 0x4981, 0x58a6, 0x0ccf, 0x497d, 0x4982, 0x4984,
    0x0e44, 0x4987, 0x5127, 0x4983, 0x58a7, 0x1056, 0x082e, 0x110a, 0x06c7, 0x58a8, 0x4986, 0x11f9, 0x58a9, 0x4985, 0x0737, 0x0ef4,
    0x4988, 0x512a, 0x498f, 0x4989, 0x4990, 0x58ad, 0x512b, 0x498c, 0x512c, 0x58ae, 0x0f62, 0x58af, 0x0b21, 0x498e, 0x58b0, 0x498b,
    0x4991, 0x498a, 0x0b79, 0x58b1, 0x5129, 0x1085, 0x58b2, 0x0b81, 0x498d, 0x499a, 0x4995, 0x4998, 0x4996, 0x499b, 0x4994, 0x497a,
    0x0ca4, 0x0f90, 0x4997, 0x58b3, 0x4992, 0x512e, 0x0cd0, 0x0950, 0x0b60, 0x512f, 0x0c17, 0x0ce5, 0x499e, 0x49a0, 0x49a1, 0x499d,
    0x499f, 0x5130, 0x4993, 0x499c, 0x49a4, 0x49a3, 0x52f2, 0x10db, 0x0929, 0x58b4, 0x58b5, 0x49a2, 0x49a6, 0x49a5, 0x49a9, 0x58b6,
    0x49ab, 0x0ab4, 0x49a7, 0x58b7, 0x58b8, 0x49ac, 0x49ad, 0x5131, 0x49ae, 0x5132, 0x49b4, 0x0e64, 0x49b0, 0x58ba, 0x49af, 0x49b1,
    0x49b2, 0x49b3, 0x58bb, 0x58bc, 0x49b5, 0x49b6, 0x082f, 0x49b7, 0x49b8, 0x58bf, 0x58be, 0x58c0, 0x58c1, 0x58c2, 0x49b9, 0x5133,
    0x49ba, 0x49bb, 0x49bc, 0x58c3, 0x49bd, 0x49be, 0x58c6, 0x49c0, 0x49bf, 0x49c1, 0x49c2, 0x49c3, 0x58c8, 0x58c9, 0x58ca, 0x49c6,
    0x49c4, 0x49c5, 0x0a7b, 0x0951, 0x58cb, 0x0dc2, 0x0f78, 0x0ba6, 0x0f33, 0x0fb2, 0x49c7, 0x159a, 0x58cc, 0x58cd, 0x49c8, 0x49ca,
    0x1183, 0x49c9, 0x49cc, 0x49cb, 0x1170, 0x49cd, 0x0fc3, 0x58cf, 0x5135, 0x49ce, 0x58d2, 0x5136, 0x49d1, 0x58d3, 0x49d0, 0x49cf,
    0x49d2, 0x0930, 0x0cd1, 0x0882, 0x58d4, 0x49d6, 0x49d3, 0x49d4, 0x49d7, 0x49d8, 0x49d5, 0x06f0, 0x5137, 0x074d, 0x58d6, 0x49da,
    0x49db, 0x49dc, 0x1180, 0x5138, 0x58d7, 0x0b61, 0x49de, 0x49dd, 0x5139, 0x513a, 0x0c5c, 0x49df, 0x58d8, 0x58d9, 0x49e0, 0x49e1,
    0x0848, 0x513b, 0x513c, 0x58da, 0x0830, 0x58db, 0x49e2, 0x49e3, 0x513d, 0x10bd, 0x1181, 0x1171, 0x1211, 0x58dc, 0x0a08, 0x49e6,
    0x0b2b, 0x49e5, 0x58de, 0x58dd, 0x49e7, 0x0b00, 0x58df, 0x0d5f, 0x58e0, 0x49e8, 0x513f, 0x0a07, 0x58e1, 0x1116, 0x49e9, 0x49ea,
    0x49eb, 0x49ec, 0x58e2, 0x5140, 0x49ed, 0x58e3, 0x58e4, 0x0b01, 0x5141, 0x112c, 0x5142, 0x49ef, 0x5143, 0x0dab, 0x49ee, 0x58e5,
    0x49f1, 0x49f0, 0x49f2, 0x0c8c, 0x49f3, 0x49f4, 0x103b, 0x49f5, 0x0d1f, 0x49f6, 0x58e6, 0x49f7, 0x11fa, 0x49fa, 0x58e7, 0x49f9,
    0x49f8, 0x0dfb, 0x58e8, 0x49fb, 0x0c18, 0x49fc, 0x58e9, 0x49fd, 0x1212, 0x49fe, 0x49ff, 0x4a01, 0x4a00, 0x0f6a, 0x0f01, 0x1218,
    0x0f6e, 0x4a03, 0x0be7, 0x0fcd, 0x58ea, 0x4a04, 0x4a02, 0x58eb, 0x0831, 0x09b1, 0x0ae1, 0x58ec, 0x0fb3, 0x58ed, 0x0987, 0x10a3,
    0x4a07, 0x4a05, 0x0a09, 0x0a0a, 0x06d2, 0x0a82, 0x58ee, 0x0f3f, 0x06c8, 0x4a0c, 0x58f0, 0x0dac, 0x5144, 0x0f3e, 0x0d69, 0x58f1,
    0x4a0e, 0x5145, 0x58f2, 0x4a0a, 0x4a0d, 0x4a08, 0x4a0b, 0x1086, 0x5146, 0x09b2, 0x06e6, 0x4a09, 0x58f3, 0x4a10, 0x4a11, 0x5147,
    0x0ec1, 0x58f6, 0x08db, 0x58f7, 0x4a1c, 0x0f23, 0x0ae2, 0x08dc, 0x0c99, 0x1220, 0x10ed, 0x4a0f, 0x0ca5, 0x58f5, 0x58fa, 0x5148,
    0x0894, 0x4a12, 0x58fb, 0x4a14, 0x58fd, 0x58fe, 0x4a13, 0x58ff, 0x4a15, 0x0d92, 0x0f24, 0x58f9, 0x0dfc, 0x5901, 0x4a19, 0x4a18,
    0x5149, 0x4a16, 0x0c47, 0x1009, 0x4a1b, 0x4a1a, 0x0a0b, 0x122d, 0x4a2b, 0x514a, 0x4a1f, 0x4a20, 0x514b, 0x514c, 0x5903, 0x0b47,
    0x514d, 0x4a1e, 0x0a34, 0x4a1d, 0x4a21, 0x0dfd, 0x1024, 0x0cd2, 0x0d6a, 0x4a25, 0x5905, 0x4a26, 0x4a22, 0x5907, 0x5908, 0x4a23,
    0x4a24, 0x0a0c, 0x4a2c, 0x4a28, 0x590a, 0x100a, 0x10cd, 0x0fcb, 0x4a27, 0x4a2a, 0x4a29, 0x10a4, 0x4a2d, 0x4a2e, 0x590b, 0x0ce6,
    0x4a2f, 0x4a31, 0x4a35, 0x514e, 0x4a32, 0x4a30, 0x0f25, 0x4a33, 0x590c, 0x4a34, 0x590d, 0x0758, 0x4a3b, 0x4a36, 0x514f, 0x4a37,
    0x5150, 0x4a38, 0x0d2f, 0x590e, 0x5151, 0x4a3a, 0x4a39, 0x4a3c, 0x590f, 0x4a3d, 0x4a3e, 0x0c35, 0x5911, 0x078f, 0x4a3f, 0x11d3,
    0x0b02, 0x5913, 0x0b62, 0x0ae3, 0x0dc3, 0x4a40, 0x4a41, 0x06f8, 0x5915, 0x4a42, 0x5916, 0x4a43, 0x4a44, 0x5918, 0x4a45, 0x4a46,
    0x08dd, 0x1614, 0x4a47, 0x0cb6, 0x4a48, 0x0b22, 0x4a49, 0x1269, 0x4a4a, 0x1060, 0x083f, 0x591b, 0x0cd3, 0x0b8d, 0x1015, 0x0b63,
    0x591c, 0x591d, 0x4a4b, 0x0a0d, 0x4a4c, 0x0f91, 0x4a5b, 0x591f, 0x4a4e, 0x5920, 0x0d57, 0x0f5c, 0x099c, 0x4a4d, 0x0cd4, 0x5921,
    0x4a4f, 0x5924, 0x5922, 0x0e45, 0x5923, 0x5926, 0x5928, 0x592a, 0x4a51, 0x4a50, 0x4a53, 0x592c, 0x4a52, 0x4a54, 0x5155, 0x4a57,
    0x592d, 0x4a55, 0x0832, 0x4a58, 0x4a59, 0x4a5a, 0x0a4b, 0x11c5, 0x4a5c, 0x0c19, 0x5156, 0x0738, 0x4a5d, 0x4a5e, 0x5931, 0x5933,
    0x4a5f, 0x5934, 0x5935, 0x5936, 0x06db, 0x4a60, 0x5158, 0x4a61, 0x5937, 0x100b, 0x0b1e, 0x4a63, 0x5159, 0x515a, 0x515b, 0x07ad,
    0x069b, 0x5938, 0x5939, 0x515c, 0x4a62, 0x4a65, 0x0f34, 0x515d, 0x0c36, 0x077c, 0x593a, 0x1087, 0x593b, 0x515e, 0x095b, 0x08fc,
    0x593c, 0x4a64, 0x593d, 0x0790, 0x515f, 0x5160, 0x0806, 0x5161, 0x0739, 0x4a69, 0x11e6, 0x0d6b, 0x5162, 0x0fe7, 0x4a75, 0x077d,
    0x4a73, 0x4a71, 0x4a68, 0x4a66, 0x593e, 0x4a67, 0x0b3a, 0x090c, 0x0de4, 0x593f, 0x0ed9, 0x0718, 0x4a6b, 0x4a6a, 0x5940, 0x4a70,
    0x4a6c, 0x4a6f, 0x5163, 0x5164, 0x5165, 0x5166, 0x110f, 0x4a6e, 0x077e, 0x0802, 0x4a72, 0x5941, 0x5942, 0x4a74, 0x5943, 0x0952,
    0x4a78, 0x4a81, 0x4a82, 0x5945, 0x0694, 0x5946, 0x5168, 0x4a89, 0x06da, 0x4a80, 0x5169, 0x4a7f, 0x5947, 0x4a7a, 0x4a79, 0x4a77,
    0x4a76, 0x0dd0, 0x0d89, 0x4a7c, 0x516a, 0x5948, 0x4a7b, 0x516b, 0x5949, 0x4a7e, 0x516c, 0x0d20, 0x0953, 0x0708, 0x4a7d, 0x516d,
    0x0a0e, 0x5944, 0x516e, 0x594a, 0x0d21, 0x5167, 0x55b2, 0x4a8f, 0x4a90, 0x077f, 0x0754, 0x4a8d, 0x516f, 0x594c, 0x4a83, 0x5170,
    0x4a8b, 0x4a92, 0x4a8c, 0x594f, 0x4a8a, 0x5171, 0x4a6d, 0x5950, 0x5951, 0x4a88, 0x5172, 0x4a84, 0x5952, 0x5953, 0x0833, 0x4a86,
    0x4a91, 0x4a87, 0x5173, 0x4a93, 0x5174, 0x4a85, 0x0f63, 0x1187, 0x4a8e, 0x4aa4, 0x5175, 0x5176, 0x4a9c, 0x0c6e, 0x5177, 0x5954,
    0x0887, 0x08fd, 0x4a97, 0x5178, 0x5955, 0x5179, 0x0781, 0x5956, 0x0be8, 0x4a9a, 0x0a74, 0x5957, 0x0e7a, 0x4a9f, 0x517a, 0x5958,
    0x1070, 0x517b, 0x4a96, 0x0780, 0x09b3, 0x0fcc, 0x4aa0, 0x4a94, 0x4a9d, 0x5959, 0x4aa7, 0x4a98, 0x517c, 0x4a99, 0x0ec2, 0x517d,
    0x4a9e, 0x517e, 0x4a9b, 0x1088, 0x4aa1, 0x06c9, 0x595a, 0x595b, 0x4a95, 0x595c, 0x595e, 0x4aa3, 0x4aa2, 0x0f52, 0x4aa9, 0x4ab4,
    0x0803, 0x4ab7, 0x4aa5, 0x595f, 0x4aaa, 0x118c, 0x4ab3, 0x5180, 0x1172, 0x5960, 0x11a6, 0x5961, 0x5962, 0x5963, 0x0de5, 0x5964,
    0x5965, 0x07f0, 0x5966, 0x5181, 0x1016, 0x4ab9, 0x0ea9, 0x5968, 0x069a, 0x4ab2, 0x4aae, 0x0d22, 0x4aa8, 0x4ab0, 0x4ab5, 0x5182,
    0x0f12, 0x5183, 0x0693, 0x5969, 0x4aad, 0x596a, 0x4ab6, 0x101c, 0x596b, 0x596c, 0x4ab1, 0x4aac, 0x5184, 0x0be9, 0x0b64, 0x0b03,
    0x596f, 0x1117, 0x0fea, 0x5185, 0x4abc, 0x4ac5, 0x5970, 0x4aaf, 0x5186, 0x07fc, 0x5187, 0x0c0c, 0x4aba, 0x5188, 0x4abf, 0x0d23,
    0x5971, 0x4abb, 0x5189, 0x4ac2, 0x518a, 0x0dcb, 0x4ac3, 0x1173, 0x4ab8, 0x07bc, 0x4abe, 0x5973, 0x5974, 0x4ac1, 0x10eb, 0x5975,
    0x4ac4, 0x4abd, 0x4ac0, 0x596e, 0x5977, 0x5978, 0x1089, 0x11fb, 0x5979, 0x597a, 0x597b, 0x4ac8, 0x597c, 0x4acf, 0x597d, 0x4ac7,
    0x0b1a, 0x4aa6, 0x597e, 0x1050, 0x10e1, 0x4ace, 0x4acd, 0x4ac9, 0x4aca, 0x06fd, 0x597f, 0x518d, 0x4acc, 0x4ac6, 0x518e, 0x5980,
    0x5981, 0x0e20, 0x5982, 0x4acb, 0x06e7, 0x518f, 0x518c, 0x5983, 0x0d30, 0x1045, 0x5988, 0x4ad0, 0x4ad4, 0x0f9e, 0x4ad3, 0x0bea,
    0x0b20, 0x4ad6, 0x08de, 0x5984, 0x5989, 0x598a, 0x4ad7, 0x101d, 0x4ad2, 0x5190, 0x4aab, 0x598b, 0x598c, 0x598d, 0x4ad1, 0x5191,
    0x1229, 0x0eaa, 0x1017, 0x4ade, 0x5985, 0x4ae4, 0x5194, 0x598f, 0x5990, 0x4ae5, 0x5991, 0x4ad8, 0x5992, 0x0f5d, 0x5993, 0x4ae2,
    0x4ada, 0x4adc, 0x5195, 0x5196, 0x4ae6, 0x4adb, 0x5994, 0x4adf, 0x073a, 0x0eed, 0x4ae0, 0x4ae3, 0x5995, 0x5996, 0x5197, 0x4ad9,
    0x0cd5, 0x4add, 0x0a9f, 0x0c37, 0x092e, 0x1133, 0x5193, 0x1138, 0x0ba8, 0x5198, 0x599a, 0x4aea, 0x4ae8, 0x599b, 0x1228, 0x599c,
    0x4ae7, 0x599d, 0x5199, 0x1193, 0x519a, 0x4ae9, 0x4aeb, 0x4aec, 0x599e, 0x599f, 0x4aef, 0x4aed, 0x59a0, 0x59a1, 0x0eab, 0x4aee,
    0x59a2, 0x0f92, 0x4ae1, 0x519b, 0x59a3, 0x0ba9, 0x4af0, 0x4af5, 0x0d24, 0x4af4, 0x519d, 0x59a4, 0x4ad5, 0x519e, 0x519f, 0x4af6,
    0x0cf8, 0x4af1, 0x4af3, 0x51a0, 0x59a5, 0x519c, 0x4af2, 0x1736, 0x1727, 0x51a2, 0x4af8, 0x59a6, 0x59a7, 0x4af7, 0x59a8, 0x59a9,
    0x51a3, 0x1194, 0x485a, 0x4af9, 0x51a4, 0x59ab, 0x59ac, 0x4afa, 0x59ae, 0x0673, 0x4afb, 0x09b4, 0x0895, 0x59b0, 0x4afd, 0x12f4,
    0x59b1, 0x51a5, 0x08b7, 0x51a6, 0x11b6, 0x0913, 0x4afe, 0x51a8, 0x4aff, 0x0ddb, 0x51aa, 0x59b2, 0x4b00, 0x51ab, 0x59b3, 0x0f02,
    0x59b4, 0x06a3, 0x59b5, 0x59b6, 0x0789, 0x4b05, 0x4b06, 0x59b7, 0x59b8, 0x4b01, 0x0ab5, 0x51ac, 0x59b9, 0x59ba, 0x4b02, 0x0f28,
    0x59bb, 0x4b03, 0x4b04, 0x4b0e, 0x4b08, 0x4b0b, 0x59bd, 0x59be, 0x4b07, 0x51ad, 0x59bf, 0x59c0, 0x4b09, 0x4b0a, 0x0b2f, 0x4b0c,
    0x0dad, 0x0954, 0x07c6, 0x59c1, 0x4b0f, 0x59c2, 0x59c3, 0x07c3, 0x4b15, 0x4b10, 0x4b14, 0x59c4, 0x0f7f, 0x59c5, 0x4b11, 0x4b12,
    0x0feb, 0x0f9f, 0x4b16, 0x0d8b, 0x4b20, 0x51ae, 0x4b1c, 0x51af, 0x51b0, 0x0791, 0x4b1a, 0x108a, 0x4b1b, 0x59c7, 0x4b18, 0x59c8,
    0x4b19, 0x4b1e, 0x4b21, 0x51b1, 0x4b1f, 0x59c9, 0x59ca, 0x4b1d, 0x4b17, 0x59cb, 0x0dc4, 0x59cc, 0x4b28, 0x10e9, 0x59cd, 0x59ce,
    0x59cf, 0x4b26, 0x4b27, 0x59d0, 0x4b22, 0x4b24, 0x59d1, 0x4b25, 0x59d2, 0x4b23, 0x59d3, 0x59d4, 0x0cb7, 0x1213, 0x4b2c, 0x4b2d,
    0x59d5, 0x4b33, 0x0c1c, 0x4b2f, 0x59d6, 0x4b32, 0x4b2a, 0x4b29, 0x4b34, 0x59d8, 0x59d9, 0x0782, 0x4b30, 0x4b35, 0x4b31, 0x51b2,
    0x59da, 0x4b2e, 0x0dfe, 0x4b2b, 0x59db, 0x0f4f, 0x4b39, 0x51b3, 0x51b4, 0x59df, 0x59e0, 0x1158, 0x59e1, 0x4b38, 0x59e2, 0x4b37,
    0x59de, 0x4b40, 0x51b5, 0x51b6, 0x4b3a, 0x4b42, 0x51b7, 0x1184, 0x4b45, 0x4b3c, 0x59e5, 0x4b3d, 0x59e7, 0x4b41, 0x4b44, 0x4b43,
    0x4b3b, 0x59e8, 0x4b3e, 0x4b4f, 0x51ba, 0x59ea, 0x4b48, 0x59ec, 0x59ed, 0x59ee, 0x59ef, 0x59f0, 0x51bb, 0x59f1, 0x4b46, 0x4b47,
    0x59e9, 0x4b4c, 0x4b4d, 0x07ae, 0x0883, 0x4b4b, 0x59f2, 0x59f3, 0x4b36, 0x51bc, 0x51bd, 0x59f4, 0x4b4a, 0x4b4e, 0x4b49, 0x51be,
    0x4b50, 0x59f5, 0x51bf, 0x4b52, 0x4b51, 0x51c0, 0x4b54, 0x4b53, 0x4b0d, 0x4b58, 0x59f6, 0x59f7, 0x4b55, 0x59f8, 0x4b56, 0x4b57,
    0x4b59, 0x59f9, 0x096b, 0x4b5b, 0x4b5a, 0x0b65, 0x59fb, 0x0a0f, 0x178b, 0x4b5c, 0x0b86, 0x07bd, 0x59fc, 0x4b5d, 0x0719, 0x0beb,
    0x4b5e, 0x59fd, 0x0a10, 0x4b5f, 0x06ca, 0x59fe, 0x0fe0, 0x5a01, 0x4b60, 0x5a03, 0x0c5d, 0x4b67, 0x4b64, 0x0ddc, 0x4b65, 0x4b62,
    0x08fe, 0x4b61, 0x4b68, 0x0934, 0x0d6c, 0x4b6e, 0x4b6a, 0x0d43, 0x4b69, 0x51c1, 0x4b6c, 0x4b63, 0x5a04, 0x4b6d, 0x4b6f, 0x51c2,
    0x0fb4, 0x4b6b, 0x4b70, 0x4b72, 0x09b0, 0x4b66, 0x06aa, 0x5a05, 0x5a06, 0x5a07, 0x4b71, 0x5a08, 0x0a75, 0x11f2, 0x4b73, 0x4b74,
    0x0d25, 0x51c3, 0x51c4, 0x119e, 0x5a0b, 0x5a09, 0x5a0c, 0x4b75, 0x1152, 0x4b76, 0x4b77, 0x5a0d, 0x1066, 0x4b78, 0x0a5a, 0x119f,
    0x4b7d, 0x5a0e, 0x5a0f, 0x4b7e, 0x0bec, 0x4b7c, 0x51c6, 0x1185, 0x4b79, 0x4b7b, 0x0c8e, 0x0c71, 0x5a11, 0x4b7a, 0x4b7f, 0x1025,
    0x4b81, 0x4b80, 0x07f1, 0x108b, 0x4b82, 0x51c9, 0x51ca, 0x51cb, 0x51c7, 0x4b8e, 0x4b84, 0x4b85, 0x51cc, 0x4b86, 0x4b87, 0x51cd,
    0x51ce, 0x4b8b, 0x5a13, 0x4b8c, 0x51cf, 0x4b8a, 0x51d0, 0x4b88, 0x5a15, 0x4b83, 0x4b89, 0x5a16, 0x5a17, 0x4b8d, 0x4d80, 0x074e,
    0x4b90, 0x08ff, 0x4b8f, 0x5a1a, 0x4b92, 0x4b91, 0x4b94, 0x4b93, 0x4b95, 0x0b66, 0x4b96, 0x4b97, 0x4b98, 0x0c8f, 0x5a1b, 0x1174,
    0x4b99, 0x1026, 0x0f2c, 0x4b9a, 0x5a1c, 0x4b9b, 0x0988, 0x086d, 0x5a1d, 0x4b9c, 0x51d1, 0x0ae4, 0x0f27, 0x4b9d, 0x07d4, 0x5a1e,
    0x4b9e, 0x4ba0, 0x1195, 0x4b9f, 0x0c38, 0x4ba1, 0x4ba2, 0x5a1f, 0x4ba3, 0x0834, 0x5a20, 0x4ba4, 0x4ba5, 0x4ba6, 0x4ba7, 0x07d5,
    0x51d3, 0x5a21, 0x5a22, 0x4ba8, 0x4ba9, 0x4baa, 0x0798, 0x51d4, 0x0c1a, 0x4bab, 0x5a23, 0x5a25, 0x5a26, 0x4bac, 0x51d5, 0x4bad,
    0x5a27, 0x5a28, 0x099d, 0x0e46, 0x4bae, 0x0955, 0x0c48, 0x4bb1, 0x0eac, 0x4bb0, 0x5a2a, 0x51d6, 0x092f, 0x5a2b, 0x51d7, 0x4baf,
    0x0d85, 0x086e, 0x4bb2, 0x4bb3, 0x0bed, 0x5a2d, 0x51d8, 0x096c, 0x4bb4, 0x108c, 0x0cb0, 0x08b8, 0x1134, 0x0cf9, 0x5a2e, 0x4bb5,
    0x51d9, 0x0c39, 0x0ddd, 0x0bee, 0x5a2f, 0x4bb6, 0x5a30, 0x4bb9, 0x51da, 0x4bba, 0x5a31, 0x51db, 0x0a58, 0x0d50, 0x4bb8, 0x0bef,
    0x0fe1, 0x5a32, 0x4bb7, 0x51dc, 0x0ae5, 0x071a, 0x51dd, 0x4bbe, 0x0956, 0x0ae7, 0x0ae6, 0x1227, 0x4bbd, 0x4bbc, 0x0cd6, 0x088e,
    0x121d, 0x07be, 0x0bf0, 0x51de, 0x51df, 0x4bbb, 0x4bc0, 0x4bc1, 0x4bbf, 0x09b5, 0x115d, 0x0ae8, 0x0f0d, 0x5a34, 0x4bc4, 0x0c91,
    0x0dae, 0x1153, 0x4bc7, 0x09c9, 0x0c90, 0x4bc3, 0x4bc8, 0x09ca, 0x4bc5, 0x4bc6, 0x51e0, 0x4bc2, 0x0cb3, 0x0ed1, 0x5a33, 0x0d9b,
    0x0783, 0x5a35, 0x0fb5, 0x0884, 0x5a36, 0x0dff, 0x4bcb, 0x4bc9, 0x0db8, 0x0c92, 0x0835, 0x4bca, 0x0c4d, 0x51e1, 0x11c6, 0x121a,
    0x5a37, 0x4bcc, 0x4bd8, 0x0e00, 0x4bd7, 0x51e2, 0x4bd4, 0x4bdc, 0x4bd5, 0x4bd1, 0x0e47, 0x4bcf, 0x4bcd, 0x113e, 0x0ae9, 0x4bd2,
    0x4bce, 0x51e3, 0x51e4, 0x4bd6, 0x0baa, 0x099e, 0x5a38, 0x0d88, 0x10a5, 0x0721, 0x06cb, 0x0ead, 0x5a3b, 0x4bda, 0x5a3a, 0x4bd9,
    0x5a3c, 0x0eee, 0x4bde, 0x4bd3, 0x4bdd, 0x4bdf, 0x0989, 0x4bdb, 0x0a11, 0x5a3d, 0x0b2c, 0x5a3e, 0x4be0, 0x1175, 0x4be3, 0x4be6,
    0x4be4, 0x0fd8, 0x5a3f, 0x4be1, 0x0900, 0x4be5, 0x4be7, 0x5a40, 0x51e8, 0x4beb, 0x4be8, 0x4bea, 0x4be9, 0x5a42, 0x51e9, 0x4bec,
    0x0b08, 0x51ea, 0x4bee, 0x4bed, 0x100c, 0x5a43, 0x4bf0, 0x0957, 0x51eb, 0x4bef, 0x4bf1, 0x4bf2, 0x0885, 0x49d9, 0x0c0d, 0x4bf3,
    0x5a44, 0x09cb, 0x4bf4, 0x5a45, 0x4bf5, 0x5a46, 0x0ab6, 0x1638, 0x5a47, 0x4bf6, 0x4bf7, 0x0b67, 0x4bf8, 0x4bf9, 0x5a48, 0x5a49,
    0x4bfa, 0x4bfb, 0x4bfc, 0x5a4a, 0x51ec, 0x5a4b, 0x0d97, 0x5a4c, 0x4bfd, 0x5a4e, 0x4bff, 0x4bfe, 0x5a51, 0x0eae, 0x5a52, 0x4c00,
    0x51ed, 0x108d, 0x4c01, 0x4c02, 0x5a53, 0x4c03, 0x5a54, 0x4c04, 0x5a55, 0x0ee2, 0x0bf1, 0x4c05, 0x51ee, 0x5a56, 0x0a27, 0x1267,
    0x4c06, 0x5a57, 0x5a58, 0x4c07, 0x0fe2, 0x4c08, 0x4c10, 0x4c09, 0x4c0b, 0x4c0a, 0x4c0c, 0x10a6, 0x4c0d, 0x4c0e, 0x5a5b, 0x5a5a,
    0x4c0f, 0x4c11, 0x5a5c, 0x5a5e, 0x07b1, 0x0e32, 0x100d, 0x0a7c, 0x0a12, 0x5a5f, 0x0ff2, 0x0785, 0x0f93, 0x4c14, 0x0836, 0x0ca6,
    0x4c13, 0x4c18, 0x0de6, 0x1122, 0x4c16, 0x4c17, 0x086f, 0x4c19, 0x0f4a, 0x0d6d, 0x0fb6, 0x0e66, 0x4c15, 0x10a7, 0x0792, 0x4c1b,
    0x1202, 0x0e0d, 0x121f, 0x0aea, 0x4c1a, 0x0d3f, 0x4c2b, 0x0cd7, 0x0f00, 0x0ff3, 0x5a61, 0x5a60, 0x5a62, 0x4c1e, 0x0ab7, 0x0aeb,
    0x0bf2, 0x0f4c, 0x51f0, 0x098a, 0x4c1d, 0x4c1c, 0x100e, 0x0b18, 0x0e7b, 0x5a64, 0x5a65, 0x51f1, 0x51f2, 0x4c20, 0x4c21, 0x0a13,
    0x4c1f, 0x51f3, 0x4c22, 0x4c23, 0x4c25, 0x0d31, 0x5a67, 0x4c24, 0x0849, 0x4c27, 0x5a68, 0x4c26, 0x4c28, 0x51f5, 0x4c2a, 0x4c2c,
    0x4c2d, 0x51f6, 0x0ca7, 0x0b26, 0x4c2e, 0x07d6, 0x5a69, 0x4c2f, 0x0d26, 0x4c30, 0x4c31, 0x100f, 0x0870, 0x4c32, 0x5a6a, 0x0e01,
    0x0722, 0x5a6b, 0x4c33, 0x0b48, 0x5a6c, 0x0c69, 0x51f7, 0x0d3b, 0x4c36, 0x4c35, 0x4c34, 0x5a6e, 0x5a6f, 0x4c3c, 0x4c3a, 0x51f8,
    0x4c37, 0x51f9, 0x4c39, 0x51fa, 0x5a70, 0x4c38, 0x4c3b, 0x08b9, 0x4c3f, 0x0ca8, 0x4c40, 0x09b6, 0x4c3d, 0x4c3e, 0x5a71, 0x1203,
    0x0e02, 0x0cd8, 0x4c41, 0x5a74, 0x4c44, 0x5a75, 0x4c42, 0x4c43, 0x1176, 0x5a72, 0x0eaf, 0x4c47, 0x5a77, 0x5a78, 0x4c45, 0x4c46,
    0x4c48, 0x51fb, 0x5a79, 0x5a7a, 0x51fc, 0x5a7b, 0x4c56, 0x4c4b, 0x4c4c, 0x4c4a, 0x5a7e, 0x5a7f, 0x51fd, 0x4c49, 0x0e48, 0x4c4e,
    0x4c52, 0x4c4f, 0x4c4d, 0x5a80, 0x4c50, 0x4c51, 0x5a81, 0x4c58, 0x4c53, 0x0ca9, 0x4c55, 0x5a82, 0x4c57, 0x4c54, 0x5a83, 0x5a84,
    0x5a85, 0x51fe, 0x4c5a, 0x0b68, 0x4c59, 0x51ff, 0x4c5b, 0x4c5c, 0x4c5f, 0x4c5e, 0x4c5d, 0x4c61, 0x4c60, 0x1135, 0x4c63, 0x4c62,
    0x4c64, 0x5a86, 0x4c65, 0x5a87, 0x4c67, 0x4c66, 0x0c3a, 0x4c68, 0x5a88, 0x090d, 0x4c69, 0x4c6b, 0x5a89, 0x5a8a, 0x5a8b, 0x5a8c,
    0x4c6c, 0x5201, 0x4c6d, 0x4c6a, 0x4c6e, 0x0b2d, 0x4c6f, 0x0871, 0x0931, 0x5a8e, 0x098b, 0x5a8f, 0x4c70, 0x0ef8, 0x0e67, 0x4c71,
    0x4c74, 0x0b0b, 0x5a91, 0x5203, 0x4c73, 0x4c72, 0x0958, 0x4c75, 0x5a93, 0x07d7, 0x4c77, 0x5a95, 0x0a76, 0x4c76, 0x4c7f, 0x4c79,
    0x4c7b, 0x1067, 0x4c78, 0x5a96, 0x4c7a, 0x4c7e, 0x4c7c, 0x0872, 0x5204, 0x4c7d, 0x4c80, 0x0f40, 0x11d4, 0x5a97, 0x5205, 0x0b69,
    0x4c81, 0x5206, 0x113f, 0x4c83, 0x4c82, 0x4c86, 0x115e, 0x5a98, 0x4c85, 0x07f2, 0x4c84, 0x4c89, 0x4c88, 0x5a99, 0x4c87, 0x0e5b,
    0x4c8a, 0x5207, 0x4c8b, 0x5a9a, 0x4c8c, 0x0a28, 0x0923, 0x4c8e, 0x4c8f, 0x4c90, 0x0c3b, 0x4c91, 0x0b04, 0x4c92, 0x4c93, 0x5a9c,
    0x5209, 0x1317, 0x1316, 0x4c94, 0x49aa, 0x4c95, 0x0d90, 0x0c1d, 0x0f26, 0x5a9d, 0x520a, 0x5a9f, 0x4c96, 0x1057, 0x0e1f, 0x0a3a,
    0x0d95, 0x5aa1, 0x06f1, 0x10d9, 0x0c49, 0x5aa2, 0x5aa4, 0x5aa5, 0x095c, 0x0901, 0x5aa6, 0x1058, 0x5aa7, 0x4c97, 0x5aa8, 0x4c99,
    0x520b, 0x4c98, 0x0786, 0x520c, 0x0efe, 0x4c9a, 0x0f5e, 0x0e5c, 0x520d, 0x4c9b, 0x0b87, 0x5aa9, 0x4c9d, 0x5aaa, 0x1101, 0x4cac,
    0x4c9f, 0x4ca0, 0x5aab, 0x0e14, 0x0d6e, 0x0d27, 0x5aac, 0x0eb0, 0x4c9e, 0x0896, 0x520e, 0x4ca7, 0x5aad, 0x4ca4, 0x4cb1, 0x0eb1,
    0x0dcd, 0x4ca1, 0x0e49, 0x0e7c, 0x4ca2, 0x4ca6, 0x0c53, 0x0f4e, 0x0e17, 0x0c93, 0x4ca5, 0x0d3c, 0x0d32, 0x4ca3, 0x0692, 0x11fc,
    0x4ca8, 0x520f, 0x0d6f, 0x0b6a, 0x0c3c, 0x4caa, 0x4ca9, 0x5aae, 0x06d8, 0x4cab, 0x0fd2, 0x4cb3, 0x0ee3, 0x0c5e, 0x5ab0, 0x5ab1,
    0x0dc5, 0x0918, 0x4cb2, 0x1154, 0x0706, 0x1059, 0x0787, 0x4cad, 0x4cae, 0x4caf, 0x4cb0, 0x0ec3, 0x0d8f, 0x06cc, 0x4cb4, 0x4cb5,
    0x4ee6, 0x0d4b, 0x5ab2, 0x4cb6, 0x073b, 0x0cfb, 0x098c, 0x1177, 0x4cb7, 0x0e55, 0x0d28, 0x0b2e, 0x4cb8, 0x4cbb, 0x0b9b, 0x4cb9,
    0x0cda, 0x0cd9, 0x06cd, 0x11c7, 0x4cbd, 0x0fb7, 0x4cbf, 0x4cbe, 0x4cbc, 0x48e1, 0x0837, 0x5ab5, 0x4c9c, 0x5211, 0x4cc1, 0x4cc0,
    0x5ab6, 0x4cc2, 0x5ab7, 0x1155, 0x5212, 0x5213, 0x5214, 0x5215, 0x5ab9, 0x5216, 0x0ee9, 0x108e, 0x4cc3, 0x0b30, 0x4cc4, 0x5abb,
    0x4cc5, 0x5217, 0x4cc6, 0x5abc, 0x0e4a, 0x5218, 0x06d3, 0x5abd, 0x5219, 0x521a, 0x521b, 0x5abe, 0x0a14, 0x1214, 0x521c, 0x4cca,
    0x5ac0, 0x521d, 0x521e, 0x5ac1, 0x0932, 0x4cc7, 0x4cc8, 0x1018, 0x5ac6, 0x07d8, 0x521f, 0x5ac4, 0x5220, 0x1156, 0x5ac3, 0x08df,
    0x0e7d, 0x5ac7, 0x5ac8, 0x5ac5, 0x4ccb, 0x5ac9, 0x5aca, 0x4ccc, 0x5222, 0x5223, 0x5224, 0x5acb, 0x4ccd, 0x5acc, 0x5acd, 0x5225,
    0x5226, 0x5227, 0x0e4b, 0x5228, 0x4ccf, 0x5229, 0x4cce, 0x522a, 0x5ace, 0x5acf, 0x5ad0, 0x522b, 0x5ad1, 0x5ad2, 0x522c, 0x0edb,
    0x4cd0, 0x0b6b, 0x0b37, 0x0f41, 0x0dde, 0x0b49, 0x0c5f, 0x4cd1, 0x5ad3, 0x4cd2, 0x5ad4, 0x522d, 0x5ad5, 0x0c4f, 0x4cd3, 0x5ad6,
    0x4cd4, 0x4cd5, 0x118d, 0x0b6c, 0x4cd7, 0x4cd6, 0x5ad7, 0x0a15, 0x0a2f, 0x0ab8, 0x5ad8, 0x4cda, 0x522e, 0x5ad9, 0x0b9c, 0x4cd9,
    0x4cd8, 0x0d77, 0x5ada, 0x09cc, 0x0c94, 0x0f75, 0x0b6e, 0x522f, 0x4cdb, 0x0bf3, 0x5adb, 0x4cde, 0x4cdc, 0x5230, 0x5adc, 0x4cdd,
    0x5231, 0x5add, 0x4ce0, 0x4cdf, 0x5ade, 0x0c0e, 0x4ce1, 0x5232, 0x4ce2, 0x4ce3, 0x5adf, 0x5ae0, 0x0f95, 0x0a6d, 0x0b38, 0x4ce4,
    0x4ce5, 0x11a0, 0x0b7a, 0x112d, 0x11c8, 0x4ce6, 0x0902, 0x4ce7, 0x5233, 0x0e4c, 0x5ae1, 0x4cea, 0x07fd, 0x0c3d, 0x4ce8, 0x4ce9,
    0x0e2b, 0x5235, 0x5236, 0x10b5, 0x091c, 0x5ae4, 0x5237, 0x5ae5, 0x5238, 0x4cec, 0x4ced, 0x5234, 0x4ceb, 0x4cef, 0x5ae6, 0x5239,
    0x5ae7, 0x0ee7, 0x07c7, 0x523a, 0x4cf3, 0x4cf0, 0x4cf2, 0x5ae8, 0x5ae9, 0x4cee, 0x4d39, 0x4cf1, 0x5aeb, 0x11e7, 0x09b7, 0x523b,
    0x523c, 0x523d, 0x523e, 0x4cfb, 0x523f, 0x5aec, 0x5240, 0x0e5d, 0x4cf6, 0x5aed, 0x4cf9, 0x4cf7, 0x5aee, 0x4cfc, 0x5aef, 0x5241,
    0x4cfd, 0x5af0, 0x5af1, 0x4cf5, 0x5af2, 0x4d02, 0x073c, 0x4cf4, 0x5af3, 0x5af4, 0x0f72, 0x4cf8, 0x5af5, 0x0bf4, 0x5af6, 0x5af7,
    0x0a16, 0x5242, 0x5afa, 0x5afb, 0x10a8, 0x5afc, 0x0904, 0x0b7b, 0x0ec4, 0x5243, 0x5afd, 0x5afe, 0x0cdc, 0x4d00, 0x4cfa, 0x4cff,
    0x5aff, 0x1102, 0x5b00, 0x0e03, 0x4d01, 0x4cfe, 0x5b01, 0x5b02, 0x5b03, 0x0cdb, 0x5b06, 0x4d05, 0x4d04, 0x5b07, 0x5b08, 0x5244,
    0x5b09, 0x5245, 0x5246, 0x5b0a, 0x4d03, 0x5b0b, 0x108f, 0x5247, 0x5b0c, 0x5b0d, 0x5248, 0x0bb1, 0x5b0e, 0x5b0f, 0x4d06, 0x1061,
    0x071b, 0x0fe9, 0x0ddf, 0x5b13, 0x08ba, 0x5b14, 0x4d08, 0x5b15, 0x0a18, 0x5249, 0x5b16, 0x524a, 0x0aa4, 0x5b17, 0x4d07, 0x0c60,
    0x5b10, 0x5b18, 0x0c61, 0x4d0b, 0x4d0d, 0x5b19, 0x5b1a, 0x524b, 0x0c0f, 0x524c, 0x4d0c, 0x4d0e, 0x524d, 0x08f3, 0x5b1b, 0x0fe8,
    0x5b1c, 0x0b39, 0x11fd, 0x4d0a, 0x0a92, 0x1219, 0x4d10, 0x4d0f, 0x4d11, 0x4d09, 0x5b1f, 0x524e, 0x524f, 0x5250, 0x0ef1, 0x0e7e,
    0x5b20, 0x0e22, 0x4d16, 0x5b21, 0x5b22, 0x0daf, 0x4d12, 0x4d13, 0x5251, 0x5252, 0x5253, 0x5b23, 0x092b, 0x4d15, 0x5254, 0x5b24,
    0x5b25, 0x098d, 0x4d14, 0x0bf5, 0x5b29, 0x5b2a, 0x07fe, 0x5b2b, 0x4d1a, 0x0a59, 0x0d29, 0x0e15, 0x5255, 0x5b2c, 0x5b26, 0x5256,
    0x07bf, 0x4d18, 0x4d19, 0x0e0e, 0x4d17, 0x4d1b, 0x5257, 0x5b31, 0x4d21, 0x5258, 0x5b32, 0x4d24, 0x4d23, 0x0e56, 0x4d1c, 0x4d1d,
    0x4d20, 0x5b33, 0x4d22, 0x5259, 0x525a, 0x08e0, 0x5b34, 0x4d25, 0x4d1f, 0x5b35, 0x4d1e, 0x5b30, 0x5b2d, 0x5b3a, 0x525c, 0x4d29,
    0x525b, 0x4d2a, 0x5b36, 0x5b37, 0x4d2b, 0x4d28, 0x4d27, 0x5b38, 0x5b39, 0x0bf6, 0x0eb2, 0x4d26, 0x4d2f, 0x4d2d, 0x5b3b, 0x525d,
    0x5b3c, 0x4d2e, 0x4d2c, 0x0d86, 0x4d30, 0x5b3d, 0x4d31, 0x4d33, 0x5b3e, 0x525e, 0x0838, 0x4d32, 0x1139, 0x4d3e, 0x4d34, 0x4d37,
    0x4d35, 0x4d36, 0x525f, 0x4d38, 0x5260, 0x5b41, 0x5b42, 0x4d3a, 0x5261, 0x5262, 0x4d3b, 0x4d3c, 0x4d3f, 0x4d3d, 0x4d40, 0x4d42,
    0x4d41, 0x0e04, 0x5b43, 0x5b44, 0x1126, 0x4d43, 0x0cdd, 0x5b45, 0x4d44, 0x1046, 0x4d45, 0x07af, 0x5b46, 0x5b47, 0x5263, 0x0703,
    0x083a, 0x0839, 0x4d46, 0x4d47, 0x4d48, 0x4d49, 0x5264, 0x4d4b, 0x083b, 0x07d9, 0x0a19, 0x0f7b, 0x5265, 0x4d4d, 0x4d4c, 0x5266,
    0x5b49, 0x5267, 0x4d4e, 0x0723, 0x5b4a, 0x5268, 0x4d51, 0x4d50, 0x4d4f, 0x5269, 0x4d52, 0x4d55, 0x06b0, 0x5b4c, 0x4d53, 0x526a,
    0x4d57, 0x4d56, 0x526b, 0x526c, 0x4d59, 0x4d58, 0x4d5a, 0x0eb6, 0x526e, 0x4d5b, 0x526f, 0x4d5c, 0x4d5e, 0x4d5d, 0x1010, 0x5ab8,
    0x4d5f, 0x4d60, 0x0a7f, 0x5b4f, 0x4d61, 0x4d62, 0x10a9, 0x5b50, 0x5b52, 0x0cfa, 0x5b54, 0x068d, 0x0d59, 0x5b55, 0x4d63, 0x1011,
    0x4d66, 0x4d64, 0x0a1a, 0x4d65, 0x099f, 0x5270, 0x1047, 0x4d68, 0x4d6a, 0x4d69, 0x4d6b, 0x5b56, 0x06e8, 0x0c4a, 0x0bb2, 0x083c,
    0x4d6c, 0x0f4d, 0x4d6e, 0x06e9, 0x4d6d, 0x0e0f, 0x11c9, 0x0eb3, 0x4d67, 0x11a2, 0x098e, 0x1178, 0x5b58, 0x5271, 0x0919, 0x11b0,
    0x0926, 0x0d70, 0x4a17, 0x4d6f, 0x07b0, 0x0c62, 0x07da, 0x4d71, 0x4d72, 0x4d70, 0x0963, 0x5b5a, 0x0a77, 0x0bf7, 0x5273, 0x06ea,
    0x11d5, 0x5274, 0x5276, 0x4d74, 0x4cba, 0x5b5d, 0x4d73, 0x5b5e, 0x4d77, 0x4d75, 0x4d76, 0x5b5f, 0x4d78, 0x4d79, 0x11e8, 0x4d7a,
    0x4d7b, 0x5b60, 0x0c9a, 0x0f80, 0x5b61, 0x0c70, 0x084a, 0x1157, 0x0793, 0x0b6d, 0x09b8, 0x4d7e, 0x4d7d, 0x0aec, 0x4d7f, 0x4d7c,
    0x0aa0, 0x5277, 0x4d83, 0x4b3f, 0x5b64, 0x134c, 0x5b65, 0x0c6a, 0x4d81, 0x5b66, 0x5278, 0x11a1, 0x0ef9, 0x06f2, 0x527a, 0x0cb4,
    0x0b0d, 0x527b, 0x1039, 0x0707, 0x11e9, 0x1189, 0x4d84, 0x0e6e, 0x0b52, 0x4d85, 0x4d86, 0x0c3e, 0x4d87, 0x11ea, 0x4d82, 0x4d89,
    0x4d8b, 0x4d8a, 0x4d88, 0x5b68, 0x4d8c, 0x4d8d, 0x0d2a, 0x0788, 0x5b69, 0x4d8e, 0x10f7, 0x4d8f, 0x4d90, 0x1204, 0x527c, 0x5b6b,
    0x1679, 0x4d91, 0x527d, 0x4d92, 0x4d93, 0x5b6c, 0x4d97, 0x4d94, 0x4d95, 0x5b6d, 0x4d96, 0x4d98, 0x527e, 0x527f, 0x5280, 0x0c95,
    0x5b6e, 0x1136, 0x5b6f, 0x0c96, 0x5281, 0x5b70, 0x4d99, 0x0fb8, 0x4d9a, 0x4eb7, 0x110b, 0x4d9b, 0x4d9c, 0x4d9d, 0x07db, 0x5b71,
    0x4d9f, 0x0c4b, 0x5282, 0x4da0, 0x5283, 0x0922, 0x4da1, 0x4da5, 0x4da3, 0x4da4, 0x07f8, 0x4da2, 0x4da6, 0x4da7, 0x06b1, 0x4da8,
    0x4da9, 0x5284, 0x5b74, 0x0bf8, 0x5b75, 0x4daa, 0x5b76, 0x0888, 0x5b77, 0x4dad, 0x4dac, 0x4dab, 0x4be2, 0x105e, 0x5285, 0x5b78,
    0x5b79, 0x4dae, 0x4daf, 0x5286, 0x5b7a, 0x5287, 0x4db0, 0x4db1, 0x4db2, 0x5288, 0x4db3, 0x5b7b, 0x5b7c, 0x083d, 0x5b7d, 0x5b7e,
    0x5b7f, 0x528a, 0x4db4, 0x5289, 0x5b80, 0x4db5, 0x0f09, 0x5b81, 0x4db7, 0x0761, 0x528b, 0x4dba, 0x4db9, 0x06eb, 0x08e1, 0x1049,
    0x0e05, 0x0a3c, 0x5b82, 0x0a1c, 0x0b9d, 0x0c4e, 0x528d, 0x4dbc, 0x5b83, 0x5b84, 0x4dbb, 0x115f, 0x084b, 0x0f97, 0x0ee4, 0x5b85,
    0x5b86, 0x0c6f, 0x11ca, 0x0959, 0x528e, 0x4dbf, 0x5b89, 0x4dbe, 0x5b8c, 0x528f, 0x10ab, 0x0eb4, 0x5290, 0x5b8a, 0x5b8b, 0x0717,
    0x4dc0, 0x4dbd, 0x0ff4, 0x1188, 0x4dc1, 0x4dc2, 0x5b8d, 0x4dc4, 0x0d78, 0x07df, 0x07e0, 0x4dc3, 0x5292, 0x5293, 0x084c, 0x098f,
    0x5294, 0x5295, 0x084d, 0x5296, 0x5297, 0x0e68, 0x11dc, 0x5299, 0x5b8e, 0x09b9, 0x4dc5, 0x529a, 0x4dc6, 0x4dc7, 0x4dc8, 0x4dca,
    0x4dc9, 0x101b, 0x4dcb, 0x5b8f, 0x5b90, 0x4dcc, 0x5b91, 0x4dcd, 0x4dce, 0x5b93, 0x5b94, 0x529b, 0x5b95, 0x5b96, 0x5b97, 0x5b98,
    0x4dd0, 0x4dcf, 0x4dd1, 0x5b99, 0x529c, 0x5b9a, 0x0fb9, 0x49e4, 0x0c1b, 0x5b9b, 0x5b9d, 0x0873, 0x5b9e, 0x5b9f, 0x529d, 0x4dd2,
    0x5ba0, 0x4dd3, 0x1322, 0x1740, 0x0f98, 0x5ba1, 0x5ba2, 0x06e4, 0x5ba3, 0x06a4, 0x0aed, 0x1090, 0x0c12, 0x4dd4, 0x111e, 0x5ba4,
    0x4dd5, 0x1179, 0x0709, 0x0ab9, 0x4dd6, 0x0794, 0x4dd7, 0x5ba7, 0x5ba8, 0x4dd8, 0x5baa, 0x5bab, 0x5bac, 0x4dda, 0x4ddb, 0x4ddd,
    0x4dd9, 0x4ddc, 0x083e, 0x4dde, 0x4ddf, 0x5bae, 0x5baf, 0x5bb0, 0x5bb1, 0x5bb2, 0x5bb3, 0x4de0, 0x4de1, 0x5bb4, 0x5bb5, 0x4de2,
    0x4de4, 0x5bb6, 0x4de3, 0x4de6, 0x4de9, 0x5bb7, 0x5bb8, 0x4de5, 0x4de7, 0x4de8, 0x4dea, 0x08e2, 0x529e, 0x5bb9, 0x5bba, 0x5bbb,
    0x0b4a, 0x4deb, 0x4dec, 0x0a1d, 0x529f, 0x5bbc, 0x4ded, 0x5bbd, 0x07c2, 0x0f35, 0x4dee, 0x4def, 0x0dc6, 0x0ef3, 0x5bbe, 0x4df0,
    0x5bbf, 0x5bc0, 0x0f64, 0x5bc1, 0x0d5a, 0x071f, 0x090e, 0x090f, 0x5bc2, 0x0de0, 0x4df5, 0x0910, 0x5bc3, 0x0795, 0x4df4, 0x5bc4,
    0x4df2, 0x4df3, 0x5bc5, 0x4df1, 0x4dff, 0x4df6, 0x4df7, 0x5bc7, 0x4df8, 0x4df9, 0x4dfb, 0x5bc8, 0x4dfa, 0x5bc9, 0x0b8e, 0x4dfc,
    0x52a0, 0x52a1, 0x4dfe, 0x5bca, 0x0874, 0x4dfd, 0x5bcb, 0x0d2b, 0x0990, 0x5bcc, 0x4e00, 0x5bcd, 0x5bce, 0x52a2, 0x0d5b, 0x4e01,
    0x52a3, 0x52a4, 0x0eb5, 0x5bcf, 0x5bd0, 0x4e02, 0x52a5, 0x4e08, 0x4e05, 0x4e04, 0x4e06, 0x5bd1, 0x4e03, 0x52a6, 0x5bd2, 0x4e0a,
    0x52a7, 0x52a8, 0x4e09, 0x4e0c, 0x5bd3, 0x08e3, 0x4e0b, 0x4e0d, 0x4e0e, 0x4e10, 0x4e0f, 0x4e11, 0x4e13, 0x4e12, 0x0a38, 0x4e14,
    0x5bd5, 0x4e15, 0x52a9, 0x5bd7, 0x07c0, 0x5bd9, 0x4e16, 0x4e17, 0x52aa, 0x52ab, 0x0c64, 0x5bdb, 0x52ac, 0x4e18, 0x5bdc, 0x4e19,
    0x5bdd, 0x4e1a, 0x4e1b, 0x5bde, 0x52ad, 0x0a1e, 0x5be0, 0x4e1c, 0x4e1d, 0x5be1, 0x4e1e, 0x4e1f, 0x5be2, 0x4e20, 0x5be3, 0x0f76,
    0x4e22, 0x0fc9, 0x4e23, 0x4e21, 0x4e25, 0x4e24, 0x4e26, 0x52ae, 0x4e27, 0x52af, 0x5be4, 0x4e28, 0x52b0, 0x5be5, 0x5be6, 0x5be7,
    0x5be8, 0x4e29, 0x4e2a, 0x5be9, 0x4e2b, 0x52b1, 0x4e2c, 0x4e2d, 0x4e2e, 0x4e2f, 0x4e30, 0x4e31, 0x4e32, 0x5bea, 0x52b3, 0x4e33,
    0x4e34, 0x173a, 0x4e35, 0x5beb, 0x4953, 0x0875, 0x5bec, 0x07a5, 0x0a4c, 0x4e37, 0x4e36, 0x10e4, 0x5bee, 0x4e39, 0x4e3a, 0x4e38,
    0x4e3b, 0x10c3, 0x4e3c, 0x08bd, 0x52b4, 0x5bef, 0x5bf0, 0x52b6, 0x5bf1, 0x5bf2, 0x11ff, 0x52b7, 0x5bf3, 0x4e3d, 0x52b8, 0x5bf4,
    0x5bf5, 0x52b5, 0x4e3f, 0x52b9, 0x52ba, 0x06a7, 0x52bb, 0x4e40, 0x102d, 0x4e3e, 0x4e41, 0x4e42, 0x52bc, 0x4e43, 0x4e44, 0x5bf6,
    0x52bd, 0x4e45, 0x10cf, 0x0aa5, 0x5bf7, 0x0a94, 0x0cde, 0x5bf8, 0x5bfb, 0x4e46, 0x5bfc, 0x4e49, 0x5bfd, 0x4e47, 0x52be, 0x4e4a,
    0x5bfe, 0x09ce, 0x4e48, 0x52bf, 0x4e4b, 0x4e4c, 0x4e4d, 0x4e51, 0x0aa2, 0x5c00, 0x0d72, 0x5c01, 0x4e52, 0x4e4f, 0x4e4e, 0x4e50,
    0x52c0, 0x5c02, 0x095d, 0x5c03, 0x5c04, 0x5c06, 0x5c05, 0x4e56, 0x4e55, 0x4e54, 0x5bff, 0x069c, 0x5c0a, 0x52c1, 0x5c08, 0x52c2,
    0x52c3, 0x4e60, 0x4e5c, 0x4e5d, 0x4e59, 0x4e5f, 0x4e5b, 0x07e7, 0x1226, 0x4e5e, 0x4e5a, 0x4e58, 0x4e57, 0x5c0c, 0x5c0d, 0x5c0f,
    0x5c10, 0x4e62, 0x5c11, 0x4e65, 0x5c12, 0x52c4, 0x4e64, 0x4e63, 0x5c13, 0x5c14, 0x5c15, 0x0fec, 0x4e61, 0x06dc, 0x4e66, 0x5c17,
    0x4e68, 0x5c18, 0x5c19, 0x07f4, 0x4e53, 0x06fe, 0x4e6a, 0x52c5, 0x5c1a, 0x4e69, 0x4e67, 0x0d99, 0x5c1d, 0x5c1e, 0x52c6, 0x52c7,
    0x10d1, 0x52c8, 0x5c20, 0x11d6, 0x5c21, 0x4e6b, 0x5c22, 0x5c1b, 0x5c23, 0x5c24, 0x4e6c, 0x52c9, 0x52ca, 0x4e6d, 0x5c25, 0x5c26,
    0x5c27, 0x5c28, 0x5c29, 0x5c2a, 0x5c2b, 0x5c2c, 0x4e6e, 0x52cb, 0x4e6f, 0x5c2d, 0x0e06, 0x5c2e, 0x4e70, 0x0f7c, 0x4e75, 0x4e71,
    0x4e72, 0x5c2f, 0x1091, 0x1103, 0x0ed8, 0x5c31, 0x4e76, 0x4e77, 0x0ec6, 0x4e74, 0x4e73, 0x5c30, 0x0750, 0x5c33, 0x4e7f, 0x4e7e,
    0x5c34, 0x5c35, 0x073d, 0x52cc, 0x52cd, 0x4e7c, 0x4e7b, 0x4e79, 0x0800, 0x4e78, 0x0b09, 0x074f, 0x5c39, 0x0a1f, 0x4e82, 0x4e81,
    0x4e80, 0x5c3b, 0x52ce, 0x4e7d, 0x4e83, 0x52cf, 0x4e84, 0x5c3c, 0x4e89, 0x4e88, 0x52d0, 0x4e8a, 0x06f4, 0x4e85, 0x4e86, 0x5c3d,
    0x0a30, 0x10f8, 0x5c3e, 0x52d1, 0x4e87, 0x5c40, 0x5c41, 0x1092, 0x4e8f, 0x52d2, 0x4e8b, 0x5c43, 0x5c44, 0x5c45, 0x4e90, 0x52d3,
    0x5c46, 0x5c47, 0x4e8d, 0x4e8c, 0x52d4, 0x5c48, 0x095a, 0x52d5, 0x5c49, 0x4e91, 0x5c4a, 0x4e92, 0x4e93, 0x4e8e, 0x52d7, 0x4e7a,
    0x4e94, 0x0e2c, 0x5c4c, 0x4e98, 0x5c4d, 0x4e99, 0x4e97, 0x52d8, 0x5c4e, 0x5c4b, 0x52d6, 0x4e96, 0x4e9c, 0x5c4f, 0x4e95, 0x4e9a,
    0x5c50, 0x5c51, 0x4e9b, 0x4e9e, 0x5c52, 0x52d9, 0x4e9d, 0x5c53, 0x5c54, 0x5c55, 0x5c56, 0x4ea0, 0x52db, 0x4ea1, 0x4ea2, 0x1223,
    0x5c57, 0x4e9f, 0x0d79, 0x0a87, 0x4ea3, 0x5c5a, 0x52dc, 0x5c59, 0x5c5b, 0x52dd, 0x5c5c, 0x4ea4, 0x4ea5, 0x5c5d, 0x5c5e, 0x4ea6,
    0x4ea7, 0x0991, 0x4ea8, 0x5c5f, 0x52de, 0x4ea9, 0x0b06, 0x5c61, 0x4eaa, 0x5c62, 0x4eab, 0x4eac, 0x4ead, 0x4eb0, 0x4eae, 0x1216,
    0x4eaf, 0x11eb, 0x5c63, 0x4eb1, 0x52df, 0x11d7, 0x52e0, 0x4eb2, 0x0f65, 0x5c64, 0x4eb3, 0x4eb5, 0x52e1, 0x4eb6, 0x52e2, 0x52e3,
    0x52e4, 0x4eb4, 0x0a29, 0x110c, 0x10c4, 0x14e7, 0x5c66, 0x1766, 0x10dc, 0x52e5, 0x0751, 0x4eb8, 0x0891, 0x4eb9, 0x4eba, 0x4ebb,
    0x52e6, 0x0a31, 0x4ebc, 0x47b5, 0x111a, 0x0d71, 0x4ebd, 0x4ebf, 0x4ebe, 0x5c68, 0x4ec0, 0x4ec1, 0x5c69, 0x4ec2, 0x5c6a, 0x4ec3,
    0x4ec5, 0x4ec6, 0x4ec7, 0x4ec8, 0x4ec9, 0x4eca, 0x4ecb, 0x5c6b, 0x5c6c, 0x5c6e, 0x4ecc, 0x4ecd, 0x0e4d, 0x52e7, 0x09ba, 0x4ecf,
    0x5c6f, 0x5c70, 0x0cfc, 0x4ed0, 0x4ed1, 0x5c71, 0x5c72, 0x52e8, 0x5c73, 0x0fc4, 0x5c74, 0x4ed2, 0x5c75, 0x5c76, 0x5c77, 0x4ed3,
    0x48b3, 0x4c29, 0x4db6, 0x4ed4, 0x5c78, 0x4ed5, 0x5c79, 0x52e9, 0x5c7a, 0x5c7c, 0x4ed7, 0x4ed8, 0x4ed9, 0x11ec, 0x4ed6, 0x4eda,
    0x4edb, 0x5c7e, 0x4edd, 0x4edc, 0x5c80, 0x5c81, 0x4edf, 0x5c82, 0x4ee0, 0x4ede, 0x11b2, 0x52ea, 0x52eb, 0x4ee1, 0x52ec, 0x4ee2,
    0x48d0, 0x4ee3, 0x52ed, 0x4fbb, 0x4ef1, 0x4f6f, 0x51a7, 0x4fc9, 0x5298, 0x5272, 0x0655, 0x0661, 0x124d, 0x55e1, 0x4f9c, 0x5038,
    0x504e, 0x50d7, 0x50d8, 0x50dc, 0x5192, 0x59af, 0x59bc, 0x51e5, 0x5aa3, 0x5221, 0x05e4, 0x05f5, 0x05fc, 0x060f, 0x0614, 0x061a,
    0x0636, 0x0639, 0x0640, 0x0664, 0x0668, 0x123c, 0x123d, 0x4f13, 0x4f1f, 0x4f21, 0x4f24, 0x4f49, 0x4f4c, 0x4f64, 0x4f87, 0x4fe9,
    0x4ff7, 0x5003, 0x5033, 0x570b, 0x5062, 0x50c2, 0x50ce, 0x50cf, 0x50d2, 0x50d3, 0x50d4, 0x50d6, 0x50da, 0x50db, 0x50e8, 0x50ec,
    0x5100, 0x5128, 0x58ac, 0x512d, 0x5134, 0x513e, 0x5152, 0x592f, 0x5930, 0x517f, 0x51c8, 0x51d2, 0x51e6, 0x51e7, 0x51ef, 0x51f4,
    0x5a9e, 0x5210, 0x5279, 0x528c, 0x5291, 0x01da, 0x01d9, 0x0109, 0x016e, 0x0154, 0x0150, 0x0153, 0x0155, 0x016d, 0x0129, 0x012a,
    0x0156, 0x013b, 0x0103, 0x016f, 0x0104, 0x011e, 0x01cc, 0x01cd, 0x01ce, 0x01cf, 0x01d0, 0x01d1, 0x01d2, 0x01d3, 0x01d4, 0x01d5,
    0x0106, 0x0107, 0x0143, 0x0141, 0x0144, 0x0108, 0x0157, 0x01dd, 0x01de, 0x01df, 0x01e0, 0x01e1, 0x01e2, 0x01e3, 0x01e4, 0x01e5,
    0x01e6, 0x01e7, 0x01e8, 0x01e9, 0x01ea, 0x01eb, 0x01ec, 0x01ed, 0x01ee, 0x01ef, 0x01f0, 0x01f1, 0x01f2, 0x01f3, 0x01f4, 0x01f5,
    0x01f6, 0x012d, 0x011f, 0x012e, 0x010f, 0x0111, 0x010d, 0x01fe, 0x01ff, 0x0200, 0x0201, 0x0202, 0x0203, 0x0204, 0x0205, 0x0206,
    0x0207, 0x0208, 0x0209, 0x020a, 0x020b, 0x020c, 0x020d, 0x020e, 0x020f, 0x0210, 0x0211, 0x0212, 0x0213, 0x0214, 0x0215, 0x0216,
    0x0217, 0x012f, 0x0122, 0x0130, 0x0170, 0x0194, 0x0195, 0x00a1, 0x00a2, 0x00a3, 0x00a4, 0x00a5, 0x00a6, 0x00a7, 0x00a8, 0x00a9,
    0x00aa, 0x00ab, 0x00ac, 0x00ad, 0x00ae, 0x00af, 0x00b0, 0x00b1, 0x00b2, 0x00b3, 0x00b4, 0x00b5, 0x00b6, 0x00b7, 0x00b8, 0x00b9,
    0x00ba, 0x00bb, 0x00bc, 0x00bd, 0x00be, 0x00bf, 0x00c0, 0x00c1, 0x00c2, 0x00c3, 0x00c4, 0x00c5, 0x00c6, 0x00c7, 0x00c8, 0x00c9,
    0x00ca, 0x00cb, 0x00cc, 0x00cd, 0x00ce, 0x00cf, 0x00d0, 0x00d1, 0x00d2, 0x00d3, 0x00d4, 0x00d5, 0x00d6, 0x00d7, 0x00d8, 0x00d9,
    0x00da, 0x00db, 0x00dc, 0x00dd, 0x00de, 0x00df, 0x0110, 0x014f,
];
pub static EXTRA: [(u32, u32, u8); 305] = [
    (0x5c, 0x5c, 1), (0x7e, 0x7e, 1), (0x2000b, 0x87a0, 2), (0x20089, 0xf040, 2),
    (0x200a2, 0xf04a, 2), (0x200a4, 0xf04d, 2), (0x201a2, 0xf055, 2), (0x20213, 0xf065, 2),
    (0x2032b, 0xf090, 2), (0x20371, 0xf099, 2), (0x20381, 0xf097, 2), (0x203f9, 0xf141, 2),
    (0x2044a, 0xf144, 2), (0x20509, 0xf146, 2), (0x205d6, 0xf150, 2), (0x20628, 0xf151, 2),
    (0x2074f, 0xf157, 2), (0x20807, 0xf15e, 2), (0x2083a, 0xf160, 2), (0x208b9, 0xf169, 2),
    (0x2097c, 0xf171, 2), (0x2099d, 0xf172, 2), (0x20ad3, 0xf178, 2), (0x20b1d, 0xf17b, 2),
    (0x20b9f, 0x9873, 2), (0x20d45, 0xf197, 2), (0x20de1, 0xf1a8, 2), (0x20e64, 0xf1b8, 2),
    (0x20e6d, 0xf1b0, 2), (0x20e95, 0xf1af, 2), (0x20f5f, 0xf1bb, 2), (0x21201, 0xf1d7, 2),
    (0x2123d, 0x8861, 2), (0x21255, 0xf1da, 2), (0x21274, 0xf1e1, 2), (0x2127b, 0xf1dc, 2),
    (0x212d7, 0xf1e9, 2), (0x212e4, 0xf1e8, 2), (0x212fd, 0xf1f0, 2), (0x2131b, 0x886b, 2),
    (0x21336, 0xf1f2, 2), (0x21344, 0xf1f3, 2), (0x213c4, 0xf244, 2), (0x2146d, 0xf251, 2),
    (0x2146e, 0x8880, 2), (0x215d7, 0xf25d, 2), (0x21647, 0xf266, 2), (0x216b4, 0x9883, 2),
    (0x21706, 0xf274, 2), (0x21742, 0xf275, 2), (0x218bd, 0x889b, 2), (0x219c3, 0xf29e, 2),
    (0x21c56, 0xf0ae, 2), (0x21d2d, 0xf0b5, 2), (0x21d45, 0xf0b6, 2), (0x21d62, 0xf0b9, 2),
    (0x21d78, 0xf0b8, 2), (0x21d92, 0xf0c3, 2), (0x21d9c, 0xf0be, 2), (0x21da1, 0xf0bd, 2),
    (0x21db7, 0xf0c6, 2), (0x21de0, 0xf0c8, 2), (0x21e33, 0xf0c9, 2), (0x21e34, 0x988e, 2),
    (0x21f1e, 0xf0d9, 2), (0x21f76, 0xf0e4, 2), (0x21ffa, 0xf0ea, 2), (0x2217b, 0xf2a0, 2),
    (0x22218, 0xfcd1, 2), (0x2231e, 0xf2a9, 2), (0x223ad, 0xf2ae, 2), (0x226f3, 0xf2ce, 2),
    (0x2285b, 0xf2e3, 2), (0x228ab, 0xf2eb, 2), (0x2298f, 0xf2f0, 2), (0x22ab8, 0xf343, 2),
    (0x22b46, 0xf351, 2), (0x22b4f, 0xf348, 2), (0x22b50, 0xf349, 2), (0x22ba6, 0xf354, 2),
    (0x22c1d, 0xf353, 2), (0x22c24, 0xf358, 2), (0x22de1, 0xf375, 2), (0x231b6, 0xf3a2, 2),
    (0x231c3, 0xf39d, 2), (0x231c4, 0xeb59, 2), (0x231f5, 0xf3a1, 2), (0x23372, 0xf3b8, 2),
    (0x233d0, 0xf3c0, 2), (0x233d2, 0xf3bb, 2), (0x233d3, 0xf3ba, 2), (0x233d5, 0xf3c2, 2),
    (0x233da, 0xf3c5, 2), (0x233df, 0xf3c7, 2), (0x233e4, 0xf3c1, 2), (0x2344a, 0xf3d3, 2),
    (0x2344b, 0xf3d5, 2), (0x23451, 0xf3d4, 2), (0x23465, 0xf3d9, 2), (0x234e4, 0xf3f5, 2),
    (0x2355a, 0xf3f6, 2), (0x23594, 0xf449, 2), (0x235c4, 0xeb92, 2), (0x23638, 0xf461, 2),
    (0x23639, 0xf45e, 2), (0x2363a, 0xf462, 2), (0x23647, 0xf45f, 2), (0x2370c, 0xf478, 2),
    (0x2371c, 0xf46d, 2), (0x2373f, 0xeba7, 2), (0x23763, 0xebb0, 2), (0x23764, 0xf481, 2),
    (0x237e7, 0xf48a, 2), (0x237ff, 0xf489, 2), (0x23824, 0xf490, 2), (0x2383d, 0xf495, 2),
    (0x23a98, 0xf4a1, 2), (0x23c7f, 0xf4b2, 2), (0x23cfe, 0xebde, 2), (0x23d00, 0xf4c7, 2),
    (0x23d0e, 0xf7f3, 2), (0x23d40, 0xf4da, 2), (0x23dd3, 0xf4de, 2), (0x23df9, 0xf4dd, 2),
    (0x23dfa, 0xf4dc, 2), (0x23f7e, 0xf551, 2), (0x24096, 0xf566, 2), (0x24103, 0xf56c, 2),
    (0x241c6, 0xf581, 2), (0x241fe, 0xf584, 2), (0x243bc, 0xf5a0, 2), (0x24629, 0xf5b1, 2),
    (0x246a5, 0xf5b7, 2), (0x247f1, 0xec8c, 2), (0x24896, 0xf5d1, 2), (0x24a4d, 0xf5f9, 2),
    (0x24b56, 0xf64d, 2), (0x24b6f, 0xf64f, 2), (0x24c16, 0xf654, 2), (0x24d14, 0xf663, 2),
    (0x24e0e, 0xf67c, 2), (0x24e37, 0xf681, 2), (0x24e6a, 0xf686, 2), (0x24e8b, 0xf689, 2),
    (0x2504a, 0xf695, 2), (0x25055, 0xf697, 2), (0x25122, 0xf69a, 2), (0x251a9, 0xf69f, 2),
    (0x251cd, 0xf6a2, 2), (0x251e5, 0xf6a1, 2), (0x2521e, 0xf6a6, 2), (0x2524c, 0xf6aa, 2),
    (0x2542e, 0xf6bb, 2), (0x2548e, 0xecfc, 2), (0x254d9, 0xf6c6, 2), (0x2550e, 0xed48, 2),
    (0x255a7, 0xf6d9, 2), (0x25771, 0xed66, 2), (0x257a9, 0xf6f3, 2), (0x257b4, 0xf6f4, 2),
    (0x259c4, 0xed73, 2), (0x259d4, 0xf751, 2), (0x25ae3, 0xf75d, 2), (0x25ae4, 0xf75c, 2),
    (0x25af1, 0xf75f, 2), (0x25bb2, 0xf771, 2), (0x25c4b, 0xf77c, 2), (0x25c64, 0xf77d, 2),
    (0x25da1, 0xed8e, 2), (0x25e2e, 0xf793, 2), (0x25e56, 0xf794, 2), (0x25e62, 0xf797, 2),
    (0x25e65, 0xf795, 2), (0x25ec2, 0xf79d, 2), (0x25ed8, 0xf79b, 2), (0x25ee8, 0xf7a0, 2),
    (0x25f23, 0xf7a2, 2), (0x25f5c, 0xf7a5, 2), (0x25fd4, 0xf7ad, 2), (0x25fe0, 0xf7ac, 2),
    (0x25ffb, 0xf7b3, 2), (0x2600c, 0xf7b2, 2), (0x26017, 0xf7bb, 2), (0x26060, 0xf7c0, 2),
    (0x260ed, 0xf7cd, 2), (0x26270, 0xf7e7, 2), (0x26286, 0xf7e9, 2), (0x2634c, 0xf7f0, 2),
    (0x26402, 0xf7f7, 2), (0x2667e, 0xf854, 2), (0x266b0, 0xf859, 2), (0x2671d, 0xf865, 2),
    (0x268dd, 0xf875, 2), (0x268ea, 0xf877, 2), (0x26951, 0xf879, 2), (0x2696f, 0xf87c, 2),
    (0x269dd, 0xf87e, 2), (0x26a1e, 0xf883, 2), (0x26a58, 0xf88a, 2), (0x26a8c, 0xf890, 2),
    (0x26ab7, 0xf893, 2), (0x26aff, 0xeddb, 2), (0x26c29, 0xf263, 2), (0x26c73, 0xf8c2, 2),
    (0x26cdd, 0xf8cc, 2), (0x26e40, 0xee52, 2), (0x26e65, 0xf8db, 2), (0x26f94, 0xf8f3, 2),
    (0x26ff6, 0xf940, 2), (0x26ff7, 0xf941, 2), (0x26ff8, 0xf8fc, 2), (0x270f4, 0xee68, 2),
    (0x2710d, 0xf952, 2), (0x27139, 0xf955, 2), (0x273da, 0xf985, 2), (0x273db, 0xf984, 2),
    (0x273fe, 0xf98b, 2), (0x27410, 0xf98e, 2), (0x27449, 0xf993, 2), (0x27614, 0xf9a8, 2),
    (0x27615, 0xf9a7, 2), (0x27631, 0xf9aa, 2), (0x27684, 0xee8c, 2), (0x27693, 0xf9b2, 2),
    (0x2770e, 0xf9ba, 2), (0x27723, 0xf9bc, 2), (0x27752, 0xf9c0, 2), (0x27985, 0xf9d4, 2),
    (0x27a84, 0xf9e1, 2), (0x27bb3, 0xf9f5, 2), (0x27bbe, 0xf9f7, 2), (0x27bc7, 0xf9f8, 2),
    (0x27cb8, 0xfa44, 2), (0x27da0, 0xfa4e, 2), (0x27e10, 0xfa51, 2), (0x27fb7, 0xfa58, 2),
    (0x2808a, 0xfa61, 2), (0x280bb, 0xfa67, 2), (0x28277, 0xeec7, 2), (0x28282, 0xfa78, 2),
    (0x282f3, 0xfa7d, 2), (0x283cd, 0xeecf, 2), (0x2840c, 0xfa86, 2), (0x28455, 0xfa8b, 2),
    (0x2856b, 0xfa9a, 2), (0x285c8, 0xfa9e, 2), (0x285c9, 0xfa9f, 2), (0x286d7, 0xfaaa, 2),
    (0x286fa, 0xfaad, 2), (0x28946, 0xface, 2), (0x28949, 0xfacd, 2), (0x2896b, 0xfad5, 2),
    (0x28987, 0xfae3, 2), (0x28988, 0xfae4, 2), (0x289ba, 0xfaef, 2), (0x289bb, 0xfaf0, 2),
    (0x28a1e, 0xfafc, 2), (0x28a29, 0xfb40, 2), (0x28a43, 0xfb4c, 2), (0x28a71, 0xfb4b, 2),
    (0x28a99, 0xfb55, 2), (0x28acd, 0xfb56, 2), (0x28add, 0xfb5d, 2), (0x28ae4, 0xfb5c, 2),
    (0x28bc1, 0xfb6d, 2), (0x28bef, 0xfb6e, 2), (0x28d10, 0xfb76, 2), (0x28d71, 0xfb79, 2),
    (0x28dfb, 0xfb7b, 2), (0x28e1f, 0xfb7c, 2), (0x28e36, 0xfb81, 2), (0x28e89, 0xfb85, 2),
    (0x28eeb, 0xfb87, 2), (0x28f32, 0xfb89, 2), (0x28ff8, 0xfb91, 2), (0x292a0, 0xfba0, 2),
    (0x292b1, 0xfba1, 2), (0x29490, 0xfbb6, 2), (0x295cf, 0xfbc0, 2), (0x2967f, 0xfbca, 2),
    (0x296f0, 0xfbd4, 2), (0x29719, 0xfbd7, 2), (0x29750, 0xfbdb, 2), (0x298c6, 0xfbf4, 2),
    (0x29a72, 0xfc4b, 2), (0x29ddb, 0xfc6a, 2), (0x29e15, 0xfc78, 2), (0x29e3d, 0xfc6b, 2),
    (0x29e49, 0xfc7c, 2), (0x29e8a, 0xfc7a, 2), (0x29ec4, 0xfc87, 2), (0x29edb, 0xfc90, 2),
    (0x29ee9, 0xfc8d, 2), (0x29fce, 0xfca3, 2), (0x2a01a, 0xfca9, 2), (0x2a02f, 0xfca7, 2),
    (0x2a082, 0xfcb3, 2), (0x2a0f9, 0xfcb0, 2), (0x2a190, 0xefe4, 2), (0x2a38c, 0xfcd6, 2),
    (0x2a437, 0xfcd8, 2), (0x2a5f1, 0xfcec, 2), (0x2a602, 0xfcee, 2), (0x2a61a, 0xfcf0, 2),
    (0x2a6b2, 0xfcf4, 2),
];
pub static COMBOS: [(u32, u32, u32); 25] = [
    (0x82f5, 0x304b, 0x309a), (0x82f6, 0x304d, 0x309a), (0x82f7, 0x304f, 0x309a), (0x82f8, 0x3051, 0x309a),
    (0x82f9, 0x3053, 0x309a), (0x8397, 0x30ab, 0x309a), (0x8398, 0x30ad, 0x309a), (0x8399, 0x30af, 0x309a),
    (0x839a, 0x30b1, 0x309a), (0x839b, 0x30b3, 0x309a), (0x839c, 0x30bb, 0x309a), (0x839d, 0x30c4, 0x309a),
    (0x839e, 0x30c8, 0x309a), (0x83f6, 0x31f7, 0x309a), (0x8663, 0xe6, 0x300), (0x8667, 0x254, 0x300),
    (0x8668, 0x254, 0x301), (0x8669, 0x28c, 0x300), (0x866a, 0x28c, 0x301), (0x866b, 0x259, 0x300),
    (0x866c, 0x259, 0x301), (0x866d, 0x25a, 0x300), (0x866e, 0x25a, 0x301), (0x8685, 0x2e9, 0x2e5),
    (0x8686, 0x2e5, 0x2e9),
];
pub static BUFFERED: [u32; 21] = [
    0xe6, 0x254, 0x259, 0x25a, 0x28c, 0x2e5, 0x2e9, 0x304b, 0x304d, 0x304f, 0x3051, 0x3053,
    0x30ab, 0x30ad, 0x30af, 0x30b1, 0x30b3, 0x30bb, 0x30c4, 0x30c8, 0x31f7,
];
pub static RDEC: [(u32, u32, u32); 0] = [
];
pub static RENC: [(u32, u32, u32); 0] = [
];

pub static MB: Mb = Mb {
    sets: &[
        Set { prefix: &[], lead_lo: 0x0, lead_hi: 0xff, trail_lo: 0x0, trail_hi: 0x0, nbytes: 1, base: 0, data: &D0 },
        Set { prefix: &[], lead_lo: 0x81, lead_hi: 0xfc, trail_lo: 0x40, trail_hi: 0xfc, nbytes: 2, base: 256, data: &D1 },
    ],
    wide: &WIDE,
    enc_cp: &ENC_CP,
    enc_pos: &ENC_POS,
    extra: &EXTRA,
    runs_dec: &RDEC,
    runs_enc: &RENC,
};
